"","Date","Daily.AQI.Value","Local.Site.Name","AQS.Parameter.Description","County","Site.Latitude","Site.Longitude"
"1",2024-01-01,14,"Linville Falls","PM2.5","Avery",35.972347,-81.933072
"2",2024-01-04,13,"Linville Falls","PM2.5","Avery",35.972347,-81.933072
"3",2024-01-07,5,"Linville Falls","PM2.5","Avery",35.972347,-81.933072
"4",2024-01-10,6,"Linville Falls","PM2.5","Avery",35.972347,-81.933072
"5",2024-01-13,11,"Linville Falls","PM2.5","Avery",35.972347,-81.933072
"6",2024-01-16,17,"Linville Falls","PM2.5","Avery",35.972347,-81.933072
"7",2024-01-19,23,"Linville Falls","PM2.5","Avery",35.972347,-81.933072
"8",2024-01-22,16,"Linville Falls","PM2.5","Avery",35.972347,-81.933072
"9",2024-01-25,5,"Linville Falls","PM2.5","Avery",35.972347,-81.933072
"10",2024-01-28,2,"Linville Falls","PM2.5","Avery",35.972347,-81.933072
"11",2024-01-31,12,"Linville Falls","PM2.5","Avery",35.972347,-81.933072
"12",2024-02-03,26,"Linville Falls","PM2.5","Avery",35.972347,-81.933072
"13",2024-02-06,22,"Linville Falls","PM2.5","Avery",35.972347,-81.933072
"14",2024-02-09,50,"Linville Falls","PM2.5","Avery",35.972347,-81.933072
"15",2024-02-12,4,"Linville Falls","PM2.5","Avery",35.972347,-81.933072
"16",2024-02-15,23,"Linville Falls","PM2.5","Avery",35.972347,-81.933072
"17",2024-02-18,9,"Linville Falls","PM2.5","Avery",35.972347,-81.933072
"18",2024-02-21,52,"Linville Falls","PM2.5","Avery",35.972347,-81.933072
"19",2024-02-24,11,"Linville Falls","PM2.5","Avery",35.972347,-81.933072
"20",2024-02-27,58,"Linville Falls","PM2.5","Avery",35.972347,-81.933072
"21",2024-03-01,21,"Linville Falls","PM2.5","Avery",35.972347,-81.933072
"22",2024-03-04,58,"Linville Falls","PM2.5","Avery",35.972347,-81.933072
"23",2024-03-07,10,"Linville Falls","PM2.5","Avery",35.972347,-81.933072
"24",2024-03-10,7,"Linville Falls","PM2.5","Avery",35.972347,-81.933072
"25",2024-03-13,55,"Linville Falls","PM2.5","Avery",35.972347,-81.933072
"26",2024-03-16,11,"Linville Falls","PM2.5","Avery",35.972347,-81.933072
"27",2024-03-19,18,"Linville Falls","PM2.5","Avery",35.972347,-81.933072
"28",2024-03-22,65,"Linville Falls","PM2.5","Avery",35.972347,-81.933072
"29",2024-03-25,18,"Linville Falls","PM2.5","Avery",35.972347,-81.933072
"30",2024-03-28,14,"Linville Falls","PM2.5","Avery",35.972347,-81.933072
"31",2024-03-31,30,"Linville Falls","PM2.5","Avery",35.972347,-81.933072
"32",2024-04-03,13,"Linville Falls","PM2.5","Avery",35.972347,-81.933072
"33",2024-04-06,7,"Linville Falls","PM2.5","Avery",35.972347,-81.933072
"34",2024-04-09,41,"Linville Falls","PM2.5","Avery",35.972347,-81.933072
"35",2024-04-12,12,"Linville Falls","PM2.5","Avery",35.972347,-81.933072
"36",2024-04-15,32,"Linville Falls","PM2.5","Avery",35.972347,-81.933072
"37",2024-04-18,27,"Linville Falls","PM2.5","Avery",35.972347,-81.933072
"38",2024-04-21,17,"Linville Falls","PM2.5","Avery",35.972347,-81.933072
"39",2024-04-24,27,"Linville Falls","PM2.5","Avery",35.972347,-81.933072
"40",2024-04-27,41,"Linville Falls","PM2.5","Avery",35.972347,-81.933072
"41",2024-04-30,26,"Linville Falls","PM2.5","Avery",35.972347,-81.933072
"42",2024-05-03,41,"Linville Falls","PM2.5","Avery",35.972347,-81.933072
"43",2024-05-06,22,"Linville Falls","PM2.5","Avery",35.972347,-81.933072
"44",2024-05-15,13,"Linville Falls","PM2.5","Avery",35.972347,-81.933072
"45",2024-05-18,18,"Linville Falls","PM2.5","Avery",35.972347,-81.933072
"46",2024-05-21,34,"Linville Falls","PM2.5","Avery",35.972347,-81.933072
"47",2024-05-24,24,"Linville Falls","PM2.5","Avery",35.972347,-81.933072
"48",2024-05-27,25,"Linville Falls","PM2.5","Avery",35.972347,-81.933072
"49",2024-05-30,13,"Linville Falls","PM2.5","Avery",35.972347,-81.933072
"50",2024-06-02,28,"Linville Falls","PM2.5","Avery",35.972347,-81.933072
"51",2024-06-05,24,"Linville Falls","PM2.5","Avery",35.972347,-81.933072
"52",2024-06-08,25,"Linville Falls","PM2.5","Avery",35.972347,-81.933072
"53",2024-06-11,24,"Linville Falls","PM2.5","Avery",35.972347,-81.933072
"54",2024-06-14,50,"Linville Falls","PM2.5","Avery",35.972347,-81.933072
"55",2024-06-17,56,"Linville Falls","PM2.5","Avery",35.972347,-81.933072
"56",2024-06-20,31,"Linville Falls","PM2.5","Avery",35.972347,-81.933072
"57",2024-06-23,44,"Linville Falls","PM2.5","Avery",35.972347,-81.933072
"58",2024-06-26,29,"Linville Falls","PM2.5","Avery",35.972347,-81.933072
"59",2024-06-29,33,"Linville Falls","PM2.5","Avery",35.972347,-81.933072
"60",2024-07-02,21,"Linville Falls","PM2.5","Avery",35.972347,-81.933072
"61",2024-07-05,33,"Linville Falls","PM2.5","Avery",35.972347,-81.933072
"62",2024-07-08,25,"Linville Falls","PM2.5","Avery",35.972347,-81.933072
"63",2024-07-11,20,"Linville Falls","PM2.5","Avery",35.972347,-81.933072
"64",2024-07-14,40,"Linville Falls","PM2.5","Avery",35.972347,-81.933072
"65",2024-07-17,39,"Linville Falls","PM2.5","Avery",35.972347,-81.933072
"66",2024-07-20,21,"Linville Falls","PM2.5","Avery",35.972347,-81.933072
"67",2024-07-23,24,"Linville Falls","PM2.5","Avery",35.972347,-81.933072
"68",2024-07-26,56,"Linville Falls","PM2.5","Avery",35.972347,-81.933072
"69",2024-07-29,24,"Linville Falls","PM2.5","Avery",35.972347,-81.933072
"70",2024-08-01,31,"Linville Falls","PM2.5","Avery",35.972347,-81.933072
"71",2024-08-04,29,"Linville Falls","PM2.5","Avery",35.972347,-81.933072
"72",2024-08-07,12,"Linville Falls","PM2.5","Avery",35.972347,-81.933072
"73",2024-08-10,43,"Linville Falls","PM2.5","Avery",35.972347,-81.933072
"74",2024-08-13,36,"Linville Falls","PM2.5","Avery",35.972347,-81.933072
"75",2024-08-16,41,"Linville Falls","PM2.5","Avery",35.972347,-81.933072
"76",2024-08-19,18,"Linville Falls","PM2.5","Avery",35.972347,-81.933072
"77",2024-08-22,38,"Linville Falls","PM2.5","Avery",35.972347,-81.933072
"78",2024-08-25,48,"Linville Falls","PM2.5","Avery",35.972347,-81.933072
"79",2024-08-28,54,"Linville Falls","PM2.5","Avery",35.972347,-81.933072
"80",2024-08-31,45,"Linville Falls","PM2.5","Avery",35.972347,-81.933072
"81",2024-09-03,17,"Linville Falls","PM2.5","Avery",35.972347,-81.933072
"82",2024-09-06,26,"Linville Falls","PM2.5","Avery",35.972347,-81.933072
"83",2024-09-09,18,"Linville Falls","PM2.5","Avery",35.972347,-81.933072
"84",2024-09-12,38,"Linville Falls","PM2.5","Avery",35.972347,-81.933072
"85",2024-09-15,19,"Linville Falls","PM2.5","Avery",35.972347,-81.933072
"86",2024-09-18,26,"Linville Falls","PM2.5","Avery",35.972347,-81.933072
"87",2024-09-21,33,"Linville Falls","PM2.5","Avery",35.972347,-81.933072
"88",2024-09-24,38,"Linville Falls","PM2.5","Avery",35.972347,-81.933072
"89",2024-11-08,27,"Linville Falls","PM2.5","Avery",35.972347,-81.933072
"90",2024-11-11,13,"Linville Falls","PM2.5","Avery",35.972347,-81.933072
"91",2024-11-14,12,"Linville Falls","PM2.5","Avery",35.972347,-81.933072
"92",2024-11-17,19,"Linville Falls","PM2.5","Avery",35.972347,-81.933072
"93",2024-11-29,20,"Linville Falls","PM2.5","Avery",35.972347,-81.933072
"94",2024-12-02,11,"Linville Falls","PM2.5","Avery",35.972347,-81.933072
"95",2024-12-05,16,"Linville Falls","PM2.5","Avery",35.972347,-81.933072
"96",2024-12-08,6,"Linville Falls","PM2.5","Avery",35.972347,-81.933072
"97",2024-12-11,6,"Linville Falls","PM2.5","Avery",35.972347,-81.933072
"98",2024-12-14,26,"Linville Falls","PM2.5","Avery",35.972347,-81.933072
"99",2024-12-17,13,"Linville Falls","PM2.5","Avery",35.972347,-81.933072
"100",2024-12-20,13,"Linville Falls","PM2.5","Avery",35.972347,-81.933072
"101",2024-12-23,23,"Linville Falls","PM2.5","Avery",35.972347,-81.933072
"102",2024-12-26,38,"Linville Falls","PM2.5","Avery",35.972347,-81.933072
"103",2024-12-29,4,"Linville Falls","PM2.5","Avery",35.972347,-81.933072
"104",2024-01-01,52,"Board Of Ed. Bldg.","PM2.5","Buncombe",35.6062000008935,-82.5844
"105",2024-01-07,11,"Board Of Ed. Bldg.","PM2.5","Buncombe",35.6062000008935,-82.5844
"106",2024-01-13,22,"Board Of Ed. Bldg.","PM2.5","Buncombe",35.6062000008935,-82.5844
"107",2024-01-19,31,"Board Of Ed. Bldg.","PM2.5","Buncombe",35.6062000008935,-82.5844
"108",2024-01-25,12,"Board Of Ed. Bldg.","PM2.5","Buncombe",35.6062000008935,-82.5844
"109",2024-02-06,45,"Board Of Ed. Bldg.","PM2.5","Buncombe",35.6062000008935,-82.5844
"110",2024-02-12,11,"Board Of Ed. Bldg.","PM2.5","Buncombe",35.6062000008935,-82.5844
"111",2024-02-18,18,"Board Of Ed. Bldg.","PM2.5","Buncombe",35.6062000008935,-82.5844
"112",2024-02-24,13,"Board Of Ed. Bldg.","PM2.5","Buncombe",35.6062000008935,-82.5844
"113",2024-03-01,23,"Board Of Ed. Bldg.","PM2.5","Buncombe",35.6062000008935,-82.5844
"114",2024-03-07,10,"Board Of Ed. Bldg.","PM2.5","Buncombe",35.6062000008935,-82.5844
"115",2024-03-19,32,"Board Of Ed. Bldg.","PM2.5","Buncombe",35.6062000008935,-82.5844
"116",2024-03-25,23,"Board Of Ed. Bldg.","PM2.5","Buncombe",35.6062000008935,-82.5844
"117",2024-04-12,16,"Board Of Ed. Bldg.","PM2.5","Buncombe",35.6062000008935,-82.5844
"118",2024-04-24,38,"Board Of Ed. Bldg.","PM2.5","Buncombe",35.6062000008935,-82.5844
"119",2024-04-30,41,"Board Of Ed. Bldg.","PM2.5","Buncombe",35.6062000008935,-82.5844
"120",2024-05-06,23,"Board Of Ed. Bldg.","PM2.5","Buncombe",35.6062000008935,-82.5844
"121",2024-05-12,33,"Board Of Ed. Bldg.","PM2.5","Buncombe",35.6062000008935,-82.5844
"122",2024-05-18,33,"Board Of Ed. Bldg.","PM2.5","Buncombe",35.6062000008935,-82.5844
"123",2024-05-24,28,"Board Of Ed. Bldg.","PM2.5","Buncombe",35.6062000008935,-82.5844
"124",2024-05-30,18,"Board Of Ed. Bldg.","PM2.5","Buncombe",35.6062000008935,-82.5844
"125",2024-06-14,55,"Board Of Ed. Bldg.","PM2.5","Buncombe",35.6062000008935,-82.5844
"126",2024-06-17,58,"Board Of Ed. Bldg.","PM2.5","Buncombe",35.6062000008935,-82.5844
"127",2024-06-23,53,"Board Of Ed. Bldg.","PM2.5","Buncombe",35.6062000008935,-82.5844
"128",2024-07-05,64,"Board Of Ed. Bldg.","PM2.5","Buncombe",35.6062000008935,-82.5844
"129",2024-07-11,24,"Board Of Ed. Bldg.","PM2.5","Buncombe",35.6062000008935,-82.5844
"130",2024-07-17,34,"Board Of Ed. Bldg.","PM2.5","Buncombe",35.6062000008935,-82.5844
"131",2024-07-23,26,"Board Of Ed. Bldg.","PM2.5","Buncombe",35.6062000008935,-82.5844
"132",2024-07-29,32,"Board Of Ed. Bldg.","PM2.5","Buncombe",35.6062000008935,-82.5844
"133",2024-08-04,41,"Board Of Ed. Bldg.","PM2.5","Buncombe",35.6062000008935,-82.5844
"134",2024-08-10,48,"Board Of Ed. Bldg.","PM2.5","Buncombe",35.6062000008935,-82.5844
"135",2024-08-16,46,"Board Of Ed. Bldg.","PM2.5","Buncombe",35.6062000008935,-82.5844
"136",2024-08-22,46,"Board Of Ed. Bldg.","PM2.5","Buncombe",35.6062000008935,-82.5844
"137",2024-09-03,27,"Board Of Ed. Bldg.","PM2.5","Buncombe",35.6062000008935,-82.5844
"138",2024-09-09,36,"Board Of Ed. Bldg.","PM2.5","Buncombe",35.6062000008935,-82.5844
"139",2024-09-15,26,"Board Of Ed. Bldg.","PM2.5","Buncombe",35.6062000008935,-82.5844
"140",2024-09-21,46,"Board Of Ed. Bldg.","PM2.5","Buncombe",35.6062000008935,-82.5844
"141",2024-10-06,58,"Board Of Ed. Bldg.","PM2.5","Buncombe",35.6062000008935,-82.5844
"142",2024-10-09,32,"Board Of Ed. Bldg.","PM2.5","Buncombe",35.6062000008935,-82.5844
"143",2024-10-15,32,"Board Of Ed. Bldg.","PM2.5","Buncombe",35.6062000008935,-82.5844
"144",2024-10-21,56,"Board Of Ed. Bldg.","PM2.5","Buncombe",35.6062000008935,-82.5844
"145",2024-10-27,46,"Board Of Ed. Bldg.","PM2.5","Buncombe",35.6062000008935,-82.5844
"146",2024-11-02,35,"Board Of Ed. Bldg.","PM2.5","Buncombe",35.6062000008935,-82.5844
"147",2024-11-08,37,"Board Of Ed. Bldg.","PM2.5","Buncombe",35.6062000008935,-82.5844
"148",2024-11-14,24,"Board Of Ed. Bldg.","PM2.5","Buncombe",35.6062000008935,-82.5844
"149",2024-11-20,47,"Board Of Ed. Bldg.","PM2.5","Buncombe",35.6062000008935,-82.5844
"150",2024-11-26,40,"Board Of Ed. Bldg.","PM2.5","Buncombe",35.6062000008935,-82.5844
"151",2024-12-02,18,"Board Of Ed. Bldg.","PM2.5","Buncombe",35.6062000008935,-82.5844
"152",2024-12-08,52,"Board Of Ed. Bldg.","PM2.5","Buncombe",35.6062000008935,-82.5844
"153",2024-12-14,52,"Board Of Ed. Bldg.","PM2.5","Buncombe",35.6062000008935,-82.5844
"154",2024-12-20,25,"Board Of Ed. Bldg.","PM2.5","Buncombe",35.6062000008935,-82.5844
"155",2024-12-26,53,"Board Of Ed. Bldg.","PM2.5","Buncombe",35.6062000008935,-82.5844
"156",2024-01-01,50,"Board Of Ed. Bldg.","PM2.5","Buncombe",35.6062000008935,-82.5844
"157",2024-01-02,17,"Board Of Ed. Bldg.","PM2.5","Buncombe",35.6062000008935,-82.5844
"158",2024-01-03,43,"Board Of Ed. Bldg.","PM2.5","Buncombe",35.6062000008935,-82.5844
"159",2024-01-04,32,"Board Of Ed. Bldg.","PM2.5","Buncombe",35.6062000008935,-82.5844
"160",2024-01-05,39,"Board Of Ed. Bldg.","PM2.5","Buncombe",35.6062000008935,-82.5844
"161",2024-01-06,19,"Board Of Ed. Bldg.","PM2.5","Buncombe",35.6062000008935,-82.5844
"162",2024-01-07,3,"Board Of Ed. Bldg.","PM2.5","Buncombe",35.6062000008935,-82.5844
"163",2024-01-08,18,"Board Of Ed. Bldg.","PM2.5","Buncombe",35.6062000008935,-82.5844
"164",2024-01-09,6,"Board Of Ed. Bldg.","PM2.5","Buncombe",35.6062000008935,-82.5844
"165",2024-01-10,11,"Board Of Ed. Bldg.","PM2.5","Buncombe",35.6062000008935,-82.5844
"166",2024-01-11,46,"Board Of Ed. Bldg.","PM2.5","Buncombe",35.6062000008935,-82.5844
"167",2024-01-12,40,"Board Of Ed. Bldg.","PM2.5","Buncombe",35.6062000008935,-82.5844
"168",2024-01-13,21,"Board Of Ed. Bldg.","PM2.5","Buncombe",35.6062000008935,-82.5844
"169",2024-01-14,41,"Board Of Ed. Bldg.","PM2.5","Buncombe",35.6062000008935,-82.5844
"170",2024-01-15,36,"Board Of Ed. Bldg.","PM2.5","Buncombe",35.6062000008935,-82.5844
"171",2024-01-16,26,"Board Of Ed. Bldg.","PM2.5","Buncombe",35.6062000008935,-82.5844
"172",2024-01-17,14,"Board Of Ed. Bldg.","PM2.5","Buncombe",35.6062000008935,-82.5844
"173",2024-01-18,44,"Board Of Ed. Bldg.","PM2.5","Buncombe",35.6062000008935,-82.5844
"174",2024-01-19,23,"Board Of Ed. Bldg.","PM2.5","Buncombe",35.6062000008935,-82.5844
"175",2024-01-20,13,"Board Of Ed. Bldg.","PM2.5","Buncombe",35.6062000008935,-82.5844
"176",2024-01-21,20,"Board Of Ed. Bldg.","PM2.5","Buncombe",35.6062000008935,-82.5844
"177",2024-01-22,28,"Board Of Ed. Bldg.","PM2.5","Buncombe",35.6062000008935,-82.5844
"178",2024-01-23,31,"Board Of Ed. Bldg.","PM2.5","Buncombe",35.6062000008935,-82.5844
"179",2024-01-24,14,"Board Of Ed. Bldg.","PM2.5","Buncombe",35.6062000008935,-82.5844
"180",2024-01-25,8,"Board Of Ed. Bldg.","PM2.5","Buncombe",35.6062000008935,-82.5844
"181",2024-01-26,8,"Board Of Ed. Bldg.","PM2.5","Buncombe",35.6062000008935,-82.5844
"182",2024-01-27,13,"Board Of Ed. Bldg.","PM2.5","Buncombe",35.6062000008935,-82.5844
"183",2024-01-28,0,"Board Of Ed. Bldg.","PM2.5","Buncombe",35.6062000008935,-82.5844
"184",2024-01-29,1,"Board Of Ed. Bldg.","PM2.5","Buncombe",35.6062000008935,-82.5844
"185",2024-01-30,21,"Board Of Ed. Bldg.","PM2.5","Buncombe",35.6062000008935,-82.5844
"186",2024-01-31,11,"Board Of Ed. Bldg.","PM2.5","Buncombe",35.6062000008935,-82.5844
"187",2024-02-01,19,"Board Of Ed. Bldg.","PM2.5","Buncombe",35.6062000008935,-82.5844
"188",2024-02-02,33,"Board Of Ed. Bldg.","PM2.5","Buncombe",35.6062000008935,-82.5844
"189",2024-02-03,38,"Board Of Ed. Bldg.","PM2.5","Buncombe",35.6062000008935,-82.5844
"190",2024-02-04,25,"Board Of Ed. Bldg.","PM2.5","Buncombe",35.6062000008935,-82.5844
"191",2024-02-05,12,"Board Of Ed. Bldg.","PM2.5","Buncombe",35.6062000008935,-82.5844
"192",2024-02-06,34,"Board Of Ed. Bldg.","PM2.5","Buncombe",35.6062000008935,-82.5844
"193",2024-02-07,42,"Board Of Ed. Bldg.","PM2.5","Buncombe",35.6062000008935,-82.5844
"194",2024-02-08,48,"Board Of Ed. Bldg.","PM2.5","Buncombe",35.6062000008935,-82.5844
"195",2024-02-09,62,"Board Of Ed. Bldg.","PM2.5","Buncombe",35.6062000008935,-82.5844
"196",2024-02-10,47,"Board Of Ed. Bldg.","PM2.5","Buncombe",35.6062000008935,-82.5844
"197",2024-02-11,10,"Board Of Ed. Bldg.","PM2.5","Buncombe",35.6062000008935,-82.5844
"198",2024-02-12,6,"Board Of Ed. Bldg.","PM2.5","Buncombe",35.6062000008935,-82.5844
"199",2024-02-13,11,"Board Of Ed. Bldg.","PM2.5","Buncombe",35.6062000008935,-82.5844
"200",2024-02-14,23,"Board Of Ed. Bldg.","PM2.5","Buncombe",35.6062000008935,-82.5844
"201",2024-02-15,27,"Board Of Ed. Bldg.","PM2.5","Buncombe",35.6062000008935,-82.5844
"202",2024-02-16,36,"Board Of Ed. Bldg.","PM2.5","Buncombe",35.6062000008935,-82.5844
"203",2024-02-17,20,"Board Of Ed. Bldg.","PM2.5","Buncombe",35.6062000008935,-82.5844
"204",2024-02-18,15,"Board Of Ed. Bldg.","PM2.5","Buncombe",35.6062000008935,-82.5844
"205",2024-02-19,19,"Board Of Ed. Bldg.","PM2.5","Buncombe",35.6062000008935,-82.5844
"206",2024-02-20,52,"Board Of Ed. Bldg.","PM2.5","Buncombe",35.6062000008935,-82.5844
"207",2024-02-21,58,"Board Of Ed. Bldg.","PM2.5","Buncombe",35.6062000008935,-82.5844
"208",2024-02-22,68,"Board Of Ed. Bldg.","PM2.5","Buncombe",35.6062000008935,-82.5844
"209",2024-02-23,49,"Board Of Ed. Bldg.","PM2.5","Buncombe",35.6062000008935,-82.5844
"210",2024-02-24,12,"Board Of Ed. Bldg.","PM2.5","Buncombe",35.6062000008935,-82.5844
"211",2024-02-25,39,"Board Of Ed. Bldg.","PM2.5","Buncombe",35.6062000008935,-82.5844
"212",2024-02-26,58,"Board Of Ed. Bldg.","PM2.5","Buncombe",35.6062000008935,-82.5844
"213",2024-02-27,63,"Board Of Ed. Bldg.","PM2.5","Buncombe",35.6062000008935,-82.5844
"214",2024-02-28,37,"Board Of Ed. Bldg.","PM2.5","Buncombe",35.6062000008935,-82.5844
"215",2024-02-29,8,"Board Of Ed. Bldg.","PM2.5","Buncombe",35.6062000008935,-82.5844
"216",2024-03-01,24,"Board Of Ed. Bldg.","PM2.5","Buncombe",35.6062000008935,-82.5844
"217",2024-03-02,9,"Board Of Ed. Bldg.","PM2.5","Buncombe",35.6062000008935,-82.5844
"218",2024-03-03,27,"Board Of Ed. Bldg.","PM2.5","Buncombe",35.6062000008935,-82.5844
"219",2024-03-04,39,"Board Of Ed. Bldg.","PM2.5","Buncombe",35.6062000008935,-82.5844
"220",2024-03-05,36,"Board Of Ed. Bldg.","PM2.5","Buncombe",35.6062000008935,-82.5844
"221",2024-03-06,20,"Board Of Ed. Bldg.","PM2.5","Buncombe",35.6062000008935,-82.5844
"222",2024-03-07,8,"Board Of Ed. Bldg.","PM2.5","Buncombe",35.6062000008935,-82.5844
"223",2024-03-08,25,"Board Of Ed. Bldg.","PM2.5","Buncombe",35.6062000008935,-82.5844
"224",2024-03-09,4,"Board Of Ed. Bldg.","PM2.5","Buncombe",35.6062000008935,-82.5844
"225",2024-03-10,8,"Board Of Ed. Bldg.","PM2.5","Buncombe",35.6062000008935,-82.5844
"226",2024-03-11,8,"Board Of Ed. Bldg.","PM2.5","Buncombe",35.6062000008935,-82.5844
"227",2024-03-12,22,"Board Of Ed. Bldg.","PM2.5","Buncombe",35.6062000008935,-82.5844
"228",2024-03-13,48,"Board Of Ed. Bldg.","PM2.5","Buncombe",35.6062000008935,-82.5844
"229",2024-03-14,71,"Board Of Ed. Bldg.","PM2.5","Buncombe",35.6062000008935,-82.5844
"230",2024-03-15,56,"Board Of Ed. Bldg.","PM2.5","Buncombe",35.6062000008935,-82.5844
"231",2024-03-16,7,"Board Of Ed. Bldg.","PM2.5","Buncombe",35.6062000008935,-82.5844
"232",2024-03-17,19,"Board Of Ed. Bldg.","PM2.5","Buncombe",35.6062000008935,-82.5844
"233",2024-03-18,11,"Board Of Ed. Bldg.","PM2.5","Buncombe",35.6062000008935,-82.5844
"234",2024-03-19,22,"Board Of Ed. Bldg.","PM2.5","Buncombe",35.6062000008935,-82.5844
"235",2024-03-20,56,"Board Of Ed. Bldg.","PM2.5","Buncombe",35.6062000008935,-82.5844
"236",2024-03-21,43,"Board Of Ed. Bldg.","PM2.5","Buncombe",35.6062000008935,-82.5844
"237",2024-03-22,54,"Board Of Ed. Bldg.","PM2.5","Buncombe",35.6062000008935,-82.5844
"238",2024-03-23,22,"Board Of Ed. Bldg.","PM2.5","Buncombe",35.6062000008935,-82.5844
"239",2024-03-24,23,"Board Of Ed. Bldg.","PM2.5","Buncombe",35.6062000008935,-82.5844
"240",2024-03-25,21,"Board Of Ed. Bldg.","PM2.5","Buncombe",35.6062000008935,-82.5844
"241",2024-03-26,47,"Board Of Ed. Bldg.","PM2.5","Buncombe",35.6062000008935,-82.5844
"242",2024-03-27,23,"Board Of Ed. Bldg.","PM2.5","Buncombe",35.6062000008935,-82.5844
"243",2024-03-28,17,"Board Of Ed. Bldg.","PM2.5","Buncombe",35.6062000008935,-82.5844
"244",2024-03-29,29,"Board Of Ed. Bldg.","PM2.5","Buncombe",35.6062000008935,-82.5844
"245",2024-03-30,50,"Board Of Ed. Bldg.","PM2.5","Buncombe",35.6062000008935,-82.5844
"246",2024-03-31,39,"Board Of Ed. Bldg.","PM2.5","Buncombe",35.6062000008935,-82.5844
"247",2024-04-01,51,"Board Of Ed. Bldg.","PM2.5","Buncombe",35.6062000008935,-82.5844
"248",2024-04-02,56,"Board Of Ed. Bldg.","PM2.5","Buncombe",35.6062000008935,-82.5844
"249",2024-04-03,15,"Board Of Ed. Bldg.","PM2.5","Buncombe",35.6062000008935,-82.5844
"250",2024-04-04,12,"Board Of Ed. Bldg.","PM2.5","Buncombe",35.6062000008935,-82.5844
"251",2024-04-05,7,"Board Of Ed. Bldg.","PM2.5","Buncombe",35.6062000008935,-82.5844
"252",2024-04-06,6,"Board Of Ed. Bldg.","PM2.5","Buncombe",35.6062000008935,-82.5844
"253",2024-04-07,29,"Board Of Ed. Bldg.","PM2.5","Buncombe",35.6062000008935,-82.5844
"254",2024-04-08,51,"Board Of Ed. Bldg.","PM2.5","Buncombe",35.6062000008935,-82.5844
"255",2024-04-09,56,"Board Of Ed. Bldg.","PM2.5","Buncombe",35.6062000008935,-82.5844
"256",2024-04-10,37,"Board Of Ed. Bldg.","PM2.5","Buncombe",35.6062000008935,-82.5844
"257",2024-04-11,10,"Board Of Ed. Bldg.","PM2.5","Buncombe",35.6062000008935,-82.5844
"258",2024-04-18,44,"Board Of Ed. Bldg.","PM2.5","Buncombe",35.6062000008935,-82.5844
"259",2024-04-19,45,"Board Of Ed. Bldg.","PM2.5","Buncombe",35.6062000008935,-82.5844
"260",2024-04-20,18,"Board Of Ed. Bldg.","PM2.5","Buncombe",35.6062000008935,-82.5844
"261",2024-04-21,18,"Board Of Ed. Bldg.","PM2.5","Buncombe",35.6062000008935,-82.5844
"262",2024-04-22,17,"Board Of Ed. Bldg.","PM2.5","Buncombe",35.6062000008935,-82.5844
"263",2024-04-23,37,"Board Of Ed. Bldg.","PM2.5","Buncombe",35.6062000008935,-82.5844
"264",2024-04-24,40,"Board Of Ed. Bldg.","PM2.5","Buncombe",35.6062000008935,-82.5844
"265",2024-04-25,35,"Board Of Ed. Bldg.","PM2.5","Buncombe",35.6062000008935,-82.5844
"266",2024-04-26,52,"Board Of Ed. Bldg.","PM2.5","Buncombe",35.6062000008935,-82.5844
"267",2024-04-27,42,"Board Of Ed. Bldg.","PM2.5","Buncombe",35.6062000008935,-82.5844
"268",2024-04-28,33,"Board Of Ed. Bldg.","PM2.5","Buncombe",35.6062000008935,-82.5844
"269",2024-04-29,33,"Board Of Ed. Bldg.","PM2.5","Buncombe",35.6062000008935,-82.5844
"270",2024-04-30,34,"Board Of Ed. Bldg.","PM2.5","Buncombe",35.6062000008935,-82.5844
"271",2024-05-01,16,"Board Of Ed. Bldg.","PM2.5","Buncombe",35.6062000008935,-82.5844
"272",2024-05-02,40,"Board Of Ed. Bldg.","PM2.5","Buncombe",35.6062000008935,-82.5844
"273",2024-05-03,52,"Board Of Ed. Bldg.","PM2.5","Buncombe",35.6062000008935,-82.5844
"274",2024-05-04,51,"Board Of Ed. Bldg.","PM2.5","Buncombe",35.6062000008935,-82.5844
"275",2024-05-05,26,"Board Of Ed. Bldg.","PM2.5","Buncombe",35.6062000008935,-82.5844
"276",2024-05-06,28,"Board Of Ed. Bldg.","PM2.5","Buncombe",35.6062000008935,-82.5844
"277",2024-05-07,32,"Board Of Ed. Bldg.","PM2.5","Buncombe",35.6062000008935,-82.5844
"278",2024-05-08,36,"Board Of Ed. Bldg.","PM2.5","Buncombe",35.6062000008935,-82.5844
"279",2024-05-09,12,"Board Of Ed. Bldg.","PM2.5","Buncombe",35.6062000008935,-82.5844
"280",2024-05-10,18,"Board Of Ed. Bldg.","PM2.5","Buncombe",35.6062000008935,-82.5844
"281",2024-05-11,16,"Board Of Ed. Bldg.","PM2.5","Buncombe",35.6062000008935,-82.5844
"282",2024-05-12,37,"Board Of Ed. Bldg.","PM2.5","Buncombe",35.6062000008935,-82.5844
"283",2024-05-13,43,"Board Of Ed. Bldg.","PM2.5","Buncombe",35.6062000008935,-82.5844
"284",2024-05-14,16,"Board Of Ed. Bldg.","PM2.5","Buncombe",35.6062000008935,-82.5844
"285",2024-05-15,13,"Board Of Ed. Bldg.","PM2.5","Buncombe",35.6062000008935,-82.5844
"286",2024-05-16,18,"Board Of Ed. Bldg.","PM2.5","Buncombe",35.6062000008935,-82.5844
"287",2024-05-17,33,"Board Of Ed. Bldg.","PM2.5","Buncombe",35.6062000008935,-82.5844
"288",2024-05-18,31,"Board Of Ed. Bldg.","PM2.5","Buncombe",35.6062000008935,-82.5844
"289",2024-05-19,18,"Board Of Ed. Bldg.","PM2.5","Buncombe",35.6062000008935,-82.5844
"290",2024-05-20,14,"Board Of Ed. Bldg.","PM2.5","Buncombe",35.6062000008935,-82.5844
"291",2024-05-21,40,"Board Of Ed. Bldg.","PM2.5","Buncombe",35.6062000008935,-82.5844
"292",2024-05-22,50,"Board Of Ed. Bldg.","PM2.5","Buncombe",35.6062000008935,-82.5844
"293",2024-05-23,36,"Board Of Ed. Bldg.","PM2.5","Buncombe",35.6062000008935,-82.5844
"294",2024-05-24,30,"Board Of Ed. Bldg.","PM2.5","Buncombe",35.6062000008935,-82.5844
"295",2024-05-25,34,"Board Of Ed. Bldg.","PM2.5","Buncombe",35.6062000008935,-82.5844
"296",2024-05-26,32,"Board Of Ed. Bldg.","PM2.5","Buncombe",35.6062000008935,-82.5844
"297",2024-05-27,25,"Board Of Ed. Bldg.","PM2.5","Buncombe",35.6062000008935,-82.5844
"298",2024-05-28,23,"Board Of Ed. Bldg.","PM2.5","Buncombe",35.6062000008935,-82.5844
"299",2024-05-29,21,"Board Of Ed. Bldg.","PM2.5","Buncombe",35.6062000008935,-82.5844
"300",2024-05-30,18,"Board Of Ed. Bldg.","PM2.5","Buncombe",35.6062000008935,-82.5844
"301",2024-05-31,37,"Board Of Ed. Bldg.","PM2.5","Buncombe",35.6062000008935,-82.5844
"302",2024-06-01,38,"Board Of Ed. Bldg.","PM2.5","Buncombe",35.6062000008935,-82.5844
"303",2024-06-02,36,"Board Of Ed. Bldg.","PM2.5","Buncombe",35.6062000008935,-82.5844
"304",2024-06-03,28,"Board Of Ed. Bldg.","PM2.5","Buncombe",35.6062000008935,-82.5844
"305",2024-06-04,26,"Board Of Ed. Bldg.","PM2.5","Buncombe",35.6062000008935,-82.5844
"306",2024-06-05,26,"Board Of Ed. Bldg.","PM2.5","Buncombe",35.6062000008935,-82.5844
"307",2024-06-06,30,"Board Of Ed. Bldg.","PM2.5","Buncombe",35.6062000008935,-82.5844
"308",2024-06-07,28,"Board Of Ed. Bldg.","PM2.5","Buncombe",35.6062000008935,-82.5844
"309",2024-06-08,33,"Board Of Ed. Bldg.","PM2.5","Buncombe",35.6062000008935,-82.5844
"310",2024-06-09,36,"Board Of Ed. Bldg.","PM2.5","Buncombe",35.6062000008935,-82.5844
"311",2024-06-10,19,"Board Of Ed. Bldg.","PM2.5","Buncombe",35.6062000008935,-82.5844
"312",2024-06-11,27,"Board Of Ed. Bldg.","PM2.5","Buncombe",35.6062000008935,-82.5844
"313",2024-06-12,52,"Board Of Ed. Bldg.","PM2.5","Buncombe",35.6062000008935,-82.5844
"314",2024-06-13,55,"Board Of Ed. Bldg.","PM2.5","Buncombe",35.6062000008935,-82.5844
"315",2024-06-14,55,"Board Of Ed. Bldg.","PM2.5","Buncombe",35.6062000008935,-82.5844
"316",2024-06-15,54,"Board Of Ed. Bldg.","PM2.5","Buncombe",35.6062000008935,-82.5844
"317",2024-06-16,56,"Board Of Ed. Bldg.","PM2.5","Buncombe",35.6062000008935,-82.5844
"318",2024-06-17,61,"Board Of Ed. Bldg.","PM2.5","Buncombe",35.6062000008935,-82.5844
"319",2024-06-18,57,"Board Of Ed. Bldg.","PM2.5","Buncombe",35.6062000008935,-82.5844
"320",2024-06-19,43,"Board Of Ed. Bldg.","PM2.5","Buncombe",35.6062000008935,-82.5844
"321",2024-06-20,42,"Board Of Ed. Bldg.","PM2.5","Buncombe",35.6062000008935,-82.5844
"322",2024-06-21,44,"Board Of Ed. Bldg.","PM2.5","Buncombe",35.6062000008935,-82.5844
"323",2024-06-22,43,"Board Of Ed. Bldg.","PM2.5","Buncombe",35.6062000008935,-82.5844
"324",2024-06-23,52,"Board Of Ed. Bldg.","PM2.5","Buncombe",35.6062000008935,-82.5844
"325",2024-06-24,36,"Board Of Ed. Bldg.","PM2.5","Buncombe",35.6062000008935,-82.5844
"326",2024-06-25,21,"Board Of Ed. Bldg.","PM2.5","Buncombe",35.6062000008935,-82.5844
"327",2024-06-26,36,"Board Of Ed. Bldg.","PM2.5","Buncombe",35.6062000008935,-82.5844
"328",2024-06-27,39,"Board Of Ed. Bldg.","PM2.5","Buncombe",35.6062000008935,-82.5844
"329",2024-06-28,57,"Board Of Ed. Bldg.","PM2.5","Buncombe",35.6062000008935,-82.5844
"330",2024-06-29,40,"Board Of Ed. Bldg.","PM2.5","Buncombe",35.6062000008935,-82.5844
"331",2024-06-30,37,"Board Of Ed. Bldg.","PM2.5","Buncombe",35.6062000008935,-82.5844
"332",2024-07-01,19,"Board Of Ed. Bldg.","PM2.5","Buncombe",35.6062000008935,-82.5844
"333",2024-07-02,30,"Board Of Ed. Bldg.","PM2.5","Buncombe",35.6062000008935,-82.5844
"334",2024-07-03,39,"Board Of Ed. Bldg.","PM2.5","Buncombe",35.6062000008935,-82.5844
"335",2024-07-04,55,"Board Of Ed. Bldg.","PM2.5","Buncombe",35.6062000008935,-82.5844
"336",2024-07-05,63,"Board Of Ed. Bldg.","PM2.5","Buncombe",35.6062000008935,-82.5844
"337",2024-07-06,28,"Board Of Ed. Bldg.","PM2.5","Buncombe",35.6062000008935,-82.5844
"338",2024-07-07,34,"Board Of Ed. Bldg.","PM2.5","Buncombe",35.6062000008935,-82.5844
"339",2024-07-08,26,"Board Of Ed. Bldg.","PM2.5","Buncombe",35.6062000008935,-82.5844
"340",2024-07-09,36,"Board Of Ed. Bldg.","PM2.5","Buncombe",35.6062000008935,-82.5844
"341",2024-07-10,17,"Board Of Ed. Bldg.","PM2.5","Buncombe",35.6062000008935,-82.5844
"342",2024-07-11,24,"Board Of Ed. Bldg.","PM2.5","Buncombe",35.6062000008935,-82.5844
"343",2024-07-12,29,"Board Of Ed. Bldg.","PM2.5","Buncombe",35.6062000008935,-82.5844
"344",2024-07-13,39,"Board Of Ed. Bldg.","PM2.5","Buncombe",35.6062000008935,-82.5844
"345",2024-07-14,54,"Board Of Ed. Bldg.","PM2.5","Buncombe",35.6062000008935,-82.5844
"346",2024-07-15,54,"Board Of Ed. Bldg.","PM2.5","Buncombe",35.6062000008935,-82.5844
"347",2024-07-16,52,"Board Of Ed. Bldg.","PM2.5","Buncombe",35.6062000008935,-82.5844
"348",2024-07-17,30,"Board Of Ed. Bldg.","PM2.5","Buncombe",35.6062000008935,-82.5844
"349",2024-07-18,26,"Board Of Ed. Bldg.","PM2.5","Buncombe",35.6062000008935,-82.5844
"350",2024-07-19,27,"Board Of Ed. Bldg.","PM2.5","Buncombe",35.6062000008935,-82.5844
"351",2024-07-20,16,"Board Of Ed. Bldg.","PM2.5","Buncombe",35.6062000008935,-82.5844
"352",2024-07-21,9,"Board Of Ed. Bldg.","PM2.5","Buncombe",35.6062000008935,-82.5844
"353",2024-07-22,16,"Board Of Ed. Bldg.","PM2.5","Buncombe",35.6062000008935,-82.5844
"354",2024-07-23,26,"Board Of Ed. Bldg.","PM2.5","Buncombe",35.6062000008935,-82.5844
"355",2024-07-24,32,"Board Of Ed. Bldg.","PM2.5","Buncombe",35.6062000008935,-82.5844
"356",2024-07-25,16,"Board Of Ed. Bldg.","PM2.5","Buncombe",35.6062000008935,-82.5844
"357",2024-07-26,53,"Board Of Ed. Bldg.","PM2.5","Buncombe",35.6062000008935,-82.5844
"358",2024-07-27,55,"Board Of Ed. Bldg.","PM2.5","Buncombe",35.6062000008935,-82.5844
"359",2024-07-28,55,"Board Of Ed. Bldg.","PM2.5","Buncombe",35.6062000008935,-82.5844
"360",2024-07-29,31,"Board Of Ed. Bldg.","PM2.5","Buncombe",35.6062000008935,-82.5844
"361",2024-07-30,17,"Board Of Ed. Bldg.","PM2.5","Buncombe",35.6062000008935,-82.5844
"362",2024-07-31,16,"Board Of Ed. Bldg.","PM2.5","Buncombe",35.6062000008935,-82.5844
"363",2024-08-01,31,"Board Of Ed. Bldg.","PM2.5","Buncombe",35.6062000008935,-82.5844
"364",2024-08-02,52,"Board Of Ed. Bldg.","PM2.5","Buncombe",35.6062000008935,-82.5844
"365",2024-08-03,36,"Board Of Ed. Bldg.","PM2.5","Buncombe",35.6062000008935,-82.5844
"366",2024-08-04,32,"Board Of Ed. Bldg.","PM2.5","Buncombe",35.6062000008935,-82.5844
"367",2024-08-05,41,"Board Of Ed. Bldg.","PM2.5","Buncombe",35.6062000008935,-82.5844
"368",2024-08-06,31,"Board Of Ed. Bldg.","PM2.5","Buncombe",35.6062000008935,-82.5844
"369",2024-08-07,19,"Board Of Ed. Bldg.","PM2.5","Buncombe",35.6062000008935,-82.5844
"370",2024-08-08,13,"Board Of Ed. Bldg.","PM2.5","Buncombe",35.6062000008935,-82.5844
"371",2024-08-09,32,"Board Of Ed. Bldg.","PM2.5","Buncombe",35.6062000008935,-82.5844
"372",2024-08-10,47,"Board Of Ed. Bldg.","PM2.5","Buncombe",35.6062000008935,-82.5844
"373",2024-08-11,33,"Board Of Ed. Bldg.","PM2.5","Buncombe",35.6062000008935,-82.5844
"374",2024-08-12,31,"Board Of Ed. Bldg.","PM2.5","Buncombe",35.6062000008935,-82.5844
"375",2024-08-13,41,"Board Of Ed. Bldg.","PM2.5","Buncombe",35.6062000008935,-82.5844
"376",2024-08-14,46,"Board Of Ed. Bldg.","PM2.5","Buncombe",35.6062000008935,-82.5844
"377",2024-08-15,47,"Board Of Ed. Bldg.","PM2.5","Buncombe",35.6062000008935,-82.5844
"378",2024-08-16,52,"Board Of Ed. Bldg.","PM2.5","Buncombe",35.6062000008935,-82.5844
"379",2024-08-17,27,"Board Of Ed. Bldg.","PM2.5","Buncombe",35.6062000008935,-82.5844
"380",2024-08-18,29,"Board Of Ed. Bldg.","PM2.5","Buncombe",35.6062000008935,-82.5844
"381",2024-08-19,15,"Board Of Ed. Bldg.","PM2.5","Buncombe",35.6062000008935,-82.5844
"382",2024-08-20,31,"Board Of Ed. Bldg.","PM2.5","Buncombe",35.6062000008935,-82.5844
"383",2024-08-21,41,"Board Of Ed. Bldg.","PM2.5","Buncombe",35.6062000008935,-82.5844
"384",2024-08-22,42,"Board Of Ed. Bldg.","PM2.5","Buncombe",35.6062000008935,-82.5844
"385",2024-08-23,51,"Board Of Ed. Bldg.","PM2.5","Buncombe",35.6062000008935,-82.5844
"386",2024-08-24,53,"Board Of Ed. Bldg.","PM2.5","Buncombe",35.6062000008935,-82.5844
"387",2024-08-25,52,"Board Of Ed. Bldg.","PM2.5","Buncombe",35.6062000008935,-82.5844
"388",2024-08-26,56,"Board Of Ed. Bldg.","PM2.5","Buncombe",35.6062000008935,-82.5844
"389",2024-08-27,58,"Board Of Ed. Bldg.","PM2.5","Buncombe",35.6062000008935,-82.5844
"390",2024-08-28,59,"Board Of Ed. Bldg.","PM2.5","Buncombe",35.6062000008935,-82.5844
"391",2024-08-29,54,"Board Of Ed. Bldg.","PM2.5","Buncombe",35.6062000008935,-82.5844
"392",2024-08-30,52,"Board Of Ed. Bldg.","PM2.5","Buncombe",35.6062000008935,-82.5844
"393",2024-08-31,44,"Board Of Ed. Bldg.","PM2.5","Buncombe",35.6062000008935,-82.5844
"394",2024-09-01,29,"Board Of Ed. Bldg.","PM2.5","Buncombe",35.6062000008935,-82.5844
"395",2024-09-02,24,"Board Of Ed. Bldg.","PM2.5","Buncombe",35.6062000008935,-82.5844
"396",2024-09-03,24,"Board Of Ed. Bldg.","PM2.5","Buncombe",35.6062000008935,-82.5844
"397",2024-09-04,17,"Board Of Ed. Bldg.","PM2.5","Buncombe",35.6062000008935,-82.5844
"398",2024-09-05,23,"Board Of Ed. Bldg.","PM2.5","Buncombe",35.6062000008935,-82.5844
"399",2024-09-06,32,"Board Of Ed. Bldg.","PM2.5","Buncombe",35.6062000008935,-82.5844
"400",2024-09-07,22,"Board Of Ed. Bldg.","PM2.5","Buncombe",35.6062000008935,-82.5844
"401",2024-09-08,13,"Board Of Ed. Bldg.","PM2.5","Buncombe",35.6062000008935,-82.5844
"402",2024-09-09,21,"Board Of Ed. Bldg.","PM2.5","Buncombe",35.6062000008935,-82.5844
"403",2024-09-10,23,"Board Of Ed. Bldg.","PM2.5","Buncombe",35.6062000008935,-82.5844
"404",2024-09-11,42,"Board Of Ed. Bldg.","PM2.5","Buncombe",35.6062000008935,-82.5844
"405",2024-09-12,51,"Board Of Ed. Bldg.","PM2.5","Buncombe",35.6062000008935,-82.5844
"406",2024-09-13,27,"Board Of Ed. Bldg.","PM2.5","Buncombe",35.6062000008935,-82.5844
"407",2024-09-14,18,"Board Of Ed. Bldg.","PM2.5","Buncombe",35.6062000008935,-82.5844
"408",2024-09-15,24,"Board Of Ed. Bldg.","PM2.5","Buncombe",35.6062000008935,-82.5844
"409",2024-09-16,30,"Board Of Ed. Bldg.","PM2.5","Buncombe",35.6062000008935,-82.5844
"410",2024-09-17,7,"Board Of Ed. Bldg.","PM2.5","Buncombe",35.6062000008935,-82.5844
"411",2024-09-18,11,"Board Of Ed. Bldg.","PM2.5","Buncombe",35.6062000008935,-82.5844
"412",2024-09-19,17,"Board Of Ed. Bldg.","PM2.5","Buncombe",35.6062000008935,-82.5844
"413",2024-09-20,22,"Board Of Ed. Bldg.","PM2.5","Buncombe",35.6062000008935,-82.5844
"414",2024-09-21,35,"Board Of Ed. Bldg.","PM2.5","Buncombe",35.6062000008935,-82.5844
"415",2024-09-22,44,"Board Of Ed. Bldg.","PM2.5","Buncombe",35.6062000008935,-82.5844
"416",2024-09-23,44,"Board Of Ed. Bldg.","PM2.5","Buncombe",35.6062000008935,-82.5844
"417",2024-09-24,51,"Board Of Ed. Bldg.","PM2.5","Buncombe",35.6062000008935,-82.5844
"418",2024-09-25,27,"Board Of Ed. Bldg.","PM2.5","Buncombe",35.6062000008935,-82.5844
"419",2024-09-26,1,"Board Of Ed. Bldg.","PM2.5","Buncombe",35.6062000008935,-82.5844
"420",2024-10-04,53,"Board Of Ed. Bldg.","PM2.5","Buncombe",35.6062000008935,-82.5844
"421",2024-10-05,42,"Board Of Ed. Bldg.","PM2.5","Buncombe",35.6062000008935,-82.5844
"422",2024-10-06,58,"Board Of Ed. Bldg.","PM2.5","Buncombe",35.6062000008935,-82.5844
"423",2024-10-07,47,"Board Of Ed. Bldg.","PM2.5","Buncombe",35.6062000008935,-82.5844
"424",2024-10-08,41,"Board Of Ed. Bldg.","PM2.5","Buncombe",35.6062000008935,-82.5844
"425",2024-10-09,27,"Board Of Ed. Bldg.","PM2.5","Buncombe",35.6062000008935,-82.5844
"426",2024-10-10,18,"Board Of Ed. Bldg.","PM2.5","Buncombe",35.6062000008935,-82.5844
"427",2024-10-11,43,"Board Of Ed. Bldg.","PM2.5","Buncombe",35.6062000008935,-82.5844
"428",2024-10-12,44,"Board Of Ed. Bldg.","PM2.5","Buncombe",35.6062000008935,-82.5844
"429",2024-10-13,55,"Board Of Ed. Bldg.","PM2.5","Buncombe",35.6062000008935,-82.5844
"430",2024-10-14,35,"Board Of Ed. Bldg.","PM2.5","Buncombe",35.6062000008935,-82.5844
"431",2024-10-15,22,"Board Of Ed. Bldg.","PM2.5","Buncombe",35.6062000008935,-82.5844
"432",2024-10-16,15,"Board Of Ed. Bldg.","PM2.5","Buncombe",35.6062000008935,-82.5844
"433",2024-10-17,19,"Board Of Ed. Bldg.","PM2.5","Buncombe",35.6062000008935,-82.5844
"434",2024-10-18,42,"Board Of Ed. Bldg.","PM2.5","Buncombe",35.6062000008935,-82.5844
"435",2024-10-19,54,"Board Of Ed. Bldg.","PM2.5","Buncombe",35.6062000008935,-82.5844
"436",2024-10-20,54,"Board Of Ed. Bldg.","PM2.5","Buncombe",35.6062000008935,-82.5844
"437",2024-10-21,51,"Board Of Ed. Bldg.","PM2.5","Buncombe",35.6062000008935,-82.5844
"438",2024-10-22,44,"Board Of Ed. Bldg.","PM2.5","Buncombe",35.6062000008935,-82.5844
"439",2024-10-23,52,"Board Of Ed. Bldg.","PM2.5","Buncombe",35.6062000008935,-82.5844
"440",2024-10-24,43,"Board Of Ed. Bldg.","PM2.5","Buncombe",35.6062000008935,-82.5844
"441",2024-10-25,55,"Board Of Ed. Bldg.","PM2.5","Buncombe",35.6062000008935,-82.5844
"442",2024-10-26,60,"Board Of Ed. Bldg.","PM2.5","Buncombe",35.6062000008935,-82.5844
"443",2024-10-27,33,"Board Of Ed. Bldg.","PM2.5","Buncombe",35.6062000008935,-82.5844
"444",2024-10-28,48,"Board Of Ed. Bldg.","PM2.5","Buncombe",35.6062000008935,-82.5844
"445",2024-10-29,47,"Board Of Ed. Bldg.","PM2.5","Buncombe",35.6062000008935,-82.5844
"446",2024-10-30,36,"Board Of Ed. Bldg.","PM2.5","Buncombe",35.6062000008935,-82.5844
"447",2024-10-31,23,"Board Of Ed. Bldg.","PM2.5","Buncombe",35.6062000008935,-82.5844
"448",2024-11-01,43,"Board Of Ed. Bldg.","PM2.5","Buncombe",35.6062000008935,-82.5844
"449",2024-11-02,31,"Board Of Ed. Bldg.","PM2.5","Buncombe",35.6062000008935,-82.5844
"450",2024-11-03,43,"Board Of Ed. Bldg.","PM2.5","Buncombe",35.6062000008935,-82.5844
"451",2024-11-04,41,"Board Of Ed. Bldg.","PM2.5","Buncombe",35.6062000008935,-82.5844
"452",2024-11-05,21,"Board Of Ed. Bldg.","PM2.5","Buncombe",35.6062000008935,-82.5844
"453",2024-11-06,30,"Board Of Ed. Bldg.","PM2.5","Buncombe",35.6062000008935,-82.5844
"454",2024-11-07,28,"Board Of Ed. Bldg.","PM2.5","Buncombe",35.6062000008935,-82.5844
"455",2024-11-08,38,"Board Of Ed. Bldg.","PM2.5","Buncombe",35.6062000008935,-82.5844
"456",2024-11-09,33,"Board Of Ed. Bldg.","PM2.5","Buncombe",35.6062000008935,-82.5844
"457",2024-11-10,35,"Board Of Ed. Bldg.","PM2.5","Buncombe",35.6062000008935,-82.5844
"458",2024-11-11,22,"Board Of Ed. Bldg.","PM2.5","Buncombe",35.6062000008935,-82.5844
"459",2024-11-12,24,"Board Of Ed. Bldg.","PM2.5","Buncombe",35.6062000008935,-82.5844
"460",2024-11-13,19,"Board Of Ed. Bldg.","PM2.5","Buncombe",35.6062000008935,-82.5844
"461",2024-11-15,9,"Board Of Ed. Bldg.","PM2.5","Buncombe",35.6062000008935,-82.5844
"462",2024-11-16,22,"Board Of Ed. Bldg.","PM2.5","Buncombe",35.6062000008935,-82.5844
"463",2024-11-17,55,"Board Of Ed. Bldg.","PM2.5","Buncombe",35.6062000008935,-82.5844
"464",2024-11-18,48,"Board Of Ed. Bldg.","PM2.5","Buncombe",35.6062000008935,-82.5844
"465",2024-11-19,49,"Board Of Ed. Bldg.","PM2.5","Buncombe",35.6062000008935,-82.5844
"466",2024-11-20,22,"Board Of Ed. Bldg.","PM2.5","Buncombe",35.6062000008935,-82.5844
"467",2024-11-21,6,"Board Of Ed. Bldg.","PM2.5","Buncombe",35.6062000008935,-82.5844
"468",2024-11-22,6,"Board Of Ed. Bldg.","PM2.5","Buncombe",35.6062000008935,-82.5844
"469",2024-11-23,6,"Board Of Ed. Bldg.","PM2.5","Buncombe",35.6062000008935,-82.5844
"470",2024-11-24,29,"Board Of Ed. Bldg.","PM2.5","Buncombe",35.6062000008935,-82.5844
"471",2024-11-25,52,"Board Of Ed. Bldg.","PM2.5","Buncombe",35.6062000008935,-82.5844
"472",2024-11-26,31,"Board Of Ed. Bldg.","PM2.5","Buncombe",35.6062000008935,-82.5844
"473",2024-11-27,40,"Board Of Ed. Bldg.","PM2.5","Buncombe",35.6062000008935,-82.5844
"474",2024-11-28,19,"Board Of Ed. Bldg.","PM2.5","Buncombe",35.6062000008935,-82.5844
"475",2024-11-29,30,"Board Of Ed. Bldg.","PM2.5","Buncombe",35.6062000008935,-82.5844
"476",2024-11-30,12,"Board Of Ed. Bldg.","PM2.5","Buncombe",35.6062000008935,-82.5844
"477",2024-12-01,43,"Board Of Ed. Bldg.","PM2.5","Buncombe",35.6062000008935,-82.5844
"478",2024-12-02,18,"Board Of Ed. Bldg.","PM2.5","Buncombe",35.6062000008935,-82.5844
"479",2024-12-03,19,"Board Of Ed. Bldg.","PM2.5","Buncombe",35.6062000008935,-82.5844
"480",2024-12-04,54,"Board Of Ed. Bldg.","PM2.5","Buncombe",35.6062000008935,-82.5844
"481",2024-12-05,22,"Board Of Ed. Bldg.","PM2.5","Buncombe",35.6062000008935,-82.5844
"482",2024-12-06,14,"Board Of Ed. Bldg.","PM2.5","Buncombe",35.6062000008935,-82.5844
"483",2024-12-07,33,"Board Of Ed. Bldg.","PM2.5","Buncombe",35.6062000008935,-82.5844
"484",2024-12-08,51,"Board Of Ed. Bldg.","PM2.5","Buncombe",35.6062000008935,-82.5844
"485",2024-12-09,28,"Board Of Ed. Bldg.","PM2.5","Buncombe",35.6062000008935,-82.5844
"486",2024-12-10,32,"Board Of Ed. Bldg.","PM2.5","Buncombe",35.6062000008935,-82.5844
"487",2024-12-11,4,"Board Of Ed. Bldg.","PM2.5","Buncombe",35.6062000008935,-82.5844
"488",2024-12-12,21,"Board Of Ed. Bldg.","PM2.5","Buncombe",35.6062000008935,-82.5844
"489",2024-12-13,53,"Board Of Ed. Bldg.","PM2.5","Buncombe",35.6062000008935,-82.5844
"490",2024-12-14,54,"Board Of Ed. Bldg.","PM2.5","Buncombe",35.6062000008935,-82.5844
"491",2024-12-15,22,"Board Of Ed. Bldg.","PM2.5","Buncombe",35.6062000008935,-82.5844
"492",2024-12-16,22,"Board Of Ed. Bldg.","PM2.5","Buncombe",35.6062000008935,-82.5844
"493",2024-12-17,33,"Board Of Ed. Bldg.","PM2.5","Buncombe",35.6062000008935,-82.5844
"494",2024-12-18,28,"Board Of Ed. Bldg.","PM2.5","Buncombe",35.6062000008935,-82.5844
"495",2024-12-19,14,"Board Of Ed. Bldg.","PM2.5","Buncombe",35.6062000008935,-82.5844
"496",2024-12-20,26,"Board Of Ed. Bldg.","PM2.5","Buncombe",35.6062000008935,-82.5844
"497",2024-12-21,22,"Board Of Ed. Bldg.","PM2.5","Buncombe",35.6062000008935,-82.5844
"498",2024-12-22,23,"Board Of Ed. Bldg.","PM2.5","Buncombe",35.6062000008935,-82.5844
"499",2024-12-23,51,"Board Of Ed. Bldg.","PM2.5","Buncombe",35.6062000008935,-82.5844
"500",2024-12-24,57,"Board Of Ed. Bldg.","PM2.5","Buncombe",35.6062000008935,-82.5844
"501",2024-12-25,56,"Board Of Ed. Bldg.","PM2.5","Buncombe",35.6062000008935,-82.5844
"502",2024-12-26,53,"Board Of Ed. Bldg.","PM2.5","Buncombe",35.6062000008935,-82.5844
"503",2024-12-27,53,"Board Of Ed. Bldg.","PM2.5","Buncombe",35.6062000008935,-82.5844
"504",2024-12-28,20,"Board Of Ed. Bldg.","PM2.5","Buncombe",35.6062000008935,-82.5844
"505",2024-12-29,11,"Board Of Ed. Bldg.","PM2.5","Buncombe",35.6062000008935,-82.5844
"506",2024-12-30,21,"Board Of Ed. Bldg.","PM2.5","Buncombe",35.6062000008935,-82.5844
"507",2024-12-31,24,"Board Of Ed. Bldg.","PM2.5","Buncombe",35.6062000008935,-82.5844
"508",2024-01-01,51,"Board Of Ed. Bldg.","PM2.5","Buncombe",35.6062000008935,-82.5844
"509",2024-01-02,28,"Board Of Ed. Bldg.","PM2.5","Buncombe",35.6062000008935,-82.5844
"510",2024-01-03,52,"Board Of Ed. Bldg.","PM2.5","Buncombe",35.6062000008935,-82.5844
"511",2024-01-04,42,"Board Of Ed. Bldg.","PM2.5","Buncombe",35.6062000008935,-82.5844
"512",2024-01-05,49,"Board Of Ed. Bldg.","PM2.5","Buncombe",35.6062000008935,-82.5844
"513",2024-01-06,24,"Board Of Ed. Bldg.","PM2.5","Buncombe",35.6062000008935,-82.5844
"514",2024-01-07,13,"Board Of Ed. Bldg.","PM2.5","Buncombe",35.6062000008935,-82.5844
"515",2024-01-08,24,"Board Of Ed. Bldg.","PM2.5","Buncombe",35.6062000008935,-82.5844
"516",2024-01-09,11,"Board Of Ed. Bldg.","PM2.5","Buncombe",35.6062000008935,-82.5844
"517",2024-01-10,21,"Board Of Ed. Bldg.","PM2.5","Buncombe",35.6062000008935,-82.5844
"518",2024-01-11,54,"Board Of Ed. Bldg.","PM2.5","Buncombe",35.6062000008935,-82.5844
"519",2024-01-12,41,"Board Of Ed. Bldg.","PM2.5","Buncombe",35.6062000008935,-82.5844
"520",2024-01-13,27,"Board Of Ed. Bldg.","PM2.5","Buncombe",35.6062000008935,-82.5844
"521",2024-01-14,48,"Board Of Ed. Bldg.","PM2.5","Buncombe",35.6062000008935,-82.5844
"522",2024-01-15,49,"Board Of Ed. Bldg.","PM2.5","Buncombe",35.6062000008935,-82.5844
"523",2024-01-16,34,"Board Of Ed. Bldg.","PM2.5","Buncombe",35.6062000008935,-82.5844
"524",2024-01-17,24,"Board Of Ed. Bldg.","PM2.5","Buncombe",35.6062000008935,-82.5844
"525",2024-01-18,52,"Board Of Ed. Bldg.","PM2.5","Buncombe",35.6062000008935,-82.5844
"526",2024-01-19,33,"Board Of Ed. Bldg.","PM2.5","Buncombe",35.6062000008935,-82.5844
"527",2024-01-20,27,"Board Of Ed. Bldg.","PM2.5","Buncombe",35.6062000008935,-82.5844
"528",2024-01-21,24,"Board Of Ed. Bldg.","PM2.5","Buncombe",35.6062000008935,-82.5844
"529",2024-01-22,38,"Board Of Ed. Bldg.","PM2.5","Buncombe",35.6062000008935,-82.5844
"530",2024-01-23,36,"Board Of Ed. Bldg.","PM2.5","Buncombe",35.6062000008935,-82.5844
"531",2024-01-24,15,"Board Of Ed. Bldg.","PM2.5","Buncombe",35.6062000008935,-82.5844
"532",2024-01-25,14,"Board Of Ed. Bldg.","PM2.5","Buncombe",35.6062000008935,-82.5844
"533",2024-01-26,20,"Board Of Ed. Bldg.","PM2.5","Buncombe",35.6062000008935,-82.5844
"534",2024-01-27,21,"Board Of Ed. Bldg.","PM2.5","Buncombe",35.6062000008935,-82.5844
"535",2024-01-28,3,"Board Of Ed. Bldg.","PM2.5","Buncombe",35.6062000008935,-82.5844
"536",2024-01-29,7,"Board Of Ed. Bldg.","PM2.5","Buncombe",35.6062000008935,-82.5844
"537",2024-01-30,28,"Board Of Ed. Bldg.","PM2.5","Buncombe",35.6062000008935,-82.5844
"538",2024-01-31,26,"Board Of Ed. Bldg.","PM2.5","Buncombe",35.6062000008935,-82.5844
"539",2024-02-01,37,"Board Of Ed. Bldg.","PM2.5","Buncombe",35.6062000008935,-82.5844
"540",2024-02-02,39,"Board Of Ed. Bldg.","PM2.5","Buncombe",35.6062000008935,-82.5844
"541",2024-02-03,43,"Board Of Ed. Bldg.","PM2.5","Buncombe",35.6062000008935,-82.5844
"542",2024-02-04,31,"Board Of Ed. Bldg.","PM2.5","Buncombe",35.6062000008935,-82.5844
"543",2024-02-05,19,"Board Of Ed. Bldg.","PM2.5","Buncombe",35.6062000008935,-82.5844
"544",2024-02-06,38,"Board Of Ed. Bldg.","PM2.5","Buncombe",35.6062000008935,-82.5844
"545",2024-02-07,47,"Board Of Ed. Bldg.","PM2.5","Buncombe",35.6062000008935,-82.5844
"546",2024-02-08,54,"Board Of Ed. Bldg.","PM2.5","Buncombe",35.6062000008935,-82.5844
"547",2024-02-09,70,"Board Of Ed. Bldg.","PM2.5","Buncombe",35.6062000008935,-82.5844
"548",2024-02-10,53,"Board Of Ed. Bldg.","PM2.5","Buncombe",35.6062000008935,-82.5844
"549",2024-02-11,13,"Board Of Ed. Bldg.","PM2.5","Buncombe",35.6062000008935,-82.5844
"550",2024-02-12,11,"Board Of Ed. Bldg.","PM2.5","Buncombe",35.6062000008935,-82.5844
"551",2024-02-13,21,"Board Of Ed. Bldg.","PM2.5","Buncombe",35.6062000008935,-82.5844
"552",2024-02-14,26,"Board Of Ed. Bldg.","PM2.5","Buncombe",35.6062000008935,-82.5844
"553",2024-02-15,37,"Board Of Ed. Bldg.","PM2.5","Buncombe",35.6062000008935,-82.5844
"554",2024-02-16,44,"Board Of Ed. Bldg.","PM2.5","Buncombe",35.6062000008935,-82.5844
"555",2024-02-17,26,"Board Of Ed. Bldg.","PM2.5","Buncombe",35.6062000008935,-82.5844
"556",2024-02-18,25,"Board Of Ed. Bldg.","PM2.5","Buncombe",35.6062000008935,-82.5844
"557",2024-02-19,26,"Board Of Ed. Bldg.","PM2.5","Buncombe",35.6062000008935,-82.5844
"558",2024-02-20,54,"Board Of Ed. Bldg.","PM2.5","Buncombe",35.6062000008935,-82.5844
"559",2024-02-21,64,"Board Of Ed. Bldg.","PM2.5","Buncombe",35.6062000008935,-82.5844
"560",2024-02-22,80,"Board Of Ed. Bldg.","PM2.5","Buncombe",35.6062000008935,-82.5844
"561",2024-02-23,55,"Board Of Ed. Bldg.","PM2.5","Buncombe",35.6062000008935,-82.5844
"562",2024-02-24,18,"Board Of Ed. Bldg.","PM2.5","Buncombe",35.6062000008935,-82.5844
"563",2024-02-25,52,"Board Of Ed. Bldg.","PM2.5","Buncombe",35.6062000008935,-82.5844
"564",2024-02-26,65,"Board Of Ed. Bldg.","PM2.5","Buncombe",35.6062000008935,-82.5844
"565",2024-02-27,70,"Board Of Ed. Bldg.","PM2.5","Buncombe",35.6062000008935,-82.5844
"566",2024-02-28,48,"Board Of Ed. Bldg.","PM2.5","Buncombe",35.6062000008935,-82.5844
"567",2024-02-29,16,"Board Of Ed. Bldg.","PM2.5","Buncombe",35.6062000008935,-82.5844
"568",2024-03-01,21,"Board Of Ed. Bldg.","PM2.5","Buncombe",35.6062000008935,-82.5844
"569",2024-03-02,19,"Board Of Ed. Bldg.","PM2.5","Buncombe",35.6062000008935,-82.5844
"570",2024-03-03,33,"Board Of Ed. Bldg.","PM2.5","Buncombe",35.6062000008935,-82.5844
"571",2024-03-04,43,"Board Of Ed. Bldg.","PM2.5","Buncombe",35.6062000008935,-82.5844
"572",2024-03-05,43,"Board Of Ed. Bldg.","PM2.5","Buncombe",35.6062000008935,-82.5844
"573",2024-03-06,21,"Board Of Ed. Bldg.","PM2.5","Buncombe",35.6062000008935,-82.5844
"574",2024-03-07,13,"Board Of Ed. Bldg.","PM2.5","Buncombe",35.6062000008935,-82.5844
"575",2024-03-08,28,"Board Of Ed. Bldg.","PM2.5","Buncombe",35.6062000008935,-82.5844
"576",2024-03-09,8,"Board Of Ed. Bldg.","PM2.5","Buncombe",35.6062000008935,-82.5844
"577",2024-03-10,13,"Board Of Ed. Bldg.","PM2.5","Buncombe",35.6062000008935,-82.5844
"578",2024-03-11,11,"Board Of Ed. Bldg.","PM2.5","Buncombe",35.6062000008935,-82.5844
"579",2024-03-12,26,"Board Of Ed. Bldg.","PM2.5","Buncombe",35.6062000008935,-82.5844
"580",2024-03-13,52,"Board Of Ed. Bldg.","PM2.5","Buncombe",35.6062000008935,-82.5844
"581",2024-03-14,81,"Board Of Ed. Bldg.","PM2.5","Buncombe",35.6062000008935,-82.5844
"582",2024-03-15,61,"Board Of Ed. Bldg.","PM2.5","Buncombe",35.6062000008935,-82.5844
"583",2024-03-16,16,"Board Of Ed. Bldg.","PM2.5","Buncombe",35.6062000008935,-82.5844
"584",2024-03-17,23,"Board Of Ed. Bldg.","PM2.5","Buncombe",35.6062000008935,-82.5844
"585",2024-03-18,17,"Board Of Ed. Bldg.","PM2.5","Buncombe",35.6062000008935,-82.5844
"586",2024-03-19,51,"Board Of Ed. Bldg.","PM2.5","Buncombe",35.6062000008935,-82.5844
"587",2024-03-20,61,"Board Of Ed. Bldg.","PM2.5","Buncombe",35.6062000008935,-82.5844
"588",2024-03-21,52,"Board Of Ed. Bldg.","PM2.5","Buncombe",35.6062000008935,-82.5844
"589",2024-03-22,57,"Board Of Ed. Bldg.","PM2.5","Buncombe",35.6062000008935,-82.5844
"590",2024-03-23,31,"Board Of Ed. Bldg.","PM2.5","Buncombe",35.6062000008935,-82.5844
"591",2024-03-24,27,"Board Of Ed. Bldg.","PM2.5","Buncombe",35.6062000008935,-82.5844
"592",2024-03-25,23,"Board Of Ed. Bldg.","PM2.5","Buncombe",35.6062000008935,-82.5844
"593",2024-03-26,52,"Board Of Ed. Bldg.","PM2.5","Buncombe",35.6062000008935,-82.5844
"594",2024-03-27,30,"Board Of Ed. Bldg.","PM2.5","Buncombe",35.6062000008935,-82.5844
"595",2024-03-28,24,"Board Of Ed. Bldg.","PM2.5","Buncombe",35.6062000008935,-82.5844
"596",2024-03-29,36,"Board Of Ed. Bldg.","PM2.5","Buncombe",35.6062000008935,-82.5844
"597",2024-03-30,53,"Board Of Ed. Bldg.","PM2.5","Buncombe",35.6062000008935,-82.5844
"598",2024-03-31,48,"Board Of Ed. Bldg.","PM2.5","Buncombe",35.6062000008935,-82.5844
"599",2024-04-01,56,"Board Of Ed. Bldg.","PM2.5","Buncombe",35.6062000008935,-82.5844
"600",2024-04-02,62,"Board Of Ed. Bldg.","PM2.5","Buncombe",35.6062000008935,-82.5844
"601",2024-04-03,20,"Board Of Ed. Bldg.","PM2.5","Buncombe",35.6062000008935,-82.5844
"602",2024-04-04,16,"Board Of Ed. Bldg.","PM2.5","Buncombe",35.6062000008935,-82.5844
"603",2024-04-05,12,"Board Of Ed. Bldg.","PM2.5","Buncombe",35.6062000008935,-82.5844
"604",2024-04-06,16,"Board Of Ed. Bldg.","PM2.5","Buncombe",35.6062000008935,-82.5844
"605",2024-04-07,29,"Board Of Ed. Bldg.","PM2.5","Buncombe",35.6062000008935,-82.5844
"606",2024-04-08,53,"Board Of Ed. Bldg.","PM2.5","Buncombe",35.6062000008935,-82.5844
"607",2024-04-09,59,"Board Of Ed. Bldg.","PM2.5","Buncombe",35.6062000008935,-82.5844
"608",2024-04-10,38,"Board Of Ed. Bldg.","PM2.5","Buncombe",35.6062000008935,-82.5844
"609",2024-04-11,18,"Board Of Ed. Bldg.","PM2.5","Buncombe",35.6062000008935,-82.5844
"610",2024-04-12,17,"Board Of Ed. Bldg.","PM2.5","Buncombe",35.6062000008935,-82.5844
"611",2024-04-13,21,"Board Of Ed. Bldg.","PM2.5","Buncombe",35.6062000008935,-82.5844
"612",2024-04-14,35,"Board Of Ed. Bldg.","PM2.5","Buncombe",35.6062000008935,-82.5844
"613",2024-04-15,43,"Board Of Ed. Bldg.","PM2.5","Buncombe",35.6062000008935,-82.5844
"614",2024-04-16,63,"Board Of Ed. Bldg.","PM2.5","Buncombe",35.6062000008935,-82.5844
"615",2024-04-17,55,"Board Of Ed. Bldg.","PM2.5","Buncombe",35.6062000008935,-82.5844
"616",2024-04-18,47,"Board Of Ed. Bldg.","PM2.5","Buncombe",35.6062000008935,-82.5844
"617",2024-04-19,47,"Board Of Ed. Bldg.","PM2.5","Buncombe",35.6062000008935,-82.5844
"618",2024-04-20,21,"Board Of Ed. Bldg.","PM2.5","Buncombe",35.6062000008935,-82.5844
"619",2024-04-21,21,"Board Of Ed. Bldg.","PM2.5","Buncombe",35.6062000008935,-82.5844
"620",2024-04-22,22,"Board Of Ed. Bldg.","PM2.5","Buncombe",35.6062000008935,-82.5844
"621",2024-04-23,38,"Board Of Ed. Bldg.","PM2.5","Buncombe",35.6062000008935,-82.5844
"622",2024-04-24,41,"Board Of Ed. Bldg.","PM2.5","Buncombe",35.6062000008935,-82.5844
"623",2024-04-25,38,"Board Of Ed. Bldg.","PM2.5","Buncombe",35.6062000008935,-82.5844
"624",2024-04-26,54,"Board Of Ed. Bldg.","PM2.5","Buncombe",35.6062000008935,-82.5844
"625",2024-04-27,52,"Board Of Ed. Bldg.","PM2.5","Buncombe",35.6062000008935,-82.5844
"626",2024-04-28,36,"Board Of Ed. Bldg.","PM2.5","Buncombe",35.6062000008935,-82.5844
"627",2024-04-29,39,"Board Of Ed. Bldg.","PM2.5","Buncombe",35.6062000008935,-82.5844
"628",2024-04-30,38,"Board Of Ed. Bldg.","PM2.5","Buncombe",35.6062000008935,-82.5844
"629",2024-05-01,22,"Board Of Ed. Bldg.","PM2.5","Buncombe",35.6062000008935,-82.5844
"630",2024-05-02,39,"Board Of Ed. Bldg.","PM2.5","Buncombe",35.6062000008935,-82.5844
"631",2024-05-03,53,"Board Of Ed. Bldg.","PM2.5","Buncombe",35.6062000008935,-82.5844
"632",2024-05-04,49,"Board Of Ed. Bldg.","PM2.5","Buncombe",35.6062000008935,-82.5844
"633",2024-05-05,29,"Board Of Ed. Bldg.","PM2.5","Buncombe",35.6062000008935,-82.5844
"634",2024-05-06,29,"Board Of Ed. Bldg.","PM2.5","Buncombe",35.6062000008935,-82.5844
"635",2024-05-07,39,"Board Of Ed. Bldg.","PM2.5","Buncombe",35.6062000008935,-82.5844
"636",2024-05-08,42,"Board Of Ed. Bldg.","PM2.5","Buncombe",35.6062000008935,-82.5844
"637",2024-05-09,20,"Board Of Ed. Bldg.","PM2.5","Buncombe",35.6062000008935,-82.5844
"638",2024-05-10,21,"Board Of Ed. Bldg.","PM2.5","Buncombe",35.6062000008935,-82.5844
"639",2024-05-11,21,"Board Of Ed. Bldg.","PM2.5","Buncombe",35.6062000008935,-82.5844
"640",2024-05-12,34,"Board Of Ed. Bldg.","PM2.5","Buncombe",35.6062000008935,-82.5844
"641",2024-05-13,47,"Board Of Ed. Bldg.","PM2.5","Buncombe",35.6062000008935,-82.5844
"642",2024-05-14,18,"Board Of Ed. Bldg.","PM2.5","Buncombe",35.6062000008935,-82.5844
"643",2024-05-15,21,"Board Of Ed. Bldg.","PM2.5","Buncombe",35.6062000008935,-82.5844
"644",2024-05-16,23,"Board Of Ed. Bldg.","PM2.5","Buncombe",35.6062000008935,-82.5844
"645",2024-05-17,36,"Board Of Ed. Bldg.","PM2.5","Buncombe",35.6062000008935,-82.5844
"646",2024-05-18,31,"Board Of Ed. Bldg.","PM2.5","Buncombe",35.6062000008935,-82.5844
"647",2024-05-19,23,"Board Of Ed. Bldg.","PM2.5","Buncombe",35.6062000008935,-82.5844
"648",2024-05-20,29,"Board Of Ed. Bldg.","PM2.5","Buncombe",35.6062000008935,-82.5844
"649",2024-05-21,47,"Board Of Ed. Bldg.","PM2.5","Buncombe",35.6062000008935,-82.5844
"650",2024-05-22,52,"Board Of Ed. Bldg.","PM2.5","Buncombe",35.6062000008935,-82.5844
"651",2024-05-23,44,"Board Of Ed. Bldg.","PM2.5","Buncombe",35.6062000008935,-82.5844
"652",2024-05-24,34,"Board Of Ed. Bldg.","PM2.5","Buncombe",35.6062000008935,-82.5844
"653",2024-05-25,36,"Board Of Ed. Bldg.","PM2.5","Buncombe",35.6062000008935,-82.5844
"654",2024-05-26,40,"Board Of Ed. Bldg.","PM2.5","Buncombe",35.6062000008935,-82.5844
"655",2024-05-27,30,"Board Of Ed. Bldg.","PM2.5","Buncombe",35.6062000008935,-82.5844
"656",2024-05-28,23,"Board Of Ed. Bldg.","PM2.5","Buncombe",35.6062000008935,-82.5844
"657",2024-05-29,22,"Board Of Ed. Bldg.","PM2.5","Buncombe",35.6062000008935,-82.5844
"658",2024-05-30,19,"Board Of Ed. Bldg.","PM2.5","Buncombe",35.6062000008935,-82.5844
"659",2024-05-31,33,"Board Of Ed. Bldg.","PM2.5","Buncombe",35.6062000008935,-82.5844
"660",2024-06-01,40,"Board Of Ed. Bldg.","PM2.5","Buncombe",35.6062000008935,-82.5844
"661",2024-06-02,34,"Board Of Ed. Bldg.","PM2.5","Buncombe",35.6062000008935,-82.5844
"662",2024-06-03,38,"Board Of Ed. Bldg.","PM2.5","Buncombe",35.6062000008935,-82.5844
"663",2024-06-04,36,"Board Of Ed. Bldg.","PM2.5","Buncombe",35.6062000008935,-82.5844
"664",2024-06-05,33,"Board Of Ed. Bldg.","PM2.5","Buncombe",35.6062000008935,-82.5844
"665",2024-06-06,39,"Board Of Ed. Bldg.","PM2.5","Buncombe",35.6062000008935,-82.5844
"666",2024-06-07,27,"Board Of Ed. Bldg.","PM2.5","Buncombe",35.6062000008935,-82.5844
"667",2024-06-08,27,"Board Of Ed. Bldg.","PM2.5","Buncombe",35.6062000008935,-82.5844
"668",2024-06-09,33,"Board Of Ed. Bldg.","PM2.5","Buncombe",35.6062000008935,-82.5844
"669",2024-06-10,23,"Board Of Ed. Bldg.","PM2.5","Buncombe",35.6062000008935,-82.5844
"670",2024-06-11,33,"Board Of Ed. Bldg.","PM2.5","Buncombe",35.6062000008935,-82.5844
"671",2024-06-12,56,"Board Of Ed. Bldg.","PM2.5","Buncombe",35.6062000008935,-82.5844
"672",2024-06-13,61,"Board Of Ed. Bldg.","PM2.5","Buncombe",35.6062000008935,-82.5844
"673",2024-06-14,63,"Board Of Ed. Bldg.","PM2.5","Buncombe",35.6062000008935,-82.5844
"674",2024-06-15,60,"Board Of Ed. Bldg.","PM2.5","Buncombe",35.6062000008935,-82.5844
"675",2024-06-16,60,"Board Of Ed. Bldg.","PM2.5","Buncombe",35.6062000008935,-82.5844
"676",2024-06-17,66,"Board Of Ed. Bldg.","PM2.5","Buncombe",35.6062000008935,-82.5844
"677",2024-06-18,61,"Board Of Ed. Bldg.","PM2.5","Buncombe",35.6062000008935,-82.5844
"678",2024-06-19,52,"Board Of Ed. Bldg.","PM2.5","Buncombe",35.6062000008935,-82.5844
"679",2024-06-20,51,"Board Of Ed. Bldg.","PM2.5","Buncombe",35.6062000008935,-82.5844
"680",2024-06-21,52,"Board Of Ed. Bldg.","PM2.5","Buncombe",35.6062000008935,-82.5844
"681",2024-06-22,48,"Board Of Ed. Bldg.","PM2.5","Buncombe",35.6062000008935,-82.5844
"682",2024-06-23,55,"Board Of Ed. Bldg.","PM2.5","Buncombe",35.6062000008935,-82.5844
"683",2024-06-24,40,"Board Of Ed. Bldg.","PM2.5","Buncombe",35.6062000008935,-82.5844
"684",2024-06-25,32,"Board Of Ed. Bldg.","PM2.5","Buncombe",35.6062000008935,-82.5844
"685",2024-06-26,46,"Board Of Ed. Bldg.","PM2.5","Buncombe",35.6062000008935,-82.5844
"686",2024-06-27,41,"Board Of Ed. Bldg.","PM2.5","Buncombe",35.6062000008935,-82.5844
"687",2024-06-28,60,"Board Of Ed. Bldg.","PM2.5","Buncombe",35.6062000008935,-82.5844
"688",2024-06-29,36,"Board Of Ed. Bldg.","PM2.5","Buncombe",35.6062000008935,-82.5844
"689",2024-06-30,38,"Board Of Ed. Bldg.","PM2.5","Buncombe",35.6062000008935,-82.5844
"690",2024-07-01,29,"Board Of Ed. Bldg.","PM2.5","Buncombe",35.6062000008935,-82.5844
"691",2024-07-02,28,"Board Of Ed. Bldg.","PM2.5","Buncombe",35.6062000008935,-82.5844
"692",2024-07-03,39,"Board Of Ed. Bldg.","PM2.5","Buncombe",35.6062000008935,-82.5844
"693",2024-07-04,56,"Board Of Ed. Bldg.","PM2.5","Buncombe",35.6062000008935,-82.5844
"694",2024-07-05,58,"Board Of Ed. Bldg.","PM2.5","Buncombe",35.6062000008935,-82.5844
"695",2024-07-06,31,"Board Of Ed. Bldg.","PM2.5","Buncombe",35.6062000008935,-82.5844
"696",2024-07-07,39,"Board Of Ed. Bldg.","PM2.5","Buncombe",35.6062000008935,-82.5844
"697",2024-07-08,35,"Board Of Ed. Bldg.","PM2.5","Buncombe",35.6062000008935,-82.5844
"698",2024-07-09,42,"Board Of Ed. Bldg.","PM2.5","Buncombe",35.6062000008935,-82.5844
"699",2024-07-10,22,"Board Of Ed. Bldg.","PM2.5","Buncombe",35.6062000008935,-82.5844
"700",2024-07-11,28,"Board Of Ed. Bldg.","PM2.5","Buncombe",35.6062000008935,-82.5844
"701",2024-07-12,38,"Board Of Ed. Bldg.","PM2.5","Buncombe",35.6062000008935,-82.5844
"702",2024-07-13,49,"Board Of Ed. Bldg.","PM2.5","Buncombe",35.6062000008935,-82.5844
"703",2024-07-14,56,"Board Of Ed. Bldg.","PM2.5","Buncombe",35.6062000008935,-82.5844
"704",2024-07-15,60,"Board Of Ed. Bldg.","PM2.5","Buncombe",35.6062000008935,-82.5844
"705",2024-07-16,56,"Board Of Ed. Bldg.","PM2.5","Buncombe",35.6062000008935,-82.5844
"706",2024-07-17,46,"Board Of Ed. Bldg.","PM2.5","Buncombe",35.6062000008935,-82.5844
"707",2024-07-18,39,"Board Of Ed. Bldg.","PM2.5","Buncombe",35.6062000008935,-82.5844
"708",2024-07-19,38,"Board Of Ed. Bldg.","PM2.5","Buncombe",35.6062000008935,-82.5844
"709",2024-07-20,31,"Board Of Ed. Bldg.","PM2.5","Buncombe",35.6062000008935,-82.5844
"710",2024-07-21,21,"Board Of Ed. Bldg.","PM2.5","Buncombe",35.6062000008935,-82.5844
"711",2024-07-22,26,"Board Of Ed. Bldg.","PM2.5","Buncombe",35.6062000008935,-82.5844
"712",2024-07-23,34,"Board Of Ed. Bldg.","PM2.5","Buncombe",35.6062000008935,-82.5844
"713",2024-07-24,43,"Board Of Ed. Bldg.","PM2.5","Buncombe",35.6062000008935,-82.5844
"714",2024-07-25,25,"Board Of Ed. Bldg.","PM2.5","Buncombe",35.6062000008935,-82.5844
"715",2024-07-26,61,"Board Of Ed. Bldg.","PM2.5","Buncombe",35.6062000008935,-82.5844
"716",2024-07-27,62,"Board Of Ed. Bldg.","PM2.5","Buncombe",35.6062000008935,-82.5844
"717",2024-07-28,60,"Board Of Ed. Bldg.","PM2.5","Buncombe",35.6062000008935,-82.5844
"718",2024-07-29,43,"Board Of Ed. Bldg.","PM2.5","Buncombe",35.6062000008935,-82.5844
"719",2024-07-30,24,"Board Of Ed. Bldg.","PM2.5","Buncombe",35.6062000008935,-82.5844
"720",2024-07-31,35,"Board Of Ed. Bldg.","PM2.5","Buncombe",35.6062000008935,-82.5844
"721",2024-08-01,41,"Board Of Ed. Bldg.","PM2.5","Buncombe",35.6062000008935,-82.5844
"722",2024-08-02,55,"Board Of Ed. Bldg.","PM2.5","Buncombe",35.6062000008935,-82.5844
"723",2024-08-03,48,"Board Of Ed. Bldg.","PM2.5","Buncombe",35.6062000008935,-82.5844
"724",2024-08-04,52,"Board Of Ed. Bldg.","PM2.5","Buncombe",35.6062000008935,-82.5844
"725",2024-08-05,53,"Board Of Ed. Bldg.","PM2.5","Buncombe",35.6062000008935,-82.5844
"726",2024-08-06,41,"Board Of Ed. Bldg.","PM2.5","Buncombe",35.6062000008935,-82.5844
"727",2024-08-07,30,"Board Of Ed. Bldg.","PM2.5","Buncombe",35.6062000008935,-82.5844
"728",2024-08-08,21,"Board Of Ed. Bldg.","PM2.5","Buncombe",35.6062000008935,-82.5844
"729",2024-08-09,47,"Board Of Ed. Bldg.","PM2.5","Buncombe",35.6062000008935,-82.5844
"730",2024-08-10,55,"Board Of Ed. Bldg.","PM2.5","Buncombe",35.6062000008935,-82.5844
"731",2024-08-11,51,"Board Of Ed. Bldg.","PM2.5","Buncombe",35.6062000008935,-82.5844
"732",2024-08-12,44,"Board Of Ed. Bldg.","PM2.5","Buncombe",35.6062000008935,-82.5844
"733",2024-08-13,53,"Board Of Ed. Bldg.","PM2.5","Buncombe",35.6062000008935,-82.5844
"734",2024-08-14,55,"Board Of Ed. Bldg.","PM2.5","Buncombe",35.6062000008935,-82.5844
"735",2024-08-15,57,"Board Of Ed. Bldg.","PM2.5","Buncombe",35.6062000008935,-82.5844
"736",2024-08-16,57,"Board Of Ed. Bldg.","PM2.5","Buncombe",35.6062000008935,-82.5844
"737",2024-08-17,42,"Board Of Ed. Bldg.","PM2.5","Buncombe",35.6062000008935,-82.5844
"738",2024-08-18,37,"Board Of Ed. Bldg.","PM2.5","Buncombe",35.6062000008935,-82.5844
"739",2024-08-19,28,"Board Of Ed. Bldg.","PM2.5","Buncombe",35.6062000008935,-82.5844
"740",2024-08-20,50,"Board Of Ed. Bldg.","PM2.5","Buncombe",35.6062000008935,-82.5844
"741",2024-08-21,53,"Board Of Ed. Bldg.","PM2.5","Buncombe",35.6062000008935,-82.5844
"742",2024-08-22,55,"Board Of Ed. Bldg.","PM2.5","Buncombe",35.6062000008935,-82.5844
"743",2024-08-23,55,"Board Of Ed. Bldg.","PM2.5","Buncombe",35.6062000008935,-82.5844
"744",2024-08-24,57,"Board Of Ed. Bldg.","PM2.5","Buncombe",35.6062000008935,-82.5844
"745",2024-08-25,59,"Board Of Ed. Bldg.","PM2.5","Buncombe",35.6062000008935,-82.5844
"746",2024-08-26,65,"Board Of Ed. Bldg.","PM2.5","Buncombe",35.6062000008935,-82.5844
"747",2024-08-27,66,"Board Of Ed. Bldg.","PM2.5","Buncombe",35.6062000008935,-82.5844
"748",2024-08-28,69,"Board Of Ed. Bldg.","PM2.5","Buncombe",35.6062000008935,-82.5844
"749",2024-08-29,65,"Board Of Ed. Bldg.","PM2.5","Buncombe",35.6062000008935,-82.5844
"750",2024-08-30,60,"Board Of Ed. Bldg.","PM2.5","Buncombe",35.6062000008935,-82.5844
"751",2024-08-31,55,"Board Of Ed. Bldg.","PM2.5","Buncombe",35.6062000008935,-82.5844
"752",2024-09-01,44,"Board Of Ed. Bldg.","PM2.5","Buncombe",35.6062000008935,-82.5844
"753",2024-09-02,37,"Board Of Ed. Bldg.","PM2.5","Buncombe",35.6062000008935,-82.5844
"754",2024-09-03,29,"Board Of Ed. Bldg.","PM2.5","Buncombe",35.6062000008935,-82.5844
"755",2024-09-04,22,"Board Of Ed. Bldg.","PM2.5","Buncombe",35.6062000008935,-82.5844
"756",2024-09-05,35,"Board Of Ed. Bldg.","PM2.5","Buncombe",35.6062000008935,-82.5844
"757",2024-09-06,39,"Board Of Ed. Bldg.","PM2.5","Buncombe",35.6062000008935,-82.5844
"758",2024-09-07,33,"Board Of Ed. Bldg.","PM2.5","Buncombe",35.6062000008935,-82.5844
"759",2024-09-08,22,"Board Of Ed. Bldg.","PM2.5","Buncombe",35.6062000008935,-82.5844
"760",2024-09-09,31,"Board Of Ed. Bldg.","PM2.5","Buncombe",35.6062000008935,-82.5844
"761",2024-09-10,33,"Board Of Ed. Bldg.","PM2.5","Buncombe",35.6062000008935,-82.5844
"762",2024-09-11,52,"Board Of Ed. Bldg.","PM2.5","Buncombe",35.6062000008935,-82.5844
"763",2024-09-12,54,"Board Of Ed. Bldg.","PM2.5","Buncombe",35.6062000008935,-82.5844
"764",2024-09-13,34,"Board Of Ed. Bldg.","PM2.5","Buncombe",35.6062000008935,-82.5844
"765",2024-09-14,27,"Board Of Ed. Bldg.","PM2.5","Buncombe",35.6062000008935,-82.5844
"766",2024-09-15,33,"Board Of Ed. Bldg.","PM2.5","Buncombe",35.6062000008935,-82.5844
"767",2024-09-16,41,"Board Of Ed. Bldg.","PM2.5","Buncombe",35.6062000008935,-82.5844
"768",2024-09-17,14,"Board Of Ed. Bldg.","PM2.5","Buncombe",35.6062000008935,-82.5844
"769",2024-09-18,23,"Board Of Ed. Bldg.","PM2.5","Buncombe",35.6062000008935,-82.5844
"770",2024-09-19,29,"Board Of Ed. Bldg.","PM2.5","Buncombe",35.6062000008935,-82.5844
"771",2024-09-20,35,"Board Of Ed. Bldg.","PM2.5","Buncombe",35.6062000008935,-82.5844
"772",2024-09-21,51,"Board Of Ed. Bldg.","PM2.5","Buncombe",35.6062000008935,-82.5844
"773",2024-09-22,55,"Board Of Ed. Bldg.","PM2.5","Buncombe",35.6062000008935,-82.5844
"774",2024-09-23,55,"Board Of Ed. Bldg.","PM2.5","Buncombe",35.6062000008935,-82.5844
"775",2024-09-24,60,"Board Of Ed. Bldg.","PM2.5","Buncombe",35.6062000008935,-82.5844
"776",2024-09-25,38,"Board Of Ed. Bldg.","PM2.5","Buncombe",35.6062000008935,-82.5844
"777",2024-09-26,8,"Board Of Ed. Bldg.","PM2.5","Buncombe",35.6062000008935,-82.5844
"778",2024-10-04,58,"Board Of Ed. Bldg.","PM2.5","Buncombe",35.6062000008935,-82.5844
"779",2024-10-05,54,"Board Of Ed. Bldg.","PM2.5","Buncombe",35.6062000008935,-82.5844
"780",2024-10-06,64,"Board Of Ed. Bldg.","PM2.5","Buncombe",35.6062000008935,-82.5844
"781",2024-10-07,56,"Board Of Ed. Bldg.","PM2.5","Buncombe",35.6062000008935,-82.5844
"782",2024-10-08,54,"Board Of Ed. Bldg.","PM2.5","Buncombe",35.6062000008935,-82.5844
"783",2024-10-09,36,"Board Of Ed. Bldg.","PM2.5","Buncombe",35.6062000008935,-82.5844
"784",2024-10-10,27,"Board Of Ed. Bldg.","PM2.5","Buncombe",35.6062000008935,-82.5844
"785",2024-10-11,47,"Board Of Ed. Bldg.","PM2.5","Buncombe",35.6062000008935,-82.5844
"786",2024-10-12,51,"Board Of Ed. Bldg.","PM2.5","Buncombe",35.6062000008935,-82.5844
"787",2024-10-13,61,"Board Of Ed. Bldg.","PM2.5","Buncombe",35.6062000008935,-82.5844
"788",2024-10-14,43,"Board Of Ed. Bldg.","PM2.5","Buncombe",35.6062000008935,-82.5844
"789",2024-10-15,23,"Board Of Ed. Bldg.","PM2.5","Buncombe",35.6062000008935,-82.5844
"790",2024-10-16,17,"Board Of Ed. Bldg.","PM2.5","Buncombe",35.6062000008935,-82.5844
"791",2024-10-17,24,"Board Of Ed. Bldg.","PM2.5","Buncombe",35.6062000008935,-82.5844
"792",2024-10-20,56,"Board Of Ed. Bldg.","PM2.5","Buncombe",35.6062000008935,-82.5844
"793",2024-10-21,54,"Board Of Ed. Bldg.","PM2.5","Buncombe",35.6062000008935,-82.5844
"794",2024-10-22,53,"Board Of Ed. Bldg.","PM2.5","Buncombe",35.6062000008935,-82.5844
"795",2024-10-23,58,"Board Of Ed. Bldg.","PM2.5","Buncombe",35.6062000008935,-82.5844
"796",2024-10-24,54,"Board Of Ed. Bldg.","PM2.5","Buncombe",35.6062000008935,-82.5844
"797",2024-10-25,61,"Board Of Ed. Bldg.","PM2.5","Buncombe",35.6062000008935,-82.5844
"798",2024-10-26,65,"Board Of Ed. Bldg.","PM2.5","Buncombe",35.6062000008935,-82.5844
"799",2024-10-27,52,"Board Of Ed. Bldg.","PM2.5","Buncombe",35.6062000008935,-82.5844
"800",2024-10-28,54,"Board Of Ed. Bldg.","PM2.5","Buncombe",35.6062000008935,-82.5844
"801",2024-10-29,55,"Board Of Ed. Bldg.","PM2.5","Buncombe",35.6062000008935,-82.5844
"802",2024-10-30,46,"Board Of Ed. Bldg.","PM2.5","Buncombe",35.6062000008935,-82.5844
"803",2024-10-31,38,"Board Of Ed. Bldg.","PM2.5","Buncombe",35.6062000008935,-82.5844
"804",2024-11-01,49,"Board Of Ed. Bldg.","PM2.5","Buncombe",35.6062000008935,-82.5844
"805",2024-11-02,40,"Board Of Ed. Bldg.","PM2.5","Buncombe",35.6062000008935,-82.5844
"806",2024-11-03,49,"Board Of Ed. Bldg.","PM2.5","Buncombe",35.6062000008935,-82.5844
"807",2024-11-04,49,"Board Of Ed. Bldg.","PM2.5","Buncombe",35.6062000008935,-82.5844
"808",2024-11-05,22,"Board Of Ed. Bldg.","PM2.5","Buncombe",35.6062000008935,-82.5844
"809",2024-11-06,34,"Board Of Ed. Bldg.","PM2.5","Buncombe",35.6062000008935,-82.5844
"810",2024-11-07,32,"Board Of Ed. Bldg.","PM2.5","Buncombe",35.6062000008935,-82.5844
"811",2024-11-08,42,"Board Of Ed. Bldg.","PM2.5","Buncombe",35.6062000008935,-82.5844
"812",2024-11-09,42,"Board Of Ed. Bldg.","PM2.5","Buncombe",35.6062000008935,-82.5844
"813",2024-11-10,44,"Board Of Ed. Bldg.","PM2.5","Buncombe",35.6062000008935,-82.5844
"814",2024-11-11,31,"Board Of Ed. Bldg.","PM2.5","Buncombe",35.6062000008935,-82.5844
"815",2024-11-12,27,"Board Of Ed. Bldg.","PM2.5","Buncombe",35.6062000008935,-82.5844
"816",2024-11-13,24,"Board Of Ed. Bldg.","PM2.5","Buncombe",35.6062000008935,-82.5844
"817",2024-11-14,28,"Board Of Ed. Bldg.","PM2.5","Buncombe",35.6062000008935,-82.5844
"818",2024-11-15,19,"Board Of Ed. Bldg.","PM2.5","Buncombe",35.6062000008935,-82.5844
"819",2024-11-16,33,"Board Of Ed. Bldg.","PM2.5","Buncombe",35.6062000008935,-82.5844
"820",2024-11-17,61,"Board Of Ed. Bldg.","PM2.5","Buncombe",35.6062000008935,-82.5844
"821",2024-11-18,55,"Board Of Ed. Bldg.","PM2.5","Buncombe",35.6062000008935,-82.5844
"822",2024-11-19,56,"Board Of Ed. Bldg.","PM2.5","Buncombe",35.6062000008935,-82.5844
"823",2024-11-20,32,"Board Of Ed. Bldg.","PM2.5","Buncombe",35.6062000008935,-82.5844
"824",2024-11-21,13,"Board Of Ed. Bldg.","PM2.5","Buncombe",35.6062000008935,-82.5844
"825",2024-11-22,14,"Board Of Ed. Bldg.","PM2.5","Buncombe",35.6062000008935,-82.5844
"826",2024-11-23,16,"Board Of Ed. Bldg.","PM2.5","Buncombe",35.6062000008935,-82.5844
"827",2024-11-24,47,"Board Of Ed. Bldg.","PM2.5","Buncombe",35.6062000008935,-82.5844
"828",2024-11-25,55,"Board Of Ed. Bldg.","PM2.5","Buncombe",35.6062000008935,-82.5844
"829",2024-11-26,47,"Board Of Ed. Bldg.","PM2.5","Buncombe",35.6062000008935,-82.5844
"830",2024-11-27,56,"Board Of Ed. Bldg.","PM2.5","Buncombe",35.6062000008935,-82.5844
"831",2024-11-28,34,"Board Of Ed. Bldg.","PM2.5","Buncombe",35.6062000008935,-82.5844
"832",2024-11-29,41,"Board Of Ed. Bldg.","PM2.5","Buncombe",35.6062000008935,-82.5844
"833",2024-11-30,27,"Board Of Ed. Bldg.","PM2.5","Buncombe",35.6062000008935,-82.5844
"834",2024-12-01,54,"Board Of Ed. Bldg.","PM2.5","Buncombe",35.6062000008935,-82.5844
"835",2024-12-02,26,"Board Of Ed. Bldg.","PM2.5","Buncombe",35.6062000008935,-82.5844
"836",2024-12-03,39,"Board Of Ed. Bldg.","PM2.5","Buncombe",35.6062000008935,-82.5844
"837",2024-12-04,62,"Board Of Ed. Bldg.","PM2.5","Buncombe",35.6062000008935,-82.5844
"838",2024-12-05,36,"Board Of Ed. Bldg.","PM2.5","Buncombe",35.6062000008935,-82.5844
"839",2024-12-06,27,"Board Of Ed. Bldg.","PM2.5","Buncombe",35.6062000008935,-82.5844
"840",2024-12-07,49,"Board Of Ed. Bldg.","PM2.5","Buncombe",35.6062000008935,-82.5844
"841",2024-12-08,56,"Board Of Ed. Bldg.","PM2.5","Buncombe",35.6062000008935,-82.5844
"842",2024-12-09,37,"Board Of Ed. Bldg.","PM2.5","Buncombe",35.6062000008935,-82.5844
"843",2024-12-10,43,"Board Of Ed. Bldg.","PM2.5","Buncombe",35.6062000008935,-82.5844
"844",2024-12-11,16,"Board Of Ed. Bldg.","PM2.5","Buncombe",35.6062000008935,-82.5844
"845",2024-12-12,34,"Board Of Ed. Bldg.","PM2.5","Buncombe",35.6062000008935,-82.5844
"846",2024-12-13,61,"Board Of Ed. Bldg.","PM2.5","Buncombe",35.6062000008935,-82.5844
"847",2024-12-14,58,"Board Of Ed. Bldg.","PM2.5","Buncombe",35.6062000008935,-82.5844
"848",2024-12-15,26,"Board Of Ed. Bldg.","PM2.5","Buncombe",35.6062000008935,-82.5844
"849",2024-12-16,32,"Board Of Ed. Bldg.","PM2.5","Buncombe",35.6062000008935,-82.5844
"850",2024-12-17,42,"Board Of Ed. Bldg.","PM2.5","Buncombe",35.6062000008935,-82.5844
"851",2024-12-18,30,"Board Of Ed. Bldg.","PM2.5","Buncombe",35.6062000008935,-82.5844
"852",2024-12-19,18,"Board Of Ed. Bldg.","PM2.5","Buncombe",35.6062000008935,-82.5844
"853",2024-12-20,37,"Board Of Ed. Bldg.","PM2.5","Buncombe",35.6062000008935,-82.5844
"854",2024-12-21,34,"Board Of Ed. Bldg.","PM2.5","Buncombe",35.6062000008935,-82.5844
"855",2024-12-22,38,"Board Of Ed. Bldg.","PM2.5","Buncombe",35.6062000008935,-82.5844
"856",2024-12-23,55,"Board Of Ed. Bldg.","PM2.5","Buncombe",35.6062000008935,-82.5844
"857",2024-12-24,62,"Board Of Ed. Bldg.","PM2.5","Buncombe",35.6062000008935,-82.5844
"858",2024-12-25,62,"Board Of Ed. Bldg.","PM2.5","Buncombe",35.6062000008935,-82.5844
"859",2024-12-26,60,"Board Of Ed. Bldg.","PM2.5","Buncombe",35.6062000008935,-82.5844
"860",2024-12-27,56,"Board Of Ed. Bldg.","PM2.5","Buncombe",35.6062000008935,-82.5844
"861",2024-12-28,22,"Board Of Ed. Bldg.","PM2.5","Buncombe",35.6062000008935,-82.5844
"862",2024-12-29,11,"Board Of Ed. Bldg.","PM2.5","Buncombe",35.6062000008935,-82.5844
"863",2024-12-30,29,"Board Of Ed. Bldg.","PM2.5","Buncombe",35.6062000008935,-82.5844
"864",2024-12-31,26,"Board Of Ed. Bldg.","PM2.5","Buncombe",35.6062000008935,-82.5844
"865",2024-01-01,41,"Hickory Water Tower","PM2.5","Catawba",35.728889,-81.365556
"866",2024-01-02,16,"Hickory Water Tower","PM2.5","Catawba",35.728889,-81.365556
"867",2024-01-03,55,"Hickory Water Tower","PM2.5","Catawba",35.728889,-81.365556
"868",2024-01-04,33,"Hickory Water Tower","PM2.5","Catawba",35.728889,-81.365556
"869",2024-01-05,45,"Hickory Water Tower","PM2.5","Catawba",35.728889,-81.365556
"870",2024-01-06,44,"Hickory Water Tower","PM2.5","Catawba",35.728889,-81.365556
"871",2024-01-07,9,"Hickory Water Tower","PM2.5","Catawba",35.728889,-81.365556
"872",2024-01-08,18,"Hickory Water Tower","PM2.5","Catawba",35.728889,-81.365556
"873",2024-01-09,17,"Hickory Water Tower","PM2.5","Catawba",35.728889,-81.365556
"874",2024-01-10,10,"Hickory Water Tower","PM2.5","Catawba",35.728889,-81.365556
"875",2024-01-11,45,"Hickory Water Tower","PM2.5","Catawba",35.728889,-81.365556
"876",2024-01-12,56,"Hickory Water Tower","PM2.5","Catawba",35.728889,-81.365556
"877",2024-01-13,13,"Hickory Water Tower","PM2.5","Catawba",35.728889,-81.365556
"878",2024-01-14,21,"Hickory Water Tower","PM2.5","Catawba",35.728889,-81.365556
"879",2024-01-15,41,"Hickory Water Tower","PM2.5","Catawba",35.728889,-81.365556
"880",2024-01-16,39,"Hickory Water Tower","PM2.5","Catawba",35.728889,-81.365556
"881",2024-01-17,19,"Hickory Water Tower","PM2.5","Catawba",35.728889,-81.365556
"882",2024-01-18,47,"Hickory Water Tower","PM2.5","Catawba",35.728889,-81.365556
"883",2024-01-19,32,"Hickory Water Tower","PM2.5","Catawba",35.728889,-81.365556
"884",2024-01-20,18,"Hickory Water Tower","PM2.5","Catawba",35.728889,-81.365556
"885",2024-01-21,18,"Hickory Water Tower","PM2.5","Catawba",35.728889,-81.365556
"886",2024-01-22,54,"Hickory Water Tower","PM2.5","Catawba",35.728889,-81.365556
"887",2024-01-23,58,"Hickory Water Tower","PM2.5","Catawba",35.728889,-81.365556
"888",2024-01-24,53,"Hickory Water Tower","PM2.5","Catawba",35.728889,-81.365556
"889",2024-01-25,24,"Hickory Water Tower","PM2.5","Catawba",35.728889,-81.365556
"890",2024-01-26,24,"Hickory Water Tower","PM2.5","Catawba",35.728889,-81.365556
"891",2024-01-27,23,"Hickory Water Tower","PM2.5","Catawba",35.728889,-81.365556
"892",2024-01-28,1,"Hickory Water Tower","PM2.5","Catawba",35.728889,-81.365556
"893",2024-01-29,1,"Hickory Water Tower","PM2.5","Catawba",35.728889,-81.365556
"894",2024-01-30,30,"Hickory Water Tower","PM2.5","Catawba",35.728889,-81.365556
"895",2024-01-31,22,"Hickory Water Tower","PM2.5","Catawba",35.728889,-81.365556
"896",2024-02-01,47,"Hickory Water Tower","PM2.5","Catawba",35.728889,-81.365556
"897",2024-02-02,31,"Hickory Water Tower","PM2.5","Catawba",35.728889,-81.365556
"898",2024-02-03,26,"Hickory Water Tower","PM2.5","Catawba",35.728889,-81.365556
"899",2024-02-04,53,"Hickory Water Tower","PM2.5","Catawba",35.728889,-81.365556
"900",2024-02-05,32,"Hickory Water Tower","PM2.5","Catawba",35.728889,-81.365556
"901",2024-02-06,46,"Hickory Water Tower","PM2.5","Catawba",35.728889,-81.365556
"902",2024-02-07,41,"Hickory Water Tower","PM2.5","Catawba",35.728889,-81.365556
"903",2024-02-08,63,"Hickory Water Tower","PM2.5","Catawba",35.728889,-81.365556
"904",2024-02-09,72,"Hickory Water Tower","PM2.5","Catawba",35.728889,-81.365556
"905",2024-02-10,67,"Hickory Water Tower","PM2.5","Catawba",35.728889,-81.365556
"906",2024-02-11,17,"Hickory Water Tower","PM2.5","Catawba",35.728889,-81.365556
"907",2024-02-12,21,"Hickory Water Tower","PM2.5","Catawba",35.728889,-81.365556
"908",2024-02-13,3,"Hickory Water Tower","PM2.5","Catawba",35.728889,-81.365556
"909",2024-02-14,21,"Hickory Water Tower","PM2.5","Catawba",35.728889,-81.365556
"910",2024-02-15,33,"Hickory Water Tower","PM2.5","Catawba",35.728889,-81.365556
"911",2024-02-16,42,"Hickory Water Tower","PM2.5","Catawba",35.728889,-81.365556
"912",2024-02-17,18,"Hickory Water Tower","PM2.5","Catawba",35.728889,-81.365556
"913",2024-02-18,24,"Hickory Water Tower","PM2.5","Catawba",35.728889,-81.365556
"914",2024-02-19,37,"Hickory Water Tower","PM2.5","Catawba",35.728889,-81.365556
"915",2024-02-20,58,"Hickory Water Tower","PM2.5","Catawba",35.728889,-81.365556
"916",2024-02-21,62,"Hickory Water Tower","PM2.5","Catawba",35.728889,-81.365556
"917",2024-02-22,72,"Hickory Water Tower","PM2.5","Catawba",35.728889,-81.365556
"918",2024-02-23,60,"Hickory Water Tower","PM2.5","Catawba",35.728889,-81.365556
"919",2024-02-24,16,"Hickory Water Tower","PM2.5","Catawba",35.728889,-81.365556
"920",2024-02-25,46,"Hickory Water Tower","PM2.5","Catawba",35.728889,-81.365556
"921",2024-02-26,53,"Hickory Water Tower","PM2.5","Catawba",35.728889,-81.365556
"922",2024-02-27,66,"Hickory Water Tower","PM2.5","Catawba",35.728889,-81.365556
"923",2024-02-28,50,"Hickory Water Tower","PM2.5","Catawba",35.728889,-81.365556
"924",2024-02-29,8,"Hickory Water Tower","PM2.5","Catawba",35.728889,-81.365556
"925",2024-03-01,44,"Hickory Water Tower","PM2.5","Catawba",35.728889,-81.365556
"926",2024-03-02,23,"Hickory Water Tower","PM2.5","Catawba",35.728889,-81.365556
"927",2024-03-03,39,"Hickory Water Tower","PM2.5","Catawba",35.728889,-81.365556
"928",2024-03-04,43,"Hickory Water Tower","PM2.5","Catawba",35.728889,-81.365556
"929",2024-03-05,56,"Hickory Water Tower","PM2.5","Catawba",35.728889,-81.365556
"930",2024-03-06,43,"Hickory Water Tower","PM2.5","Catawba",35.728889,-81.365556
"931",2024-03-07,14,"Hickory Water Tower","PM2.5","Catawba",35.728889,-81.365556
"932",2024-03-08,46,"Hickory Water Tower","PM2.5","Catawba",35.728889,-81.365556
"933",2024-03-09,12,"Hickory Water Tower","PM2.5","Catawba",35.728889,-81.365556
"934",2024-03-10,0,"Hickory Water Tower","PM2.5","Catawba",35.728889,-81.365556
"935",2024-03-11,12,"Hickory Water Tower","PM2.5","Catawba",35.728889,-81.365556
"936",2024-03-12,37,"Hickory Water Tower","PM2.5","Catawba",35.728889,-81.365556
"937",2024-03-13,58,"Hickory Water Tower","PM2.5","Catawba",35.728889,-81.365556
"938",2024-03-14,72,"Hickory Water Tower","PM2.5","Catawba",35.728889,-81.365556
"939",2024-03-15,90,"Hickory Water Tower","PM2.5","Catawba",35.728889,-81.365556
"940",2024-03-16,23,"Hickory Water Tower","PM2.5","Catawba",35.728889,-81.365556
"941",2024-03-17,22,"Hickory Water Tower","PM2.5","Catawba",35.728889,-81.365556
"942",2024-03-18,9,"Hickory Water Tower","PM2.5","Catawba",35.728889,-81.365556
"943",2024-03-19,22,"Hickory Water Tower","PM2.5","Catawba",35.728889,-81.365556
"944",2024-03-20,40,"Hickory Water Tower","PM2.5","Catawba",35.728889,-81.365556
"945",2024-03-21,38,"Hickory Water Tower","PM2.5","Catawba",35.728889,-81.365556
"946",2024-03-22,60,"Hickory Water Tower","PM2.5","Catawba",35.728889,-81.365556
"947",2024-03-23,22,"Hickory Water Tower","PM2.5","Catawba",35.728889,-81.365556
"948",2024-03-24,27,"Hickory Water Tower","PM2.5","Catawba",35.728889,-81.365556
"949",2024-03-25,36,"Hickory Water Tower","PM2.5","Catawba",35.728889,-81.365556
"950",2024-03-26,52,"Hickory Water Tower","PM2.5","Catawba",35.728889,-81.365556
"951",2024-03-27,23,"Hickory Water Tower","PM2.5","Catawba",35.728889,-81.365556
"952",2024-03-28,14,"Hickory Water Tower","PM2.5","Catawba",35.728889,-81.365556
"953",2024-03-29,23,"Hickory Water Tower","PM2.5","Catawba",35.728889,-81.365556
"954",2024-03-30,44,"Hickory Water Tower","PM2.5","Catawba",35.728889,-81.365556
"955",2024-03-31,47,"Hickory Water Tower","PM2.5","Catawba",35.728889,-81.365556
"956",2024-04-01,56,"Hickory Water Tower","PM2.5","Catawba",35.728889,-81.365556
"957",2024-04-02,60,"Hickory Water Tower","PM2.5","Catawba",35.728889,-81.365556
"958",2024-04-03,23,"Hickory Water Tower","PM2.5","Catawba",35.728889,-81.365556
"959",2024-04-04,4,"Hickory Water Tower","PM2.5","Catawba",35.728889,-81.365556
"960",2024-04-05,3,"Hickory Water Tower","PM2.5","Catawba",35.728889,-81.365556
"961",2024-04-06,8,"Hickory Water Tower","PM2.5","Catawba",35.728889,-81.365556
"962",2024-04-07,26,"Hickory Water Tower","PM2.5","Catawba",35.728889,-81.365556
"963",2024-04-08,47,"Hickory Water Tower","PM2.5","Catawba",35.728889,-81.365556
"964",2024-04-09,51,"Hickory Water Tower","PM2.5","Catawba",35.728889,-81.365556
"965",2024-04-10,53,"Hickory Water Tower","PM2.5","Catawba",35.728889,-81.365556
"966",2024-04-11,23,"Hickory Water Tower","PM2.5","Catawba",35.728889,-81.365556
"967",2024-04-12,8,"Hickory Water Tower","PM2.5","Catawba",35.728889,-81.365556
"968",2024-04-13,15,"Hickory Water Tower","PM2.5","Catawba",35.728889,-81.365556
"969",2024-04-14,42,"Hickory Water Tower","PM2.5","Catawba",35.728889,-81.365556
"970",2024-04-15,53,"Hickory Water Tower","PM2.5","Catawba",35.728889,-81.365556
"971",2024-04-16,56,"Hickory Water Tower","PM2.5","Catawba",35.728889,-81.365556
"972",2024-04-17,61,"Hickory Water Tower","PM2.5","Catawba",35.728889,-81.365556
"973",2024-04-18,41,"Hickory Water Tower","PM2.5","Catawba",35.728889,-81.365556
"974",2024-04-19,55,"Hickory Water Tower","PM2.5","Catawba",35.728889,-81.365556
"975",2024-04-20,42,"Hickory Water Tower","PM2.5","Catawba",35.728889,-81.365556
"976",2024-04-21,24,"Hickory Water Tower","PM2.5","Catawba",35.728889,-81.365556
"977",2024-04-22,26,"Hickory Water Tower","PM2.5","Catawba",35.728889,-81.365556
"978",2024-04-23,33,"Hickory Water Tower","PM2.5","Catawba",35.728889,-81.365556
"979",2024-04-24,42,"Hickory Water Tower","PM2.5","Catawba",35.728889,-81.365556
"980",2024-04-25,45,"Hickory Water Tower","PM2.5","Catawba",35.728889,-81.365556
"981",2024-04-26,54,"Hickory Water Tower","PM2.5","Catawba",35.728889,-81.365556
"982",2024-04-27,52,"Hickory Water Tower","PM2.5","Catawba",35.728889,-81.365556
"983",2024-04-28,38,"Hickory Water Tower","PM2.5","Catawba",35.728889,-81.365556
"984",2024-04-29,38,"Hickory Water Tower","PM2.5","Catawba",35.728889,-81.365556
"985",2024-04-30,38,"Hickory Water Tower","PM2.5","Catawba",35.728889,-81.365556
"986",2024-05-01,31,"Hickory Water Tower","PM2.5","Catawba",35.728889,-81.365556
"987",2024-05-02,39,"Hickory Water Tower","PM2.5","Catawba",35.728889,-81.365556
"988",2024-05-03,56,"Hickory Water Tower","PM2.5","Catawba",35.728889,-81.365556
"989",2024-05-04,53,"Hickory Water Tower","PM2.5","Catawba",35.728889,-81.365556
"990",2024-05-05,17,"Hickory Water Tower","PM2.5","Catawba",35.728889,-81.365556
"991",2024-05-06,38,"Hickory Water Tower","PM2.5","Catawba",35.728889,-81.365556
"992",2024-05-07,38,"Hickory Water Tower","PM2.5","Catawba",35.728889,-81.365556
"993",2024-05-08,46,"Hickory Water Tower","PM2.5","Catawba",35.728889,-81.365556
"994",2024-05-09,11,"Hickory Water Tower","PM2.5","Catawba",35.728889,-81.365556
"995",2024-05-10,21,"Hickory Water Tower","PM2.5","Catawba",35.728889,-81.365556
"996",2024-05-11,21,"Hickory Water Tower","PM2.5","Catawba",35.728889,-81.365556
"997",2024-05-12,36,"Hickory Water Tower","PM2.5","Catawba",35.728889,-81.365556
"998",2024-05-13,50,"Hickory Water Tower","PM2.5","Catawba",35.728889,-81.365556
"999",2024-05-14,32,"Hickory Water Tower","PM2.5","Catawba",35.728889,-81.365556
"1000",2024-05-15,13,"Hickory Water Tower","PM2.5","Catawba",35.728889,-81.365556
"1001",2024-05-29,24,"Hickory Water Tower","PM2.5","Catawba",35.728889,-81.365556
"1002",2024-05-30,23,"Hickory Water Tower","PM2.5","Catawba",35.728889,-81.365556
"1003",2024-05-31,30,"Hickory Water Tower","PM2.5","Catawba",35.728889,-81.365556
"1004",2024-06-01,49,"Hickory Water Tower","PM2.5","Catawba",35.728889,-81.365556
"1005",2024-06-02,47,"Hickory Water Tower","PM2.5","Catawba",35.728889,-81.365556
"1006",2024-06-03,44,"Hickory Water Tower","PM2.5","Catawba",35.728889,-81.365556
"1007",2024-06-04,33,"Hickory Water Tower","PM2.5","Catawba",35.728889,-81.365556
"1008",2024-06-05,34,"Hickory Water Tower","PM2.5","Catawba",35.728889,-81.365556
"1009",2024-06-06,41,"Hickory Water Tower","PM2.5","Catawba",35.728889,-81.365556
"1010",2024-06-07,23,"Hickory Water Tower","PM2.5","Catawba",35.728889,-81.365556
"1011",2024-06-08,32,"Hickory Water Tower","PM2.5","Catawba",35.728889,-81.365556
"1012",2024-06-09,40,"Hickory Water Tower","PM2.5","Catawba",35.728889,-81.365556
"1013",2024-06-10,20,"Hickory Water Tower","PM2.5","Catawba",35.728889,-81.365556
"1014",2024-06-11,36,"Hickory Water Tower","PM2.5","Catawba",35.728889,-81.365556
"1015",2024-06-12,52,"Hickory Water Tower","PM2.5","Catawba",35.728889,-81.365556
"1016",2024-06-13,57,"Hickory Water Tower","PM2.5","Catawba",35.728889,-81.365556
"1017",2024-06-14,57,"Hickory Water Tower","PM2.5","Catawba",35.728889,-81.365556
"1018",2024-06-15,56,"Hickory Water Tower","PM2.5","Catawba",35.728889,-81.365556
"1019",2024-06-16,62,"Hickory Water Tower","PM2.5","Catawba",35.728889,-81.365556
"1020",2024-06-17,63,"Hickory Water Tower","PM2.5","Catawba",35.728889,-81.365556
"1021",2024-06-18,56,"Hickory Water Tower","PM2.5","Catawba",35.728889,-81.365556
"1022",2024-06-19,40,"Hickory Water Tower","PM2.5","Catawba",35.728889,-81.365556
"1023",2024-06-20,48,"Hickory Water Tower","PM2.5","Catawba",35.728889,-81.365556
"1024",2024-06-21,54,"Hickory Water Tower","PM2.5","Catawba",35.728889,-81.365556
"1025",2024-06-22,44,"Hickory Water Tower","PM2.5","Catawba",35.728889,-81.365556
"1026",2024-06-23,44,"Hickory Water Tower","PM2.5","Catawba",35.728889,-81.365556
"1027",2024-06-24,36,"Hickory Water Tower","PM2.5","Catawba",35.728889,-81.365556
"1028",2024-06-25,37,"Hickory Water Tower","PM2.5","Catawba",35.728889,-81.365556
"1029",2024-06-26,54,"Hickory Water Tower","PM2.5","Catawba",35.728889,-81.365556
"1030",2024-06-27,52,"Hickory Water Tower","PM2.5","Catawba",35.728889,-81.365556
"1031",2024-06-28,60,"Hickory Water Tower","PM2.5","Catawba",35.728889,-81.365556
"1032",2024-06-29,47,"Hickory Water Tower","PM2.5","Catawba",35.728889,-81.365556
"1033",2024-06-30,46,"Hickory Water Tower","PM2.5","Catawba",35.728889,-81.365556
"1034",2024-07-01,30,"Hickory Water Tower","PM2.5","Catawba",35.728889,-81.365556
"1035",2024-07-02,35,"Hickory Water Tower","PM2.5","Catawba",35.728889,-81.365556
"1036",2024-07-03,55,"Hickory Water Tower","PM2.5","Catawba",35.728889,-81.365556
"1037",2024-07-04,59,"Hickory Water Tower","PM2.5","Catawba",35.728889,-81.365556
"1038",2024-07-05,52,"Hickory Water Tower","PM2.5","Catawba",35.728889,-81.365556
"1039",2024-07-06,28,"Hickory Water Tower","PM2.5","Catawba",35.728889,-81.365556
"1040",2024-07-07,46,"Hickory Water Tower","PM2.5","Catawba",35.728889,-81.365556
"1041",2024-07-08,38,"Hickory Water Tower","PM2.5","Catawba",35.728889,-81.365556
"1042",2024-07-09,52,"Hickory Water Tower","PM2.5","Catawba",35.728889,-81.365556
"1043",2024-07-10,30,"Hickory Water Tower","PM2.5","Catawba",35.728889,-81.365556
"1044",2024-07-11,21,"Hickory Water Tower","PM2.5","Catawba",35.728889,-81.365556
"1045",2024-07-12,39,"Hickory Water Tower","PM2.5","Catawba",35.728889,-81.365556
"1046",2024-07-13,40,"Hickory Water Tower","PM2.5","Catawba",35.728889,-81.365556
"1047",2024-07-14,52,"Hickory Water Tower","PM2.5","Catawba",35.728889,-81.365556
"1048",2024-07-15,52,"Hickory Water Tower","PM2.5","Catawba",35.728889,-81.365556
"1049",2024-07-16,51,"Hickory Water Tower","PM2.5","Catawba",35.728889,-81.365556
"1050",2024-07-17,41,"Hickory Water Tower","PM2.5","Catawba",35.728889,-81.365556
"1051",2024-07-18,37,"Hickory Water Tower","PM2.5","Catawba",35.728889,-81.365556
"1052",2024-07-19,34,"Hickory Water Tower","PM2.5","Catawba",35.728889,-81.365556
"1053",2024-07-20,21,"Hickory Water Tower","PM2.5","Catawba",35.728889,-81.365556
"1054",2024-07-21,17,"Hickory Water Tower","PM2.5","Catawba",35.728889,-81.365556
"1055",2024-07-22,24,"Hickory Water Tower","PM2.5","Catawba",35.728889,-81.365556
"1056",2024-07-23,29,"Hickory Water Tower","PM2.5","Catawba",35.728889,-81.365556
"1057",2024-07-24,31,"Hickory Water Tower","PM2.5","Catawba",35.728889,-81.365556
"1058",2024-07-25,14,"Hickory Water Tower","PM2.5","Catawba",35.728889,-81.365556
"1059",2024-07-26,48,"Hickory Water Tower","PM2.5","Catawba",35.728889,-81.365556
"1060",2024-07-27,56,"Hickory Water Tower","PM2.5","Catawba",35.728889,-81.365556
"1061",2024-07-28,60,"Hickory Water Tower","PM2.5","Catawba",35.728889,-81.365556
"1062",2024-07-29,50,"Hickory Water Tower","PM2.5","Catawba",35.728889,-81.365556
"1063",2024-07-30,19,"Hickory Water Tower","PM2.5","Catawba",35.728889,-81.365556
"1064",2024-07-31,27,"Hickory Water Tower","PM2.5","Catawba",35.728889,-81.365556
"1065",2024-08-01,34,"Hickory Water Tower","PM2.5","Catawba",35.728889,-81.365556
"1066",2024-08-02,53,"Hickory Water Tower","PM2.5","Catawba",35.728889,-81.365556
"1067",2024-08-03,55,"Hickory Water Tower","PM2.5","Catawba",35.728889,-81.365556
"1068",2024-08-04,28,"Hickory Water Tower","PM2.5","Catawba",35.728889,-81.365556
"1069",2024-08-05,46,"Hickory Water Tower","PM2.5","Catawba",35.728889,-81.365556
"1070",2024-08-06,18,"Hickory Water Tower","PM2.5","Catawba",35.728889,-81.365556
"1071",2024-08-07,23,"Hickory Water Tower","PM2.5","Catawba",35.728889,-81.365556
"1072",2024-08-08,4,"Hickory Water Tower","PM2.5","Catawba",35.728889,-81.365556
"1073",2024-08-09,23,"Hickory Water Tower","PM2.5","Catawba",35.728889,-81.365556
"1074",2024-08-10,52,"Hickory Water Tower","PM2.5","Catawba",35.728889,-81.365556
"1075",2024-08-11,52,"Hickory Water Tower","PM2.5","Catawba",35.728889,-81.365556
"1076",2024-08-12,46,"Hickory Water Tower","PM2.5","Catawba",35.728889,-81.365556
"1077",2024-08-13,49,"Hickory Water Tower","PM2.5","Catawba",35.728889,-81.365556
"1078",2024-08-14,42,"Hickory Water Tower","PM2.5","Catawba",35.728889,-81.365556
"1079",2024-08-15,52,"Hickory Water Tower","PM2.5","Catawba",35.728889,-81.365556
"1080",2024-08-16,51,"Hickory Water Tower","PM2.5","Catawba",35.728889,-81.365556
"1081",2024-08-17,30,"Hickory Water Tower","PM2.5","Catawba",35.728889,-81.365556
"1082",2024-08-18,26,"Hickory Water Tower","PM2.5","Catawba",35.728889,-81.365556
"1083",2024-08-19,20,"Hickory Water Tower","PM2.5","Catawba",35.728889,-81.365556
"1084",2024-08-20,36,"Hickory Water Tower","PM2.5","Catawba",35.728889,-81.365556
"1085",2024-08-21,37,"Hickory Water Tower","PM2.5","Catawba",35.728889,-81.365556
"1086",2024-08-22,49,"Hickory Water Tower","PM2.5","Catawba",35.728889,-81.365556
"1087",2024-08-23,54,"Hickory Water Tower","PM2.5","Catawba",35.728889,-81.365556
"1088",2024-08-24,54,"Hickory Water Tower","PM2.5","Catawba",35.728889,-81.365556
"1089",2024-08-25,55,"Hickory Water Tower","PM2.5","Catawba",35.728889,-81.365556
"1090",2024-08-26,59,"Hickory Water Tower","PM2.5","Catawba",35.728889,-81.365556
"1091",2024-08-27,65,"Hickory Water Tower","PM2.5","Catawba",35.728889,-81.365556
"1092",2024-08-28,62,"Hickory Water Tower","PM2.5","Catawba",35.728889,-81.365556
"1093",2024-08-29,62,"Hickory Water Tower","PM2.5","Catawba",35.728889,-81.365556
"1094",2024-08-30,56,"Hickory Water Tower","PM2.5","Catawba",35.728889,-81.365556
"1095",2024-08-31,52,"Hickory Water Tower","PM2.5","Catawba",35.728889,-81.365556
"1096",2024-09-01,39,"Hickory Water Tower","PM2.5","Catawba",35.728889,-81.365556
"1097",2024-09-02,23,"Hickory Water Tower","PM2.5","Catawba",35.728889,-81.365556
"1098",2024-09-03,19,"Hickory Water Tower","PM2.5","Catawba",35.728889,-81.365556
"1099",2024-09-04,22,"Hickory Water Tower","PM2.5","Catawba",35.728889,-81.365556
"1100",2024-09-05,31,"Hickory Water Tower","PM2.5","Catawba",35.728889,-81.365556
"1101",2024-09-06,37,"Hickory Water Tower","PM2.5","Catawba",35.728889,-81.365556
"1102",2024-09-07,24,"Hickory Water Tower","PM2.5","Catawba",35.728889,-81.365556
"1103",2024-09-08,12,"Hickory Water Tower","PM2.5","Catawba",35.728889,-81.365556
"1104",2024-09-09,26,"Hickory Water Tower","PM2.5","Catawba",35.728889,-81.365556
"1105",2024-09-10,24,"Hickory Water Tower","PM2.5","Catawba",35.728889,-81.365556
"1106",2024-09-11,47,"Hickory Water Tower","PM2.5","Catawba",35.728889,-81.365556
"1107",2024-09-12,44,"Hickory Water Tower","PM2.5","Catawba",35.728889,-81.365556
"1108",2024-09-13,32,"Hickory Water Tower","PM2.5","Catawba",35.728889,-81.365556
"1109",2024-09-14,31,"Hickory Water Tower","PM2.5","Catawba",35.728889,-81.365556
"1110",2024-09-15,24,"Hickory Water Tower","PM2.5","Catawba",35.728889,-81.365556
"1111",2024-09-16,28,"Hickory Water Tower","PM2.5","Catawba",35.728889,-81.365556
"1112",2024-09-17,9,"Hickory Water Tower","PM2.5","Catawba",35.728889,-81.365556
"1113",2024-09-18,52,"Hickory Water Tower","PM2.5","Catawba",35.728889,-81.365556
"1114",2024-09-19,21,"Hickory Water Tower","PM2.5","Catawba",35.728889,-81.365556
"1115",2024-09-20,24,"Hickory Water Tower","PM2.5","Catawba",35.728889,-81.365556
"1116",2024-09-21,46,"Hickory Water Tower","PM2.5","Catawba",35.728889,-81.365556
"1117",2024-09-22,45,"Hickory Water Tower","PM2.5","Catawba",35.728889,-81.365556
"1118",2024-09-23,56,"Hickory Water Tower","PM2.5","Catawba",35.728889,-81.365556
"1119",2024-09-24,54,"Hickory Water Tower","PM2.5","Catawba",35.728889,-81.365556
"1120",2024-09-25,35,"Hickory Water Tower","PM2.5","Catawba",35.728889,-81.365556
"1121",2024-09-26,16,"Hickory Water Tower","PM2.5","Catawba",35.728889,-81.365556
"1122",2024-09-27,17,"Hickory Water Tower","PM2.5","Catawba",35.728889,-81.365556
"1123",2024-09-28,58,"Hickory Water Tower","PM2.5","Catawba",35.728889,-81.365556
"1124",2024-09-29,52,"Hickory Water Tower","PM2.5","Catawba",35.728889,-81.365556
"1125",2024-09-30,45,"Hickory Water Tower","PM2.5","Catawba",35.728889,-81.365556
"1126",2024-10-01,21,"Hickory Water Tower","PM2.5","Catawba",35.728889,-81.365556
"1127",2024-10-02,20,"Hickory Water Tower","PM2.5","Catawba",35.728889,-81.365556
"1128",2024-10-03,44,"Hickory Water Tower","PM2.5","Catawba",35.728889,-81.365556
"1129",2024-10-04,47,"Hickory Water Tower","PM2.5","Catawba",35.728889,-81.365556
"1130",2024-10-05,45,"Hickory Water Tower","PM2.5","Catawba",35.728889,-81.365556
"1131",2024-10-06,57,"Hickory Water Tower","PM2.5","Catawba",35.728889,-81.365556
"1132",2024-10-07,52,"Hickory Water Tower","PM2.5","Catawba",35.728889,-81.365556
"1133",2024-10-08,50,"Hickory Water Tower","PM2.5","Catawba",35.728889,-81.365556
"1134",2024-10-09,25,"Hickory Water Tower","PM2.5","Catawba",35.728889,-81.365556
"1135",2024-10-10,26,"Hickory Water Tower","PM2.5","Catawba",35.728889,-81.365556
"1136",2024-10-11,22,"Hickory Water Tower","PM2.5","Catawba",35.728889,-81.365556
"1137",2024-10-12,24,"Hickory Water Tower","PM2.5","Catawba",35.728889,-81.365556
"1138",2024-10-13,46,"Hickory Water Tower","PM2.5","Catawba",35.728889,-81.365556
"1139",2024-10-14,27,"Hickory Water Tower","PM2.5","Catawba",35.728889,-81.365556
"1140",2024-10-23,47,"Hickory Water Tower","PM2.5","Catawba",35.728889,-81.365556
"1141",2024-10-24,49,"Hickory Water Tower","PM2.5","Catawba",35.728889,-81.365556
"1142",2024-10-25,55,"Hickory Water Tower","PM2.5","Catawba",35.728889,-81.365556
"1143",2024-10-26,55,"Hickory Water Tower","PM2.5","Catawba",35.728889,-81.365556
"1144",2024-10-27,32,"Hickory Water Tower","PM2.5","Catawba",35.728889,-81.365556
"1145",2024-10-28,52,"Hickory Water Tower","PM2.5","Catawba",35.728889,-81.365556
"1146",2024-10-29,59,"Hickory Water Tower","PM2.5","Catawba",35.728889,-81.365556
"1147",2024-10-30,51,"Hickory Water Tower","PM2.5","Catawba",35.728889,-81.365556
"1148",2024-10-31,41,"Hickory Water Tower","PM2.5","Catawba",35.728889,-81.365556
"1149",2024-11-01,54,"Hickory Water Tower","PM2.5","Catawba",35.728889,-81.365556
"1150",2024-11-02,44,"Hickory Water Tower","PM2.5","Catawba",35.728889,-81.365556
"1151",2024-11-03,40,"Hickory Water Tower","PM2.5","Catawba",35.728889,-81.365556
"1152",2024-11-04,42,"Hickory Water Tower","PM2.5","Catawba",35.728889,-81.365556
"1153",2024-11-05,31,"Hickory Water Tower","PM2.5","Catawba",35.728889,-81.365556
"1154",2024-11-06,53,"Hickory Water Tower","PM2.5","Catawba",35.728889,-81.365556
"1155",2024-11-07,35,"Hickory Water Tower","PM2.5","Catawba",35.728889,-81.365556
"1156",2024-11-08,38,"Hickory Water Tower","PM2.5","Catawba",35.728889,-81.365556
"1157",2024-11-09,34,"Hickory Water Tower","PM2.5","Catawba",35.728889,-81.365556
"1158",2024-11-10,52,"Hickory Water Tower","PM2.5","Catawba",35.728889,-81.365556
"1159",2024-11-11,32,"Hickory Water Tower","PM2.5","Catawba",35.728889,-81.365556
"1160",2024-11-12,30,"Hickory Water Tower","PM2.5","Catawba",35.728889,-81.365556
"1161",2024-11-13,33,"Hickory Water Tower","PM2.5","Catawba",35.728889,-81.365556
"1162",2024-11-14,28,"Hickory Water Tower","PM2.5","Catawba",35.728889,-81.365556
"1163",2024-11-15,21,"Hickory Water Tower","PM2.5","Catawba",35.728889,-81.365556
"1164",2024-11-16,34,"Hickory Water Tower","PM2.5","Catawba",35.728889,-81.365556
"1165",2024-11-17,57,"Hickory Water Tower","PM2.5","Catawba",35.728889,-81.365556
"1166",2024-11-18,56,"Hickory Water Tower","PM2.5","Catawba",35.728889,-81.365556
"1167",2024-11-19,60,"Hickory Water Tower","PM2.5","Catawba",35.728889,-81.365556
"1168",2024-11-20,27,"Hickory Water Tower","PM2.5","Catawba",35.728889,-81.365556
"1169",2024-11-21,7,"Hickory Water Tower","PM2.5","Catawba",35.728889,-81.365556
"1170",2024-11-22,7,"Hickory Water Tower","PM2.5","Catawba",35.728889,-81.365556
"1171",2024-11-23,15,"Hickory Water Tower","PM2.5","Catawba",35.728889,-81.365556
"1172",2024-11-24,34,"Hickory Water Tower","PM2.5","Catawba",35.728889,-81.365556
"1173",2024-11-25,55,"Hickory Water Tower","PM2.5","Catawba",35.728889,-81.365556
"1174",2024-11-26,40,"Hickory Water Tower","PM2.5","Catawba",35.728889,-81.365556
"1175",2024-11-27,42,"Hickory Water Tower","PM2.5","Catawba",35.728889,-81.365556
"1176",2024-11-28,44,"Hickory Water Tower","PM2.5","Catawba",35.728889,-81.365556
"1177",2024-11-29,27,"Hickory Water Tower","PM2.5","Catawba",35.728889,-81.365556
"1178",2024-11-30,18,"Hickory Water Tower","PM2.5","Catawba",35.728889,-81.365556
"1179",2024-12-01,25,"Hickory Water Tower","PM2.5","Catawba",35.728889,-81.365556
"1180",2024-12-02,25,"Hickory Water Tower","PM2.5","Catawba",35.728889,-81.365556
"1181",2024-12-03,31,"Hickory Water Tower","PM2.5","Catawba",35.728889,-81.365556
"1182",2024-12-04,58,"Hickory Water Tower","PM2.5","Catawba",35.728889,-81.365556
"1183",2024-12-05,32,"Hickory Water Tower","PM2.5","Catawba",35.728889,-81.365556
"1184",2024-12-06,24,"Hickory Water Tower","PM2.5","Catawba",35.728889,-81.365556
"1185",2024-12-07,54,"Hickory Water Tower","PM2.5","Catawba",35.728889,-81.365556
"1186",2024-12-08,52,"Hickory Water Tower","PM2.5","Catawba",35.728889,-81.365556
"1187",2024-12-09,54,"Hickory Water Tower","PM2.5","Catawba",35.728889,-81.365556
"1188",2024-12-10,54,"Hickory Water Tower","PM2.5","Catawba",35.728889,-81.365556
"1189",2024-12-11,11,"Hickory Water Tower","PM2.5","Catawba",35.728889,-81.365556
"1190",2024-12-12,30,"Hickory Water Tower","PM2.5","Catawba",35.728889,-81.365556
"1191",2024-12-13,57,"Hickory Water Tower","PM2.5","Catawba",35.728889,-81.365556
"1192",2024-12-14,54,"Hickory Water Tower","PM2.5","Catawba",35.728889,-81.365556
"1193",2024-12-15,36,"Hickory Water Tower","PM2.5","Catawba",35.728889,-81.365556
"1194",2024-12-16,32,"Hickory Water Tower","PM2.5","Catawba",35.728889,-81.365556
"1195",2024-12-17,51,"Hickory Water Tower","PM2.5","Catawba",35.728889,-81.365556
"1196",2024-12-18,44,"Hickory Water Tower","PM2.5","Catawba",35.728889,-81.365556
"1197",2024-12-19,18,"Hickory Water Tower","PM2.5","Catawba",35.728889,-81.365556
"1198",2024-12-20,22,"Hickory Water Tower","PM2.5","Catawba",35.728889,-81.365556
"1199",2024-12-21,11,"Hickory Water Tower","PM2.5","Catawba",35.728889,-81.365556
"1200",2024-12-22,39,"Hickory Water Tower","PM2.5","Catawba",35.728889,-81.365556
"1201",2024-12-23,63,"Hickory Water Tower","PM2.5","Catawba",35.728889,-81.365556
"1202",2024-12-24,61,"Hickory Water Tower","PM2.5","Catawba",35.728889,-81.365556
"1203",2024-12-25,62,"Hickory Water Tower","PM2.5","Catawba",35.728889,-81.365556
"1204",2024-12-26,61,"Hickory Water Tower","PM2.5","Catawba",35.728889,-81.365556
"1205",2024-12-27,58,"Hickory Water Tower","PM2.5","Catawba",35.728889,-81.365556
"1206",2024-12-28,22,"Hickory Water Tower","PM2.5","Catawba",35.728889,-81.365556
"1207",2024-12-29,13,"Hickory Water Tower","PM2.5","Catawba",35.728889,-81.365556
"1208",2024-12-30,24,"Hickory Water Tower","PM2.5","Catawba",35.728889,-81.365556
"1209",2024-12-31,50,"Hickory Water Tower","PM2.5","Catawba",35.728889,-81.365556
"1210",2024-01-01,46,"Hickory Water Tower","PM2.5","Catawba",35.728889,-81.365556
"1211",2024-01-02,26,"Hickory Water Tower","PM2.5","Catawba",35.728889,-81.365556
"1212",2024-01-03,57,"Hickory Water Tower","PM2.5","Catawba",35.728889,-81.365556
"1213",2024-01-04,40,"Hickory Water Tower","PM2.5","Catawba",35.728889,-81.365556
"1214",2024-01-05,48,"Hickory Water Tower","PM2.5","Catawba",35.728889,-81.365556
"1215",2024-01-06,42,"Hickory Water Tower","PM2.5","Catawba",35.728889,-81.365556
"1216",2024-01-07,12,"Hickory Water Tower","PM2.5","Catawba",35.728889,-81.365556
"1217",2024-01-08,19,"Hickory Water Tower","PM2.5","Catawba",35.728889,-81.365556
"1218",2024-01-09,24,"Hickory Water Tower","PM2.5","Catawba",35.728889,-81.365556
"1219",2024-01-10,10,"Hickory Water Tower","PM2.5","Catawba",35.728889,-81.365556
"1220",2024-01-11,52,"Hickory Water Tower","PM2.5","Catawba",35.728889,-81.365556
"1221",2024-01-12,55,"Hickory Water Tower","PM2.5","Catawba",35.728889,-81.365556
"1222",2024-01-13,21,"Hickory Water Tower","PM2.5","Catawba",35.728889,-81.365556
"1223",2024-01-14,18,"Hickory Water Tower","PM2.5","Catawba",35.728889,-81.365556
"1224",2024-01-15,46,"Hickory Water Tower","PM2.5","Catawba",35.728889,-81.365556
"1225",2024-01-16,43,"Hickory Water Tower","PM2.5","Catawba",35.728889,-81.365556
"1226",2024-01-17,24,"Hickory Water Tower","PM2.5","Catawba",35.728889,-81.365556
"1227",2024-01-18,51,"Hickory Water Tower","PM2.5","Catawba",35.728889,-81.365556
"1228",2024-01-19,38,"Hickory Water Tower","PM2.5","Catawba",35.728889,-81.365556
"1229",2024-01-20,17,"Hickory Water Tower","PM2.5","Catawba",35.728889,-81.365556
"1230",2024-01-21,18,"Hickory Water Tower","PM2.5","Catawba",35.728889,-81.365556
"1231",2024-01-22,56,"Hickory Water Tower","PM2.5","Catawba",35.728889,-81.365556
"1232",2024-01-23,58,"Hickory Water Tower","PM2.5","Catawba",35.728889,-81.365556
"1233",2024-01-24,53,"Hickory Water Tower","PM2.5","Catawba",35.728889,-81.365556
"1234",2024-01-25,23,"Hickory Water Tower","PM2.5","Catawba",35.728889,-81.365556
"1235",2024-01-26,26,"Hickory Water Tower","PM2.5","Catawba",35.728889,-81.365556
"1236",2024-01-27,22,"Hickory Water Tower","PM2.5","Catawba",35.728889,-81.365556
"1237",2024-01-28,2,"Hickory Water Tower","PM2.5","Catawba",35.728889,-81.365556
"1238",2024-01-29,4,"Hickory Water Tower","PM2.5","Catawba",35.728889,-81.365556
"1239",2024-01-30,34,"Hickory Water Tower","PM2.5","Catawba",35.728889,-81.365556
"1240",2024-01-31,34,"Hickory Water Tower","PM2.5","Catawba",35.728889,-81.365556
"1241",2024-02-01,49,"Hickory Water Tower","PM2.5","Catawba",35.728889,-81.365556
"1242",2024-02-02,36,"Hickory Water Tower","PM2.5","Catawba",35.728889,-81.365556
"1243",2024-02-03,40,"Hickory Water Tower","PM2.5","Catawba",35.728889,-81.365556
"1244",2024-02-04,56,"Hickory Water Tower","PM2.5","Catawba",35.728889,-81.365556
"1245",2024-02-05,41,"Hickory Water Tower","PM2.5","Catawba",35.728889,-81.365556
"1246",2024-02-06,52,"Hickory Water Tower","PM2.5","Catawba",35.728889,-81.365556
"1247",2024-02-07,53,"Hickory Water Tower","PM2.5","Catawba",35.728889,-81.365556
"1248",2024-02-08,63,"Hickory Water Tower","PM2.5","Catawba",35.728889,-81.365556
"1249",2024-02-09,73,"Hickory Water Tower","PM2.5","Catawba",35.728889,-81.365556
"1250",2024-02-10,68,"Hickory Water Tower","PM2.5","Catawba",35.728889,-81.365556
"1251",2024-02-11,23,"Hickory Water Tower","PM2.5","Catawba",35.728889,-81.365556
"1252",2024-02-12,19,"Hickory Water Tower","PM2.5","Catawba",35.728889,-81.365556
"1253",2024-02-13,10,"Hickory Water Tower","PM2.5","Catawba",35.728889,-81.365556
"1254",2024-02-14,29,"Hickory Water Tower","PM2.5","Catawba",35.728889,-81.365556
"1255",2024-02-15,46,"Hickory Water Tower","PM2.5","Catawba",35.728889,-81.365556
"1256",2024-02-16,52,"Hickory Water Tower","PM2.5","Catawba",35.728889,-81.365556
"1257",2024-02-17,23,"Hickory Water Tower","PM2.5","Catawba",35.728889,-81.365556
"1258",2024-02-18,26,"Hickory Water Tower","PM2.5","Catawba",35.728889,-81.365556
"1259",2024-02-19,42,"Hickory Water Tower","PM2.5","Catawba",35.728889,-81.365556
"1260",2024-02-20,60,"Hickory Water Tower","PM2.5","Catawba",35.728889,-81.365556
"1261",2024-02-21,63,"Hickory Water Tower","PM2.5","Catawba",35.728889,-81.365556
"1262",2024-02-22,76,"Hickory Water Tower","PM2.5","Catawba",35.728889,-81.365556
"1263",2024-02-23,63,"Hickory Water Tower","PM2.5","Catawba",35.728889,-81.365556
"1264",2024-02-24,17,"Hickory Water Tower","PM2.5","Catawba",35.728889,-81.365556
"1265",2024-02-25,44,"Hickory Water Tower","PM2.5","Catawba",35.728889,-81.365556
"1266",2024-02-26,54,"Hickory Water Tower","PM2.5","Catawba",35.728889,-81.365556
"1267",2024-02-27,67,"Hickory Water Tower","PM2.5","Catawba",35.728889,-81.365556
"1268",2024-02-28,53,"Hickory Water Tower","PM2.5","Catawba",35.728889,-81.365556
"1269",2024-02-29,14,"Hickory Water Tower","PM2.5","Catawba",35.728889,-81.365556
"1270",2024-03-01,51,"Hickory Water Tower","PM2.5","Catawba",35.728889,-81.365556
"1271",2024-03-02,26,"Hickory Water Tower","PM2.5","Catawba",35.728889,-81.365556
"1272",2024-03-03,44,"Hickory Water Tower","PM2.5","Catawba",35.728889,-81.365556
"1273",2024-03-04,47,"Hickory Water Tower","PM2.5","Catawba",35.728889,-81.365556
"1274",2024-03-05,55,"Hickory Water Tower","PM2.5","Catawba",35.728889,-81.365556
"1275",2024-03-06,43,"Hickory Water Tower","PM2.5","Catawba",35.728889,-81.365556
"1276",2024-03-07,12,"Hickory Water Tower","PM2.5","Catawba",35.728889,-81.365556
"1277",2024-03-08,48,"Hickory Water Tower","PM2.5","Catawba",35.728889,-81.365556
"1278",2024-03-09,18,"Hickory Water Tower","PM2.5","Catawba",35.728889,-81.365556
"1279",2024-03-10,1,"Hickory Water Tower","PM2.5","Catawba",35.728889,-81.365556
"1280",2024-03-11,20,"Hickory Water Tower","PM2.5","Catawba",35.728889,-81.365556
"1281",2024-03-12,49,"Hickory Water Tower","PM2.5","Catawba",35.728889,-81.365556
"1282",2024-03-13,60,"Hickory Water Tower","PM2.5","Catawba",35.728889,-81.365556
"1283",2024-03-14,74,"Hickory Water Tower","PM2.5","Catawba",35.728889,-81.365556
"1284",2024-03-15,93,"Hickory Water Tower","PM2.5","Catawba",35.728889,-81.365556
"1285",2024-03-16,26,"Hickory Water Tower","PM2.5","Catawba",35.728889,-81.365556
"1286",2024-03-17,23,"Hickory Water Tower","PM2.5","Catawba",35.728889,-81.365556
"1287",2024-03-18,19,"Hickory Water Tower","PM2.5","Catawba",35.728889,-81.365556
"1288",2024-03-19,22,"Hickory Water Tower","PM2.5","Catawba",35.728889,-81.365556
"1289",2024-03-20,47,"Hickory Water Tower","PM2.5","Catawba",35.728889,-81.365556
"1290",2024-03-21,36,"Hickory Water Tower","PM2.5","Catawba",35.728889,-81.365556
"1291",2024-03-22,60,"Hickory Water Tower","PM2.5","Catawba",35.728889,-81.365556
"1292",2024-03-23,24,"Hickory Water Tower","PM2.5","Catawba",35.728889,-81.365556
"1293",2024-03-24,30,"Hickory Water Tower","PM2.5","Catawba",35.728889,-81.365556
"1294",2024-03-25,48,"Hickory Water Tower","PM2.5","Catawba",35.728889,-81.365556
"1295",2024-03-26,52,"Hickory Water Tower","PM2.5","Catawba",35.728889,-81.365556
"1296",2024-03-27,24,"Hickory Water Tower","PM2.5","Catawba",35.728889,-81.365556
"1297",2024-03-28,18,"Hickory Water Tower","PM2.5","Catawba",35.728889,-81.365556
"1298",2024-03-29,28,"Hickory Water Tower","PM2.5","Catawba",35.728889,-81.365556
"1299",2024-03-30,42,"Hickory Water Tower","PM2.5","Catawba",35.728889,-81.365556
"1300",2024-03-31,52,"Hickory Water Tower","PM2.5","Catawba",35.728889,-81.365556
"1301",2024-04-01,57,"Hickory Water Tower","PM2.5","Catawba",35.728889,-81.365556
"1302",2024-04-02,61,"Hickory Water Tower","PM2.5","Catawba",35.728889,-81.365556
"1303",2024-04-03,27,"Hickory Water Tower","PM2.5","Catawba",35.728889,-81.365556
"1304",2024-04-04,7,"Hickory Water Tower","PM2.5","Catawba",35.728889,-81.365556
"1305",2024-04-05,12,"Hickory Water Tower","PM2.5","Catawba",35.728889,-81.365556
"1306",2024-04-06,9,"Hickory Water Tower","PM2.5","Catawba",35.728889,-81.365556
"1307",2024-04-07,29,"Hickory Water Tower","PM2.5","Catawba",35.728889,-81.365556
"1308",2024-04-08,51,"Hickory Water Tower","PM2.5","Catawba",35.728889,-81.365556
"1309",2024-04-09,55,"Hickory Water Tower","PM2.5","Catawba",35.728889,-81.365556
"1310",2024-04-10,55,"Hickory Water Tower","PM2.5","Catawba",35.728889,-81.365556
"1311",2024-04-11,31,"Hickory Water Tower","PM2.5","Catawba",35.728889,-81.365556
"1312",2024-04-12,16,"Hickory Water Tower","PM2.5","Catawba",35.728889,-81.365556
"1313",2024-04-13,16,"Hickory Water Tower","PM2.5","Catawba",35.728889,-81.365556
"1314",2024-04-14,44,"Hickory Water Tower","PM2.5","Catawba",35.728889,-81.365556
"1315",2024-04-15,55,"Hickory Water Tower","PM2.5","Catawba",35.728889,-81.365556
"1316",2024-04-16,56,"Hickory Water Tower","PM2.5","Catawba",35.728889,-81.365556
"1317",2024-04-17,63,"Hickory Water Tower","PM2.5","Catawba",35.728889,-81.365556
"1318",2024-04-18,46,"Hickory Water Tower","PM2.5","Catawba",35.728889,-81.365556
"1319",2024-04-19,55,"Hickory Water Tower","PM2.5","Catawba",35.728889,-81.365556
"1320",2024-04-20,41,"Hickory Water Tower","PM2.5","Catawba",35.728889,-81.365556
"1321",2024-04-21,33,"Hickory Water Tower","PM2.5","Catawba",35.728889,-81.365556
"1322",2024-04-22,27,"Hickory Water Tower","PM2.5","Catawba",35.728889,-81.365556
"1323",2024-04-23,35,"Hickory Water Tower","PM2.5","Catawba",35.728889,-81.365556
"1324",2024-04-26,55,"Hickory Water Tower","PM2.5","Catawba",35.728889,-81.365556
"1325",2024-04-27,52,"Hickory Water Tower","PM2.5","Catawba",35.728889,-81.365556
"1326",2024-04-28,43,"Hickory Water Tower","PM2.5","Catawba",35.728889,-81.365556
"1327",2024-04-29,37,"Hickory Water Tower","PM2.5","Catawba",35.728889,-81.365556
"1328",2024-04-30,36,"Hickory Water Tower","PM2.5","Catawba",35.728889,-81.365556
"1329",2024-05-01,34,"Hickory Water Tower","PM2.5","Catawba",35.728889,-81.365556
"1330",2024-05-02,44,"Hickory Water Tower","PM2.5","Catawba",35.728889,-81.365556
"1331",2024-05-03,57,"Hickory Water Tower","PM2.5","Catawba",35.728889,-81.365556
"1332",2024-05-04,55,"Hickory Water Tower","PM2.5","Catawba",35.728889,-81.365556
"1333",2024-05-05,18,"Hickory Water Tower","PM2.5","Catawba",35.728889,-81.365556
"1334",2024-05-06,38,"Hickory Water Tower","PM2.5","Catawba",35.728889,-81.365556
"1335",2024-05-07,43,"Hickory Water Tower","PM2.5","Catawba",35.728889,-81.365556
"1336",2024-05-08,54,"Hickory Water Tower","PM2.5","Catawba",35.728889,-81.365556
"1337",2024-05-09,18,"Hickory Water Tower","PM2.5","Catawba",35.728889,-81.365556
"1338",2024-05-10,28,"Hickory Water Tower","PM2.5","Catawba",35.728889,-81.365556
"1339",2024-05-11,24,"Hickory Water Tower","PM2.5","Catawba",35.728889,-81.365556
"1340",2024-05-12,40,"Hickory Water Tower","PM2.5","Catawba",35.728889,-81.365556
"1341",2024-05-13,56,"Hickory Water Tower","PM2.5","Catawba",35.728889,-81.365556
"1342",2024-05-14,36,"Hickory Water Tower","PM2.5","Catawba",35.728889,-81.365556
"1343",2024-05-15,14,"Hickory Water Tower","PM2.5","Catawba",35.728889,-81.365556
"1344",2024-05-24,25,"Hickory Water Tower","PM2.5","Catawba",35.728889,-81.365556
"1345",2024-05-25,37,"Hickory Water Tower","PM2.5","Catawba",35.728889,-81.365556
"1346",2024-05-26,38,"Hickory Water Tower","PM2.5","Catawba",35.728889,-81.365556
"1347",2024-05-27,25,"Hickory Water Tower","PM2.5","Catawba",35.728889,-81.365556
"1348",2024-05-28,23,"Hickory Water Tower","PM2.5","Catawba",35.728889,-81.365556
"1349",2024-05-29,7,"Hickory Water Tower","PM2.5","Catawba",35.728889,-81.365556
"1350",2024-05-30,8,"Hickory Water Tower","PM2.5","Catawba",35.728889,-81.365556
"1351",2024-05-31,27,"Hickory Water Tower","PM2.5","Catawba",35.728889,-81.365556
"1352",2024-06-01,42,"Hickory Water Tower","PM2.5","Catawba",35.728889,-81.365556
"1353",2024-06-02,42,"Hickory Water Tower","PM2.5","Catawba",35.728889,-81.365556
"1354",2024-06-03,40,"Hickory Water Tower","PM2.5","Catawba",35.728889,-81.365556
"1355",2024-06-04,34,"Hickory Water Tower","PM2.5","Catawba",35.728889,-81.365556
"1356",2024-06-05,34,"Hickory Water Tower","PM2.5","Catawba",35.728889,-81.365556
"1357",2024-06-06,42,"Hickory Water Tower","PM2.5","Catawba",35.728889,-81.365556
"1358",2024-06-07,29,"Hickory Water Tower","PM2.5","Catawba",35.728889,-81.365556
"1359",2024-06-08,38,"Hickory Water Tower","PM2.5","Catawba",35.728889,-81.365556
"1360",2024-06-09,44,"Hickory Water Tower","PM2.5","Catawba",35.728889,-81.365556
"1361",2024-06-10,22,"Hickory Water Tower","PM2.5","Catawba",35.728889,-81.365556
"1362",2024-06-11,33,"Hickory Water Tower","PM2.5","Catawba",35.728889,-81.365556
"1363",2024-06-12,53,"Hickory Water Tower","PM2.5","Catawba",35.728889,-81.365556
"1364",2024-06-13,58,"Hickory Water Tower","PM2.5","Catawba",35.728889,-81.365556
"1365",2024-06-14,57,"Hickory Water Tower","PM2.5","Catawba",35.728889,-81.365556
"1366",2024-06-15,58,"Hickory Water Tower","PM2.5","Catawba",35.728889,-81.365556
"1367",2024-06-16,63,"Hickory Water Tower","PM2.5","Catawba",35.728889,-81.365556
"1368",2024-06-17,65,"Hickory Water Tower","PM2.5","Catawba",35.728889,-81.365556
"1369",2024-06-18,58,"Hickory Water Tower","PM2.5","Catawba",35.728889,-81.365556
"1370",2024-06-19,42,"Hickory Water Tower","PM2.5","Catawba",35.728889,-81.365556
"1371",2024-06-20,49,"Hickory Water Tower","PM2.5","Catawba",35.728889,-81.365556
"1372",2024-06-21,55,"Hickory Water Tower","PM2.5","Catawba",35.728889,-81.365556
"1373",2024-06-22,51,"Hickory Water Tower","PM2.5","Catawba",35.728889,-81.365556
"1374",2024-06-23,49,"Hickory Water Tower","PM2.5","Catawba",35.728889,-81.365556
"1375",2024-06-24,37,"Hickory Water Tower","PM2.5","Catawba",35.728889,-81.365556
"1376",2024-06-25,33,"Hickory Water Tower","PM2.5","Catawba",35.728889,-81.365556
"1377",2024-06-26,55,"Hickory Water Tower","PM2.5","Catawba",35.728889,-81.365556
"1378",2024-06-27,53,"Hickory Water Tower","PM2.5","Catawba",35.728889,-81.365556
"1379",2024-06-28,60,"Hickory Water Tower","PM2.5","Catawba",35.728889,-81.365556
"1380",2024-06-29,47,"Hickory Water Tower","PM2.5","Catawba",35.728889,-81.365556
"1381",2024-06-30,43,"Hickory Water Tower","PM2.5","Catawba",35.728889,-81.365556
"1382",2024-07-01,35,"Hickory Water Tower","PM2.5","Catawba",35.728889,-81.365556
"1383",2024-07-02,34,"Hickory Water Tower","PM2.5","Catawba",35.728889,-81.365556
"1384",2024-07-03,56,"Hickory Water Tower","PM2.5","Catawba",35.728889,-81.365556
"1385",2024-07-04,61,"Hickory Water Tower","PM2.5","Catawba",35.728889,-81.365556
"1386",2024-07-05,52,"Hickory Water Tower","PM2.5","Catawba",35.728889,-81.365556
"1387",2024-07-06,32,"Hickory Water Tower","PM2.5","Catawba",35.728889,-81.365556
"1388",2024-07-07,43,"Hickory Water Tower","PM2.5","Catawba",35.728889,-81.365556
"1389",2024-07-08,43,"Hickory Water Tower","PM2.5","Catawba",35.728889,-81.365556
"1390",2024-07-09,48,"Hickory Water Tower","PM2.5","Catawba",35.728889,-81.365556
"1391",2024-07-10,26,"Hickory Water Tower","PM2.5","Catawba",35.728889,-81.365556
"1392",2024-07-11,30,"Hickory Water Tower","PM2.5","Catawba",35.728889,-81.365556
"1393",2024-07-12,46,"Hickory Water Tower","PM2.5","Catawba",35.728889,-81.365556
"1394",2024-07-13,44,"Hickory Water Tower","PM2.5","Catawba",35.728889,-81.365556
"1395",2024-07-14,52,"Hickory Water Tower","PM2.5","Catawba",35.728889,-81.365556
"1396",2024-07-15,53,"Hickory Water Tower","PM2.5","Catawba",35.728889,-81.365556
"1397",2024-07-16,54,"Hickory Water Tower","PM2.5","Catawba",35.728889,-81.365556
"1398",2024-07-17,48,"Hickory Water Tower","PM2.5","Catawba",35.728889,-81.365556
"1399",2024-07-18,44,"Hickory Water Tower","PM2.5","Catawba",35.728889,-81.365556
"1400",2024-07-19,38,"Hickory Water Tower","PM2.5","Catawba",35.728889,-81.365556
"1401",2024-07-20,22,"Hickory Water Tower","PM2.5","Catawba",35.728889,-81.365556
"1402",2024-07-21,24,"Hickory Water Tower","PM2.5","Catawba",35.728889,-81.365556
"1403",2024-07-22,29,"Hickory Water Tower","PM2.5","Catawba",35.728889,-81.365556
"1404",2024-07-23,32,"Hickory Water Tower","PM2.5","Catawba",35.728889,-81.365556
"1405",2024-07-24,36,"Hickory Water Tower","PM2.5","Catawba",35.728889,-81.365556
"1406",2024-07-25,25,"Hickory Water Tower","PM2.5","Catawba",35.728889,-81.365556
"1407",2024-07-26,52,"Hickory Water Tower","PM2.5","Catawba",35.728889,-81.365556
"1408",2024-07-27,58,"Hickory Water Tower","PM2.5","Catawba",35.728889,-81.365556
"1409",2024-07-28,62,"Hickory Water Tower","PM2.5","Catawba",35.728889,-81.365556
"1410",2024-07-29,48,"Hickory Water Tower","PM2.5","Catawba",35.728889,-81.365556
"1411",2024-07-30,23,"Hickory Water Tower","PM2.5","Catawba",35.728889,-81.365556
"1412",2024-07-31,31,"Hickory Water Tower","PM2.5","Catawba",35.728889,-81.365556
"1413",2024-08-01,39,"Hickory Water Tower","PM2.5","Catawba",35.728889,-81.365556
"1414",2024-08-02,53,"Hickory Water Tower","PM2.5","Catawba",35.728889,-81.365556
"1415",2024-08-03,55,"Hickory Water Tower","PM2.5","Catawba",35.728889,-81.365556
"1416",2024-08-04,27,"Hickory Water Tower","PM2.5","Catawba",35.728889,-81.365556
"1417",2024-08-05,47,"Hickory Water Tower","PM2.5","Catawba",35.728889,-81.365556
"1418",2024-08-06,28,"Hickory Water Tower","PM2.5","Catawba",35.728889,-81.365556
"1419",2024-08-07,26,"Hickory Water Tower","PM2.5","Catawba",35.728889,-81.365556
"1420",2024-08-08,6,"Hickory Water Tower","PM2.5","Catawba",35.728889,-81.365556
"1421",2024-08-09,18,"Hickory Water Tower","PM2.5","Catawba",35.728889,-81.365556
"1422",2024-08-10,51,"Hickory Water Tower","PM2.5","Catawba",35.728889,-81.365556
"1423",2024-08-11,54,"Hickory Water Tower","PM2.5","Catawba",35.728889,-81.365556
"1424",2024-08-12,51,"Hickory Water Tower","PM2.5","Catawba",35.728889,-81.365556
"1425",2024-08-13,48,"Hickory Water Tower","PM2.5","Catawba",35.728889,-81.365556
"1426",2024-08-14,43,"Hickory Water Tower","PM2.5","Catawba",35.728889,-81.365556
"1427",2024-08-15,52,"Hickory Water Tower","PM2.5","Catawba",35.728889,-81.365556
"1428",2024-08-16,48,"Hickory Water Tower","PM2.5","Catawba",35.728889,-81.365556
"1429",2024-08-17,21,"Hickory Water Tower","PM2.5","Catawba",35.728889,-81.365556
"1430",2024-08-18,29,"Hickory Water Tower","PM2.5","Catawba",35.728889,-81.365556
"1431",2024-08-19,23,"Hickory Water Tower","PM2.5","Catawba",35.728889,-81.365556
"1432",2024-08-20,41,"Hickory Water Tower","PM2.5","Catawba",35.728889,-81.365556
"1433",2024-08-21,35,"Hickory Water Tower","PM2.5","Catawba",35.728889,-81.365556
"1434",2024-08-22,52,"Hickory Water Tower","PM2.5","Catawba",35.728889,-81.365556
"1435",2024-08-23,53,"Hickory Water Tower","PM2.5","Catawba",35.728889,-81.365556
"1436",2024-08-24,54,"Hickory Water Tower","PM2.5","Catawba",35.728889,-81.365556
"1437",2024-08-25,58,"Hickory Water Tower","PM2.5","Catawba",35.728889,-81.365556
"1438",2024-08-26,57,"Hickory Water Tower","PM2.5","Catawba",35.728889,-81.365556
"1439",2024-08-27,68,"Hickory Water Tower","PM2.5","Catawba",35.728889,-81.365556
"1440",2024-08-28,63,"Hickory Water Tower","PM2.5","Catawba",35.728889,-81.365556
"1441",2024-08-29,61,"Hickory Water Tower","PM2.5","Catawba",35.728889,-81.365556
"1442",2024-08-30,58,"Hickory Water Tower","PM2.5","Catawba",35.728889,-81.365556
"1443",2024-08-31,52,"Hickory Water Tower","PM2.5","Catawba",35.728889,-81.365556
"1444",2024-09-01,39,"Hickory Water Tower","PM2.5","Catawba",35.728889,-81.365556
"1445",2024-09-02,28,"Hickory Water Tower","PM2.5","Catawba",35.728889,-81.365556
"1446",2024-09-03,21,"Hickory Water Tower","PM2.5","Catawba",35.728889,-81.365556
"1447",2024-09-04,22,"Hickory Water Tower","PM2.5","Catawba",35.728889,-81.365556
"1448",2024-09-05,31,"Hickory Water Tower","PM2.5","Catawba",35.728889,-81.365556
"1449",2024-09-06,38,"Hickory Water Tower","PM2.5","Catawba",35.728889,-81.365556
"1450",2024-09-07,26,"Hickory Water Tower","PM2.5","Catawba",35.728889,-81.365556
"1451",2024-09-08,12,"Hickory Water Tower","PM2.5","Catawba",35.728889,-81.365556
"1452",2024-09-09,29,"Hickory Water Tower","PM2.5","Catawba",35.728889,-81.365556
"1453",2024-09-10,31,"Hickory Water Tower","PM2.5","Catawba",35.728889,-81.365556
"1454",2024-09-11,47,"Hickory Water Tower","PM2.5","Catawba",35.728889,-81.365556
"1455",2024-09-12,51,"Hickory Water Tower","PM2.5","Catawba",35.728889,-81.365556
"1456",2024-09-13,38,"Hickory Water Tower","PM2.5","Catawba",35.728889,-81.365556
"1457",2024-09-14,30,"Hickory Water Tower","PM2.5","Catawba",35.728889,-81.365556
"1458",2024-09-15,32,"Hickory Water Tower","PM2.5","Catawba",35.728889,-81.365556
"1459",2024-09-16,37,"Hickory Water Tower","PM2.5","Catawba",35.728889,-81.365556
"1460",2024-09-17,19,"Hickory Water Tower","PM2.5","Catawba",35.728889,-81.365556
"1461",2024-09-18,52,"Hickory Water Tower","PM2.5","Catawba",35.728889,-81.365556
"1462",2024-09-19,28,"Hickory Water Tower","PM2.5","Catawba",35.728889,-81.365556
"1463",2024-09-20,32,"Hickory Water Tower","PM2.5","Catawba",35.728889,-81.365556
"1464",2024-09-21,42,"Hickory Water Tower","PM2.5","Catawba",35.728889,-81.365556
"1465",2024-09-22,43,"Hickory Water Tower","PM2.5","Catawba",35.728889,-81.365556
"1466",2024-09-23,58,"Hickory Water Tower","PM2.5","Catawba",35.728889,-81.365556
"1467",2024-09-24,56,"Hickory Water Tower","PM2.5","Catawba",35.728889,-81.365556
"1468",2024-09-25,46,"Hickory Water Tower","PM2.5","Catawba",35.728889,-81.365556
"1469",2024-09-26,22,"Hickory Water Tower","PM2.5","Catawba",35.728889,-81.365556
"1470",2024-09-27,23,"Hickory Water Tower","PM2.5","Catawba",35.728889,-81.365556
"1471",2024-09-28,58,"Hickory Water Tower","PM2.5","Catawba",35.728889,-81.365556
"1472",2024-09-29,54,"Hickory Water Tower","PM2.5","Catawba",35.728889,-81.365556
"1473",2024-09-30,47,"Hickory Water Tower","PM2.5","Catawba",35.728889,-81.365556
"1474",2024-10-01,23,"Hickory Water Tower","PM2.5","Catawba",35.728889,-81.365556
"1475",2024-10-02,23,"Hickory Water Tower","PM2.5","Catawba",35.728889,-81.365556
"1476",2024-10-03,47,"Hickory Water Tower","PM2.5","Catawba",35.728889,-81.365556
"1477",2024-10-04,47,"Hickory Water Tower","PM2.5","Catawba",35.728889,-81.365556
"1478",2024-10-05,51,"Hickory Water Tower","PM2.5","Catawba",35.728889,-81.365556
"1479",2024-10-06,57,"Hickory Water Tower","PM2.5","Catawba",35.728889,-81.365556
"1480",2024-10-07,52,"Hickory Water Tower","PM2.5","Catawba",35.728889,-81.365556
"1481",2024-10-08,49,"Hickory Water Tower","PM2.5","Catawba",35.728889,-81.365556
"1482",2024-10-09,29,"Hickory Water Tower","PM2.5","Catawba",35.728889,-81.365556
"1483",2024-10-10,31,"Hickory Water Tower","PM2.5","Catawba",35.728889,-81.365556
"1484",2024-10-11,28,"Hickory Water Tower","PM2.5","Catawba",35.728889,-81.365556
"1485",2024-10-12,33,"Hickory Water Tower","PM2.5","Catawba",35.728889,-81.365556
"1486",2024-10-13,49,"Hickory Water Tower","PM2.5","Catawba",35.728889,-81.365556
"1487",2024-10-14,27,"Hickory Water Tower","PM2.5","Catawba",35.728889,-81.365556
"1488",2024-10-23,38,"Hickory Water Tower","PM2.5","Catawba",35.728889,-81.365556
"1489",2024-10-24,50,"Hickory Water Tower","PM2.5","Catawba",35.728889,-81.365556
"1490",2024-10-25,53,"Hickory Water Tower","PM2.5","Catawba",35.728889,-81.365556
"1491",2024-10-26,54,"Hickory Water Tower","PM2.5","Catawba",35.728889,-81.365556
"1492",2024-10-27,29,"Hickory Water Tower","PM2.5","Catawba",35.728889,-81.365556
"1493",2024-10-28,54,"Hickory Water Tower","PM2.5","Catawba",35.728889,-81.365556
"1494",2024-10-29,56,"Hickory Water Tower","PM2.5","Catawba",35.728889,-81.365556
"1495",2024-10-30,46,"Hickory Water Tower","PM2.5","Catawba",35.728889,-81.365556
"1496",2024-10-31,41,"Hickory Water Tower","PM2.5","Catawba",35.728889,-81.365556
"1497",2024-11-01,53,"Hickory Water Tower","PM2.5","Catawba",35.728889,-81.365556
"1498",2024-11-02,45,"Hickory Water Tower","PM2.5","Catawba",35.728889,-81.365556
"1499",2024-11-03,41,"Hickory Water Tower","PM2.5","Catawba",35.728889,-81.365556
"1500",2024-11-04,38,"Hickory Water Tower","PM2.5","Catawba",35.728889,-81.365556
"1501",2024-11-05,26,"Hickory Water Tower","PM2.5","Catawba",35.728889,-81.365556
"1502",2024-11-06,52,"Hickory Water Tower","PM2.5","Catawba",35.728889,-81.365556
"1503",2024-11-07,34,"Hickory Water Tower","PM2.5","Catawba",35.728889,-81.365556
"1504",2024-11-08,37,"Hickory Water Tower","PM2.5","Catawba",35.728889,-81.365556
"1505",2024-11-09,39,"Hickory Water Tower","PM2.5","Catawba",35.728889,-81.365556
"1506",2024-11-10,48,"Hickory Water Tower","PM2.5","Catawba",35.728889,-81.365556
"1507",2024-11-11,27,"Hickory Water Tower","PM2.5","Catawba",35.728889,-81.365556
"1508",2024-11-12,32,"Hickory Water Tower","PM2.5","Catawba",35.728889,-81.365556
"1509",2024-11-13,27,"Hickory Water Tower","PM2.5","Catawba",35.728889,-81.365556
"1510",2024-11-14,31,"Hickory Water Tower","PM2.5","Catawba",35.728889,-81.365556
"1511",2024-11-15,19,"Hickory Water Tower","PM2.5","Catawba",35.728889,-81.365556
"1512",2024-11-16,34,"Hickory Water Tower","PM2.5","Catawba",35.728889,-81.365556
"1513",2024-11-17,56,"Hickory Water Tower","PM2.5","Catawba",35.728889,-81.365556
"1514",2024-11-18,57,"Hickory Water Tower","PM2.5","Catawba",35.728889,-81.365556
"1515",2024-11-19,58,"Hickory Water Tower","PM2.5","Catawba",35.728889,-81.365556
"1516",2024-11-20,28,"Hickory Water Tower","PM2.5","Catawba",35.728889,-81.365556
"1517",2024-11-21,13,"Hickory Water Tower","PM2.5","Catawba",35.728889,-81.365556
"1518",2024-11-22,1,"Hickory Water Tower","PM2.5","Catawba",35.728889,-81.365556
"1519",2024-11-23,4,"Hickory Water Tower","PM2.5","Catawba",35.728889,-81.365556
"1520",2024-11-24,42,"Hickory Water Tower","PM2.5","Catawba",35.728889,-81.365556
"1521",2024-11-25,53,"Hickory Water Tower","PM2.5","Catawba",35.728889,-81.365556
"1522",2024-11-26,44,"Hickory Water Tower","PM2.5","Catawba",35.728889,-81.365556
"1523",2024-11-27,44,"Hickory Water Tower","PM2.5","Catawba",35.728889,-81.365556
"1524",2024-11-28,42,"Hickory Water Tower","PM2.5","Catawba",35.728889,-81.365556
"1525",2024-11-29,28,"Hickory Water Tower","PM2.5","Catawba",35.728889,-81.365556
"1526",2024-11-30,17,"Hickory Water Tower","PM2.5","Catawba",35.728889,-81.365556
"1527",2024-12-01,24,"Hickory Water Tower","PM2.5","Catawba",35.728889,-81.365556
"1528",2024-12-02,21,"Hickory Water Tower","PM2.5","Catawba",35.728889,-81.365556
"1529",2024-12-03,28,"Hickory Water Tower","PM2.5","Catawba",35.728889,-81.365556
"1530",2024-12-04,55,"Hickory Water Tower","PM2.5","Catawba",35.728889,-81.365556
"1531",2024-12-05,35,"Hickory Water Tower","PM2.5","Catawba",35.728889,-81.365556
"1532",2024-12-06,21,"Hickory Water Tower","PM2.5","Catawba",35.728889,-81.365556
"1533",2024-12-07,52,"Hickory Water Tower","PM2.5","Catawba",35.728889,-81.365556
"1534",2024-12-08,47,"Hickory Water Tower","PM2.5","Catawba",35.728889,-81.365556
"1535",2024-12-09,54,"Hickory Water Tower","PM2.5","Catawba",35.728889,-81.365556
"1536",2024-12-10,53,"Hickory Water Tower","PM2.5","Catawba",35.728889,-81.365556
"1537",2024-12-11,11,"Hickory Water Tower","PM2.5","Catawba",35.728889,-81.365556
"1538",2024-12-12,27,"Hickory Water Tower","PM2.5","Catawba",35.728889,-81.365556
"1539",2024-12-13,56,"Hickory Water Tower","PM2.5","Catawba",35.728889,-81.365556
"1540",2024-12-14,56,"Hickory Water Tower","PM2.5","Catawba",35.728889,-81.365556
"1541",2024-12-15,41,"Hickory Water Tower","PM2.5","Catawba",35.728889,-81.365556
"1542",2024-12-16,31,"Hickory Water Tower","PM2.5","Catawba",35.728889,-81.365556
"1543",2024-12-17,48,"Hickory Water Tower","PM2.5","Catawba",35.728889,-81.365556
"1544",2024-12-18,44,"Hickory Water Tower","PM2.5","Catawba",35.728889,-81.365556
"1545",2024-12-19,21,"Hickory Water Tower","PM2.5","Catawba",35.728889,-81.365556
"1546",2024-12-20,23,"Hickory Water Tower","PM2.5","Catawba",35.728889,-81.365556
"1547",2024-12-21,13,"Hickory Water Tower","PM2.5","Catawba",35.728889,-81.365556
"1548",2024-12-22,40,"Hickory Water Tower","PM2.5","Catawba",35.728889,-81.365556
"1549",2024-12-23,62,"Hickory Water Tower","PM2.5","Catawba",35.728889,-81.365556
"1550",2024-12-24,60,"Hickory Water Tower","PM2.5","Catawba",35.728889,-81.365556
"1551",2024-12-25,63,"Hickory Water Tower","PM2.5","Catawba",35.728889,-81.365556
"1552",2024-12-26,63,"Hickory Water Tower","PM2.5","Catawba",35.728889,-81.365556
"1553",2024-12-27,60,"Hickory Water Tower","PM2.5","Catawba",35.728889,-81.365556
"1554",2024-12-28,21,"Hickory Water Tower","PM2.5","Catawba",35.728889,-81.365556
"1555",2024-12-29,11,"Hickory Water Tower","PM2.5","Catawba",35.728889,-81.365556
"1556",2024-12-30,25,"Hickory Water Tower","PM2.5","Catawba",35.728889,-81.365556
"1557",2024-12-31,52,"Hickory Water Tower","PM2.5","Catawba",35.728889,-81.365556
"1558",2024-01-01,61,"William Owen School","PM2.5","Cumberland",35.041416,-78.953112
"1559",2024-01-02,33,"William Owen School","PM2.5","Cumberland",35.041416,-78.953112
"1560",2024-01-03,56,"William Owen School","PM2.5","Cumberland",35.041416,-78.953112
"1561",2024-01-04,41,"William Owen School","PM2.5","Cumberland",35.041416,-78.953112
"1562",2024-01-05,34,"William Owen School","PM2.5","Cumberland",35.041416,-78.953112
"1563",2024-01-06,26,"William Owen School","PM2.5","Cumberland",35.041416,-78.953112
"1564",2024-01-07,13,"William Owen School","PM2.5","Cumberland",35.041416,-78.953112
"1565",2024-01-08,20,"William Owen School","PM2.5","Cumberland",35.041416,-78.953112
"1566",2024-01-09,26,"William Owen School","PM2.5","Cumberland",35.041416,-78.953112
"1567",2024-01-10,14,"William Owen School","PM2.5","Cumberland",35.041416,-78.953112
"1568",2024-01-11,43,"William Owen School","PM2.5","Cumberland",35.041416,-78.953112
"1569",2024-01-12,53,"William Owen School","PM2.5","Cumberland",35.041416,-78.953112
"1570",2024-01-13,23,"William Owen School","PM2.5","Cumberland",35.041416,-78.953112
"1571",2024-01-14,23,"William Owen School","PM2.5","Cumberland",35.041416,-78.953112
"1572",2024-01-15,45,"William Owen School","PM2.5","Cumberland",35.041416,-78.953112
"1573",2024-01-16,52,"William Owen School","PM2.5","Cumberland",35.041416,-78.953112
"1574",2024-01-17,29,"William Owen School","PM2.5","Cumberland",35.041416,-78.953112
"1575",2024-01-18,53,"William Owen School","PM2.5","Cumberland",35.041416,-78.953112
"1576",2024-01-19,48,"William Owen School","PM2.5","Cumberland",35.041416,-78.953112
"1577",2024-01-20,34,"William Owen School","PM2.5","Cumberland",35.041416,-78.953112
"1578",2024-01-21,47,"William Owen School","PM2.5","Cumberland",35.041416,-78.953112
"1579",2024-01-22,110,"William Owen School","PM2.5","Cumberland",35.041416,-78.953112
"1580",2024-01-23,66,"William Owen School","PM2.5","Cumberland",35.041416,-78.953112
"1581",2024-01-24,43,"William Owen School","PM2.5","Cumberland",35.041416,-78.953112
"1582",2024-01-25,16,"William Owen School","PM2.5","Cumberland",35.041416,-78.953112
"1583",2024-01-26,31,"William Owen School","PM2.5","Cumberland",35.041416,-78.953112
"1584",2024-01-27,39,"William Owen School","PM2.5","Cumberland",35.041416,-78.953112
"1585",2024-01-28,9,"William Owen School","PM2.5","Cumberland",35.041416,-78.953112
"1586",2024-01-29,4,"William Owen School","PM2.5","Cumberland",35.041416,-78.953112
"1587",2024-01-30,21,"William Owen School","PM2.5","Cumberland",35.041416,-78.953112
"1588",2024-01-31,30,"William Owen School","PM2.5","Cumberland",35.041416,-78.953112
"1589",2024-02-01,46,"William Owen School","PM2.5","Cumberland",35.041416,-78.953112
"1590",2024-02-02,56,"William Owen School","PM2.5","Cumberland",35.041416,-78.953112
"1591",2024-02-03,21,"William Owen School","PM2.5","Cumberland",35.041416,-78.953112
"1592",2024-02-04,30,"William Owen School","PM2.5","Cumberland",35.041416,-78.953112
"1593",2024-02-05,16,"William Owen School","PM2.5","Cumberland",35.041416,-78.953112
"1594",2024-02-06,27,"William Owen School","PM2.5","Cumberland",35.041416,-78.953112
"1595",2024-02-07,28,"William Owen School","PM2.5","Cumberland",35.041416,-78.953112
"1596",2024-02-08,57,"William Owen School","PM2.5","Cumberland",35.041416,-78.953112
"1597",2024-02-09,64,"William Owen School","PM2.5","Cumberland",35.041416,-78.953112
"1598",2024-02-10,63,"William Owen School","PM2.5","Cumberland",35.041416,-78.953112
"1599",2024-02-11,53,"William Owen School","PM2.5","Cumberland",35.041416,-78.953112
"1600",2024-02-12,17,"William Owen School","PM2.5","Cumberland",35.041416,-78.953112
"1601",2024-02-13,9,"William Owen School","PM2.5","Cumberland",35.041416,-78.953112
"1602",2024-02-14,52,"William Owen School","PM2.5","Cumberland",35.041416,-78.953112
"1603",2024-02-15,53,"William Owen School","PM2.5","Cumberland",35.041416,-78.953112
"1604",2024-02-16,56,"William Owen School","PM2.5","Cumberland",35.041416,-78.953112
"1605",2024-02-17,46,"William Owen School","PM2.5","Cumberland",35.041416,-78.953112
"1606",2024-02-18,31,"William Owen School","PM2.5","Cumberland",35.041416,-78.953112
"1607",2024-02-19,35,"William Owen School","PM2.5","Cumberland",35.041416,-78.953112
"1608",2024-02-20,46,"William Owen School","PM2.5","Cumberland",35.041416,-78.953112
"1609",2024-02-21,55,"William Owen School","PM2.5","Cumberland",35.041416,-78.953112
"1610",2024-02-22,74,"William Owen School","PM2.5","Cumberland",35.041416,-78.953112
"1611",2024-02-23,54,"William Owen School","PM2.5","Cumberland",35.041416,-78.953112
"1612",2024-02-24,29,"William Owen School","PM2.5","Cumberland",35.041416,-78.953112
"1613",2024-02-25,26,"William Owen School","PM2.5","Cumberland",35.041416,-78.953112
"1614",2024-02-26,55,"William Owen School","PM2.5","Cumberland",35.041416,-78.953112
"1615",2024-02-27,53,"William Owen School","PM2.5","Cumberland",35.041416,-78.953112
"1616",2024-02-28,45,"William Owen School","PM2.5","Cumberland",35.041416,-78.953112
"1617",2024-02-29,23,"William Owen School","PM2.5","Cumberland",35.041416,-78.953112
"1618",2024-03-01,32,"William Owen School","PM2.5","Cumberland",35.041416,-78.953112
"1619",2024-03-02,22,"William Owen School","PM2.5","Cumberland",35.041416,-78.953112
"1620",2024-03-03,44,"William Owen School","PM2.5","Cumberland",35.041416,-78.953112
"1621",2024-03-04,32,"William Owen School","PM2.5","Cumberland",35.041416,-78.953112
"1622",2024-03-05,20,"William Owen School","PM2.5","Cumberland",35.041416,-78.953112
"1623",2024-03-07,19,"William Owen School","PM2.5","Cumberland",35.041416,-78.953112
"1624",2024-03-08,22,"William Owen School","PM2.5","Cumberland",35.041416,-78.953112
"1625",2024-03-09,21,"William Owen School","PM2.5","Cumberland",35.041416,-78.953112
"1626",2024-03-10,6,"William Owen School","PM2.5","Cumberland",35.041416,-78.953112
"1627",2024-03-11,21,"William Owen School","PM2.5","Cumberland",35.041416,-78.953112
"1628",2024-03-12,54,"William Owen School","PM2.5","Cumberland",35.041416,-78.953112
"1629",2024-03-13,64,"William Owen School","PM2.5","Cumberland",35.041416,-78.953112
"1630",2024-03-14,71,"William Owen School","PM2.5","Cumberland",35.041416,-78.953112
"1631",2024-03-15,69,"William Owen School","PM2.5","Cumberland",35.041416,-78.953112
"1632",2024-03-16,57,"William Owen School","PM2.5","Cumberland",35.041416,-78.953112
"1633",2024-03-17,48,"William Owen School","PM2.5","Cumberland",35.041416,-78.953112
"1634",2024-03-18,52,"William Owen School","PM2.5","Cumberland",35.041416,-78.953112
"1635",2024-03-19,30,"William Owen School","PM2.5","Cumberland",35.041416,-78.953112
"1636",2024-03-20,59,"William Owen School","PM2.5","Cumberland",35.041416,-78.953112
"1637",2024-03-21,58,"William Owen School","PM2.5","Cumberland",35.041416,-78.953112
"1638",2024-03-22,51,"William Owen School","PM2.5","Cumberland",35.041416,-78.953112
"1639",2024-03-23,14,"William Owen School","PM2.5","Cumberland",35.041416,-78.953112
"1640",2024-03-24,14,"William Owen School","PM2.5","Cumberland",35.041416,-78.953112
"1641",2024-03-25,38,"William Owen School","PM2.5","Cumberland",35.041416,-78.953112
"1642",2024-03-26,48,"William Owen School","PM2.5","Cumberland",35.041416,-78.953112
"1643",2024-03-27,33,"William Owen School","PM2.5","Cumberland",35.041416,-78.953112
"1644",2024-03-28,17,"William Owen School","PM2.5","Cumberland",35.041416,-78.953112
"1645",2024-03-29,34,"William Owen School","PM2.5","Cumberland",35.041416,-78.953112
"1646",2024-03-30,53,"William Owen School","PM2.5","Cumberland",35.041416,-78.953112
"1647",2024-03-31,56,"William Owen School","PM2.5","Cumberland",35.041416,-78.953112
"1648",2024-04-01,61,"William Owen School","PM2.5","Cumberland",35.041416,-78.953112
"1649",2024-04-02,59,"William Owen School","PM2.5","Cumberland",35.041416,-78.953112
"1650",2024-04-03,42,"William Owen School","PM2.5","Cumberland",35.041416,-78.953112
"1651",2024-04-04,14,"William Owen School","PM2.5","Cumberland",35.041416,-78.953112
"1652",2024-04-05,16,"William Owen School","PM2.5","Cumberland",35.041416,-78.953112
"1653",2024-04-06,31,"William Owen School","PM2.5","Cumberland",35.041416,-78.953112
"1654",2024-04-07,21,"William Owen School","PM2.5","Cumberland",35.041416,-78.953112
"1655",2024-04-08,42,"William Owen School","PM2.5","Cumberland",35.041416,-78.953112
"1656",2024-04-09,55,"William Owen School","PM2.5","Cumberland",35.041416,-78.953112
"1657",2024-04-10,37,"William Owen School","PM2.5","Cumberland",35.041416,-78.953112
"1658",2024-04-11,28,"William Owen School","PM2.5","Cumberland",35.041416,-78.953112
"1659",2024-04-12,21,"William Owen School","PM2.5","Cumberland",35.041416,-78.953112
"1660",2024-04-13,58,"William Owen School","PM2.5","Cumberland",35.041416,-78.953112
"1661",2024-04-14,42,"William Owen School","PM2.5","Cumberland",35.041416,-78.953112
"1662",2024-04-15,57,"William Owen School","PM2.5","Cumberland",35.041416,-78.953112
"1663",2024-04-16,65,"William Owen School","PM2.5","Cumberland",35.041416,-78.953112
"1664",2024-04-17,55,"William Owen School","PM2.5","Cumberland",35.041416,-78.953112
"1665",2024-04-18,52,"William Owen School","PM2.5","Cumberland",35.041416,-78.953112
"1666",2024-04-19,63,"William Owen School","PM2.5","Cumberland",35.041416,-78.953112
"1667",2024-04-20,59,"William Owen School","PM2.5","Cumberland",35.041416,-78.953112
"1668",2024-04-21,24,"William Owen School","PM2.5","Cumberland",35.041416,-78.953112
"1669",2024-04-22,26,"William Owen School","PM2.5","Cumberland",35.041416,-78.953112
"1670",2024-04-23,41,"William Owen School","PM2.5","Cumberland",35.041416,-78.953112
"1671",2024-04-24,49,"William Owen School","PM2.5","Cumberland",35.041416,-78.953112
"1672",2024-04-25,57,"William Owen School","PM2.5","Cumberland",35.041416,-78.953112
"1673",2024-04-26,51,"William Owen School","PM2.5","Cumberland",35.041416,-78.953112
"1674",2024-04-27,38,"William Owen School","PM2.5","Cumberland",35.041416,-78.953112
"1675",2024-04-28,46,"William Owen School","PM2.5","Cumberland",35.041416,-78.953112
"1676",2024-04-29,36,"William Owen School","PM2.5","Cumberland",35.041416,-78.953112
"1677",2024-04-30,38,"William Owen School","PM2.5","Cumberland",35.041416,-78.953112
"1678",2024-05-01,47,"William Owen School","PM2.5","Cumberland",35.041416,-78.953112
"1679",2024-05-02,46,"William Owen School","PM2.5","Cumberland",35.041416,-78.953112
"1680",2024-05-03,42,"William Owen School","PM2.5","Cumberland",35.041416,-78.953112
"1681",2024-05-04,33,"William Owen School","PM2.5","Cumberland",35.041416,-78.953112
"1682",2024-05-05,26,"William Owen School","PM2.5","Cumberland",35.041416,-78.953112
"1683",2024-05-06,37,"William Owen School","PM2.5","Cumberland",35.041416,-78.953112
"1684",2024-05-07,49,"William Owen School","PM2.5","Cumberland",35.041416,-78.953112
"1685",2024-05-08,54,"William Owen School","PM2.5","Cumberland",35.041416,-78.953112
"1686",2024-05-09,31,"William Owen School","PM2.5","Cumberland",35.041416,-78.953112
"1687",2024-05-10,29,"William Owen School","PM2.5","Cumberland",35.041416,-78.953112
"1688",2024-05-11,31,"William Owen School","PM2.5","Cumberland",35.041416,-78.953112
"1689",2024-05-12,39,"William Owen School","PM2.5","Cumberland",35.041416,-78.953112
"1690",2024-05-13,47,"William Owen School","PM2.5","Cumberland",35.041416,-78.953112
"1691",2024-05-14,31,"William Owen School","PM2.5","Cumberland",35.041416,-78.953112
"1692",2024-05-15,29,"William Owen School","PM2.5","Cumberland",35.041416,-78.953112
"1693",2024-05-16,26,"William Owen School","PM2.5","Cumberland",35.041416,-78.953112
"1694",2024-05-17,47,"William Owen School","PM2.5","Cumberland",35.041416,-78.953112
"1695",2024-05-18,34,"William Owen School","PM2.5","Cumberland",35.041416,-78.953112
"1696",2024-05-19,17,"William Owen School","PM2.5","Cumberland",35.041416,-78.953112
"1697",2024-05-20,37,"William Owen School","PM2.5","Cumberland",35.041416,-78.953112
"1698",2024-05-21,29,"William Owen School","PM2.5","Cumberland",35.041416,-78.953112
"1699",2024-05-22,37,"William Owen School","PM2.5","Cumberland",35.041416,-78.953112
"1700",2024-05-23,55,"William Owen School","PM2.5","Cumberland",35.041416,-78.953112
"1701",2024-05-24,52,"William Owen School","PM2.5","Cumberland",35.041416,-78.953112
"1702",2024-05-25,52,"William Owen School","PM2.5","Cumberland",35.041416,-78.953112
"1703",2024-05-26,55,"William Owen School","PM2.5","Cumberland",35.041416,-78.953112
"1704",2024-05-27,50,"William Owen School","PM2.5","Cumberland",35.041416,-78.953112
"1705",2024-05-28,53,"William Owen School","PM2.5","Cumberland",35.041416,-78.953112
"1706",2024-06-12,53,"William Owen School","PM2.5","Cumberland",35.041416,-78.953112
"1707",2024-06-13,50,"William Owen School","PM2.5","Cumberland",35.041416,-78.953112
"1708",2024-06-14,57,"William Owen School","PM2.5","Cumberland",35.041416,-78.953112
"1709",2024-06-15,61,"William Owen School","PM2.5","Cumberland",35.041416,-78.953112
"1710",2024-06-16,49,"William Owen School","PM2.5","Cumberland",35.041416,-78.953112
"1711",2024-06-17,47,"William Owen School","PM2.5","Cumberland",35.041416,-78.953112
"1712",2024-06-18,36,"William Owen School","PM2.5","Cumberland",35.041416,-78.953112
"1713",2024-06-19,30,"William Owen School","PM2.5","Cumberland",35.041416,-78.953112
"1714",2024-06-20,43,"William Owen School","PM2.5","Cumberland",35.041416,-78.953112
"1715",2024-06-21,34,"William Owen School","PM2.5","Cumberland",35.041416,-78.953112
"1716",2024-06-22,35,"William Owen School","PM2.5","Cumberland",35.041416,-78.953112
"1717",2024-06-23,29,"William Owen School","PM2.5","Cumberland",35.041416,-78.953112
"1718",2024-06-24,55,"William Owen School","PM2.5","Cumberland",35.041416,-78.953112
"1719",2024-06-25,53,"William Owen School","PM2.5","Cumberland",35.041416,-78.953112
"1720",2024-06-26,56,"William Owen School","PM2.5","Cumberland",35.041416,-78.953112
"1721",2024-06-27,55,"William Owen School","PM2.5","Cumberland",35.041416,-78.953112
"1722",2024-06-28,57,"William Owen School","PM2.5","Cumberland",35.041416,-78.953112
"1723",2024-06-29,44,"William Owen School","PM2.5","Cumberland",35.041416,-78.953112
"1724",2024-06-30,49,"William Owen School","PM2.5","Cumberland",35.041416,-78.953112
"1725",2024-07-01,28,"William Owen School","PM2.5","Cumberland",35.041416,-78.953112
"1726",2024-07-02,36,"William Owen School","PM2.5","Cumberland",35.041416,-78.953112
"1727",2024-07-03,45,"William Owen School","PM2.5","Cumberland",35.041416,-78.953112
"1728",2024-07-04,55,"William Owen School","PM2.5","Cumberland",35.041416,-78.953112
"1729",2024-07-05,53,"William Owen School","PM2.5","Cumberland",35.041416,-78.953112
"1730",2024-07-06,52,"William Owen School","PM2.5","Cumberland",35.041416,-78.953112
"1731",2024-07-07,53,"William Owen School","PM2.5","Cumberland",35.041416,-78.953112
"1732",2024-07-08,43,"William Owen School","PM2.5","Cumberland",35.041416,-78.953112
"1733",2024-07-09,33,"William Owen School","PM2.5","Cumberland",35.041416,-78.953112
"1734",2024-07-10,50,"William Owen School","PM2.5","Cumberland",35.041416,-78.953112
"1735",2024-07-11,34,"William Owen School","PM2.5","Cumberland",35.041416,-78.953112
"1736",2024-07-12,28,"William Owen School","PM2.5","Cumberland",35.041416,-78.953112
"1737",2024-07-13,49,"William Owen School","PM2.5","Cumberland",35.041416,-78.953112
"1738",2024-07-14,61,"William Owen School","PM2.5","Cumberland",35.041416,-78.953112
"1739",2024-07-15,61,"William Owen School","PM2.5","Cumberland",35.041416,-78.953112
"1740",2024-07-16,58,"William Owen School","PM2.5","Cumberland",35.041416,-78.953112
"1741",2024-07-17,56,"William Owen School","PM2.5","Cumberland",35.041416,-78.953112
"1742",2024-07-18,52,"William Owen School","PM2.5","Cumberland",35.041416,-78.953112
"1743",2024-07-19,41,"William Owen School","PM2.5","Cumberland",35.041416,-78.953112
"1744",2024-07-20,31,"William Owen School","PM2.5","Cumberland",35.041416,-78.953112
"1745",2024-07-21,29,"William Owen School","PM2.5","Cumberland",35.041416,-78.953112
"1746",2024-07-22,18,"William Owen School","PM2.5","Cumberland",35.041416,-78.953112
"1747",2024-07-23,35,"William Owen School","PM2.5","Cumberland",35.041416,-78.953112
"1748",2024-07-24,31,"William Owen School","PM2.5","Cumberland",35.041416,-78.953112
"1749",2024-07-25,29,"William Owen School","PM2.5","Cumberland",35.041416,-78.953112
"1750",2024-07-26,29,"William Owen School","PM2.5","Cumberland",35.041416,-78.953112
"1751",2024-07-27,54,"William Owen School","PM2.5","Cumberland",35.041416,-78.953112
"1752",2024-07-28,49,"William Owen School","PM2.5","Cumberland",35.041416,-78.953112
"1753",2024-07-29,55,"William Owen School","PM2.5","Cumberland",35.041416,-78.953112
"1754",2024-07-30,51,"William Owen School","PM2.5","Cumberland",35.041416,-78.953112
"1755",2024-07-31,41,"William Owen School","PM2.5","Cumberland",35.041416,-78.953112
"1756",2024-08-01,58,"William Owen School","PM2.5","Cumberland",35.041416,-78.953112
"1757",2024-08-02,57,"William Owen School","PM2.5","Cumberland",35.041416,-78.953112
"1758",2024-08-03,48,"William Owen School","PM2.5","Cumberland",35.041416,-78.953112
"1759",2024-08-04,27,"William Owen School","PM2.5","Cumberland",35.041416,-78.953112
"1760",2024-08-05,25,"William Owen School","PM2.5","Cumberland",35.041416,-78.953112
"1761",2024-08-06,16,"William Owen School","PM2.5","Cumberland",35.041416,-78.953112
"1762",2024-08-07,17,"William Owen School","PM2.5","Cumberland",35.041416,-78.953112
"1763",2024-08-08,12,"William Owen School","PM2.5","Cumberland",35.041416,-78.953112
"1764",2024-08-09,34,"William Owen School","PM2.5","Cumberland",35.041416,-78.953112
"1765",2024-08-10,54,"William Owen School","PM2.5","Cumberland",35.041416,-78.953112
"1766",2024-08-11,55,"William Owen School","PM2.5","Cumberland",35.041416,-78.953112
"1767",2024-08-12,52,"William Owen School","PM2.5","Cumberland",35.041416,-78.953112
"1768",2024-08-13,53,"William Owen School","PM2.5","Cumberland",35.041416,-78.953112
"1769",2024-08-14,50,"William Owen School","PM2.5","Cumberland",35.041416,-78.953112
"1770",2024-08-15,54,"William Owen School","PM2.5","Cumberland",35.041416,-78.953112
"1771",2024-08-16,61,"William Owen School","PM2.5","Cumberland",35.041416,-78.953112
"1772",2024-08-17,60,"William Owen School","PM2.5","Cumberland",35.041416,-78.953112
"1773",2024-08-18,48,"William Owen School","PM2.5","Cumberland",35.041416,-78.953112
"1774",2024-08-19,31,"William Owen School","PM2.5","Cumberland",35.041416,-78.953112
"1775",2024-08-20,29,"William Owen School","PM2.5","Cumberland",35.041416,-78.953112
"1776",2024-08-21,52,"William Owen School","PM2.5","Cumberland",35.041416,-78.953112
"1777",2024-08-22,40,"William Owen School","PM2.5","Cumberland",35.041416,-78.953112
"1778",2024-08-23,51,"William Owen School","PM2.5","Cumberland",35.041416,-78.953112
"1779",2024-08-24,46,"William Owen School","PM2.5","Cumberland",35.041416,-78.953112
"1780",2024-08-25,44,"William Owen School","PM2.5","Cumberland",35.041416,-78.953112
"1781",2024-08-26,55,"William Owen School","PM2.5","Cumberland",35.041416,-78.953112
"1782",2024-08-27,56,"William Owen School","PM2.5","Cumberland",35.041416,-78.953112
"1783",2024-08-28,57,"William Owen School","PM2.5","Cumberland",35.041416,-78.953112
"1784",2024-08-29,55,"William Owen School","PM2.5","Cumberland",35.041416,-78.953112
"1785",2024-08-30,49,"William Owen School","PM2.5","Cumberland",35.041416,-78.953112
"1786",2024-08-31,52,"William Owen School","PM2.5","Cumberland",35.041416,-78.953112
"1787",2024-09-01,48,"William Owen School","PM2.5","Cumberland",35.041416,-78.953112
"1788",2024-09-02,29,"William Owen School","PM2.5","Cumberland",35.041416,-78.953112
"1789",2024-09-03,28,"William Owen School","PM2.5","Cumberland",35.041416,-78.953112
"1790",2024-09-04,30,"William Owen School","PM2.5","Cumberland",35.041416,-78.953112
"1791",2024-09-05,29,"William Owen School","PM2.5","Cumberland",35.041416,-78.953112
"1792",2024-09-06,44,"William Owen School","PM2.5","Cumberland",35.041416,-78.953112
"1793",2024-09-07,37,"William Owen School","PM2.5","Cumberland",35.041416,-78.953112
"1794",2024-09-08,24,"William Owen School","PM2.5","Cumberland",35.041416,-78.953112
"1795",2024-09-09,28,"William Owen School","PM2.5","Cumberland",35.041416,-78.953112
"1796",2024-09-10,48,"William Owen School","PM2.5","Cumberland",35.041416,-78.953112
"1797",2024-09-11,53,"William Owen School","PM2.5","Cumberland",35.041416,-78.953112
"1798",2024-09-12,47,"William Owen School","PM2.5","Cumberland",35.041416,-78.953112
"1799",2024-09-13,22,"William Owen School","PM2.5","Cumberland",35.041416,-78.953112
"1800",2024-09-14,34,"William Owen School","PM2.5","Cumberland",35.041416,-78.953112
"1801",2024-09-15,43,"William Owen School","PM2.5","Cumberland",35.041416,-78.953112
"1802",2024-09-16,25,"William Owen School","PM2.5","Cumberland",35.041416,-78.953112
"1803",2024-09-17,18,"William Owen School","PM2.5","Cumberland",35.041416,-78.953112
"1804",2024-09-18,42,"William Owen School","PM2.5","Cumberland",35.041416,-78.953112
"1805",2024-09-19,24,"William Owen School","PM2.5","Cumberland",35.041416,-78.953112
"1806",2024-09-20,40,"William Owen School","PM2.5","Cumberland",35.041416,-78.953112
"1807",2024-09-21,43,"William Owen School","PM2.5","Cumberland",35.041416,-78.953112
"1808",2024-09-22,48,"William Owen School","PM2.5","Cumberland",35.041416,-78.953112
"1809",2024-09-23,50,"William Owen School","PM2.5","Cumberland",35.041416,-78.953112
"1810",2024-09-24,43,"William Owen School","PM2.5","Cumberland",35.041416,-78.953112
"1811",2024-09-25,42,"William Owen School","PM2.5","Cumberland",35.041416,-78.953112
"1812",2024-09-26,25,"William Owen School","PM2.5","Cumberland",35.041416,-78.953112
"1813",2024-09-27,29,"William Owen School","PM2.5","Cumberland",35.041416,-78.953112
"1814",2024-09-28,48,"William Owen School","PM2.5","Cumberland",35.041416,-78.953112
"1815",2024-09-29,53,"William Owen School","PM2.5","Cumberland",35.041416,-78.953112
"1816",2024-09-30,55,"William Owen School","PM2.5","Cumberland",35.041416,-78.953112
"1817",2024-10-01,32,"William Owen School","PM2.5","Cumberland",35.041416,-78.953112
"1818",2024-10-02,21,"William Owen School","PM2.5","Cumberland",35.041416,-78.953112
"1819",2024-10-09,35,"William Owen School","PM2.5","Cumberland",35.041416,-78.953112
"1820",2024-10-15,21,"William Owen School","PM2.5","Cumberland",35.041416,-78.953112
"1821",2024-10-16,13,"William Owen School","PM2.5","Cumberland",35.041416,-78.953112
"1822",2024-10-17,17,"William Owen School","PM2.5","Cumberland",35.041416,-78.953112
"1823",2024-10-18,32,"William Owen School","PM2.5","Cumberland",35.041416,-78.953112
"1824",2024-10-19,42,"William Owen School","PM2.5","Cumberland",35.041416,-78.953112
"1825",2024-10-20,42,"William Owen School","PM2.5","Cumberland",35.041416,-78.953112
"1826",2024-10-21,44,"William Owen School","PM2.5","Cumberland",35.041416,-78.953112
"1827",2024-10-22,55,"William Owen School","PM2.5","Cumberland",35.041416,-78.953112
"1828",2024-10-23,53,"William Owen School","PM2.5","Cumberland",35.041416,-78.953112
"1829",2024-10-24,56,"William Owen School","PM2.5","Cumberland",35.041416,-78.953112
"1830",2024-10-25,55,"William Owen School","PM2.5","Cumberland",35.041416,-78.953112
"1831",2024-10-26,58,"William Owen School","PM2.5","Cumberland",35.041416,-78.953112
"1832",2024-10-27,33,"William Owen School","PM2.5","Cumberland",35.041416,-78.953112
"1833",2024-10-28,38,"William Owen School","PM2.5","Cumberland",35.041416,-78.953112
"1834",2024-10-29,46,"William Owen School","PM2.5","Cumberland",35.041416,-78.953112
"1835",2024-10-30,51,"William Owen School","PM2.5","Cumberland",35.041416,-78.953112
"1836",2024-10-31,32,"William Owen School","PM2.5","Cumberland",35.041416,-78.953112
"1837",2024-11-01,33,"William Owen School","PM2.5","Cumberland",35.041416,-78.953112
"1838",2024-11-02,56,"William Owen School","PM2.5","Cumberland",35.041416,-78.953112
"1839",2024-11-03,34,"William Owen School","PM2.5","Cumberland",35.041416,-78.953112
"1840",2024-11-04,35,"William Owen School","PM2.5","Cumberland",35.041416,-78.953112
"1841",2024-11-05,43,"William Owen School","PM2.5","Cumberland",35.041416,-78.953112
"1842",2024-11-06,53,"William Owen School","PM2.5","Cumberland",35.041416,-78.953112
"1843",2024-11-07,43,"William Owen School","PM2.5","Cumberland",35.041416,-78.953112
"1844",2024-11-08,53,"William Owen School","PM2.5","Cumberland",35.041416,-78.953112
"1845",2024-11-09,29,"William Owen School","PM2.5","Cumberland",35.041416,-78.953112
"1846",2024-11-10,33,"William Owen School","PM2.5","Cumberland",35.041416,-78.953112
"1847",2024-11-11,41,"William Owen School","PM2.5","Cumberland",35.041416,-78.953112
"1848",2024-11-12,25,"William Owen School","PM2.5","Cumberland",35.041416,-78.953112
"1849",2024-11-13,19,"William Owen School","PM2.5","Cumberland",35.041416,-78.953112
"1850",2024-11-14,34,"William Owen School","PM2.5","Cumberland",35.041416,-78.953112
"1851",2024-11-15,11,"William Owen School","PM2.5","Cumberland",35.041416,-78.953112
"1852",2024-11-16,28,"William Owen School","PM2.5","Cumberland",35.041416,-78.953112
"1853",2024-11-17,49,"William Owen School","PM2.5","Cumberland",35.041416,-78.953112
"1854",2024-11-18,58,"William Owen School","PM2.5","Cumberland",35.041416,-78.953112
"1855",2024-11-19,72,"William Owen School","PM2.5","Cumberland",35.041416,-78.953112
"1856",2024-11-20,51,"William Owen School","PM2.5","Cumberland",35.041416,-78.953112
"1857",2024-11-21,8,"William Owen School","PM2.5","Cumberland",35.041416,-78.953112
"1858",2024-11-22,11,"William Owen School","PM2.5","Cumberland",35.041416,-78.953112
"1859",2024-11-23,24,"William Owen School","PM2.5","Cumberland",35.041416,-78.953112
"1860",2024-11-24,71,"William Owen School","PM2.5","Cumberland",35.041416,-78.953112
"1861",2024-11-25,61,"William Owen School","PM2.5","Cumberland",35.041416,-78.953112
"1862",2024-11-26,54,"William Owen School","PM2.5","Cumberland",35.041416,-78.953112
"1863",2024-11-27,44,"William Owen School","PM2.5","Cumberland",35.041416,-78.953112
"1864",2024-11-28,39,"William Owen School","PM2.5","Cumberland",35.041416,-78.953112
"1865",2024-11-29,12,"William Owen School","PM2.5","Cumberland",35.041416,-78.953112
"1866",2024-11-30,58,"William Owen School","PM2.5","Cumberland",35.041416,-78.953112
"1867",2024-12-01,65,"William Owen School","PM2.5","Cumberland",35.041416,-78.953112
"1868",2024-12-02,23,"William Owen School","PM2.5","Cumberland",35.041416,-78.953112
"1869",2024-12-03,44,"William Owen School","PM2.5","Cumberland",35.041416,-78.953112
"1870",2024-12-04,52,"William Owen School","PM2.5","Cumberland",35.041416,-78.953112
"1871",2024-12-05,50,"William Owen School","PM2.5","Cumberland",35.041416,-78.953112
"1872",2024-12-07,76,"William Owen School","PM2.5","Cumberland",35.041416,-78.953112
"1873",2024-12-08,55,"William Owen School","PM2.5","Cumberland",35.041416,-78.953112
"1874",2024-12-09,53,"William Owen School","PM2.5","Cumberland",35.041416,-78.953112
"1875",2024-12-10,54,"William Owen School","PM2.5","Cumberland",35.041416,-78.953112
"1876",2024-12-11,14,"William Owen School","PM2.5","Cumberland",35.041416,-78.953112
"1877",2024-12-12,26,"William Owen School","PM2.5","Cumberland",35.041416,-78.953112
"1878",2024-12-13,61,"William Owen School","PM2.5","Cumberland",35.041416,-78.953112
"1879",2024-12-14,47,"William Owen School","PM2.5","Cumberland",35.041416,-78.953112
"1880",2024-12-15,22,"William Owen School","PM2.5","Cumberland",35.041416,-78.953112
"1881",2024-12-16,52,"William Owen School","PM2.5","Cumberland",35.041416,-78.953112
"1882",2024-12-17,55,"William Owen School","PM2.5","Cumberland",35.041416,-78.953112
"1883",2024-12-18,41,"William Owen School","PM2.5","Cumberland",35.041416,-78.953112
"1884",2024-12-19,17,"William Owen School","PM2.5","Cumberland",35.041416,-78.953112
"1885",2024-12-20,29,"William Owen School","PM2.5","Cumberland",35.041416,-78.953112
"1886",2024-12-21,11,"William Owen School","PM2.5","Cumberland",35.041416,-78.953112
"1887",2024-12-22,24,"William Owen School","PM2.5","Cumberland",35.041416,-78.953112
"1888",2024-12-23,36,"William Owen School","PM2.5","Cumberland",35.041416,-78.953112
"1889",2024-12-24,48,"William Owen School","PM2.5","Cumberland",35.041416,-78.953112
"1890",2024-12-25,51,"William Owen School","PM2.5","Cumberland",35.041416,-78.953112
"1891",2024-12-26,47,"William Owen School","PM2.5","Cumberland",35.041416,-78.953112
"1892",2024-12-27,52,"William Owen School","PM2.5","Cumberland",35.041416,-78.953112
"1893",2024-12-28,36,"William Owen School","PM2.5","Cumberland",35.041416,-78.953112
"1894",2024-12-29,8,"William Owen School","PM2.5","Cumberland",35.041416,-78.953112
"1895",2024-12-30,25,"William Owen School","PM2.5","Cumberland",35.041416,-78.953112
"1896",2024-12-31,44,"William Owen School","PM2.5","Cumberland",35.041416,-78.953112
"1897",2024-01-01,45,"Lexington water tower","PM2.5","Davidson",35.8145,-80.2627
"1898",2024-01-07,24,"Lexington water tower","PM2.5","Davidson",35.8145,-80.2627
"1899",2024-01-13,26,"Lexington water tower","PM2.5","Davidson",35.8145,-80.2627
"1900",2024-01-19,35,"Lexington water tower","PM2.5","Davidson",35.8145,-80.2627
"1901",2024-01-25,14,"Lexington water tower","PM2.5","Davidson",35.8145,-80.2627
"1902",2024-01-31,37,"Lexington water tower","PM2.5","Davidson",35.8145,-80.2627
"1903",2024-02-06,31,"Lexington water tower","PM2.5","Davidson",35.8145,-80.2627
"1904",2024-02-12,15,"Lexington water tower","PM2.5","Davidson",35.8145,-80.2627
"1905",2024-02-18,39,"Lexington water tower","PM2.5","Davidson",35.8145,-80.2627
"1906",2024-02-24,22,"Lexington water tower","PM2.5","Davidson",35.8145,-80.2627
"1907",2024-03-01,45,"Lexington water tower","PM2.5","Davidson",35.8145,-80.2627
"1908",2024-03-07,20,"Lexington water tower","PM2.5","Davidson",35.8145,-80.2627
"1909",2024-03-13,55,"Lexington water tower","PM2.5","Davidson",35.8145,-80.2627
"1910",2024-03-19,17,"Lexington water tower","PM2.5","Davidson",35.8145,-80.2627
"1911",2024-03-25,37,"Lexington water tower","PM2.5","Davidson",35.8145,-80.2627
"1912",2024-03-31,54,"Lexington water tower","PM2.5","Davidson",35.8145,-80.2627
"1913",2024-04-12,16,"Lexington water tower","PM2.5","Davidson",35.8145,-80.2627
"1914",2024-04-18,44,"Lexington water tower","PM2.5","Davidson",35.8145,-80.2627
"1915",2024-04-24,51,"Lexington water tower","PM2.5","Davidson",35.8145,-80.2627
"1916",2024-05-06,44,"Lexington water tower","PM2.5","Davidson",35.8145,-80.2627
"1917",2024-05-12,36,"Lexington water tower","PM2.5","Davidson",35.8145,-80.2627
"1918",2024-05-18,32,"Lexington water tower","PM2.5","Davidson",35.8145,-80.2627
"1919",2024-05-24,37,"Lexington water tower","PM2.5","Davidson",35.8145,-80.2627
"1920",2024-06-05,44,"Lexington water tower","PM2.5","Davidson",35.8145,-80.2627
"1921",2024-06-11,42,"Lexington water tower","PM2.5","Davidson",35.8145,-80.2627
"1922",2024-06-17,55,"Lexington water tower","PM2.5","Davidson",35.8145,-80.2627
"1923",2024-06-23,52,"Lexington water tower","PM2.5","Davidson",35.8145,-80.2627
"1924",2024-07-05,58,"Lexington water tower","PM2.5","Davidson",35.8145,-80.2627
"1925",2024-07-11,26,"Lexington water tower","PM2.5","Davidson",35.8145,-80.2627
"1926",2024-07-17,51,"Lexington water tower","PM2.5","Davidson",35.8145,-80.2627
"1927",2024-07-23,34,"Lexington water tower","PM2.5","Davidson",35.8145,-80.2627
"1928",2024-07-29,49,"Lexington water tower","PM2.5","Davidson",35.8145,-80.2627
"1929",2024-08-04,44,"Lexington water tower","PM2.5","Davidson",35.8145,-80.2627
"1930",2024-08-10,54,"Lexington water tower","PM2.5","Davidson",35.8145,-80.2627
"1931",2024-08-16,58,"Lexington water tower","PM2.5","Davidson",35.8145,-80.2627
"1932",2024-08-28,70,"Lexington water tower","PM2.5","Davidson",35.8145,-80.2627
"1933",2024-09-03,21,"Lexington water tower","PM2.5","Davidson",35.8145,-80.2627
"1934",2024-09-09,38,"Lexington water tower","PM2.5","Davidson",35.8145,-80.2627
"1935",2024-09-21,52,"Lexington water tower","PM2.5","Davidson",35.8145,-80.2627
"1936",2024-09-27,24,"Lexington water tower","PM2.5","Davidson",35.8145,-80.2627
"1937",2024-10-03,35,"Lexington water tower","PM2.5","Davidson",35.8145,-80.2627
"1938",2024-10-09,49,"Lexington water tower","PM2.5","Davidson",35.8145,-80.2627
"1939",2024-10-15,17,"Lexington water tower","PM2.5","Davidson",35.8145,-80.2627
"1940",2024-10-21,55,"Lexington water tower","PM2.5","Davidson",35.8145,-80.2627
"1941",2024-10-27,38,"Lexington water tower","PM2.5","Davidson",35.8145,-80.2627
"1942",2024-11-02,42,"Lexington water tower","PM2.5","Davidson",35.8145,-80.2627
"1943",2024-11-08,37,"Lexington water tower","PM2.5","Davidson",35.8145,-80.2627
"1944",2024-11-14,33,"Lexington water tower","PM2.5","Davidson",35.8145,-80.2627
"1945",2024-12-08,54,"Lexington water tower","PM2.5","Davidson",35.8145,-80.2627
"1946",2024-12-14,52,"Lexington water tower","PM2.5","Davidson",35.8145,-80.2627
"1947",2024-12-20,31,"Lexington water tower","PM2.5","Davidson",35.8145,-80.2627
"1948",2024-01-01,51,"Lexington water tower","PM2.5","Davidson",35.8145,-80.2627
"1949",2024-01-02,41,"Lexington water tower","PM2.5","Davidson",35.8145,-80.2627
"1950",2024-01-03,64,"Lexington water tower","PM2.5","Davidson",35.8145,-80.2627
"1951",2024-01-04,36,"Lexington water tower","PM2.5","Davidson",35.8145,-80.2627
"1952",2024-01-05,48,"Lexington water tower","PM2.5","Davidson",35.8145,-80.2627
"1953",2024-01-06,30,"Lexington water tower","PM2.5","Davidson",35.8145,-80.2627
"1954",2024-01-07,17,"Lexington water tower","PM2.5","Davidson",35.8145,-80.2627
"1955",2024-01-08,31,"Lexington water tower","PM2.5","Davidson",35.8145,-80.2627
"1956",2024-01-09,13,"Lexington water tower","PM2.5","Davidson",35.8145,-80.2627
"1957",2024-01-10,17,"Lexington water tower","PM2.5","Davidson",35.8145,-80.2627
"1958",2024-01-11,54,"Lexington water tower","PM2.5","Davidson",35.8145,-80.2627
"1959",2024-01-12,54,"Lexington water tower","PM2.5","Davidson",35.8145,-80.2627
"1960",2024-01-13,26,"Lexington water tower","PM2.5","Davidson",35.8145,-80.2627
"1961",2024-01-14,38,"Lexington water tower","PM2.5","Davidson",35.8145,-80.2627
"1962",2024-01-15,33,"Lexington water tower","PM2.5","Davidson",35.8145,-80.2627
"1963",2024-01-16,36,"Lexington water tower","PM2.5","Davidson",35.8145,-80.2627
"1964",2024-01-17,32,"Lexington water tower","PM2.5","Davidson",35.8145,-80.2627
"1965",2024-01-18,58,"Lexington water tower","PM2.5","Davidson",35.8145,-80.2627
"1966",2024-01-19,37,"Lexington water tower","PM2.5","Davidson",35.8145,-80.2627
"1967",2024-01-20,25,"Lexington water tower","PM2.5","Davidson",35.8145,-80.2627
"1968",2024-01-21,32,"Lexington water tower","PM2.5","Davidson",35.8145,-80.2627
"1969",2024-01-22,66,"Lexington water tower","PM2.5","Davidson",35.8145,-80.2627
"1970",2024-01-23,83,"Lexington water tower","PM2.5","Davidson",35.8145,-80.2627
"1971",2024-01-24,74,"Lexington water tower","PM2.5","Davidson",35.8145,-80.2627
"1972",2024-01-25,0,"Lexington water tower","PM2.5","Davidson",35.8145,-80.2627
"1973",2024-01-26,16,"Lexington water tower","PM2.5","Davidson",35.8145,-80.2627
"1974",2024-01-27,31,"Lexington water tower","PM2.5","Davidson",35.8145,-80.2627
"1975",2024-01-28,4,"Lexington water tower","PM2.5","Davidson",35.8145,-80.2627
"1976",2024-01-29,0,"Lexington water tower","PM2.5","Davidson",35.8145,-80.2627
"1977",2024-01-30,35,"Lexington water tower","PM2.5","Davidson",35.8145,-80.2627
"1978",2024-01-31,38,"Lexington water tower","PM2.5","Davidson",35.8145,-80.2627
"1979",2024-02-01,24,"Lexington water tower","PM2.5","Davidson",35.8145,-80.2627
"1980",2024-02-02,47,"Lexington water tower","PM2.5","Davidson",35.8145,-80.2627
"1981",2024-02-03,38,"Lexington water tower","PM2.5","Davidson",35.8145,-80.2627
"1982",2024-02-04,53,"Lexington water tower","PM2.5","Davidson",35.8145,-80.2627
"1983",2024-02-05,33,"Lexington water tower","PM2.5","Davidson",35.8145,-80.2627
"1984",2024-02-06,37,"Lexington water tower","PM2.5","Davidson",35.8145,-80.2627
"1985",2024-02-07,41,"Lexington water tower","PM2.5","Davidson",35.8145,-80.2627
"1986",2024-02-08,62,"Lexington water tower","PM2.5","Davidson",35.8145,-80.2627
"1987",2024-02-09,68,"Lexington water tower","PM2.5","Davidson",35.8145,-80.2627
"1988",2024-02-10,60,"Lexington water tower","PM2.5","Davidson",35.8145,-80.2627
"1989",2024-02-11,34,"Lexington water tower","PM2.5","Davidson",35.8145,-80.2627
"1990",2024-02-12,14,"Lexington water tower","PM2.5","Davidson",35.8145,-80.2627
"1991",2024-02-13,8,"Lexington water tower","PM2.5","Davidson",35.8145,-80.2627
"1992",2024-02-14,26,"Lexington water tower","PM2.5","Davidson",35.8145,-80.2627
"1993",2024-02-15,52,"Lexington water tower","PM2.5","Davidson",35.8145,-80.2627
"1994",2024-02-16,34,"Lexington water tower","PM2.5","Davidson",35.8145,-80.2627
"1995",2024-02-17,32,"Lexington water tower","PM2.5","Davidson",35.8145,-80.2627
"1996",2024-02-18,34,"Lexington water tower","PM2.5","Davidson",35.8145,-80.2627
"1997",2024-02-19,42,"Lexington water tower","PM2.5","Davidson",35.8145,-80.2627
"1998",2024-02-20,57,"Lexington water tower","PM2.5","Davidson",35.8145,-80.2627
"1999",2024-02-21,60,"Lexington water tower","PM2.5","Davidson",35.8145,-80.2627
"2000",2024-02-22,73,"Lexington water tower","PM2.5","Davidson",35.8145,-80.2627
"2001",2024-02-23,71,"Lexington water tower","PM2.5","Davidson",35.8145,-80.2627
"2002",2024-02-24,21,"Lexington water tower","PM2.5","Davidson",35.8145,-80.2627
"2003",2024-02-25,20,"Lexington water tower","PM2.5","Davidson",35.8145,-80.2627
"2004",2024-02-26,54,"Lexington water tower","PM2.5","Davidson",35.8145,-80.2627
"2005",2024-02-27,62,"Lexington water tower","PM2.5","Davidson",35.8145,-80.2627
"2006",2024-02-28,49,"Lexington water tower","PM2.5","Davidson",35.8145,-80.2627
"2007",2024-02-29,22,"Lexington water tower","PM2.5","Davidson",35.8145,-80.2627
"2008",2024-03-01,50,"Lexington water tower","PM2.5","Davidson",35.8145,-80.2627
"2009",2024-03-02,22,"Lexington water tower","PM2.5","Davidson",35.8145,-80.2627
"2010",2024-03-03,47,"Lexington water tower","PM2.5","Davidson",35.8145,-80.2627
"2011",2024-03-04,43,"Lexington water tower","PM2.5","Davidson",35.8145,-80.2627
"2012",2024-03-05,36,"Lexington water tower","PM2.5","Davidson",35.8145,-80.2627
"2013",2024-03-06,44,"Lexington water tower","PM2.5","Davidson",35.8145,-80.2627
"2014",2024-03-07,16,"Lexington water tower","PM2.5","Davidson",35.8145,-80.2627
"2015",2024-03-08,28,"Lexington water tower","PM2.5","Davidson",35.8145,-80.2627
"2016",2024-03-09,2,"Lexington water tower","PM2.5","Davidson",35.8145,-80.2627
"2017",2024-03-10,3,"Lexington water tower","PM2.5","Davidson",35.8145,-80.2627
"2018",2024-03-11,3,"Lexington water tower","PM2.5","Davidson",35.8145,-80.2627
"2019",2024-03-12,38,"Lexington water tower","PM2.5","Davidson",35.8145,-80.2627
"2020",2024-03-13,53,"Lexington water tower","PM2.5","Davidson",35.8145,-80.2627
"2021",2024-03-14,62,"Lexington water tower","PM2.5","Davidson",35.8145,-80.2627
"2022",2024-03-15,89,"Lexington water tower","PM2.5","Davidson",35.8145,-80.2627
"2023",2024-03-16,42,"Lexington water tower","PM2.5","Davidson",35.8145,-80.2627
"2024",2024-03-17,29,"Lexington water tower","PM2.5","Davidson",35.8145,-80.2627
"2025",2024-03-18,13,"Lexington water tower","PM2.5","Davidson",35.8145,-80.2627
"2026",2024-03-19,14,"Lexington water tower","PM2.5","Davidson",35.8145,-80.2627
"2027",2024-03-20,39,"Lexington water tower","PM2.5","Davidson",35.8145,-80.2627
"2028",2024-03-21,28,"Lexington water tower","PM2.5","Davidson",35.8145,-80.2627
"2029",2024-03-22,57,"Lexington water tower","PM2.5","Davidson",35.8145,-80.2627
"2030",2024-03-23,16,"Lexington water tower","PM2.5","Davidson",35.8145,-80.2627
"2031",2024-03-24,19,"Lexington water tower","PM2.5","Davidson",35.8145,-80.2627
"2032",2024-03-25,34,"Lexington water tower","PM2.5","Davidson",35.8145,-80.2627
"2033",2024-03-26,43,"Lexington water tower","PM2.5","Davidson",35.8145,-80.2627
"2034",2024-03-27,16,"Lexington water tower","PM2.5","Davidson",35.8145,-80.2627
"2035",2024-03-28,8,"Lexington water tower","PM2.5","Davidson",35.8145,-80.2627
"2036",2024-03-29,21,"Lexington water tower","PM2.5","Davidson",35.8145,-80.2627
"2037",2024-03-30,39,"Lexington water tower","PM2.5","Davidson",35.8145,-80.2627
"2038",2024-03-31,44,"Lexington water tower","PM2.5","Davidson",35.8145,-80.2627
"2039",2024-04-01,56,"Lexington water tower","PM2.5","Davidson",35.8145,-80.2627
"2040",2024-04-02,56,"Lexington water tower","PM2.5","Davidson",35.8145,-80.2627
"2041",2024-04-03,26,"Lexington water tower","PM2.5","Davidson",35.8145,-80.2627
"2042",2024-04-04,4,"Lexington water tower","PM2.5","Davidson",35.8145,-80.2627
"2043",2024-04-09,54,"Lexington water tower","PM2.5","Davidson",35.8145,-80.2627
"2044",2024-04-10,53,"Lexington water tower","PM2.5","Davidson",35.8145,-80.2627
"2045",2024-04-11,20,"Lexington water tower","PM2.5","Davidson",35.8145,-80.2627
"2046",2024-04-12,12,"Lexington water tower","PM2.5","Davidson",35.8145,-80.2627
"2047",2024-04-13,23,"Lexington water tower","PM2.5","Davidson",35.8145,-80.2627
"2048",2024-04-14,45,"Lexington water tower","PM2.5","Davidson",35.8145,-80.2627
"2049",2024-04-15,54,"Lexington water tower","PM2.5","Davidson",35.8145,-80.2627
"2050",2024-04-16,61,"Lexington water tower","PM2.5","Davidson",35.8145,-80.2627
"2051",2024-04-17,63,"Lexington water tower","PM2.5","Davidson",35.8145,-80.2627
"2052",2024-04-18,36,"Lexington water tower","PM2.5","Davidson",35.8145,-80.2627
"2053",2024-04-19,59,"Lexington water tower","PM2.5","Davidson",35.8145,-80.2627
"2054",2024-04-20,55,"Lexington water tower","PM2.5","Davidson",35.8145,-80.2627
"2055",2024-04-21,24,"Lexington water tower","PM2.5","Davidson",35.8145,-80.2627
"2056",2024-04-22,34,"Lexington water tower","PM2.5","Davidson",35.8145,-80.2627
"2057",2024-04-23,47,"Lexington water tower","PM2.5","Davidson",35.8145,-80.2627
"2058",2024-04-24,50,"Lexington water tower","PM2.5","Davidson",35.8145,-80.2627
"2059",2024-04-25,39,"Lexington water tower","PM2.5","Davidson",35.8145,-80.2627
"2060",2024-04-26,50,"Lexington water tower","PM2.5","Davidson",35.8145,-80.2627
"2061",2024-04-27,49,"Lexington water tower","PM2.5","Davidson",35.8145,-80.2627
"2062",2024-04-28,39,"Lexington water tower","PM2.5","Davidson",35.8145,-80.2627
"2063",2024-04-29,43,"Lexington water tower","PM2.5","Davidson",35.8145,-80.2627
"2064",2024-04-30,39,"Lexington water tower","PM2.5","Davidson",35.8145,-80.2627
"2065",2024-05-01,29,"Lexington water tower","PM2.5","Davidson",35.8145,-80.2627
"2066",2024-05-02,50,"Lexington water tower","PM2.5","Davidson",35.8145,-80.2627
"2067",2024-05-03,57,"Lexington water tower","PM2.5","Davidson",35.8145,-80.2627
"2068",2024-05-04,60,"Lexington water tower","PM2.5","Davidson",35.8145,-80.2627
"2069",2024-05-05,12,"Lexington water tower","PM2.5","Davidson",35.8145,-80.2627
"2070",2024-05-06,42,"Lexington water tower","PM2.5","Davidson",35.8145,-80.2627
"2071",2024-05-07,31,"Lexington water tower","PM2.5","Davidson",35.8145,-80.2627
"2072",2024-05-08,56,"Lexington water tower","PM2.5","Davidson",35.8145,-80.2627
"2073",2024-05-09,6,"Lexington water tower","PM2.5","Davidson",35.8145,-80.2627
"2074",2024-05-10,22,"Lexington water tower","PM2.5","Davidson",35.8145,-80.2627
"2075",2024-05-11,21,"Lexington water tower","PM2.5","Davidson",35.8145,-80.2627
"2076",2024-05-12,37,"Lexington water tower","PM2.5","Davidson",35.8145,-80.2627
"2077",2024-05-13,39,"Lexington water tower","PM2.5","Davidson",35.8145,-80.2627
"2078",2024-05-14,24,"Lexington water tower","PM2.5","Davidson",35.8145,-80.2627
"2079",2024-05-15,11,"Lexington water tower","PM2.5","Davidson",35.8145,-80.2627
"2080",2024-05-16,19,"Lexington water tower","PM2.5","Davidson",35.8145,-80.2627
"2081",2024-05-17,37,"Lexington water tower","PM2.5","Davidson",35.8145,-80.2627
"2082",2024-05-18,34,"Lexington water tower","PM2.5","Davidson",35.8145,-80.2627
"2083",2024-05-19,14,"Lexington water tower","PM2.5","Davidson",35.8145,-80.2627
"2084",2024-05-20,32,"Lexington water tower","PM2.5","Davidson",35.8145,-80.2627
"2085",2024-05-21,43,"Lexington water tower","PM2.5","Davidson",35.8145,-80.2627
"2086",2024-05-22,52,"Lexington water tower","PM2.5","Davidson",35.8145,-80.2627
"2087",2024-05-23,55,"Lexington water tower","PM2.5","Davidson",35.8145,-80.2627
"2088",2024-05-24,27,"Lexington water tower","PM2.5","Davidson",35.8145,-80.2627
"2089",2024-05-25,40,"Lexington water tower","PM2.5","Davidson",35.8145,-80.2627
"2090",2024-05-26,49,"Lexington water tower","PM2.5","Davidson",35.8145,-80.2627
"2091",2024-05-27,32,"Lexington water tower","PM2.5","Davidson",35.8145,-80.2627
"2092",2024-05-28,32,"Lexington water tower","PM2.5","Davidson",35.8145,-80.2627
"2093",2024-05-29,27,"Lexington water tower","PM2.5","Davidson",35.8145,-80.2627
"2094",2024-05-30,26,"Lexington water tower","PM2.5","Davidson",35.8145,-80.2627
"2095",2024-05-31,41,"Lexington water tower","PM2.5","Davidson",35.8145,-80.2627
"2096",2024-06-01,51,"Lexington water tower","PM2.5","Davidson",35.8145,-80.2627
"2097",2024-06-02,44,"Lexington water tower","PM2.5","Davidson",35.8145,-80.2627
"2098",2024-06-03,48,"Lexington water tower","PM2.5","Davidson",35.8145,-80.2627
"2099",2024-06-04,51,"Lexington water tower","PM2.5","Davidson",35.8145,-80.2627
"2100",2024-06-05,48,"Lexington water tower","PM2.5","Davidson",35.8145,-80.2627
"2101",2024-06-06,30,"Lexington water tower","PM2.5","Davidson",35.8145,-80.2627
"2102",2024-06-07,27,"Lexington water tower","PM2.5","Davidson",35.8145,-80.2627
"2103",2024-06-08,38,"Lexington water tower","PM2.5","Davidson",35.8145,-80.2627
"2104",2024-06-09,47,"Lexington water tower","PM2.5","Davidson",35.8145,-80.2627
"2105",2024-06-10,28,"Lexington water tower","PM2.5","Davidson",35.8145,-80.2627
"2106",2024-06-11,40,"Lexington water tower","PM2.5","Davidson",35.8145,-80.2627
"2107",2024-06-12,53,"Lexington water tower","PM2.5","Davidson",35.8145,-80.2627
"2108",2024-06-13,56,"Lexington water tower","PM2.5","Davidson",35.8145,-80.2627
"2109",2024-06-14,58,"Lexington water tower","PM2.5","Davidson",35.8145,-80.2627
"2110",2024-06-15,55,"Lexington water tower","PM2.5","Davidson",35.8145,-80.2627
"2111",2024-06-16,52,"Lexington water tower","PM2.5","Davidson",35.8145,-80.2627
"2112",2024-06-17,53,"Lexington water tower","PM2.5","Davidson",35.8145,-80.2627
"2113",2024-06-18,51,"Lexington water tower","PM2.5","Davidson",35.8145,-80.2627
"2114",2024-06-19,41,"Lexington water tower","PM2.5","Davidson",35.8145,-80.2627
"2115",2024-06-20,44,"Lexington water tower","PM2.5","Davidson",35.8145,-80.2627
"2116",2024-06-21,52,"Lexington water tower","PM2.5","Davidson",35.8145,-80.2627
"2117",2024-06-22,36,"Lexington water tower","PM2.5","Davidson",35.8145,-80.2627
"2118",2024-06-23,38,"Lexington water tower","PM2.5","Davidson",35.8145,-80.2627
"2119",2024-06-24,33,"Lexington water tower","PM2.5","Davidson",35.8145,-80.2627
"2120",2024-06-25,33,"Lexington water tower","PM2.5","Davidson",35.8145,-80.2627
"2121",2024-06-26,60,"Lexington water tower","PM2.5","Davidson",35.8145,-80.2627
"2122",2024-06-27,56,"Lexington water tower","PM2.5","Davidson",35.8145,-80.2627
"2123",2024-06-28,47,"Lexington water tower","PM2.5","Davidson",35.8145,-80.2627
"2124",2024-06-29,36,"Lexington water tower","PM2.5","Davidson",35.8145,-80.2627
"2125",2024-06-30,48,"Lexington water tower","PM2.5","Davidson",35.8145,-80.2627
"2126",2024-07-01,37,"Lexington water tower","PM2.5","Davidson",35.8145,-80.2627
"2127",2024-07-02,26,"Lexington water tower","PM2.5","Davidson",35.8145,-80.2627
"2128",2024-07-03,51,"Lexington water tower","PM2.5","Davidson",35.8145,-80.2627
"2129",2024-07-04,57,"Lexington water tower","PM2.5","Davidson",35.8145,-80.2627
"2130",2024-07-05,61,"Lexington water tower","PM2.5","Davidson",35.8145,-80.2627
"2131",2024-07-06,34,"Lexington water tower","PM2.5","Davidson",35.8145,-80.2627
"2132",2024-07-07,32,"Lexington water tower","PM2.5","Davidson",35.8145,-80.2627
"2133",2024-07-08,31,"Lexington water tower","PM2.5","Davidson",35.8145,-80.2627
"2134",2024-07-09,43,"Lexington water tower","PM2.5","Davidson",35.8145,-80.2627
"2135",2024-07-10,35,"Lexington water tower","PM2.5","Davidson",35.8145,-80.2627
"2136",2024-07-11,23,"Lexington water tower","PM2.5","Davidson",35.8145,-80.2627
"2137",2024-07-12,37,"Lexington water tower","PM2.5","Davidson",35.8145,-80.2627
"2138",2024-07-13,28,"Lexington water tower","PM2.5","Davidson",35.8145,-80.2627
"2139",2024-07-14,54,"Lexington water tower","PM2.5","Davidson",35.8145,-80.2627
"2140",2024-07-15,57,"Lexington water tower","PM2.5","Davidson",35.8145,-80.2627
"2141",2024-07-16,54,"Lexington water tower","PM2.5","Davidson",35.8145,-80.2627
"2142",2024-07-17,48,"Lexington water tower","PM2.5","Davidson",35.8145,-80.2627
"2143",2024-07-18,40,"Lexington water tower","PM2.5","Davidson",35.8145,-80.2627
"2144",2024-07-19,30,"Lexington water tower","PM2.5","Davidson",35.8145,-80.2627
"2145",2024-07-20,23,"Lexington water tower","PM2.5","Davidson",35.8145,-80.2627
"2146",2024-07-21,21,"Lexington water tower","PM2.5","Davidson",35.8145,-80.2627
"2147",2024-07-22,15,"Lexington water tower","PM2.5","Davidson",35.8145,-80.2627
"2148",2024-07-23,36,"Lexington water tower","PM2.5","Davidson",35.8145,-80.2627
"2149",2024-07-24,33,"Lexington water tower","PM2.5","Davidson",35.8145,-80.2627
"2150",2024-07-25,16,"Lexington water tower","PM2.5","Davidson",35.8145,-80.2627
"2151",2024-07-26,42,"Lexington water tower","PM2.5","Davidson",35.8145,-80.2627
"2152",2024-07-27,57,"Lexington water tower","PM2.5","Davidson",35.8145,-80.2627
"2153",2024-07-28,60,"Lexington water tower","PM2.5","Davidson",35.8145,-80.2627
"2154",2024-07-29,47,"Lexington water tower","PM2.5","Davidson",35.8145,-80.2627
"2155",2024-07-30,32,"Lexington water tower","PM2.5","Davidson",35.8145,-80.2627
"2156",2024-07-31,31,"Lexington water tower","PM2.5","Davidson",35.8145,-80.2627
"2157",2024-08-01,33,"Lexington water tower","PM2.5","Davidson",35.8145,-80.2627
"2158",2024-08-02,51,"Lexington water tower","PM2.5","Davidson",35.8145,-80.2627
"2159",2024-08-03,58,"Lexington water tower","PM2.5","Davidson",35.8145,-80.2627
"2160",2024-08-04,48,"Lexington water tower","PM2.5","Davidson",35.8145,-80.2627
"2161",2024-08-05,42,"Lexington water tower","PM2.5","Davidson",35.8145,-80.2627
"2162",2024-08-06,16,"Lexington water tower","PM2.5","Davidson",35.8145,-80.2627
"2163",2024-08-07,11,"Lexington water tower","PM2.5","Davidson",35.8145,-80.2627
"2164",2024-08-08,0,"Lexington water tower","PM2.5","Davidson",35.8145,-80.2627
"2165",2024-08-09,19,"Lexington water tower","PM2.5","Davidson",35.8145,-80.2627
"2166",2024-08-10,37,"Lexington water tower","PM2.5","Davidson",35.8145,-80.2627
"2167",2024-08-11,52,"Lexington water tower","PM2.5","Davidson",35.8145,-80.2627
"2168",2024-08-12,55,"Lexington water tower","PM2.5","Davidson",35.8145,-80.2627
"2169",2024-08-13,51,"Lexington water tower","PM2.5","Davidson",35.8145,-80.2627
"2170",2024-08-14,52,"Lexington water tower","PM2.5","Davidson",35.8145,-80.2627
"2171",2024-08-15,47,"Lexington water tower","PM2.5","Davidson",35.8145,-80.2627
"2172",2024-08-16,58,"Lexington water tower","PM2.5","Davidson",35.8145,-80.2627
"2173",2024-08-17,50,"Lexington water tower","PM2.5","Davidson",35.8145,-80.2627
"2174",2024-08-18,36,"Lexington water tower","PM2.5","Davidson",35.8145,-80.2627
"2175",2024-08-19,24,"Lexington water tower","PM2.5","Davidson",35.8145,-80.2627
"2176",2024-08-20,47,"Lexington water tower","PM2.5","Davidson",35.8145,-80.2627
"2177",2024-08-21,39,"Lexington water tower","PM2.5","Davidson",35.8145,-80.2627
"2178",2024-08-22,51,"Lexington water tower","PM2.5","Davidson",35.8145,-80.2627
"2179",2024-08-23,46,"Lexington water tower","PM2.5","Davidson",35.8145,-80.2627
"2180",2024-08-24,56,"Lexington water tower","PM2.5","Davidson",35.8145,-80.2627
"2181",2024-08-25,55,"Lexington water tower","PM2.5","Davidson",35.8145,-80.2627
"2182",2024-08-26,60,"Lexington water tower","PM2.5","Davidson",35.8145,-80.2627
"2183",2024-08-27,65,"Lexington water tower","PM2.5","Davidson",35.8145,-80.2627
"2184",2024-08-28,68,"Lexington water tower","PM2.5","Davidson",35.8145,-80.2627
"2185",2024-08-29,61,"Lexington water tower","PM2.5","Davidson",35.8145,-80.2627
"2186",2024-08-30,53,"Lexington water tower","PM2.5","Davidson",35.8145,-80.2627
"2187",2024-08-31,46,"Lexington water tower","PM2.5","Davidson",35.8145,-80.2627
"2188",2024-09-01,33,"Lexington water tower","PM2.5","Davidson",35.8145,-80.2627
"2189",2024-09-02,31,"Lexington water tower","PM2.5","Davidson",35.8145,-80.2627
"2190",2024-09-03,18,"Lexington water tower","PM2.5","Davidson",35.8145,-80.2627
"2191",2024-09-04,26,"Lexington water tower","PM2.5","Davidson",35.8145,-80.2627
"2192",2024-09-05,26,"Lexington water tower","PM2.5","Davidson",35.8145,-80.2627
"2193",2024-09-06,37,"Lexington water tower","PM2.5","Davidson",35.8145,-80.2627
"2194",2024-09-07,38,"Lexington water tower","PM2.5","Davidson",35.8145,-80.2627
"2195",2024-09-08,22,"Lexington water tower","PM2.5","Davidson",35.8145,-80.2627
"2196",2024-09-09,41,"Lexington water tower","PM2.5","Davidson",35.8145,-80.2627
"2197",2024-09-10,38,"Lexington water tower","PM2.5","Davidson",35.8145,-80.2627
"2198",2024-09-11,44,"Lexington water tower","PM2.5","Davidson",35.8145,-80.2627
"2199",2024-09-12,47,"Lexington water tower","PM2.5","Davidson",35.8145,-80.2627
"2200",2024-09-13,34,"Lexington water tower","PM2.5","Davidson",35.8145,-80.2627
"2201",2024-09-14,26,"Lexington water tower","PM2.5","Davidson",35.8145,-80.2627
"2202",2024-09-15,23,"Lexington water tower","PM2.5","Davidson",35.8145,-80.2627
"2203",2024-09-16,28,"Lexington water tower","PM2.5","Davidson",35.8145,-80.2627
"2204",2024-09-17,9,"Lexington water tower","PM2.5","Davidson",35.8145,-80.2627
"2205",2024-09-18,41,"Lexington water tower","PM2.5","Davidson",35.8145,-80.2627
"2206",2024-09-19,11,"Lexington water tower","PM2.5","Davidson",35.8145,-80.2627
"2207",2024-09-20,25,"Lexington water tower","PM2.5","Davidson",35.8145,-80.2627
"2208",2024-09-21,52,"Lexington water tower","PM2.5","Davidson",35.8145,-80.2627
"2209",2024-09-22,51,"Lexington water tower","PM2.5","Davidson",35.8145,-80.2627
"2210",2024-09-23,51,"Lexington water tower","PM2.5","Davidson",35.8145,-80.2627
"2211",2024-09-24,57,"Lexington water tower","PM2.5","Davidson",35.8145,-80.2627
"2212",2024-09-25,34,"Lexington water tower","PM2.5","Davidson",35.8145,-80.2627
"2213",2024-09-26,19,"Lexington water tower","PM2.5","Davidson",35.8145,-80.2627
"2214",2024-09-27,18,"Lexington water tower","PM2.5","Davidson",35.8145,-80.2627
"2215",2024-09-28,54,"Lexington water tower","PM2.5","Davidson",35.8145,-80.2627
"2216",2024-09-29,56,"Lexington water tower","PM2.5","Davidson",35.8145,-80.2627
"2217",2024-09-30,57,"Lexington water tower","PM2.5","Davidson",35.8145,-80.2627
"2218",2024-10-01,23,"Lexington water tower","PM2.5","Davidson",35.8145,-80.2627
"2219",2024-10-02,16,"Lexington water tower","PM2.5","Davidson",35.8145,-80.2627
"2220",2024-10-03,36,"Lexington water tower","PM2.5","Davidson",35.8145,-80.2627
"2221",2024-10-04,39,"Lexington water tower","PM2.5","Davidson",35.8145,-80.2627
"2222",2024-10-05,45,"Lexington water tower","PM2.5","Davidson",35.8145,-80.2627
"2223",2024-10-06,55,"Lexington water tower","PM2.5","Davidson",35.8145,-80.2627
"2224",2024-10-07,56,"Lexington water tower","PM2.5","Davidson",35.8145,-80.2627
"2225",2024-10-08,52,"Lexington water tower","PM2.5","Davidson",35.8145,-80.2627
"2226",2024-10-09,52,"Lexington water tower","PM2.5","Davidson",35.8145,-80.2627
"2227",2024-10-10,28,"Lexington water tower","PM2.5","Davidson",35.8145,-80.2627
"2228",2024-10-11,36,"Lexington water tower","PM2.5","Davidson",35.8145,-80.2627
"2229",2024-10-12,52,"Lexington water tower","PM2.5","Davidson",35.8145,-80.2627
"2230",2024-10-13,58,"Lexington water tower","PM2.5","Davidson",35.8145,-80.2627
"2231",2024-10-14,43,"Lexington water tower","PM2.5","Davidson",35.8145,-80.2627
"2232",2024-10-15,18,"Lexington water tower","PM2.5","Davidson",35.8145,-80.2627
"2233",2024-10-16,12,"Lexington water tower","PM2.5","Davidson",35.8145,-80.2627
"2234",2024-10-17,30,"Lexington water tower","PM2.5","Davidson",35.8145,-80.2627
"2235",2024-10-18,53,"Lexington water tower","PM2.5","Davidson",35.8145,-80.2627
"2236",2024-10-19,55,"Lexington water tower","PM2.5","Davidson",35.8145,-80.2627
"2237",2024-10-20,57,"Lexington water tower","PM2.5","Davidson",35.8145,-80.2627
"2238",2024-10-21,55,"Lexington water tower","PM2.5","Davidson",35.8145,-80.2627
"2239",2024-10-22,58,"Lexington water tower","PM2.5","Davidson",35.8145,-80.2627
"2240",2024-10-23,58,"Lexington water tower","PM2.5","Davidson",35.8145,-80.2627
"2241",2024-10-24,56,"Lexington water tower","PM2.5","Davidson",35.8145,-80.2627
"2242",2024-10-25,61,"Lexington water tower","PM2.5","Davidson",35.8145,-80.2627
"2243",2024-10-26,63,"Lexington water tower","PM2.5","Davidson",35.8145,-80.2627
"2244",2024-10-27,40,"Lexington water tower","PM2.5","Davidson",35.8145,-80.2627
"2245",2024-10-28,56,"Lexington water tower","PM2.5","Davidson",35.8145,-80.2627
"2246",2024-10-29,59,"Lexington water tower","PM2.5","Davidson",35.8145,-80.2627
"2247",2024-10-30,55,"Lexington water tower","PM2.5","Davidson",35.8145,-80.2627
"2248",2024-10-31,52,"Lexington water tower","PM2.5","Davidson",35.8145,-80.2627
"2249",2024-11-01,48,"Lexington water tower","PM2.5","Davidson",35.8145,-80.2627
"2250",2024-11-02,44,"Lexington water tower","PM2.5","Davidson",35.8145,-80.2627
"2251",2024-11-03,54,"Lexington water tower","PM2.5","Davidson",35.8145,-80.2627
"2252",2024-11-04,51,"Lexington water tower","PM2.5","Davidson",35.8145,-80.2627
"2253",2024-11-05,48,"Lexington water tower","PM2.5","Davidson",35.8145,-80.2627
"2254",2024-11-06,51,"Lexington water tower","PM2.5","Davidson",35.8145,-80.2627
"2255",2024-11-07,33,"Lexington water tower","PM2.5","Davidson",35.8145,-80.2627
"2256",2024-11-08,32,"Lexington water tower","PM2.5","Davidson",35.8145,-80.2627
"2257",2024-11-09,43,"Lexington water tower","PM2.5","Davidson",35.8145,-80.2627
"2258",2024-11-10,50,"Lexington water tower","PM2.5","Davidson",35.8145,-80.2627
"2259",2024-11-11,53,"Lexington water tower","PM2.5","Davidson",35.8145,-80.2627
"2260",2024-11-12,36,"Lexington water tower","PM2.5","Davidson",35.8145,-80.2627
"2261",2024-11-13,38,"Lexington water tower","PM2.5","Davidson",35.8145,-80.2627
"2262",2024-11-14,43,"Lexington water tower","PM2.5","Davidson",35.8145,-80.2627
"2263",2024-11-15,33,"Lexington water tower","PM2.5","Davidson",35.8145,-80.2627
"2264",2024-11-16,38,"Lexington water tower","PM2.5","Davidson",35.8145,-80.2627
"2265",2024-11-17,69,"Lexington water tower","PM2.5","Davidson",35.8145,-80.2627
"2266",2024-11-18,67,"Lexington water tower","PM2.5","Davidson",35.8145,-80.2627
"2267",2024-11-19,67,"Lexington water tower","PM2.5","Davidson",35.8145,-80.2627
"2268",2024-11-20,46,"Lexington water tower","PM2.5","Davidson",35.8145,-80.2627
"2269",2024-11-21,24,"Lexington water tower","PM2.5","Davidson",35.8145,-80.2627
"2270",2024-11-22,19,"Lexington water tower","PM2.5","Davidson",35.8145,-80.2627
"2271",2024-11-23,23,"Lexington water tower","PM2.5","Davidson",35.8145,-80.2627
"2272",2024-11-24,55,"Lexington water tower","PM2.5","Davidson",35.8145,-80.2627
"2273",2024-11-25,63,"Lexington water tower","PM2.5","Davidson",35.8145,-80.2627
"2274",2024-11-26,46,"Lexington water tower","PM2.5","Davidson",35.8145,-80.2627
"2275",2024-11-27,53,"Lexington water tower","PM2.5","Davidson",35.8145,-80.2627
"2276",2024-11-28,51,"Lexington water tower","PM2.5","Davidson",35.8145,-80.2627
"2277",2024-11-29,31,"Lexington water tower","PM2.5","Davidson",35.8145,-80.2627
"2278",2024-12-03,42,"Lexington water tower","PM2.5","Davidson",35.8145,-80.2627
"2279",2024-12-04,56,"Lexington water tower","PM2.5","Davidson",35.8145,-80.2627
"2280",2024-12-05,54,"Lexington water tower","PM2.5","Davidson",35.8145,-80.2627
"2281",2024-12-06,43,"Lexington water tower","PM2.5","Davidson",35.8145,-80.2627
"2282",2024-12-07,58,"Lexington water tower","PM2.5","Davidson",35.8145,-80.2627
"2283",2024-12-08,62,"Lexington water tower","PM2.5","Davidson",35.8145,-80.2627
"2284",2024-12-09,59,"Lexington water tower","PM2.5","Davidson",35.8145,-80.2627
"2285",2024-12-10,55,"Lexington water tower","PM2.5","Davidson",35.8145,-80.2627
"2286",2024-12-11,24,"Lexington water tower","PM2.5","Davidson",35.8145,-80.2627
"2287",2024-12-12,42,"Lexington water tower","PM2.5","Davidson",35.8145,-80.2627
"2288",2024-12-13,60,"Lexington water tower","PM2.5","Davidson",35.8145,-80.2627
"2289",2024-12-14,55,"Lexington water tower","PM2.5","Davidson",35.8145,-80.2627
"2290",2024-12-15,50,"Lexington water tower","PM2.5","Davidson",35.8145,-80.2627
"2291",2024-12-16,48,"Lexington water tower","PM2.5","Davidson",35.8145,-80.2627
"2292",2024-12-17,57,"Lexington water tower","PM2.5","Davidson",35.8145,-80.2627
"2293",2024-12-18,56,"Lexington water tower","PM2.5","Davidson",35.8145,-80.2627
"2294",2024-12-19,25,"Lexington water tower","PM2.5","Davidson",35.8145,-80.2627
"2295",2024-12-20,40,"Lexington water tower","PM2.5","Davidson",35.8145,-80.2627
"2296",2024-12-21,20,"Lexington water tower","PM2.5","Davidson",35.8145,-80.2627
"2297",2024-12-22,44,"Lexington water tower","PM2.5","Davidson",35.8145,-80.2627
"2298",2024-12-23,61,"Lexington water tower","PM2.5","Davidson",35.8145,-80.2627
"2299",2024-12-24,73,"Lexington water tower","PM2.5","Davidson",35.8145,-80.2627
"2300",2024-12-25,56,"Lexington water tower","PM2.5","Davidson",35.8145,-80.2627
"2301",2024-12-26,63,"Lexington water tower","PM2.5","Davidson",35.8145,-80.2627
"2302",2024-12-27,61,"Lexington water tower","PM2.5","Davidson",35.8145,-80.2627
"2303",2024-12-28,41,"Lexington water tower","PM2.5","Davidson",35.8145,-80.2627
"2304",2024-12-29,29,"Lexington water tower","PM2.5","Davidson",35.8145,-80.2627
"2305",2024-12-30,46,"Lexington water tower","PM2.5","Davidson",35.8145,-80.2627
"2306",2024-12-31,53,"Lexington water tower","PM2.5","Davidson",35.8145,-80.2627
"2307",2024-01-01,61,"Durham Armory","PM2.5","Durham",36.0329550008979,-78.904037
"2308",2024-01-02,49,"Durham Armory","PM2.5","Durham",36.0329550008979,-78.904037
"2309",2024-01-03,59,"Durham Armory","PM2.5","Durham",36.0329550008979,-78.904037
"2310",2024-01-04,55,"Durham Armory","PM2.5","Durham",36.0329550008979,-78.904037
"2311",2024-01-05,58,"Durham Armory","PM2.5","Durham",36.0329550008979,-78.904037
"2312",2024-01-06,54,"Durham Armory","PM2.5","Durham",36.0329550008979,-78.904037
"2313",2024-01-07,42,"Durham Armory","PM2.5","Durham",36.0329550008979,-78.904037
"2314",2024-01-08,49,"Durham Armory","PM2.5","Durham",36.0329550008979,-78.904037
"2315",2024-01-09,36,"Durham Armory","PM2.5","Durham",36.0329550008979,-78.904037
"2316",2024-01-10,44,"Durham Armory","PM2.5","Durham",36.0329550008979,-78.904037
"2317",2024-01-11,58,"Durham Armory","PM2.5","Durham",36.0329550008979,-78.904037
"2318",2024-01-12,58,"Durham Armory","PM2.5","Durham",36.0329550008979,-78.904037
"2319",2024-01-13,44,"Durham Armory","PM2.5","Durham",36.0329550008979,-78.904037
"2320",2024-01-14,53,"Durham Armory","PM2.5","Durham",36.0329550008979,-78.904037
"2321",2024-01-15,52,"Durham Armory","PM2.5","Durham",36.0329550008979,-78.904037
"2322",2024-01-16,54,"Durham Armory","PM2.5","Durham",36.0329550008979,-78.904037
"2323",2024-01-17,55,"Durham Armory","PM2.5","Durham",36.0329550008979,-78.904037
"2324",2024-01-18,56,"Durham Armory","PM2.5","Durham",36.0329550008979,-78.904037
"2325",2024-01-19,60,"Durham Armory","PM2.5","Durham",36.0329550008979,-78.904037
"2326",2024-01-20,55,"Durham Armory","PM2.5","Durham",36.0329550008979,-78.904037
"2327",2024-01-21,55,"Durham Armory","PM2.5","Durham",36.0329550008979,-78.904037
"2328",2024-01-22,68,"Durham Armory","PM2.5","Durham",36.0329550008979,-78.904037
"2329",2024-01-23,75,"Durham Armory","PM2.5","Durham",36.0329550008979,-78.904037
"2330",2024-01-24,62,"Durham Armory","PM2.5","Durham",36.0329550008979,-78.904037
"2331",2024-01-25,17,"Durham Armory","PM2.5","Durham",36.0329550008979,-78.904037
"2332",2024-01-26,28,"Durham Armory","PM2.5","Durham",36.0329550008979,-78.904037
"2333",2024-01-27,42,"Durham Armory","PM2.5","Durham",36.0329550008979,-78.904037
"2334",2024-01-28,30,"Durham Armory","PM2.5","Durham",36.0329550008979,-78.904037
"2335",2024-01-29,32,"Durham Armory","PM2.5","Durham",36.0329550008979,-78.904037
"2336",2024-01-30,49,"Durham Armory","PM2.5","Durham",36.0329550008979,-78.904037
"2337",2024-01-31,53,"Durham Armory","PM2.5","Durham",36.0329550008979,-78.904037
"2338",2024-02-01,54,"Durham Armory","PM2.5","Durham",36.0329550008979,-78.904037
"2339",2024-02-02,56,"Durham Armory","PM2.5","Durham",36.0329550008979,-78.904037
"2340",2024-02-03,55,"Durham Armory","PM2.5","Durham",36.0329550008979,-78.904037
"2341",2024-02-04,54,"Durham Armory","PM2.5","Durham",36.0329550008979,-78.904037
"2342",2024-02-05,53,"Durham Armory","PM2.5","Durham",36.0329550008979,-78.904037
"2343",2024-02-06,54,"Durham Armory","PM2.5","Durham",36.0329550008979,-78.904037
"2344",2024-02-07,57,"Durham Armory","PM2.5","Durham",36.0329550008979,-78.904037
"2345",2024-02-08,58,"Durham Armory","PM2.5","Durham",36.0329550008979,-78.904037
"2346",2024-02-09,72,"Durham Armory","PM2.5","Durham",36.0329550008979,-78.904037
"2347",2024-02-10,63,"Durham Armory","PM2.5","Durham",36.0329550008979,-78.904037
"2348",2024-02-11,51,"Durham Armory","PM2.5","Durham",36.0329550008979,-78.904037
"2349",2024-02-12,41,"Durham Armory","PM2.5","Durham",36.0329550008979,-78.904037
"2350",2024-02-13,37,"Durham Armory","PM2.5","Durham",36.0329550008979,-78.904037
"2351",2024-02-14,55,"Durham Armory","PM2.5","Durham",36.0329550008979,-78.904037
"2352",2024-02-15,59,"Durham Armory","PM2.5","Durham",36.0329550008979,-78.904037
"2353",2024-02-16,55,"Durham Armory","PM2.5","Durham",36.0329550008979,-78.904037
"2354",2024-02-17,57,"Durham Armory","PM2.5","Durham",36.0329550008979,-78.904037
"2355",2024-02-18,57,"Durham Armory","PM2.5","Durham",36.0329550008979,-78.904037
"2356",2024-02-19,61,"Durham Armory","PM2.5","Durham",36.0329550008979,-78.904037
"2357",2024-02-20,61,"Durham Armory","PM2.5","Durham",36.0329550008979,-78.904037
"2358",2024-02-21,61,"Durham Armory","PM2.5","Durham",36.0329550008979,-78.904037
"2359",2024-02-22,80,"Durham Armory","PM2.5","Durham",36.0329550008979,-78.904037
"2360",2024-02-23,79,"Durham Armory","PM2.5","Durham",36.0329550008979,-78.904037
"2361",2024-02-24,57,"Durham Armory","PM2.5","Durham",36.0329550008979,-78.904037
"2362",2024-02-25,52,"Durham Armory","PM2.5","Durham",36.0329550008979,-78.904037
"2363",2024-02-26,66,"Durham Armory","PM2.5","Durham",36.0329550008979,-78.904037
"2364",2024-02-27,67,"Durham Armory","PM2.5","Durham",36.0329550008979,-78.904037
"2365",2024-02-28,58,"Durham Armory","PM2.5","Durham",36.0329550008979,-78.904037
"2366",2024-02-29,53,"Durham Armory","PM2.5","Durham",36.0329550008979,-78.904037
"2367",2024-03-01,56,"Durham Armory","PM2.5","Durham",36.0329550008979,-78.904037
"2368",2024-03-02,27,"Durham Armory","PM2.5","Durham",36.0329550008979,-78.904037
"2369",2024-03-03,44,"Durham Armory","PM2.5","Durham",36.0329550008979,-78.904037
"2370",2024-03-06,27,"Durham Armory","PM2.5","Durham",36.0329550008979,-78.904037
"2371",2024-03-07,32,"Durham Armory","PM2.5","Durham",36.0329550008979,-78.904037
"2372",2024-03-08,43,"Durham Armory","PM2.5","Durham",36.0329550008979,-78.904037
"2373",2024-03-09,18,"Durham Armory","PM2.5","Durham",36.0329550008979,-78.904037
"2374",2024-03-10,36,"Durham Armory","PM2.5","Durham",36.0329550008979,-78.904037
"2375",2024-03-11,51,"Durham Armory","PM2.5","Durham",36.0329550008979,-78.904037
"2376",2024-03-12,54,"Durham Armory","PM2.5","Durham",36.0329550008979,-78.904037
"2377",2024-03-13,59,"Durham Armory","PM2.5","Durham",36.0329550008979,-78.904037
"2378",2024-03-14,72,"Durham Armory","PM2.5","Durham",36.0329550008979,-78.904037
"2379",2024-03-15,89,"Durham Armory","PM2.5","Durham",36.0329550008979,-78.904037
"2380",2024-03-16,55,"Durham Armory","PM2.5","Durham",36.0329550008979,-78.904037
"2381",2024-03-17,52,"Durham Armory","PM2.5","Durham",36.0329550008979,-78.904037
"2382",2024-03-18,47,"Durham Armory","PM2.5","Durham",36.0329550008979,-78.904037
"2383",2024-03-19,55,"Durham Armory","PM2.5","Durham",36.0329550008979,-78.904037
"2384",2024-03-20,61,"Durham Armory","PM2.5","Durham",36.0329550008979,-78.904037
"2385",2024-03-23,23,"Durham Armory","PM2.5","Durham",36.0329550008979,-78.904037
"2386",2024-03-24,39,"Durham Armory","PM2.5","Durham",36.0329550008979,-78.904037
"2387",2024-03-25,51,"Durham Armory","PM2.5","Durham",36.0329550008979,-78.904037
"2388",2024-03-26,55,"Durham Armory","PM2.5","Durham",36.0329550008979,-78.904037
"2389",2024-03-27,45,"Durham Armory","PM2.5","Durham",36.0329550008979,-78.904037
"2390",2024-03-28,32,"Durham Armory","PM2.5","Durham",36.0329550008979,-78.904037
"2391",2024-03-29,50,"Durham Armory","PM2.5","Durham",36.0329550008979,-78.904037
"2392",2024-03-30,56,"Durham Armory","PM2.5","Durham",36.0329550008979,-78.904037
"2393",2024-03-31,56,"Durham Armory","PM2.5","Durham",36.0329550008979,-78.904037
"2394",2024-04-01,67,"Durham Armory","PM2.5","Durham",36.0329550008979,-78.904037
"2395",2024-04-02,69,"Durham Armory","PM2.5","Durham",36.0329550008979,-78.904037
"2396",2024-04-03,54,"Durham Armory","PM2.5","Durham",36.0329550008979,-78.904037
"2397",2024-04-05,31,"Durham Armory","PM2.5","Durham",36.0329550008979,-78.904037
"2398",2024-04-06,28,"Durham Armory","PM2.5","Durham",36.0329550008979,-78.904037
"2399",2024-04-07,32,"Durham Armory","PM2.5","Durham",36.0329550008979,-78.904037
"2400",2024-04-08,61,"Durham Armory","PM2.5","Durham",36.0329550008979,-78.904037
"2401",2024-04-09,58,"Durham Armory","PM2.5","Durham",36.0329550008979,-78.904037
"2402",2024-04-10,54,"Durham Armory","PM2.5","Durham",36.0329550008979,-78.904037
"2403",2024-04-11,29,"Durham Armory","PM2.5","Durham",36.0329550008979,-78.904037
"2404",2024-04-12,41,"Durham Armory","PM2.5","Durham",36.0329550008979,-78.904037
"2405",2024-04-13,36,"Durham Armory","PM2.5","Durham",36.0329550008979,-78.904037
"2406",2024-04-14,53,"Durham Armory","PM2.5","Durham",36.0329550008979,-78.904037
"2407",2024-04-15,57,"Durham Armory","PM2.5","Durham",36.0329550008979,-78.904037
"2408",2024-04-16,66,"Durham Armory","PM2.5","Durham",36.0329550008979,-78.904037
"2409",2024-04-17,71,"Durham Armory","PM2.5","Durham",36.0329550008979,-78.904037
"2410",2024-04-18,58,"Durham Armory","PM2.5","Durham",36.0329550008979,-78.904037
"2411",2024-04-19,62,"Durham Armory","PM2.5","Durham",36.0329550008979,-78.904037
"2412",2024-04-20,61,"Durham Armory","PM2.5","Durham",36.0329550008979,-78.904037
"2413",2024-04-21,52,"Durham Armory","PM2.5","Durham",36.0329550008979,-78.904037
"2414",2024-04-22,44,"Durham Armory","PM2.5","Durham",36.0329550008979,-78.904037
"2415",2024-04-23,52,"Durham Armory","PM2.5","Durham",36.0329550008979,-78.904037
"2416",2024-04-24,57,"Durham Armory","PM2.5","Durham",36.0329550008979,-78.904037
"2417",2024-04-25,55,"Durham Armory","PM2.5","Durham",36.0329550008979,-78.904037
"2418",2024-04-26,55,"Durham Armory","PM2.5","Durham",36.0329550008979,-78.904037
"2419",2024-04-27,57,"Durham Armory","PM2.5","Durham",36.0329550008979,-78.904037
"2420",2024-04-28,54,"Durham Armory","PM2.5","Durham",36.0329550008979,-78.904037
"2421",2024-04-29,58,"Durham Armory","PM2.5","Durham",36.0329550008979,-78.904037
"2422",2024-04-30,55,"Durham Armory","PM2.5","Durham",36.0329550008979,-78.904037
"2423",2024-05-01,51,"Durham Armory","PM2.5","Durham",36.0329550008979,-78.904037
"2424",2024-05-02,56,"Durham Armory","PM2.5","Durham",36.0329550008979,-78.904037
"2425",2024-05-03,71,"Durham Armory","PM2.5","Durham",36.0329550008979,-78.904037
"2426",2024-05-04,52,"Durham Armory","PM2.5","Durham",36.0329550008979,-78.904037
"2427",2024-05-05,31,"Durham Armory","PM2.5","Durham",36.0329550008979,-78.904037
"2428",2024-05-06,45,"Durham Armory","PM2.5","Durham",36.0329550008979,-78.904037
"2429",2024-05-07,46,"Durham Armory","PM2.5","Durham",36.0329550008979,-78.904037
"2430",2024-05-08,59,"Durham Armory","PM2.5","Durham",36.0329550008979,-78.904037
"2431",2024-05-09,39,"Durham Armory","PM2.5","Durham",36.0329550008979,-78.904037
"2432",2024-05-10,41,"Durham Armory","PM2.5","Durham",36.0329550008979,-78.904037
"2433",2024-05-11,38,"Durham Armory","PM2.5","Durham",36.0329550008979,-78.904037
"2434",2024-05-12,43,"Durham Armory","PM2.5","Durham",36.0329550008979,-78.904037
"2435",2024-05-13,50,"Durham Armory","PM2.5","Durham",36.0329550008979,-78.904037
"2436",2024-05-14,35,"Durham Armory","PM2.5","Durham",36.0329550008979,-78.904037
"2437",2024-05-15,28,"Durham Armory","PM2.5","Durham",36.0329550008979,-78.904037
"2438",2024-05-16,24,"Durham Armory","PM2.5","Durham",36.0329550008979,-78.904037
"2439",2024-05-17,48,"Durham Armory","PM2.5","Durham",36.0329550008979,-78.904037
"2440",2024-05-18,38,"Durham Armory","PM2.5","Durham",36.0329550008979,-78.904037
"2441",2024-05-19,36,"Durham Armory","PM2.5","Durham",36.0329550008979,-78.904037
"2442",2024-05-20,41,"Durham Armory","PM2.5","Durham",36.0329550008979,-78.904037
"2443",2024-05-21,49,"Durham Armory","PM2.5","Durham",36.0329550008979,-78.904037
"2444",2024-05-22,62,"Durham Armory","PM2.5","Durham",36.0329550008979,-78.904037
"2445",2024-05-23,60,"Durham Armory","PM2.5","Durham",36.0329550008979,-78.904037
"2446",2024-05-24,47,"Durham Armory","PM2.5","Durham",36.0329550008979,-78.904037
"2447",2024-05-25,46,"Durham Armory","PM2.5","Durham",36.0329550008979,-78.904037
"2448",2024-05-26,52,"Durham Armory","PM2.5","Durham",36.0329550008979,-78.904037
"2449",2024-05-27,46,"Durham Armory","PM2.5","Durham",36.0329550008979,-78.904037
"2450",2024-05-28,42,"Durham Armory","PM2.5","Durham",36.0329550008979,-78.904037
"2451",2024-05-29,39,"Durham Armory","PM2.5","Durham",36.0329550008979,-78.904037
"2452",2024-05-30,33,"Durham Armory","PM2.5","Durham",36.0329550008979,-78.904037
"2453",2024-05-31,44,"Durham Armory","PM2.5","Durham",36.0329550008979,-78.904037
"2454",2024-06-01,52,"Durham Armory","PM2.5","Durham",36.0329550008979,-78.904037
"2455",2024-06-02,53,"Durham Armory","PM2.5","Durham",36.0329550008979,-78.904037
"2456",2024-06-03,46,"Durham Armory","PM2.5","Durham",36.0329550008979,-78.904037
"2457",2024-06-04,51,"Durham Armory","PM2.5","Durham",36.0329550008979,-78.904037
"2458",2024-06-05,51,"Durham Armory","PM2.5","Durham",36.0329550008979,-78.904037
"2459",2024-06-06,43,"Durham Armory","PM2.5","Durham",36.0329550008979,-78.904037
"2460",2024-06-07,48,"Durham Armory","PM2.5","Durham",36.0329550008979,-78.904037
"2461",2024-06-08,51,"Durham Armory","PM2.5","Durham",36.0329550008979,-78.904037
"2462",2024-06-09,53,"Durham Armory","PM2.5","Durham",36.0329550008979,-78.904037
"2463",2024-06-10,38,"Durham Armory","PM2.5","Durham",36.0329550008979,-78.904037
"2464",2024-06-11,51,"Durham Armory","PM2.5","Durham",36.0329550008979,-78.904037
"2465",2024-06-12,55,"Durham Armory","PM2.5","Durham",36.0329550008979,-78.904037
"2466",2024-06-13,58,"Durham Armory","PM2.5","Durham",36.0329550008979,-78.904037
"2467",2024-06-14,59,"Durham Armory","PM2.5","Durham",36.0329550008979,-78.904037
"2468",2024-06-15,53,"Durham Armory","PM2.5","Durham",36.0329550008979,-78.904037
"2469",2024-06-16,54,"Durham Armory","PM2.5","Durham",36.0329550008979,-78.904037
"2470",2024-06-17,56,"Durham Armory","PM2.5","Durham",36.0329550008979,-78.904037
"2471",2024-06-18,50,"Durham Armory","PM2.5","Durham",36.0329550008979,-78.904037
"2472",2024-06-19,52,"Durham Armory","PM2.5","Durham",36.0329550008979,-78.904037
"2473",2024-06-20,49,"Durham Armory","PM2.5","Durham",36.0329550008979,-78.904037
"2474",2024-06-21,53,"Durham Armory","PM2.5","Durham",36.0329550008979,-78.904037
"2475",2024-06-22,34,"Durham Armory","PM2.5","Durham",36.0329550008979,-78.904037
"2476",2024-06-23,39,"Durham Armory","PM2.5","Durham",36.0329550008979,-78.904037
"2477",2024-06-24,51,"Durham Armory","PM2.5","Durham",36.0329550008979,-78.904037
"2478",2024-06-25,51,"Durham Armory","PM2.5","Durham",36.0329550008979,-78.904037
"2479",2024-06-26,58,"Durham Armory","PM2.5","Durham",36.0329550008979,-78.904037
"2480",2024-06-27,54,"Durham Armory","PM2.5","Durham",36.0329550008979,-78.904037
"2481",2024-06-28,53,"Durham Armory","PM2.5","Durham",36.0329550008979,-78.904037
"2482",2024-06-29,51,"Durham Armory","PM2.5","Durham",36.0329550008979,-78.904037
"2483",2024-06-30,44,"Durham Armory","PM2.5","Durham",36.0329550008979,-78.904037
"2484",2024-07-01,35,"Durham Armory","PM2.5","Durham",36.0329550008979,-78.904037
"2485",2024-07-02,44,"Durham Armory","PM2.5","Durham",36.0329550008979,-78.904037
"2486",2024-07-03,54,"Durham Armory","PM2.5","Durham",36.0329550008979,-78.904037
"2487",2024-07-04,56,"Durham Armory","PM2.5","Durham",36.0329550008979,-78.904037
"2488",2024-07-05,60,"Durham Armory","PM2.5","Durham",36.0329550008979,-78.904037
"2489",2024-07-06,44,"Durham Armory","PM2.5","Durham",36.0329550008979,-78.904037
"2490",2024-07-07,42,"Durham Armory","PM2.5","Durham",36.0329550008979,-78.904037
"2491",2024-07-08,40,"Durham Armory","PM2.5","Durham",36.0329550008979,-78.904037
"2492",2024-07-09,41,"Durham Armory","PM2.5","Durham",36.0329550008979,-78.904037
"2493",2024-07-10,51,"Durham Armory","PM2.5","Durham",36.0329550008979,-78.904037
"2494",2024-07-11,37,"Durham Armory","PM2.5","Durham",36.0329550008979,-78.904037
"2495",2024-07-12,21,"Durham Armory","PM2.5","Durham",36.0329550008979,-78.904037
"2496",2024-07-13,24,"Durham Armory","PM2.5","Durham",36.0329550008979,-78.904037
"2497",2024-07-14,56,"Durham Armory","PM2.5","Durham",36.0329550008979,-78.904037
"2498",2024-07-15,64,"Durham Armory","PM2.5","Durham",36.0329550008979,-78.904037
"2499",2024-07-16,63,"Durham Armory","PM2.5","Durham",36.0329550008979,-78.904037
"2500",2024-07-17,56,"Durham Armory","PM2.5","Durham",36.0329550008979,-78.904037
"2501",2024-07-18,49,"Durham Armory","PM2.5","Durham",36.0329550008979,-78.904037
"2502",2024-07-19,53,"Durham Armory","PM2.5","Durham",36.0329550008979,-78.904037
"2503",2024-07-20,33,"Durham Armory","PM2.5","Durham",36.0329550008979,-78.904037
"2504",2024-07-21,34,"Durham Armory","PM2.5","Durham",36.0329550008979,-78.904037
"2505",2024-07-22,22,"Durham Armory","PM2.5","Durham",36.0329550008979,-78.904037
"2506",2024-07-23,34,"Durham Armory","PM2.5","Durham",36.0329550008979,-78.904037
"2507",2024-07-24,23,"Durham Armory","PM2.5","Durham",36.0329550008979,-78.904037
"2508",2024-07-25,21,"Durham Armory","PM2.5","Durham",36.0329550008979,-78.904037
"2509",2024-07-26,47,"Durham Armory","PM2.5","Durham",36.0329550008979,-78.904037
"2510",2024-07-27,59,"Durham Armory","PM2.5","Durham",36.0329550008979,-78.904037
"2511",2024-07-28,56,"Durham Armory","PM2.5","Durham",36.0329550008979,-78.904037
"2512",2024-07-29,57,"Durham Armory","PM2.5","Durham",36.0329550008979,-78.904037
"2513",2024-07-30,55,"Durham Armory","PM2.5","Durham",36.0329550008979,-78.904037
"2514",2024-07-31,46,"Durham Armory","PM2.5","Durham",36.0329550008979,-78.904037
"2515",2024-08-01,52,"Durham Armory","PM2.5","Durham",36.0329550008979,-78.904037
"2516",2024-08-02,55,"Durham Armory","PM2.5","Durham",36.0329550008979,-78.904037
"2517",2024-08-03,57,"Durham Armory","PM2.5","Durham",36.0329550008979,-78.904037
"2518",2024-08-04,43,"Durham Armory","PM2.5","Durham",36.0329550008979,-78.904037
"2519",2024-08-05,36,"Durham Armory","PM2.5","Durham",36.0329550008979,-78.904037
"2520",2024-08-06,18,"Durham Armory","PM2.5","Durham",36.0329550008979,-78.904037
"2521",2024-08-07,18,"Durham Armory","PM2.5","Durham",36.0329550008979,-78.904037
"2522",2024-08-08,16,"Durham Armory","PM2.5","Durham",36.0329550008979,-78.904037
"2523",2024-08-09,21,"Durham Armory","PM2.5","Durham",36.0329550008979,-78.904037
"2524",2024-08-10,52,"Durham Armory","PM2.5","Durham",36.0329550008979,-78.904037
"2525",2024-08-11,53,"Durham Armory","PM2.5","Durham",36.0329550008979,-78.904037
"2526",2024-08-12,54,"Durham Armory","PM2.5","Durham",36.0329550008979,-78.904037
"2527",2024-08-13,57,"Durham Armory","PM2.5","Durham",36.0329550008979,-78.904037
"2528",2024-08-14,53,"Durham Armory","PM2.5","Durham",36.0329550008979,-78.904037
"2529",2024-08-15,55,"Durham Armory","PM2.5","Durham",36.0329550008979,-78.904037
"2530",2024-08-16,59,"Durham Armory","PM2.5","Durham",36.0329550008979,-78.904037
"2531",2024-08-17,62,"Durham Armory","PM2.5","Durham",36.0329550008979,-78.904037
"2532",2024-08-18,53,"Durham Armory","PM2.5","Durham",36.0329550008979,-78.904037
"2533",2024-08-19,31,"Durham Armory","PM2.5","Durham",36.0329550008979,-78.904037
"2534",2024-08-20,49,"Durham Armory","PM2.5","Durham",36.0329550008979,-78.904037
"2535",2024-08-21,52,"Durham Armory","PM2.5","Durham",36.0329550008979,-78.904037
"2536",2024-08-22,46,"Durham Armory","PM2.5","Durham",36.0329550008979,-78.904037
"2537",2024-08-23,54,"Durham Armory","PM2.5","Durham",36.0329550008979,-78.904037
"2538",2024-08-24,55,"Durham Armory","PM2.5","Durham",36.0329550008979,-78.904037
"2539",2024-08-25,57,"Durham Armory","PM2.5","Durham",36.0329550008979,-78.904037
"2540",2024-08-26,60,"Durham Armory","PM2.5","Durham",36.0329550008979,-78.904037
"2541",2024-08-27,69,"Durham Armory","PM2.5","Durham",36.0329550008979,-78.904037
"2542",2024-08-28,73,"Durham Armory","PM2.5","Durham",36.0329550008979,-78.904037
"2543",2024-08-29,66,"Durham Armory","PM2.5","Durham",36.0329550008979,-78.904037
"2544",2024-08-30,58,"Durham Armory","PM2.5","Durham",36.0329550008979,-78.904037
"2545",2024-08-31,51,"Durham Armory","PM2.5","Durham",36.0329550008979,-78.904037
"2546",2024-09-01,42,"Durham Armory","PM2.5","Durham",36.0329550008979,-78.904037
"2547",2024-09-02,42,"Durham Armory","PM2.5","Durham",36.0329550008979,-78.904037
"2548",2024-09-03,36,"Durham Armory","PM2.5","Durham",36.0329550008979,-78.904037
"2549",2024-09-04,39,"Durham Armory","PM2.5","Durham",36.0329550008979,-78.904037
"2550",2024-09-05,36,"Durham Armory","PM2.5","Durham",36.0329550008979,-78.904037
"2551",2024-09-06,47,"Durham Armory","PM2.5","Durham",36.0329550008979,-78.904037
"2552",2024-09-07,52,"Durham Armory","PM2.5","Durham",36.0329550008979,-78.904037
"2553",2024-09-08,40,"Durham Armory","PM2.5","Durham",36.0329550008979,-78.904037
"2554",2024-09-09,51,"Durham Armory","PM2.5","Durham",36.0329550008979,-78.904037
"2555",2024-09-10,52,"Durham Armory","PM2.5","Durham",36.0329550008979,-78.904037
"2556",2024-09-11,55,"Durham Armory","PM2.5","Durham",36.0329550008979,-78.904037
"2557",2024-09-12,56,"Durham Armory","PM2.5","Durham",36.0329550008979,-78.904037
"2558",2024-09-13,45,"Durham Armory","PM2.5","Durham",36.0329550008979,-78.904037
"2559",2024-09-14,34,"Durham Armory","PM2.5","Durham",36.0329550008979,-78.904037
"2560",2024-09-15,43,"Durham Armory","PM2.5","Durham",36.0329550008979,-78.904037
"2561",2024-09-16,38,"Durham Armory","PM2.5","Durham",36.0329550008979,-78.904037
"2562",2024-09-17,12,"Durham Armory","PM2.5","Durham",36.0329550008979,-78.904037
"2563",2024-09-18,28,"Durham Armory","PM2.5","Durham",36.0329550008979,-78.904037
"2564",2024-09-19,17,"Durham Armory","PM2.5","Durham",36.0329550008979,-78.904037
"2565",2024-09-20,38,"Durham Armory","PM2.5","Durham",36.0329550008979,-78.904037
"2566",2024-09-21,53,"Durham Armory","PM2.5","Durham",36.0329550008979,-78.904037
"2567",2024-09-22,43,"Durham Armory","PM2.5","Durham",36.0329550008979,-78.904037
"2568",2024-09-23,53,"Durham Armory","PM2.5","Durham",36.0329550008979,-78.904037
"2569",2024-09-24,56,"Durham Armory","PM2.5","Durham",36.0329550008979,-78.904037
"2570",2024-09-25,50,"Durham Armory","PM2.5","Durham",36.0329550008979,-78.904037
"2571",2024-09-26,30,"Durham Armory","PM2.5","Durham",36.0329550008979,-78.904037
"2572",2024-09-27,32,"Durham Armory","PM2.5","Durham",36.0329550008979,-78.904037
"2573",2024-09-28,54,"Durham Armory","PM2.5","Durham",36.0329550008979,-78.904037
"2574",2024-09-29,56,"Durham Armory","PM2.5","Durham",36.0329550008979,-78.904037
"2575",2024-09-30,57,"Durham Armory","PM2.5","Durham",36.0329550008979,-78.904037
"2576",2024-10-01,31,"Durham Armory","PM2.5","Durham",36.0329550008979,-78.904037
"2577",2024-10-02,33,"Durham Armory","PM2.5","Durham",36.0329550008979,-78.904037
"2578",2024-10-03,37,"Durham Armory","PM2.5","Durham",36.0329550008979,-78.904037
"2579",2024-10-04,52,"Durham Armory","PM2.5","Durham",36.0329550008979,-78.904037
"2580",2024-10-05,53,"Durham Armory","PM2.5","Durham",36.0329550008979,-78.904037
"2581",2024-10-06,57,"Durham Armory","PM2.5","Durham",36.0329550008979,-78.904037
"2582",2024-10-07,54,"Durham Armory","PM2.5","Durham",36.0329550008979,-78.904037
"2583",2024-10-08,53,"Durham Armory","PM2.5","Durham",36.0329550008979,-78.904037
"2584",2024-10-09,52,"Durham Armory","PM2.5","Durham",36.0329550008979,-78.904037
"2585",2024-10-10,48,"Durham Armory","PM2.5","Durham",36.0329550008979,-78.904037
"2586",2024-10-11,46,"Durham Armory","PM2.5","Durham",36.0329550008979,-78.904037
"2587",2024-10-12,55,"Durham Armory","PM2.5","Durham",36.0329550008979,-78.904037
"2588",2024-10-13,54,"Durham Armory","PM2.5","Durham",36.0329550008979,-78.904037
"2589",2024-10-19,44,"Durham Armory","PM2.5","Durham",36.0329550008979,-78.904037
"2590",2024-10-20,39,"Durham Armory","PM2.5","Durham",36.0329550008979,-78.904037
"2591",2024-10-24,52,"Durham Armory","PM2.5","Durham",36.0329550008979,-78.904037
"2592",2024-10-25,51,"Durham Armory","PM2.5","Durham",36.0329550008979,-78.904037
"2593",2024-10-26,49,"Durham Armory","PM2.5","Durham",36.0329550008979,-78.904037
"2594",2024-10-27,36,"Durham Armory","PM2.5","Durham",36.0329550008979,-78.904037
"2595",2024-10-28,47,"Durham Armory","PM2.5","Durham",36.0329550008979,-78.904037
"2596",2024-10-29,52,"Durham Armory","PM2.5","Durham",36.0329550008979,-78.904037
"2597",2024-10-30,48,"Durham Armory","PM2.5","Durham",36.0329550008979,-78.904037
"2598",2024-10-31,42,"Durham Armory","PM2.5","Durham",36.0329550008979,-78.904037
"2599",2024-11-01,26,"Durham Armory","PM2.5","Durham",36.0329550008979,-78.904037
"2600",2024-11-02,37,"Durham Armory","PM2.5","Durham",36.0329550008979,-78.904037
"2601",2024-11-03,44,"Durham Armory","PM2.5","Durham",36.0329550008979,-78.904037
"2602",2024-11-04,28,"Durham Armory","PM2.5","Durham",36.0329550008979,-78.904037
"2603",2024-11-05,41,"Durham Armory","PM2.5","Durham",36.0329550008979,-78.904037
"2604",2024-11-06,37,"Durham Armory","PM2.5","Durham",36.0329550008979,-78.904037
"2605",2024-11-07,52,"Durham Armory","PM2.5","Durham",36.0329550008979,-78.904037
"2606",2024-11-08,56,"Durham Armory","PM2.5","Durham",36.0329550008979,-78.904037
"2607",2024-11-09,42,"Durham Armory","PM2.5","Durham",36.0329550008979,-78.904037
"2608",2024-11-10,46,"Durham Armory","PM2.5","Durham",36.0329550008979,-78.904037
"2609",2024-11-11,42,"Durham Armory","PM2.5","Durham",36.0329550008979,-78.904037
"2610",2024-11-12,20,"Durham Armory","PM2.5","Durham",36.0329550008979,-78.904037
"2611",2024-11-13,19,"Durham Armory","PM2.5","Durham",36.0329550008979,-78.904037
"2612",2024-11-14,33,"Durham Armory","PM2.5","Durham",36.0329550008979,-78.904037
"2613",2024-11-15,21,"Durham Armory","PM2.5","Durham",36.0329550008979,-78.904037
"2614",2024-11-16,19,"Durham Armory","PM2.5","Durham",36.0329550008979,-78.904037
"2615",2024-11-17,51,"Durham Armory","PM2.5","Durham",36.0329550008979,-78.904037
"2616",2024-11-18,54,"Durham Armory","PM2.5","Durham",36.0329550008979,-78.904037
"2617",2024-11-19,60,"Durham Armory","PM2.5","Durham",36.0329550008979,-78.904037
"2618",2024-11-20,53,"Durham Armory","PM2.5","Durham",36.0329550008979,-78.904037
"2619",2024-11-22,17,"Durham Armory","PM2.5","Durham",36.0329550008979,-78.904037
"2620",2024-11-23,18,"Durham Armory","PM2.5","Durham",36.0329550008979,-78.904037
"2621",2024-11-24,42,"Durham Armory","PM2.5","Durham",36.0329550008979,-78.904037
"2622",2024-11-25,56,"Durham Armory","PM2.5","Durham",36.0329550008979,-78.904037
"2623",2024-11-26,55,"Durham Armory","PM2.5","Durham",36.0329550008979,-78.904037
"2624",2024-11-27,48,"Durham Armory","PM2.5","Durham",36.0329550008979,-78.904037
"2625",2024-11-28,53,"Durham Armory","PM2.5","Durham",36.0329550008979,-78.904037
"2626",2024-11-29,27,"Durham Armory","PM2.5","Durham",36.0329550008979,-78.904037
"2627",2024-11-30,35,"Durham Armory","PM2.5","Durham",36.0329550008979,-78.904037
"2628",2024-12-01,47,"Durham Armory","PM2.5","Durham",36.0329550008979,-78.904037
"2629",2024-12-02,31,"Durham Armory","PM2.5","Durham",36.0329550008979,-78.904037
"2630",2024-12-03,32,"Durham Armory","PM2.5","Durham",36.0329550008979,-78.904037
"2631",2024-12-04,51,"Durham Armory","PM2.5","Durham",36.0329550008979,-78.904037
"2632",2024-12-05,59,"Durham Armory","PM2.5","Durham",36.0329550008979,-78.904037
"2633",2024-12-06,46,"Durham Armory","PM2.5","Durham",36.0329550008979,-78.904037
"2634",2024-12-07,42,"Durham Armory","PM2.5","Durham",36.0329550008979,-78.904037
"2635",2024-12-08,57,"Durham Armory","PM2.5","Durham",36.0329550008979,-78.904037
"2636",2024-12-09,56,"Durham Armory","PM2.5","Durham",36.0329550008979,-78.904037
"2637",2024-12-10,57,"Durham Armory","PM2.5","Durham",36.0329550008979,-78.904037
"2638",2024-12-11,21,"Durham Armory","PM2.5","Durham",36.0329550008979,-78.904037
"2639",2024-12-12,47,"Durham Armory","PM2.5","Durham",36.0329550008979,-78.904037
"2640",2024-12-13,57,"Durham Armory","PM2.5","Durham",36.0329550008979,-78.904037
"2641",2024-12-14,55,"Durham Armory","PM2.5","Durham",36.0329550008979,-78.904037
"2642",2024-12-15,44,"Durham Armory","PM2.5","Durham",36.0329550008979,-78.904037
"2643",2024-12-16,47,"Durham Armory","PM2.5","Durham",36.0329550008979,-78.904037
"2644",2024-12-17,56,"Durham Armory","PM2.5","Durham",36.0329550008979,-78.904037
"2645",2024-12-18,53,"Durham Armory","PM2.5","Durham",36.0329550008979,-78.904037
"2646",2024-12-19,28,"Durham Armory","PM2.5","Durham",36.0329550008979,-78.904037
"2647",2024-12-20,48,"Durham Armory","PM2.5","Durham",36.0329550008979,-78.904037
"2648",2024-12-21,26,"Durham Armory","PM2.5","Durham",36.0329550008979,-78.904037
"2649",2024-12-22,44,"Durham Armory","PM2.5","Durham",36.0329550008979,-78.904037
"2650",2024-12-23,57,"Durham Armory","PM2.5","Durham",36.0329550008979,-78.904037
"2651",2024-12-24,58,"Durham Armory","PM2.5","Durham",36.0329550008979,-78.904037
"2652",2024-12-25,65,"Durham Armory","PM2.5","Durham",36.0329550008979,-78.904037
"2653",2024-12-26,57,"Durham Armory","PM2.5","Durham",36.0329550008979,-78.904037
"2654",2024-12-27,62,"Durham Armory","PM2.5","Durham",36.0329550008979,-78.904037
"2655",2024-12-28,57,"Durham Armory","PM2.5","Durham",36.0329550008979,-78.904037
"2656",2024-12-29,23,"Durham Armory","PM2.5","Durham",36.0329550008979,-78.904037
"2657",2024-12-30,39,"Durham Armory","PM2.5","Durham",36.0329550008979,-78.904037
"2658",2024-12-31,36,"Durham Armory","PM2.5","Durham",36.0329550008979,-78.904037
"2659",2024-01-01,38,"Leggett","PM2.5","Edgecombe",35.988278,-77.5843
"2660",2024-01-02,18,"Leggett","PM2.5","Edgecombe",35.988278,-77.5843
"2661",2024-01-03,41,"Leggett","PM2.5","Edgecombe",35.988278,-77.5843
"2662",2024-01-04,38,"Leggett","PM2.5","Edgecombe",35.988278,-77.5843
"2663",2024-01-05,21,"Leggett","PM2.5","Edgecombe",35.988278,-77.5843
"2664",2024-01-06,25,"Leggett","PM2.5","Edgecombe",35.988278,-77.5843
"2665",2024-01-07,11,"Leggett","PM2.5","Edgecombe",35.988278,-77.5843
"2666",2024-01-08,19,"Leggett","PM2.5","Edgecombe",35.988278,-77.5843
"2667",2024-01-09,38,"Leggett","PM2.5","Edgecombe",35.988278,-77.5843
"2668",2024-01-10,3,"Leggett","PM2.5","Edgecombe",35.988278,-77.5843
"2669",2024-01-11,33,"Leggett","PM2.5","Edgecombe",35.988278,-77.5843
"2670",2024-01-12,45,"Leggett","PM2.5","Edgecombe",35.988278,-77.5843
"2671",2024-01-13,0,"Leggett","PM2.5","Edgecombe",35.988278,-77.5843
"2672",2024-01-14,27,"Leggett","PM2.5","Edgecombe",35.988278,-77.5843
"2673",2024-01-15,22,"Leggett","PM2.5","Edgecombe",35.988278,-77.5843
"2674",2024-01-16,31,"Leggett","PM2.5","Edgecombe",35.988278,-77.5843
"2675",2024-01-17,19,"Leggett","PM2.5","Edgecombe",35.988278,-77.5843
"2676",2024-01-18,39,"Leggett","PM2.5","Edgecombe",35.988278,-77.5843
"2677",2024-01-19,27,"Leggett","PM2.5","Edgecombe",35.988278,-77.5843
"2678",2024-01-20,19,"Leggett","PM2.5","Edgecombe",35.988278,-77.5843
"2679",2024-01-25,17,"Leggett","PM2.5","Edgecombe",35.988278,-77.5843
"2680",2024-01-26,18,"Leggett","PM2.5","Edgecombe",35.988278,-77.5843
"2681",2024-01-27,19,"Leggett","PM2.5","Edgecombe",35.988278,-77.5843
"2682",2024-01-28,14,"Leggett","PM2.5","Edgecombe",35.988278,-77.5843
"2683",2024-01-29,8,"Leggett","PM2.5","Edgecombe",35.988278,-77.5843
"2684",2024-01-30,20,"Leggett","PM2.5","Edgecombe",35.988278,-77.5843
"2685",2024-01-31,21,"Leggett","PM2.5","Edgecombe",35.988278,-77.5843
"2686",2024-02-01,30,"Leggett","PM2.5","Edgecombe",35.988278,-77.5843
"2687",2024-02-02,31,"Leggett","PM2.5","Edgecombe",35.988278,-77.5843
"2688",2024-02-03,4,"Leggett","PM2.5","Edgecombe",35.988278,-77.5843
"2689",2024-02-04,27,"Leggett","PM2.5","Edgecombe",35.988278,-77.5843
"2690",2024-02-05,27,"Leggett","PM2.5","Edgecombe",35.988278,-77.5843
"2691",2024-02-06,19,"Leggett","PM2.5","Edgecombe",35.988278,-77.5843
"2692",2024-02-07,21,"Leggett","PM2.5","Edgecombe",35.988278,-77.5843
"2693",2024-02-08,17,"Leggett","PM2.5","Edgecombe",35.988278,-77.5843
"2694",2024-02-09,70,"Leggett","PM2.5","Edgecombe",35.988278,-77.5843
"2695",2024-02-10,61,"Leggett","PM2.5","Edgecombe",35.988278,-77.5843
"2696",2024-02-11,51,"Leggett","PM2.5","Edgecombe",35.988278,-77.5843
"2697",2024-02-12,19,"Leggett","PM2.5","Edgecombe",35.988278,-77.5843
"2698",2024-02-13,9,"Leggett","PM2.5","Edgecombe",35.988278,-77.5843
"2699",2024-02-14,16,"Leggett","PM2.5","Edgecombe",35.988278,-77.5843
"2700",2024-02-15,33,"Leggett","PM2.5","Edgecombe",35.988278,-77.5843
"2701",2024-02-16,30,"Leggett","PM2.5","Edgecombe",35.988278,-77.5843
"2702",2024-02-17,24,"Leggett","PM2.5","Edgecombe",35.988278,-77.5843
"2703",2024-02-18,22,"Leggett","PM2.5","Edgecombe",35.988278,-77.5843
"2704",2024-02-19,31,"Leggett","PM2.5","Edgecombe",35.988278,-77.5843
"2705",2024-02-20,33,"Leggett","PM2.5","Edgecombe",35.988278,-77.5843
"2706",2024-02-21,20,"Leggett","PM2.5","Edgecombe",35.988278,-77.5843
"2707",2024-02-22,55,"Leggett","PM2.5","Edgecombe",35.988278,-77.5843
"2708",2024-02-23,59,"Leggett","PM2.5","Edgecombe",35.988278,-77.5843
"2709",2024-02-24,38,"Leggett","PM2.5","Edgecombe",35.988278,-77.5843
"2710",2024-03-13,55,"Leggett","PM2.5","Edgecombe",35.988278,-77.5843
"2711",2024-03-14,59,"Leggett","PM2.5","Edgecombe",35.988278,-77.5843
"2712",2024-03-15,76,"Leggett","PM2.5","Edgecombe",35.988278,-77.5843
"2713",2024-03-16,37,"Leggett","PM2.5","Edgecombe",35.988278,-77.5843
"2714",2024-03-17,46,"Leggett","PM2.5","Edgecombe",35.988278,-77.5843
"2715",2024-03-18,13,"Leggett","PM2.5","Edgecombe",35.988278,-77.5843
"2716",2024-03-19,24,"Leggett","PM2.5","Edgecombe",35.988278,-77.5843
"2717",2024-03-20,46,"Leggett","PM2.5","Edgecombe",35.988278,-77.5843
"2718",2024-03-21,29,"Leggett","PM2.5","Edgecombe",35.988278,-77.5843
"2719",2024-03-22,46,"Leggett","PM2.5","Edgecombe",35.988278,-77.5843
"2720",2024-03-23,13,"Leggett","PM2.5","Edgecombe",35.988278,-77.5843
"2721",2024-03-24,16,"Leggett","PM2.5","Edgecombe",35.988278,-77.5843
"2722",2024-03-25,29,"Leggett","PM2.5","Edgecombe",35.988278,-77.5843
"2723",2024-03-26,37,"Leggett","PM2.5","Edgecombe",35.988278,-77.5843
"2724",2024-03-29,34,"Leggett","PM2.5","Edgecombe",35.988278,-77.5843
"2725",2024-03-30,51,"Leggett","PM2.5","Edgecombe",35.988278,-77.5843
"2726",2024-03-31,52,"Leggett","PM2.5","Edgecombe",35.988278,-77.5843
"2727",2024-04-01,56,"Leggett","PM2.5","Edgecombe",35.988278,-77.5843
"2728",2024-04-02,57,"Leggett","PM2.5","Edgecombe",35.988278,-77.5843
"2729",2024-04-03,42,"Leggett","PM2.5","Edgecombe",35.988278,-77.5843
"2730",2024-04-04,6,"Leggett","PM2.5","Edgecombe",35.988278,-77.5843
"2731",2024-04-05,4,"Leggett","PM2.5","Edgecombe",35.988278,-77.5843
"2732",2024-04-13,22,"Leggett","PM2.5","Edgecombe",35.988278,-77.5843
"2733",2024-04-14,33,"Leggett","PM2.5","Edgecombe",35.988278,-77.5843
"2734",2024-04-15,46,"Leggett","PM2.5","Edgecombe",35.988278,-77.5843
"2735",2024-04-16,38,"Leggett","PM2.5","Edgecombe",35.988278,-77.5843
"2736",2024-04-17,54,"Leggett","PM2.5","Edgecombe",35.988278,-77.5843
"2737",2024-04-18,39,"Leggett","PM2.5","Edgecombe",35.988278,-77.5843
"2738",2024-04-19,31,"Leggett","PM2.5","Edgecombe",35.988278,-77.5843
"2739",2024-04-20,46,"Leggett","PM2.5","Edgecombe",35.988278,-77.5843
"2740",2024-04-21,15,"Leggett","PM2.5","Edgecombe",35.988278,-77.5843
"2741",2024-04-22,27,"Leggett","PM2.5","Edgecombe",35.988278,-77.5843
"2742",2024-04-23,23,"Leggett","PM2.5","Edgecombe",35.988278,-77.5843
"2743",2024-04-24,44,"Leggett","PM2.5","Edgecombe",35.988278,-77.5843
"2744",2024-04-25,43,"Leggett","PM2.5","Edgecombe",35.988278,-77.5843
"2745",2024-04-26,38,"Leggett","PM2.5","Edgecombe",35.988278,-77.5843
"2746",2024-04-27,29,"Leggett","PM2.5","Edgecombe",35.988278,-77.5843
"2747",2024-04-28,53,"Leggett","PM2.5","Edgecombe",35.988278,-77.5843
"2748",2024-04-29,42,"Leggett","PM2.5","Edgecombe",35.988278,-77.5843
"2749",2024-04-30,39,"Leggett","PM2.5","Edgecombe",35.988278,-77.5843
"2750",2024-05-01,38,"Leggett","PM2.5","Edgecombe",35.988278,-77.5843
"2751",2024-05-02,39,"Leggett","PM2.5","Edgecombe",35.988278,-77.5843
"2752",2024-05-03,42,"Leggett","PM2.5","Edgecombe",35.988278,-77.5843
"2753",2024-05-04,34,"Leggett","PM2.5","Edgecombe",35.988278,-77.5843
"2754",2024-05-05,31,"Leggett","PM2.5","Edgecombe",35.988278,-77.5843
"2755",2024-05-06,36,"Leggett","PM2.5","Edgecombe",35.988278,-77.5843
"2756",2024-05-07,47,"Leggett","PM2.5","Edgecombe",35.988278,-77.5843
"2757",2024-05-08,54,"Leggett","PM2.5","Edgecombe",35.988278,-77.5843
"2758",2024-05-09,37,"Leggett","PM2.5","Edgecombe",35.988278,-77.5843
"2759",2024-05-10,28,"Leggett","PM2.5","Edgecombe",35.988278,-77.5843
"2760",2024-05-11,22,"Leggett","PM2.5","Edgecombe",35.988278,-77.5843
"2761",2024-05-12,29,"Leggett","PM2.5","Edgecombe",35.988278,-77.5843
"2762",2024-05-13,23,"Leggett","PM2.5","Edgecombe",35.988278,-77.5843
"2763",2024-05-14,33,"Leggett","PM2.5","Edgecombe",35.988278,-77.5843
"2764",2024-05-15,13,"Leggett","PM2.5","Edgecombe",35.988278,-77.5843
"2765",2024-05-16,22,"Leggett","PM2.5","Edgecombe",35.988278,-77.5843
"2766",2024-05-18,28,"Leggett","PM2.5","Edgecombe",35.988278,-77.5843
"2767",2024-05-19,37,"Leggett","PM2.5","Edgecombe",35.988278,-77.5843
"2768",2024-05-20,21,"Leggett","PM2.5","Edgecombe",35.988278,-77.5843
"2769",2024-05-21,20,"Leggett","PM2.5","Edgecombe",35.988278,-77.5843
"2770",2024-05-22,34,"Leggett","PM2.5","Edgecombe",35.988278,-77.5843
"2771",2024-05-23,45,"Leggett","PM2.5","Edgecombe",35.988278,-77.5843
"2772",2024-05-24,45,"Leggett","PM2.5","Edgecombe",35.988278,-77.5843
"2773",2024-05-25,42,"Leggett","PM2.5","Edgecombe",35.988278,-77.5843
"2774",2024-05-26,52,"Leggett","PM2.5","Edgecombe",35.988278,-77.5843
"2775",2024-05-27,47,"Leggett","PM2.5","Edgecombe",35.988278,-77.5843
"2776",2024-05-28,32,"Leggett","PM2.5","Edgecombe",35.988278,-77.5843
"2777",2024-05-29,39,"Leggett","PM2.5","Edgecombe",35.988278,-77.5843
"2778",2024-05-30,24,"Leggett","PM2.5","Edgecombe",35.988278,-77.5843
"2779",2024-05-31,28,"Leggett","PM2.5","Edgecombe",35.988278,-77.5843
"2780",2024-06-01,38,"Leggett","PM2.5","Edgecombe",35.988278,-77.5843
"2781",2024-06-02,53,"Leggett","PM2.5","Edgecombe",35.988278,-77.5843
"2782",2024-06-03,33,"Leggett","PM2.5","Edgecombe",35.988278,-77.5843
"2783",2024-06-04,52,"Leggett","PM2.5","Edgecombe",35.988278,-77.5843
"2784",2024-06-05,41,"Leggett","PM2.5","Edgecombe",35.988278,-77.5843
"2785",2024-06-06,34,"Leggett","PM2.5","Edgecombe",35.988278,-77.5843
"2786",2024-06-07,33,"Leggett","PM2.5","Edgecombe",35.988278,-77.5843
"2787",2024-06-08,44,"Leggett","PM2.5","Edgecombe",35.988278,-77.5843
"2788",2024-06-09,53,"Leggett","PM2.5","Edgecombe",35.988278,-77.5843
"2789",2024-06-10,32,"Leggett","PM2.5","Edgecombe",35.988278,-77.5843
"2790",2024-06-11,44,"Leggett","PM2.5","Edgecombe",35.988278,-77.5843
"2791",2024-06-12,44,"Leggett","PM2.5","Edgecombe",35.988278,-77.5843
"2792",2024-06-13,44,"Leggett","PM2.5","Edgecombe",35.988278,-77.5843
"2793",2024-06-14,55,"Leggett","PM2.5","Edgecombe",35.988278,-77.5843
"2794",2024-06-15,50,"Leggett","PM2.5","Edgecombe",35.988278,-77.5843
"2795",2024-06-16,37,"Leggett","PM2.5","Edgecombe",35.988278,-77.5843
"2796",2024-06-17,49,"Leggett","PM2.5","Edgecombe",35.988278,-77.5843
"2797",2024-06-18,39,"Leggett","PM2.5","Edgecombe",35.988278,-77.5843
"2798",2024-06-19,32,"Leggett","PM2.5","Edgecombe",35.988278,-77.5843
"2799",2024-06-20,28,"Leggett","PM2.5","Edgecombe",35.988278,-77.5843
"2800",2024-06-21,38,"Leggett","PM2.5","Edgecombe",35.988278,-77.5843
"2801",2024-06-22,37,"Leggett","PM2.5","Edgecombe",35.988278,-77.5843
"2802",2024-06-23,31,"Leggett","PM2.5","Edgecombe",35.988278,-77.5843
"2803",2024-06-24,50,"Leggett","PM2.5","Edgecombe",35.988278,-77.5843
"2804",2024-06-25,44,"Leggett","PM2.5","Edgecombe",35.988278,-77.5843
"2805",2024-06-26,33,"Leggett","PM2.5","Edgecombe",35.988278,-77.5843
"2806",2024-06-27,49,"Leggett","PM2.5","Edgecombe",35.988278,-77.5843
"2807",2024-06-28,41,"Leggett","PM2.5","Edgecombe",35.988278,-77.5843
"2808",2024-06-29,46,"Leggett","PM2.5","Edgecombe",35.988278,-77.5843
"2809",2024-06-30,39,"Leggett","PM2.5","Edgecombe",35.988278,-77.5843
"2810",2024-07-01,15,"Leggett","PM2.5","Edgecombe",35.988278,-77.5843
"2811",2024-07-02,30,"Leggett","PM2.5","Edgecombe",35.988278,-77.5843
"2812",2024-07-03,39,"Leggett","PM2.5","Edgecombe",35.988278,-77.5843
"2813",2024-07-04,42,"Leggett","PM2.5","Edgecombe",35.988278,-77.5843
"2814",2024-07-05,53,"Leggett","PM2.5","Edgecombe",35.988278,-77.5843
"2815",2024-07-06,51,"Leggett","PM2.5","Edgecombe",35.988278,-77.5843
"2816",2024-07-07,44,"Leggett","PM2.5","Edgecombe",35.988278,-77.5843
"2817",2024-07-10,21,"Leggett","PM2.5","Edgecombe",35.988278,-77.5843
"2818",2024-07-11,24,"Leggett","PM2.5","Edgecombe",35.988278,-77.5843
"2819",2024-07-12,11,"Leggett","PM2.5","Edgecombe",35.988278,-77.5843
"2820",2024-07-13,29,"Leggett","PM2.5","Edgecombe",35.988278,-77.5843
"2821",2024-07-14,53,"Leggett","PM2.5","Edgecombe",35.988278,-77.5843
"2822",2024-07-15,58,"Leggett","PM2.5","Edgecombe",35.988278,-77.5843
"2823",2024-07-16,60,"Leggett","PM2.5","Edgecombe",35.988278,-77.5843
"2824",2024-07-17,55,"Leggett","PM2.5","Edgecombe",35.988278,-77.5843
"2825",2024-07-18,40,"Leggett","PM2.5","Edgecombe",35.988278,-77.5843
"2826",2024-07-19,36,"Leggett","PM2.5","Edgecombe",35.988278,-77.5843
"2827",2024-07-20,31,"Leggett","PM2.5","Edgecombe",35.988278,-77.5843
"2828",2024-07-21,31,"Leggett","PM2.5","Edgecombe",35.988278,-77.5843
"2829",2024-07-22,18,"Leggett","PM2.5","Edgecombe",35.988278,-77.5843
"2830",2024-07-30,52,"Leggett","PM2.5","Edgecombe",35.988278,-77.5843
"2831",2024-07-31,46,"Leggett","PM2.5","Edgecombe",35.988278,-77.5843
"2832",2024-08-01,53,"Leggett","PM2.5","Edgecombe",35.988278,-77.5843
"2833",2024-08-02,57,"Leggett","PM2.5","Edgecombe",35.988278,-77.5843
"2834",2024-08-03,54,"Leggett","PM2.5","Edgecombe",35.988278,-77.5843
"2835",2024-08-04,31,"Leggett","PM2.5","Edgecombe",35.988278,-77.5843
"2836",2024-08-05,14,"Leggett","PM2.5","Edgecombe",35.988278,-77.5843
"2837",2024-08-06,12,"Leggett","PM2.5","Edgecombe",35.988278,-77.5843
"2838",2024-08-07,17,"Leggett","PM2.5","Edgecombe",35.988278,-77.5843
"2839",2024-08-08,27,"Leggett","PM2.5","Edgecombe",35.988278,-77.5843
"2840",2024-08-09,27,"Leggett","PM2.5","Edgecombe",35.988278,-77.5843
"2841",2024-08-10,47,"Leggett","PM2.5","Edgecombe",35.988278,-77.5843
"2842",2024-08-11,52,"Leggett","PM2.5","Edgecombe",35.988278,-77.5843
"2843",2024-08-12,52,"Leggett","PM2.5","Edgecombe",35.988278,-77.5843
"2844",2024-08-13,47,"Leggett","PM2.5","Edgecombe",35.988278,-77.5843
"2845",2024-08-14,39,"Leggett","PM2.5","Edgecombe",35.988278,-77.5843
"2846",2024-08-15,56,"Leggett","PM2.5","Edgecombe",35.988278,-77.5843
"2847",2024-08-16,63,"Leggett","PM2.5","Edgecombe",35.988278,-77.5843
"2848",2024-08-17,62,"Leggett","PM2.5","Edgecombe",35.988278,-77.5843
"2849",2024-08-18,55,"Leggett","PM2.5","Edgecombe",35.988278,-77.5843
"2850",2024-08-19,32,"Leggett","PM2.5","Edgecombe",35.988278,-77.5843
"2851",2024-08-20,32,"Leggett","PM2.5","Edgecombe",35.988278,-77.5843
"2852",2024-08-21,24,"Leggett","PM2.5","Edgecombe",35.988278,-77.5843
"2853",2024-08-22,24,"Leggett","PM2.5","Edgecombe",35.988278,-77.5843
"2854",2024-08-23,33,"Leggett","PM2.5","Edgecombe",35.988278,-77.5843
"2855",2024-08-24,32,"Leggett","PM2.5","Edgecombe",35.988278,-77.5843
"2856",2024-08-25,34,"Leggett","PM2.5","Edgecombe",35.988278,-77.5843
"2857",2024-08-26,48,"Leggett","PM2.5","Edgecombe",35.988278,-77.5843
"2858",2024-08-27,57,"Leggett","PM2.5","Edgecombe",35.988278,-77.5843
"2859",2024-08-28,64,"Leggett","PM2.5","Edgecombe",35.988278,-77.5843
"2860",2024-08-29,63,"Leggett","PM2.5","Edgecombe",35.988278,-77.5843
"2861",2024-08-30,34,"Leggett","PM2.5","Edgecombe",35.988278,-77.5843
"2862",2024-08-31,47,"Leggett","PM2.5","Edgecombe",35.988278,-77.5843
"2863",2024-09-01,47,"Leggett","PM2.5","Edgecombe",35.988278,-77.5843
"2864",2024-09-02,33,"Leggett","PM2.5","Edgecombe",35.988278,-77.5843
"2865",2024-09-03,21,"Leggett","PM2.5","Edgecombe",35.988278,-77.5843
"2866",2024-09-04,23,"Leggett","PM2.5","Edgecombe",35.988278,-77.5843
"2867",2024-09-05,23,"Leggett","PM2.5","Edgecombe",35.988278,-77.5843
"2868",2024-09-06,32,"Leggett","PM2.5","Edgecombe",35.988278,-77.5843
"2869",2024-09-07,31,"Leggett","PM2.5","Edgecombe",35.988278,-77.5843
"2870",2024-09-08,17,"Leggett","PM2.5","Edgecombe",35.988278,-77.5843
"2871",2024-09-09,10,"Leggett","PM2.5","Edgecombe",35.988278,-77.5843
"2872",2024-09-10,28,"Leggett","PM2.5","Edgecombe",35.988278,-77.5843
"2873",2024-09-11,30,"Leggett","PM2.5","Edgecombe",35.988278,-77.5843
"2874",2024-09-12,37,"Leggett","PM2.5","Edgecombe",35.988278,-77.5843
"2875",2024-09-13,27,"Leggett","PM2.5","Edgecombe",35.988278,-77.5843
"2876",2024-09-14,32,"Leggett","PM2.5","Edgecombe",35.988278,-77.5843
"2877",2024-09-15,37,"Leggett","PM2.5","Edgecombe",35.988278,-77.5843
"2878",2024-09-16,29,"Leggett","PM2.5","Edgecombe",35.988278,-77.5843
"2879",2024-09-17,8,"Leggett","PM2.5","Edgecombe",35.988278,-77.5843
"2880",2024-09-18,19,"Leggett","PM2.5","Edgecombe",35.988278,-77.5843
"2881",2024-09-19,22,"Leggett","PM2.5","Edgecombe",35.988278,-77.5843
"2882",2024-09-20,37,"Leggett","PM2.5","Edgecombe",35.988278,-77.5843
"2883",2024-09-21,23,"Leggett","PM2.5","Edgecombe",35.988278,-77.5843
"2884",2024-09-22,34,"Leggett","PM2.5","Edgecombe",35.988278,-77.5843
"2885",2024-09-23,23,"Leggett","PM2.5","Edgecombe",35.988278,-77.5843
"2886",2024-09-24,27,"Leggett","PM2.5","Edgecombe",35.988278,-77.5843
"2887",2024-09-25,29,"Leggett","PM2.5","Edgecombe",35.988278,-77.5843
"2888",2024-09-26,17,"Leggett","PM2.5","Edgecombe",35.988278,-77.5843
"2889",2024-09-27,19,"Leggett","PM2.5","Edgecombe",35.988278,-77.5843
"2890",2024-09-28,32,"Leggett","PM2.5","Edgecombe",35.988278,-77.5843
"2891",2024-10-01,19,"Leggett","PM2.5","Edgecombe",35.988278,-77.5843
"2892",2024-10-02,26,"Leggett","PM2.5","Edgecombe",35.988278,-77.5843
"2893",2024-10-03,16,"Leggett","PM2.5","Edgecombe",35.988278,-77.5843
"2894",2024-10-04,18,"Leggett","PM2.5","Edgecombe",35.988278,-77.5843
"2895",2024-10-05,46,"Leggett","PM2.5","Edgecombe",35.988278,-77.5843
"2896",2024-10-06,40,"Leggett","PM2.5","Edgecombe",35.988278,-77.5843
"2897",2024-10-07,42,"Leggett","PM2.5","Edgecombe",35.988278,-77.5843
"2898",2024-10-08,32,"Leggett","PM2.5","Edgecombe",35.988278,-77.5843
"2899",2024-10-09,26,"Leggett","PM2.5","Edgecombe",35.988278,-77.5843
"2900",2024-10-12,34,"Leggett","PM2.5","Edgecombe",35.988278,-77.5843
"2901",2024-10-13,47,"Leggett","PM2.5","Edgecombe",35.988278,-77.5843
"2902",2024-10-14,38,"Leggett","PM2.5","Edgecombe",35.988278,-77.5843
"2903",2024-10-15,16,"Leggett","PM2.5","Edgecombe",35.988278,-77.5843
"2904",2024-10-16,14,"Leggett","PM2.5","Edgecombe",35.988278,-77.5843
"2905",2024-10-17,19,"Leggett","PM2.5","Edgecombe",35.988278,-77.5843
"2906",2024-10-18,15,"Leggett","PM2.5","Edgecombe",35.988278,-77.5843
"2907",2024-10-19,27,"Leggett","PM2.5","Edgecombe",35.988278,-77.5843
"2908",2024-10-20,32,"Leggett","PM2.5","Edgecombe",35.988278,-77.5843
"2909",2024-10-21,28,"Leggett","PM2.5","Edgecombe",35.988278,-77.5843
"2910",2024-10-22,39,"Leggett","PM2.5","Edgecombe",35.988278,-77.5843
"2911",2024-10-23,46,"Leggett","PM2.5","Edgecombe",35.988278,-77.5843
"2912",2024-10-24,43,"Leggett","PM2.5","Edgecombe",35.988278,-77.5843
"2913",2024-10-25,34,"Leggett","PM2.5","Edgecombe",35.988278,-77.5843
"2914",2024-10-26,53,"Leggett","PM2.5","Edgecombe",35.988278,-77.5843
"2915",2024-10-27,36,"Leggett","PM2.5","Edgecombe",35.988278,-77.5843
"2916",2024-10-28,26,"Leggett","PM2.5","Edgecombe",35.988278,-77.5843
"2917",2024-10-29,34,"Leggett","PM2.5","Edgecombe",35.988278,-77.5843
"2918",2024-10-30,37,"Leggett","PM2.5","Edgecombe",35.988278,-77.5843
"2919",2024-10-31,32,"Leggett","PM2.5","Edgecombe",35.988278,-77.5843
"2920",2024-11-01,34,"Leggett","PM2.5","Edgecombe",35.988278,-77.5843
"2921",2024-11-02,35,"Leggett","PM2.5","Edgecombe",35.988278,-77.5843
"2922",2024-11-03,38,"Leggett","PM2.5","Edgecombe",35.988278,-77.5843
"2923",2024-11-04,28,"Leggett","PM2.5","Edgecombe",35.988278,-77.5843
"2924",2024-11-05,26,"Leggett","PM2.5","Edgecombe",35.988278,-77.5843
"2925",2024-11-06,35,"Leggett","PM2.5","Edgecombe",35.988278,-77.5843
"2926",2024-11-07,44,"Leggett","PM2.5","Edgecombe",35.988278,-77.5843
"2927",2024-11-08,57,"Leggett","PM2.5","Edgecombe",35.988278,-77.5843
"2928",2024-11-09,26,"Leggett","PM2.5","Edgecombe",35.988278,-77.5843
"2929",2024-11-10,31,"Leggett","PM2.5","Edgecombe",35.988278,-77.5843
"2930",2024-11-11,29,"Leggett","PM2.5","Edgecombe",35.988278,-77.5843
"2931",2024-11-12,22,"Leggett","PM2.5","Edgecombe",35.988278,-77.5843
"2932",2024-11-13,27,"Leggett","PM2.5","Edgecombe",35.988278,-77.5843
"2933",2024-11-14,21,"Leggett","PM2.5","Edgecombe",35.988278,-77.5843
"2934",2024-11-15,7,"Leggett","PM2.5","Edgecombe",35.988278,-77.5843
"2935",2024-11-16,13,"Leggett","PM2.5","Edgecombe",35.988278,-77.5843
"2936",2024-11-17,27,"Leggett","PM2.5","Edgecombe",35.988278,-77.5843
"2937",2024-11-20,48,"Leggett","PM2.5","Edgecombe",35.988278,-77.5843
"2938",2024-11-21,9,"Leggett","PM2.5","Edgecombe",35.988278,-77.5843
"2939",2024-11-22,11,"Leggett","PM2.5","Edgecombe",35.988278,-77.5843
"2940",2024-11-23,6,"Leggett","PM2.5","Edgecombe",35.988278,-77.5843
"2941",2024-11-24,20,"Leggett","PM2.5","Edgecombe",35.988278,-77.5843
"2942",2024-11-25,44,"Leggett","PM2.5","Edgecombe",35.988278,-77.5843
"2943",2024-11-26,41,"Leggett","PM2.5","Edgecombe",35.988278,-77.5843
"2944",2024-11-27,24,"Leggett","PM2.5","Edgecombe",35.988278,-77.5843
"2945",2024-11-28,30,"Leggett","PM2.5","Edgecombe",35.988278,-77.5843
"2946",2024-11-29,15,"Leggett","PM2.5","Edgecombe",35.988278,-77.5843
"2947",2024-11-30,19,"Leggett","PM2.5","Edgecombe",35.988278,-77.5843
"2948",2024-12-01,29,"Leggett","PM2.5","Edgecombe",35.988278,-77.5843
"2949",2024-12-02,17,"Leggett","PM2.5","Edgecombe",35.988278,-77.5843
"2950",2024-12-03,17,"Leggett","PM2.5","Edgecombe",35.988278,-77.5843
"2951",2024-12-04,42,"Leggett","PM2.5","Edgecombe",35.988278,-77.5843
"2952",2024-12-05,44,"Leggett","PM2.5","Edgecombe",35.988278,-77.5843
"2953",2024-12-06,11,"Leggett","PM2.5","Edgecombe",35.988278,-77.5843
"2954",2024-12-07,24,"Leggett","PM2.5","Edgecombe",35.988278,-77.5843
"2955",2024-12-08,53,"Leggett","PM2.5","Edgecombe",35.988278,-77.5843
"2956",2024-12-09,47,"Leggett","PM2.5","Edgecombe",35.988278,-77.5843
"2957",2024-12-10,57,"Leggett","PM2.5","Edgecombe",35.988278,-77.5843
"2958",2024-12-11,18,"Leggett","PM2.5","Edgecombe",35.988278,-77.5843
"2959",2024-12-12,22,"Leggett","PM2.5","Edgecombe",35.988278,-77.5843
"2960",2024-12-13,33,"Leggett","PM2.5","Edgecombe",35.988278,-77.5843
"2961",2024-12-14,34,"Leggett","PM2.5","Edgecombe",35.988278,-77.5843
"2962",2024-12-15,26,"Leggett","PM2.5","Edgecombe",35.988278,-77.5843
"2963",2024-12-16,23,"Leggett","PM2.5","Edgecombe",35.988278,-77.5843
"2964",2024-12-17,34,"Leggett","PM2.5","Edgecombe",35.988278,-77.5843
"2965",2024-12-18,49,"Leggett","PM2.5","Edgecombe",35.988278,-77.5843
"2966",2024-12-19,12,"Leggett","PM2.5","Edgecombe",35.988278,-77.5843
"2967",2024-12-20,24,"Leggett","PM2.5","Edgecombe",35.988278,-77.5843
"2968",2024-12-21,15,"Leggett","PM2.5","Edgecombe",35.988278,-77.5843
"2969",2024-12-22,15,"Leggett","PM2.5","Edgecombe",35.988278,-77.5843
"2970",2024-12-23,21,"Leggett","PM2.5","Edgecombe",35.988278,-77.5843
"2971",2024-12-24,26,"Leggett","PM2.5","Edgecombe",35.988278,-77.5843
"2972",2024-12-25,32,"Leggett","PM2.5","Edgecombe",35.988278,-77.5843
"2973",2024-12-26,48,"Leggett","PM2.5","Edgecombe",35.988278,-77.5843
"2974",2024-12-27,52,"Leggett","PM2.5","Edgecombe",35.988278,-77.5843
"2975",2024-12-28,25,"Leggett","PM2.5","Edgecombe",35.988278,-77.5843
"2976",2024-12-29,12,"Leggett","PM2.5","Edgecombe",35.988278,-77.5843
"2977",2024-12-30,9,"Leggett","PM2.5","Edgecombe",35.988278,-77.5843
"2978",2024-12-31,21,"Leggett","PM2.5","Edgecombe",35.988278,-77.5843
"2979",2024-01-01,48,"Hattie Avenue","PM2.5","Forsyth",36.11094,-80.224501
"2980",2024-01-04,24,"Hattie Avenue","PM2.5","Forsyth",36.11094,-80.224501
"2981",2024-01-07,18,"Hattie Avenue","PM2.5","Forsyth",36.11094,-80.224501
"2982",2024-01-10,20,"Hattie Avenue","PM2.5","Forsyth",36.11094,-80.224501
"2983",2024-01-13,20,"Hattie Avenue","PM2.5","Forsyth",36.11094,-80.224501
"2984",2024-01-16,28,"Hattie Avenue","PM2.5","Forsyth",36.11094,-80.224501
"2985",2024-01-19,32,"Hattie Avenue","PM2.5","Forsyth",36.11094,-80.224501
"2986",2024-01-25,12,"Hattie Avenue","PM2.5","Forsyth",36.11094,-80.224501
"2987",2024-01-28,4,"Hattie Avenue","PM2.5","Forsyth",36.11094,-80.224501
"2988",2024-01-31,32,"Hattie Avenue","PM2.5","Forsyth",36.11094,-80.224501
"2989",2024-02-03,27,"Hattie Avenue","PM2.5","Forsyth",36.11094,-80.224501
"2990",2024-02-06,33,"Hattie Avenue","PM2.5","Forsyth",36.11094,-80.224501
"2991",2024-02-09,64,"Hattie Avenue","PM2.5","Forsyth",36.11094,-80.224501
"2992",2024-02-12,19,"Hattie Avenue","PM2.5","Forsyth",36.11094,-80.224501
"2993",2024-02-15,37,"Hattie Avenue","PM2.5","Forsyth",36.11094,-80.224501
"2994",2024-02-18,23,"Hattie Avenue","PM2.5","Forsyth",36.11094,-80.224501
"2995",2024-02-24,20,"Hattie Avenue","PM2.5","Forsyth",36.11094,-80.224501
"2996",2024-02-27,63,"Hattie Avenue","PM2.5","Forsyth",36.11094,-80.224501
"2997",2024-03-01,39,"Hattie Avenue","PM2.5","Forsyth",36.11094,-80.224501
"2998",2024-03-04,51,"Hattie Avenue","PM2.5","Forsyth",36.11094,-80.224501
"2999",2024-03-07,18,"Hattie Avenue","PM2.5","Forsyth",36.11094,-80.224501
"3000",2024-03-10,8,"Hattie Avenue","PM2.5","Forsyth",36.11094,-80.224501
"3001",2024-03-13,49,"Hattie Avenue","PM2.5","Forsyth",36.11094,-80.224501
"3002",2024-03-28,19,"Hattie Avenue","PM2.5","Forsyth",36.11094,-80.224501
"3003",2024-03-31,50,"Hattie Avenue","PM2.5","Forsyth",36.11094,-80.224501
"3004",2024-04-03,40,"Hattie Avenue","PM2.5","Forsyth",36.11094,-80.224501
"3005",2024-04-06,14,"Hattie Avenue","PM2.5","Forsyth",36.11094,-80.224501
"3006",2024-04-09,52,"Hattie Avenue","PM2.5","Forsyth",36.11094,-80.224501
"3007",2024-04-12,18,"Hattie Avenue","PM2.5","Forsyth",36.11094,-80.224501
"3008",2024-04-15,54,"Hattie Avenue","PM2.5","Forsyth",36.11094,-80.224501
"3009",2024-04-18,44,"Hattie Avenue","PM2.5","Forsyth",36.11094,-80.224501
"3010",2024-04-21,26,"Hattie Avenue","PM2.5","Forsyth",36.11094,-80.224501
"3011",2024-04-24,43,"Hattie Avenue","PM2.5","Forsyth",36.11094,-80.224501
"3012",2024-04-27,49,"Hattie Avenue","PM2.5","Forsyth",36.11094,-80.224501
"3013",2024-04-30,41,"Hattie Avenue","PM2.5","Forsyth",36.11094,-80.224501
"3014",2024-05-03,56,"Hattie Avenue","PM2.5","Forsyth",36.11094,-80.224501
"3015",2024-05-06,41,"Hattie Avenue","PM2.5","Forsyth",36.11094,-80.224501
"3016",2024-05-09,27,"Hattie Avenue","PM2.5","Forsyth",36.11094,-80.224501
"3017",2024-05-12,39,"Hattie Avenue","PM2.5","Forsyth",36.11094,-80.224501
"3018",2024-05-15,27,"Hattie Avenue","PM2.5","Forsyth",36.11094,-80.224501
"3019",2024-05-18,38,"Hattie Avenue","PM2.5","Forsyth",36.11094,-80.224501
"3020",2024-05-21,43,"Hattie Avenue","PM2.5","Forsyth",36.11094,-80.224501
"3021",2024-05-24,30,"Hattie Avenue","PM2.5","Forsyth",36.11094,-80.224501
"3022",2024-05-27,48,"Hattie Avenue","PM2.5","Forsyth",36.11094,-80.224501
"3023",2024-05-30,26,"Hattie Avenue","PM2.5","Forsyth",36.11094,-80.224501
"3024",2024-06-02,44,"Hattie Avenue","PM2.5","Forsyth",36.11094,-80.224501
"3025",2024-06-05,49,"Hattie Avenue","PM2.5","Forsyth",36.11094,-80.224501
"3026",2024-06-08,39,"Hattie Avenue","PM2.5","Forsyth",36.11094,-80.224501
"3027",2024-06-11,47,"Hattie Avenue","PM2.5","Forsyth",36.11094,-80.224501
"3028",2024-06-14,58,"Hattie Avenue","PM2.5","Forsyth",36.11094,-80.224501
"3029",2024-06-17,56,"Hattie Avenue","PM2.5","Forsyth",36.11094,-80.224501
"3030",2024-06-20,43,"Hattie Avenue","PM2.5","Forsyth",36.11094,-80.224501
"3031",2024-06-23,46,"Hattie Avenue","PM2.5","Forsyth",36.11094,-80.224501
"3032",2024-06-26,60,"Hattie Avenue","PM2.5","Forsyth",36.11094,-80.224501
"3033",2024-06-29,49,"Hattie Avenue","PM2.5","Forsyth",36.11094,-80.224501
"3034",2024-07-02,25,"Hattie Avenue","PM2.5","Forsyth",36.11094,-80.224501
"3035",2024-07-05,57,"Hattie Avenue","PM2.5","Forsyth",36.11094,-80.224501
"3036",2024-07-08,47,"Hattie Avenue","PM2.5","Forsyth",36.11094,-80.224501
"3037",2024-07-11,26,"Hattie Avenue","PM2.5","Forsyth",36.11094,-80.224501
"3038",2024-07-14,56,"Hattie Avenue","PM2.5","Forsyth",36.11094,-80.224501
"3039",2024-07-17,52,"Hattie Avenue","PM2.5","Forsyth",36.11094,-80.224501
"3040",2024-07-20,23,"Hattie Avenue","PM2.5","Forsyth",36.11094,-80.224501
"3041",2024-07-23,31,"Hattie Avenue","PM2.5","Forsyth",36.11094,-80.224501
"3042",2024-07-26,47,"Hattie Avenue","PM2.5","Forsyth",36.11094,-80.224501
"3043",2024-07-29,55,"Hattie Avenue","PM2.5","Forsyth",36.11094,-80.224501
"3044",2024-08-01,39,"Hattie Avenue","PM2.5","Forsyth",36.11094,-80.224501
"3045",2024-08-04,37,"Hattie Avenue","PM2.5","Forsyth",36.11094,-80.224501
"3046",2024-08-07,37,"Hattie Avenue","PM2.5","Forsyth",36.11094,-80.224501
"3047",2024-08-10,55,"Hattie Avenue","PM2.5","Forsyth",36.11094,-80.224501
"3048",2024-08-13,42,"Hattie Avenue","PM2.5","Forsyth",36.11094,-80.224501
"3049",2024-08-16,57,"Hattie Avenue","PM2.5","Forsyth",36.11094,-80.224501
"3050",2024-08-19,26,"Hattie Avenue","PM2.5","Forsyth",36.11094,-80.224501
"3051",2024-08-22,54,"Hattie Avenue","PM2.5","Forsyth",36.11094,-80.224501
"3052",2024-08-25,56,"Hattie Avenue","PM2.5","Forsyth",36.11094,-80.224501
"3053",2024-08-28,67,"Hattie Avenue","PM2.5","Forsyth",36.11094,-80.224501
"3054",2024-08-31,54,"Hattie Avenue","PM2.5","Forsyth",36.11094,-80.224501
"3055",2024-09-03,21,"Hattie Avenue","PM2.5","Forsyth",36.11094,-80.224501
"3056",2024-09-06,34,"Hattie Avenue","PM2.5","Forsyth",36.11094,-80.224501
"3057",2024-09-09,37,"Hattie Avenue","PM2.5","Forsyth",36.11094,-80.224501
"3058",2024-09-12,47,"Hattie Avenue","PM2.5","Forsyth",36.11094,-80.224501
"3059",2024-09-15,34,"Hattie Avenue","PM2.5","Forsyth",36.11094,-80.224501
"3060",2024-09-18,30,"Hattie Avenue","PM2.5","Forsyth",36.11094,-80.224501
"3061",2024-09-21,52,"Hattie Avenue","PM2.5","Forsyth",36.11094,-80.224501
"3062",2024-09-24,55,"Hattie Avenue","PM2.5","Forsyth",36.11094,-80.224501
"3063",2024-09-27,23,"Hattie Avenue","PM2.5","Forsyth",36.11094,-80.224501
"3064",2024-09-30,59,"Hattie Avenue","PM2.5","Forsyth",36.11094,-80.224501
"3065",2024-10-03,45,"Hattie Avenue","PM2.5","Forsyth",36.11094,-80.224501
"3066",2024-10-06,57,"Hattie Avenue","PM2.5","Forsyth",36.11094,-80.224501
"3067",2024-10-09,37,"Hattie Avenue","PM2.5","Forsyth",36.11094,-80.224501
"3068",2024-10-15,30,"Hattie Avenue","PM2.5","Forsyth",36.11094,-80.224501
"3069",2024-10-18,30,"Hattie Avenue","PM2.5","Forsyth",36.11094,-80.224501
"3070",2024-10-21,44,"Hattie Avenue","PM2.5","Forsyth",36.11094,-80.224501
"3071",2024-10-24,52,"Hattie Avenue","PM2.5","Forsyth",36.11094,-80.224501
"3072",2024-10-27,35,"Hattie Avenue","PM2.5","Forsyth",36.11094,-80.224501
"3073",2024-11-02,44,"Hattie Avenue","PM2.5","Forsyth",36.11094,-80.224501
"3074",2024-11-05,41,"Hattie Avenue","PM2.5","Forsyth",36.11094,-80.224501
"3075",2024-11-08,53,"Hattie Avenue","PM2.5","Forsyth",36.11094,-80.224501
"3076",2024-11-11,35,"Hattie Avenue","PM2.5","Forsyth",36.11094,-80.224501
"3077",2024-11-14,21,"Hattie Avenue","PM2.5","Forsyth",36.11094,-80.224501
"3078",2024-11-17,51,"Hattie Avenue","PM2.5","Forsyth",36.11094,-80.224501
"3079",2024-11-20,37,"Hattie Avenue","PM2.5","Forsyth",36.11094,-80.224501
"3080",2024-11-23,8,"Hattie Avenue","PM2.5","Forsyth",36.11094,-80.224501
"3081",2024-11-26,45,"Hattie Avenue","PM2.5","Forsyth",36.11094,-80.224501
"3082",2024-11-29,31,"Hattie Avenue","PM2.5","Forsyth",36.11094,-80.224501
"3083",2024-12-02,39,"Hattie Avenue","PM2.5","Forsyth",36.11094,-80.224501
"3084",2024-12-08,49,"Hattie Avenue","PM2.5","Forsyth",36.11094,-80.224501
"3085",2024-12-11,21,"Hattie Avenue","PM2.5","Forsyth",36.11094,-80.224501
"3086",2024-12-14,48,"Hattie Avenue","PM2.5","Forsyth",36.11094,-80.224501
"3087",2024-12-17,39,"Hattie Avenue","PM2.5","Forsyth",36.11094,-80.224501
"3088",2024-12-20,24,"Hattie Avenue","PM2.5","Forsyth",36.11094,-80.224501
"3089",2024-12-23,56,"Hattie Avenue","PM2.5","Forsyth",36.11094,-80.224501
"3090",2024-12-26,53,"Hattie Avenue","PM2.5","Forsyth",36.11094,-80.224501
"3091",2024-12-29,22,"Hattie Avenue","PM2.5","Forsyth",36.11094,-80.224501
"3092",2024-01-01,48,"Hattie Avenue","PM2.5","Forsyth",36.11094,-80.224501
"3093",2024-01-02,33,"Hattie Avenue","PM2.5","Forsyth",36.11094,-80.224501
"3094",2024-01-03,56,"Hattie Avenue","PM2.5","Forsyth",36.11094,-80.224501
"3095",2024-01-04,32,"Hattie Avenue","PM2.5","Forsyth",36.11094,-80.224501
"3096",2024-01-05,46,"Hattie Avenue","PM2.5","Forsyth",36.11094,-80.224501
"3097",2024-01-06,51,"Hattie Avenue","PM2.5","Forsyth",36.11094,-80.224501
"3098",2024-01-07,28,"Hattie Avenue","PM2.5","Forsyth",36.11094,-80.224501
"3099",2024-01-08,26,"Hattie Avenue","PM2.5","Forsyth",36.11094,-80.224501
"3100",2024-01-09,22,"Hattie Avenue","PM2.5","Forsyth",36.11094,-80.224501
"3101",2024-01-10,18,"Hattie Avenue","PM2.5","Forsyth",36.11094,-80.224501
"3102",2024-01-11,49,"Hattie Avenue","PM2.5","Forsyth",36.11094,-80.224501
"3103",2024-01-12,49,"Hattie Avenue","PM2.5","Forsyth",36.11094,-80.224501
"3104",2024-01-13,28,"Hattie Avenue","PM2.5","Forsyth",36.11094,-80.224501
"3105",2024-01-14,25,"Hattie Avenue","PM2.5","Forsyth",36.11094,-80.224501
"3106",2024-01-15,33,"Hattie Avenue","PM2.5","Forsyth",36.11094,-80.224501
"3107",2024-01-16,31,"Hattie Avenue","PM2.5","Forsyth",36.11094,-80.224501
"3108",2024-01-17,26,"Hattie Avenue","PM2.5","Forsyth",36.11094,-80.224501
"3109",2024-01-18,41,"Hattie Avenue","PM2.5","Forsyth",36.11094,-80.224501
"3110",2024-01-19,35,"Hattie Avenue","PM2.5","Forsyth",36.11094,-80.224501
"3111",2024-01-20,29,"Hattie Avenue","PM2.5","Forsyth",36.11094,-80.224501
"3112",2024-01-21,28,"Hattie Avenue","PM2.5","Forsyth",36.11094,-80.224501
"3113",2024-01-22,59,"Hattie Avenue","PM2.5","Forsyth",36.11094,-80.224501
"3114",2024-01-23,63,"Hattie Avenue","PM2.5","Forsyth",36.11094,-80.224501
"3115",2024-01-24,55,"Hattie Avenue","PM2.5","Forsyth",36.11094,-80.224501
"3116",2024-01-25,19,"Hattie Avenue","PM2.5","Forsyth",36.11094,-80.224501
"3117",2024-01-26,36,"Hattie Avenue","PM2.5","Forsyth",36.11094,-80.224501
"3118",2024-01-27,24,"Hattie Avenue","PM2.5","Forsyth",36.11094,-80.224501
"3119",2024-01-28,7,"Hattie Avenue","PM2.5","Forsyth",36.11094,-80.224501
"3120",2024-01-29,4,"Hattie Avenue","PM2.5","Forsyth",36.11094,-80.224501
"3121",2024-01-30,28,"Hattie Avenue","PM2.5","Forsyth",36.11094,-80.224501
"3122",2024-01-31,36,"Hattie Avenue","PM2.5","Forsyth",36.11094,-80.224501
"3123",2024-02-01,28,"Hattie Avenue","PM2.5","Forsyth",36.11094,-80.224501
"3124",2024-02-02,40,"Hattie Avenue","PM2.5","Forsyth",36.11094,-80.224501
"3125",2024-02-03,32,"Hattie Avenue","PM2.5","Forsyth",36.11094,-80.224501
"3126",2024-02-04,37,"Hattie Avenue","PM2.5","Forsyth",36.11094,-80.224501
"3127",2024-02-05,27,"Hattie Avenue","PM2.5","Forsyth",36.11094,-80.224501
"3128",2024-02-06,34,"Hattie Avenue","PM2.5","Forsyth",36.11094,-80.224501
"3129",2024-02-07,32,"Hattie Avenue","PM2.5","Forsyth",36.11094,-80.224501
"3130",2024-02-08,55,"Hattie Avenue","PM2.5","Forsyth",36.11094,-80.224501
"3131",2024-02-09,77,"Hattie Avenue","PM2.5","Forsyth",36.11094,-80.224501
"3132",2024-02-10,74,"Hattie Avenue","PM2.5","Forsyth",36.11094,-80.224501
"3133",2024-02-11,25,"Hattie Avenue","PM2.5","Forsyth",36.11094,-80.224501
"3134",2024-02-12,31,"Hattie Avenue","PM2.5","Forsyth",36.11094,-80.224501
"3135",2024-02-13,14,"Hattie Avenue","PM2.5","Forsyth",36.11094,-80.224501
"3136",2024-02-14,26,"Hattie Avenue","PM2.5","Forsyth",36.11094,-80.224501
"3137",2024-02-15,37,"Hattie Avenue","PM2.5","Forsyth",36.11094,-80.224501
"3138",2024-02-16,41,"Hattie Avenue","PM2.5","Forsyth",36.11094,-80.224501
"3139",2024-02-17,31,"Hattie Avenue","PM2.5","Forsyth",36.11094,-80.224501
"3140",2024-02-18,31,"Hattie Avenue","PM2.5","Forsyth",36.11094,-80.224501
"3141",2024-02-19,30,"Hattie Avenue","PM2.5","Forsyth",36.11094,-80.224501
"3142",2024-02-20,48,"Hattie Avenue","PM2.5","Forsyth",36.11094,-80.224501
"3143",2024-02-21,55,"Hattie Avenue","PM2.5","Forsyth",36.11094,-80.224501
"3144",2024-02-22,88,"Hattie Avenue","PM2.5","Forsyth",36.11094,-80.224501
"3145",2024-02-23,79,"Hattie Avenue","PM2.5","Forsyth",36.11094,-80.224501
"3146",2024-02-24,21,"Hattie Avenue","PM2.5","Forsyth",36.11094,-80.224501
"3147",2024-02-25,24,"Hattie Avenue","PM2.5","Forsyth",36.11094,-80.224501
"3148",2024-02-26,59,"Hattie Avenue","PM2.5","Forsyth",36.11094,-80.224501
"3149",2024-02-27,69,"Hattie Avenue","PM2.5","Forsyth",36.11094,-80.224501
"3150",2024-02-28,50,"Hattie Avenue","PM2.5","Forsyth",36.11094,-80.224501
"3151",2024-02-29,19,"Hattie Avenue","PM2.5","Forsyth",36.11094,-80.224501
"3152",2024-03-01,40,"Hattie Avenue","PM2.5","Forsyth",36.11094,-80.224501
"3153",2024-03-02,14,"Hattie Avenue","PM2.5","Forsyth",36.11094,-80.224501
"3154",2024-03-03,51,"Hattie Avenue","PM2.5","Forsyth",36.11094,-80.224501
"3155",2024-03-04,42,"Hattie Avenue","PM2.5","Forsyth",36.11094,-80.224501
"3156",2024-03-05,34,"Hattie Avenue","PM2.5","Forsyth",36.11094,-80.224501
"3157",2024-03-06,41,"Hattie Avenue","PM2.5","Forsyth",36.11094,-80.224501
"3158",2024-03-07,21,"Hattie Avenue","PM2.5","Forsyth",36.11094,-80.224501
"3159",2024-03-08,22,"Hattie Avenue","PM2.5","Forsyth",36.11094,-80.224501
"3160",2024-03-09,16,"Hattie Avenue","PM2.5","Forsyth",36.11094,-80.224501
"3161",2024-03-10,11,"Hattie Avenue","PM2.5","Forsyth",36.11094,-80.224501
"3162",2024-03-11,11,"Hattie Avenue","PM2.5","Forsyth",36.11094,-80.224501
"3163",2024-03-12,23,"Hattie Avenue","PM2.5","Forsyth",36.11094,-80.224501
"3164",2024-03-13,51,"Hattie Avenue","PM2.5","Forsyth",36.11094,-80.224501
"3165",2024-03-14,71,"Hattie Avenue","PM2.5","Forsyth",36.11094,-80.224501
"3166",2024-03-15,111,"Hattie Avenue","PM2.5","Forsyth",36.11094,-80.224501
"3167",2024-03-16,47,"Hattie Avenue","PM2.5","Forsyth",36.11094,-80.224501
"3168",2024-03-17,27,"Hattie Avenue","PM2.5","Forsyth",36.11094,-80.224501
"3169",2024-03-18,17,"Hattie Avenue","PM2.5","Forsyth",36.11094,-80.224501
"3170",2024-03-19,22,"Hattie Avenue","PM2.5","Forsyth",36.11094,-80.224501
"3171",2024-03-20,38,"Hattie Avenue","PM2.5","Forsyth",36.11094,-80.224501
"3172",2024-03-21,24,"Hattie Avenue","PM2.5","Forsyth",36.11094,-80.224501
"3173",2024-03-22,54,"Hattie Avenue","PM2.5","Forsyth",36.11094,-80.224501
"3174",2024-03-23,18,"Hattie Avenue","PM2.5","Forsyth",36.11094,-80.224501
"3175",2024-03-24,23,"Hattie Avenue","PM2.5","Forsyth",36.11094,-80.224501
"3176",2024-03-25,29,"Hattie Avenue","PM2.5","Forsyth",36.11094,-80.224501
"3177",2024-03-26,42,"Hattie Avenue","PM2.5","Forsyth",36.11094,-80.224501
"3178",2024-03-27,19,"Hattie Avenue","PM2.5","Forsyth",36.11094,-80.224501
"3179",2024-03-28,24,"Hattie Avenue","PM2.5","Forsyth",36.11094,-80.224501
"3180",2024-03-29,32,"Hattie Avenue","PM2.5","Forsyth",36.11094,-80.224501
"3181",2024-03-30,41,"Hattie Avenue","PM2.5","Forsyth",36.11094,-80.224501
"3182",2024-03-31,51,"Hattie Avenue","PM2.5","Forsyth",36.11094,-80.224501
"3183",2024-04-01,58,"Hattie Avenue","PM2.5","Forsyth",36.11094,-80.224501
"3184",2024-04-02,65,"Hattie Avenue","PM2.5","Forsyth",36.11094,-80.224501
"3185",2024-04-03,38,"Hattie Avenue","PM2.5","Forsyth",36.11094,-80.224501
"3186",2024-04-04,11,"Hattie Avenue","PM2.5","Forsyth",36.11094,-80.224501
"3187",2024-04-05,12,"Hattie Avenue","PM2.5","Forsyth",36.11094,-80.224501
"3188",2024-04-06,14,"Hattie Avenue","PM2.5","Forsyth",36.11094,-80.224501
"3189",2024-04-07,22,"Hattie Avenue","PM2.5","Forsyth",36.11094,-80.224501
"3190",2024-04-08,52,"Hattie Avenue","PM2.5","Forsyth",36.11094,-80.224501
"3191",2024-04-09,52,"Hattie Avenue","PM2.5","Forsyth",36.11094,-80.224501
"3192",2024-04-10,54,"Hattie Avenue","PM2.5","Forsyth",36.11094,-80.224501
"3193",2024-04-11,28,"Hattie Avenue","PM2.5","Forsyth",36.11094,-80.224501
"3194",2024-04-12,14,"Hattie Avenue","PM2.5","Forsyth",36.11094,-80.224501
"3195",2024-04-13,17,"Hattie Avenue","PM2.5","Forsyth",36.11094,-80.224501
"3196",2024-04-14,37,"Hattie Avenue","PM2.5","Forsyth",36.11094,-80.224501
"3197",2024-04-15,52,"Hattie Avenue","PM2.5","Forsyth",36.11094,-80.224501
"3198",2024-04-16,61,"Hattie Avenue","PM2.5","Forsyth",36.11094,-80.224501
"3199",2024-04-17,67,"Hattie Avenue","PM2.5","Forsyth",36.11094,-80.224501
"3200",2024-04-18,43,"Hattie Avenue","PM2.5","Forsyth",36.11094,-80.224501
"3201",2024-04-19,59,"Hattie Avenue","PM2.5","Forsyth",36.11094,-80.224501
"3202",2024-04-20,52,"Hattie Avenue","PM2.5","Forsyth",36.11094,-80.224501
"3203",2024-04-21,24,"Hattie Avenue","PM2.5","Forsyth",36.11094,-80.224501
"3204",2024-04-22,23,"Hattie Avenue","PM2.5","Forsyth",36.11094,-80.224501
"3205",2024-04-23,35,"Hattie Avenue","PM2.5","Forsyth",36.11094,-80.224501
"3206",2024-04-24,40,"Hattie Avenue","PM2.5","Forsyth",36.11094,-80.224501
"3207",2024-04-25,31,"Hattie Avenue","PM2.5","Forsyth",36.11094,-80.224501
"3208",2024-04-26,51,"Hattie Avenue","PM2.5","Forsyth",36.11094,-80.224501
"3209",2024-04-27,53,"Hattie Avenue","PM2.5","Forsyth",36.11094,-80.224501
"3210",2024-04-28,43,"Hattie Avenue","PM2.5","Forsyth",36.11094,-80.224501
"3211",2024-04-29,44,"Hattie Avenue","PM2.5","Forsyth",36.11094,-80.224501
"3212",2024-04-30,42,"Hattie Avenue","PM2.5","Forsyth",36.11094,-80.224501
"3213",2024-05-01,29,"Hattie Avenue","PM2.5","Forsyth",36.11094,-80.224501
"3214",2024-05-02,45,"Hattie Avenue","PM2.5","Forsyth",36.11094,-80.224501
"3215",2024-05-03,55,"Hattie Avenue","PM2.5","Forsyth",36.11094,-80.224501
"3216",2024-05-04,41,"Hattie Avenue","PM2.5","Forsyth",36.11094,-80.224501
"3217",2024-05-05,17,"Hattie Avenue","PM2.5","Forsyth",36.11094,-80.224501
"3218",2024-05-06,39,"Hattie Avenue","PM2.5","Forsyth",36.11094,-80.224501
"3219",2024-05-07,47,"Hattie Avenue","PM2.5","Forsyth",36.11094,-80.224501
"3220",2024-05-08,55,"Hattie Avenue","PM2.5","Forsyth",36.11094,-80.224501
"3221",2024-05-09,26,"Hattie Avenue","PM2.5","Forsyth",36.11094,-80.224501
"3222",2024-05-10,23,"Hattie Avenue","PM2.5","Forsyth",36.11094,-80.224501
"3223",2024-05-11,21,"Hattie Avenue","PM2.5","Forsyth",36.11094,-80.224501
"3224",2024-05-12,36,"Hattie Avenue","PM2.5","Forsyth",36.11094,-80.224501
"3225",2024-05-13,36,"Hattie Avenue","PM2.5","Forsyth",36.11094,-80.224501
"3226",2024-05-14,25,"Hattie Avenue","PM2.5","Forsyth",36.11094,-80.224501
"3227",2024-05-15,28,"Hattie Avenue","PM2.5","Forsyth",36.11094,-80.224501
"3228",2024-05-16,26,"Hattie Avenue","PM2.5","Forsyth",36.11094,-80.224501
"3229",2024-05-17,38,"Hattie Avenue","PM2.5","Forsyth",36.11094,-80.224501
"3230",2024-05-18,36,"Hattie Avenue","PM2.5","Forsyth",36.11094,-80.224501
"3231",2024-05-19,20,"Hattie Avenue","PM2.5","Forsyth",36.11094,-80.224501
"3232",2024-05-20,37,"Hattie Avenue","PM2.5","Forsyth",36.11094,-80.224501
"3233",2024-05-21,49,"Hattie Avenue","PM2.5","Forsyth",36.11094,-80.224501
"3234",2024-05-22,53,"Hattie Avenue","PM2.5","Forsyth",36.11094,-80.224501
"3235",2024-05-23,54,"Hattie Avenue","PM2.5","Forsyth",36.11094,-80.224501
"3236",2024-05-24,33,"Hattie Avenue","PM2.5","Forsyth",36.11094,-80.224501
"3237",2024-05-25,34,"Hattie Avenue","PM2.5","Forsyth",36.11094,-80.224501
"3238",2024-05-26,49,"Hattie Avenue","PM2.5","Forsyth",36.11094,-80.224501
"3239",2024-05-27,32,"Hattie Avenue","PM2.5","Forsyth",36.11094,-80.224501
"3240",2024-05-28,28,"Hattie Avenue","PM2.5","Forsyth",36.11094,-80.224501
"3241",2024-05-29,23,"Hattie Avenue","PM2.5","Forsyth",36.11094,-80.224501
"3242",2024-05-30,23,"Hattie Avenue","PM2.5","Forsyth",36.11094,-80.224501
"3243",2024-05-31,27,"Hattie Avenue","PM2.5","Forsyth",36.11094,-80.224501
"3244",2024-06-01,43,"Hattie Avenue","PM2.5","Forsyth",36.11094,-80.224501
"3245",2024-06-02,39,"Hattie Avenue","PM2.5","Forsyth",36.11094,-80.224501
"3246",2024-06-03,52,"Hattie Avenue","PM2.5","Forsyth",36.11094,-80.224501
"3247",2024-06-04,53,"Hattie Avenue","PM2.5","Forsyth",36.11094,-80.224501
"3248",2024-06-05,52,"Hattie Avenue","PM2.5","Forsyth",36.11094,-80.224501
"3249",2024-06-06,41,"Hattie Avenue","PM2.5","Forsyth",36.11094,-80.224501
"3250",2024-06-07,29,"Hattie Avenue","PM2.5","Forsyth",36.11094,-80.224501
"3251",2024-06-08,28,"Hattie Avenue","PM2.5","Forsyth",36.11094,-80.224501
"3252",2024-06-09,39,"Hattie Avenue","PM2.5","Forsyth",36.11094,-80.224501
"3253",2024-06-10,22,"Hattie Avenue","PM2.5","Forsyth",36.11094,-80.224501
"3254",2024-06-11,39,"Hattie Avenue","PM2.5","Forsyth",36.11094,-80.224501
"3255",2024-06-12,56,"Hattie Avenue","PM2.5","Forsyth",36.11094,-80.224501
"3256",2024-06-13,58,"Hattie Avenue","PM2.5","Forsyth",36.11094,-80.224501
"3257",2024-06-14,65,"Hattie Avenue","PM2.5","Forsyth",36.11094,-80.224501
"3258",2024-06-15,57,"Hattie Avenue","PM2.5","Forsyth",36.11094,-80.224501
"3259",2024-06-16,52,"Hattie Avenue","PM2.5","Forsyth",36.11094,-80.224501
"3260",2024-06-17,56,"Hattie Avenue","PM2.5","Forsyth",36.11094,-80.224501
"3261",2024-06-18,56,"Hattie Avenue","PM2.5","Forsyth",36.11094,-80.224501
"3262",2024-06-19,50,"Hattie Avenue","PM2.5","Forsyth",36.11094,-80.224501
"3263",2024-06-20,52,"Hattie Avenue","PM2.5","Forsyth",36.11094,-80.224501
"3264",2024-06-21,54,"Hattie Avenue","PM2.5","Forsyth",36.11094,-80.224501
"3265",2024-06-22,43,"Hattie Avenue","PM2.5","Forsyth",36.11094,-80.224501
"3266",2024-06-23,43,"Hattie Avenue","PM2.5","Forsyth",36.11094,-80.224501
"3267",2024-06-24,38,"Hattie Avenue","PM2.5","Forsyth",36.11094,-80.224501
"3268",2024-06-25,43,"Hattie Avenue","PM2.5","Forsyth",36.11094,-80.224501
"3269",2024-06-26,62,"Hattie Avenue","PM2.5","Forsyth",36.11094,-80.224501
"3270",2024-06-27,53,"Hattie Avenue","PM2.5","Forsyth",36.11094,-80.224501
"3271",2024-06-28,55,"Hattie Avenue","PM2.5","Forsyth",36.11094,-80.224501
"3272",2024-06-29,51,"Hattie Avenue","PM2.5","Forsyth",36.11094,-80.224501
"3273",2024-06-30,46,"Hattie Avenue","PM2.5","Forsyth",36.11094,-80.224501
"3274",2024-07-01,37,"Hattie Avenue","PM2.5","Forsyth",36.11094,-80.224501
"3275",2024-07-02,23,"Hattie Avenue","PM2.5","Forsyth",36.11094,-80.224501
"3276",2024-07-03,49,"Hattie Avenue","PM2.5","Forsyth",36.11094,-80.224501
"3277",2024-07-04,68,"Hattie Avenue","PM2.5","Forsyth",36.11094,-80.224501
"3278",2024-07-05,57,"Hattie Avenue","PM2.5","Forsyth",36.11094,-80.224501
"3279",2024-07-06,35,"Hattie Avenue","PM2.5","Forsyth",36.11094,-80.224501
"3280",2024-07-07,39,"Hattie Avenue","PM2.5","Forsyth",36.11094,-80.224501
"3281",2024-07-08,45,"Hattie Avenue","PM2.5","Forsyth",36.11094,-80.224501
"3282",2024-07-09,43,"Hattie Avenue","PM2.5","Forsyth",36.11094,-80.224501
"3283",2024-07-10,35,"Hattie Avenue","PM2.5","Forsyth",36.11094,-80.224501
"3284",2024-07-11,27,"Hattie Avenue","PM2.5","Forsyth",36.11094,-80.224501
"3285",2024-07-12,30,"Hattie Avenue","PM2.5","Forsyth",36.11094,-80.224501
"3286",2024-07-13,29,"Hattie Avenue","PM2.5","Forsyth",36.11094,-80.224501
"3287",2024-07-14,55,"Hattie Avenue","PM2.5","Forsyth",36.11094,-80.224501
"3288",2024-07-15,58,"Hattie Avenue","PM2.5","Forsyth",36.11094,-80.224501
"3289",2024-07-16,59,"Hattie Avenue","PM2.5","Forsyth",36.11094,-80.224501
"3290",2024-07-17,49,"Hattie Avenue","PM2.5","Forsyth",36.11094,-80.224501
"3291",2024-07-18,39,"Hattie Avenue","PM2.5","Forsyth",36.11094,-80.224501
"3292",2024-07-19,46,"Hattie Avenue","PM2.5","Forsyth",36.11094,-80.224501
"3293",2024-07-20,29,"Hattie Avenue","PM2.5","Forsyth",36.11094,-80.224501
"3294",2024-07-21,27,"Hattie Avenue","PM2.5","Forsyth",36.11094,-80.224501
"3295",2024-07-22,27,"Hattie Avenue","PM2.5","Forsyth",36.11094,-80.224501
"3296",2024-07-23,29,"Hattie Avenue","PM2.5","Forsyth",36.11094,-80.224501
"3297",2024-07-24,40,"Hattie Avenue","PM2.5","Forsyth",36.11094,-80.224501
"3298",2024-07-25,26,"Hattie Avenue","PM2.5","Forsyth",36.11094,-80.224501
"3299",2024-07-26,54,"Hattie Avenue","PM2.5","Forsyth",36.11094,-80.224501
"3300",2024-07-27,63,"Hattie Avenue","PM2.5","Forsyth",36.11094,-80.224501
"3301",2024-07-28,62,"Hattie Avenue","PM2.5","Forsyth",36.11094,-80.224501
"3302",2024-07-29,53,"Hattie Avenue","PM2.5","Forsyth",36.11094,-80.224501
"3303",2024-07-30,43,"Hattie Avenue","PM2.5","Forsyth",36.11094,-80.224501
"3304",2024-07-31,44,"Hattie Avenue","PM2.5","Forsyth",36.11094,-80.224501
"3305",2024-08-01,45,"Hattie Avenue","PM2.5","Forsyth",36.11094,-80.224501
"3306",2024-08-02,54,"Hattie Avenue","PM2.5","Forsyth",36.11094,-80.224501
"3307",2024-08-03,62,"Hattie Avenue","PM2.5","Forsyth",36.11094,-80.224501
"3308",2024-08-04,45,"Hattie Avenue","PM2.5","Forsyth",36.11094,-80.224501
"3309",2024-08-05,46,"Hattie Avenue","PM2.5","Forsyth",36.11094,-80.224501
"3310",2024-08-06,22,"Hattie Avenue","PM2.5","Forsyth",36.11094,-80.224501
"3311",2024-08-07,26,"Hattie Avenue","PM2.5","Forsyth",36.11094,-80.224501
"3312",2024-08-08,15,"Hattie Avenue","PM2.5","Forsyth",36.11094,-80.224501
"3313",2024-08-09,28,"Hattie Avenue","PM2.5","Forsyth",36.11094,-80.224501
"3314",2024-08-10,52,"Hattie Avenue","PM2.5","Forsyth",36.11094,-80.224501
"3315",2024-08-11,53,"Hattie Avenue","PM2.5","Forsyth",36.11094,-80.224501
"3316",2024-08-12,47,"Hattie Avenue","PM2.5","Forsyth",36.11094,-80.224501
"3317",2024-08-13,44,"Hattie Avenue","PM2.5","Forsyth",36.11094,-80.224501
"3318",2024-08-14,52,"Hattie Avenue","PM2.5","Forsyth",36.11094,-80.224501
"3319",2024-08-15,54,"Hattie Avenue","PM2.5","Forsyth",36.11094,-80.224501
"3320",2024-08-16,59,"Hattie Avenue","PM2.5","Forsyth",36.11094,-80.224501
"3321",2024-08-17,42,"Hattie Avenue","PM2.5","Forsyth",36.11094,-80.224501
"3322",2024-08-18,39,"Hattie Avenue","PM2.5","Forsyth",36.11094,-80.224501
"3323",2024-08-19,28,"Hattie Avenue","PM2.5","Forsyth",36.11094,-80.224501
"3324",2024-08-20,47,"Hattie Avenue","PM2.5","Forsyth",36.11094,-80.224501
"3325",2024-08-21,43,"Hattie Avenue","PM2.5","Forsyth",36.11094,-80.224501
"3326",2024-08-22,50,"Hattie Avenue","PM2.5","Forsyth",36.11094,-80.224501
"3327",2024-08-23,52,"Hattie Avenue","PM2.5","Forsyth",36.11094,-80.224501
"3328",2024-08-24,56,"Hattie Avenue","PM2.5","Forsyth",36.11094,-80.224501
"3329",2024-08-25,58,"Hattie Avenue","PM2.5","Forsyth",36.11094,-80.224501
"3330",2024-08-26,64,"Hattie Avenue","PM2.5","Forsyth",36.11094,-80.224501
"3331",2024-08-27,69,"Hattie Avenue","PM2.5","Forsyth",36.11094,-80.224501
"3332",2024-08-28,69,"Hattie Avenue","PM2.5","Forsyth",36.11094,-80.224501
"3333",2024-08-29,66,"Hattie Avenue","PM2.5","Forsyth",36.11094,-80.224501
"3334",2024-08-30,55,"Hattie Avenue","PM2.5","Forsyth",36.11094,-80.224501
"3335",2024-08-31,55,"Hattie Avenue","PM2.5","Forsyth",36.11094,-80.224501
"3336",2024-09-01,37,"Hattie Avenue","PM2.5","Forsyth",36.11094,-80.224501
"3337",2024-09-02,43,"Hattie Avenue","PM2.5","Forsyth",36.11094,-80.224501
"3338",2024-09-03,21,"Hattie Avenue","PM2.5","Forsyth",36.11094,-80.224501
"3339",2024-09-04,24,"Hattie Avenue","PM2.5","Forsyth",36.11094,-80.224501
"3340",2024-09-05,31,"Hattie Avenue","PM2.5","Forsyth",36.11094,-80.224501
"3341",2024-09-06,35,"Hattie Avenue","PM2.5","Forsyth",36.11094,-80.224501
"3342",2024-09-07,34,"Hattie Avenue","PM2.5","Forsyth",36.11094,-80.224501
"3343",2024-09-08,20,"Hattie Avenue","PM2.5","Forsyth",36.11094,-80.224501
"3344",2024-09-09,32,"Hattie Avenue","PM2.5","Forsyth",36.11094,-80.224501
"3345",2024-09-10,32,"Hattie Avenue","PM2.5","Forsyth",36.11094,-80.224501
"3346",2024-09-11,43,"Hattie Avenue","PM2.5","Forsyth",36.11094,-80.224501
"3347",2024-09-12,49,"Hattie Avenue","PM2.5","Forsyth",36.11094,-80.224501
"3348",2024-09-13,41,"Hattie Avenue","PM2.5","Forsyth",36.11094,-80.224501
"3349",2024-09-14,31,"Hattie Avenue","PM2.5","Forsyth",36.11094,-80.224501
"3350",2024-09-15,37,"Hattie Avenue","PM2.5","Forsyth",36.11094,-80.224501
"3351",2024-09-16,37,"Hattie Avenue","PM2.5","Forsyth",36.11094,-80.224501
"3352",2024-09-17,20,"Hattie Avenue","PM2.5","Forsyth",36.11094,-80.224501
"3353",2024-09-18,35,"Hattie Avenue","PM2.5","Forsyth",36.11094,-80.224501
"3354",2024-09-19,18,"Hattie Avenue","PM2.5","Forsyth",36.11094,-80.224501
"3355",2024-09-20,32,"Hattie Avenue","PM2.5","Forsyth",36.11094,-80.224501
"3356",2024-09-21,50,"Hattie Avenue","PM2.5","Forsyth",36.11094,-80.224501
"3357",2024-09-22,52,"Hattie Avenue","PM2.5","Forsyth",36.11094,-80.224501
"3358",2024-09-23,56,"Hattie Avenue","PM2.5","Forsyth",36.11094,-80.224501
"3359",2024-09-24,56,"Hattie Avenue","PM2.5","Forsyth",36.11094,-80.224501
"3360",2024-09-25,37,"Hattie Avenue","PM2.5","Forsyth",36.11094,-80.224501
"3361",2024-09-26,29,"Hattie Avenue","PM2.5","Forsyth",36.11094,-80.224501
"3362",2024-09-27,31,"Hattie Avenue","PM2.5","Forsyth",36.11094,-80.224501
"3363",2024-09-28,56,"Hattie Avenue","PM2.5","Forsyth",36.11094,-80.224501
"3364",2024-09-29,58,"Hattie Avenue","PM2.5","Forsyth",36.11094,-80.224501
"3365",2024-09-30,59,"Hattie Avenue","PM2.5","Forsyth",36.11094,-80.224501
"3366",2024-10-01,22,"Hattie Avenue","PM2.5","Forsyth",36.11094,-80.224501
"3367",2024-10-02,24,"Hattie Avenue","PM2.5","Forsyth",36.11094,-80.224501
"3368",2024-10-03,43,"Hattie Avenue","PM2.5","Forsyth",36.11094,-80.224501
"3369",2024-10-04,44,"Hattie Avenue","PM2.5","Forsyth",36.11094,-80.224501
"3370",2024-10-05,48,"Hattie Avenue","PM2.5","Forsyth",36.11094,-80.224501
"3371",2024-10-06,55,"Hattie Avenue","PM2.5","Forsyth",36.11094,-80.224501
"3372",2024-10-07,55,"Hattie Avenue","PM2.5","Forsyth",36.11094,-80.224501
"3373",2024-10-08,52,"Hattie Avenue","PM2.5","Forsyth",36.11094,-80.224501
"3374",2024-10-09,38,"Hattie Avenue","PM2.5","Forsyth",36.11094,-80.224501
"3375",2024-10-10,21,"Hattie Avenue","PM2.5","Forsyth",36.11094,-80.224501
"3376",2024-10-11,24,"Hattie Avenue","PM2.5","Forsyth",36.11094,-80.224501
"3377",2024-10-12,36,"Hattie Avenue","PM2.5","Forsyth",36.11094,-80.224501
"3378",2024-10-13,54,"Hattie Avenue","PM2.5","Forsyth",36.11094,-80.224501
"3379",2024-10-14,44,"Hattie Avenue","PM2.5","Forsyth",36.11094,-80.224501
"3380",2024-10-15,17,"Hattie Avenue","PM2.5","Forsyth",36.11094,-80.224501
"3381",2024-10-16,15,"Hattie Avenue","PM2.5","Forsyth",36.11094,-80.224501
"3382",2024-10-17,33,"Hattie Avenue","PM2.5","Forsyth",36.11094,-80.224501
"3383",2024-10-18,28,"Hattie Avenue","PM2.5","Forsyth",36.11094,-80.224501
"3384",2024-10-19,26,"Hattie Avenue","PM2.5","Forsyth",36.11094,-80.224501
"3385",2024-10-20,43,"Hattie Avenue","PM2.5","Forsyth",36.11094,-80.224501
"3386",2024-10-21,41,"Hattie Avenue","PM2.5","Forsyth",36.11094,-80.224501
"3387",2024-10-22,49,"Hattie Avenue","PM2.5","Forsyth",36.11094,-80.224501
"3388",2024-10-23,51,"Hattie Avenue","PM2.5","Forsyth",36.11094,-80.224501
"3389",2024-10-24,56,"Hattie Avenue","PM2.5","Forsyth",36.11094,-80.224501
"3390",2024-10-25,60,"Hattie Avenue","PM2.5","Forsyth",36.11094,-80.224501
"3391",2024-10-26,58,"Hattie Avenue","PM2.5","Forsyth",36.11094,-80.224501
"3392",2024-10-27,36,"Hattie Avenue","PM2.5","Forsyth",36.11094,-80.224501
"3393",2024-10-28,53,"Hattie Avenue","PM2.5","Forsyth",36.11094,-80.224501
"3394",2024-10-29,58,"Hattie Avenue","PM2.5","Forsyth",36.11094,-80.224501
"3395",2024-10-30,56,"Hattie Avenue","PM2.5","Forsyth",36.11094,-80.224501
"3396",2024-10-31,49,"Hattie Avenue","PM2.5","Forsyth",36.11094,-80.224501
"3397",2024-11-01,50,"Hattie Avenue","PM2.5","Forsyth",36.11094,-80.224501
"3398",2024-11-02,31,"Hattie Avenue","PM2.5","Forsyth",36.11094,-80.224501
"3399",2024-11-03,37,"Hattie Avenue","PM2.5","Forsyth",36.11094,-80.224501
"3400",2024-11-04,33,"Hattie Avenue","PM2.5","Forsyth",36.11094,-80.224501
"3401",2024-11-05,46,"Hattie Avenue","PM2.5","Forsyth",36.11094,-80.224501
"3402",2024-11-06,46,"Hattie Avenue","PM2.5","Forsyth",36.11094,-80.224501
"3403",2024-11-07,32,"Hattie Avenue","PM2.5","Forsyth",36.11094,-80.224501
"3404",2024-11-08,41,"Hattie Avenue","PM2.5","Forsyth",36.11094,-80.224501
"3405",2024-11-09,26,"Hattie Avenue","PM2.5","Forsyth",36.11094,-80.224501
"3406",2024-11-10,36,"Hattie Avenue","PM2.5","Forsyth",36.11094,-80.224501
"3407",2024-11-11,33,"Hattie Avenue","PM2.5","Forsyth",36.11094,-80.224501
"3408",2024-11-12,24,"Hattie Avenue","PM2.5","Forsyth",36.11094,-80.224501
"3409",2024-11-13,13,"Hattie Avenue","PM2.5","Forsyth",36.11094,-80.224501
"3410",2024-11-14,20,"Hattie Avenue","PM2.5","Forsyth",36.11094,-80.224501
"3411",2024-11-15,16,"Hattie Avenue","PM2.5","Forsyth",36.11094,-80.224501
"3412",2024-11-16,28,"Hattie Avenue","PM2.5","Forsyth",36.11094,-80.224501
"3413",2024-11-17,44,"Hattie Avenue","PM2.5","Forsyth",36.11094,-80.224501
"3414",2024-11-18,55,"Hattie Avenue","PM2.5","Forsyth",36.11094,-80.224501
"3415",2024-11-19,55,"Hattie Avenue","PM2.5","Forsyth",36.11094,-80.224501
"3416",2024-11-20,32,"Hattie Avenue","PM2.5","Forsyth",36.11094,-80.224501
"3417",2024-11-21,10,"Hattie Avenue","PM2.5","Forsyth",36.11094,-80.224501
"3418",2024-11-22,12,"Hattie Avenue","PM2.5","Forsyth",36.11094,-80.224501
"3419",2024-11-23,7,"Hattie Avenue","PM2.5","Forsyth",36.11094,-80.224501
"3420",2024-11-24,44,"Hattie Avenue","PM2.5","Forsyth",36.11094,-80.224501
"3421",2024-11-25,55,"Hattie Avenue","PM2.5","Forsyth",36.11094,-80.224501
"3422",2024-11-26,47,"Hattie Avenue","PM2.5","Forsyth",36.11094,-80.224501
"3423",2024-11-27,52,"Hattie Avenue","PM2.5","Forsyth",36.11094,-80.224501
"3424",2024-11-28,52,"Hattie Avenue","PM2.5","Forsyth",36.11094,-80.224501
"3425",2024-11-29,33,"Hattie Avenue","PM2.5","Forsyth",36.11094,-80.224501
"3426",2024-11-30,27,"Hattie Avenue","PM2.5","Forsyth",36.11094,-80.224501
"3427",2024-12-01,34,"Hattie Avenue","PM2.5","Forsyth",36.11094,-80.224501
"3428",2024-12-02,27,"Hattie Avenue","PM2.5","Forsyth",36.11094,-80.224501
"3429",2024-12-03,33,"Hattie Avenue","PM2.5","Forsyth",36.11094,-80.224501
"3430",2024-12-04,55,"Hattie Avenue","PM2.5","Forsyth",36.11094,-80.224501
"3431",2024-12-05,49,"Hattie Avenue","PM2.5","Forsyth",36.11094,-80.224501
"3432",2024-12-06,26,"Hattie Avenue","PM2.5","Forsyth",36.11094,-80.224501
"3433",2024-12-07,52,"Hattie Avenue","PM2.5","Forsyth",36.11094,-80.224501
"3434",2024-12-08,54,"Hattie Avenue","PM2.5","Forsyth",36.11094,-80.224501
"3435",2024-12-09,57,"Hattie Avenue","PM2.5","Forsyth",36.11094,-80.224501
"3436",2024-12-10,57,"Hattie Avenue","PM2.5","Forsyth",36.11094,-80.224501
"3437",2024-12-11,16,"Hattie Avenue","PM2.5","Forsyth",36.11094,-80.224501
"3438",2024-12-12,36,"Hattie Avenue","PM2.5","Forsyth",36.11094,-80.224501
"3439",2024-12-13,57,"Hattie Avenue","PM2.5","Forsyth",36.11094,-80.224501
"3440",2024-12-14,53,"Hattie Avenue","PM2.5","Forsyth",36.11094,-80.224501
"3441",2024-12-15,42,"Hattie Avenue","PM2.5","Forsyth",36.11094,-80.224501
"3442",2024-12-16,45,"Hattie Avenue","PM2.5","Forsyth",36.11094,-80.224501
"3443",2024-12-17,52,"Hattie Avenue","PM2.5","Forsyth",36.11094,-80.224501
"3444",2024-12-18,51,"Hattie Avenue","PM2.5","Forsyth",36.11094,-80.224501
"3445",2024-12-19,16,"Hattie Avenue","PM2.5","Forsyth",36.11094,-80.224501
"3446",2024-12-20,31,"Hattie Avenue","PM2.5","Forsyth",36.11094,-80.224501
"3447",2024-12-21,13,"Hattie Avenue","PM2.5","Forsyth",36.11094,-80.224501
"3448",2024-12-22,41,"Hattie Avenue","PM2.5","Forsyth",36.11094,-80.224501
"3449",2024-12-23,59,"Hattie Avenue","PM2.5","Forsyth",36.11094,-80.224501
"3450",2024-12-24,61,"Hattie Avenue","PM2.5","Forsyth",36.11094,-80.224501
"3451",2024-12-25,47,"Hattie Avenue","PM2.5","Forsyth",36.11094,-80.224501
"3452",2024-12-26,59,"Hattie Avenue","PM2.5","Forsyth",36.11094,-80.224501
"3453",2024-12-27,58,"Hattie Avenue","PM2.5","Forsyth",36.11094,-80.224501
"3454",2024-12-28,27,"Hattie Avenue","PM2.5","Forsyth",36.11094,-80.224501
"3455",2024-12-29,19,"Hattie Avenue","PM2.5","Forsyth",36.11094,-80.224501
"3456",2024-12-30,32,"Hattie Avenue","PM2.5","Forsyth",36.11094,-80.224501
"3457",2024-12-31,54,"Hattie Avenue","PM2.5","Forsyth",36.11094,-80.224501
"3458",2024-01-01,43,"Clemmons Middle","PM2.5","Forsyth",36.026612,-80.341962
"3459",2024-01-07,16,"Clemmons Middle","PM2.5","Forsyth",36.026612,-80.341962
"3460",2024-01-13,18,"Clemmons Middle","PM2.5","Forsyth",36.026612,-80.341962
"3461",2024-01-19,29,"Clemmons Middle","PM2.5","Forsyth",36.026612,-80.341962
"3462",2024-01-25,11,"Clemmons Middle","PM2.5","Forsyth",36.026612,-80.341962
"3463",2024-01-31,27,"Clemmons Middle","PM2.5","Forsyth",36.026612,-80.341962
"3464",2024-02-06,28,"Clemmons Middle","PM2.5","Forsyth",36.026612,-80.341962
"3465",2024-02-12,17,"Clemmons Middle","PM2.5","Forsyth",36.026612,-80.341962
"3466",2024-02-18,22,"Clemmons Middle","PM2.5","Forsyth",36.026612,-80.341962
"3467",2024-02-24,23,"Clemmons Middle","PM2.5","Forsyth",36.026612,-80.341962
"3468",2024-03-01,41,"Clemmons Middle","PM2.5","Forsyth",36.026612,-80.341962
"3469",2024-03-07,18,"Clemmons Middle","PM2.5","Forsyth",36.026612,-80.341962
"3470",2024-03-13,52,"Clemmons Middle","PM2.5","Forsyth",36.026612,-80.341962
"3471",2024-03-19,28,"Clemmons Middle","PM2.5","Forsyth",36.026612,-80.341962
"3472",2024-03-25,31,"Clemmons Middle","PM2.5","Forsyth",36.026612,-80.341962
"3473",2024-03-31,46,"Clemmons Middle","PM2.5","Forsyth",36.026612,-80.341962
"3474",2024-04-06,10,"Clemmons Middle","PM2.5","Forsyth",36.026612,-80.341962
"3475",2024-04-12,16,"Clemmons Middle","PM2.5","Forsyth",36.026612,-80.341962
"3476",2024-04-18,37,"Clemmons Middle","PM2.5","Forsyth",36.026612,-80.341962
"3477",2024-04-24,42,"Clemmons Middle","PM2.5","Forsyth",36.026612,-80.341962
"3478",2024-04-30,45,"Clemmons Middle","PM2.5","Forsyth",36.026612,-80.341962
"3479",2024-05-06,34,"Clemmons Middle","PM2.5","Forsyth",36.026612,-80.341962
"3480",2024-05-12,31,"Clemmons Middle","PM2.5","Forsyth",36.026612,-80.341962
"3481",2024-05-18,40,"Clemmons Middle","PM2.5","Forsyth",36.026612,-80.341962
"3482",2024-05-24,27,"Clemmons Middle","PM2.5","Forsyth",36.026612,-80.341962
"3483",2024-05-30,37,"Clemmons Middle","PM2.5","Forsyth",36.026612,-80.341962
"3484",2024-06-05,47,"Clemmons Middle","PM2.5","Forsyth",36.026612,-80.341962
"3485",2024-06-11,39,"Clemmons Middle","PM2.5","Forsyth",36.026612,-80.341962
"3486",2024-06-17,57,"Clemmons Middle","PM2.5","Forsyth",36.026612,-80.341962
"3487",2024-06-23,46,"Clemmons Middle","PM2.5","Forsyth",36.026612,-80.341962
"3488",2024-06-29,42,"Clemmons Middle","PM2.5","Forsyth",36.026612,-80.341962
"3489",2024-07-05,48,"Clemmons Middle","PM2.5","Forsyth",36.026612,-80.341962
"3490",2024-07-11,19,"Clemmons Middle","PM2.5","Forsyth",36.026612,-80.341962
"3491",2024-07-17,45,"Clemmons Middle","PM2.5","Forsyth",36.026612,-80.341962
"3492",2024-07-23,36,"Clemmons Middle","PM2.5","Forsyth",36.026612,-80.341962
"3493",2024-07-29,53,"Clemmons Middle","PM2.5","Forsyth",36.026612,-80.341962
"3494",2024-08-04,39,"Clemmons Middle","PM2.5","Forsyth",36.026612,-80.341962
"3495",2024-09-03,19,"Clemmons Middle","PM2.5","Forsyth",36.026612,-80.341962
"3496",2024-09-09,30,"Clemmons Middle","PM2.5","Forsyth",36.026612,-80.341962
"3497",2024-09-15,32,"Clemmons Middle","PM2.5","Forsyth",36.026612,-80.341962
"3498",2024-09-21,50,"Clemmons Middle","PM2.5","Forsyth",36.026612,-80.341962
"3499",2024-10-09,37,"Clemmons Middle","PM2.5","Forsyth",36.026612,-80.341962
"3500",2024-10-15,33,"Clemmons Middle","PM2.5","Forsyth",36.026612,-80.341962
"3501",2024-10-21,52,"Clemmons Middle","PM2.5","Forsyth",36.026612,-80.341962
"3502",2024-10-27,39,"Clemmons Middle","PM2.5","Forsyth",36.026612,-80.341962
"3503",2024-11-02,36,"Clemmons Middle","PM2.5","Forsyth",36.026612,-80.341962
"3504",2024-11-08,37,"Clemmons Middle","PM2.5","Forsyth",36.026612,-80.341962
"3505",2024-11-14,24,"Clemmons Middle","PM2.5","Forsyth",36.026612,-80.341962
"3506",2024-12-08,46,"Clemmons Middle","PM2.5","Forsyth",36.026612,-80.341962
"3507",2024-12-14,44,"Clemmons Middle","PM2.5","Forsyth",36.026612,-80.341962
"3508",2024-12-20,27,"Clemmons Middle","PM2.5","Forsyth",36.026612,-80.341962
"3509",2024-12-26,53,"Clemmons Middle","PM2.5","Forsyth",36.026612,-80.341962
"3510",2024-01-01,52,"Clemmons Middle","PM2.5","Forsyth",36.026612,-80.341962
"3511",2024-01-02,37,"Clemmons Middle","PM2.5","Forsyth",36.026612,-80.341962
"3512",2024-01-03,58,"Clemmons Middle","PM2.5","Forsyth",36.026612,-80.341962
"3513",2024-01-04,32,"Clemmons Middle","PM2.5","Forsyth",36.026612,-80.341962
"3514",2024-01-05,54,"Clemmons Middle","PM2.5","Forsyth",36.026612,-80.341962
"3515",2024-01-06,48,"Clemmons Middle","PM2.5","Forsyth",36.026612,-80.341962
"3516",2024-01-07,31,"Clemmons Middle","PM2.5","Forsyth",36.026612,-80.341962
"3517",2024-01-08,27,"Clemmons Middle","PM2.5","Forsyth",36.026612,-80.341962
"3518",2024-01-09,25,"Clemmons Middle","PM2.5","Forsyth",36.026612,-80.341962
"3519",2024-01-10,21,"Clemmons Middle","PM2.5","Forsyth",36.026612,-80.341962
"3520",2024-01-11,37,"Clemmons Middle","PM2.5","Forsyth",36.026612,-80.341962
"3521",2024-01-12,53,"Clemmons Middle","PM2.5","Forsyth",36.026612,-80.341962
"3522",2024-01-13,28,"Clemmons Middle","PM2.5","Forsyth",36.026612,-80.341962
"3523",2024-01-14,26,"Clemmons Middle","PM2.5","Forsyth",36.026612,-80.341962
"3524",2024-01-15,34,"Clemmons Middle","PM2.5","Forsyth",36.026612,-80.341962
"3525",2024-01-16,33,"Clemmons Middle","PM2.5","Forsyth",36.026612,-80.341962
"3526",2024-01-17,40,"Clemmons Middle","PM2.5","Forsyth",36.026612,-80.341962
"3527",2024-01-18,54,"Clemmons Middle","PM2.5","Forsyth",36.026612,-80.341962
"3528",2024-01-19,34,"Clemmons Middle","PM2.5","Forsyth",36.026612,-80.341962
"3529",2024-01-20,31,"Clemmons Middle","PM2.5","Forsyth",36.026612,-80.341962
"3530",2024-01-21,34,"Clemmons Middle","PM2.5","Forsyth",36.026612,-80.341962
"3531",2024-01-22,59,"Clemmons Middle","PM2.5","Forsyth",36.026612,-80.341962
"3532",2024-01-23,80,"Clemmons Middle","PM2.5","Forsyth",36.026612,-80.341962
"3533",2024-01-24,61,"Clemmons Middle","PM2.5","Forsyth",36.026612,-80.341962
"3534",2024-01-25,17,"Clemmons Middle","PM2.5","Forsyth",36.026612,-80.341962
"3535",2024-01-26,48,"Clemmons Middle","PM2.5","Forsyth",36.026612,-80.341962
"3536",2024-01-27,37,"Clemmons Middle","PM2.5","Forsyth",36.026612,-80.341962
"3537",2024-01-28,8,"Clemmons Middle","PM2.5","Forsyth",36.026612,-80.341962
"3538",2024-01-29,4,"Clemmons Middle","PM2.5","Forsyth",36.026612,-80.341962
"3539",2024-01-30,27,"Clemmons Middle","PM2.5","Forsyth",36.026612,-80.341962
"3540",2024-01-31,37,"Clemmons Middle","PM2.5","Forsyth",36.026612,-80.341962
"3541",2024-02-01,27,"Clemmons Middle","PM2.5","Forsyth",36.026612,-80.341962
"3542",2024-02-02,41,"Clemmons Middle","PM2.5","Forsyth",36.026612,-80.341962
"3543",2024-02-03,29,"Clemmons Middle","PM2.5","Forsyth",36.026612,-80.341962
"3544",2024-02-04,43,"Clemmons Middle","PM2.5","Forsyth",36.026612,-80.341962
"3545",2024-02-05,31,"Clemmons Middle","PM2.5","Forsyth",36.026612,-80.341962
"3546",2024-02-06,35,"Clemmons Middle","PM2.5","Forsyth",36.026612,-80.341962
"3547",2024-02-07,31,"Clemmons Middle","PM2.5","Forsyth",36.026612,-80.341962
"3548",2024-02-08,54,"Clemmons Middle","PM2.5","Forsyth",36.026612,-80.341962
"3549",2024-02-09,76,"Clemmons Middle","PM2.5","Forsyth",36.026612,-80.341962
"3550",2024-02-10,72,"Clemmons Middle","PM2.5","Forsyth",36.026612,-80.341962
"3551",2024-02-11,25,"Clemmons Middle","PM2.5","Forsyth",36.026612,-80.341962
"3552",2024-02-12,28,"Clemmons Middle","PM2.5","Forsyth",36.026612,-80.341962
"3553",2024-02-13,13,"Clemmons Middle","PM2.5","Forsyth",36.026612,-80.341962
"3554",2024-02-14,25,"Clemmons Middle","PM2.5","Forsyth",36.026612,-80.341962
"3555",2024-02-15,36,"Clemmons Middle","PM2.5","Forsyth",36.026612,-80.341962
"3556",2024-02-16,40,"Clemmons Middle","PM2.5","Forsyth",36.026612,-80.341962
"3557",2024-02-17,30,"Clemmons Middle","PM2.5","Forsyth",36.026612,-80.341962
"3558",2024-02-18,29,"Clemmons Middle","PM2.5","Forsyth",36.026612,-80.341962
"3559",2024-02-19,33,"Clemmons Middle","PM2.5","Forsyth",36.026612,-80.341962
"3560",2024-02-20,53,"Clemmons Middle","PM2.5","Forsyth",36.026612,-80.341962
"3561",2024-02-21,55,"Clemmons Middle","PM2.5","Forsyth",36.026612,-80.341962
"3562",2024-02-22,85,"Clemmons Middle","PM2.5","Forsyth",36.026612,-80.341962
"3563",2024-02-23,78,"Clemmons Middle","PM2.5","Forsyth",36.026612,-80.341962
"3564",2024-02-24,19,"Clemmons Middle","PM2.5","Forsyth",36.026612,-80.341962
"3565",2024-02-25,26,"Clemmons Middle","PM2.5","Forsyth",36.026612,-80.341962
"3566",2024-02-26,59,"Clemmons Middle","PM2.5","Forsyth",36.026612,-80.341962
"3567",2024-02-27,67,"Clemmons Middle","PM2.5","Forsyth",36.026612,-80.341962
"3568",2024-02-28,48,"Clemmons Middle","PM2.5","Forsyth",36.026612,-80.341962
"3569",2024-02-29,40,"Clemmons Middle","PM2.5","Forsyth",36.026612,-80.341962
"3570",2024-03-01,49,"Clemmons Middle","PM2.5","Forsyth",36.026612,-80.341962
"3571",2024-03-02,15,"Clemmons Middle","PM2.5","Forsyth",36.026612,-80.341962
"3572",2024-03-03,46,"Clemmons Middle","PM2.5","Forsyth",36.026612,-80.341962
"3573",2024-03-04,44,"Clemmons Middle","PM2.5","Forsyth",36.026612,-80.341962
"3574",2024-03-05,36,"Clemmons Middle","PM2.5","Forsyth",36.026612,-80.341962
"3575",2024-03-06,48,"Clemmons Middle","PM2.5","Forsyth",36.026612,-80.341962
"3576",2024-03-07,27,"Clemmons Middle","PM2.5","Forsyth",36.026612,-80.341962
"3577",2024-03-08,24,"Clemmons Middle","PM2.5","Forsyth",36.026612,-80.341962
"3578",2024-03-09,15,"Clemmons Middle","PM2.5","Forsyth",36.026612,-80.341962
"3579",2024-03-10,11,"Clemmons Middle","PM2.5","Forsyth",36.026612,-80.341962
"3580",2024-03-11,9,"Clemmons Middle","PM2.5","Forsyth",36.026612,-80.341962
"3581",2024-03-12,21,"Clemmons Middle","PM2.5","Forsyth",36.026612,-80.341962
"3582",2024-03-13,46,"Clemmons Middle","PM2.5","Forsyth",36.026612,-80.341962
"3583",2024-03-14,67,"Clemmons Middle","PM2.5","Forsyth",36.026612,-80.341962
"3584",2024-03-15,106,"Clemmons Middle","PM2.5","Forsyth",36.026612,-80.341962
"3585",2024-03-16,51,"Clemmons Middle","PM2.5","Forsyth",36.026612,-80.341962
"3586",2024-03-17,29,"Clemmons Middle","PM2.5","Forsyth",36.026612,-80.341962
"3587",2024-03-18,16,"Clemmons Middle","PM2.5","Forsyth",36.026612,-80.341962
"3588",2024-03-19,21,"Clemmons Middle","PM2.5","Forsyth",36.026612,-80.341962
"3589",2024-03-20,34,"Clemmons Middle","PM2.5","Forsyth",36.026612,-80.341962
"3590",2024-03-21,30,"Clemmons Middle","PM2.5","Forsyth",36.026612,-80.341962
"3591",2024-03-22,56,"Clemmons Middle","PM2.5","Forsyth",36.026612,-80.341962
"3592",2024-03-23,18,"Clemmons Middle","PM2.5","Forsyth",36.026612,-80.341962
"3593",2024-03-24,23,"Clemmons Middle","PM2.5","Forsyth",36.026612,-80.341962
"3594",2024-03-25,37,"Clemmons Middle","PM2.5","Forsyth",36.026612,-80.341962
"3595",2024-03-26,42,"Clemmons Middle","PM2.5","Forsyth",36.026612,-80.341962
"3596",2024-03-27,19,"Clemmons Middle","PM2.5","Forsyth",36.026612,-80.341962
"3597",2024-03-28,24,"Clemmons Middle","PM2.5","Forsyth",36.026612,-80.341962
"3598",2024-03-29,29,"Clemmons Middle","PM2.5","Forsyth",36.026612,-80.341962
"3599",2024-03-30,43,"Clemmons Middle","PM2.5","Forsyth",36.026612,-80.341962
"3600",2024-03-31,49,"Clemmons Middle","PM2.5","Forsyth",36.026612,-80.341962
"3601",2024-04-01,58,"Clemmons Middle","PM2.5","Forsyth",36.026612,-80.341962
"3602",2024-04-02,63,"Clemmons Middle","PM2.5","Forsyth",36.026612,-80.341962
"3603",2024-04-03,36,"Clemmons Middle","PM2.5","Forsyth",36.026612,-80.341962
"3604",2024-04-04,9,"Clemmons Middle","PM2.5","Forsyth",36.026612,-80.341962
"3605",2024-04-05,12,"Clemmons Middle","PM2.5","Forsyth",36.026612,-80.341962
"3606",2024-04-06,12,"Clemmons Middle","PM2.5","Forsyth",36.026612,-80.341962
"3607",2024-04-07,18,"Clemmons Middle","PM2.5","Forsyth",36.026612,-80.341962
"3608",2024-04-08,53,"Clemmons Middle","PM2.5","Forsyth",36.026612,-80.341962
"3609",2024-04-09,52,"Clemmons Middle","PM2.5","Forsyth",36.026612,-80.341962
"3610",2024-04-10,54,"Clemmons Middle","PM2.5","Forsyth",36.026612,-80.341962
"3611",2024-04-11,27,"Clemmons Middle","PM2.5","Forsyth",36.026612,-80.341962
"3612",2024-04-12,14,"Clemmons Middle","PM2.5","Forsyth",36.026612,-80.341962
"3613",2024-04-13,15,"Clemmons Middle","PM2.5","Forsyth",36.026612,-80.341962
"3614",2024-04-14,33,"Clemmons Middle","PM2.5","Forsyth",36.026612,-80.341962
"3615",2024-04-15,51,"Clemmons Middle","PM2.5","Forsyth",36.026612,-80.341962
"3616",2024-04-16,61,"Clemmons Middle","PM2.5","Forsyth",36.026612,-80.341962
"3617",2024-04-17,67,"Clemmons Middle","PM2.5","Forsyth",36.026612,-80.341962
"3618",2024-04-18,40,"Clemmons Middle","PM2.5","Forsyth",36.026612,-80.341962
"3619",2024-04-19,61,"Clemmons Middle","PM2.5","Forsyth",36.026612,-80.341962
"3620",2024-04-20,53,"Clemmons Middle","PM2.5","Forsyth",36.026612,-80.341962
"3621",2024-04-21,26,"Clemmons Middle","PM2.5","Forsyth",36.026612,-80.341962
"3622",2024-04-22,28,"Clemmons Middle","PM2.5","Forsyth",36.026612,-80.341962
"3623",2024-04-23,37,"Clemmons Middle","PM2.5","Forsyth",36.026612,-80.341962
"3624",2024-04-24,44,"Clemmons Middle","PM2.5","Forsyth",36.026612,-80.341962
"3625",2024-04-25,38,"Clemmons Middle","PM2.5","Forsyth",36.026612,-80.341962
"3626",2024-04-26,52,"Clemmons Middle","PM2.5","Forsyth",36.026612,-80.341962
"3627",2024-04-27,52,"Clemmons Middle","PM2.5","Forsyth",36.026612,-80.341962
"3628",2024-04-28,44,"Clemmons Middle","PM2.5","Forsyth",36.026612,-80.341962
"3629",2024-04-29,49,"Clemmons Middle","PM2.5","Forsyth",36.026612,-80.341962
"3630",2024-04-30,44,"Clemmons Middle","PM2.5","Forsyth",36.026612,-80.341962
"3631",2024-05-01,31,"Clemmons Middle","PM2.5","Forsyth",36.026612,-80.341962
"3632",2024-05-02,43,"Clemmons Middle","PM2.5","Forsyth",36.026612,-80.341962
"3633",2024-05-03,55,"Clemmons Middle","PM2.5","Forsyth",36.026612,-80.341962
"3634",2024-05-04,41,"Clemmons Middle","PM2.5","Forsyth",36.026612,-80.341962
"3635",2024-05-05,17,"Clemmons Middle","PM2.5","Forsyth",36.026612,-80.341962
"3636",2024-05-06,38,"Clemmons Middle","PM2.5","Forsyth",36.026612,-80.341962
"3637",2024-05-07,38,"Clemmons Middle","PM2.5","Forsyth",36.026612,-80.341962
"3638",2024-05-08,54,"Clemmons Middle","PM2.5","Forsyth",36.026612,-80.341962
"3639",2024-05-09,24,"Clemmons Middle","PM2.5","Forsyth",36.026612,-80.341962
"3640",2024-05-10,22,"Clemmons Middle","PM2.5","Forsyth",36.026612,-80.341962
"3641",2024-05-11,22,"Clemmons Middle","PM2.5","Forsyth",36.026612,-80.341962
"3642",2024-05-12,30,"Clemmons Middle","PM2.5","Forsyth",36.026612,-80.341962
"3643",2024-05-13,41,"Clemmons Middle","PM2.5","Forsyth",36.026612,-80.341962
"3644",2024-05-14,26,"Clemmons Middle","PM2.5","Forsyth",36.026612,-80.341962
"3645",2024-05-15,28,"Clemmons Middle","PM2.5","Forsyth",36.026612,-80.341962
"3646",2024-05-16,26,"Clemmons Middle","PM2.5","Forsyth",36.026612,-80.341962
"3647",2024-05-17,34,"Clemmons Middle","PM2.5","Forsyth",36.026612,-80.341962
"3648",2024-05-18,32,"Clemmons Middle","PM2.5","Forsyth",36.026612,-80.341962
"3649",2024-05-19,19,"Clemmons Middle","PM2.5","Forsyth",36.026612,-80.341962
"3650",2024-05-20,32,"Clemmons Middle","PM2.5","Forsyth",36.026612,-80.341962
"3651",2024-05-21,45,"Clemmons Middle","PM2.5","Forsyth",36.026612,-80.341962
"3652",2024-05-22,52,"Clemmons Middle","PM2.5","Forsyth",36.026612,-80.341962
"3653",2024-05-23,52,"Clemmons Middle","PM2.5","Forsyth",36.026612,-80.341962
"3654",2024-05-24,29,"Clemmons Middle","PM2.5","Forsyth",36.026612,-80.341962
"3655",2024-05-25,28,"Clemmons Middle","PM2.5","Forsyth",36.026612,-80.341962
"3656",2024-05-26,42,"Clemmons Middle","PM2.5","Forsyth",36.026612,-80.341962
"3657",2024-05-27,29,"Clemmons Middle","PM2.5","Forsyth",36.026612,-80.341962
"3658",2024-05-28,27,"Clemmons Middle","PM2.5","Forsyth",36.026612,-80.341962
"3659",2024-05-29,23,"Clemmons Middle","PM2.5","Forsyth",36.026612,-80.341962
"3660",2024-05-30,24,"Clemmons Middle","PM2.5","Forsyth",36.026612,-80.341962
"3661",2024-05-31,27,"Clemmons Middle","PM2.5","Forsyth",36.026612,-80.341962
"3662",2024-06-01,41,"Clemmons Middle","PM2.5","Forsyth",36.026612,-80.341962
"3663",2024-06-02,38,"Clemmons Middle","PM2.5","Forsyth",36.026612,-80.341962
"3664",2024-06-03,45,"Clemmons Middle","PM2.5","Forsyth",36.026612,-80.341962
"3665",2024-06-04,51,"Clemmons Middle","PM2.5","Forsyth",36.026612,-80.341962
"3666",2024-06-05,49,"Clemmons Middle","PM2.5","Forsyth",36.026612,-80.341962
"3667",2024-06-06,39,"Clemmons Middle","PM2.5","Forsyth",36.026612,-80.341962
"3668",2024-06-07,26,"Clemmons Middle","PM2.5","Forsyth",36.026612,-80.341962
"3669",2024-06-08,30,"Clemmons Middle","PM2.5","Forsyth",36.026612,-80.341962
"3670",2024-06-09,37,"Clemmons Middle","PM2.5","Forsyth",36.026612,-80.341962
"3671",2024-06-10,22,"Clemmons Middle","PM2.5","Forsyth",36.026612,-80.341962
"3672",2024-06-11,40,"Clemmons Middle","PM2.5","Forsyth",36.026612,-80.341962
"3673",2024-06-12,57,"Clemmons Middle","PM2.5","Forsyth",36.026612,-80.341962
"3674",2024-06-13,59,"Clemmons Middle","PM2.5","Forsyth",36.026612,-80.341962
"3675",2024-06-14,65,"Clemmons Middle","PM2.5","Forsyth",36.026612,-80.341962
"3676",2024-06-15,57,"Clemmons Middle","PM2.5","Forsyth",36.026612,-80.341962
"3677",2024-06-16,52,"Clemmons Middle","PM2.5","Forsyth",36.026612,-80.341962
"3678",2024-06-17,55,"Clemmons Middle","PM2.5","Forsyth",36.026612,-80.341962
"3679",2024-06-18,56,"Clemmons Middle","PM2.5","Forsyth",36.026612,-80.341962
"3680",2024-06-19,51,"Clemmons Middle","PM2.5","Forsyth",36.026612,-80.341962
"3681",2024-06-20,51,"Clemmons Middle","PM2.5","Forsyth",36.026612,-80.341962
"3682",2024-06-21,52,"Clemmons Middle","PM2.5","Forsyth",36.026612,-80.341962
"3683",2024-06-22,41,"Clemmons Middle","PM2.5","Forsyth",36.026612,-80.341962
"3684",2024-06-23,39,"Clemmons Middle","PM2.5","Forsyth",36.026612,-80.341962
"3685",2024-06-24,37,"Clemmons Middle","PM2.5","Forsyth",36.026612,-80.341962
"3686",2024-06-25,42,"Clemmons Middle","PM2.5","Forsyth",36.026612,-80.341962
"3687",2024-06-26,60,"Clemmons Middle","PM2.5","Forsyth",36.026612,-80.341962
"3688",2024-06-27,51,"Clemmons Middle","PM2.5","Forsyth",36.026612,-80.341962
"3689",2024-06-28,53,"Clemmons Middle","PM2.5","Forsyth",36.026612,-80.341962
"3690",2024-06-29,40,"Clemmons Middle","PM2.5","Forsyth",36.026612,-80.341962
"3691",2024-06-30,37,"Clemmons Middle","PM2.5","Forsyth",36.026612,-80.341962
"3692",2024-07-01,34,"Clemmons Middle","PM2.5","Forsyth",36.026612,-80.341962
"3693",2024-07-02,22,"Clemmons Middle","PM2.5","Forsyth",36.026612,-80.341962
"3694",2024-07-03,44,"Clemmons Middle","PM2.5","Forsyth",36.026612,-80.341962
"3695",2024-07-04,58,"Clemmons Middle","PM2.5","Forsyth",36.026612,-80.341962
"3696",2024-07-05,52,"Clemmons Middle","PM2.5","Forsyth",36.026612,-80.341962
"3697",2024-07-06,29,"Clemmons Middle","PM2.5","Forsyth",36.026612,-80.341962
"3698",2024-07-07,32,"Clemmons Middle","PM2.5","Forsyth",36.026612,-80.341962
"3699",2024-07-08,34,"Clemmons Middle","PM2.5","Forsyth",36.026612,-80.341962
"3700",2024-07-09,36,"Clemmons Middle","PM2.5","Forsyth",36.026612,-80.341962
"3701",2024-07-10,30,"Clemmons Middle","PM2.5","Forsyth",36.026612,-80.341962
"3702",2024-07-11,26,"Clemmons Middle","PM2.5","Forsyth",36.026612,-80.341962
"3703",2024-07-12,28,"Clemmons Middle","PM2.5","Forsyth",36.026612,-80.341962
"3704",2024-07-13,25,"Clemmons Middle","PM2.5","Forsyth",36.026612,-80.341962
"3705",2024-07-14,53,"Clemmons Middle","PM2.5","Forsyth",36.026612,-80.341962
"3706",2024-07-15,55,"Clemmons Middle","PM2.5","Forsyth",36.026612,-80.341962
"3707",2024-07-16,55,"Clemmons Middle","PM2.5","Forsyth",36.026612,-80.341962
"3708",2024-07-17,43,"Clemmons Middle","PM2.5","Forsyth",36.026612,-80.341962
"3709",2024-07-18,34,"Clemmons Middle","PM2.5","Forsyth",36.026612,-80.341962
"3710",2024-07-19,41,"Clemmons Middle","PM2.5","Forsyth",36.026612,-80.341962
"3711",2024-07-20,24,"Clemmons Middle","PM2.5","Forsyth",36.026612,-80.341962
"3712",2024-07-21,19,"Clemmons Middle","PM2.5","Forsyth",36.026612,-80.341962
"3713",2024-07-22,22,"Clemmons Middle","PM2.5","Forsyth",36.026612,-80.341962
"3714",2024-07-23,25,"Clemmons Middle","PM2.5","Forsyth",36.026612,-80.341962
"3715",2024-07-24,32,"Clemmons Middle","PM2.5","Forsyth",36.026612,-80.341962
"3716",2024-07-25,22,"Clemmons Middle","PM2.5","Forsyth",36.026612,-80.341962
"3717",2024-07-26,50,"Clemmons Middle","PM2.5","Forsyth",36.026612,-80.341962
"3718",2024-07-27,59,"Clemmons Middle","PM2.5","Forsyth",36.026612,-80.341962
"3719",2024-07-28,59,"Clemmons Middle","PM2.5","Forsyth",36.026612,-80.341962
"3720",2024-07-29,44,"Clemmons Middle","PM2.5","Forsyth",36.026612,-80.341962
"3721",2024-07-30,34,"Clemmons Middle","PM2.5","Forsyth",36.026612,-80.341962
"3722",2024-07-31,37,"Clemmons Middle","PM2.5","Forsyth",36.026612,-80.341962
"3723",2024-08-01,38,"Clemmons Middle","PM2.5","Forsyth",36.026612,-80.341962
"3724",2024-08-02,50,"Clemmons Middle","PM2.5","Forsyth",36.026612,-80.341962
"3725",2024-08-03,56,"Clemmons Middle","PM2.5","Forsyth",36.026612,-80.341962
"3726",2024-08-04,38,"Clemmons Middle","PM2.5","Forsyth",36.026612,-80.341962
"3727",2024-08-05,34,"Clemmons Middle","PM2.5","Forsyth",36.026612,-80.341962
"3728",2024-08-06,19,"Clemmons Middle","PM2.5","Forsyth",36.026612,-80.341962
"3729",2024-08-07,21,"Clemmons Middle","PM2.5","Forsyth",36.026612,-80.341962
"3730",2024-08-08,13,"Clemmons Middle","PM2.5","Forsyth",36.026612,-80.341962
"3731",2024-08-09,22,"Clemmons Middle","PM2.5","Forsyth",36.026612,-80.341962
"3732",2024-08-10,43,"Clemmons Middle","PM2.5","Forsyth",36.026612,-80.341962
"3733",2024-08-11,51,"Clemmons Middle","PM2.5","Forsyth",36.026612,-80.341962
"3734",2024-08-12,43,"Clemmons Middle","PM2.5","Forsyth",36.026612,-80.341962
"3735",2024-08-13,41,"Clemmons Middle","PM2.5","Forsyth",36.026612,-80.341962
"3736",2024-08-14,43,"Clemmons Middle","PM2.5","Forsyth",36.026612,-80.341962
"3737",2024-08-15,52,"Clemmons Middle","PM2.5","Forsyth",36.026612,-80.341962
"3738",2024-08-16,53,"Clemmons Middle","PM2.5","Forsyth",36.026612,-80.341962
"3739",2024-08-17,32,"Clemmons Middle","PM2.5","Forsyth",36.026612,-80.341962
"3740",2024-08-18,33,"Clemmons Middle","PM2.5","Forsyth",36.026612,-80.341962
"3741",2024-08-19,25,"Clemmons Middle","PM2.5","Forsyth",36.026612,-80.341962
"3742",2024-08-20,43,"Clemmons Middle","PM2.5","Forsyth",36.026612,-80.341962
"3743",2024-08-21,43,"Clemmons Middle","PM2.5","Forsyth",36.026612,-80.341962
"3744",2024-08-22,47,"Clemmons Middle","PM2.5","Forsyth",36.026612,-80.341962
"3745",2024-08-23,50,"Clemmons Middle","PM2.5","Forsyth",36.026612,-80.341962
"3746",2024-08-24,54,"Clemmons Middle","PM2.5","Forsyth",36.026612,-80.341962
"3747",2024-08-25,56,"Clemmons Middle","PM2.5","Forsyth",36.026612,-80.341962
"3748",2024-08-26,59,"Clemmons Middle","PM2.5","Forsyth",36.026612,-80.341962
"3749",2024-08-27,63,"Clemmons Middle","PM2.5","Forsyth",36.026612,-80.341962
"3750",2024-08-28,64,"Clemmons Middle","PM2.5","Forsyth",36.026612,-80.341962
"3751",2024-08-29,60,"Clemmons Middle","PM2.5","Forsyth",36.026612,-80.341962
"3752",2024-08-30,52,"Clemmons Middle","PM2.5","Forsyth",36.026612,-80.341962
"3753",2024-08-31,43,"Clemmons Middle","PM2.5","Forsyth",36.026612,-80.341962
"3754",2024-09-01,31,"Clemmons Middle","PM2.5","Forsyth",36.026612,-80.341962
"3755",2024-09-02,35,"Clemmons Middle","PM2.5","Forsyth",36.026612,-80.341962
"3756",2024-09-03,21,"Clemmons Middle","PM2.5","Forsyth",36.026612,-80.341962
"3757",2024-09-04,23,"Clemmons Middle","PM2.5","Forsyth",36.026612,-80.341962
"3758",2024-09-05,28,"Clemmons Middle","PM2.5","Forsyth",36.026612,-80.341962
"3759",2024-09-06,33,"Clemmons Middle","PM2.5","Forsyth",36.026612,-80.341962
"3760",2024-09-07,31,"Clemmons Middle","PM2.5","Forsyth",36.026612,-80.341962
"3761",2024-09-08,18,"Clemmons Middle","PM2.5","Forsyth",36.026612,-80.341962
"3762",2024-09-09,28,"Clemmons Middle","PM2.5","Forsyth",36.026612,-80.341962
"3763",2024-09-10,29,"Clemmons Middle","PM2.5","Forsyth",36.026612,-80.341962
"3764",2024-09-11,38,"Clemmons Middle","PM2.5","Forsyth",36.026612,-80.341962
"3765",2024-09-12,47,"Clemmons Middle","PM2.5","Forsyth",36.026612,-80.341962
"3766",2024-09-13,37,"Clemmons Middle","PM2.5","Forsyth",36.026612,-80.341962
"3767",2024-09-14,27,"Clemmons Middle","PM2.5","Forsyth",36.026612,-80.341962
"3768",2024-09-15,34,"Clemmons Middle","PM2.5","Forsyth",36.026612,-80.341962
"3769",2024-09-16,34,"Clemmons Middle","PM2.5","Forsyth",36.026612,-80.341962
"3770",2024-09-17,20,"Clemmons Middle","PM2.5","Forsyth",36.026612,-80.341962
"3771",2024-09-18,41,"Clemmons Middle","PM2.5","Forsyth",36.026612,-80.341962
"3772",2024-09-19,17,"Clemmons Middle","PM2.5","Forsyth",36.026612,-80.341962
"3773",2024-09-20,27,"Clemmons Middle","PM2.5","Forsyth",36.026612,-80.341962
"3774",2024-09-21,39,"Clemmons Middle","PM2.5","Forsyth",36.026612,-80.341962
"3775",2024-09-22,46,"Clemmons Middle","PM2.5","Forsyth",36.026612,-80.341962
"3776",2024-09-23,53,"Clemmons Middle","PM2.5","Forsyth",36.026612,-80.341962
"3777",2024-09-24,53,"Clemmons Middle","PM2.5","Forsyth",36.026612,-80.341962
"3778",2024-09-25,34,"Clemmons Middle","PM2.5","Forsyth",36.026612,-80.341962
"3779",2024-09-26,23,"Clemmons Middle","PM2.5","Forsyth",36.026612,-80.341962
"3780",2024-09-27,20,"Clemmons Middle","PM2.5","Forsyth",36.026612,-80.341962
"3781",2024-09-28,43,"Clemmons Middle","PM2.5","Forsyth",36.026612,-80.341962
"3782",2024-09-29,43,"Clemmons Middle","PM2.5","Forsyth",36.026612,-80.341962
"3783",2024-09-30,46,"Clemmons Middle","PM2.5","Forsyth",36.026612,-80.341962
"3784",2024-10-01,18,"Clemmons Middle","PM2.5","Forsyth",36.026612,-80.341962
"3785",2024-10-02,20,"Clemmons Middle","PM2.5","Forsyth",36.026612,-80.341962
"3786",2024-10-03,36,"Clemmons Middle","PM2.5","Forsyth",36.026612,-80.341962
"3787",2024-10-04,40,"Clemmons Middle","PM2.5","Forsyth",36.026612,-80.341962
"3788",2024-10-05,46,"Clemmons Middle","PM2.5","Forsyth",36.026612,-80.341962
"3789",2024-10-06,53,"Clemmons Middle","PM2.5","Forsyth",36.026612,-80.341962
"3790",2024-10-07,54,"Clemmons Middle","PM2.5","Forsyth",36.026612,-80.341962
"3791",2024-10-08,51,"Clemmons Middle","PM2.5","Forsyth",36.026612,-80.341962
"3792",2024-10-09,34,"Clemmons Middle","PM2.5","Forsyth",36.026612,-80.341962
"3793",2024-10-10,21,"Clemmons Middle","PM2.5","Forsyth",36.026612,-80.341962
"3794",2024-10-11,25,"Clemmons Middle","PM2.5","Forsyth",36.026612,-80.341962
"3795",2024-10-12,48,"Clemmons Middle","PM2.5","Forsyth",36.026612,-80.341962
"3796",2024-10-13,51,"Clemmons Middle","PM2.5","Forsyth",36.026612,-80.341962
"3797",2024-10-14,38,"Clemmons Middle","PM2.5","Forsyth",36.026612,-80.341962
"3798",2024-10-15,17,"Clemmons Middle","PM2.5","Forsyth",36.026612,-80.341962
"3799",2024-10-16,13,"Clemmons Middle","PM2.5","Forsyth",36.026612,-80.341962
"3800",2024-10-17,23,"Clemmons Middle","PM2.5","Forsyth",36.026612,-80.341962
"3801",2024-10-18,28,"Clemmons Middle","PM2.5","Forsyth",36.026612,-80.341962
"3802",2024-10-19,32,"Clemmons Middle","PM2.5","Forsyth",36.026612,-80.341962
"3803",2024-10-20,35,"Clemmons Middle","PM2.5","Forsyth",36.026612,-80.341962
"3804",2024-10-21,37,"Clemmons Middle","PM2.5","Forsyth",36.026612,-80.341962
"3805",2024-10-22,37,"Clemmons Middle","PM2.5","Forsyth",36.026612,-80.341962
"3806",2024-10-23,43,"Clemmons Middle","PM2.5","Forsyth",36.026612,-80.341962
"3807",2024-10-24,52,"Clemmons Middle","PM2.5","Forsyth",36.026612,-80.341962
"3808",2024-10-25,57,"Clemmons Middle","PM2.5","Forsyth",36.026612,-80.341962
"3809",2024-10-26,57,"Clemmons Middle","PM2.5","Forsyth",36.026612,-80.341962
"3810",2024-10-27,31,"Clemmons Middle","PM2.5","Forsyth",36.026612,-80.341962
"3811",2024-10-28,47,"Clemmons Middle","PM2.5","Forsyth",36.026612,-80.341962
"3812",2024-10-29,54,"Clemmons Middle","PM2.5","Forsyth",36.026612,-80.341962
"3813",2024-10-30,52,"Clemmons Middle","PM2.5","Forsyth",36.026612,-80.341962
"3814",2024-10-31,46,"Clemmons Middle","PM2.5","Forsyth",36.026612,-80.341962
"3815",2024-11-01,44,"Clemmons Middle","PM2.5","Forsyth",36.026612,-80.341962
"3816",2024-11-02,35,"Clemmons Middle","PM2.5","Forsyth",36.026612,-80.341962
"3817",2024-11-03,37,"Clemmons Middle","PM2.5","Forsyth",36.026612,-80.341962
"3818",2024-11-04,33,"Clemmons Middle","PM2.5","Forsyth",36.026612,-80.341962
"3819",2024-11-05,41,"Clemmons Middle","PM2.5","Forsyth",36.026612,-80.341962
"3820",2024-11-06,44,"Clemmons Middle","PM2.5","Forsyth",36.026612,-80.341962
"3821",2024-11-07,29,"Clemmons Middle","PM2.5","Forsyth",36.026612,-80.341962
"3822",2024-11-08,42,"Clemmons Middle","PM2.5","Forsyth",36.026612,-80.341962
"3823",2024-11-09,33,"Clemmons Middle","PM2.5","Forsyth",36.026612,-80.341962
"3824",2024-11-10,44,"Clemmons Middle","PM2.5","Forsyth",36.026612,-80.341962
"3825",2024-11-11,46,"Clemmons Middle","PM2.5","Forsyth",36.026612,-80.341962
"3826",2024-11-12,25,"Clemmons Middle","PM2.5","Forsyth",36.026612,-80.341962
"3827",2024-11-13,16,"Clemmons Middle","PM2.5","Forsyth",36.026612,-80.341962
"3828",2024-11-14,26,"Clemmons Middle","PM2.5","Forsyth",36.026612,-80.341962
"3829",2024-11-15,20,"Clemmons Middle","PM2.5","Forsyth",36.026612,-80.341962
"3830",2024-11-16,25,"Clemmons Middle","PM2.5","Forsyth",36.026612,-80.341962
"3831",2024-11-17,56,"Clemmons Middle","PM2.5","Forsyth",36.026612,-80.341962
"3832",2024-11-18,58,"Clemmons Middle","PM2.5","Forsyth",36.026612,-80.341962
"3833",2024-11-19,56,"Clemmons Middle","PM2.5","Forsyth",36.026612,-80.341962
"3834",2024-11-20,42,"Clemmons Middle","PM2.5","Forsyth",36.026612,-80.341962
"3835",2024-11-21,12,"Clemmons Middle","PM2.5","Forsyth",36.026612,-80.341962
"3836",2024-11-22,11,"Clemmons Middle","PM2.5","Forsyth",36.026612,-80.341962
"3837",2024-11-23,7,"Clemmons Middle","PM2.5","Forsyth",36.026612,-80.341962
"3838",2024-11-24,29,"Clemmons Middle","PM2.5","Forsyth",36.026612,-80.341962
"3839",2024-11-25,50,"Clemmons Middle","PM2.5","Forsyth",36.026612,-80.341962
"3840",2024-11-26,44,"Clemmons Middle","PM2.5","Forsyth",36.026612,-80.341962
"3841",2024-11-27,51,"Clemmons Middle","PM2.5","Forsyth",36.026612,-80.341962
"3842",2024-11-28,48,"Clemmons Middle","PM2.5","Forsyth",36.026612,-80.341962
"3843",2024-11-29,29,"Clemmons Middle","PM2.5","Forsyth",36.026612,-80.341962
"3844",2024-11-30,27,"Clemmons Middle","PM2.5","Forsyth",36.026612,-80.341962
"3845",2024-12-01,38,"Clemmons Middle","PM2.5","Forsyth",36.026612,-80.341962
"3846",2024-12-02,24,"Clemmons Middle","PM2.5","Forsyth",36.026612,-80.341962
"3847",2024-12-03,33,"Clemmons Middle","PM2.5","Forsyth",36.026612,-80.341962
"3848",2024-12-04,53,"Clemmons Middle","PM2.5","Forsyth",36.026612,-80.341962
"3849",2024-12-05,47,"Clemmons Middle","PM2.5","Forsyth",36.026612,-80.341962
"3850",2024-12-06,29,"Clemmons Middle","PM2.5","Forsyth",36.026612,-80.341962
"3851",2024-12-07,50,"Clemmons Middle","PM2.5","Forsyth",36.026612,-80.341962
"3852",2024-12-08,53,"Clemmons Middle","PM2.5","Forsyth",36.026612,-80.341962
"3853",2024-12-09,57,"Clemmons Middle","PM2.5","Forsyth",36.026612,-80.341962
"3854",2024-12-10,58,"Clemmons Middle","PM2.5","Forsyth",36.026612,-80.341962
"3855",2024-12-11,14,"Clemmons Middle","PM2.5","Forsyth",36.026612,-80.341962
"3856",2024-12-12,22,"Clemmons Middle","PM2.5","Forsyth",36.026612,-80.341962
"3857",2024-12-13,51,"Clemmons Middle","PM2.5","Forsyth",36.026612,-80.341962
"3858",2024-12-14,49,"Clemmons Middle","PM2.5","Forsyth",36.026612,-80.341962
"3859",2024-12-15,41,"Clemmons Middle","PM2.5","Forsyth",36.026612,-80.341962
"3860",2024-12-16,44,"Clemmons Middle","PM2.5","Forsyth",36.026612,-80.341962
"3861",2024-12-17,49,"Clemmons Middle","PM2.5","Forsyth",36.026612,-80.341962
"3862",2024-12-18,54,"Clemmons Middle","PM2.5","Forsyth",36.026612,-80.341962
"3863",2024-12-19,17,"Clemmons Middle","PM2.5","Forsyth",36.026612,-80.341962
"3864",2024-12-20,31,"Clemmons Middle","PM2.5","Forsyth",36.026612,-80.341962
"3865",2024-12-21,22,"Clemmons Middle","PM2.5","Forsyth",36.026612,-80.341962
"3866",2024-12-22,29,"Clemmons Middle","PM2.5","Forsyth",36.026612,-80.341962
"3867",2024-12-23,59,"Clemmons Middle","PM2.5","Forsyth",36.026612,-80.341962
"3868",2024-12-24,62,"Clemmons Middle","PM2.5","Forsyth",36.026612,-80.341962
"3869",2024-12-25,53,"Clemmons Middle","PM2.5","Forsyth",36.026612,-80.341962
"3870",2024-12-26,57,"Clemmons Middle","PM2.5","Forsyth",36.026612,-80.341962
"3871",2024-12-27,59,"Clemmons Middle","PM2.5","Forsyth",36.026612,-80.341962
"3872",2024-12-28,25,"Clemmons Middle","PM2.5","Forsyth",36.026612,-80.341962
"3873",2024-12-29,19,"Clemmons Middle","PM2.5","Forsyth",36.026612,-80.341962
"3874",2024-12-30,23,"Clemmons Middle","PM2.5","Forsyth",36.026612,-80.341962
"3875",2024-12-31,53,"Clemmons Middle","PM2.5","Forsyth",36.026612,-80.341962
"3876",2024-01-01,53,"Mendenhall School","PM2.5","Guilford",36.1090060008986,-79.802314
"3877",2024-01-02,33,"Mendenhall School","PM2.5","Guilford",36.1090060008986,-79.802314
"3878",2024-01-03,55,"Mendenhall School","PM2.5","Guilford",36.1090060008986,-79.802314
"3879",2024-01-04,31,"Mendenhall School","PM2.5","Guilford",36.1090060008986,-79.802314
"3880",2024-01-05,51,"Mendenhall School","PM2.5","Guilford",36.1090060008986,-79.802314
"3881",2024-01-06,48,"Mendenhall School","PM2.5","Guilford",36.1090060008986,-79.802314
"3882",2024-01-07,24,"Mendenhall School","PM2.5","Guilford",36.1090060008986,-79.802314
"3883",2024-01-08,27,"Mendenhall School","PM2.5","Guilford",36.1090060008986,-79.802314
"3884",2024-01-09,27,"Mendenhall School","PM2.5","Guilford",36.1090060008986,-79.802314
"3885",2024-01-10,24,"Mendenhall School","PM2.5","Guilford",36.1090060008986,-79.802314
"3886",2024-01-11,46,"Mendenhall School","PM2.5","Guilford",36.1090060008986,-79.802314
"3887",2024-01-12,55,"Mendenhall School","PM2.5","Guilford",36.1090060008986,-79.802314
"3888",2024-01-13,22,"Mendenhall School","PM2.5","Guilford",36.1090060008986,-79.802314
"3889",2024-01-14,32,"Mendenhall School","PM2.5","Guilford",36.1090060008986,-79.802314
"3890",2024-01-15,39,"Mendenhall School","PM2.5","Guilford",36.1090060008986,-79.802314
"3891",2024-01-16,39,"Mendenhall School","PM2.5","Guilford",36.1090060008986,-79.802314
"3892",2024-01-23,60,"Mendenhall School","PM2.5","Guilford",36.1090060008986,-79.802314
"3893",2024-01-24,55,"Mendenhall School","PM2.5","Guilford",36.1090060008986,-79.802314
"3894",2024-01-25,17,"Mendenhall School","PM2.5","Guilford",36.1090060008986,-79.802314
"3895",2024-01-26,29,"Mendenhall School","PM2.5","Guilford",36.1090060008986,-79.802314
"3896",2024-01-27,24,"Mendenhall School","PM2.5","Guilford",36.1090060008986,-79.802314
"3897",2024-01-28,8,"Mendenhall School","PM2.5","Guilford",36.1090060008986,-79.802314
"3898",2024-01-29,0,"Mendenhall School","PM2.5","Guilford",36.1090060008986,-79.802314
"3899",2024-01-30,19,"Mendenhall School","PM2.5","Guilford",36.1090060008986,-79.802314
"3900",2024-01-31,35,"Mendenhall School","PM2.5","Guilford",36.1090060008986,-79.802314
"3901",2024-02-01,28,"Mendenhall School","PM2.5","Guilford",36.1090060008986,-79.802314
"3902",2024-02-02,35,"Mendenhall School","PM2.5","Guilford",36.1090060008986,-79.802314
"3903",2024-02-06,32,"Mendenhall School","PM2.5","Guilford",36.1090060008986,-79.802314
"3904",2024-02-07,37,"Mendenhall School","PM2.5","Guilford",36.1090060008986,-79.802314
"3905",2024-02-08,52,"Mendenhall School","PM2.5","Guilford",36.1090060008986,-79.802314
"3906",2024-02-09,69,"Mendenhall School","PM2.5","Guilford",36.1090060008986,-79.802314
"3907",2024-02-10,59,"Mendenhall School","PM2.5","Guilford",36.1090060008986,-79.802314
"3908",2024-02-11,29,"Mendenhall School","PM2.5","Guilford",36.1090060008986,-79.802314
"3909",2024-02-12,21,"Mendenhall School","PM2.5","Guilford",36.1090060008986,-79.802314
"3910",2024-02-13,12,"Mendenhall School","PM2.5","Guilford",36.1090060008986,-79.802314
"3911",2024-02-14,29,"Mendenhall School","PM2.5","Guilford",36.1090060008986,-79.802314
"3912",2024-02-15,36,"Mendenhall School","PM2.5","Guilford",36.1090060008986,-79.802314
"3913",2024-02-16,39,"Mendenhall School","PM2.5","Guilford",36.1090060008986,-79.802314
"3914",2024-02-17,27,"Mendenhall School","PM2.5","Guilford",36.1090060008986,-79.802314
"3915",2024-02-18,29,"Mendenhall School","PM2.5","Guilford",36.1090060008986,-79.802314
"3916",2024-02-19,32,"Mendenhall School","PM2.5","Guilford",36.1090060008986,-79.802314
"3917",2024-02-20,49,"Mendenhall School","PM2.5","Guilford",36.1090060008986,-79.802314
"3918",2024-02-21,54,"Mendenhall School","PM2.5","Guilford",36.1090060008986,-79.802314
"3919",2024-02-22,77,"Mendenhall School","PM2.5","Guilford",36.1090060008986,-79.802314
"3920",2024-02-23,73,"Mendenhall School","PM2.5","Guilford",36.1090060008986,-79.802314
"3921",2024-02-24,18,"Mendenhall School","PM2.5","Guilford",36.1090060008986,-79.802314
"3922",2024-02-25,21,"Mendenhall School","PM2.5","Guilford",36.1090060008986,-79.802314
"3923",2024-02-26,57,"Mendenhall School","PM2.5","Guilford",36.1090060008986,-79.802314
"3924",2024-02-27,63,"Mendenhall School","PM2.5","Guilford",36.1090060008986,-79.802314
"3925",2024-02-28,52,"Mendenhall School","PM2.5","Guilford",36.1090060008986,-79.802314
"3926",2024-02-29,17,"Mendenhall School","PM2.5","Guilford",36.1090060008986,-79.802314
"3927",2024-03-01,41,"Mendenhall School","PM2.5","Guilford",36.1090060008986,-79.802314
"3928",2024-03-02,18,"Mendenhall School","PM2.5","Guilford",36.1090060008986,-79.802314
"3929",2024-03-03,52,"Mendenhall School","PM2.5","Guilford",36.1090060008986,-79.802314
"3930",2024-03-04,28,"Mendenhall School","PM2.5","Guilford",36.1090060008986,-79.802314
"3931",2024-03-05,18,"Mendenhall School","PM2.5","Guilford",36.1090060008986,-79.802314
"3932",2024-03-06,34,"Mendenhall School","PM2.5","Guilford",36.1090060008986,-79.802314
"3933",2024-03-07,16,"Mendenhall School","PM2.5","Guilford",36.1090060008986,-79.802314
"3934",2024-03-08,24,"Mendenhall School","PM2.5","Guilford",36.1090060008986,-79.802314
"3935",2024-03-09,12,"Mendenhall School","PM2.5","Guilford",36.1090060008986,-79.802314
"3936",2024-03-10,10,"Mendenhall School","PM2.5","Guilford",36.1090060008986,-79.802314
"3937",2024-03-11,6,"Mendenhall School","PM2.5","Guilford",36.1090060008986,-79.802314
"3938",2024-03-12,19,"Mendenhall School","PM2.5","Guilford",36.1090060008986,-79.802314
"3939",2024-03-13,41,"Mendenhall School","PM2.5","Guilford",36.1090060008986,-79.802314
"3940",2024-03-14,62,"Mendenhall School","PM2.5","Guilford",36.1090060008986,-79.802314
"3941",2024-03-15,87,"Mendenhall School","PM2.5","Guilford",36.1090060008986,-79.802314
"3942",2024-03-16,41,"Mendenhall School","PM2.5","Guilford",36.1090060008986,-79.802314
"3943",2024-03-17,32,"Mendenhall School","PM2.5","Guilford",36.1090060008986,-79.802314
"3944",2024-03-18,13,"Mendenhall School","PM2.5","Guilford",36.1090060008986,-79.802314
"3945",2024-03-19,20,"Mendenhall School","PM2.5","Guilford",36.1090060008986,-79.802314
"3946",2024-03-20,32,"Mendenhall School","PM2.5","Guilford",36.1090060008986,-79.802314
"3947",2024-03-21,25,"Mendenhall School","PM2.5","Guilford",36.1090060008986,-79.802314
"3948",2024-03-22,55,"Mendenhall School","PM2.5","Guilford",36.1090060008986,-79.802314
"3949",2024-03-23,13,"Mendenhall School","PM2.5","Guilford",36.1090060008986,-79.802314
"3950",2024-03-24,22,"Mendenhall School","PM2.5","Guilford",36.1090060008986,-79.802314
"3951",2024-03-25,32,"Mendenhall School","PM2.5","Guilford",36.1090060008986,-79.802314
"3952",2024-03-26,48,"Mendenhall School","PM2.5","Guilford",36.1090060008986,-79.802314
"3953",2024-03-27,22,"Mendenhall School","PM2.5","Guilford",36.1090060008986,-79.802314
"3954",2024-03-28,18,"Mendenhall School","PM2.5","Guilford",36.1090060008986,-79.802314
"3955",2024-03-29,40,"Mendenhall School","PM2.5","Guilford",36.1090060008986,-79.802314
"3956",2024-03-30,46,"Mendenhall School","PM2.5","Guilford",36.1090060008986,-79.802314
"3957",2024-03-31,53,"Mendenhall School","PM2.5","Guilford",36.1090060008986,-79.802314
"3958",2024-04-01,59,"Mendenhall School","PM2.5","Guilford",36.1090060008986,-79.802314
"3959",2024-04-02,64,"Mendenhall School","PM2.5","Guilford",36.1090060008986,-79.802314
"3960",2024-04-03,37,"Mendenhall School","PM2.5","Guilford",36.1090060008986,-79.802314
"3961",2024-04-04,11,"Mendenhall School","PM2.5","Guilford",36.1090060008986,-79.802314
"3962",2024-04-05,6,"Mendenhall School","PM2.5","Guilford",36.1090060008986,-79.802314
"3963",2024-04-06,16,"Mendenhall School","PM2.5","Guilford",36.1090060008986,-79.802314
"3964",2024-04-07,28,"Mendenhall School","PM2.5","Guilford",36.1090060008986,-79.802314
"3965",2024-04-08,56,"Mendenhall School","PM2.5","Guilford",36.1090060008986,-79.802314
"3966",2024-04-09,53,"Mendenhall School","PM2.5","Guilford",36.1090060008986,-79.802314
"3967",2024-04-10,52,"Mendenhall School","PM2.5","Guilford",36.1090060008986,-79.802314
"3968",2024-04-11,23,"Mendenhall School","PM2.5","Guilford",36.1090060008986,-79.802314
"3969",2024-04-12,8,"Mendenhall School","PM2.5","Guilford",36.1090060008986,-79.802314
"3970",2024-04-13,22,"Mendenhall School","PM2.5","Guilford",36.1090060008986,-79.802314
"3971",2024-04-14,47,"Mendenhall School","PM2.5","Guilford",36.1090060008986,-79.802314
"3972",2024-04-15,56,"Mendenhall School","PM2.5","Guilford",36.1090060008986,-79.802314
"3973",2024-04-16,58,"Mendenhall School","PM2.5","Guilford",36.1090060008986,-79.802314
"3974",2024-04-17,64,"Mendenhall School","PM2.5","Guilford",36.1090060008986,-79.802314
"3975",2024-04-18,42,"Mendenhall School","PM2.5","Guilford",36.1090060008986,-79.802314
"3976",2024-04-19,60,"Mendenhall School","PM2.5","Guilford",36.1090060008986,-79.802314
"3977",2024-04-20,55,"Mendenhall School","PM2.5","Guilford",36.1090060008986,-79.802314
"3978",2024-04-21,23,"Mendenhall School","PM2.5","Guilford",36.1090060008986,-79.802314
"3979",2024-04-22,32,"Mendenhall School","PM2.5","Guilford",36.1090060008986,-79.802314
"3980",2024-04-23,41,"Mendenhall School","PM2.5","Guilford",36.1090060008986,-79.802314
"3981",2024-04-24,51,"Mendenhall School","PM2.5","Guilford",36.1090060008986,-79.802314
"3982",2024-04-25,35,"Mendenhall School","PM2.5","Guilford",36.1090060008986,-79.802314
"3983",2024-04-26,51,"Mendenhall School","PM2.5","Guilford",36.1090060008986,-79.802314
"3984",2024-04-27,44,"Mendenhall School","PM2.5","Guilford",36.1090060008986,-79.802314
"3985",2024-04-28,43,"Mendenhall School","PM2.5","Guilford",36.1090060008986,-79.802314
"3986",2024-04-29,53,"Mendenhall School","PM2.5","Guilford",36.1090060008986,-79.802314
"3987",2024-04-30,51,"Mendenhall School","PM2.5","Guilford",36.1090060008986,-79.802314
"3988",2024-05-01,53,"Mendenhall School","PM2.5","Guilford",36.1090060008986,-79.802314
"3989",2024-05-02,57,"Mendenhall School","PM2.5","Guilford",36.1090060008986,-79.802314
"3990",2024-05-03,55,"Mendenhall School","PM2.5","Guilford",36.1090060008986,-79.802314
"3991",2024-05-04,45,"Mendenhall School","PM2.5","Guilford",36.1090060008986,-79.802314
"3992",2024-05-05,18,"Mendenhall School","PM2.5","Guilford",36.1090060008986,-79.802314
"3993",2024-05-06,43,"Mendenhall School","PM2.5","Guilford",36.1090060008986,-79.802314
"3994",2024-05-07,37,"Mendenhall School","PM2.5","Guilford",36.1090060008986,-79.802314
"3995",2024-05-08,53,"Mendenhall School","PM2.5","Guilford",36.1090060008986,-79.802314
"3996",2024-05-09,24,"Mendenhall School","PM2.5","Guilford",36.1090060008986,-79.802314
"3997",2024-05-10,27,"Mendenhall School","PM2.5","Guilford",36.1090060008986,-79.802314
"3998",2024-05-11,24,"Mendenhall School","PM2.5","Guilford",36.1090060008986,-79.802314
"3999",2024-05-12,27,"Mendenhall School","PM2.5","Guilford",36.1090060008986,-79.802314
"4000",2024-05-13,43,"Mendenhall School","PM2.5","Guilford",36.1090060008986,-79.802314
"4001",2024-05-14,27,"Mendenhall School","PM2.5","Guilford",36.1090060008986,-79.802314
"4002",2024-05-15,13,"Mendenhall School","PM2.5","Guilford",36.1090060008986,-79.802314
"4003",2024-05-16,17,"Mendenhall School","PM2.5","Guilford",36.1090060008986,-79.802314
"4004",2024-05-17,35,"Mendenhall School","PM2.5","Guilford",36.1090060008986,-79.802314
"4005",2024-05-18,31,"Mendenhall School","PM2.5","Guilford",36.1090060008986,-79.802314
"4006",2024-05-19,15,"Mendenhall School","PM2.5","Guilford",36.1090060008986,-79.802314
"4007",2024-05-20,26,"Mendenhall School","PM2.5","Guilford",36.1090060008986,-79.802314
"4008",2024-05-21,37,"Mendenhall School","PM2.5","Guilford",36.1090060008986,-79.802314
"4009",2024-05-22,51,"Mendenhall School","PM2.5","Guilford",36.1090060008986,-79.802314
"4010",2024-05-23,52,"Mendenhall School","PM2.5","Guilford",36.1090060008986,-79.802314
"4011",2024-05-24,39,"Mendenhall School","PM2.5","Guilford",36.1090060008986,-79.802314
"4012",2024-05-25,44,"Mendenhall School","PM2.5","Guilford",36.1090060008986,-79.802314
"4013",2024-05-26,46,"Mendenhall School","PM2.5","Guilford",36.1090060008986,-79.802314
"4014",2024-05-27,33,"Mendenhall School","PM2.5","Guilford",36.1090060008986,-79.802314
"4015",2024-05-28,26,"Mendenhall School","PM2.5","Guilford",36.1090060008986,-79.802314
"4016",2024-05-29,23,"Mendenhall School","PM2.5","Guilford",36.1090060008986,-79.802314
"4017",2024-05-30,17,"Mendenhall School","PM2.5","Guilford",36.1090060008986,-79.802314
"4018",2024-05-31,29,"Mendenhall School","PM2.5","Guilford",36.1090060008986,-79.802314
"4019",2024-06-01,46,"Mendenhall School","PM2.5","Guilford",36.1090060008986,-79.802314
"4020",2024-06-02,47,"Mendenhall School","PM2.5","Guilford",36.1090060008986,-79.802314
"4021",2024-06-03,43,"Mendenhall School","PM2.5","Guilford",36.1090060008986,-79.802314
"4022",2024-06-04,44,"Mendenhall School","PM2.5","Guilford",36.1090060008986,-79.802314
"4023",2024-06-05,46,"Mendenhall School","PM2.5","Guilford",36.1090060008986,-79.802314
"4024",2024-06-06,42,"Mendenhall School","PM2.5","Guilford",36.1090060008986,-79.802314
"4025",2024-06-07,31,"Mendenhall School","PM2.5","Guilford",36.1090060008986,-79.802314
"4026",2024-06-08,39,"Mendenhall School","PM2.5","Guilford",36.1090060008986,-79.802314
"4027",2024-06-09,48,"Mendenhall School","PM2.5","Guilford",36.1090060008986,-79.802314
"4028",2024-06-10,23,"Mendenhall School","PM2.5","Guilford",36.1090060008986,-79.802314
"4029",2024-06-11,35,"Mendenhall School","PM2.5","Guilford",36.1090060008986,-79.802314
"4030",2024-06-12,53,"Mendenhall School","PM2.5","Guilford",36.1090060008986,-79.802314
"4031",2024-06-13,55,"Mendenhall School","PM2.5","Guilford",36.1090060008986,-79.802314
"4032",2024-06-14,58,"Mendenhall School","PM2.5","Guilford",36.1090060008986,-79.802314
"4033",2024-06-15,50,"Mendenhall School","PM2.5","Guilford",36.1090060008986,-79.802314
"4034",2024-06-16,51,"Mendenhall School","PM2.5","Guilford",36.1090060008986,-79.802314
"4035",2024-06-17,51,"Mendenhall School","PM2.5","Guilford",36.1090060008986,-79.802314
"4036",2024-06-18,52,"Mendenhall School","PM2.5","Guilford",36.1090060008986,-79.802314
"4037",2024-06-19,34,"Mendenhall School","PM2.5","Guilford",36.1090060008986,-79.802314
"4038",2024-06-20,48,"Mendenhall School","PM2.5","Guilford",36.1090060008986,-79.802314
"4039",2024-06-21,53,"Mendenhall School","PM2.5","Guilford",36.1090060008986,-79.802314
"4040",2024-06-22,42,"Mendenhall School","PM2.5","Guilford",36.1090060008986,-79.802314
"4041",2024-06-23,44,"Mendenhall School","PM2.5","Guilford",36.1090060008986,-79.802314
"4042",2024-06-24,38,"Mendenhall School","PM2.5","Guilford",36.1090060008986,-79.802314
"4043",2024-06-25,39,"Mendenhall School","PM2.5","Guilford",36.1090060008986,-79.802314
"4044",2024-06-26,62,"Mendenhall School","PM2.5","Guilford",36.1090060008986,-79.802314
"4045",2024-06-27,41,"Mendenhall School","PM2.5","Guilford",36.1090060008986,-79.802314
"4046",2024-06-28,52,"Mendenhall School","PM2.5","Guilford",36.1090060008986,-79.802314
"4047",2024-06-29,49,"Mendenhall School","PM2.5","Guilford",36.1090060008986,-79.802314
"4048",2024-06-30,47,"Mendenhall School","PM2.5","Guilford",36.1090060008986,-79.802314
"4049",2024-07-01,28,"Mendenhall School","PM2.5","Guilford",36.1090060008986,-79.802314
"4050",2024-07-02,26,"Mendenhall School","PM2.5","Guilford",36.1090060008986,-79.802314
"4051",2024-07-03,51,"Mendenhall School","PM2.5","Guilford",36.1090060008986,-79.802314
"4052",2024-07-04,61,"Mendenhall School","PM2.5","Guilford",36.1090060008986,-79.802314
"4053",2024-07-05,65,"Mendenhall School","PM2.5","Guilford",36.1090060008986,-79.802314
"4054",2024-07-06,35,"Mendenhall School","PM2.5","Guilford",36.1090060008986,-79.802314
"4055",2024-07-07,38,"Mendenhall School","PM2.5","Guilford",36.1090060008986,-79.802314
"4056",2024-07-08,43,"Mendenhall School","PM2.5","Guilford",36.1090060008986,-79.802314
"4057",2024-07-09,53,"Mendenhall School","PM2.5","Guilford",36.1090060008986,-79.802314
"4058",2024-07-10,37,"Mendenhall School","PM2.5","Guilford",36.1090060008986,-79.802314
"4059",2024-07-11,22,"Mendenhall School","PM2.5","Guilford",36.1090060008986,-79.802314
"4060",2024-07-12,26,"Mendenhall School","PM2.5","Guilford",36.1090060008986,-79.802314
"4061",2024-07-13,27,"Mendenhall School","PM2.5","Guilford",36.1090060008986,-79.802314
"4062",2024-07-14,54,"Mendenhall School","PM2.5","Guilford",36.1090060008986,-79.802314
"4063",2024-07-15,59,"Mendenhall School","PM2.5","Guilford",36.1090060008986,-79.802314
"4064",2024-07-16,58,"Mendenhall School","PM2.5","Guilford",36.1090060008986,-79.802314
"4065",2024-07-17,51,"Mendenhall School","PM2.5","Guilford",36.1090060008986,-79.802314
"4066",2024-07-18,46,"Mendenhall School","PM2.5","Guilford",36.1090060008986,-79.802314
"4067",2024-07-19,45,"Mendenhall School","PM2.5","Guilford",36.1090060008986,-79.802314
"4068",2024-07-20,28,"Mendenhall School","PM2.5","Guilford",36.1090060008986,-79.802314
"4069",2024-07-21,31,"Mendenhall School","PM2.5","Guilford",36.1090060008986,-79.802314
"4070",2024-07-22,26,"Mendenhall School","PM2.5","Guilford",36.1090060008986,-79.802314
"4071",2024-07-23,31,"Mendenhall School","PM2.5","Guilford",36.1090060008986,-79.802314
"4072",2024-07-24,31,"Mendenhall School","PM2.5","Guilford",36.1090060008986,-79.802314
"4073",2024-07-25,22,"Mendenhall School","PM2.5","Guilford",36.1090060008986,-79.802314
"4074",2024-07-26,51,"Mendenhall School","PM2.5","Guilford",36.1090060008986,-79.802314
"4075",2024-07-27,60,"Mendenhall School","PM2.5","Guilford",36.1090060008986,-79.802314
"4076",2024-07-28,61,"Mendenhall School","PM2.5","Guilford",36.1090060008986,-79.802314
"4077",2024-07-29,53,"Mendenhall School","PM2.5","Guilford",36.1090060008986,-79.802314
"4078",2024-07-30,39,"Mendenhall School","PM2.5","Guilford",36.1090060008986,-79.802314
"4079",2024-07-31,37,"Mendenhall School","PM2.5","Guilford",36.1090060008986,-79.802314
"4080",2024-08-01,47,"Mendenhall School","PM2.5","Guilford",36.1090060008986,-79.802314
"4081",2024-08-02,56,"Mendenhall School","PM2.5","Guilford",36.1090060008986,-79.802314
"4082",2024-08-03,59,"Mendenhall School","PM2.5","Guilford",36.1090060008986,-79.802314
"4083",2024-08-04,43,"Mendenhall School","PM2.5","Guilford",36.1090060008986,-79.802314
"4084",2024-08-05,41,"Mendenhall School","PM2.5","Guilford",36.1090060008986,-79.802314
"4085",2024-08-06,18,"Mendenhall School","PM2.5","Guilford",36.1090060008986,-79.802314
"4086",2024-08-07,26,"Mendenhall School","PM2.5","Guilford",36.1090060008986,-79.802314
"4087",2024-08-08,14,"Mendenhall School","PM2.5","Guilford",36.1090060008986,-79.802314
"4088",2024-08-09,25,"Mendenhall School","PM2.5","Guilford",36.1090060008986,-79.802314
"4089",2024-08-10,46,"Mendenhall School","PM2.5","Guilford",36.1090060008986,-79.802314
"4090",2024-08-11,51,"Mendenhall School","PM2.5","Guilford",36.1090060008986,-79.802314
"4091",2024-08-12,44,"Mendenhall School","PM2.5","Guilford",36.1090060008986,-79.802314
"4092",2024-08-13,48,"Mendenhall School","PM2.5","Guilford",36.1090060008986,-79.802314
"4093",2024-08-14,44,"Mendenhall School","PM2.5","Guilford",36.1090060008986,-79.802314
"4094",2024-08-15,50,"Mendenhall School","PM2.5","Guilford",36.1090060008986,-79.802314
"4095",2024-08-16,59,"Mendenhall School","PM2.5","Guilford",36.1090060008986,-79.802314
"4096",2024-08-17,54,"Mendenhall School","PM2.5","Guilford",36.1090060008986,-79.802314
"4097",2024-08-18,34,"Mendenhall School","PM2.5","Guilford",36.1090060008986,-79.802314
"4098",2024-08-19,23,"Mendenhall School","PM2.5","Guilford",36.1090060008986,-79.802314
"4099",2024-08-20,41,"Mendenhall School","PM2.5","Guilford",36.1090060008986,-79.802314
"4100",2024-08-21,37,"Mendenhall School","PM2.5","Guilford",36.1090060008986,-79.802314
"4101",2024-08-22,41,"Mendenhall School","PM2.5","Guilford",36.1090060008986,-79.802314
"4102",2024-08-23,53,"Mendenhall School","PM2.5","Guilford",36.1090060008986,-79.802314
"4103",2024-08-24,54,"Mendenhall School","PM2.5","Guilford",36.1090060008986,-79.802314
"4104",2024-08-25,54,"Mendenhall School","PM2.5","Guilford",36.1090060008986,-79.802314
"4105",2024-08-26,59,"Mendenhall School","PM2.5","Guilford",36.1090060008986,-79.802314
"4106",2024-08-27,64,"Mendenhall School","PM2.5","Guilford",36.1090060008986,-79.802314
"4107",2024-08-28,67,"Mendenhall School","PM2.5","Guilford",36.1090060008986,-79.802314
"4108",2024-08-29,63,"Mendenhall School","PM2.5","Guilford",36.1090060008986,-79.802314
"4109",2024-08-30,54,"Mendenhall School","PM2.5","Guilford",36.1090060008986,-79.802314
"4110",2024-08-31,52,"Mendenhall School","PM2.5","Guilford",36.1090060008986,-79.802314
"4111",2024-09-01,39,"Mendenhall School","PM2.5","Guilford",36.1090060008986,-79.802314
"4112",2024-09-02,40,"Mendenhall School","PM2.5","Guilford",36.1090060008986,-79.802314
"4113",2024-09-03,16,"Mendenhall School","PM2.5","Guilford",36.1090060008986,-79.802314
"4114",2024-09-04,27,"Mendenhall School","PM2.5","Guilford",36.1090060008986,-79.802314
"4115",2024-09-05,26,"Mendenhall School","PM2.5","Guilford",36.1090060008986,-79.802314
"4116",2024-09-06,34,"Mendenhall School","PM2.5","Guilford",36.1090060008986,-79.802314
"4117",2024-09-07,33,"Mendenhall School","PM2.5","Guilford",36.1090060008986,-79.802314
"4118",2024-09-08,21,"Mendenhall School","PM2.5","Guilford",36.1090060008986,-79.802314
"4119",2024-09-09,31,"Mendenhall School","PM2.5","Guilford",36.1090060008986,-79.802314
"4120",2024-09-10,36,"Mendenhall School","PM2.5","Guilford",36.1090060008986,-79.802314
"4121",2024-09-11,43,"Mendenhall School","PM2.5","Guilford",36.1090060008986,-79.802314
"4122",2024-09-12,50,"Mendenhall School","PM2.5","Guilford",36.1090060008986,-79.802314
"4123",2024-09-13,34,"Mendenhall School","PM2.5","Guilford",36.1090060008986,-79.802314
"4124",2024-09-14,28,"Mendenhall School","PM2.5","Guilford",36.1090060008986,-79.802314
"4125",2024-09-15,34,"Mendenhall School","PM2.5","Guilford",36.1090060008986,-79.802314
"4126",2024-09-16,29,"Mendenhall School","PM2.5","Guilford",36.1090060008986,-79.802314
"4127",2024-09-17,18,"Mendenhall School","PM2.5","Guilford",36.1090060008986,-79.802314
"4128",2024-09-18,34,"Mendenhall School","PM2.5","Guilford",36.1090060008986,-79.802314
"4129",2024-09-19,16,"Mendenhall School","PM2.5","Guilford",36.1090060008986,-79.802314
"4130",2024-09-20,24,"Mendenhall School","PM2.5","Guilford",36.1090060008986,-79.802314
"4131",2024-09-21,53,"Mendenhall School","PM2.5","Guilford",36.1090060008986,-79.802314
"4132",2024-09-22,49,"Mendenhall School","PM2.5","Guilford",36.1090060008986,-79.802314
"4133",2024-09-23,53,"Mendenhall School","PM2.5","Guilford",36.1090060008986,-79.802314
"4134",2024-09-24,57,"Mendenhall School","PM2.5","Guilford",36.1090060008986,-79.802314
"4135",2024-09-25,39,"Mendenhall School","PM2.5","Guilford",36.1090060008986,-79.802314
"4136",2024-09-26,23,"Mendenhall School","PM2.5","Guilford",36.1090060008986,-79.802314
"4137",2024-09-27,26,"Mendenhall School","PM2.5","Guilford",36.1090060008986,-79.802314
"4138",2024-09-28,52,"Mendenhall School","PM2.5","Guilford",36.1090060008986,-79.802314
"4139",2024-09-29,57,"Mendenhall School","PM2.5","Guilford",36.1090060008986,-79.802314
"4140",2024-09-30,59,"Mendenhall School","PM2.5","Guilford",36.1090060008986,-79.802314
"4141",2024-10-01,11,"Mendenhall School","PM2.5","Guilford",36.1090060008986,-79.802314
"4142",2024-10-02,18,"Mendenhall School","PM2.5","Guilford",36.1090060008986,-79.802314
"4143",2024-10-03,37,"Mendenhall School","PM2.5","Guilford",36.1090060008986,-79.802314
"4144",2024-10-04,39,"Mendenhall School","PM2.5","Guilford",36.1090060008986,-79.802314
"4145",2024-10-05,46,"Mendenhall School","PM2.5","Guilford",36.1090060008986,-79.802314
"4146",2024-10-06,54,"Mendenhall School","PM2.5","Guilford",36.1090060008986,-79.802314
"4147",2024-10-07,51,"Mendenhall School","PM2.5","Guilford",36.1090060008986,-79.802314
"4148",2024-10-08,42,"Mendenhall School","PM2.5","Guilford",36.1090060008986,-79.802314
"4149",2024-10-09,29,"Mendenhall School","PM2.5","Guilford",36.1090060008986,-79.802314
"4150",2024-10-10,24,"Mendenhall School","PM2.5","Guilford",36.1090060008986,-79.802314
"4151",2024-10-16,9,"Mendenhall School","PM2.5","Guilford",36.1090060008986,-79.802314
"4152",2024-10-17,24,"Mendenhall School","PM2.5","Guilford",36.1090060008986,-79.802314
"4153",2024-10-18,34,"Mendenhall School","PM2.5","Guilford",36.1090060008986,-79.802314
"4154",2024-10-19,46,"Mendenhall School","PM2.5","Guilford",36.1090060008986,-79.802314
"4155",2024-10-20,47,"Mendenhall School","PM2.5","Guilford",36.1090060008986,-79.802314
"4156",2024-10-21,36,"Mendenhall School","PM2.5","Guilford",36.1090060008986,-79.802314
"4157",2024-10-22,52,"Mendenhall School","PM2.5","Guilford",36.1090060008986,-79.802314
"4158",2024-10-23,47,"Mendenhall School","PM2.5","Guilford",36.1090060008986,-79.802314
"4159",2024-10-24,50,"Mendenhall School","PM2.5","Guilford",36.1090060008986,-79.802314
"4160",2024-10-25,56,"Mendenhall School","PM2.5","Guilford",36.1090060008986,-79.802314
"4161",2024-10-26,55,"Mendenhall School","PM2.5","Guilford",36.1090060008986,-79.802314
"4162",2024-10-27,40,"Mendenhall School","PM2.5","Guilford",36.1090060008986,-79.802314
"4163",2024-10-28,48,"Mendenhall School","PM2.5","Guilford",36.1090060008986,-79.802314
"4164",2024-10-29,52,"Mendenhall School","PM2.5","Guilford",36.1090060008986,-79.802314
"4165",2024-10-30,52,"Mendenhall School","PM2.5","Guilford",36.1090060008986,-79.802314
"4166",2024-10-31,49,"Mendenhall School","PM2.5","Guilford",36.1090060008986,-79.802314
"4167",2024-11-01,42,"Mendenhall School","PM2.5","Guilford",36.1090060008986,-79.802314
"4168",2024-11-02,37,"Mendenhall School","PM2.5","Guilford",36.1090060008986,-79.802314
"4169",2024-11-03,44,"Mendenhall School","PM2.5","Guilford",36.1090060008986,-79.802314
"4170",2024-11-04,37,"Mendenhall School","PM2.5","Guilford",36.1090060008986,-79.802314
"4171",2024-11-05,47,"Mendenhall School","PM2.5","Guilford",36.1090060008986,-79.802314
"4172",2024-11-06,47,"Mendenhall School","PM2.5","Guilford",36.1090060008986,-79.802314
"4173",2024-11-07,33,"Mendenhall School","PM2.5","Guilford",36.1090060008986,-79.802314
"4174",2024-11-08,45,"Mendenhall School","PM2.5","Guilford",36.1090060008986,-79.802314
"4175",2024-11-09,36,"Mendenhall School","PM2.5","Guilford",36.1090060008986,-79.802314
"4176",2024-11-10,46,"Mendenhall School","PM2.5","Guilford",36.1090060008986,-79.802314
"4177",2024-11-11,47,"Mendenhall School","PM2.5","Guilford",36.1090060008986,-79.802314
"4178",2024-11-12,24,"Mendenhall School","PM2.5","Guilford",36.1090060008986,-79.802314
"4179",2024-11-13,18,"Mendenhall School","PM2.5","Guilford",36.1090060008986,-79.802314
"4180",2024-11-14,27,"Mendenhall School","PM2.5","Guilford",36.1090060008986,-79.802314
"4181",2024-11-15,13,"Mendenhall School","PM2.5","Guilford",36.1090060008986,-79.802314
"4182",2024-11-16,37,"Mendenhall School","PM2.5","Guilford",36.1090060008986,-79.802314
"4183",2024-11-17,53,"Mendenhall School","PM2.5","Guilford",36.1090060008986,-79.802314
"4184",2024-11-18,59,"Mendenhall School","PM2.5","Guilford",36.1090060008986,-79.802314
"4185",2024-11-19,58,"Mendenhall School","PM2.5","Guilford",36.1090060008986,-79.802314
"4186",2024-11-20,43,"Mendenhall School","PM2.5","Guilford",36.1090060008986,-79.802314
"4187",2024-11-21,12,"Mendenhall School","PM2.5","Guilford",36.1090060008986,-79.802314
"4188",2024-11-22,5,"Mendenhall School","PM2.5","Guilford",36.1090060008986,-79.802314
"4189",2024-11-23,9,"Mendenhall School","PM2.5","Guilford",36.1090060008986,-79.802314
"4190",2024-11-24,46,"Mendenhall School","PM2.5","Guilford",36.1090060008986,-79.802314
"4191",2024-11-25,64,"Mendenhall School","PM2.5","Guilford",36.1090060008986,-79.802314
"4192",2024-11-26,50,"Mendenhall School","PM2.5","Guilford",36.1090060008986,-79.802314
"4193",2024-11-27,40,"Mendenhall School","PM2.5","Guilford",36.1090060008986,-79.802314
"4194",2024-11-28,37,"Mendenhall School","PM2.5","Guilford",36.1090060008986,-79.802314
"4195",2024-11-29,22,"Mendenhall School","PM2.5","Guilford",36.1090060008986,-79.802314
"4196",2024-11-30,28,"Mendenhall School","PM2.5","Guilford",36.1090060008986,-79.802314
"4197",2024-12-01,32,"Mendenhall School","PM2.5","Guilford",36.1090060008986,-79.802314
"4198",2024-12-02,19,"Mendenhall School","PM2.5","Guilford",36.1090060008986,-79.802314
"4199",2024-12-03,23,"Mendenhall School","PM2.5","Guilford",36.1090060008986,-79.802314
"4200",2024-12-04,52,"Mendenhall School","PM2.5","Guilford",36.1090060008986,-79.802314
"4201",2024-12-05,46,"Mendenhall School","PM2.5","Guilford",36.1090060008986,-79.802314
"4202",2024-12-06,26,"Mendenhall School","PM2.5","Guilford",36.1090060008986,-79.802314
"4203",2024-12-07,46,"Mendenhall School","PM2.5","Guilford",36.1090060008986,-79.802314
"4204",2024-12-08,52,"Mendenhall School","PM2.5","Guilford",36.1090060008986,-79.802314
"4205",2024-12-09,56,"Mendenhall School","PM2.5","Guilford",36.1090060008986,-79.802314
"4206",2024-12-10,55,"Mendenhall School","PM2.5","Guilford",36.1090060008986,-79.802314
"4207",2024-12-11,13,"Mendenhall School","PM2.5","Guilford",36.1090060008986,-79.802314
"4208",2024-12-12,31,"Mendenhall School","PM2.5","Guilford",36.1090060008986,-79.802314
"4209",2024-12-13,52,"Mendenhall School","PM2.5","Guilford",36.1090060008986,-79.802314
"4210",2024-12-14,53,"Mendenhall School","PM2.5","Guilford",36.1090060008986,-79.802314
"4211",2024-12-15,29,"Mendenhall School","PM2.5","Guilford",36.1090060008986,-79.802314
"4212",2024-12-16,34,"Mendenhall School","PM2.5","Guilford",36.1090060008986,-79.802314
"4213",2024-12-17,46,"Mendenhall School","PM2.5","Guilford",36.1090060008986,-79.802314
"4214",2024-12-18,52,"Mendenhall School","PM2.5","Guilford",36.1090060008986,-79.802314
"4215",2024-12-19,9,"Mendenhall School","PM2.5","Guilford",36.1090060008986,-79.802314
"4216",2024-12-20,21,"Mendenhall School","PM2.5","Guilford",36.1090060008986,-79.802314
"4217",2024-12-21,7,"Mendenhall School","PM2.5","Guilford",36.1090060008986,-79.802314
"4218",2024-12-22,44,"Mendenhall School","PM2.5","Guilford",36.1090060008986,-79.802314
"4219",2024-12-23,60,"Mendenhall School","PM2.5","Guilford",36.1090060008986,-79.802314
"4220",2024-12-24,59,"Mendenhall School","PM2.5","Guilford",36.1090060008986,-79.802314
"4221",2024-12-25,51,"Mendenhall School","PM2.5","Guilford",36.1090060008986,-79.802314
"4222",2024-12-26,51,"Mendenhall School","PM2.5","Guilford",36.1090060008986,-79.802314
"4223",2024-12-27,55,"Mendenhall School","PM2.5","Guilford",36.1090060008986,-79.802314
"4224",2024-12-28,31,"Mendenhall School","PM2.5","Guilford",36.1090060008986,-79.802314
"4225",2024-12-29,17,"Mendenhall School","PM2.5","Guilford",36.1090060008986,-79.802314
"4226",2024-12-30,19,"Mendenhall School","PM2.5","Guilford",36.1090060008986,-79.802314
"4227",2024-12-31,46,"Mendenhall School","PM2.5","Guilford",36.1090060008986,-79.802314
"4228",2024-01-01,14,"Frying Pan Mountain","PM2.5","Haywood",35.379167,-82.7925
"4229",2024-01-04,16,"Frying Pan Mountain","PM2.5","Haywood",35.379167,-82.7925
"4230",2024-01-07,6,"Frying Pan Mountain","PM2.5","Haywood",35.379167,-82.7925
"4231",2024-01-13,6,"Frying Pan Mountain","PM2.5","Haywood",35.379167,-82.7925
"4232",2024-01-16,10,"Frying Pan Mountain","PM2.5","Haywood",35.379167,-82.7925
"4233",2024-01-19,15,"Frying Pan Mountain","PM2.5","Haywood",35.379167,-82.7925
"4234",2024-01-22,4,"Frying Pan Mountain","PM2.5","Haywood",35.379167,-82.7925
"4235",2024-01-25,2,"Frying Pan Mountain","PM2.5","Haywood",35.379167,-82.7925
"4236",2024-01-28,0,"Frying Pan Mountain","PM2.5","Haywood",35.379167,-82.7925
"4237",2024-01-31,4,"Frying Pan Mountain","PM2.5","Haywood",35.379167,-82.7925
"4238",2024-02-03,19,"Frying Pan Mountain","PM2.5","Haywood",35.379167,-82.7925
"4239",2024-02-06,14,"Frying Pan Mountain","PM2.5","Haywood",35.379167,-82.7925
"4240",2024-02-09,9,"Frying Pan Mountain","PM2.5","Haywood",35.379167,-82.7925
"4241",2024-02-12,2,"Frying Pan Mountain","PM2.5","Haywood",35.379167,-82.7925
"4242",2024-02-15,14,"Frying Pan Mountain","PM2.5","Haywood",35.379167,-82.7925
"4243",2024-02-18,7,"Frying Pan Mountain","PM2.5","Haywood",35.379167,-82.7925
"4244",2024-02-21,47,"Frying Pan Mountain","PM2.5","Haywood",35.379167,-82.7925
"4245",2024-02-24,8,"Frying Pan Mountain","PM2.5","Haywood",35.379167,-82.7925
"4246",2024-02-27,44,"Frying Pan Mountain","PM2.5","Haywood",35.379167,-82.7925
"4247",2024-03-01,4,"Frying Pan Mountain","PM2.5","Haywood",35.379167,-82.7925
"4248",2024-03-04,24,"Frying Pan Mountain","PM2.5","Haywood",35.379167,-82.7925
"4249",2024-03-07,4,"Frying Pan Mountain","PM2.5","Haywood",35.379167,-82.7925
"4250",2024-03-10,5,"Frying Pan Mountain","PM2.5","Haywood",35.379167,-82.7925
"4251",2024-03-16,7,"Frying Pan Mountain","PM2.5","Haywood",35.379167,-82.7925
"4252",2024-03-19,17,"Frying Pan Mountain","PM2.5","Haywood",35.379167,-82.7925
"4253",2024-03-22,42,"Frying Pan Mountain","PM2.5","Haywood",35.379167,-82.7925
"4254",2024-03-25,14,"Frying Pan Mountain","PM2.5","Haywood",35.379167,-82.7925
"4255",2024-03-31,29,"Frying Pan Mountain","PM2.5","Haywood",35.379167,-82.7925
"4256",2024-04-03,10,"Frying Pan Mountain","PM2.5","Haywood",35.379167,-82.7925
"4257",2024-04-06,7,"Frying Pan Mountain","PM2.5","Haywood",35.379167,-82.7925
"4258",2024-04-09,41,"Frying Pan Mountain","PM2.5","Haywood",35.379167,-82.7925
"4259",2024-04-12,13,"Frying Pan Mountain","PM2.5","Haywood",35.379167,-82.7925
"4260",2024-04-15,36,"Frying Pan Mountain","PM2.5","Haywood",35.379167,-82.7925
"4261",2024-04-18,28,"Frying Pan Mountain","PM2.5","Haywood",35.379167,-82.7925
"4262",2024-04-21,9,"Frying Pan Mountain","PM2.5","Haywood",35.379167,-82.7925
"4263",2024-04-24,30,"Frying Pan Mountain","PM2.5","Haywood",35.379167,-82.7925
"4264",2024-04-27,22,"Frying Pan Mountain","PM2.5","Haywood",35.379167,-82.7925
"4265",2024-04-30,14,"Frying Pan Mountain","PM2.5","Haywood",35.379167,-82.7925
"4266",2024-05-03,40,"Frying Pan Mountain","PM2.5","Haywood",35.379167,-82.7925
"4267",2024-05-06,28,"Frying Pan Mountain","PM2.5","Haywood",35.379167,-82.7925
"4268",2024-05-09,13,"Frying Pan Mountain","PM2.5","Haywood",35.379167,-82.7925
"4269",2024-05-12,22,"Frying Pan Mountain","PM2.5","Haywood",35.379167,-82.7925
"4270",2024-05-15,9,"Frying Pan Mountain","PM2.5","Haywood",35.379167,-82.7925
"4271",2024-05-18,18,"Frying Pan Mountain","PM2.5","Haywood",35.379167,-82.7925
"4272",2024-05-21,29,"Frying Pan Mountain","PM2.5","Haywood",35.379167,-82.7925
"4273",2024-06-02,14,"Frying Pan Mountain","PM2.5","Haywood",35.379167,-82.7925
"4274",2024-06-08,24,"Frying Pan Mountain","PM2.5","Haywood",35.379167,-82.7925
"4275",2024-06-11,24,"Frying Pan Mountain","PM2.5","Haywood",35.379167,-82.7925
"4276",2024-06-14,45,"Frying Pan Mountain","PM2.5","Haywood",35.379167,-82.7925
"4277",2024-06-17,41,"Frying Pan Mountain","PM2.5","Haywood",35.379167,-82.7925
"4278",2024-06-23,37,"Frying Pan Mountain","PM2.5","Haywood",35.379167,-82.7925
"4279",2024-06-29,14,"Frying Pan Mountain","PM2.5","Haywood",35.379167,-82.7925
"4280",2024-07-05,23,"Frying Pan Mountain","PM2.5","Haywood",35.379167,-82.7925
"4281",2024-07-08,21,"Frying Pan Mountain","PM2.5","Haywood",35.379167,-82.7925
"4282",2024-07-11,18,"Frying Pan Mountain","PM2.5","Haywood",35.379167,-82.7925
"4283",2024-07-14,43,"Frying Pan Mountain","PM2.5","Haywood",35.379167,-82.7925
"4284",2024-07-17,39,"Frying Pan Mountain","PM2.5","Haywood",35.379167,-82.7925
"4285",2024-07-20,11,"Frying Pan Mountain","PM2.5","Haywood",35.379167,-82.7925
"4286",2024-07-23,18,"Frying Pan Mountain","PM2.5","Haywood",35.379167,-82.7925
"4287",2024-07-26,46,"Frying Pan Mountain","PM2.5","Haywood",35.379167,-82.7925
"4288",2024-07-29,18,"Frying Pan Mountain","PM2.5","Haywood",35.379167,-82.7925
"4289",2024-08-01,31,"Frying Pan Mountain","PM2.5","Haywood",35.379167,-82.7925
"4290",2024-08-04,22,"Frying Pan Mountain","PM2.5","Haywood",35.379167,-82.7925
"4291",2024-08-07,19,"Frying Pan Mountain","PM2.5","Haywood",35.379167,-82.7925
"4292",2024-08-10,37,"Frying Pan Mountain","PM2.5","Haywood",35.379167,-82.7925
"4293",2024-08-13,34,"Frying Pan Mountain","PM2.5","Haywood",35.379167,-82.7925
"4294",2024-08-16,39,"Frying Pan Mountain","PM2.5","Haywood",35.379167,-82.7925
"4295",2024-08-19,8,"Frying Pan Mountain","PM2.5","Haywood",35.379167,-82.7925
"4296",2024-08-22,32,"Frying Pan Mountain","PM2.5","Haywood",35.379167,-82.7925
"4297",2024-08-25,47,"Frying Pan Mountain","PM2.5","Haywood",35.379167,-82.7925
"4298",2024-08-28,54,"Frying Pan Mountain","PM2.5","Haywood",35.379167,-82.7925
"4299",2024-08-31,39,"Frying Pan Mountain","PM2.5","Haywood",35.379167,-82.7925
"4300",2024-09-03,13,"Frying Pan Mountain","PM2.5","Haywood",35.379167,-82.7925
"4301",2024-09-06,21,"Frying Pan Mountain","PM2.5","Haywood",35.379167,-82.7925
"4302",2024-09-09,17,"Frying Pan Mountain","PM2.5","Haywood",35.379167,-82.7925
"4303",2024-09-12,26,"Frying Pan Mountain","PM2.5","Haywood",35.379167,-82.7925
"4304",2024-09-15,6,"Frying Pan Mountain","PM2.5","Haywood",35.379167,-82.7925
"4305",2024-09-18,4,"Frying Pan Mountain","PM2.5","Haywood",35.379167,-82.7925
"4306",2024-09-21,28,"Frying Pan Mountain","PM2.5","Haywood",35.379167,-82.7925
"4307",2024-09-24,51,"Frying Pan Mountain","PM2.5","Haywood",35.379167,-82.7925
"4308",2024-10-18,13,"Frying Pan Mountain","PM2.5","Haywood",35.379167,-82.7925
"4309",2024-10-21,18,"Frying Pan Mountain","PM2.5","Haywood",35.379167,-82.7925
"4310",2024-10-30,7,"Frying Pan Mountain","PM2.5","Haywood",35.379167,-82.7925
"4311",2024-11-02,15,"Frying Pan Mountain","PM2.5","Haywood",35.379167,-82.7925
"4312",2024-11-05,1,"Frying Pan Mountain","PM2.5","Haywood",35.379167,-82.7925
"4313",2024-11-08,18,"Frying Pan Mountain","PM2.5","Haywood",35.379167,-82.7925
"4314",2024-11-11,10,"Frying Pan Mountain","PM2.5","Haywood",35.379167,-82.7925
"4315",2024-11-14,5,"Frying Pan Mountain","PM2.5","Haywood",35.379167,-82.7925
"4316",2024-11-17,6,"Frying Pan Mountain","PM2.5","Haywood",35.379167,-82.7925
"4317",2024-11-23,2,"Frying Pan Mountain","PM2.5","Haywood",35.379167,-82.7925
"4318",2024-11-26,9,"Frying Pan Mountain","PM2.5","Haywood",35.379167,-82.7925
"4319",2024-11-29,13,"Frying Pan Mountain","PM2.5","Haywood",35.379167,-82.7925
"4320",2024-12-02,12,"Frying Pan Mountain","PM2.5","Haywood",35.379167,-82.7925
"4321",2024-12-08,5,"Frying Pan Mountain","PM2.5","Haywood",35.379167,-82.7925
"4322",2024-12-11,6,"Frying Pan Mountain","PM2.5","Haywood",35.379167,-82.7925
"4323",2024-12-14,23,"Frying Pan Mountain","PM2.5","Haywood",35.379167,-82.7925
"4324",2024-12-17,6,"Frying Pan Mountain","PM2.5","Haywood",35.379167,-82.7925
"4325",2024-12-20,7,"Frying Pan Mountain","PM2.5","Haywood",35.379167,-82.7925
"4326",2024-12-23,11,"Frying Pan Mountain","PM2.5","Haywood",35.379167,-82.7925
"4327",2024-12-26,19,"Frying Pan Mountain","PM2.5","Haywood",35.379167,-82.7925
"4328",2024-12-29,2,"Frying Pan Mountain","PM2.5","Haywood",35.379167,-82.7925
"4329",2024-01-01,34,"Swanquarter","PM2.5","Hyde",35.4510904272765,-76.2071654064174
"4330",2024-01-04,28,"Swanquarter","PM2.5","Hyde",35.4510904272765,-76.2071654064174
"4331",2024-01-07,11,"Swanquarter","PM2.5","Hyde",35.4510904272765,-76.2071654064174
"4332",2024-01-10,12,"Swanquarter","PM2.5","Hyde",35.4510904272765,-76.2071654064174
"4333",2024-01-13,26,"Swanquarter","PM2.5","Hyde",35.4510904272765,-76.2071654064174
"4334",2024-01-16,24,"Swanquarter","PM2.5","Hyde",35.4510904272765,-76.2071654064174
"4335",2024-01-19,19,"Swanquarter","PM2.5","Hyde",35.4510904272765,-76.2071654064174
"4336",2024-01-22,16,"Swanquarter","PM2.5","Hyde",35.4510904272765,-76.2071654064174
"4337",2024-01-25,16,"Swanquarter","PM2.5","Hyde",35.4510904272765,-76.2071654064174
"4338",2024-01-28,28,"Swanquarter","PM2.5","Hyde",35.4510904272765,-76.2071654064174
"4339",2024-01-31,16,"Swanquarter","PM2.5","Hyde",35.4510904272765,-76.2071654064174
"4340",2024-02-03,10,"Swanquarter","PM2.5","Hyde",35.4510904272765,-76.2071654064174
"4341",2024-02-06,20,"Swanquarter","PM2.5","Hyde",35.4510904272765,-76.2071654064174
"4342",2024-02-12,22,"Swanquarter","PM2.5","Hyde",35.4510904272765,-76.2071654064174
"4343",2024-02-15,18,"Swanquarter","PM2.5","Hyde",35.4510904272765,-76.2071654064174
"4344",2024-02-18,16,"Swanquarter","PM2.5","Hyde",35.4510904272765,-76.2071654064174
"4345",2024-02-21,22,"Swanquarter","PM2.5","Hyde",35.4510904272765,-76.2071654064174
"4346",2024-02-24,36,"Swanquarter","PM2.5","Hyde",35.4510904272765,-76.2071654064174
"4347",2024-02-27,19,"Swanquarter","PM2.5","Hyde",35.4510904272765,-76.2071654064174
"4348",2024-03-01,13,"Swanquarter","PM2.5","Hyde",35.4510904272765,-76.2071654064174
"4349",2024-03-04,16,"Swanquarter","PM2.5","Hyde",35.4510904272765,-76.2071654064174
"4350",2024-03-07,7,"Swanquarter","PM2.5","Hyde",35.4510904272765,-76.2071654064174
"4351",2024-03-10,10,"Swanquarter","PM2.5","Hyde",35.4510904272765,-76.2071654064174
"4352",2024-03-13,54,"Swanquarter","PM2.5","Hyde",35.4510904272765,-76.2071654064174
"4353",2024-03-16,29,"Swanquarter","PM2.5","Hyde",35.4510904272765,-76.2071654064174
"4354",2024-03-19,13,"Swanquarter","PM2.5","Hyde",35.4510904272765,-76.2071654064174
"4355",2024-03-22,27,"Swanquarter","PM2.5","Hyde",35.4510904272765,-76.2071654064174
"4356",2024-03-25,39,"Swanquarter","PM2.5","Hyde",35.4510904272765,-76.2071654064174
"4357",2024-03-31,47,"Swanquarter","PM2.5","Hyde",35.4510904272765,-76.2071654064174
"4358",2024-04-03,52,"Swanquarter","PM2.5","Hyde",35.4510904272765,-76.2071654064174
"4359",2024-04-06,6,"Swanquarter","PM2.5","Hyde",35.4510904272765,-76.2071654064174
"4360",2024-04-09,28,"Swanquarter","PM2.5","Hyde",35.4510904272765,-76.2071654064174
"4361",2024-04-12,31,"Swanquarter","PM2.5","Hyde",35.4510904272765,-76.2071654064174
"4362",2024-04-15,53,"Swanquarter","PM2.5","Hyde",35.4510904272765,-76.2071654064174
"4363",2024-04-18,33,"Swanquarter","PM2.5","Hyde",35.4510904272765,-76.2071654064174
"4364",2024-04-21,19,"Swanquarter","PM2.5","Hyde",35.4510904272765,-76.2071654064174
"4365",2024-04-24,33,"Swanquarter","PM2.5","Hyde",35.4510904272765,-76.2071654064174
"4366",2024-04-27,20,"Swanquarter","PM2.5","Hyde",35.4510904272765,-76.2071654064174
"4367",2024-04-30,22,"Swanquarter","PM2.5","Hyde",35.4510904272765,-76.2071654064174
"4368",2024-05-03,24,"Swanquarter","PM2.5","Hyde",35.4510904272765,-76.2071654064174
"4369",2024-05-06,26,"Swanquarter","PM2.5","Hyde",35.4510904272765,-76.2071654064174
"4370",2024-05-09,32,"Swanquarter","PM2.5","Hyde",35.4510904272765,-76.2071654064174
"4371",2024-05-12,18,"Swanquarter","PM2.5","Hyde",35.4510904272765,-76.2071654064174
"4372",2024-05-18,14,"Swanquarter","PM2.5","Hyde",35.4510904272765,-76.2071654064174
"4373",2024-05-21,6,"Swanquarter","PM2.5","Hyde",35.4510904272765,-76.2071654064174
"4374",2024-05-24,29,"Swanquarter","PM2.5","Hyde",35.4510904272765,-76.2071654064174
"4375",2024-05-27,48,"Swanquarter","PM2.5","Hyde",35.4510904272765,-76.2071654064174
"4376",2024-05-30,18,"Swanquarter","PM2.5","Hyde",35.4510904272765,-76.2071654064174
"4377",2024-06-02,19,"Swanquarter","PM2.5","Hyde",35.4510904272765,-76.2071654064174
"4378",2024-06-05,21,"Swanquarter","PM2.5","Hyde",35.4510904272765,-76.2071654064174
"4379",2024-06-08,31,"Swanquarter","PM2.5","Hyde",35.4510904272765,-76.2071654064174
"4380",2024-06-11,37,"Swanquarter","PM2.5","Hyde",35.4510904272765,-76.2071654064174
"4381",2024-06-14,26,"Swanquarter","PM2.5","Hyde",35.4510904272765,-76.2071654064174
"4382",2024-06-17,21,"Swanquarter","PM2.5","Hyde",35.4510904272765,-76.2071654064174
"4383",2024-06-26,24,"Swanquarter","PM2.5","Hyde",35.4510904272765,-76.2071654064174
"4384",2024-06-29,21,"Swanquarter","PM2.5","Hyde",35.4510904272765,-76.2071654064174
"4385",2024-07-02,17,"Swanquarter","PM2.5","Hyde",35.4510904272765,-76.2071654064174
"4386",2024-07-05,24,"Swanquarter","PM2.5","Hyde",35.4510904272765,-76.2071654064174
"4387",2024-07-08,24,"Swanquarter","PM2.5","Hyde",35.4510904272765,-76.2071654064174
"4388",2024-07-11,33,"Swanquarter","PM2.5","Hyde",35.4510904272765,-76.2071654064174
"4389",2024-07-14,48,"Swanquarter","PM2.5","Hyde",35.4510904272765,-76.2071654064174
"4390",2024-08-01,44,"Swanquarter","PM2.5","Hyde",35.4510904272765,-76.2071654064174
"4391",2024-08-04,30,"Swanquarter","PM2.5","Hyde",35.4510904272765,-76.2071654064174
"4392",2024-08-07,26,"Swanquarter","PM2.5","Hyde",35.4510904272765,-76.2071654064174
"4393",2024-08-10,46,"Swanquarter","PM2.5","Hyde",35.4510904272765,-76.2071654064174
"4394",2024-08-13,31,"Swanquarter","PM2.5","Hyde",35.4510904272765,-76.2071654064174
"4395",2024-08-16,60,"Swanquarter","PM2.5","Hyde",35.4510904272765,-76.2071654064174
"4396",2024-08-19,29,"Swanquarter","PM2.5","Hyde",35.4510904272765,-76.2071654064174
"4397",2024-08-22,16,"Swanquarter","PM2.5","Hyde",35.4510904272765,-76.2071654064174
"4398",2024-08-25,23,"Swanquarter","PM2.5","Hyde",35.4510904272765,-76.2071654064174
"4399",2024-08-28,53,"Swanquarter","PM2.5","Hyde",35.4510904272765,-76.2071654064174
"4400",2024-08-31,32,"Swanquarter","PM2.5","Hyde",35.4510904272765,-76.2071654064174
"4401",2024-09-03,24,"Swanquarter","PM2.5","Hyde",35.4510904272765,-76.2071654064174
"4402",2024-10-03,19,"Swanquarter","PM2.5","Hyde",35.4510904272765,-76.2071654064174
"4403",2024-10-06,31,"Swanquarter","PM2.5","Hyde",35.4510904272765,-76.2071654064174
"4404",2024-10-09,17,"Swanquarter","PM2.5","Hyde",35.4510904272765,-76.2071654064174
"4405",2024-10-12,22,"Swanquarter","PM2.5","Hyde",35.4510904272765,-76.2071654064174
"4406",2024-10-15,10,"Swanquarter","PM2.5","Hyde",35.4510904272765,-76.2071654064174
"4407",2024-10-18,14,"Swanquarter","PM2.5","Hyde",35.4510904272765,-76.2071654064174
"4408",2024-10-21,22,"Swanquarter","PM2.5","Hyde",35.4510904272765,-76.2071654064174
"4409",2024-11-17,23,"Swanquarter","PM2.5","Hyde",35.4510904272765,-76.2071654064174
"4410",2024-11-20,46,"Swanquarter","PM2.5","Hyde",35.4510904272765,-76.2071654064174
"4411",2024-11-23,8,"Swanquarter","PM2.5","Hyde",35.4510904272765,-76.2071654064174
"4412",2024-11-26,42,"Swanquarter","PM2.5","Hyde",35.4510904272765,-76.2071654064174
"4413",2024-11-29,11,"Swanquarter","PM2.5","Hyde",35.4510904272765,-76.2071654064174
"4414",2024-12-02,16,"Swanquarter","PM2.5","Hyde",35.4510904272765,-76.2071654064174
"4415",2024-12-05,37,"Swanquarter","PM2.5","Hyde",35.4510904272765,-76.2071654064174
"4416",2024-12-08,34,"Swanquarter","PM2.5","Hyde",35.4510904272765,-76.2071654064174
"4417",2024-12-11,24,"Swanquarter","PM2.5","Hyde",35.4510904272765,-76.2071654064174
"4418",2024-12-14,17,"Swanquarter","PM2.5","Hyde",35.4510904272765,-76.2071654064174
"4419",2024-12-17,9,"Swanquarter","PM2.5","Hyde",35.4510904272765,-76.2071654064174
"4420",2024-12-20,16,"Swanquarter","PM2.5","Hyde",35.4510904272765,-76.2071654064174
"4421",2024-12-23,9,"Swanquarter","PM2.5","Hyde",35.4510904272765,-76.2071654064174
"4422",2024-12-29,24,"Swanquarter","PM2.5","Hyde",35.4510904272765,-76.2071654064174
"4423",2024-01-01,46,"West Johnston Co.","PM2.5","Johnston",35.59095,-78.4622
"4424",2024-01-02,19,"West Johnston Co.","PM2.5","Johnston",35.59095,-78.4622
"4425",2024-01-03,54,"West Johnston Co.","PM2.5","Johnston",35.59095,-78.4622
"4426",2024-01-04,40,"West Johnston Co.","PM2.5","Johnston",35.59095,-78.4622
"4427",2024-01-05,24,"West Johnston Co.","PM2.5","Johnston",35.59095,-78.4622
"4428",2024-01-06,20,"West Johnston Co.","PM2.5","Johnston",35.59095,-78.4622
"4429",2024-01-07,13,"West Johnston Co.","PM2.5","Johnston",35.59095,-78.4622
"4430",2024-01-08,23,"West Johnston Co.","PM2.5","Johnston",35.59095,-78.4622
"4431",2024-01-09,24,"West Johnston Co.","PM2.5","Johnston",35.59095,-78.4622
"4432",2024-01-10,16,"West Johnston Co.","PM2.5","Johnston",35.59095,-78.4622
"4433",2024-01-11,37,"West Johnston Co.","PM2.5","Johnston",35.59095,-78.4622
"4434",2024-01-12,44,"West Johnston Co.","PM2.5","Johnston",35.59095,-78.4622
"4435",2024-01-13,19,"West Johnston Co.","PM2.5","Johnston",35.59095,-78.4622
"4436",2024-01-14,27,"West Johnston Co.","PM2.5","Johnston",35.59095,-78.4622
"4437",2024-01-15,30,"West Johnston Co.","PM2.5","Johnston",35.59095,-78.4622
"4438",2024-01-16,32,"West Johnston Co.","PM2.5","Johnston",35.59095,-78.4622
"4439",2024-01-17,22,"West Johnston Co.","PM2.5","Johnston",35.59095,-78.4622
"4440",2024-01-18,44,"West Johnston Co.","PM2.5","Johnston",35.59095,-78.4622
"4441",2024-01-19,43,"West Johnston Co.","PM2.5","Johnston",35.59095,-78.4622
"4442",2024-01-20,23,"West Johnston Co.","PM2.5","Johnston",35.59095,-78.4622
"4443",2024-01-21,29,"West Johnston Co.","PM2.5","Johnston",35.59095,-78.4622
"4444",2024-01-22,46,"West Johnston Co.","PM2.5","Johnston",35.59095,-78.4622
"4445",2024-01-23,55,"West Johnston Co.","PM2.5","Johnston",35.59095,-78.4622
"4446",2024-01-24,38,"West Johnston Co.","PM2.5","Johnston",35.59095,-78.4622
"4447",2024-01-25,6,"West Johnston Co.","PM2.5","Johnston",35.59095,-78.4622
"4448",2024-01-26,27,"West Johnston Co.","PM2.5","Johnston",35.59095,-78.4622
"4449",2024-01-27,44,"West Johnston Co.","PM2.5","Johnston",35.59095,-78.4622
"4450",2024-01-28,8,"West Johnston Co.","PM2.5","Johnston",35.59095,-78.4622
"4451",2024-01-29,12,"West Johnston Co.","PM2.5","Johnston",35.59095,-78.4622
"4452",2024-01-30,23,"West Johnston Co.","PM2.5","Johnston",35.59095,-78.4622
"4453",2024-01-31,27,"West Johnston Co.","PM2.5","Johnston",35.59095,-78.4622
"4454",2024-02-01,53,"West Johnston Co.","PM2.5","Johnston",35.59095,-78.4622
"4455",2024-02-02,41,"West Johnston Co.","PM2.5","Johnston",35.59095,-78.4622
"4456",2024-02-03,41,"West Johnston Co.","PM2.5","Johnston",35.59095,-78.4622
"4457",2024-02-04,33,"West Johnston Co.","PM2.5","Johnston",35.59095,-78.4622
"4458",2024-02-05,22,"West Johnston Co.","PM2.5","Johnston",35.59095,-78.4622
"4459",2024-02-06,28,"West Johnston Co.","PM2.5","Johnston",35.59095,-78.4622
"4460",2024-02-07,24,"West Johnston Co.","PM2.5","Johnston",35.59095,-78.4622
"4461",2024-02-08,32,"West Johnston Co.","PM2.5","Johnston",35.59095,-78.4622
"4462",2024-02-09,65,"West Johnston Co.","PM2.5","Johnston",35.59095,-78.4622
"4463",2024-02-10,72,"West Johnston Co.","PM2.5","Johnston",35.59095,-78.4622
"4464",2024-02-11,47,"West Johnston Co.","PM2.5","Johnston",35.59095,-78.4622
"4465",2024-02-12,18,"West Johnston Co.","PM2.5","Johnston",35.59095,-78.4622
"4466",2024-02-13,14,"West Johnston Co.","PM2.5","Johnston",35.59095,-78.4622
"4467",2024-02-14,26,"West Johnston Co.","PM2.5","Johnston",35.59095,-78.4622
"4468",2024-02-15,39,"West Johnston Co.","PM2.5","Johnston",35.59095,-78.4622
"4469",2024-02-16,49,"West Johnston Co.","PM2.5","Johnston",35.59095,-78.4622
"4470",2024-02-17,38,"West Johnston Co.","PM2.5","Johnston",35.59095,-78.4622
"4471",2024-02-18,32,"West Johnston Co.","PM2.5","Johnston",35.59095,-78.4622
"4472",2024-02-19,36,"West Johnston Co.","PM2.5","Johnston",35.59095,-78.4622
"4473",2024-02-20,34,"West Johnston Co.","PM2.5","Johnston",35.59095,-78.4622
"4474",2024-02-21,33,"West Johnston Co.","PM2.5","Johnston",35.59095,-78.4622
"4475",2024-02-22,65,"West Johnston Co.","PM2.5","Johnston",35.59095,-78.4622
"4476",2024-02-23,63,"West Johnston Co.","PM2.5","Johnston",35.59095,-78.4622
"4477",2024-02-24,28,"West Johnston Co.","PM2.5","Johnston",35.59095,-78.4622
"4478",2024-02-25,27,"West Johnston Co.","PM2.5","Johnston",35.59095,-78.4622
"4479",2024-02-26,54,"West Johnston Co.","PM2.5","Johnston",35.59095,-78.4622
"4480",2024-02-27,54,"West Johnston Co.","PM2.5","Johnston",35.59095,-78.4622
"4481",2024-02-28,44,"West Johnston Co.","PM2.5","Johnston",35.59095,-78.4622
"4482",2024-02-29,21,"West Johnston Co.","PM2.5","Johnston",35.59095,-78.4622
"4483",2024-03-01,34,"West Johnston Co.","PM2.5","Johnston",35.59095,-78.4622
"4484",2024-03-02,21,"West Johnston Co.","PM2.5","Johnston",35.59095,-78.4622
"4485",2024-03-03,48,"West Johnston Co.","PM2.5","Johnston",35.59095,-78.4622
"4486",2024-03-04,12,"West Johnston Co.","PM2.5","Johnston",35.59095,-78.4622
"4487",2024-03-05,12,"West Johnston Co.","PM2.5","Johnston",35.59095,-78.4622
"4488",2024-03-06,24,"West Johnston Co.","PM2.5","Johnston",35.59095,-78.4622
"4489",2024-03-07,19,"West Johnston Co.","PM2.5","Johnston",35.59095,-78.4622
"4490",2024-03-08,17,"West Johnston Co.","PM2.5","Johnston",35.59095,-78.4622
"4491",2024-03-09,24,"West Johnston Co.","PM2.5","Johnston",35.59095,-78.4622
"4492",2024-03-10,11,"West Johnston Co.","PM2.5","Johnston",35.59095,-78.4622
"4493",2024-03-11,17,"West Johnston Co.","PM2.5","Johnston",35.59095,-78.4622
"4494",2024-03-12,51,"West Johnston Co.","PM2.5","Johnston",35.59095,-78.4622
"4495",2024-03-13,65,"West Johnston Co.","PM2.5","Johnston",35.59095,-78.4622
"4496",2024-03-14,66,"West Johnston Co.","PM2.5","Johnston",35.59095,-78.4622
"4497",2024-03-15,74,"West Johnston Co.","PM2.5","Johnston",35.59095,-78.4622
"4498",2024-03-16,52,"West Johnston Co.","PM2.5","Johnston",35.59095,-78.4622
"4499",2024-03-17,50,"West Johnston Co.","PM2.5","Johnston",35.59095,-78.4622
"4500",2024-03-18,21,"West Johnston Co.","PM2.5","Johnston",35.59095,-78.4622
"4501",2024-03-19,29,"West Johnston Co.","PM2.5","Johnston",35.59095,-78.4622
"4502",2024-03-20,54,"West Johnston Co.","PM2.5","Johnston",35.59095,-78.4622
"4503",2024-03-21,55,"West Johnston Co.","PM2.5","Johnston",35.59095,-78.4622
"4504",2024-03-22,50,"West Johnston Co.","PM2.5","Johnston",35.59095,-78.4622
"4505",2024-03-23,16,"West Johnston Co.","PM2.5","Johnston",35.59095,-78.4622
"4506",2024-03-24,18,"West Johnston Co.","PM2.5","Johnston",35.59095,-78.4622
"4507",2024-03-25,29,"West Johnston Co.","PM2.5","Johnston",35.59095,-78.4622
"4508",2024-03-26,46,"West Johnston Co.","PM2.5","Johnston",35.59095,-78.4622
"4509",2024-03-27,44,"West Johnston Co.","PM2.5","Johnston",35.59095,-78.4622
"4510",2024-03-28,17,"West Johnston Co.","PM2.5","Johnston",35.59095,-78.4622
"4511",2024-03-29,35,"West Johnston Co.","PM2.5","Johnston",35.59095,-78.4622
"4512",2024-03-30,47,"West Johnston Co.","PM2.5","Johnston",35.59095,-78.4622
"4513",2024-03-31,54,"West Johnston Co.","PM2.5","Johnston",35.59095,-78.4622
"4514",2024-04-01,71,"West Johnston Co.","PM2.5","Johnston",35.59095,-78.4622
"4515",2024-04-02,64,"West Johnston Co.","PM2.5","Johnston",35.59095,-78.4622
"4516",2024-04-03,48,"West Johnston Co.","PM2.5","Johnston",35.59095,-78.4622
"4517",2024-04-04,18,"West Johnston Co.","PM2.5","Johnston",35.59095,-78.4622
"4518",2024-04-05,12,"West Johnston Co.","PM2.5","Johnston",35.59095,-78.4622
"4519",2024-04-06,13,"West Johnston Co.","PM2.5","Johnston",35.59095,-78.4622
"4520",2024-04-07,26,"West Johnston Co.","PM2.5","Johnston",35.59095,-78.4622
"4521",2024-04-08,55,"West Johnston Co.","PM2.5","Johnston",35.59095,-78.4622
"4522",2024-04-09,44,"West Johnston Co.","PM2.5","Johnston",35.59095,-78.4622
"4523",2024-04-10,36,"West Johnston Co.","PM2.5","Johnston",35.59095,-78.4622
"4524",2024-04-11,26,"West Johnston Co.","PM2.5","Johnston",35.59095,-78.4622
"4525",2024-04-12,16,"West Johnston Co.","PM2.5","Johnston",35.59095,-78.4622
"4526",2024-04-13,19,"West Johnston Co.","PM2.5","Johnston",35.59095,-78.4622
"4527",2024-04-14,35,"West Johnston Co.","PM2.5","Johnston",35.59095,-78.4622
"4528",2024-04-15,52,"West Johnston Co.","PM2.5","Johnston",35.59095,-78.4622
"4529",2024-04-16,58,"West Johnston Co.","PM2.5","Johnston",35.59095,-78.4622
"4530",2024-04-17,54,"West Johnston Co.","PM2.5","Johnston",35.59095,-78.4622
"4531",2024-04-18,53,"West Johnston Co.","PM2.5","Johnston",35.59095,-78.4622
"4532",2024-04-19,60,"West Johnston Co.","PM2.5","Johnston",35.59095,-78.4622
"4533",2024-04-20,60,"West Johnston Co.","PM2.5","Johnston",35.59095,-78.4622
"4534",2024-04-21,26,"West Johnston Co.","PM2.5","Johnston",35.59095,-78.4622
"4535",2024-04-22,31,"West Johnston Co.","PM2.5","Johnston",35.59095,-78.4622
"4536",2024-04-23,42,"West Johnston Co.","PM2.5","Johnston",35.59095,-78.4622
"4537",2024-04-24,52,"West Johnston Co.","PM2.5","Johnston",35.59095,-78.4622
"4538",2024-04-25,55,"West Johnston Co.","PM2.5","Johnston",35.59095,-78.4622
"4539",2024-04-26,42,"West Johnston Co.","PM2.5","Johnston",35.59095,-78.4622
"4540",2024-04-27,34,"West Johnston Co.","PM2.5","Johnston",35.59095,-78.4622
"4541",2024-04-28,41,"West Johnston Co.","PM2.5","Johnston",35.59095,-78.4622
"4542",2024-04-29,48,"West Johnston Co.","PM2.5","Johnston",35.59095,-78.4622
"4543",2024-04-30,46,"West Johnston Co.","PM2.5","Johnston",35.59095,-78.4622
"4544",2024-05-01,38,"West Johnston Co.","PM2.5","Johnston",35.59095,-78.4622
"4545",2024-05-02,42,"West Johnston Co.","PM2.5","Johnston",35.59095,-78.4622
"4546",2024-05-03,49,"West Johnston Co.","PM2.5","Johnston",35.59095,-78.4622
"4547",2024-05-04,30,"West Johnston Co.","PM2.5","Johnston",35.59095,-78.4622
"4548",2024-05-05,22,"West Johnston Co.","PM2.5","Johnston",35.59095,-78.4622
"4549",2024-05-06,33,"West Johnston Co.","PM2.5","Johnston",35.59095,-78.4622
"4550",2024-05-07,39,"West Johnston Co.","PM2.5","Johnston",35.59095,-78.4622
"4551",2024-05-08,53,"West Johnston Co.","PM2.5","Johnston",35.59095,-78.4622
"4552",2024-05-09,29,"West Johnston Co.","PM2.5","Johnston",35.59095,-78.4622
"4553",2024-05-10,38,"West Johnston Co.","PM2.5","Johnston",35.59095,-78.4622
"4554",2024-05-11,17,"West Johnston Co.","PM2.5","Johnston",35.59095,-78.4622
"4555",2024-05-12,28,"West Johnston Co.","PM2.5","Johnston",35.59095,-78.4622
"4556",2024-05-13,33,"West Johnston Co.","PM2.5","Johnston",35.59095,-78.4622
"4557",2024-05-14,28,"West Johnston Co.","PM2.5","Johnston",35.59095,-78.4622
"4558",2024-05-15,21,"West Johnston Co.","PM2.5","Johnston",35.59095,-78.4622
"4559",2024-05-16,21,"West Johnston Co.","PM2.5","Johnston",35.59095,-78.4622
"4560",2024-05-17,41,"West Johnston Co.","PM2.5","Johnston",35.59095,-78.4622
"4561",2024-05-18,23,"West Johnston Co.","PM2.5","Johnston",35.59095,-78.4622
"4562",2024-05-19,19,"West Johnston Co.","PM2.5","Johnston",35.59095,-78.4622
"4563",2024-05-20,29,"West Johnston Co.","PM2.5","Johnston",35.59095,-78.4622
"4564",2024-05-21,28,"West Johnston Co.","PM2.5","Johnston",35.59095,-78.4622
"4565",2024-05-22,42,"West Johnston Co.","PM2.5","Johnston",35.59095,-78.4622
"4566",2024-05-23,53,"West Johnston Co.","PM2.5","Johnston",35.59095,-78.4622
"4567",2024-05-24,34,"West Johnston Co.","PM2.5","Johnston",35.59095,-78.4622
"4568",2024-05-25,38,"West Johnston Co.","PM2.5","Johnston",35.59095,-78.4622
"4569",2024-05-26,52,"West Johnston Co.","PM2.5","Johnston",35.59095,-78.4622
"4570",2024-05-27,42,"West Johnston Co.","PM2.5","Johnston",35.59095,-78.4622
"4571",2024-05-28,43,"West Johnston Co.","PM2.5","Johnston",35.59095,-78.4622
"4572",2024-05-29,36,"West Johnston Co.","PM2.5","Johnston",35.59095,-78.4622
"4573",2024-05-30,21,"West Johnston Co.","PM2.5","Johnston",35.59095,-78.4622
"4574",2024-05-31,25,"West Johnston Co.","PM2.5","Johnston",35.59095,-78.4622
"4575",2024-06-01,46,"West Johnston Co.","PM2.5","Johnston",35.59095,-78.4622
"4576",2024-06-02,52,"West Johnston Co.","PM2.5","Johnston",35.59095,-78.4622
"4577",2024-06-03,44,"West Johnston Co.","PM2.5","Johnston",35.59095,-78.4622
"4578",2024-06-04,54,"West Johnston Co.","PM2.5","Johnston",35.59095,-78.4622
"4579",2024-06-05,44,"West Johnston Co.","PM2.5","Johnston",35.59095,-78.4622
"4580",2024-06-06,46,"West Johnston Co.","PM2.5","Johnston",35.59095,-78.4622
"4581",2024-06-07,37,"West Johnston Co.","PM2.5","Johnston",35.59095,-78.4622
"4582",2024-06-08,41,"West Johnston Co.","PM2.5","Johnston",35.59095,-78.4622
"4583",2024-06-09,49,"West Johnston Co.","PM2.5","Johnston",35.59095,-78.4622
"4584",2024-06-10,43,"West Johnston Co.","PM2.5","Johnston",35.59095,-78.4622
"4585",2024-06-11,47,"West Johnston Co.","PM2.5","Johnston",35.59095,-78.4622
"4586",2024-06-12,52,"West Johnston Co.","PM2.5","Johnston",35.59095,-78.4622
"4587",2024-06-13,54,"West Johnston Co.","PM2.5","Johnston",35.59095,-78.4622
"4588",2024-06-14,56,"West Johnston Co.","PM2.5","Johnston",35.59095,-78.4622
"4589",2024-06-15,54,"West Johnston Co.","PM2.5","Johnston",35.59095,-78.4622
"4590",2024-06-16,48,"West Johnston Co.","PM2.5","Johnston",35.59095,-78.4622
"4591",2024-06-17,53,"West Johnston Co.","PM2.5","Johnston",35.59095,-78.4622
"4592",2024-06-18,37,"West Johnston Co.","PM2.5","Johnston",35.59095,-78.4622
"4593",2024-06-19,36,"West Johnston Co.","PM2.5","Johnston",35.59095,-78.4622
"4594",2024-06-20,33,"West Johnston Co.","PM2.5","Johnston",35.59095,-78.4622
"4595",2024-06-21,45,"West Johnston Co.","PM2.5","Johnston",35.59095,-78.4622
"4596",2024-06-22,32,"West Johnston Co.","PM2.5","Johnston",35.59095,-78.4622
"4597",2024-06-23,27,"West Johnston Co.","PM2.5","Johnston",35.59095,-78.4622
"4598",2024-06-24,53,"West Johnston Co.","PM2.5","Johnston",35.59095,-78.4622
"4599",2024-06-25,47,"West Johnston Co.","PM2.5","Johnston",35.59095,-78.4622
"4600",2024-06-26,54,"West Johnston Co.","PM2.5","Johnston",35.59095,-78.4622
"4601",2024-06-27,47,"West Johnston Co.","PM2.5","Johnston",35.59095,-78.4622
"4602",2024-06-28,52,"West Johnston Co.","PM2.5","Johnston",35.59095,-78.4622
"4603",2024-06-29,47,"West Johnston Co.","PM2.5","Johnston",35.59095,-78.4622
"4604",2024-06-30,33,"West Johnston Co.","PM2.5","Johnston",35.59095,-78.4622
"4605",2024-07-01,19,"West Johnston Co.","PM2.5","Johnston",35.59095,-78.4622
"4606",2024-07-02,41,"West Johnston Co.","PM2.5","Johnston",35.59095,-78.4622
"4607",2024-07-03,52,"West Johnston Co.","PM2.5","Johnston",35.59095,-78.4622
"4608",2024-07-04,53,"West Johnston Co.","PM2.5","Johnston",35.59095,-78.4622
"4609",2024-07-05,53,"West Johnston Co.","PM2.5","Johnston",35.59095,-78.4622
"4610",2024-07-06,58,"West Johnston Co.","PM2.5","Johnston",35.59095,-78.4622
"4611",2024-07-07,46,"West Johnston Co.","PM2.5","Johnston",35.59095,-78.4622
"4612",2024-07-08,41,"West Johnston Co.","PM2.5","Johnston",35.59095,-78.4622
"4613",2024-07-09,44,"West Johnston Co.","PM2.5","Johnston",35.59095,-78.4622
"4614",2024-07-10,46,"West Johnston Co.","PM2.5","Johnston",35.59095,-78.4622
"4615",2024-07-11,39,"West Johnston Co.","PM2.5","Johnston",35.59095,-78.4622
"4616",2024-07-12,22,"West Johnston Co.","PM2.5","Johnston",35.59095,-78.4622
"4617",2024-07-13,35,"West Johnston Co.","PM2.5","Johnston",35.59095,-78.4622
"4618",2024-07-14,55,"West Johnston Co.","PM2.5","Johnston",35.59095,-78.4622
"4619",2024-07-15,61,"West Johnston Co.","PM2.5","Johnston",35.59095,-78.4622
"4620",2024-07-16,62,"West Johnston Co.","PM2.5","Johnston",35.59095,-78.4622
"4621",2024-07-17,55,"West Johnston Co.","PM2.5","Johnston",35.59095,-78.4622
"4622",2024-07-18,52,"West Johnston Co.","PM2.5","Johnston",35.59095,-78.4622
"4623",2024-07-19,37,"West Johnston Co.","PM2.5","Johnston",35.59095,-78.4622
"4624",2024-07-20,34,"West Johnston Co.","PM2.5","Johnston",35.59095,-78.4622
"4625",2024-07-21,29,"West Johnston Co.","PM2.5","Johnston",35.59095,-78.4622
"4626",2024-07-22,13,"West Johnston Co.","PM2.5","Johnston",35.59095,-78.4622
"4627",2024-07-23,43,"West Johnston Co.","PM2.5","Johnston",35.59095,-78.4622
"4628",2024-07-24,27,"West Johnston Co.","PM2.5","Johnston",35.59095,-78.4622
"4629",2024-07-25,24,"West Johnston Co.","PM2.5","Johnston",35.59095,-78.4622
"4630",2024-07-26,32,"West Johnston Co.","PM2.5","Johnston",35.59095,-78.4622
"4631",2024-07-27,49,"West Johnston Co.","PM2.5","Johnston",35.59095,-78.4622
"4632",2024-07-28,52,"West Johnston Co.","PM2.5","Johnston",35.59095,-78.4622
"4633",2024-07-29,53,"West Johnston Co.","PM2.5","Johnston",35.59095,-78.4622
"4634",2024-07-30,49,"West Johnston Co.","PM2.5","Johnston",35.59095,-78.4622
"4635",2024-07-31,52,"West Johnston Co.","PM2.5","Johnston",35.59095,-78.4622
"4636",2024-08-01,56,"West Johnston Co.","PM2.5","Johnston",35.59095,-78.4622
"4637",2024-08-02,54,"West Johnston Co.","PM2.5","Johnston",35.59095,-78.4622
"4638",2024-08-04,26,"West Johnston Co.","PM2.5","Johnston",35.59095,-78.4622
"4639",2024-08-05,24,"West Johnston Co.","PM2.5","Johnston",35.59095,-78.4622
"4640",2024-08-06,17,"West Johnston Co.","PM2.5","Johnston",35.59095,-78.4622
"4641",2024-08-07,14,"West Johnston Co.","PM2.5","Johnston",35.59095,-78.4622
"4642",2024-08-08,14,"West Johnston Co.","PM2.5","Johnston",35.59095,-78.4622
"4643",2024-08-09,22,"West Johnston Co.","PM2.5","Johnston",35.59095,-78.4622
"4644",2024-08-10,55,"West Johnston Co.","PM2.5","Johnston",35.59095,-78.4622
"4645",2024-08-11,52,"West Johnston Co.","PM2.5","Johnston",35.59095,-78.4622
"4646",2024-08-12,52,"West Johnston Co.","PM2.5","Johnston",35.59095,-78.4622
"4647",2024-08-13,49,"West Johnston Co.","PM2.5","Johnston",35.59095,-78.4622
"4648",2024-08-14,47,"West Johnston Co.","PM2.5","Johnston",35.59095,-78.4622
"4649",2024-08-15,52,"West Johnston Co.","PM2.5","Johnston",35.59095,-78.4622
"4650",2024-08-16,57,"West Johnston Co.","PM2.5","Johnston",35.59095,-78.4622
"4651",2024-08-17,63,"West Johnston Co.","PM2.5","Johnston",35.59095,-78.4622
"4652",2024-08-18,44,"West Johnston Co.","PM2.5","Johnston",35.59095,-78.4622
"4653",2024-08-19,33,"West Johnston Co.","PM2.5","Johnston",35.59095,-78.4622
"4654",2024-08-20,28,"West Johnston Co.","PM2.5","Johnston",35.59095,-78.4622
"4655",2024-08-21,25,"West Johnston Co.","PM2.5","Johnston",35.59095,-78.4622
"4656",2024-08-22,32,"West Johnston Co.","PM2.5","Johnston",35.59095,-78.4622
"4657",2024-08-23,38,"West Johnston Co.","PM2.5","Johnston",35.59095,-78.4622
"4658",2024-08-24,49,"West Johnston Co.","PM2.5","Johnston",35.59095,-78.4622
"4659",2024-08-25,41,"West Johnston Co.","PM2.5","Johnston",35.59095,-78.4622
"4660",2024-08-26,52,"West Johnston Co.","PM2.5","Johnston",35.59095,-78.4622
"4661",2024-08-27,58,"West Johnston Co.","PM2.5","Johnston",35.59095,-78.4622
"4662",2024-08-28,62,"West Johnston Co.","PM2.5","Johnston",35.59095,-78.4622
"4663",2024-08-29,60,"West Johnston Co.","PM2.5","Johnston",35.59095,-78.4622
"4664",2024-08-30,46,"West Johnston Co.","PM2.5","Johnston",35.59095,-78.4622
"4665",2024-08-31,54,"West Johnston Co.","PM2.5","Johnston",35.59095,-78.4622
"4666",2024-09-01,43,"West Johnston Co.","PM2.5","Johnston",35.59095,-78.4622
"4667",2024-09-02,32,"West Johnston Co.","PM2.5","Johnston",35.59095,-78.4622
"4668",2024-09-03,19,"West Johnston Co.","PM2.5","Johnston",35.59095,-78.4622
"4669",2024-09-04,18,"West Johnston Co.","PM2.5","Johnston",35.59095,-78.4622
"4670",2024-09-05,27,"West Johnston Co.","PM2.5","Johnston",35.59095,-78.4622
"4671",2024-09-06,30,"West Johnston Co.","PM2.5","Johnston",35.59095,-78.4622
"4672",2024-09-07,41,"West Johnston Co.","PM2.5","Johnston",35.59095,-78.4622
"4673",2024-09-08,20,"West Johnston Co.","PM2.5","Johnston",35.59095,-78.4622
"4674",2024-09-09,31,"West Johnston Co.","PM2.5","Johnston",35.59095,-78.4622
"4675",2024-09-10,44,"West Johnston Co.","PM2.5","Johnston",35.59095,-78.4622
"4676",2024-09-11,45,"West Johnston Co.","PM2.5","Johnston",35.59095,-78.4622
"4677",2024-09-12,39,"West Johnston Co.","PM2.5","Johnston",35.59095,-78.4622
"4678",2024-09-13,19,"West Johnston Co.","PM2.5","Johnston",35.59095,-78.4622
"4679",2024-09-14,27,"West Johnston Co.","PM2.5","Johnston",35.59095,-78.4622
"4680",2024-09-15,36,"West Johnston Co.","PM2.5","Johnston",35.59095,-78.4622
"4681",2024-09-16,24,"West Johnston Co.","PM2.5","Johnston",35.59095,-78.4622
"4682",2024-09-17,20,"West Johnston Co.","PM2.5","Johnston",35.59095,-78.4622
"4683",2024-09-18,37,"West Johnston Co.","PM2.5","Johnston",35.59095,-78.4622
"4684",2024-09-19,16,"West Johnston Co.","PM2.5","Johnston",35.59095,-78.4622
"4685",2024-09-20,35,"West Johnston Co.","PM2.5","Johnston",35.59095,-78.4622
"4686",2024-09-21,42,"West Johnston Co.","PM2.5","Johnston",35.59095,-78.4622
"4687",2024-09-22,44,"West Johnston Co.","PM2.5","Johnston",35.59095,-78.4622
"4688",2024-09-23,40,"West Johnston Co.","PM2.5","Johnston",35.59095,-78.4622
"4689",2024-09-24,41,"West Johnston Co.","PM2.5","Johnston",35.59095,-78.4622
"4690",2024-09-25,34,"West Johnston Co.","PM2.5","Johnston",35.59095,-78.4622
"4691",2024-09-26,23,"West Johnston Co.","PM2.5","Johnston",35.59095,-78.4622
"4692",2024-09-27,24,"West Johnston Co.","PM2.5","Johnston",35.59095,-78.4622
"4693",2024-09-28,40,"West Johnston Co.","PM2.5","Johnston",35.59095,-78.4622
"4694",2024-09-29,47,"West Johnston Co.","PM2.5","Johnston",35.59095,-78.4622
"4695",2024-09-30,49,"West Johnston Co.","PM2.5","Johnston",35.59095,-78.4622
"4696",2024-10-01,16,"West Johnston Co.","PM2.5","Johnston",35.59095,-78.4622
"4697",2024-10-02,19,"West Johnston Co.","PM2.5","Johnston",35.59095,-78.4622
"4698",2024-10-03,22,"West Johnston Co.","PM2.5","Johnston",35.59095,-78.4622
"4699",2024-10-04,32,"West Johnston Co.","PM2.5","Johnston",35.59095,-78.4622
"4700",2024-10-05,52,"West Johnston Co.","PM2.5","Johnston",35.59095,-78.4622
"4701",2024-10-06,51,"West Johnston Co.","PM2.5","Johnston",35.59095,-78.4622
"4702",2024-10-07,49,"West Johnston Co.","PM2.5","Johnston",35.59095,-78.4622
"4703",2024-10-08,35,"West Johnston Co.","PM2.5","Johnston",35.59095,-78.4622
"4704",2024-10-09,35,"West Johnston Co.","PM2.5","Johnston",35.59095,-78.4622
"4705",2024-10-10,27,"West Johnston Co.","PM2.5","Johnston",35.59095,-78.4622
"4706",2024-10-11,29,"West Johnston Co.","PM2.5","Johnston",35.59095,-78.4622
"4707",2024-10-12,53,"West Johnston Co.","PM2.5","Johnston",35.59095,-78.4622
"4708",2024-10-13,53,"West Johnston Co.","PM2.5","Johnston",35.59095,-78.4622
"4709",2024-10-14,42,"West Johnston Co.","PM2.5","Johnston",35.59095,-78.4622
"4710",2024-10-15,48,"West Johnston Co.","PM2.5","Johnston",35.59095,-78.4622
"4711",2024-10-16,18,"West Johnston Co.","PM2.5","Johnston",35.59095,-78.4622
"4712",2024-10-17,21,"West Johnston Co.","PM2.5","Johnston",35.59095,-78.4622
"4713",2024-10-18,31,"West Johnston Co.","PM2.5","Johnston",35.59095,-78.4622
"4714",2024-10-19,39,"West Johnston Co.","PM2.5","Johnston",35.59095,-78.4622
"4715",2024-10-20,53,"West Johnston Co.","PM2.5","Johnston",35.59095,-78.4622
"4716",2024-10-21,60,"West Johnston Co.","PM2.5","Johnston",35.59095,-78.4622
"4717",2024-10-22,52,"West Johnston Co.","PM2.5","Johnston",35.59095,-78.4622
"4718",2024-10-23,55,"West Johnston Co.","PM2.5","Johnston",35.59095,-78.4622
"4719",2024-10-26,57,"West Johnston Co.","PM2.5","Johnston",35.59095,-78.4622
"4720",2024-10-27,38,"West Johnston Co.","PM2.5","Johnston",35.59095,-78.4622
"4721",2024-10-28,37,"West Johnston Co.","PM2.5","Johnston",35.59095,-78.4622
"4722",2024-10-29,56,"West Johnston Co.","PM2.5","Johnston",35.59095,-78.4622
"4723",2024-10-30,53,"West Johnston Co.","PM2.5","Johnston",35.59095,-78.4622
"4724",2024-10-31,31,"West Johnston Co.","PM2.5","Johnston",35.59095,-78.4622
"4725",2024-11-01,38,"West Johnston Co.","PM2.5","Johnston",35.59095,-78.4622
"4726",2024-11-02,53,"West Johnston Co.","PM2.5","Johnston",35.59095,-78.4622
"4727",2024-11-03,37,"West Johnston Co.","PM2.5","Johnston",35.59095,-78.4622
"4728",2024-11-04,26,"West Johnston Co.","PM2.5","Johnston",35.59095,-78.4622
"4729",2024-11-05,31,"West Johnston Co.","PM2.5","Johnston",35.59095,-78.4622
"4730",2024-11-06,51,"West Johnston Co.","PM2.5","Johnston",35.59095,-78.4622
"4731",2024-11-07,52,"West Johnston Co.","PM2.5","Johnston",35.59095,-78.4622
"4732",2024-11-08,56,"West Johnston Co.","PM2.5","Johnston",35.59095,-78.4622
"4733",2024-11-09,33,"West Johnston Co.","PM2.5","Johnston",35.59095,-78.4622
"4734",2024-11-10,44,"West Johnston Co.","PM2.5","Johnston",35.59095,-78.4622
"4735",2024-11-11,40,"West Johnston Co.","PM2.5","Johnston",35.59095,-78.4622
"4736",2024-11-12,29,"West Johnston Co.","PM2.5","Johnston",35.59095,-78.4622
"4737",2024-11-13,19,"West Johnston Co.","PM2.5","Johnston",35.59095,-78.4622
"4738",2024-11-14,29,"West Johnston Co.","PM2.5","Johnston",35.59095,-78.4622
"4739",2024-11-15,10,"West Johnston Co.","PM2.5","Johnston",35.59095,-78.4622
"4740",2024-11-16,38,"West Johnston Co.","PM2.5","Johnston",35.59095,-78.4622
"4741",2024-11-17,46,"West Johnston Co.","PM2.5","Johnston",35.59095,-78.4622
"4742",2024-11-18,50,"West Johnston Co.","PM2.5","Johnston",35.59095,-78.4622
"4743",2024-11-19,67,"West Johnston Co.","PM2.5","Johnston",35.59095,-78.4622
"4744",2024-11-20,52,"West Johnston Co.","PM2.5","Johnston",35.59095,-78.4622
"4745",2024-11-21,6,"West Johnston Co.","PM2.5","Johnston",35.59095,-78.4622
"4746",2024-11-22,1,"West Johnston Co.","PM2.5","Johnston",35.59095,-78.4622
"4747",2024-11-23,12,"West Johnston Co.","PM2.5","Johnston",35.59095,-78.4622
"4748",2024-11-24,18,"West Johnston Co.","PM2.5","Johnston",35.59095,-78.4622
"4749",2024-11-25,55,"West Johnston Co.","PM2.5","Johnston",35.59095,-78.4622
"4750",2024-11-26,52,"West Johnston Co.","PM2.5","Johnston",35.59095,-78.4622
"4751",2024-11-27,42,"West Johnston Co.","PM2.5","Johnston",35.59095,-78.4622
"4752",2024-11-28,36,"West Johnston Co.","PM2.5","Johnston",35.59095,-78.4622
"4753",2024-11-29,15,"West Johnston Co.","PM2.5","Johnston",35.59095,-78.4622
"4754",2024-11-30,17,"West Johnston Co.","PM2.5","Johnston",35.59095,-78.4622
"4755",2024-12-01,43,"West Johnston Co.","PM2.5","Johnston",35.59095,-78.4622
"4756",2024-12-02,11,"West Johnston Co.","PM2.5","Johnston",35.59095,-78.4622
"4757",2024-12-03,12,"West Johnston Co.","PM2.5","Johnston",35.59095,-78.4622
"4758",2024-12-04,35,"West Johnston Co.","PM2.5","Johnston",35.59095,-78.4622
"4759",2024-12-05,42,"West Johnston Co.","PM2.5","Johnston",35.59095,-78.4622
"4760",2024-12-06,10,"West Johnston Co.","PM2.5","Johnston",35.59095,-78.4622
"4761",2024-12-07,32,"West Johnston Co.","PM2.5","Johnston",35.59095,-78.4622
"4762",2024-12-08,54,"West Johnston Co.","PM2.5","Johnston",35.59095,-78.4622
"4763",2024-12-09,58,"West Johnston Co.","PM2.5","Johnston",35.59095,-78.4622
"4764",2024-12-10,57,"West Johnston Co.","PM2.5","Johnston",35.59095,-78.4622
"4765",2024-12-11,14,"West Johnston Co.","PM2.5","Johnston",35.59095,-78.4622
"4766",2024-12-12,8,"West Johnston Co.","PM2.5","Johnston",35.59095,-78.4622
"4767",2024-12-13,31,"West Johnston Co.","PM2.5","Johnston",35.59095,-78.4622
"4768",2024-12-14,36,"West Johnston Co.","PM2.5","Johnston",35.59095,-78.4622
"4769",2024-12-15,27,"West Johnston Co.","PM2.5","Johnston",35.59095,-78.4622
"4770",2024-12-16,39,"West Johnston Co.","PM2.5","Johnston",35.59095,-78.4622
"4771",2024-12-17,62,"West Johnston Co.","PM2.5","Johnston",35.59095,-78.4622
"4772",2024-12-18,55,"West Johnston Co.","PM2.5","Johnston",35.59095,-78.4622
"4773",2024-12-19,20,"West Johnston Co.","PM2.5","Johnston",35.59095,-78.4622
"4774",2024-12-20,32,"West Johnston Co.","PM2.5","Johnston",35.59095,-78.4622
"4775",2024-12-21,0,"West Johnston Co.","PM2.5","Johnston",35.59095,-78.4622
"4776",2024-12-22,3,"West Johnston Co.","PM2.5","Johnston",35.59095,-78.4622
"4777",2024-12-23,18,"West Johnston Co.","PM2.5","Johnston",35.59095,-78.4622
"4778",2024-12-24,41,"West Johnston Co.","PM2.5","Johnston",35.59095,-78.4622
"4779",2024-12-25,38,"West Johnston Co.","PM2.5","Johnston",35.59095,-78.4622
"4780",2024-12-26,39,"West Johnston Co.","PM2.5","Johnston",35.59095,-78.4622
"4781",2024-12-27,49,"West Johnston Co.","PM2.5","Johnston",35.59095,-78.4622
"4782",2024-12-28,36,"West Johnston Co.","PM2.5","Johnston",35.59095,-78.4622
"4783",2024-12-29,8,"West Johnston Co.","PM2.5","Johnston",35.59095,-78.4622
"4784",2024-12-30,11,"West Johnston Co.","PM2.5","Johnston",35.59095,-78.4622
"4785",2024-12-31,31,"West Johnston Co.","PM2.5","Johnston",35.59095,-78.4622
"4786",2024-01-01,41,"Garinger High School","PM2.5","Mecklenburg",35.2401000008895,-80.785683
"4787",2024-01-04,31,"Garinger High School","PM2.5","Mecklenburg",35.2401000008895,-80.785683
"4788",2024-01-07,14,"Garinger High School","PM2.5","Mecklenburg",35.2401000008895,-80.785683
"4789",2024-01-19,35,"Garinger High School","PM2.5","Mecklenburg",35.2401000008895,-80.785683
"4790",2024-01-22,62,"Garinger High School","PM2.5","Mecklenburg",35.2401000008895,-80.785683
"4791",2024-01-25,14,"Garinger High School","PM2.5","Mecklenburg",35.2401000008895,-80.785683
"4792",2024-01-28,11,"Garinger High School","PM2.5","Mecklenburg",35.2401000008895,-80.785683
"4793",2024-01-31,32,"Garinger High School","PM2.5","Mecklenburg",35.2401000008895,-80.785683
"4794",2024-02-03,36,"Garinger High School","PM2.5","Mecklenburg",35.2401000008895,-80.785683
"4795",2024-02-06,31,"Garinger High School","PM2.5","Mecklenburg",35.2401000008895,-80.785683
"4796",2024-02-09,60,"Garinger High School","PM2.5","Mecklenburg",35.2401000008895,-80.785683
"4797",2024-02-12,14,"Garinger High School","PM2.5","Mecklenburg",35.2401000008895,-80.785683
"4798",2024-02-15,42,"Garinger High School","PM2.5","Mecklenburg",35.2401000008895,-80.785683
"4799",2024-02-18,28,"Garinger High School","PM2.5","Mecklenburg",35.2401000008895,-80.785683
"4800",2024-02-21,55,"Garinger High School","PM2.5","Mecklenburg",35.2401000008895,-80.785683
"4801",2024-02-24,21,"Garinger High School","PM2.5","Mecklenburg",35.2401000008895,-80.785683
"4802",2024-02-27,57,"Garinger High School","PM2.5","Mecklenburg",35.2401000008895,-80.785683
"4803",2024-03-01,52,"Garinger High School","PM2.5","Mecklenburg",35.2401000008895,-80.785683
"4804",2024-03-04,47,"Garinger High School","PM2.5","Mecklenburg",35.2401000008895,-80.785683
"4805",2024-03-07,23,"Garinger High School","PM2.5","Mecklenburg",35.2401000008895,-80.785683
"4806",2024-03-10,8,"Garinger High School","PM2.5","Mecklenburg",35.2401000008895,-80.785683
"4807",2024-03-13,55,"Garinger High School","PM2.5","Mecklenburg",35.2401000008895,-80.785683
"4808",2024-03-16,52,"Garinger High School","PM2.5","Mecklenburg",35.2401000008895,-80.785683
"4809",2024-03-19,18,"Garinger High School","PM2.5","Mecklenburg",35.2401000008895,-80.785683
"4810",2024-03-22,58,"Garinger High School","PM2.5","Mecklenburg",35.2401000008895,-80.785683
"4811",2024-03-25,55,"Garinger High School","PM2.5","Mecklenburg",35.2401000008895,-80.785683
"4812",2024-03-28,18,"Garinger High School","PM2.5","Mecklenburg",35.2401000008895,-80.785683
"4813",2024-03-31,54,"Garinger High School","PM2.5","Mecklenburg",35.2401000008895,-80.785683
"4814",2024-04-03,29,"Garinger High School","PM2.5","Mecklenburg",35.2401000008895,-80.785683
"4815",2024-04-06,12,"Garinger High School","PM2.5","Mecklenburg",35.2401000008895,-80.785683
"4816",2024-04-09,62,"Garinger High School","PM2.5","Mecklenburg",35.2401000008895,-80.785683
"4817",2024-04-12,17,"Garinger High School","PM2.5","Mecklenburg",35.2401000008895,-80.785683
"4818",2024-04-15,53,"Garinger High School","PM2.5","Mecklenburg",35.2401000008895,-80.785683
"4819",2024-04-18,46,"Garinger High School","PM2.5","Mecklenburg",35.2401000008895,-80.785683
"4820",2024-04-21,24,"Garinger High School","PM2.5","Mecklenburg",35.2401000008895,-80.785683
"4821",2024-04-24,52,"Garinger High School","PM2.5","Mecklenburg",35.2401000008895,-80.785683
"4822",2024-04-27,44,"Garinger High School","PM2.5","Mecklenburg",35.2401000008895,-80.785683
"4823",2024-04-30,41,"Garinger High School","PM2.5","Mecklenburg",35.2401000008895,-80.785683
"4824",2024-05-03,52,"Garinger High School","PM2.5","Mecklenburg",35.2401000008895,-80.785683
"4825",2024-05-06,44,"Garinger High School","PM2.5","Mecklenburg",35.2401000008895,-80.785683
"4826",2024-05-09,21,"Garinger High School","PM2.5","Mecklenburg",35.2401000008895,-80.785683
"4827",2024-05-12,42,"Garinger High School","PM2.5","Mecklenburg",35.2401000008895,-80.785683
"4828",2024-05-15,24,"Garinger High School","PM2.5","Mecklenburg",35.2401000008895,-80.785683
"4829",2024-05-18,31,"Garinger High School","PM2.5","Mecklenburg",35.2401000008895,-80.785683
"4830",2024-05-21,44,"Garinger High School","PM2.5","Mecklenburg",35.2401000008895,-80.785683
"4831",2024-05-24,41,"Garinger High School","PM2.5","Mecklenburg",35.2401000008895,-80.785683
"4832",2024-05-27,43,"Garinger High School","PM2.5","Mecklenburg",35.2401000008895,-80.785683
"4833",2024-05-30,26,"Garinger High School","PM2.5","Mecklenburg",35.2401000008895,-80.785683
"4834",2024-06-02,36,"Garinger High School","PM2.5","Mecklenburg",35.2401000008895,-80.785683
"4835",2024-06-05,36,"Garinger High School","PM2.5","Mecklenburg",35.2401000008895,-80.785683
"4836",2024-06-08,36,"Garinger High School","PM2.5","Mecklenburg",35.2401000008895,-80.785683
"4837",2024-06-11,47,"Garinger High School","PM2.5","Mecklenburg",35.2401000008895,-80.785683
"4838",2024-06-14,55,"Garinger High School","PM2.5","Mecklenburg",35.2401000008895,-80.785683
"4839",2024-06-17,53,"Garinger High School","PM2.5","Mecklenburg",35.2401000008895,-80.785683
"4840",2024-06-20,53,"Garinger High School","PM2.5","Mecklenburg",35.2401000008895,-80.785683
"4841",2024-06-23,41,"Garinger High School","PM2.5","Mecklenburg",35.2401000008895,-80.785683
"4842",2024-06-26,59,"Garinger High School","PM2.5","Mecklenburg",35.2401000008895,-80.785683
"4843",2024-06-29,34,"Garinger High School","PM2.5","Mecklenburg",35.2401000008895,-80.785683
"4844",2024-07-02,26,"Garinger High School","PM2.5","Mecklenburg",35.2401000008895,-80.785683
"4845",2024-07-05,53,"Garinger High School","PM2.5","Mecklenburg",35.2401000008895,-80.785683
"4846",2024-07-08,31,"Garinger High School","PM2.5","Mecklenburg",35.2401000008895,-80.785683
"4847",2024-07-11,26,"Garinger High School","PM2.5","Mecklenburg",35.2401000008895,-80.785683
"4848",2024-07-14,54,"Garinger High School","PM2.5","Mecklenburg",35.2401000008895,-80.785683
"4849",2024-07-17,49,"Garinger High School","PM2.5","Mecklenburg",35.2401000008895,-80.785683
"4850",2024-07-20,57,"Garinger High School","PM2.5","Mecklenburg",35.2401000008895,-80.785683
"4851",2024-07-23,27,"Garinger High School","PM2.5","Mecklenburg",35.2401000008895,-80.785683
"4852",2024-07-26,42,"Garinger High School","PM2.5","Mecklenburg",35.2401000008895,-80.785683
"4853",2024-08-01,43,"Garinger High School","PM2.5","Mecklenburg",35.2401000008895,-80.785683
"4854",2024-08-04,53,"Garinger High School","PM2.5","Mecklenburg",35.2401000008895,-80.785683
"4855",2024-08-07,19,"Garinger High School","PM2.5","Mecklenburg",35.2401000008895,-80.785683
"4856",2024-08-10,52,"Garinger High School","PM2.5","Mecklenburg",35.2401000008895,-80.785683
"4857",2024-08-13,55,"Garinger High School","PM2.5","Mecklenburg",35.2401000008895,-80.785683
"4858",2024-08-16,56,"Garinger High School","PM2.5","Mecklenburg",35.2401000008895,-80.785683
"4859",2024-08-19,31,"Garinger High School","PM2.5","Mecklenburg",35.2401000008895,-80.785683
"4860",2024-08-22,42,"Garinger High School","PM2.5","Mecklenburg",35.2401000008895,-80.785683
"4861",2024-08-25,57,"Garinger High School","PM2.5","Mecklenburg",35.2401000008895,-80.785683
"4862",2024-08-28,61,"Garinger High School","PM2.5","Mecklenburg",35.2401000008895,-80.785683
"4863",2024-08-31,47,"Garinger High School","PM2.5","Mecklenburg",35.2401000008895,-80.785683
"4864",2024-09-03,26,"Garinger High School","PM2.5","Mecklenburg",35.2401000008895,-80.785683
"4865",2024-09-06,38,"Garinger High School","PM2.5","Mecklenburg",35.2401000008895,-80.785683
"4866",2024-09-09,39,"Garinger High School","PM2.5","Mecklenburg",35.2401000008895,-80.785683
"4867",2024-09-12,48,"Garinger High School","PM2.5","Mecklenburg",35.2401000008895,-80.785683
"4868",2024-09-15,39,"Garinger High School","PM2.5","Mecklenburg",35.2401000008895,-80.785683
"4869",2024-09-18,51,"Garinger High School","PM2.5","Mecklenburg",35.2401000008895,-80.785683
"4870",2024-09-21,53,"Garinger High School","PM2.5","Mecklenburg",35.2401000008895,-80.785683
"4871",2024-09-24,56,"Garinger High School","PM2.5","Mecklenburg",35.2401000008895,-80.785683
"4872",2024-09-30,56,"Garinger High School","PM2.5","Mecklenburg",35.2401000008895,-80.785683
"4873",2024-10-03,43,"Garinger High School","PM2.5","Mecklenburg",35.2401000008895,-80.785683
"4874",2024-10-04,43,"Garinger High School","PM2.5","Mecklenburg",35.2401000008895,-80.785683
"4875",2024-10-06,57,"Garinger High School","PM2.5","Mecklenburg",35.2401000008895,-80.785683
"4876",2024-10-09,55,"Garinger High School","PM2.5","Mecklenburg",35.2401000008895,-80.785683
"4877",2024-10-12,55,"Garinger High School","PM2.5","Mecklenburg",35.2401000008895,-80.785683
"4878",2024-10-15,22,"Garinger High School","PM2.5","Mecklenburg",35.2401000008895,-80.785683
"4879",2024-10-18,53,"Garinger High School","PM2.5","Mecklenburg",35.2401000008895,-80.785683
"4880",2024-10-21,61,"Garinger High School","PM2.5","Mecklenburg",35.2401000008895,-80.785683
"4881",2024-10-24,55,"Garinger High School","PM2.5","Mecklenburg",35.2401000008895,-80.785683
"4882",2024-10-27,48,"Garinger High School","PM2.5","Mecklenburg",35.2401000008895,-80.785683
"4883",2024-10-30,56,"Garinger High School","PM2.5","Mecklenburg",35.2401000008895,-80.785683
"4884",2024-11-02,53,"Garinger High School","PM2.5","Mecklenburg",35.2401000008895,-80.785683
"4885",2024-11-05,46,"Garinger High School","PM2.5","Mecklenburg",35.2401000008895,-80.785683
"4886",2024-11-08,44,"Garinger High School","PM2.5","Mecklenburg",35.2401000008895,-80.785683
"4887",2024-11-11,46,"Garinger High School","PM2.5","Mecklenburg",35.2401000008895,-80.785683
"4888",2024-11-14,24,"Garinger High School","PM2.5","Mecklenburg",35.2401000008895,-80.785683
"4889",2024-11-17,66,"Garinger High School","PM2.5","Mecklenburg",35.2401000008895,-80.785683
"4890",2024-11-20,34,"Garinger High School","PM2.5","Mecklenburg",35.2401000008895,-80.785683
"4891",2024-11-23,41,"Garinger High School","PM2.5","Mecklenburg",35.2401000008895,-80.785683
"4892",2024-11-26,37,"Garinger High School","PM2.5","Mecklenburg",35.2401000008895,-80.785683
"4893",2024-11-29,23,"Garinger High School","PM2.5","Mecklenburg",35.2401000008895,-80.785683
"4894",2024-12-02,33,"Garinger High School","PM2.5","Mecklenburg",35.2401000008895,-80.785683
"4895",2024-12-05,54,"Garinger High School","PM2.5","Mecklenburg",35.2401000008895,-80.785683
"4896",2024-12-08,52,"Garinger High School","PM2.5","Mecklenburg",35.2401000008895,-80.785683
"4897",2024-12-11,17,"Garinger High School","PM2.5","Mecklenburg",35.2401000008895,-80.785683
"4898",2024-12-14,54,"Garinger High School","PM2.5","Mecklenburg",35.2401000008895,-80.785683
"4899",2024-12-17,51,"Garinger High School","PM2.5","Mecklenburg",35.2401000008895,-80.785683
"4900",2024-12-20,33,"Garinger High School","PM2.5","Mecklenburg",35.2401000008895,-80.785683
"4901",2024-12-23,53,"Garinger High School","PM2.5","Mecklenburg",35.2401000008895,-80.785683
"4902",2024-12-26,52,"Garinger High School","PM2.5","Mecklenburg",35.2401000008895,-80.785683
"4903",2024-12-29,14,"Garinger High School","PM2.5","Mecklenburg",35.2401000008895,-80.785683
"4904",2024-01-01,43,"Garinger High School","PM2.5","Mecklenburg",35.2401000008895,-80.785683
"4905",2024-01-02,32,"Garinger High School","PM2.5","Mecklenburg",35.2401000008895,-80.785683
"4906",2024-01-03,52,"Garinger High School","PM2.5","Mecklenburg",35.2401000008895,-80.785683
"4907",2024-01-04,35,"Garinger High School","PM2.5","Mecklenburg",35.2401000008895,-80.785683
"4908",2024-01-05,35,"Garinger High School","PM2.5","Mecklenburg",35.2401000008895,-80.785683
"4909",2024-01-06,23,"Garinger High School","PM2.5","Mecklenburg",35.2401000008895,-80.785683
"4910",2024-01-07,16,"Garinger High School","PM2.5","Mecklenburg",35.2401000008895,-80.785683
"4911",2024-01-08,24,"Garinger High School","PM2.5","Mecklenburg",35.2401000008895,-80.785683
"4912",2024-01-09,13,"Garinger High School","PM2.5","Mecklenburg",35.2401000008895,-80.785683
"4913",2024-01-10,11,"Garinger High School","PM2.5","Mecklenburg",35.2401000008895,-80.785683
"4914",2024-01-11,45,"Garinger High School","PM2.5","Mecklenburg",35.2401000008895,-80.785683
"4915",2024-01-12,52,"Garinger High School","PM2.5","Mecklenburg",35.2401000008895,-80.785683
"4916",2024-01-13,28,"Garinger High School","PM2.5","Mecklenburg",35.2401000008895,-80.785683
"4917",2024-01-14,23,"Garinger High School","PM2.5","Mecklenburg",35.2401000008895,-80.785683
"4918",2024-01-15,44,"Garinger High School","PM2.5","Mecklenburg",35.2401000008895,-80.785683
"4919",2024-01-16,47,"Garinger High School","PM2.5","Mecklenburg",35.2401000008895,-80.785683
"4920",2024-01-17,31,"Garinger High School","PM2.5","Mecklenburg",35.2401000008895,-80.785683
"4921",2024-01-18,39,"Garinger High School","PM2.5","Mecklenburg",35.2401000008895,-80.785683
"4922",2024-01-19,34,"Garinger High School","PM2.5","Mecklenburg",35.2401000008895,-80.785683
"4923",2024-01-20,27,"Garinger High School","PM2.5","Mecklenburg",35.2401000008895,-80.785683
"4924",2024-01-21,35,"Garinger High School","PM2.5","Mecklenburg",35.2401000008895,-80.785683
"4925",2024-01-22,63,"Garinger High School","PM2.5","Mecklenburg",35.2401000008895,-80.785683
"4926",2024-01-23,61,"Garinger High School","PM2.5","Mecklenburg",35.2401000008895,-80.785683
"4927",2024-01-24,54,"Garinger High School","PM2.5","Mecklenburg",35.2401000008895,-80.785683
"4928",2024-01-25,7,"Garinger High School","PM2.5","Mecklenburg",35.2401000008895,-80.785683
"4929",2024-01-26,24,"Garinger High School","PM2.5","Mecklenburg",35.2401000008895,-80.785683
"4930",2024-01-27,34,"Garinger High School","PM2.5","Mecklenburg",35.2401000008895,-80.785683
"4931",2024-01-28,6,"Garinger High School","PM2.5","Mecklenburg",35.2401000008895,-80.785683
"4932",2024-01-29,5,"Garinger High School","PM2.5","Mecklenburg",35.2401000008895,-80.785683
"4933",2024-01-30,20,"Garinger High School","PM2.5","Mecklenburg",35.2401000008895,-80.785683
"4934",2024-01-31,36,"Garinger High School","PM2.5","Mecklenburg",35.2401000008895,-80.785683
"4935",2024-02-01,39,"Garinger High School","PM2.5","Mecklenburg",35.2401000008895,-80.785683
"4936",2024-02-02,39,"Garinger High School","PM2.5","Mecklenburg",35.2401000008895,-80.785683
"4937",2024-02-03,34,"Garinger High School","PM2.5","Mecklenburg",35.2401000008895,-80.785683
"4938",2024-02-04,40,"Garinger High School","PM2.5","Mecklenburg",35.2401000008895,-80.785683
"4939",2024-02-05,33,"Garinger High School","PM2.5","Mecklenburg",35.2401000008895,-80.785683
"4940",2024-02-06,41,"Garinger High School","PM2.5","Mecklenburg",35.2401000008895,-80.785683
"4941",2024-02-07,44,"Garinger High School","PM2.5","Mecklenburg",35.2401000008895,-80.785683
"4942",2024-02-08,57,"Garinger High School","PM2.5","Mecklenburg",35.2401000008895,-80.785683
"4943",2024-02-09,61,"Garinger High School","PM2.5","Mecklenburg",35.2401000008895,-80.785683
"4944",2024-02-10,55,"Garinger High School","PM2.5","Mecklenburg",35.2401000008895,-80.785683
"4945",2024-02-11,29,"Garinger High School","PM2.5","Mecklenburg",35.2401000008895,-80.785683
"4946",2024-02-12,10,"Garinger High School","PM2.5","Mecklenburg",35.2401000008895,-80.785683
"4947",2024-02-13,10,"Garinger High School","PM2.5","Mecklenburg",35.2401000008895,-80.785683
"4948",2024-02-14,31,"Garinger High School","PM2.5","Mecklenburg",35.2401000008895,-80.785683
"4949",2024-02-15,41,"Garinger High School","PM2.5","Mecklenburg",35.2401000008895,-80.785683
"4950",2024-02-16,49,"Garinger High School","PM2.5","Mecklenburg",35.2401000008895,-80.785683
"4951",2024-02-17,29,"Garinger High School","PM2.5","Mecklenburg",35.2401000008895,-80.785683
"4952",2024-02-18,33,"Garinger High School","PM2.5","Mecklenburg",35.2401000008895,-80.785683
"4953",2024-02-19,40,"Garinger High School","PM2.5","Mecklenburg",35.2401000008895,-80.785683
"4954",2024-02-20,54,"Garinger High School","PM2.5","Mecklenburg",35.2401000008895,-80.785683
"4955",2024-02-21,59,"Garinger High School","PM2.5","Mecklenburg",35.2401000008895,-80.785683
"4956",2024-02-22,74,"Garinger High School","PM2.5","Mecklenburg",35.2401000008895,-80.785683
"4957",2024-02-23,63,"Garinger High School","PM2.5","Mecklenburg",35.2401000008895,-80.785683
"4958",2024-02-24,22,"Garinger High School","PM2.5","Mecklenburg",35.2401000008895,-80.785683
"4959",2024-02-25,25,"Garinger High School","PM2.5","Mecklenburg",35.2401000008895,-80.785683
"4960",2024-02-26,58,"Garinger High School","PM2.5","Mecklenburg",35.2401000008895,-80.785683
"4961",2024-02-27,61,"Garinger High School","PM2.5","Mecklenburg",35.2401000008895,-80.785683
"4962",2024-02-28,49,"Garinger High School","PM2.5","Mecklenburg",35.2401000008895,-80.785683
"4963",2024-02-29,14,"Garinger High School","PM2.5","Mecklenburg",35.2401000008895,-80.785683
"4964",2024-03-01,44,"Garinger High School","PM2.5","Mecklenburg",35.2401000008895,-80.785683
"4965",2024-03-02,31,"Garinger High School","PM2.5","Mecklenburg",35.2401000008895,-80.785683
"4966",2024-03-03,48,"Garinger High School","PM2.5","Mecklenburg",35.2401000008895,-80.785683
"4967",2024-03-04,52,"Garinger High School","PM2.5","Mecklenburg",35.2401000008895,-80.785683
"4968",2024-03-05,47,"Garinger High School","PM2.5","Mecklenburg",35.2401000008895,-80.785683
"4969",2024-03-06,46,"Garinger High School","PM2.5","Mecklenburg",35.2401000008895,-80.785683
"4970",2024-03-07,22,"Garinger High School","PM2.5","Mecklenburg",35.2401000008895,-80.785683
"4971",2024-03-08,43,"Garinger High School","PM2.5","Mecklenburg",35.2401000008895,-80.785683
"4972",2024-03-09,10,"Garinger High School","PM2.5","Mecklenburg",35.2401000008895,-80.785683
"4973",2024-03-10,9,"Garinger High School","PM2.5","Mecklenburg",35.2401000008895,-80.785683
"4974",2024-03-11,9,"Garinger High School","PM2.5","Mecklenburg",35.2401000008895,-80.785683
"4975",2024-03-12,43,"Garinger High School","PM2.5","Mecklenburg",35.2401000008895,-80.785683
"4976",2024-03-13,57,"Garinger High School","PM2.5","Mecklenburg",35.2401000008895,-80.785683
"4977",2024-03-14,69,"Garinger High School","PM2.5","Mecklenburg",35.2401000008895,-80.785683
"4978",2024-03-15,89,"Garinger High School","PM2.5","Mecklenburg",35.2401000008895,-80.785683
"4979",2024-03-16,53,"Garinger High School","PM2.5","Mecklenburg",35.2401000008895,-80.785683
"4980",2024-03-17,33,"Garinger High School","PM2.5","Mecklenburg",35.2401000008895,-80.785683
"4981",2024-03-18,21,"Garinger High School","PM2.5","Mecklenburg",35.2401000008895,-80.785683
"4982",2024-03-19,21,"Garinger High School","PM2.5","Mecklenburg",35.2401000008895,-80.785683
"4983",2024-03-20,52,"Garinger High School","PM2.5","Mecklenburg",35.2401000008895,-80.785683
"4984",2024-03-21,37,"Garinger High School","PM2.5","Mecklenburg",35.2401000008895,-80.785683
"4985",2024-03-22,59,"Garinger High School","PM2.5","Mecklenburg",35.2401000008895,-80.785683
"4986",2024-03-23,19,"Garinger High School","PM2.5","Mecklenburg",35.2401000008895,-80.785683
"4987",2024-03-24,20,"Garinger High School","PM2.5","Mecklenburg",35.2401000008895,-80.785683
"4988",2024-03-25,55,"Garinger High School","PM2.5","Mecklenburg",35.2401000008895,-80.785683
"4989",2024-03-26,60,"Garinger High School","PM2.5","Mecklenburg",35.2401000008895,-80.785683
"4990",2024-03-27,21,"Garinger High School","PM2.5","Mecklenburg",35.2401000008895,-80.785683
"4991",2024-03-28,18,"Garinger High School","PM2.5","Mecklenburg",35.2401000008895,-80.785683
"4992",2024-03-29,28,"Garinger High School","PM2.5","Mecklenburg",35.2401000008895,-80.785683
"4993",2024-03-30,52,"Garinger High School","PM2.5","Mecklenburg",35.2401000008895,-80.785683
"4994",2024-03-31,54,"Garinger High School","PM2.5","Mecklenburg",35.2401000008895,-80.785683
"4995",2024-04-01,58,"Garinger High School","PM2.5","Mecklenburg",35.2401000008895,-80.785683
"4996",2024-04-02,57,"Garinger High School","PM2.5","Mecklenburg",35.2401000008895,-80.785683
"4997",2024-04-03,18,"Garinger High School","PM2.5","Mecklenburg",35.2401000008895,-80.785683
"4998",2024-04-04,3,"Garinger High School","PM2.5","Mecklenburg",35.2401000008895,-80.785683
"4999",2024-04-05,7,"Garinger High School","PM2.5","Mecklenburg",35.2401000008895,-80.785683
"5000",2024-04-06,4,"Garinger High School","PM2.5","Mecklenburg",35.2401000008895,-80.785683
"5001",2024-04-07,22,"Garinger High School","PM2.5","Mecklenburg",35.2401000008895,-80.785683
"5002",2024-04-08,46,"Garinger High School","PM2.5","Mecklenburg",35.2401000008895,-80.785683
"5003",2024-04-09,43,"Garinger High School","PM2.5","Mecklenburg",35.2401000008895,-80.785683
"5004",2024-04-10,42,"Garinger High School","PM2.5","Mecklenburg",35.2401000008895,-80.785683
"5005",2024-04-11,9,"Garinger High School","PM2.5","Mecklenburg",35.2401000008895,-80.785683
"5006",2024-04-12,13,"Garinger High School","PM2.5","Mecklenburg",35.2401000008895,-80.785683
"5007",2024-04-13,27,"Garinger High School","PM2.5","Mecklenburg",35.2401000008895,-80.785683
"5008",2024-04-14,55,"Garinger High School","PM2.5","Mecklenburg",35.2401000008895,-80.785683
"5009",2024-04-15,54,"Garinger High School","PM2.5","Mecklenburg",35.2401000008895,-80.785683
"5010",2024-04-16,59,"Garinger High School","PM2.5","Mecklenburg",35.2401000008895,-80.785683
"5011",2024-04-17,58,"Garinger High School","PM2.5","Mecklenburg",35.2401000008895,-80.785683
"5012",2024-04-18,39,"Garinger High School","PM2.5","Mecklenburg",35.2401000008895,-80.785683
"5013",2024-04-19,52,"Garinger High School","PM2.5","Mecklenburg",35.2401000008895,-80.785683
"5014",2024-04-20,54,"Garinger High School","PM2.5","Mecklenburg",35.2401000008895,-80.785683
"5015",2024-04-21,16,"Garinger High School","PM2.5","Mecklenburg",35.2401000008895,-80.785683
"5016",2024-04-22,24,"Garinger High School","PM2.5","Mecklenburg",35.2401000008895,-80.785683
"5017",2024-04-23,36,"Garinger High School","PM2.5","Mecklenburg",35.2401000008895,-80.785683
"5018",2024-04-24,52,"Garinger High School","PM2.5","Mecklenburg",35.2401000008895,-80.785683
"5019",2024-04-25,43,"Garinger High School","PM2.5","Mecklenburg",35.2401000008895,-80.785683
"5020",2024-04-26,50,"Garinger High School","PM2.5","Mecklenburg",35.2401000008895,-80.785683
"5021",2024-04-27,38,"Garinger High School","PM2.5","Mecklenburg",35.2401000008895,-80.785683
"5022",2024-04-28,30,"Garinger High School","PM2.5","Mecklenburg",35.2401000008895,-80.785683
"5023",2024-04-29,29,"Garinger High School","PM2.5","Mecklenburg",35.2401000008895,-80.785683
"5024",2024-04-30,34,"Garinger High School","PM2.5","Mecklenburg",35.2401000008895,-80.785683
"5025",2024-05-01,28,"Garinger High School","PM2.5","Mecklenburg",35.2401000008895,-80.785683
"5026",2024-05-02,55,"Garinger High School","PM2.5","Mecklenburg",35.2401000008895,-80.785683
"5027",2024-05-03,52,"Garinger High School","PM2.5","Mecklenburg",35.2401000008895,-80.785683
"5028",2024-05-04,27,"Garinger High School","PM2.5","Mecklenburg",35.2401000008895,-80.785683
"5029",2024-05-05,14,"Garinger High School","PM2.5","Mecklenburg",35.2401000008895,-80.785683
"5030",2024-05-06,30,"Garinger High School","PM2.5","Mecklenburg",35.2401000008895,-80.785683
"5031",2024-05-07,29,"Garinger High School","PM2.5","Mecklenburg",35.2401000008895,-80.785683
"5032",2024-05-08,42,"Garinger High School","PM2.5","Mecklenburg",35.2401000008895,-80.785683
"5033",2024-05-09,10,"Garinger High School","PM2.5","Mecklenburg",35.2401000008895,-80.785683
"5034",2024-05-10,19,"Garinger High School","PM2.5","Mecklenburg",35.2401000008895,-80.785683
"5035",2024-05-11,20,"Garinger High School","PM2.5","Mecklenburg",35.2401000008895,-80.785683
"5036",2024-05-12,35,"Garinger High School","PM2.5","Mecklenburg",35.2401000008895,-80.785683
"5037",2024-05-13,46,"Garinger High School","PM2.5","Mecklenburg",35.2401000008895,-80.785683
"5038",2024-05-14,18,"Garinger High School","PM2.5","Mecklenburg",35.2401000008895,-80.785683
"5039",2024-05-15,11,"Garinger High School","PM2.5","Mecklenburg",35.2401000008895,-80.785683
"5040",2024-05-16,21,"Garinger High School","PM2.5","Mecklenburg",35.2401000008895,-80.785683
"5041",2024-05-17,33,"Garinger High School","PM2.5","Mecklenburg",35.2401000008895,-80.785683
"5042",2024-05-18,16,"Garinger High School","PM2.5","Mecklenburg",35.2401000008895,-80.785683
"5043",2024-05-19,12,"Garinger High School","PM2.5","Mecklenburg",35.2401000008895,-80.785683
"5044",2024-05-20,25,"Garinger High School","PM2.5","Mecklenburg",35.2401000008895,-80.785683
"5045",2024-05-21,38,"Garinger High School","PM2.5","Mecklenburg",35.2401000008895,-80.785683
"5046",2024-05-22,43,"Garinger High School","PM2.5","Mecklenburg",35.2401000008895,-80.785683
"5047",2024-05-23,51,"Garinger High School","PM2.5","Mecklenburg",35.2401000008895,-80.785683
"5048",2024-05-24,31,"Garinger High School","PM2.5","Mecklenburg",35.2401000008895,-80.785683
"5049",2024-05-25,32,"Garinger High School","PM2.5","Mecklenburg",35.2401000008895,-80.785683
"5050",2024-05-26,42,"Garinger High School","PM2.5","Mecklenburg",35.2401000008895,-80.785683
"5051",2024-05-27,32,"Garinger High School","PM2.5","Mecklenburg",35.2401000008895,-80.785683
"5052",2024-05-28,19,"Garinger High School","PM2.5","Mecklenburg",35.2401000008895,-80.785683
"5053",2024-05-29,21,"Garinger High School","PM2.5","Mecklenburg",35.2401000008895,-80.785683
"5054",2024-05-30,27,"Garinger High School","PM2.5","Mecklenburg",35.2401000008895,-80.785683
"5055",2024-05-31,41,"Garinger High School","PM2.5","Mecklenburg",35.2401000008895,-80.785683
"5056",2024-06-01,55,"Garinger High School","PM2.5","Mecklenburg",35.2401000008895,-80.785683
"5057",2024-06-02,39,"Garinger High School","PM2.5","Mecklenburg",35.2401000008895,-80.785683
"5058",2024-06-03,39,"Garinger High School","PM2.5","Mecklenburg",35.2401000008895,-80.785683
"5059",2024-06-04,42,"Garinger High School","PM2.5","Mecklenburg",35.2401000008895,-80.785683
"5060",2024-06-05,30,"Garinger High School","PM2.5","Mecklenburg",35.2401000008895,-80.785683
"5061",2024-06-06,37,"Garinger High School","PM2.5","Mecklenburg",35.2401000008895,-80.785683
"5062",2024-06-07,33,"Garinger High School","PM2.5","Mecklenburg",35.2401000008895,-80.785683
"5063",2024-06-08,34,"Garinger High School","PM2.5","Mecklenburg",35.2401000008895,-80.785683
"5064",2024-06-09,40,"Garinger High School","PM2.5","Mecklenburg",35.2401000008895,-80.785683
"5065",2024-06-10,32,"Garinger High School","PM2.5","Mecklenburg",35.2401000008895,-80.785683
"5066",2024-06-11,50,"Garinger High School","PM2.5","Mecklenburg",35.2401000008895,-80.785683
"5067",2024-06-12,56,"Garinger High School","PM2.5","Mecklenburg",35.2401000008895,-80.785683
"5068",2024-06-13,50,"Garinger High School","PM2.5","Mecklenburg",35.2401000008895,-80.785683
"5069",2024-06-14,56,"Garinger High School","PM2.5","Mecklenburg",35.2401000008895,-80.785683
"5070",2024-06-15,57,"Garinger High School","PM2.5","Mecklenburg",35.2401000008895,-80.785683
"5071",2024-06-16,59,"Garinger High School","PM2.5","Mecklenburg",35.2401000008895,-80.785683
"5072",2024-06-17,48,"Garinger High School","PM2.5","Mecklenburg",35.2401000008895,-80.785683
"5073",2024-06-18,49,"Garinger High School","PM2.5","Mecklenburg",35.2401000008895,-80.785683
"5074",2024-06-19,36,"Garinger High School","PM2.5","Mecklenburg",35.2401000008895,-80.785683
"5075",2024-06-20,41,"Garinger High School","PM2.5","Mecklenburg",35.2401000008895,-80.785683
"5076",2024-06-21,49,"Garinger High School","PM2.5","Mecklenburg",35.2401000008895,-80.785683
"5077",2024-06-22,29,"Garinger High School","PM2.5","Mecklenburg",35.2401000008895,-80.785683
"5078",2024-06-23,37,"Garinger High School","PM2.5","Mecklenburg",35.2401000008895,-80.785683
"5079",2024-06-24,49,"Garinger High School","PM2.5","Mecklenburg",35.2401000008895,-80.785683
"5080",2024-06-25,52,"Garinger High School","PM2.5","Mecklenburg",35.2401000008895,-80.785683
"5081",2024-06-26,59,"Garinger High School","PM2.5","Mecklenburg",35.2401000008895,-80.785683
"5082",2024-06-27,53,"Garinger High School","PM2.5","Mecklenburg",35.2401000008895,-80.785683
"5083",2024-06-28,56,"Garinger High School","PM2.5","Mecklenburg",35.2401000008895,-80.785683
"5084",2024-06-29,34,"Garinger High School","PM2.5","Mecklenburg",35.2401000008895,-80.785683
"5085",2024-06-30,36,"Garinger High School","PM2.5","Mecklenburg",35.2401000008895,-80.785683
"5086",2024-07-01,41,"Garinger High School","PM2.5","Mecklenburg",35.2401000008895,-80.785683
"5087",2024-07-02,31,"Garinger High School","PM2.5","Mecklenburg",35.2401000008895,-80.785683
"5088",2024-07-03,49,"Garinger High School","PM2.5","Mecklenburg",35.2401000008895,-80.785683
"5089",2024-07-04,61,"Garinger High School","PM2.5","Mecklenburg",35.2401000008895,-80.785683
"5090",2024-07-05,52,"Garinger High School","PM2.5","Mecklenburg",35.2401000008895,-80.785683
"5091",2024-07-06,28,"Garinger High School","PM2.5","Mecklenburg",35.2401000008895,-80.785683
"5092",2024-07-07,27,"Garinger High School","PM2.5","Mecklenburg",35.2401000008895,-80.785683
"5093",2024-07-08,27,"Garinger High School","PM2.5","Mecklenburg",35.2401000008895,-80.785683
"5094",2024-07-09,38,"Garinger High School","PM2.5","Mecklenburg",35.2401000008895,-80.785683
"5095",2024-07-10,28,"Garinger High School","PM2.5","Mecklenburg",35.2401000008895,-80.785683
"5096",2024-07-11,23,"Garinger High School","PM2.5","Mecklenburg",35.2401000008895,-80.785683
"5097",2024-07-12,37,"Garinger High School","PM2.5","Mecklenburg",35.2401000008895,-80.785683
"5098",2024-07-13,31,"Garinger High School","PM2.5","Mecklenburg",35.2401000008895,-80.785683
"5099",2024-07-14,52,"Garinger High School","PM2.5","Mecklenburg",35.2401000008895,-80.785683
"5100",2024-07-15,57,"Garinger High School","PM2.5","Mecklenburg",35.2401000008895,-80.785683
"5101",2024-07-16,53,"Garinger High School","PM2.5","Mecklenburg",35.2401000008895,-80.785683
"5102",2024-07-17,41,"Garinger High School","PM2.5","Mecklenburg",35.2401000008895,-80.785683
"5103",2024-07-18,40,"Garinger High School","PM2.5","Mecklenburg",35.2401000008895,-80.785683
"5104",2024-07-19,31,"Garinger High School","PM2.5","Mecklenburg",35.2401000008895,-80.785683
"5105",2024-07-20,16,"Garinger High School","PM2.5","Mecklenburg",35.2401000008895,-80.785683
"5106",2024-07-21,13,"Garinger High School","PM2.5","Mecklenburg",35.2401000008895,-80.785683
"5107",2024-07-22,18,"Garinger High School","PM2.5","Mecklenburg",35.2401000008895,-80.785683
"5108",2024-07-23,21,"Garinger High School","PM2.5","Mecklenburg",35.2401000008895,-80.785683
"5109",2024-07-24,18,"Garinger High School","PM2.5","Mecklenburg",35.2401000008895,-80.785683
"5110",2024-07-25,21,"Garinger High School","PM2.5","Mecklenburg",35.2401000008895,-80.785683
"5111",2024-07-26,37,"Garinger High School","PM2.5","Mecklenburg",35.2401000008895,-80.785683
"5112",2024-07-27,56,"Garinger High School","PM2.5","Mecklenburg",35.2401000008895,-80.785683
"5113",2024-07-28,57,"Garinger High School","PM2.5","Mecklenburg",35.2401000008895,-80.785683
"5114",2024-07-29,48,"Garinger High School","PM2.5","Mecklenburg",35.2401000008895,-80.785683
"5115",2024-07-30,21,"Garinger High School","PM2.5","Mecklenburg",35.2401000008895,-80.785683
"5116",2024-07-31,22,"Garinger High School","PM2.5","Mecklenburg",35.2401000008895,-80.785683
"5117",2024-08-01,37,"Garinger High School","PM2.5","Mecklenburg",35.2401000008895,-80.785683
"5118",2024-08-02,60,"Garinger High School","PM2.5","Mecklenburg",35.2401000008895,-80.785683
"5119",2024-08-03,58,"Garinger High School","PM2.5","Mecklenburg",35.2401000008895,-80.785683
"5120",2024-08-04,35,"Garinger High School","PM2.5","Mecklenburg",35.2401000008895,-80.785683
"5121",2024-08-05,17,"Garinger High School","PM2.5","Mecklenburg",35.2401000008895,-80.785683
"5122",2024-08-06,14,"Garinger High School","PM2.5","Mecklenburg",35.2401000008895,-80.785683
"5123",2024-08-07,6,"Garinger High School","PM2.5","Mecklenburg",35.2401000008895,-80.785683
"5124",2024-08-08,0,"Garinger High School","PM2.5","Mecklenburg",35.2401000008895,-80.785683
"5125",2024-08-09,22,"Garinger High School","PM2.5","Mecklenburg",35.2401000008895,-80.785683
"5126",2024-08-10,41,"Garinger High School","PM2.5","Mecklenburg",35.2401000008895,-80.785683
"5127",2024-08-11,49,"Garinger High School","PM2.5","Mecklenburg",35.2401000008895,-80.785683
"5128",2024-08-12,48,"Garinger High School","PM2.5","Mecklenburg",35.2401000008895,-80.785683
"5129",2024-08-13,52,"Garinger High School","PM2.5","Mecklenburg",35.2401000008895,-80.785683
"5130",2024-08-14,46,"Garinger High School","PM2.5","Mecklenburg",35.2401000008895,-80.785683
"5131",2024-08-15,52,"Garinger High School","PM2.5","Mecklenburg",35.2401000008895,-80.785683
"5132",2024-08-16,55,"Garinger High School","PM2.5","Mecklenburg",35.2401000008895,-80.785683
"5133",2024-08-17,46,"Garinger High School","PM2.5","Mecklenburg",35.2401000008895,-80.785683
"5134",2024-08-18,28,"Garinger High School","PM2.5","Mecklenburg",35.2401000008895,-80.785683
"5135",2024-08-19,26,"Garinger High School","PM2.5","Mecklenburg",35.2401000008895,-80.785683
"5136",2024-08-20,34,"Garinger High School","PM2.5","Mecklenburg",35.2401000008895,-80.785683
"5137",2024-08-21,37,"Garinger High School","PM2.5","Mecklenburg",35.2401000008895,-80.785683
"5138",2024-08-22,39,"Garinger High School","PM2.5","Mecklenburg",35.2401000008895,-80.785683
"5139",2024-08-23,52,"Garinger High School","PM2.5","Mecklenburg",35.2401000008895,-80.785683
"5140",2024-08-24,55,"Garinger High School","PM2.5","Mecklenburg",35.2401000008895,-80.785683
"5141",2024-08-25,55,"Garinger High School","PM2.5","Mecklenburg",35.2401000008895,-80.785683
"5142",2024-08-26,59,"Garinger High School","PM2.5","Mecklenburg",35.2401000008895,-80.785683
"5143",2024-08-27,60,"Garinger High School","PM2.5","Mecklenburg",35.2401000008895,-80.785683
"5144",2024-08-28,60,"Garinger High School","PM2.5","Mecklenburg",35.2401000008895,-80.785683
"5145",2024-08-29,58,"Garinger High School","PM2.5","Mecklenburg",35.2401000008895,-80.785683
"5146",2024-08-30,44,"Garinger High School","PM2.5","Mecklenburg",35.2401000008895,-80.785683
"5147",2024-08-31,43,"Garinger High School","PM2.5","Mecklenburg",35.2401000008895,-80.785683
"5148",2024-09-01,34,"Garinger High School","PM2.5","Mecklenburg",35.2401000008895,-80.785683
"5149",2024-09-02,32,"Garinger High School","PM2.5","Mecklenburg",35.2401000008895,-80.785683
"5150",2024-09-03,23,"Garinger High School","PM2.5","Mecklenburg",35.2401000008895,-80.785683
"5151",2024-09-04,24,"Garinger High School","PM2.5","Mecklenburg",35.2401000008895,-80.785683
"5152",2024-09-05,29,"Garinger High School","PM2.5","Mecklenburg",35.2401000008895,-80.785683
"5153",2024-09-06,42,"Garinger High School","PM2.5","Mecklenburg",35.2401000008895,-80.785683
"5154",2024-09-07,36,"Garinger High School","PM2.5","Mecklenburg",35.2401000008895,-80.785683
"5155",2024-09-08,21,"Garinger High School","PM2.5","Mecklenburg",35.2401000008895,-80.785683
"5156",2024-09-09,32,"Garinger High School","PM2.5","Mecklenburg",35.2401000008895,-80.785683
"5157",2024-09-10,47,"Garinger High School","PM2.5","Mecklenburg",35.2401000008895,-80.785683
"5158",2024-09-11,55,"Garinger High School","PM2.5","Mecklenburg",35.2401000008895,-80.785683
"5159",2024-09-12,48,"Garinger High School","PM2.5","Mecklenburg",35.2401000008895,-80.785683
"5160",2024-09-13,27,"Garinger High School","PM2.5","Mecklenburg",35.2401000008895,-80.785683
"5161",2024-09-14,26,"Garinger High School","PM2.5","Mecklenburg",35.2401000008895,-80.785683
"5162",2024-09-15,28,"Garinger High School","PM2.5","Mecklenburg",35.2401000008895,-80.785683
"5163",2024-09-16,28,"Garinger High School","PM2.5","Mecklenburg",35.2401000008895,-80.785683
"5164",2024-09-17,11,"Garinger High School","PM2.5","Mecklenburg",35.2401000008895,-80.785683
"5165",2024-09-18,45,"Garinger High School","PM2.5","Mecklenburg",35.2401000008895,-80.785683
"5166",2024-09-19,30,"Garinger High School","PM2.5","Mecklenburg",35.2401000008895,-80.785683
"5167",2024-09-20,34,"Garinger High School","PM2.5","Mecklenburg",35.2401000008895,-80.785683
"5168",2024-09-21,47,"Garinger High School","PM2.5","Mecklenburg",35.2401000008895,-80.785683
"5169",2024-09-22,52,"Garinger High School","PM2.5","Mecklenburg",35.2401000008895,-80.785683
"5170",2024-09-23,52,"Garinger High School","PM2.5","Mecklenburg",35.2401000008895,-80.785683
"5171",2024-09-24,56,"Garinger High School","PM2.5","Mecklenburg",35.2401000008895,-80.785683
"5172",2024-09-25,32,"Garinger High School","PM2.5","Mecklenburg",35.2401000008895,-80.785683
"5173",2024-09-26,13,"Garinger High School","PM2.5","Mecklenburg",35.2401000008895,-80.785683
"5174",2024-09-28,56,"Garinger High School","PM2.5","Mecklenburg",35.2401000008895,-80.785683
"5175",2024-09-29,54,"Garinger High School","PM2.5","Mecklenburg",35.2401000008895,-80.785683
"5176",2024-09-30,57,"Garinger High School","PM2.5","Mecklenburg",35.2401000008895,-80.785683
"5177",2024-10-01,43,"Garinger High School","PM2.5","Mecklenburg",35.2401000008895,-80.785683
"5178",2024-10-02,24,"Garinger High School","PM2.5","Mecklenburg",35.2401000008895,-80.785683
"5179",2024-10-03,42,"Garinger High School","PM2.5","Mecklenburg",35.2401000008895,-80.785683
"5180",2024-10-04,39,"Garinger High School","PM2.5","Mecklenburg",35.2401000008895,-80.785683
"5181",2024-10-05,52,"Garinger High School","PM2.5","Mecklenburg",35.2401000008895,-80.785683
"5182",2024-10-06,57,"Garinger High School","PM2.5","Mecklenburg",35.2401000008895,-80.785683
"5183",2024-10-07,57,"Garinger High School","PM2.5","Mecklenburg",35.2401000008895,-80.785683
"5184",2024-10-08,48,"Garinger High School","PM2.5","Mecklenburg",35.2401000008895,-80.785683
"5185",2024-10-09,53,"Garinger High School","PM2.5","Mecklenburg",35.2401000008895,-80.785683
"5186",2024-10-10,29,"Garinger High School","PM2.5","Mecklenburg",35.2401000008895,-80.785683
"5187",2024-10-11,47,"Garinger High School","PM2.5","Mecklenburg",35.2401000008895,-80.785683
"5188",2024-10-12,55,"Garinger High School","PM2.5","Mecklenburg",35.2401000008895,-80.785683
"5189",2024-10-13,56,"Garinger High School","PM2.5","Mecklenburg",35.2401000008895,-80.785683
"5190",2024-10-14,44,"Garinger High School","PM2.5","Mecklenburg",35.2401000008895,-80.785683
"5191",2024-10-15,14,"Garinger High School","PM2.5","Mecklenburg",35.2401000008895,-80.785683
"5192",2024-10-16,8,"Garinger High School","PM2.5","Mecklenburg",35.2401000008895,-80.785683
"5193",2024-10-17,22,"Garinger High School","PM2.5","Mecklenburg",35.2401000008895,-80.785683
"5194",2024-10-18,42,"Garinger High School","PM2.5","Mecklenburg",35.2401000008895,-80.785683
"5195",2024-10-19,48,"Garinger High School","PM2.5","Mecklenburg",35.2401000008895,-80.785683
"5196",2024-10-20,55,"Garinger High School","PM2.5","Mecklenburg",35.2401000008895,-80.785683
"5197",2024-10-21,52,"Garinger High School","PM2.5","Mecklenburg",35.2401000008895,-80.785683
"5198",2024-10-26,61,"Garinger High School","PM2.5","Mecklenburg",35.2401000008895,-80.785683
"5199",2024-10-27,40,"Garinger High School","PM2.5","Mecklenburg",35.2401000008895,-80.785683
"5200",2024-10-28,54,"Garinger High School","PM2.5","Mecklenburg",35.2401000008895,-80.785683
"5201",2024-10-29,54,"Garinger High School","PM2.5","Mecklenburg",35.2401000008895,-80.785683
"5202",2024-10-30,54,"Garinger High School","PM2.5","Mecklenburg",35.2401000008895,-80.785683
"5203",2024-10-31,47,"Garinger High School","PM2.5","Mecklenburg",35.2401000008895,-80.785683
"5204",2024-11-01,48,"Garinger High School","PM2.5","Mecklenburg",35.2401000008895,-80.785683
"5205",2024-11-02,52,"Garinger High School","PM2.5","Mecklenburg",35.2401000008895,-80.785683
"5206",2024-11-03,52,"Garinger High School","PM2.5","Mecklenburg",35.2401000008895,-80.785683
"5207",2024-11-04,37,"Garinger High School","PM2.5","Mecklenburg",35.2401000008895,-80.785683
"5208",2024-11-05,42,"Garinger High School","PM2.5","Mecklenburg",35.2401000008895,-80.785683
"5209",2024-11-06,31,"Garinger High School","PM2.5","Mecklenburg",35.2401000008895,-80.785683
"5210",2024-11-07,24,"Garinger High School","PM2.5","Mecklenburg",35.2401000008895,-80.785683
"5211",2024-11-08,42,"Garinger High School","PM2.5","Mecklenburg",35.2401000008895,-80.785683
"5212",2024-11-09,31,"Garinger High School","PM2.5","Mecklenburg",35.2401000008895,-80.785683
"5213",2024-11-10,47,"Garinger High School","PM2.5","Mecklenburg",35.2401000008895,-80.785683
"5214",2024-11-11,43,"Garinger High School","PM2.5","Mecklenburg",35.2401000008895,-80.785683
"5215",2024-11-12,34,"Garinger High School","PM2.5","Mecklenburg",35.2401000008895,-80.785683
"5216",2024-11-13,27,"Garinger High School","PM2.5","Mecklenburg",35.2401000008895,-80.785683
"5217",2024-11-14,21,"Garinger High School","PM2.5","Mecklenburg",35.2401000008895,-80.785683
"5218",2024-11-15,23,"Garinger High School","PM2.5","Mecklenburg",35.2401000008895,-80.785683
"5219",2024-11-16,52,"Garinger High School","PM2.5","Mecklenburg",35.2401000008895,-80.785683
"5220",2024-11-17,66,"Garinger High School","PM2.5","Mecklenburg",35.2401000008895,-80.785683
"5221",2024-11-18,63,"Garinger High School","PM2.5","Mecklenburg",35.2401000008895,-80.785683
"5222",2024-11-19,59,"Garinger High School","PM2.5","Mecklenburg",35.2401000008895,-80.785683
"5223",2024-11-20,36,"Garinger High School","PM2.5","Mecklenburg",35.2401000008895,-80.785683
"5224",2024-11-21,12,"Garinger High School","PM2.5","Mecklenburg",35.2401000008895,-80.785683
"5225",2024-11-22,9,"Garinger High School","PM2.5","Mecklenburg",35.2401000008895,-80.785683
"5226",2024-11-23,45,"Garinger High School","PM2.5","Mecklenburg",35.2401000008895,-80.785683
"5227",2024-11-24,72,"Garinger High School","PM2.5","Mecklenburg",35.2401000008895,-80.785683
"5228",2024-11-25,55,"Garinger High School","PM2.5","Mecklenburg",35.2401000008895,-80.785683
"5229",2024-11-26,37,"Garinger High School","PM2.5","Mecklenburg",35.2401000008895,-80.785683
"5230",2024-11-27,52,"Garinger High School","PM2.5","Mecklenburg",35.2401000008895,-80.785683
"5231",2024-11-28,44,"Garinger High School","PM2.5","Mecklenburg",35.2401000008895,-80.785683
"5232",2024-11-29,28,"Garinger High School","PM2.5","Mecklenburg",35.2401000008895,-80.785683
"5233",2024-11-30,48,"Garinger High School","PM2.5","Mecklenburg",35.2401000008895,-80.785683
"5234",2024-12-01,63,"Garinger High School","PM2.5","Mecklenburg",35.2401000008895,-80.785683
"5235",2024-12-02,31,"Garinger High School","PM2.5","Mecklenburg",35.2401000008895,-80.785683
"5236",2024-12-03,29,"Garinger High School","PM2.5","Mecklenburg",35.2401000008895,-80.785683
"5237",2024-12-04,52,"Garinger High School","PM2.5","Mecklenburg",35.2401000008895,-80.785683
"5238",2024-12-05,41,"Garinger High School","PM2.5","Mecklenburg",35.2401000008895,-80.785683
"5239",2024-12-06,38,"Garinger High School","PM2.5","Mecklenburg",35.2401000008895,-80.785683
"5240",2024-12-07,63,"Garinger High School","PM2.5","Mecklenburg",35.2401000008895,-80.785683
"5241",2024-12-08,53,"Garinger High School","PM2.5","Mecklenburg",35.2401000008895,-80.785683
"5242",2024-12-09,53,"Garinger High School","PM2.5","Mecklenburg",35.2401000008895,-80.785683
"5243",2024-12-10,45,"Garinger High School","PM2.5","Mecklenburg",35.2401000008895,-80.785683
"5244",2024-12-11,18,"Garinger High School","PM2.5","Mecklenburg",35.2401000008895,-80.785683
"5245",2024-12-12,42,"Garinger High School","PM2.5","Mecklenburg",35.2401000008895,-80.785683
"5246",2024-12-13,56,"Garinger High School","PM2.5","Mecklenburg",35.2401000008895,-80.785683
"5247",2024-12-14,56,"Garinger High School","PM2.5","Mecklenburg",35.2401000008895,-80.785683
"5248",2024-12-15,40,"Garinger High School","PM2.5","Mecklenburg",35.2401000008895,-80.785683
"5249",2024-12-16,42,"Garinger High School","PM2.5","Mecklenburg",35.2401000008895,-80.785683
"5250",2024-12-17,51,"Garinger High School","PM2.5","Mecklenburg",35.2401000008895,-80.785683
"5251",2024-12-18,50,"Garinger High School","PM2.5","Mecklenburg",35.2401000008895,-80.785683
"5252",2024-12-19,26,"Garinger High School","PM2.5","Mecklenburg",35.2401000008895,-80.785683
"5253",2024-12-20,36,"Garinger High School","PM2.5","Mecklenburg",35.2401000008895,-80.785683
"5254",2024-12-21,21,"Garinger High School","PM2.5","Mecklenburg",35.2401000008895,-80.785683
"5255",2024-12-22,27,"Garinger High School","PM2.5","Mecklenburg",35.2401000008895,-80.785683
"5256",2024-12-23,52,"Garinger High School","PM2.5","Mecklenburg",35.2401000008895,-80.785683
"5257",2024-12-24,68,"Garinger High School","PM2.5","Mecklenburg",35.2401000008895,-80.785683
"5258",2024-12-25,59,"Garinger High School","PM2.5","Mecklenburg",35.2401000008895,-80.785683
"5259",2024-12-26,55,"Garinger High School","PM2.5","Mecklenburg",35.2401000008895,-80.785683
"5260",2024-12-27,56,"Garinger High School","PM2.5","Mecklenburg",35.2401000008895,-80.785683
"5261",2024-12-28,28,"Garinger High School","PM2.5","Mecklenburg",35.2401000008895,-80.785683
"5262",2024-12-29,18,"Garinger High School","PM2.5","Mecklenburg",35.2401000008895,-80.785683
"5263",2024-12-30,32,"Garinger High School","PM2.5","Mecklenburg",35.2401000008895,-80.785683
"5264",2024-12-31,48,"Garinger High School","PM2.5","Mecklenburg",35.2401000008895,-80.785683
"5265",2024-01-07,9,"Remount","PM2.5","Mecklenburg",35.213171,-80.874084
"5266",2024-01-28,20,"Remount","PM2.5","Mecklenburg",35.213171,-80.874084
"5267",2024-01-31,37,"Remount","PM2.5","Mecklenburg",35.213171,-80.874084
"5268",2024-02-12,20,"Remount","PM2.5","Mecklenburg",35.213171,-80.874084
"5269",2024-02-24,24,"Remount","PM2.5","Mecklenburg",35.213171,-80.874084
"5270",2024-03-07,26,"Remount","PM2.5","Mecklenburg",35.213171,-80.874084
"5271",2024-03-19,19,"Remount","PM2.5","Mecklenburg",35.213171,-80.874084
"5272",2024-03-31,56,"Remount","PM2.5","Mecklenburg",35.213171,-80.874084
"5273",2024-04-12,17,"Remount","PM2.5","Mecklenburg",35.213171,-80.874084
"5274",2024-04-24,54,"Remount","PM2.5","Mecklenburg",35.213171,-80.874084
"5275",2024-05-06,54,"Remount","PM2.5","Mecklenburg",35.213171,-80.874084
"5276",2024-05-18,29,"Remount","PM2.5","Mecklenburg",35.213171,-80.874084
"5277",2024-05-30,29,"Remount","PM2.5","Mecklenburg",35.213171,-80.874084
"5278",2024-06-11,46,"Remount","PM2.5","Mecklenburg",35.213171,-80.874084
"5279",2024-06-23,41,"Remount","PM2.5","Mecklenburg",35.213171,-80.874084
"5280",2024-07-05,52,"Remount","PM2.5","Mecklenburg",35.213171,-80.874084
"5281",2024-07-17,51,"Remount","PM2.5","Mecklenburg",35.213171,-80.874084
"5282",2024-07-29,48,"Remount","PM2.5","Mecklenburg",35.213171,-80.874084
"5283",2024-08-10,51,"Remount","PM2.5","Mecklenburg",35.213171,-80.874084
"5284",2024-08-22,43,"Remount","PM2.5","Mecklenburg",35.213171,-80.874084
"5285",2024-09-03,32,"Remount","PM2.5","Mecklenburg",35.213171,-80.874084
"5286",2024-09-15,36,"Remount","PM2.5","Mecklenburg",35.213171,-80.874084
"5287",2024-10-03,44,"Remount","PM2.5","Mecklenburg",35.213171,-80.874084
"5288",2024-10-09,52,"Remount","PM2.5","Mecklenburg",35.213171,-80.874084
"5289",2024-10-21,61,"Remount","PM2.5","Mecklenburg",35.213171,-80.874084
"5290",2024-11-02,52,"Remount","PM2.5","Mecklenburg",35.213171,-80.874084
"5291",2024-11-14,33,"Remount","PM2.5","Mecklenburg",35.213171,-80.874084
"5292",2024-11-26,43,"Remount","PM2.5","Mecklenburg",35.213171,-80.874084
"5293",2024-12-08,48,"Remount","PM2.5","Mecklenburg",35.213171,-80.874084
"5294",2024-12-20,34,"Remount","PM2.5","Mecklenburg",35.213171,-80.874084
"5295",2024-12-28,35,"Remount","PM2.5","Mecklenburg",35.213171,-80.874084
"5296",2024-01-01,46,"Remount","PM2.5","Mecklenburg",35.213171,-80.874084
"5297",2024-01-02,27,"Remount","PM2.5","Mecklenburg",35.213171,-80.874084
"5298",2024-01-03,56,"Remount","PM2.5","Mecklenburg",35.213171,-80.874084
"5299",2024-01-04,37,"Remount","PM2.5","Mecklenburg",35.213171,-80.874084
"5300",2024-01-05,45,"Remount","PM2.5","Mecklenburg",35.213171,-80.874084
"5301",2024-01-06,37,"Remount","PM2.5","Mecklenburg",35.213171,-80.874084
"5302",2024-01-07,20,"Remount","PM2.5","Mecklenburg",35.213171,-80.874084
"5303",2024-01-08,33,"Remount","PM2.5","Mecklenburg",35.213171,-80.874084
"5304",2024-01-09,27,"Remount","PM2.5","Mecklenburg",35.213171,-80.874084
"5305",2024-01-10,16,"Remount","PM2.5","Mecklenburg",35.213171,-80.874084
"5306",2024-01-11,49,"Remount","PM2.5","Mecklenburg",35.213171,-80.874084
"5307",2024-01-12,59,"Remount","PM2.5","Mecklenburg",35.213171,-80.874084
"5308",2024-01-13,21,"Remount","PM2.5","Mecklenburg",35.213171,-80.874084
"5309",2024-01-14,29,"Remount","PM2.5","Mecklenburg",35.213171,-80.874084
"5310",2024-01-15,51,"Remount","PM2.5","Mecklenburg",35.213171,-80.874084
"5311",2024-01-16,49,"Remount","PM2.5","Mecklenburg",35.213171,-80.874084
"5312",2024-01-17,30,"Remount","PM2.5","Mecklenburg",35.213171,-80.874084
"5313",2024-01-18,43,"Remount","PM2.5","Mecklenburg",35.213171,-80.874084
"5314",2024-01-19,39,"Remount","PM2.5","Mecklenburg",35.213171,-80.874084
"5315",2024-01-20,28,"Remount","PM2.5","Mecklenburg",35.213171,-80.874084
"5316",2024-01-21,35,"Remount","PM2.5","Mecklenburg",35.213171,-80.874084
"5317",2024-01-22,61,"Remount","PM2.5","Mecklenburg",35.213171,-80.874084
"5318",2024-01-23,65,"Remount","PM2.5","Mecklenburg",35.213171,-80.874084
"5319",2024-01-24,63,"Remount","PM2.5","Mecklenburg",35.213171,-80.874084
"5320",2024-01-25,28,"Remount","PM2.5","Mecklenburg",35.213171,-80.874084
"5321",2024-01-26,34,"Remount","PM2.5","Mecklenburg",35.213171,-80.874084
"5322",2024-01-27,44,"Remount","PM2.5","Mecklenburg",35.213171,-80.874084
"5323",2024-01-28,7,"Remount","PM2.5","Mecklenburg",35.213171,-80.874084
"5324",2024-01-29,8,"Remount","PM2.5","Mecklenburg",35.213171,-80.874084
"5325",2024-01-30,40,"Remount","PM2.5","Mecklenburg",35.213171,-80.874084
"5326",2024-01-31,41,"Remount","PM2.5","Mecklenburg",35.213171,-80.874084
"5327",2024-02-01,49,"Remount","PM2.5","Mecklenburg",35.213171,-80.874084
"5328",2024-02-02,47,"Remount","PM2.5","Mecklenburg",35.213171,-80.874084
"5329",2024-02-03,39,"Remount","PM2.5","Mecklenburg",35.213171,-80.874084
"5330",2024-02-04,51,"Remount","PM2.5","Mecklenburg",35.213171,-80.874084
"5331",2024-02-05,38,"Remount","PM2.5","Mecklenburg",35.213171,-80.874084
"5332",2024-02-06,44,"Remount","PM2.5","Mecklenburg",35.213171,-80.874084
"5333",2024-02-07,49,"Remount","PM2.5","Mecklenburg",35.213171,-80.874084
"5334",2024-02-08,67,"Remount","PM2.5","Mecklenburg",35.213171,-80.874084
"5335",2024-02-09,63,"Remount","PM2.5","Mecklenburg",35.213171,-80.874084
"5336",2024-02-10,57,"Remount","PM2.5","Mecklenburg",35.213171,-80.874084
"5337",2024-02-11,39,"Remount","PM2.5","Mecklenburg",35.213171,-80.874084
"5338",2024-02-12,19,"Remount","PM2.5","Mecklenburg",35.213171,-80.874084
"5339",2024-02-13,12,"Remount","PM2.5","Mecklenburg",35.213171,-80.874084
"5340",2024-02-14,36,"Remount","PM2.5","Mecklenburg",35.213171,-80.874084
"5341",2024-02-15,51,"Remount","PM2.5","Mecklenburg",35.213171,-80.874084
"5342",2024-02-16,55,"Remount","PM2.5","Mecklenburg",35.213171,-80.874084
"5343",2024-02-17,36,"Remount","PM2.5","Mecklenburg",35.213171,-80.874084
"5344",2024-02-18,28,"Remount","PM2.5","Mecklenburg",35.213171,-80.874084
"5345",2024-02-19,75,"Remount","PM2.5","Mecklenburg",35.213171,-80.874084
"5346",2024-02-20,58,"Remount","PM2.5","Mecklenburg",35.213171,-80.874084
"5347",2024-02-21,60,"Remount","PM2.5","Mecklenburg",35.213171,-80.874084
"5348",2024-02-22,80,"Remount","PM2.5","Mecklenburg",35.213171,-80.874084
"5349",2024-02-23,64,"Remount","PM2.5","Mecklenburg",35.213171,-80.874084
"5350",2024-02-24,27,"Remount","PM2.5","Mecklenburg",35.213171,-80.874084
"5351",2024-02-25,29,"Remount","PM2.5","Mecklenburg",35.213171,-80.874084
"5352",2024-02-26,61,"Remount","PM2.5","Mecklenburg",35.213171,-80.874084
"5353",2024-02-27,62,"Remount","PM2.5","Mecklenburg",35.213171,-80.874084
"5354",2024-02-28,49,"Remount","PM2.5","Mecklenburg",35.213171,-80.874084
"5355",2024-02-29,27,"Remount","PM2.5","Mecklenburg",35.213171,-80.874084
"5356",2024-03-01,50,"Remount","PM2.5","Mecklenburg",35.213171,-80.874084
"5357",2024-03-02,30,"Remount","PM2.5","Mecklenburg",35.213171,-80.874084
"5358",2024-03-03,41,"Remount","PM2.5","Mecklenburg",35.213171,-80.874084
"5359",2024-03-04,54,"Remount","PM2.5","Mecklenburg",35.213171,-80.874084
"5360",2024-03-05,56,"Remount","PM2.5","Mecklenburg",35.213171,-80.874084
"5361",2024-03-06,54,"Remount","PM2.5","Mecklenburg",35.213171,-80.874084
"5362",2024-03-07,32,"Remount","PM2.5","Mecklenburg",35.213171,-80.874084
"5363",2024-03-08,48,"Remount","PM2.5","Mecklenburg",35.213171,-80.874084
"5364",2024-03-09,15,"Remount","PM2.5","Mecklenburg",35.213171,-80.874084
"5365",2024-03-10,14,"Remount","PM2.5","Mecklenburg",35.213171,-80.874084
"5366",2024-03-11,22,"Remount","PM2.5","Mecklenburg",35.213171,-80.874084
"5367",2024-03-12,53,"Remount","PM2.5","Mecklenburg",35.213171,-80.874084
"5368",2024-03-13,62,"Remount","PM2.5","Mecklenburg",35.213171,-80.874084
"5369",2024-03-14,74,"Remount","PM2.5","Mecklenburg",35.213171,-80.874084
"5370",2024-03-15,91,"Remount","PM2.5","Mecklenburg",35.213171,-80.874084
"5371",2024-03-16,55,"Remount","PM2.5","Mecklenburg",35.213171,-80.874084
"5372",2024-03-17,33,"Remount","PM2.5","Mecklenburg",35.213171,-80.874084
"5373",2024-03-18,23,"Remount","PM2.5","Mecklenburg",35.213171,-80.874084
"5374",2024-03-19,26,"Remount","PM2.5","Mecklenburg",35.213171,-80.874084
"5375",2024-03-20,55,"Remount","PM2.5","Mecklenburg",35.213171,-80.874084
"5376",2024-03-21,53,"Remount","PM2.5","Mecklenburg",35.213171,-80.874084
"5377",2024-03-22,65,"Remount","PM2.5","Mecklenburg",35.213171,-80.874084
"5378",2024-03-23,27,"Remount","PM2.5","Mecklenburg",35.213171,-80.874084
"5379",2024-03-24,32,"Remount","PM2.5","Mecklenburg",35.213171,-80.874084
"5380",2024-03-25,55,"Remount","PM2.5","Mecklenburg",35.213171,-80.874084
"5381",2024-03-26,60,"Remount","PM2.5","Mecklenburg",35.213171,-80.874084
"5382",2024-03-27,36,"Remount","PM2.5","Mecklenburg",35.213171,-80.874084
"5383",2024-03-28,23,"Remount","PM2.5","Mecklenburg",35.213171,-80.874084
"5384",2024-03-29,47,"Remount","PM2.5","Mecklenburg",35.213171,-80.874084
"5385",2024-03-30,56,"Remount","PM2.5","Mecklenburg",35.213171,-80.874084
"5386",2024-03-31,58,"Remount","PM2.5","Mecklenburg",35.213171,-80.874084
"5387",2024-04-01,56,"Remount","PM2.5","Mecklenburg",35.213171,-80.874084
"5388",2024-04-02,62,"Remount","PM2.5","Mecklenburg",35.213171,-80.874084
"5389",2024-04-03,33,"Remount","PM2.5","Mecklenburg",35.213171,-80.874084
"5390",2024-04-04,16,"Remount","PM2.5","Mecklenburg",35.213171,-80.874084
"5391",2024-04-05,14,"Remount","PM2.5","Mecklenburg",35.213171,-80.874084
"5392",2024-04-06,18,"Remount","PM2.5","Mecklenburg",35.213171,-80.874084
"5393",2024-04-07,33,"Remount","PM2.5","Mecklenburg",35.213171,-80.874084
"5394",2024-04-08,53,"Remount","PM2.5","Mecklenburg",35.213171,-80.874084
"5395",2024-04-09,54,"Remount","PM2.5","Mecklenburg",35.213171,-80.874084
"5396",2024-04-10,55,"Remount","PM2.5","Mecklenburg",35.213171,-80.874084
"5397",2024-04-11,28,"Remount","PM2.5","Mecklenburg",35.213171,-80.874084
"5398",2024-04-12,11,"Remount","PM2.5","Mecklenburg",35.213171,-80.874084
"5399",2024-04-13,23,"Remount","PM2.5","Mecklenburg",35.213171,-80.874084
"5400",2024-04-14,51,"Remount","PM2.5","Mecklenburg",35.213171,-80.874084
"5401",2024-04-15,56,"Remount","PM2.5","Mecklenburg",35.213171,-80.874084
"5402",2024-04-16,67,"Remount","PM2.5","Mecklenburg",35.213171,-80.874084
"5403",2024-04-17,64,"Remount","PM2.5","Mecklenburg",35.213171,-80.874084
"5404",2024-04-18,52,"Remount","PM2.5","Mecklenburg",35.213171,-80.874084
"5405",2024-04-19,54,"Remount","PM2.5","Mecklenburg",35.213171,-80.874084
"5406",2024-04-20,54,"Remount","PM2.5","Mecklenburg",35.213171,-80.874084
"5407",2024-04-21,26,"Remount","PM2.5","Mecklenburg",35.213171,-80.874084
"5408",2024-04-22,36,"Remount","PM2.5","Mecklenburg",35.213171,-80.874084
"5409",2024-04-23,46,"Remount","PM2.5","Mecklenburg",35.213171,-80.874084
"5410",2024-04-24,57,"Remount","PM2.5","Mecklenburg",35.213171,-80.874084
"5411",2024-04-25,55,"Remount","PM2.5","Mecklenburg",35.213171,-80.874084
"5412",2024-04-26,58,"Remount","PM2.5","Mecklenburg",35.213171,-80.874084
"5413",2024-04-27,51,"Remount","PM2.5","Mecklenburg",35.213171,-80.874084
"5414",2024-04-28,42,"Remount","PM2.5","Mecklenburg",35.213171,-80.874084
"5415",2024-04-29,43,"Remount","PM2.5","Mecklenburg",35.213171,-80.874084
"5416",2024-04-30,49,"Remount","PM2.5","Mecklenburg",35.213171,-80.874084
"5417",2024-05-01,44,"Remount","PM2.5","Mecklenburg",35.213171,-80.874084
"5418",2024-05-02,54,"Remount","PM2.5","Mecklenburg",35.213171,-80.874084
"5419",2024-05-03,58,"Remount","PM2.5","Mecklenburg",35.213171,-80.874084
"5420",2024-05-04,51,"Remount","PM2.5","Mecklenburg",35.213171,-80.874084
"5421",2024-05-05,32,"Remount","PM2.5","Mecklenburg",35.213171,-80.874084
"5422",2024-05-06,52,"Remount","PM2.5","Mecklenburg",35.213171,-80.874084
"5423",2024-05-07,48,"Remount","PM2.5","Mecklenburg",35.213171,-80.874084
"5424",2024-05-08,52,"Remount","PM2.5","Mecklenburg",35.213171,-80.874084
"5425",2024-05-09,24,"Remount","PM2.5","Mecklenburg",35.213171,-80.874084
"5426",2024-05-10,34,"Remount","PM2.5","Mecklenburg",35.213171,-80.874084
"5427",2024-05-11,29,"Remount","PM2.5","Mecklenburg",35.213171,-80.874084
"5428",2024-05-12,42,"Remount","PM2.5","Mecklenburg",35.213171,-80.874084
"5429",2024-05-13,56,"Remount","PM2.5","Mecklenburg",35.213171,-80.874084
"5430",2024-05-14,33,"Remount","PM2.5","Mecklenburg",35.213171,-80.874084
"5431",2024-05-15,34,"Remount","PM2.5","Mecklenburg",35.213171,-80.874084
"5432",2024-05-16,29,"Remount","PM2.5","Mecklenburg",35.213171,-80.874084
"5433",2024-05-17,52,"Remount","PM2.5","Mecklenburg",35.213171,-80.874084
"5434",2024-05-18,32,"Remount","PM2.5","Mecklenburg",35.213171,-80.874084
"5435",2024-05-19,19,"Remount","PM2.5","Mecklenburg",35.213171,-80.874084
"5436",2024-05-20,41,"Remount","PM2.5","Mecklenburg",35.213171,-80.874084
"5437",2024-05-21,51,"Remount","PM2.5","Mecklenburg",35.213171,-80.874084
"5438",2024-05-22,54,"Remount","PM2.5","Mecklenburg",35.213171,-80.874084
"5439",2024-05-23,57,"Remount","PM2.5","Mecklenburg",35.213171,-80.874084
"5440",2024-05-24,46,"Remount","PM2.5","Mecklenburg",35.213171,-80.874084
"5441",2024-05-25,43,"Remount","PM2.5","Mecklenburg",35.213171,-80.874084
"5442",2024-05-26,54,"Remount","PM2.5","Mecklenburg",35.213171,-80.874084
"5443",2024-05-27,47,"Remount","PM2.5","Mecklenburg",35.213171,-80.874084
"5444",2024-05-28,36,"Remount","PM2.5","Mecklenburg",35.213171,-80.874084
"5445",2024-05-29,33,"Remount","PM2.5","Mecklenburg",35.213171,-80.874084
"5446",2024-05-30,32,"Remount","PM2.5","Mecklenburg",35.213171,-80.874084
"5447",2024-05-31,42,"Remount","PM2.5","Mecklenburg",35.213171,-80.874084
"5448",2024-06-01,55,"Remount","PM2.5","Mecklenburg",35.213171,-80.874084
"5449",2024-06-02,45,"Remount","PM2.5","Mecklenburg",35.213171,-80.874084
"5450",2024-06-03,48,"Remount","PM2.5","Mecklenburg",35.213171,-80.874084
"5451",2024-06-04,52,"Remount","PM2.5","Mecklenburg",35.213171,-80.874084
"5452",2024-06-05,43,"Remount","PM2.5","Mecklenburg",35.213171,-80.874084
"5453",2024-06-06,46,"Remount","PM2.5","Mecklenburg",35.213171,-80.874084
"5454",2024-06-07,43,"Remount","PM2.5","Mecklenburg",35.213171,-80.874084
"5455",2024-06-08,41,"Remount","PM2.5","Mecklenburg",35.213171,-80.874084
"5456",2024-06-09,51,"Remount","PM2.5","Mecklenburg",35.213171,-80.874084
"5457",2024-06-10,26,"Remount","PM2.5","Mecklenburg",35.213171,-80.874084
"5458",2024-06-11,43,"Remount","PM2.5","Mecklenburg",35.213171,-80.874084
"5459",2024-06-12,58,"Remount","PM2.5","Mecklenburg",35.213171,-80.874084
"5460",2024-06-13,53,"Remount","PM2.5","Mecklenburg",35.213171,-80.874084
"5461",2024-06-14,59,"Remount","PM2.5","Mecklenburg",35.213171,-80.874084
"5462",2024-06-15,64,"Remount","PM2.5","Mecklenburg",35.213171,-80.874084
"5463",2024-06-16,62,"Remount","PM2.5","Mecklenburg",35.213171,-80.874084
"5464",2024-06-17,54,"Remount","PM2.5","Mecklenburg",35.213171,-80.874084
"5465",2024-06-18,55,"Remount","PM2.5","Mecklenburg",35.213171,-80.874084
"5466",2024-06-19,44,"Remount","PM2.5","Mecklenburg",35.213171,-80.874084
"5467",2024-06-20,49,"Remount","PM2.5","Mecklenburg",35.213171,-80.874084
"5468",2024-06-21,53,"Remount","PM2.5","Mecklenburg",35.213171,-80.874084
"5469",2024-06-22,40,"Remount","PM2.5","Mecklenburg",35.213171,-80.874084
"5470",2024-06-23,48,"Remount","PM2.5","Mecklenburg",35.213171,-80.874084
"5471",2024-06-24,52,"Remount","PM2.5","Mecklenburg",35.213171,-80.874084
"5472",2024-06-25,53,"Remount","PM2.5","Mecklenburg",35.213171,-80.874084
"5473",2024-06-26,62,"Remount","PM2.5","Mecklenburg",35.213171,-80.874084
"5474",2024-06-27,55,"Remount","PM2.5","Mecklenburg",35.213171,-80.874084
"5475",2024-06-28,61,"Remount","PM2.5","Mecklenburg",35.213171,-80.874084
"5476",2024-06-29,48,"Remount","PM2.5","Mecklenburg",35.213171,-80.874084
"5477",2024-06-30,47,"Remount","PM2.5","Mecklenburg",35.213171,-80.874084
"5478",2024-07-01,47,"Remount","PM2.5","Mecklenburg",35.213171,-80.874084
"5479",2024-07-02,36,"Remount","PM2.5","Mecklenburg",35.213171,-80.874084
"5480",2024-07-03,52,"Remount","PM2.5","Mecklenburg",35.213171,-80.874084
"5481",2024-07-04,68,"Remount","PM2.5","Mecklenburg",35.213171,-80.874084
"5482",2024-07-05,56,"Remount","PM2.5","Mecklenburg",35.213171,-80.874084
"5483",2024-07-06,41,"Remount","PM2.5","Mecklenburg",35.213171,-80.874084
"5484",2024-07-07,43,"Remount","PM2.5","Mecklenburg",35.213171,-80.874084
"5485",2024-07-08,46,"Remount","PM2.5","Mecklenburg",35.213171,-80.874084
"5486",2024-07-09,53,"Remount","PM2.5","Mecklenburg",35.213171,-80.874084
"5487",2024-07-10,41,"Remount","PM2.5","Mecklenburg",35.213171,-80.874084
"5488",2024-07-11,27,"Remount","PM2.5","Mecklenburg",35.213171,-80.874084
"5489",2024-07-12,52,"Remount","PM2.5","Mecklenburg",35.213171,-80.874084
"5490",2024-07-13,45,"Remount","PM2.5","Mecklenburg",35.213171,-80.874084
"5491",2024-07-14,55,"Remount","PM2.5","Mecklenburg",35.213171,-80.874084
"5492",2024-07-15,61,"Remount","PM2.5","Mecklenburg",35.213171,-80.874084
"5493",2024-07-16,56,"Remount","PM2.5","Mecklenburg",35.213171,-80.874084
"5494",2024-07-17,52,"Remount","PM2.5","Mecklenburg",35.213171,-80.874084
"5495",2024-07-18,48,"Remount","PM2.5","Mecklenburg",35.213171,-80.874084
"5496",2024-07-19,46,"Remount","PM2.5","Mecklenburg",35.213171,-80.874084
"5497",2024-07-20,19,"Remount","PM2.5","Mecklenburg",35.213171,-80.874084
"5498",2024-07-21,24,"Remount","PM2.5","Mecklenburg",35.213171,-80.874084
"5499",2024-07-22,29,"Remount","PM2.5","Mecklenburg",35.213171,-80.874084
"5500",2024-07-23,38,"Remount","PM2.5","Mecklenburg",35.213171,-80.874084
"5501",2024-07-24,34,"Remount","PM2.5","Mecklenburg",35.213171,-80.874084
"5502",2024-07-25,27,"Remount","PM2.5","Mecklenburg",35.213171,-80.874084
"5503",2024-07-26,47,"Remount","PM2.5","Mecklenburg",35.213171,-80.874084
"5504",2024-07-27,60,"Remount","PM2.5","Mecklenburg",35.213171,-80.874084
"5505",2024-07-28,59,"Remount","PM2.5","Mecklenburg",35.213171,-80.874084
"5506",2024-07-29,49,"Remount","PM2.5","Mecklenburg",35.213171,-80.874084
"5507",2024-07-30,38,"Remount","PM2.5","Mecklenburg",35.213171,-80.874084
"5508",2024-07-31,37,"Remount","PM2.5","Mecklenburg",35.213171,-80.874084
"5509",2024-08-01,50,"Remount","PM2.5","Mecklenburg",35.213171,-80.874084
"5510",2024-08-02,64,"Remount","PM2.5","Mecklenburg",35.213171,-80.874084
"5511",2024-08-03,62,"Remount","PM2.5","Mecklenburg",35.213171,-80.874084
"5512",2024-08-04,44,"Remount","PM2.5","Mecklenburg",35.213171,-80.874084
"5513",2024-08-05,36,"Remount","PM2.5","Mecklenburg",35.213171,-80.874084
"5514",2024-08-06,22,"Remount","PM2.5","Mecklenburg",35.213171,-80.874084
"5515",2024-08-07,25,"Remount","PM2.5","Mecklenburg",35.213171,-80.874084
"5516",2024-08-08,16,"Remount","PM2.5","Mecklenburg",35.213171,-80.874084
"5517",2024-08-09,37,"Remount","PM2.5","Mecklenburg",35.213171,-80.874084
"5518",2024-08-10,53,"Remount","PM2.5","Mecklenburg",35.213171,-80.874084
"5519",2024-08-11,54,"Remount","PM2.5","Mecklenburg",35.213171,-80.874084
"5520",2024-08-12,55,"Remount","PM2.5","Mecklenburg",35.213171,-80.874084
"5521",2024-08-13,56,"Remount","PM2.5","Mecklenburg",35.213171,-80.874084
"5522",2024-08-14,54,"Remount","PM2.5","Mecklenburg",35.213171,-80.874084
"5523",2024-08-15,56,"Remount","PM2.5","Mecklenburg",35.213171,-80.874084
"5524",2024-08-16,57,"Remount","PM2.5","Mecklenburg",35.213171,-80.874084
"5525",2024-08-17,53,"Remount","PM2.5","Mecklenburg",35.213171,-80.874084
"5526",2024-08-18,38,"Remount","PM2.5","Mecklenburg",35.213171,-80.874084
"5527",2024-08-19,25,"Remount","PM2.5","Mecklenburg",35.213171,-80.874084
"5528",2024-08-20,51,"Remount","PM2.5","Mecklenburg",35.213171,-80.874084
"5529",2024-08-21,43,"Remount","PM2.5","Mecklenburg",35.213171,-80.874084
"5530",2024-08-22,47,"Remount","PM2.5","Mecklenburg",35.213171,-80.874084
"5531",2024-08-23,55,"Remount","PM2.5","Mecklenburg",35.213171,-80.874084
"5532",2024-08-24,55,"Remount","PM2.5","Mecklenburg",35.213171,-80.874084
"5533",2024-08-25,56,"Remount","PM2.5","Mecklenburg",35.213171,-80.874084
"5534",2024-08-26,65,"Remount","PM2.5","Mecklenburg",35.213171,-80.874084
"5535",2024-08-29,60,"Remount","PM2.5","Mecklenburg",35.213171,-80.874084
"5536",2024-08-30,55,"Remount","PM2.5","Mecklenburg",35.213171,-80.874084
"5537",2024-08-31,53,"Remount","PM2.5","Mecklenburg",35.213171,-80.874084
"5538",2024-09-01,53,"Remount","PM2.5","Mecklenburg",35.213171,-80.874084
"5539",2024-09-02,46,"Remount","PM2.5","Mecklenburg",35.213171,-80.874084
"5540",2024-09-03,27,"Remount","PM2.5","Mecklenburg",35.213171,-80.874084
"5541",2024-09-04,36,"Remount","PM2.5","Mecklenburg",35.213171,-80.874084
"5542",2024-09-05,34,"Remount","PM2.5","Mecklenburg",35.213171,-80.874084
"5543",2024-09-06,51,"Remount","PM2.5","Mecklenburg",35.213171,-80.874084
"5544",2024-09-07,46,"Remount","PM2.5","Mecklenburg",35.213171,-80.874084
"5545",2024-09-08,22,"Remount","PM2.5","Mecklenburg",35.213171,-80.874084
"5546",2024-09-09,51,"Remount","PM2.5","Mecklenburg",35.213171,-80.874084
"5547",2024-09-10,52,"Remount","PM2.5","Mecklenburg",35.213171,-80.874084
"5548",2024-09-11,64,"Remount","PM2.5","Mecklenburg",35.213171,-80.874084
"5549",2024-09-12,51,"Remount","PM2.5","Mecklenburg",35.213171,-80.874084
"5550",2024-09-13,34,"Remount","PM2.5","Mecklenburg",35.213171,-80.874084
"5551",2024-09-14,36,"Remount","PM2.5","Mecklenburg",35.213171,-80.874084
"5552",2024-09-15,42,"Remount","PM2.5","Mecklenburg",35.213171,-80.874084
"5553",2024-09-16,41,"Remount","PM2.5","Mecklenburg",35.213171,-80.874084
"5554",2024-09-17,23,"Remount","PM2.5","Mecklenburg",35.213171,-80.874084
"5555",2024-09-18,55,"Remount","PM2.5","Mecklenburg",35.213171,-80.874084
"5556",2024-09-19,44,"Remount","PM2.5","Mecklenburg",35.213171,-80.874084
"5557",2024-09-26,34,"Remount","PM2.5","Mecklenburg",35.213171,-80.874084
"5558",2024-09-28,60,"Remount","PM2.5","Mecklenburg",35.213171,-80.874084
"5559",2024-09-29,57,"Remount","PM2.5","Mecklenburg",35.213171,-80.874084
"5560",2024-09-30,61,"Remount","PM2.5","Mecklenburg",35.213171,-80.874084
"5561",2024-10-01,52,"Remount","PM2.5","Mecklenburg",35.213171,-80.874084
"5562",2024-10-02,31,"Remount","PM2.5","Mecklenburg",35.213171,-80.874084
"5563",2024-10-03,46,"Remount","PM2.5","Mecklenburg",35.213171,-80.874084
"5564",2024-10-04,51,"Remount","PM2.5","Mecklenburg",35.213171,-80.874084
"5565",2024-10-05,55,"Remount","PM2.5","Mecklenburg",35.213171,-80.874084
"5566",2024-10-06,59,"Remount","PM2.5","Mecklenburg",35.213171,-80.874084
"5567",2024-10-07,59,"Remount","PM2.5","Mecklenburg",35.213171,-80.874084
"5568",2024-10-08,54,"Remount","PM2.5","Mecklenburg",35.213171,-80.874084
"5569",2024-10-09,53,"Remount","PM2.5","Mecklenburg",35.213171,-80.874084
"5570",2024-10-10,33,"Remount","PM2.5","Mecklenburg",35.213171,-80.874084
"5571",2024-10-11,48,"Remount","PM2.5","Mecklenburg",35.213171,-80.874084
"5572",2024-10-12,55,"Remount","PM2.5","Mecklenburg",35.213171,-80.874084
"5573",2024-10-13,56,"Remount","PM2.5","Mecklenburg",35.213171,-80.874084
"5574",2024-10-14,45,"Remount","PM2.5","Mecklenburg",35.213171,-80.874084
"5575",2024-10-15,24,"Remount","PM2.5","Mecklenburg",35.213171,-80.874084
"5576",2024-10-16,17,"Remount","PM2.5","Mecklenburg",35.213171,-80.874084
"5577",2024-10-17,33,"Remount","PM2.5","Mecklenburg",35.213171,-80.874084
"5578",2024-10-18,53,"Remount","PM2.5","Mecklenburg",35.213171,-80.874084
"5579",2024-10-19,55,"Remount","PM2.5","Mecklenburg",35.213171,-80.874084
"5580",2024-10-20,57,"Remount","PM2.5","Mecklenburg",35.213171,-80.874084
"5581",2024-10-21,55,"Remount","PM2.5","Mecklenburg",35.213171,-80.874084
"5582",2024-10-22,58,"Remount","PM2.5","Mecklenburg",35.213171,-80.874084
"5583",2024-10-23,61,"Remount","PM2.5","Mecklenburg",35.213171,-80.874084
"5584",2024-10-24,58,"Remount","PM2.5","Mecklenburg",35.213171,-80.874084
"5585",2024-10-25,63,"Remount","PM2.5","Mecklenburg",35.213171,-80.874084
"5586",2024-10-26,64,"Remount","PM2.5","Mecklenburg",35.213171,-80.874084
"5587",2024-10-27,39,"Remount","PM2.5","Mecklenburg",35.213171,-80.874084
"5588",2024-10-28,52,"Remount","PM2.5","Mecklenburg",35.213171,-80.874084
"5589",2024-10-29,56,"Remount","PM2.5","Mecklenburg",35.213171,-80.874084
"5590",2024-10-30,55,"Remount","PM2.5","Mecklenburg",35.213171,-80.874084
"5591",2024-10-31,48,"Remount","PM2.5","Mecklenburg",35.213171,-80.874084
"5592",2024-11-01,50,"Remount","PM2.5","Mecklenburg",35.213171,-80.874084
"5593",2024-11-02,53,"Remount","PM2.5","Mecklenburg",35.213171,-80.874084
"5594",2024-11-03,53,"Remount","PM2.5","Mecklenburg",35.213171,-80.874084
"5595",2024-11-04,52,"Remount","PM2.5","Mecklenburg",35.213171,-80.874084
"5596",2024-11-05,55,"Remount","PM2.5","Mecklenburg",35.213171,-80.874084
"5597",2024-11-06,51,"Remount","PM2.5","Mecklenburg",35.213171,-80.874084
"5598",2024-11-07,33,"Remount","PM2.5","Mecklenburg",35.213171,-80.874084
"5599",2024-11-08,53,"Remount","PM2.5","Mecklenburg",35.213171,-80.874084
"5600",2024-11-09,28,"Remount","PM2.5","Mecklenburg",35.213171,-80.874084
"5601",2024-11-10,53,"Remount","PM2.5","Mecklenburg",35.213171,-80.874084
"5602",2024-11-11,52,"Remount","PM2.5","Mecklenburg",35.213171,-80.874084
"5603",2024-11-12,44,"Remount","PM2.5","Mecklenburg",35.213171,-80.874084
"5604",2024-11-13,34,"Remount","PM2.5","Mecklenburg",35.213171,-80.874084
"5605",2024-11-14,36,"Remount","PM2.5","Mecklenburg",35.213171,-80.874084
"5606",2024-11-15,26,"Remount","PM2.5","Mecklenburg",35.213171,-80.874084
"5607",2024-11-16,52,"Remount","PM2.5","Mecklenburg",35.213171,-80.874084
"5608",2024-11-17,66,"Remount","PM2.5","Mecklenburg",35.213171,-80.874084
"5609",2024-11-18,62,"Remount","PM2.5","Mecklenburg",35.213171,-80.874084
"5610",2024-11-19,64,"Remount","PM2.5","Mecklenburg",35.213171,-80.874084
"5611",2024-11-20,38,"Remount","PM2.5","Mecklenburg",35.213171,-80.874084
"5612",2024-11-21,21,"Remount","PM2.5","Mecklenburg",35.213171,-80.874084
"5613",2024-11-22,19,"Remount","PM2.5","Mecklenburg",35.213171,-80.874084
"5614",2024-11-23,38,"Remount","PM2.5","Mecklenburg",35.213171,-80.874084
"5615",2024-11-24,61,"Remount","PM2.5","Mecklenburg",35.213171,-80.874084
"5616",2024-11-25,57,"Remount","PM2.5","Mecklenburg",35.213171,-80.874084
"5617",2024-11-26,51,"Remount","PM2.5","Mecklenburg",35.213171,-80.874084
"5618",2024-11-27,55,"Remount","PM2.5","Mecklenburg",35.213171,-80.874084
"5619",2024-11-28,51,"Remount","PM2.5","Mecklenburg",35.213171,-80.874084
"5620",2024-11-29,28,"Remount","PM2.5","Mecklenburg",35.213171,-80.874084
"5621",2024-11-30,42,"Remount","PM2.5","Mecklenburg",35.213171,-80.874084
"5622",2024-12-01,54,"Remount","PM2.5","Mecklenburg",35.213171,-80.874084
"5623",2024-12-02,39,"Remount","PM2.5","Mecklenburg",35.213171,-80.874084
"5624",2024-12-03,41,"Remount","PM2.5","Mecklenburg",35.213171,-80.874084
"5625",2024-12-04,56,"Remount","PM2.5","Mecklenburg",35.213171,-80.874084
"5626",2024-12-05,53,"Remount","PM2.5","Mecklenburg",35.213171,-80.874084
"5627",2024-12-06,39,"Remount","PM2.5","Mecklenburg",35.213171,-80.874084
"5628",2024-12-07,64,"Remount","PM2.5","Mecklenburg",35.213171,-80.874084
"5629",2024-12-08,55,"Remount","PM2.5","Mecklenburg",35.213171,-80.874084
"5630",2024-12-09,58,"Remount","PM2.5","Mecklenburg",35.213171,-80.874084
"5631",2024-12-10,57,"Remount","PM2.5","Mecklenburg",35.213171,-80.874084
"5632",2024-12-11,21,"Remount","PM2.5","Mecklenburg",35.213171,-80.874084
"5633",2024-12-12,40,"Remount","PM2.5","Mecklenburg",35.213171,-80.874084
"5634",2024-12-13,55,"Remount","PM2.5","Mecklenburg",35.213171,-80.874084
"5635",2024-12-14,59,"Remount","PM2.5","Mecklenburg",35.213171,-80.874084
"5636",2024-12-15,53,"Remount","PM2.5","Mecklenburg",35.213171,-80.874084
"5637",2024-12-16,42,"Remount","PM2.5","Mecklenburg",35.213171,-80.874084
"5638",2024-12-17,51,"Remount","PM2.5","Mecklenburg",35.213171,-80.874084
"5639",2024-12-18,55,"Remount","PM2.5","Mecklenburg",35.213171,-80.874084
"5640",2024-12-19,29,"Remount","PM2.5","Mecklenburg",35.213171,-80.874084
"5641",2024-12-20,37,"Remount","PM2.5","Mecklenburg",35.213171,-80.874084
"5642",2024-12-21,17,"Remount","PM2.5","Mecklenburg",35.213171,-80.874084
"5643",2024-12-22,38,"Remount","PM2.5","Mecklenburg",35.213171,-80.874084
"5644",2024-12-23,52,"Remount","PM2.5","Mecklenburg",35.213171,-80.874084
"5645",2024-12-24,66,"Remount","PM2.5","Mecklenburg",35.213171,-80.874084
"5646",2024-12-25,62,"Remount","PM2.5","Mecklenburg",35.213171,-80.874084
"5647",2024-12-26,55,"Remount","PM2.5","Mecklenburg",35.213171,-80.874084
"5648",2024-12-27,59,"Remount","PM2.5","Mecklenburg",35.213171,-80.874084
"5649",2024-12-28,36,"Remount","PM2.5","Mecklenburg",35.213171,-80.874084
"5650",2024-12-29,19,"Remount","PM2.5","Mecklenburg",35.213171,-80.874084
"5651",2024-12-30,25,"Remount","PM2.5","Mecklenburg",35.213171,-80.874084
"5652",2024-01-01,36,"Friendship Park","PM2.5","Mecklenburg",35.28179100089,-80.851473
"5653",2024-01-02,17,"Friendship Park","PM2.5","Mecklenburg",35.28179100089,-80.851473
"5654",2024-01-03,52,"Friendship Park","PM2.5","Mecklenburg",35.28179100089,-80.851473
"5655",2024-01-04,32,"Friendship Park","PM2.5","Mecklenburg",35.28179100089,-80.851473
"5656",2024-01-05,30,"Friendship Park","PM2.5","Mecklenburg",35.28179100089,-80.851473
"5657",2024-01-06,25,"Friendship Park","PM2.5","Mecklenburg",35.28179100089,-80.851473
"5658",2024-01-07,13,"Friendship Park","PM2.5","Mecklenburg",35.28179100089,-80.851473
"5659",2024-01-08,18,"Friendship Park","PM2.5","Mecklenburg",35.28179100089,-80.851473
"5660",2024-01-09,19,"Friendship Park","PM2.5","Mecklenburg",35.28179100089,-80.851473
"5661",2024-01-10,16,"Friendship Park","PM2.5","Mecklenburg",35.28179100089,-80.851473
"5662",2024-01-11,38,"Friendship Park","PM2.5","Mecklenburg",35.28179100089,-80.851473
"5663",2024-01-12,40,"Friendship Park","PM2.5","Mecklenburg",35.28179100089,-80.851473
"5664",2024-01-13,18,"Friendship Park","PM2.5","Mecklenburg",35.28179100089,-80.851473
"5665",2024-01-14,22,"Friendship Park","PM2.5","Mecklenburg",35.28179100089,-80.851473
"5666",2024-01-15,44,"Friendship Park","PM2.5","Mecklenburg",35.28179100089,-80.851473
"5667",2024-01-16,41,"Friendship Park","PM2.5","Mecklenburg",35.28179100089,-80.851473
"5668",2024-01-17,18,"Friendship Park","PM2.5","Mecklenburg",35.28179100089,-80.851473
"5669",2024-01-18,36,"Friendship Park","PM2.5","Mecklenburg",35.28179100089,-80.851473
"5670",2024-01-19,34,"Friendship Park","PM2.5","Mecklenburg",35.28179100089,-80.851473
"5671",2024-01-20,20,"Friendship Park","PM2.5","Mecklenburg",35.28179100089,-80.851473
"5672",2024-01-21,42,"Friendship Park","PM2.5","Mecklenburg",35.28179100089,-80.851473
"5673",2024-01-22,58,"Friendship Park","PM2.5","Mecklenburg",35.28179100089,-80.851473
"5674",2024-01-23,57,"Friendship Park","PM2.5","Mecklenburg",35.28179100089,-80.851473
"5675",2024-01-24,55,"Friendship Park","PM2.5","Mecklenburg",35.28179100089,-80.851473
"5676",2024-01-25,11,"Friendship Park","PM2.5","Mecklenburg",35.28179100089,-80.851473
"5677",2024-01-26,26,"Friendship Park","PM2.5","Mecklenburg",35.28179100089,-80.851473
"5678",2024-01-27,27,"Friendship Park","PM2.5","Mecklenburg",35.28179100089,-80.851473
"5679",2024-01-28,7,"Friendship Park","PM2.5","Mecklenburg",35.28179100089,-80.851473
"5680",2024-01-29,8,"Friendship Park","PM2.5","Mecklenburg",35.28179100089,-80.851473
"5681",2024-01-30,21,"Friendship Park","PM2.5","Mecklenburg",35.28179100089,-80.851473
"5682",2024-01-31,29,"Friendship Park","PM2.5","Mecklenburg",35.28179100089,-80.851473
"5683",2024-02-01,26,"Friendship Park","PM2.5","Mecklenburg",35.28179100089,-80.851473
"5684",2024-02-02,36,"Friendship Park","PM2.5","Mecklenburg",35.28179100089,-80.851473
"5685",2024-02-03,23,"Friendship Park","PM2.5","Mecklenburg",35.28179100089,-80.851473
"5686",2024-02-04,32,"Friendship Park","PM2.5","Mecklenburg",35.28179100089,-80.851473
"5687",2024-02-05,27,"Friendship Park","PM2.5","Mecklenburg",35.28179100089,-80.851473
"5688",2024-02-06,34,"Friendship Park","PM2.5","Mecklenburg",35.28179100089,-80.851473
"5689",2024-02-07,31,"Friendship Park","PM2.5","Mecklenburg",35.28179100089,-80.851473
"5690",2024-02-08,58,"Friendship Park","PM2.5","Mecklenburg",35.28179100089,-80.851473
"5691",2024-02-09,60,"Friendship Park","PM2.5","Mecklenburg",35.28179100089,-80.851473
"5692",2024-02-10,55,"Friendship Park","PM2.5","Mecklenburg",35.28179100089,-80.851473
"5693",2024-02-11,24,"Friendship Park","PM2.5","Mecklenburg",35.28179100089,-80.851473
"5694",2024-02-12,13,"Friendship Park","PM2.5","Mecklenburg",35.28179100089,-80.851473
"5695",2024-02-13,7,"Friendship Park","PM2.5","Mecklenburg",35.28179100089,-80.851473
"5696",2024-02-14,21,"Friendship Park","PM2.5","Mecklenburg",35.28179100089,-80.851473
"5697",2024-02-15,40,"Friendship Park","PM2.5","Mecklenburg",35.28179100089,-80.851473
"5698",2024-02-16,48,"Friendship Park","PM2.5","Mecklenburg",35.28179100089,-80.851473
"5699",2024-02-17,27,"Friendship Park","PM2.5","Mecklenburg",35.28179100089,-80.851473
"5700",2024-02-18,24,"Friendship Park","PM2.5","Mecklenburg",35.28179100089,-80.851473
"5701",2024-02-19,32,"Friendship Park","PM2.5","Mecklenburg",35.28179100089,-80.851473
"5702",2024-02-20,47,"Friendship Park","PM2.5","Mecklenburg",35.28179100089,-80.851473
"5703",2024-02-21,55,"Friendship Park","PM2.5","Mecklenburg",35.28179100089,-80.851473
"5704",2024-02-22,76,"Friendship Park","PM2.5","Mecklenburg",35.28179100089,-80.851473
"5705",2024-02-23,61,"Friendship Park","PM2.5","Mecklenburg",35.28179100089,-80.851473
"5706",2024-02-24,17,"Friendship Park","PM2.5","Mecklenburg",35.28179100089,-80.851473
"5707",2024-02-25,12,"Friendship Park","PM2.5","Mecklenburg",35.28179100089,-80.851473
"5708",2024-02-26,56,"Friendship Park","PM2.5","Mecklenburg",35.28179100089,-80.851473
"5709",2024-02-27,58,"Friendship Park","PM2.5","Mecklenburg",35.28179100089,-80.851473
"5710",2024-02-28,47,"Friendship Park","PM2.5","Mecklenburg",35.28179100089,-80.851473
"5711",2024-02-29,15,"Friendship Park","PM2.5","Mecklenburg",35.28179100089,-80.851473
"5712",2024-03-01,44,"Friendship Park","PM2.5","Mecklenburg",35.28179100089,-80.851473
"5713",2024-03-02,21,"Friendship Park","PM2.5","Mecklenburg",35.28179100089,-80.851473
"5714",2024-03-03,30,"Friendship Park","PM2.5","Mecklenburg",35.28179100089,-80.851473
"5715",2024-03-04,42,"Friendship Park","PM2.5","Mecklenburg",35.28179100089,-80.851473
"5716",2024-03-05,44,"Friendship Park","PM2.5","Mecklenburg",35.28179100089,-80.851473
"5717",2024-03-06,42,"Friendship Park","PM2.5","Mecklenburg",35.28179100089,-80.851473
"5718",2024-03-07,16,"Friendship Park","PM2.5","Mecklenburg",35.28179100089,-80.851473
"5719",2024-03-08,36,"Friendship Park","PM2.5","Mecklenburg",35.28179100089,-80.851473
"5720",2024-03-09,8,"Friendship Park","PM2.5","Mecklenburg",35.28179100089,-80.851473
"5721",2024-03-10,8,"Friendship Park","PM2.5","Mecklenburg",35.28179100089,-80.851473
"5722",2024-03-11,19,"Friendship Park","PM2.5","Mecklenburg",35.28179100089,-80.851473
"5723",2024-03-12,27,"Friendship Park","PM2.5","Mecklenburg",35.28179100089,-80.851473
"5724",2024-03-13,66,"Friendship Park","PM2.5","Mecklenburg",35.28179100089,-80.851473
"5725",2024-03-14,67,"Friendship Park","PM2.5","Mecklenburg",35.28179100089,-80.851473
"5726",2024-03-15,86,"Friendship Park","PM2.5","Mecklenburg",35.28179100089,-80.851473
"5727",2024-03-16,42,"Friendship Park","PM2.5","Mecklenburg",35.28179100089,-80.851473
"5728",2024-03-17,25,"Friendship Park","PM2.5","Mecklenburg",35.28179100089,-80.851473
"5729",2024-03-18,16,"Friendship Park","PM2.5","Mecklenburg",35.28179100089,-80.851473
"5730",2024-03-19,16,"Friendship Park","PM2.5","Mecklenburg",35.28179100089,-80.851473
"5731",2024-03-20,45,"Friendship Park","PM2.5","Mecklenburg",35.28179100089,-80.851473
"5732",2024-03-21,41,"Friendship Park","PM2.5","Mecklenburg",35.28179100089,-80.851473
"5733",2024-03-22,59,"Friendship Park","PM2.5","Mecklenburg",35.28179100089,-80.851473
"5734",2024-03-23,18,"Friendship Park","PM2.5","Mecklenburg",35.28179100089,-80.851473
"5735",2024-03-24,21,"Friendship Park","PM2.5","Mecklenburg",35.28179100089,-80.851473
"5736",2024-03-25,54,"Friendship Park","PM2.5","Mecklenburg",35.28179100089,-80.851473
"5737",2024-03-26,57,"Friendship Park","PM2.5","Mecklenburg",35.28179100089,-80.851473
"5738",2024-03-27,17,"Friendship Park","PM2.5","Mecklenburg",35.28179100089,-80.851473
"5739",2024-03-28,13,"Friendship Park","PM2.5","Mecklenburg",35.28179100089,-80.851473
"5740",2024-03-29,28,"Friendship Park","PM2.5","Mecklenburg",35.28179100089,-80.851473
"5741",2024-03-30,48,"Friendship Park","PM2.5","Mecklenburg",35.28179100089,-80.851473
"5742",2024-03-31,54,"Friendship Park","PM2.5","Mecklenburg",35.28179100089,-80.851473
"5743",2024-04-01,55,"Friendship Park","PM2.5","Mecklenburg",35.28179100089,-80.851473
"5744",2024-04-02,58,"Friendship Park","PM2.5","Mecklenburg",35.28179100089,-80.851473
"5745",2024-04-03,32,"Friendship Park","PM2.5","Mecklenburg",35.28179100089,-80.851473
"5746",2024-04-04,15,"Friendship Park","PM2.5","Mecklenburg",35.28179100089,-80.851473
"5747",2024-04-05,9,"Friendship Park","PM2.5","Mecklenburg",35.28179100089,-80.851473
"5748",2024-04-06,9,"Friendship Park","PM2.5","Mecklenburg",35.28179100089,-80.851473
"5749",2024-04-07,41,"Friendship Park","PM2.5","Mecklenburg",35.28179100089,-80.851473
"5750",2024-04-08,54,"Friendship Park","PM2.5","Mecklenburg",35.28179100089,-80.851473
"5751",2024-04-09,51,"Friendship Park","PM2.5","Mecklenburg",35.28179100089,-80.851473
"5752",2024-04-10,47,"Friendship Park","PM2.5","Mecklenburg",35.28179100089,-80.851473
"5753",2024-04-11,19,"Friendship Park","PM2.5","Mecklenburg",35.28179100089,-80.851473
"5754",2024-04-12,17,"Friendship Park","PM2.5","Mecklenburg",35.28179100089,-80.851473
"5755",2024-04-13,19,"Friendship Park","PM2.5","Mecklenburg",35.28179100089,-80.851473
"5756",2024-04-14,41,"Friendship Park","PM2.5","Mecklenburg",35.28179100089,-80.851473
"5757",2024-04-15,52,"Friendship Park","PM2.5","Mecklenburg",35.28179100089,-80.851473
"5758",2024-04-16,61,"Friendship Park","PM2.5","Mecklenburg",35.28179100089,-80.851473
"5759",2024-04-17,60,"Friendship Park","PM2.5","Mecklenburg",35.28179100089,-80.851473
"5760",2024-04-18,40,"Friendship Park","PM2.5","Mecklenburg",35.28179100089,-80.851473
"5761",2024-04-19,53,"Friendship Park","PM2.5","Mecklenburg",35.28179100089,-80.851473
"5762",2024-04-20,54,"Friendship Park","PM2.5","Mecklenburg",35.28179100089,-80.851473
"5763",2024-04-21,23,"Friendship Park","PM2.5","Mecklenburg",35.28179100089,-80.851473
"5764",2024-04-22,32,"Friendship Park","PM2.5","Mecklenburg",35.28179100089,-80.851473
"5765",2024-04-23,43,"Friendship Park","PM2.5","Mecklenburg",35.28179100089,-80.851473
"5766",2024-04-24,48,"Friendship Park","PM2.5","Mecklenburg",35.28179100089,-80.851473
"5767",2024-04-25,47,"Friendship Park","PM2.5","Mecklenburg",35.28179100089,-80.851473
"5768",2024-04-26,53,"Friendship Park","PM2.5","Mecklenburg",35.28179100089,-80.851473
"5769",2024-04-27,44,"Friendship Park","PM2.5","Mecklenburg",35.28179100089,-80.851473
"5770",2024-04-28,33,"Friendship Park","PM2.5","Mecklenburg",35.28179100089,-80.851473
"5771",2024-04-29,35,"Friendship Park","PM2.5","Mecklenburg",35.28179100089,-80.851473
"5772",2024-04-30,36,"Friendship Park","PM2.5","Mecklenburg",35.28179100089,-80.851473
"5773",2024-05-01,33,"Friendship Park","PM2.5","Mecklenburg",35.28179100089,-80.851473
"5774",2024-05-02,44,"Friendship Park","PM2.5","Mecklenburg",35.28179100089,-80.851473
"5775",2024-05-03,52,"Friendship Park","PM2.5","Mecklenburg",35.28179100089,-80.851473
"5776",2024-05-04,37,"Friendship Park","PM2.5","Mecklenburg",35.28179100089,-80.851473
"5777",2024-05-05,20,"Friendship Park","PM2.5","Mecklenburg",35.28179100089,-80.851473
"5778",2024-05-06,41,"Friendship Park","PM2.5","Mecklenburg",35.28179100089,-80.851473
"5779",2024-05-07,40,"Friendship Park","PM2.5","Mecklenburg",35.28179100089,-80.851473
"5780",2024-05-08,51,"Friendship Park","PM2.5","Mecklenburg",35.28179100089,-80.851473
"5781",2024-05-09,16,"Friendship Park","PM2.5","Mecklenburg",35.28179100089,-80.851473
"5782",2024-05-10,25,"Friendship Park","PM2.5","Mecklenburg",35.28179100089,-80.851473
"5783",2024-05-11,28,"Friendship Park","PM2.5","Mecklenburg",35.28179100089,-80.851473
"5784",2024-05-12,58,"Friendship Park","PM2.5","Mecklenburg",35.28179100089,-80.851473
"5785",2024-05-13,49,"Friendship Park","PM2.5","Mecklenburg",35.28179100089,-80.851473
"5786",2024-05-14,24,"Friendship Park","PM2.5","Mecklenburg",35.28179100089,-80.851473
"5787",2024-05-15,24,"Friendship Park","PM2.5","Mecklenburg",35.28179100089,-80.851473
"5788",2024-05-16,18,"Friendship Park","PM2.5","Mecklenburg",35.28179100089,-80.851473
"5789",2024-05-17,44,"Friendship Park","PM2.5","Mecklenburg",35.28179100089,-80.851473
"5790",2024-05-18,23,"Friendship Park","PM2.5","Mecklenburg",35.28179100089,-80.851473
"5791",2024-05-19,18,"Friendship Park","PM2.5","Mecklenburg",35.28179100089,-80.851473
"5792",2024-05-20,33,"Friendship Park","PM2.5","Mecklenburg",35.28179100089,-80.851473
"5793",2024-05-21,42,"Friendship Park","PM2.5","Mecklenburg",35.28179100089,-80.851473
"5794",2024-05-22,51,"Friendship Park","PM2.5","Mecklenburg",35.28179100089,-80.851473
"5795",2024-05-23,54,"Friendship Park","PM2.5","Mecklenburg",35.28179100089,-80.851473
"5796",2024-05-24,36,"Friendship Park","PM2.5","Mecklenburg",35.28179100089,-80.851473
"5797",2024-05-25,38,"Friendship Park","PM2.5","Mecklenburg",35.28179100089,-80.851473
"5798",2024-05-26,45,"Friendship Park","PM2.5","Mecklenburg",35.28179100089,-80.851473
"5799",2024-05-27,44,"Friendship Park","PM2.5","Mecklenburg",35.28179100089,-80.851473
"5800",2024-05-28,28,"Friendship Park","PM2.5","Mecklenburg",35.28179100089,-80.851473
"5801",2024-05-29,20,"Friendship Park","PM2.5","Mecklenburg",35.28179100089,-80.851473
"5802",2024-05-30,21,"Friendship Park","PM2.5","Mecklenburg",35.28179100089,-80.851473
"5803",2024-05-31,32,"Friendship Park","PM2.5","Mecklenburg",35.28179100089,-80.851473
"5804",2024-06-01,52,"Friendship Park","PM2.5","Mecklenburg",35.28179100089,-80.851473
"5805",2024-06-02,31,"Friendship Park","PM2.5","Mecklenburg",35.28179100089,-80.851473
"5806",2024-06-03,36,"Friendship Park","PM2.5","Mecklenburg",35.28179100089,-80.851473
"5807",2024-06-04,39,"Friendship Park","PM2.5","Mecklenburg",35.28179100089,-80.851473
"5808",2024-06-05,41,"Friendship Park","PM2.5","Mecklenburg",35.28179100089,-80.851473
"5809",2024-06-06,38,"Friendship Park","PM2.5","Mecklenburg",35.28179100089,-80.851473
"5810",2024-06-07,35,"Friendship Park","PM2.5","Mecklenburg",35.28179100089,-80.851473
"5811",2024-06-08,34,"Friendship Park","PM2.5","Mecklenburg",35.28179100089,-80.851473
"5812",2024-06-09,40,"Friendship Park","PM2.5","Mecklenburg",35.28179100089,-80.851473
"5813",2024-06-10,26,"Friendship Park","PM2.5","Mecklenburg",35.28179100089,-80.851473
"5814",2024-06-11,41,"Friendship Park","PM2.5","Mecklenburg",35.28179100089,-80.851473
"5815",2024-06-12,57,"Friendship Park","PM2.5","Mecklenburg",35.28179100089,-80.851473
"5816",2024-06-13,52,"Friendship Park","PM2.5","Mecklenburg",35.28179100089,-80.851473
"5817",2024-06-14,58,"Friendship Park","PM2.5","Mecklenburg",35.28179100089,-80.851473
"5818",2024-06-15,58,"Friendship Park","PM2.5","Mecklenburg",35.28179100089,-80.851473
"5819",2024-06-16,60,"Friendship Park","PM2.5","Mecklenburg",35.28179100089,-80.851473
"5820",2024-06-17,53,"Friendship Park","PM2.5","Mecklenburg",35.28179100089,-80.851473
"5821",2024-06-18,51,"Friendship Park","PM2.5","Mecklenburg",35.28179100089,-80.851473
"5822",2024-06-19,35,"Friendship Park","PM2.5","Mecklenburg",35.28179100089,-80.851473
"5823",2024-06-20,42,"Friendship Park","PM2.5","Mecklenburg",35.28179100089,-80.851473
"5824",2024-06-21,51,"Friendship Park","PM2.5","Mecklenburg",35.28179100089,-80.851473
"5825",2024-06-22,38,"Friendship Park","PM2.5","Mecklenburg",35.28179100089,-80.851473
"5826",2024-06-23,47,"Friendship Park","PM2.5","Mecklenburg",35.28179100089,-80.851473
"5827",2024-06-24,48,"Friendship Park","PM2.5","Mecklenburg",35.28179100089,-80.851473
"5828",2024-06-25,46,"Friendship Park","PM2.5","Mecklenburg",35.28179100089,-80.851473
"5829",2024-06-26,63,"Friendship Park","PM2.5","Mecklenburg",35.28179100089,-80.851473
"5830",2024-06-27,54,"Friendship Park","PM2.5","Mecklenburg",35.28179100089,-80.851473
"5831",2024-06-28,58,"Friendship Park","PM2.5","Mecklenburg",35.28179100089,-80.851473
"5832",2024-06-29,47,"Friendship Park","PM2.5","Mecklenburg",35.28179100089,-80.851473
"5833",2024-06-30,40,"Friendship Park","PM2.5","Mecklenburg",35.28179100089,-80.851473
"5834",2024-07-01,39,"Friendship Park","PM2.5","Mecklenburg",35.28179100089,-80.851473
"5835",2024-07-02,31,"Friendship Park","PM2.5","Mecklenburg",35.28179100089,-80.851473
"5836",2024-07-03,52,"Friendship Park","PM2.5","Mecklenburg",35.28179100089,-80.851473
"5837",2024-07-04,76,"Friendship Park","PM2.5","Mecklenburg",35.28179100089,-80.851473
"5838",2024-07-05,55,"Friendship Park","PM2.5","Mecklenburg",35.28179100089,-80.851473
"5839",2024-07-06,37,"Friendship Park","PM2.5","Mecklenburg",35.28179100089,-80.851473
"5840",2024-07-07,36,"Friendship Park","PM2.5","Mecklenburg",35.28179100089,-80.851473
"5841",2024-07-08,32,"Friendship Park","PM2.5","Mecklenburg",35.28179100089,-80.851473
"5842",2024-07-09,48,"Friendship Park","PM2.5","Mecklenburg",35.28179100089,-80.851473
"5843",2024-07-10,35,"Friendship Park","PM2.5","Mecklenburg",35.28179100089,-80.851473
"5844",2024-07-11,23,"Friendship Park","PM2.5","Mecklenburg",35.28179100089,-80.851473
"5845",2024-07-12,43,"Friendship Park","PM2.5","Mecklenburg",35.28179100089,-80.851473
"5846",2024-07-13,34,"Friendship Park","PM2.5","Mecklenburg",35.28179100089,-80.851473
"5847",2024-07-14,54,"Friendship Park","PM2.5","Mecklenburg",35.28179100089,-80.851473
"5848",2024-07-15,58,"Friendship Park","PM2.5","Mecklenburg",35.28179100089,-80.851473
"5849",2024-07-16,55,"Friendship Park","PM2.5","Mecklenburg",35.28179100089,-80.851473
"5850",2024-07-17,43,"Friendship Park","PM2.5","Mecklenburg",35.28179100089,-80.851473
"5851",2024-07-18,43,"Friendship Park","PM2.5","Mecklenburg",35.28179100089,-80.851473
"5852",2024-07-19,31,"Friendship Park","PM2.5","Mecklenburg",35.28179100089,-80.851473
"5853",2024-07-20,16,"Friendship Park","PM2.5","Mecklenburg",35.28179100089,-80.851473
"5854",2024-07-21,26,"Friendship Park","PM2.5","Mecklenburg",35.28179100089,-80.851473
"5855",2024-07-22,20,"Friendship Park","PM2.5","Mecklenburg",35.28179100089,-80.851473
"5856",2024-07-23,30,"Friendship Park","PM2.5","Mecklenburg",35.28179100089,-80.851473
"5857",2024-07-24,28,"Friendship Park","PM2.5","Mecklenburg",35.28179100089,-80.851473
"5858",2024-07-25,23,"Friendship Park","PM2.5","Mecklenburg",35.28179100089,-80.851473
"5859",2024-07-26,46,"Friendship Park","PM2.5","Mecklenburg",35.28179100089,-80.851473
"5860",2024-07-27,56,"Friendship Park","PM2.5","Mecklenburg",35.28179100089,-80.851473
"5861",2024-07-28,59,"Friendship Park","PM2.5","Mecklenburg",35.28179100089,-80.851473
"5862",2024-07-29,39,"Friendship Park","PM2.5","Mecklenburg",35.28179100089,-80.851473
"5863",2024-07-30,31,"Friendship Park","PM2.5","Mecklenburg",35.28179100089,-80.851473
"5864",2024-07-31,26,"Friendship Park","PM2.5","Mecklenburg",35.28179100089,-80.851473
"5865",2024-08-01,41,"Friendship Park","PM2.5","Mecklenburg",35.28179100089,-80.851473
"5866",2024-08-02,59,"Friendship Park","PM2.5","Mecklenburg",35.28179100089,-80.851473
"5867",2024-08-03,59,"Friendship Park","PM2.5","Mecklenburg",35.28179100089,-80.851473
"5868",2024-08-04,40,"Friendship Park","PM2.5","Mecklenburg",35.28179100089,-80.851473
"5869",2024-08-05,27,"Friendship Park","PM2.5","Mecklenburg",35.28179100089,-80.851473
"5870",2024-08-06,16,"Friendship Park","PM2.5","Mecklenburg",35.28179100089,-80.851473
"5871",2024-08-07,18,"Friendship Park","PM2.5","Mecklenburg",35.28179100089,-80.851473
"5872",2024-08-08,7,"Friendship Park","PM2.5","Mecklenburg",35.28179100089,-80.851473
"5873",2024-08-09,34,"Friendship Park","PM2.5","Mecklenburg",35.28179100089,-80.851473
"5874",2024-08-10,49,"Friendship Park","PM2.5","Mecklenburg",35.28179100089,-80.851473
"5875",2024-08-11,55,"Friendship Park","PM2.5","Mecklenburg",35.28179100089,-80.851473
"5876",2024-08-12,49,"Friendship Park","PM2.5","Mecklenburg",35.28179100089,-80.851473
"5877",2024-08-13,52,"Friendship Park","PM2.5","Mecklenburg",35.28179100089,-80.851473
"5878",2024-08-14,52,"Friendship Park","PM2.5","Mecklenburg",35.28179100089,-80.851473
"5879",2024-08-15,53,"Friendship Park","PM2.5","Mecklenburg",35.28179100089,-80.851473
"5880",2024-08-16,56,"Friendship Park","PM2.5","Mecklenburg",35.28179100089,-80.851473
"5881",2024-08-17,44,"Friendship Park","PM2.5","Mecklenburg",35.28179100089,-80.851473
"5882",2024-08-18,39,"Friendship Park","PM2.5","Mecklenburg",35.28179100089,-80.851473
"5883",2024-08-19,22,"Friendship Park","PM2.5","Mecklenburg",35.28179100089,-80.851473
"5884",2024-08-20,43,"Friendship Park","PM2.5","Mecklenburg",35.28179100089,-80.851473
"5885",2024-08-21,41,"Friendship Park","PM2.5","Mecklenburg",35.28179100089,-80.851473
"5886",2024-08-22,36,"Friendship Park","PM2.5","Mecklenburg",35.28179100089,-80.851473
"5887",2024-08-23,48,"Friendship Park","PM2.5","Mecklenburg",35.28179100089,-80.851473
"5888",2024-08-24,55,"Friendship Park","PM2.5","Mecklenburg",35.28179100089,-80.851473
"5889",2024-08-27,66,"Friendship Park","PM2.5","Mecklenburg",35.28179100089,-80.851473
"5890",2024-08-28,64,"Friendship Park","PM2.5","Mecklenburg",35.28179100089,-80.851473
"5891",2024-08-29,59,"Friendship Park","PM2.5","Mecklenburg",35.28179100089,-80.851473
"5892",2024-08-30,53,"Friendship Park","PM2.5","Mecklenburg",35.28179100089,-80.851473
"5893",2024-08-31,50,"Friendship Park","PM2.5","Mecklenburg",35.28179100089,-80.851473
"5894",2024-09-01,43,"Friendship Park","PM2.5","Mecklenburg",35.28179100089,-80.851473
"5895",2024-09-02,32,"Friendship Park","PM2.5","Mecklenburg",35.28179100089,-80.851473
"5896",2024-09-03,28,"Friendship Park","PM2.5","Mecklenburg",35.28179100089,-80.851473
"5897",2024-09-04,27,"Friendship Park","PM2.5","Mecklenburg",35.28179100089,-80.851473
"5898",2024-09-05,29,"Friendship Park","PM2.5","Mecklenburg",35.28179100089,-80.851473
"5899",2024-09-06,37,"Friendship Park","PM2.5","Mecklenburg",35.28179100089,-80.851473
"5900",2024-09-07,39,"Friendship Park","PM2.5","Mecklenburg",35.28179100089,-80.851473
"5901",2024-09-08,19,"Friendship Park","PM2.5","Mecklenburg",35.28179100089,-80.851473
"5902",2024-09-09,38,"Friendship Park","PM2.5","Mecklenburg",35.28179100089,-80.851473
"5903",2024-09-10,49,"Friendship Park","PM2.5","Mecklenburg",35.28179100089,-80.851473
"5904",2024-09-11,54,"Friendship Park","PM2.5","Mecklenburg",35.28179100089,-80.851473
"5905",2024-09-12,47,"Friendship Park","PM2.5","Mecklenburg",35.28179100089,-80.851473
"5906",2024-09-13,32,"Friendship Park","PM2.5","Mecklenburg",35.28179100089,-80.851473
"5907",2024-09-14,28,"Friendship Park","PM2.5","Mecklenburg",35.28179100089,-80.851473
"5908",2024-09-15,29,"Friendship Park","PM2.5","Mecklenburg",35.28179100089,-80.851473
"5909",2024-09-16,33,"Friendship Park","PM2.5","Mecklenburg",35.28179100089,-80.851473
"5910",2024-09-17,11,"Friendship Park","PM2.5","Mecklenburg",35.28179100089,-80.851473
"5911",2024-09-18,49,"Friendship Park","PM2.5","Mecklenburg",35.28179100089,-80.851473
"5912",2024-09-19,32,"Friendship Park","PM2.5","Mecklenburg",35.28179100089,-80.851473
"5913",2024-09-20,29,"Friendship Park","PM2.5","Mecklenburg",35.28179100089,-80.851473
"5914",2024-09-21,48,"Friendship Park","PM2.5","Mecklenburg",35.28179100089,-80.851473
"5915",2024-09-22,53,"Friendship Park","PM2.5","Mecklenburg",35.28179100089,-80.851473
"5916",2024-09-23,55,"Friendship Park","PM2.5","Mecklenburg",35.28179100089,-80.851473
"5917",2024-09-24,58,"Friendship Park","PM2.5","Mecklenburg",35.28179100089,-80.851473
"5918",2024-09-25,39,"Friendship Park","PM2.5","Mecklenburg",35.28179100089,-80.851473
"5919",2024-09-26,22,"Friendship Park","PM2.5","Mecklenburg",35.28179100089,-80.851473
"5920",2024-09-28,55,"Friendship Park","PM2.5","Mecklenburg",35.28179100089,-80.851473
"5921",2024-09-29,52,"Friendship Park","PM2.5","Mecklenburg",35.28179100089,-80.851473
"5922",2024-09-30,58,"Friendship Park","PM2.5","Mecklenburg",35.28179100089,-80.851473
"5923",2024-10-01,41,"Friendship Park","PM2.5","Mecklenburg",35.28179100089,-80.851473
"5924",2024-10-02,28,"Friendship Park","PM2.5","Mecklenburg",35.28179100089,-80.851473
"5925",2024-10-03,40,"Friendship Park","PM2.5","Mecklenburg",35.28179100089,-80.851473
"5926",2024-10-04,42,"Friendship Park","PM2.5","Mecklenburg",35.28179100089,-80.851473
"5927",2024-10-05,43,"Friendship Park","PM2.5","Mecklenburg",35.28179100089,-80.851473
"5928",2024-10-06,54,"Friendship Park","PM2.5","Mecklenburg",35.28179100089,-80.851473
"5929",2024-10-07,55,"Friendship Park","PM2.5","Mecklenburg",35.28179100089,-80.851473
"5930",2024-10-12,49,"Friendship Park","PM2.5","Mecklenburg",35.28179100089,-80.851473
"5931",2024-10-13,53,"Friendship Park","PM2.5","Mecklenburg",35.28179100089,-80.851473
"5932",2024-10-14,37,"Friendship Park","PM2.5","Mecklenburg",35.28179100089,-80.851473
"5933",2024-10-15,16,"Friendship Park","PM2.5","Mecklenburg",35.28179100089,-80.851473
"5934",2024-10-16,11,"Friendship Park","PM2.5","Mecklenburg",35.28179100089,-80.851473
"5935",2024-10-17,19,"Friendship Park","PM2.5","Mecklenburg",35.28179100089,-80.851473
"5936",2024-10-18,32,"Friendship Park","PM2.5","Mecklenburg",35.28179100089,-80.851473
"5937",2024-10-19,38,"Friendship Park","PM2.5","Mecklenburg",35.28179100089,-80.851473
"5938",2024-10-20,51,"Friendship Park","PM2.5","Mecklenburg",35.28179100089,-80.851473
"5939",2024-10-21,47,"Friendship Park","PM2.5","Mecklenburg",35.28179100089,-80.851473
"5940",2024-10-22,52,"Friendship Park","PM2.5","Mecklenburg",35.28179100089,-80.851473
"5941",2024-10-23,57,"Friendship Park","PM2.5","Mecklenburg",35.28179100089,-80.851473
"5942",2024-10-24,52,"Friendship Park","PM2.5","Mecklenburg",35.28179100089,-80.851473
"5943",2024-10-25,55,"Friendship Park","PM2.5","Mecklenburg",35.28179100089,-80.851473
"5944",2024-10-26,57,"Friendship Park","PM2.5","Mecklenburg",35.28179100089,-80.851473
"5945",2024-10-27,27,"Friendship Park","PM2.5","Mecklenburg",35.28179100089,-80.851473
"5946",2024-10-28,46,"Friendship Park","PM2.5","Mecklenburg",35.28179100089,-80.851473
"5947",2024-10-29,53,"Friendship Park","PM2.5","Mecklenburg",35.28179100089,-80.851473
"5948",2024-10-30,48,"Friendship Park","PM2.5","Mecklenburg",35.28179100089,-80.851473
"5949",2024-10-31,47,"Friendship Park","PM2.5","Mecklenburg",35.28179100089,-80.851473
"5950",2024-11-01,44,"Friendship Park","PM2.5","Mecklenburg",35.28179100089,-80.851473
"5951",2024-11-02,46,"Friendship Park","PM2.5","Mecklenburg",35.28179100089,-80.851473
"5952",2024-11-03,43,"Friendship Park","PM2.5","Mecklenburg",35.28179100089,-80.851473
"5953",2024-11-04,41,"Friendship Park","PM2.5","Mecklenburg",35.28179100089,-80.851473
"5954",2024-11-05,52,"Friendship Park","PM2.5","Mecklenburg",35.28179100089,-80.851473
"5955",2024-11-06,35,"Friendship Park","PM2.5","Mecklenburg",35.28179100089,-80.851473
"5956",2024-11-07,29,"Friendship Park","PM2.5","Mecklenburg",35.28179100089,-80.851473
"5957",2024-11-08,40,"Friendship Park","PM2.5","Mecklenburg",35.28179100089,-80.851473
"5958",2024-11-09,23,"Friendship Park","PM2.5","Mecklenburg",35.28179100089,-80.851473
"5959",2024-11-10,41,"Friendship Park","PM2.5","Mecklenburg",35.28179100089,-80.851473
"5960",2024-11-11,38,"Friendship Park","PM2.5","Mecklenburg",35.28179100089,-80.851473
"5961",2024-11-12,33,"Friendship Park","PM2.5","Mecklenburg",35.28179100089,-80.851473
"5962",2024-11-13,19,"Friendship Park","PM2.5","Mecklenburg",35.28179100089,-80.851473
"5963",2024-11-14,23,"Friendship Park","PM2.5","Mecklenburg",35.28179100089,-80.851473
"5964",2024-11-15,12,"Friendship Park","PM2.5","Mecklenburg",35.28179100089,-80.851473
"5965",2024-11-16,32,"Friendship Park","PM2.5","Mecklenburg",35.28179100089,-80.851473
"5966",2024-11-17,56,"Friendship Park","PM2.5","Mecklenburg",35.28179100089,-80.851473
"5967",2024-11-18,57,"Friendship Park","PM2.5","Mecklenburg",35.28179100089,-80.851473
"5968",2024-11-19,60,"Friendship Park","PM2.5","Mecklenburg",35.28179100089,-80.851473
"5969",2024-11-20,34,"Friendship Park","PM2.5","Mecklenburg",35.28179100089,-80.851473
"5970",2024-11-21,16,"Friendship Park","PM2.5","Mecklenburg",35.28179100089,-80.851473
"5971",2024-11-22,13,"Friendship Park","PM2.5","Mecklenburg",35.28179100089,-80.851473
"5972",2024-11-23,21,"Friendship Park","PM2.5","Mecklenburg",35.28179100089,-80.851473
"5973",2024-11-24,53,"Friendship Park","PM2.5","Mecklenburg",35.28179100089,-80.851473
"5974",2024-11-25,54,"Friendship Park","PM2.5","Mecklenburg",35.28179100089,-80.851473
"5975",2024-11-26,38,"Friendship Park","PM2.5","Mecklenburg",35.28179100089,-80.851473
"5976",2024-11-27,41,"Friendship Park","PM2.5","Mecklenburg",35.28179100089,-80.851473
"5977",2024-11-28,38,"Friendship Park","PM2.5","Mecklenburg",35.28179100089,-80.851473
"5978",2024-11-29,14,"Friendship Park","PM2.5","Mecklenburg",35.28179100089,-80.851473
"5979",2024-11-30,46,"Friendship Park","PM2.5","Mecklenburg",35.28179100089,-80.851473
"5980",2024-12-01,57,"Friendship Park","PM2.5","Mecklenburg",35.28179100089,-80.851473
"5981",2024-12-02,23,"Friendship Park","PM2.5","Mecklenburg",35.28179100089,-80.851473
"5982",2024-12-03,26,"Friendship Park","PM2.5","Mecklenburg",35.28179100089,-80.851473
"5983",2024-12-04,51,"Friendship Park","PM2.5","Mecklenburg",35.28179100089,-80.851473
"5984",2024-12-05,38,"Friendship Park","PM2.5","Mecklenburg",35.28179100089,-80.851473
"5985",2024-12-06,26,"Friendship Park","PM2.5","Mecklenburg",35.28179100089,-80.851473
"5986",2024-12-07,55,"Friendship Park","PM2.5","Mecklenburg",35.28179100089,-80.851473
"5987",2024-12-08,49,"Friendship Park","PM2.5","Mecklenburg",35.28179100089,-80.851473
"5988",2024-12-09,53,"Friendship Park","PM2.5","Mecklenburg",35.28179100089,-80.851473
"5989",2024-12-10,43,"Friendship Park","PM2.5","Mecklenburg",35.28179100089,-80.851473
"5990",2024-12-11,8,"Friendship Park","PM2.5","Mecklenburg",35.28179100089,-80.851473
"5991",2024-12-12,31,"Friendship Park","PM2.5","Mecklenburg",35.28179100089,-80.851473
"5992",2024-12-13,53,"Friendship Park","PM2.5","Mecklenburg",35.28179100089,-80.851473
"5993",2024-12-14,53,"Friendship Park","PM2.5","Mecklenburg",35.28179100089,-80.851473
"5994",2024-12-15,41,"Friendship Park","PM2.5","Mecklenburg",35.28179100089,-80.851473
"5995",2024-12-16,33,"Friendship Park","PM2.5","Mecklenburg",35.28179100089,-80.851473
"5996",2024-12-17,45,"Friendship Park","PM2.5","Mecklenburg",35.28179100089,-80.851473
"5997",2024-12-18,52,"Friendship Park","PM2.5","Mecklenburg",35.28179100089,-80.851473
"5998",2024-12-19,14,"Friendship Park","PM2.5","Mecklenburg",35.28179100089,-80.851473
"5999",2024-12-20,32,"Friendship Park","PM2.5","Mecklenburg",35.28179100089,-80.851473
"6000",2024-12-21,8,"Friendship Park","PM2.5","Mecklenburg",35.28179100089,-80.851473
"6001",2024-12-22,27,"Friendship Park","PM2.5","Mecklenburg",35.28179100089,-80.851473
"6002",2024-12-23,51,"Friendship Park","PM2.5","Mecklenburg",35.28179100089,-80.851473
"6003",2024-12-24,70,"Friendship Park","PM2.5","Mecklenburg",35.28179100089,-80.851473
"6004",2024-12-25,56,"Friendship Park","PM2.5","Mecklenburg",35.28179100089,-80.851473
"6005",2024-12-26,48,"Friendship Park","PM2.5","Mecklenburg",35.28179100089,-80.851473
"6006",2024-12-27,56,"Friendship Park","PM2.5","Mecklenburg",35.28179100089,-80.851473
"6007",2024-12-28,22,"Friendship Park","PM2.5","Mecklenburg",35.28179100089,-80.851473
"6008",2024-12-29,17,"Friendship Park","PM2.5","Mecklenburg",35.28179100089,-80.851473
"6009",2024-12-30,26,"Friendship Park","PM2.5","Mecklenburg",35.28179100089,-80.851473
"6010",2024-12-31,47,"Friendship Park","PM2.5","Mecklenburg",35.28179100089,-80.851473
"6011",2024-01-01,18,"Spruce Pine Hospital","PM2.5","Mitchell",35.9124870008966,-82.062082
"6012",2024-01-02,18,"Spruce Pine Hospital","PM2.5","Mitchell",35.9124870008966,-82.062082
"6013",2024-01-03,23,"Spruce Pine Hospital","PM2.5","Mitchell",35.9124870008966,-82.062082
"6014",2024-01-04,19,"Spruce Pine Hospital","PM2.5","Mitchell",35.9124870008966,-82.062082
"6015",2024-01-05,32,"Spruce Pine Hospital","PM2.5","Mitchell",35.9124870008966,-82.062082
"6016",2024-01-06,21,"Spruce Pine Hospital","PM2.5","Mitchell",35.9124870008966,-82.062082
"6017",2024-01-07,7,"Spruce Pine Hospital","PM2.5","Mitchell",35.9124870008966,-82.062082
"6018",2024-01-08,19,"Spruce Pine Hospital","PM2.5","Mitchell",35.9124870008966,-82.062082
"6019",2024-01-09,12,"Spruce Pine Hospital","PM2.5","Mitchell",35.9124870008966,-82.062082
"6020",2024-01-10,12,"Spruce Pine Hospital","PM2.5","Mitchell",35.9124870008966,-82.062082
"6021",2024-01-11,32,"Spruce Pine Hospital","PM2.5","Mitchell",35.9124870008966,-82.062082
"6022",2024-01-12,40,"Spruce Pine Hospital","PM2.5","Mitchell",35.9124870008966,-82.062082
"6023",2024-01-13,17,"Spruce Pine Hospital","PM2.5","Mitchell",35.9124870008966,-82.062082
"6024",2024-01-14,26,"Spruce Pine Hospital","PM2.5","Mitchell",35.9124870008966,-82.062082
"6025",2024-01-15,42,"Spruce Pine Hospital","PM2.5","Mitchell",35.9124870008966,-82.062082
"6026",2024-01-16,27,"Spruce Pine Hospital","PM2.5","Mitchell",35.9124870008966,-82.062082
"6027",2024-01-17,7,"Spruce Pine Hospital","PM2.5","Mitchell",35.9124870008966,-82.062082
"6028",2024-01-18,39,"Spruce Pine Hospital","PM2.5","Mitchell",35.9124870008966,-82.062082
"6029",2024-01-19,30,"Spruce Pine Hospital","PM2.5","Mitchell",35.9124870008966,-82.062082
"6030",2024-01-20,12,"Spruce Pine Hospital","PM2.5","Mitchell",35.9124870008966,-82.062082
"6031",2024-01-21,14,"Spruce Pine Hospital","PM2.5","Mitchell",35.9124870008966,-82.062082
"6032",2024-01-22,47,"Spruce Pine Hospital","PM2.5","Mitchell",35.9124870008966,-82.062082
"6033",2024-01-23,51,"Spruce Pine Hospital","PM2.5","Mitchell",35.9124870008966,-82.062082
"6034",2024-01-24,13,"Spruce Pine Hospital","PM2.5","Mitchell",35.9124870008966,-82.062082
"6035",2024-01-25,7,"Spruce Pine Hospital","PM2.5","Mitchell",35.9124870008966,-82.062082
"6036",2024-01-26,7,"Spruce Pine Hospital","PM2.5","Mitchell",35.9124870008966,-82.062082
"6037",2024-01-27,14,"Spruce Pine Hospital","PM2.5","Mitchell",35.9124870008966,-82.062082
"6038",2024-01-28,2,"Spruce Pine Hospital","PM2.5","Mitchell",35.9124870008966,-82.062082
"6039",2024-01-29,7,"Spruce Pine Hospital","PM2.5","Mitchell",35.9124870008966,-82.062082
"6040",2024-01-30,21,"Spruce Pine Hospital","PM2.5","Mitchell",35.9124870008966,-82.062082
"6041",2024-01-31,26,"Spruce Pine Hospital","PM2.5","Mitchell",35.9124870008966,-82.062082
"6042",2024-02-01,18,"Spruce Pine Hospital","PM2.5","Mitchell",35.9124870008966,-82.062082
"6043",2024-02-02,25,"Spruce Pine Hospital","PM2.5","Mitchell",35.9124870008966,-82.062082
"6044",2024-02-03,44,"Spruce Pine Hospital","PM2.5","Mitchell",35.9124870008966,-82.062082
"6045",2024-02-04,29,"Spruce Pine Hospital","PM2.5","Mitchell",35.9124870008966,-82.062082
"6046",2024-02-05,21,"Spruce Pine Hospital","PM2.5","Mitchell",35.9124870008966,-82.062082
"6047",2024-02-06,38,"Spruce Pine Hospital","PM2.5","Mitchell",35.9124870008966,-82.062082
"6048",2024-02-07,52,"Spruce Pine Hospital","PM2.5","Mitchell",35.9124870008966,-82.062082
"6049",2024-02-08,56,"Spruce Pine Hospital","PM2.5","Mitchell",35.9124870008966,-82.062082
"6050",2024-02-09,54,"Spruce Pine Hospital","PM2.5","Mitchell",35.9124870008966,-82.062082
"6051",2024-02-10,31,"Spruce Pine Hospital","PM2.5","Mitchell",35.9124870008966,-82.062082
"6052",2024-02-11,3,"Spruce Pine Hospital","PM2.5","Mitchell",35.9124870008966,-82.062082
"6053",2024-02-12,3,"Spruce Pine Hospital","PM2.5","Mitchell",35.9124870008966,-82.062082
"6054",2024-02-13,14,"Spruce Pine Hospital","PM2.5","Mitchell",35.9124870008966,-82.062082
"6055",2024-02-14,20,"Spruce Pine Hospital","PM2.5","Mitchell",35.9124870008966,-82.062082
"6056",2024-02-15,36,"Spruce Pine Hospital","PM2.5","Mitchell",35.9124870008966,-82.062082
"6057",2024-02-16,40,"Spruce Pine Hospital","PM2.5","Mitchell",35.9124870008966,-82.062082
"6058",2024-02-17,14,"Spruce Pine Hospital","PM2.5","Mitchell",35.9124870008966,-82.062082
"6059",2024-02-18,12,"Spruce Pine Hospital","PM2.5","Mitchell",35.9124870008966,-82.062082
"6060",2024-02-19,17,"Spruce Pine Hospital","PM2.5","Mitchell",35.9124870008966,-82.062082
"6061",2024-02-20,57,"Spruce Pine Hospital","PM2.5","Mitchell",35.9124870008966,-82.062082
"6062",2024-02-21,62,"Spruce Pine Hospital","PM2.5","Mitchell",35.9124870008966,-82.062082
"6063",2024-02-22,68,"Spruce Pine Hospital","PM2.5","Mitchell",35.9124870008966,-82.062082
"6064",2024-02-23,37,"Spruce Pine Hospital","PM2.5","Mitchell",35.9124870008966,-82.062082
"6065",2024-02-24,19,"Spruce Pine Hospital","PM2.5","Mitchell",35.9124870008966,-82.062082
"6066",2024-02-25,17,"Spruce Pine Hospital","PM2.5","Mitchell",35.9124870008966,-82.062082
"6067",2024-02-26,52,"Spruce Pine Hospital","PM2.5","Mitchell",35.9124870008966,-82.062082
"6068",2024-02-27,62,"Spruce Pine Hospital","PM2.5","Mitchell",35.9124870008966,-82.062082
"6069",2024-02-28,43,"Spruce Pine Hospital","PM2.5","Mitchell",35.9124870008966,-82.062082
"6070",2024-02-29,18,"Spruce Pine Hospital","PM2.5","Mitchell",35.9124870008966,-82.062082
"6071",2024-03-01,47,"Spruce Pine Hospital","PM2.5","Mitchell",35.9124870008966,-82.062082
"6072",2024-03-02,14,"Spruce Pine Hospital","PM2.5","Mitchell",35.9124870008966,-82.062082
"6073",2024-03-03,17,"Spruce Pine Hospital","PM2.5","Mitchell",35.9124870008966,-82.062082
"6074",2024-03-04,29,"Spruce Pine Hospital","PM2.5","Mitchell",35.9124870008966,-82.062082
"6075",2024-03-05,38,"Spruce Pine Hospital","PM2.5","Mitchell",35.9124870008966,-82.062082
"6076",2024-03-06,17,"Spruce Pine Hospital","PM2.5","Mitchell",35.9124870008966,-82.062082
"6077",2024-03-07,8,"Spruce Pine Hospital","PM2.5","Mitchell",35.9124870008966,-82.062082
"6078",2024-03-08,31,"Spruce Pine Hospital","PM2.5","Mitchell",35.9124870008966,-82.062082
"6079",2024-03-09,6,"Spruce Pine Hospital","PM2.5","Mitchell",35.9124870008966,-82.062082
"6080",2024-03-10,10,"Spruce Pine Hospital","PM2.5","Mitchell",35.9124870008966,-82.062082
"6081",2024-03-11,11,"Spruce Pine Hospital","PM2.5","Mitchell",35.9124870008966,-82.062082
"6082",2024-03-12,21,"Spruce Pine Hospital","PM2.5","Mitchell",35.9124870008966,-82.062082
"6083",2024-03-13,61,"Spruce Pine Hospital","PM2.5","Mitchell",35.9124870008966,-82.062082
"6084",2024-03-14,83,"Spruce Pine Hospital","PM2.5","Mitchell",35.9124870008966,-82.062082
"6085",2024-03-15,54,"Spruce Pine Hospital","PM2.5","Mitchell",35.9124870008966,-82.062082
"6086",2024-03-16,9,"Spruce Pine Hospital","PM2.5","Mitchell",35.9124870008966,-82.062082
"6087",2024-03-17,18,"Spruce Pine Hospital","PM2.5","Mitchell",35.9124870008966,-82.062082
"6088",2024-03-18,16,"Spruce Pine Hospital","PM2.5","Mitchell",35.9124870008966,-82.062082
"6089",2024-03-19,36,"Spruce Pine Hospital","PM2.5","Mitchell",35.9124870008966,-82.062082
"6090",2024-03-20,42,"Spruce Pine Hospital","PM2.5","Mitchell",35.9124870008966,-82.062082
"6091",2024-03-21,34,"Spruce Pine Hospital","PM2.5","Mitchell",35.9124870008966,-82.062082
"6092",2024-03-22,59,"Spruce Pine Hospital","PM2.5","Mitchell",35.9124870008966,-82.062082
"6093",2024-03-23,22,"Spruce Pine Hospital","PM2.5","Mitchell",35.9124870008966,-82.062082
"6094",2024-03-24,24,"Spruce Pine Hospital","PM2.5","Mitchell",35.9124870008966,-82.062082
"6095",2024-03-25,29,"Spruce Pine Hospital","PM2.5","Mitchell",35.9124870008966,-82.062082
"6096",2024-03-26,52,"Spruce Pine Hospital","PM2.5","Mitchell",35.9124870008966,-82.062082
"6097",2024-03-27,21,"Spruce Pine Hospital","PM2.5","Mitchell",35.9124870008966,-82.062082
"6098",2024-03-28,14,"Spruce Pine Hospital","PM2.5","Mitchell",35.9124870008966,-82.062082
"6099",2024-03-29,25,"Spruce Pine Hospital","PM2.5","Mitchell",35.9124870008966,-82.062082
"6100",2024-04-02,58,"Spruce Pine Hospital","PM2.5","Mitchell",35.9124870008966,-82.062082
"6101",2024-04-03,16,"Spruce Pine Hospital","PM2.5","Mitchell",35.9124870008966,-82.062082
"6102",2024-04-04,17,"Spruce Pine Hospital","PM2.5","Mitchell",35.9124870008966,-82.062082
"6103",2024-04-05,12,"Spruce Pine Hospital","PM2.5","Mitchell",35.9124870008966,-82.062082
"6104",2024-04-06,6,"Spruce Pine Hospital","PM2.5","Mitchell",35.9124870008966,-82.062082
"6105",2024-04-07,19,"Spruce Pine Hospital","PM2.5","Mitchell",35.9124870008966,-82.062082
"6106",2024-04-08,47,"Spruce Pine Hospital","PM2.5","Mitchell",35.9124870008966,-82.062082
"6107",2024-04-09,53,"Spruce Pine Hospital","PM2.5","Mitchell",35.9124870008966,-82.062082
"6108",2024-04-10,36,"Spruce Pine Hospital","PM2.5","Mitchell",35.9124870008966,-82.062082
"6109",2024-04-11,11,"Spruce Pine Hospital","PM2.5","Mitchell",35.9124870008966,-82.062082
"6110",2024-04-12,15,"Spruce Pine Hospital","PM2.5","Mitchell",35.9124870008966,-82.062082
"6111",2024-04-13,14,"Spruce Pine Hospital","PM2.5","Mitchell",35.9124870008966,-82.062082
"6112",2024-04-14,25,"Spruce Pine Hospital","PM2.5","Mitchell",35.9124870008966,-82.062082
"6113",2024-04-15,41,"Spruce Pine Hospital","PM2.5","Mitchell",35.9124870008966,-82.062082
"6114",2024-04-16,53,"Spruce Pine Hospital","PM2.5","Mitchell",35.9124870008966,-82.062082
"6115",2024-04-17,53,"Spruce Pine Hospital","PM2.5","Mitchell",35.9124870008966,-82.062082
"6116",2024-04-18,25,"Spruce Pine Hospital","PM2.5","Mitchell",35.9124870008966,-82.062082
"6117",2024-04-19,31,"Spruce Pine Hospital","PM2.5","Mitchell",35.9124870008966,-82.062082
"6118",2024-04-20,14,"Spruce Pine Hospital","PM2.5","Mitchell",35.9124870008966,-82.062082
"6119",2024-04-21,24,"Spruce Pine Hospital","PM2.5","Mitchell",35.9124870008966,-82.062082
"6120",2024-04-22,23,"Spruce Pine Hospital","PM2.5","Mitchell",35.9124870008966,-82.062082
"6121",2024-04-23,33,"Spruce Pine Hospital","PM2.5","Mitchell",35.9124870008966,-82.062082
"6122",2024-04-24,40,"Spruce Pine Hospital","PM2.5","Mitchell",35.9124870008966,-82.062082
"6123",2024-04-25,37,"Spruce Pine Hospital","PM2.5","Mitchell",35.9124870008966,-82.062082
"6124",2024-04-26,50,"Spruce Pine Hospital","PM2.5","Mitchell",35.9124870008966,-82.062082
"6125",2024-04-27,46,"Spruce Pine Hospital","PM2.5","Mitchell",35.9124870008966,-82.062082
"6126",2024-04-28,32,"Spruce Pine Hospital","PM2.5","Mitchell",35.9124870008966,-82.062082
"6127",2024-04-29,40,"Spruce Pine Hospital","PM2.5","Mitchell",35.9124870008966,-82.062082
"6128",2024-04-30,38,"Spruce Pine Hospital","PM2.5","Mitchell",35.9124870008966,-82.062082
"6129",2024-05-01,22,"Spruce Pine Hospital","PM2.5","Mitchell",35.9124870008966,-82.062082
"6130",2024-05-02,35,"Spruce Pine Hospital","PM2.5","Mitchell",35.9124870008966,-82.062082
"6131",2024-05-03,53,"Spruce Pine Hospital","PM2.5","Mitchell",35.9124870008966,-82.062082
"6132",2024-05-04,43,"Spruce Pine Hospital","PM2.5","Mitchell",35.9124870008966,-82.062082
"6133",2024-05-05,18,"Spruce Pine Hospital","PM2.5","Mitchell",35.9124870008966,-82.062082
"6134",2024-05-06,19,"Spruce Pine Hospital","PM2.5","Mitchell",35.9124870008966,-82.062082
"6135",2024-05-07,31,"Spruce Pine Hospital","PM2.5","Mitchell",35.9124870008966,-82.062082
"6136",2024-05-08,34,"Spruce Pine Hospital","PM2.5","Mitchell",35.9124870008966,-82.062082
"6137",2024-05-09,16,"Spruce Pine Hospital","PM2.5","Mitchell",35.9124870008966,-82.062082
"6138",2024-05-10,16,"Spruce Pine Hospital","PM2.5","Mitchell",35.9124870008966,-82.062082
"6139",2024-05-11,17,"Spruce Pine Hospital","PM2.5","Mitchell",35.9124870008966,-82.062082
"6140",2024-05-12,26,"Spruce Pine Hospital","PM2.5","Mitchell",35.9124870008966,-82.062082
"6141",2024-05-13,36,"Spruce Pine Hospital","PM2.5","Mitchell",35.9124870008966,-82.062082
"6142",2024-05-14,12,"Spruce Pine Hospital","PM2.5","Mitchell",35.9124870008966,-82.062082
"6143",2024-05-15,9,"Spruce Pine Hospital","PM2.5","Mitchell",35.9124870008966,-82.062082
"6144",2024-05-16,11,"Spruce Pine Hospital","PM2.5","Mitchell",35.9124870008966,-82.062082
"6145",2024-05-17,28,"Spruce Pine Hospital","PM2.5","Mitchell",35.9124870008966,-82.062082
"6146",2024-05-18,18,"Spruce Pine Hospital","PM2.5","Mitchell",35.9124870008966,-82.062082
"6147",2024-05-19,6,"Spruce Pine Hospital","PM2.5","Mitchell",35.9124870008966,-82.062082
"6148",2024-05-20,21,"Spruce Pine Hospital","PM2.5","Mitchell",35.9124870008966,-82.062082
"6149",2024-05-21,34,"Spruce Pine Hospital","PM2.5","Mitchell",35.9124870008966,-82.062082
"6150",2024-05-22,42,"Spruce Pine Hospital","PM2.5","Mitchell",35.9124870008966,-82.062082
"6151",2024-05-23,37,"Spruce Pine Hospital","PM2.5","Mitchell",35.9124870008966,-82.062082
"6152",2024-05-24,24,"Spruce Pine Hospital","PM2.5","Mitchell",35.9124870008966,-82.062082
"6153",2024-05-25,26,"Spruce Pine Hospital","PM2.5","Mitchell",35.9124870008966,-82.062082
"6154",2024-05-26,24,"Spruce Pine Hospital","PM2.5","Mitchell",35.9124870008966,-82.062082
"6155",2024-05-27,24,"Spruce Pine Hospital","PM2.5","Mitchell",35.9124870008966,-82.062082
"6156",2024-05-28,19,"Spruce Pine Hospital","PM2.5","Mitchell",35.9124870008966,-82.062082
"6157",2024-05-29,20,"Spruce Pine Hospital","PM2.5","Mitchell",35.9124870008966,-82.062082
"6158",2024-05-30,13,"Spruce Pine Hospital","PM2.5","Mitchell",35.9124870008966,-82.062082
"6159",2024-05-31,31,"Spruce Pine Hospital","PM2.5","Mitchell",35.9124870008966,-82.062082
"6160",2024-06-01,34,"Spruce Pine Hospital","PM2.5","Mitchell",35.9124870008966,-82.062082
"6161",2024-06-02,32,"Spruce Pine Hospital","PM2.5","Mitchell",35.9124870008966,-82.062082
"6162",2024-06-03,32,"Spruce Pine Hospital","PM2.5","Mitchell",35.9124870008966,-82.062082
"6163",2024-06-04,31,"Spruce Pine Hospital","PM2.5","Mitchell",35.9124870008966,-82.062082
"6164",2024-06-05,22,"Spruce Pine Hospital","PM2.5","Mitchell",35.9124870008966,-82.062082
"6165",2024-06-06,26,"Spruce Pine Hospital","PM2.5","Mitchell",35.9124870008966,-82.062082
"6166",2024-06-07,24,"Spruce Pine Hospital","PM2.5","Mitchell",35.9124870008966,-82.062082
"6167",2024-06-08,25,"Spruce Pine Hospital","PM2.5","Mitchell",35.9124870008966,-82.062082
"6168",2024-06-09,32,"Spruce Pine Hospital","PM2.5","Mitchell",35.9124870008966,-82.062082
"6169",2024-06-10,19,"Spruce Pine Hospital","PM2.5","Mitchell",35.9124870008966,-82.062082
"6170",2024-06-11,27,"Spruce Pine Hospital","PM2.5","Mitchell",35.9124870008966,-82.062082
"6171",2024-06-12,50,"Spruce Pine Hospital","PM2.5","Mitchell",35.9124870008966,-82.062082
"6172",2024-06-13,52,"Spruce Pine Hospital","PM2.5","Mitchell",35.9124870008966,-82.062082
"6173",2024-06-14,53,"Spruce Pine Hospital","PM2.5","Mitchell",35.9124870008966,-82.062082
"6174",2024-06-15,54,"Spruce Pine Hospital","PM2.5","Mitchell",35.9124870008966,-82.062082
"6175",2024-06-16,58,"Spruce Pine Hospital","PM2.5","Mitchell",35.9124870008966,-82.062082
"6176",2024-06-17,63,"Spruce Pine Hospital","PM2.5","Mitchell",35.9124870008966,-82.062082
"6177",2024-06-18,57,"Spruce Pine Hospital","PM2.5","Mitchell",35.9124870008966,-82.062082
"6178",2024-06-19,42,"Spruce Pine Hospital","PM2.5","Mitchell",35.9124870008966,-82.062082
"6179",2024-06-20,37,"Spruce Pine Hospital","PM2.5","Mitchell",35.9124870008966,-82.062082
"6180",2024-06-21,42,"Spruce Pine Hospital","PM2.5","Mitchell",35.9124870008966,-82.062082
"6181",2024-06-22,41,"Spruce Pine Hospital","PM2.5","Mitchell",35.9124870008966,-82.062082
"6182",2024-06-23,47,"Spruce Pine Hospital","PM2.5","Mitchell",35.9124870008966,-82.062082
"6183",2024-06-24,28,"Spruce Pine Hospital","PM2.5","Mitchell",35.9124870008966,-82.062082
"6184",2024-06-25,23,"Spruce Pine Hospital","PM2.5","Mitchell",35.9124870008966,-82.062082
"6185",2024-06-26,33,"Spruce Pine Hospital","PM2.5","Mitchell",35.9124870008966,-82.062082
"6186",2024-06-27,44,"Spruce Pine Hospital","PM2.5","Mitchell",35.9124870008966,-82.062082
"6187",2024-06-28,55,"Spruce Pine Hospital","PM2.5","Mitchell",35.9124870008966,-82.062082
"6188",2024-06-29,38,"Spruce Pine Hospital","PM2.5","Mitchell",35.9124870008966,-82.062082
"6189",2024-06-30,31,"Spruce Pine Hospital","PM2.5","Mitchell",35.9124870008966,-82.062082
"6190",2024-07-01,14,"Spruce Pine Hospital","PM2.5","Mitchell",35.9124870008966,-82.062082
"6191",2024-07-02,27,"Spruce Pine Hospital","PM2.5","Mitchell",35.9124870008966,-82.062082
"6192",2024-07-03,40,"Spruce Pine Hospital","PM2.5","Mitchell",35.9124870008966,-82.062082
"6193",2024-07-04,48,"Spruce Pine Hospital","PM2.5","Mitchell",35.9124870008966,-82.062082
"6194",2024-07-05,31,"Spruce Pine Hospital","PM2.5","Mitchell",35.9124870008966,-82.062082
"6195",2024-07-06,31,"Spruce Pine Hospital","PM2.5","Mitchell",35.9124870008966,-82.062082
"6196",2024-07-07,22,"Spruce Pine Hospital","PM2.5","Mitchell",35.9124870008966,-82.062082
"6197",2024-07-08,32,"Spruce Pine Hospital","PM2.5","Mitchell",35.9124870008966,-82.062082
"6198",2024-07-09,36,"Spruce Pine Hospital","PM2.5","Mitchell",35.9124870008966,-82.062082
"6199",2024-07-10,15,"Spruce Pine Hospital","PM2.5","Mitchell",35.9124870008966,-82.062082
"6200",2024-07-11,22,"Spruce Pine Hospital","PM2.5","Mitchell",35.9124870008966,-82.062082
"6201",2024-07-12,30,"Spruce Pine Hospital","PM2.5","Mitchell",35.9124870008966,-82.062082
"6202",2024-07-13,32,"Spruce Pine Hospital","PM2.5","Mitchell",35.9124870008966,-82.062082
"6203",2024-07-14,40,"Spruce Pine Hospital","PM2.5","Mitchell",35.9124870008966,-82.062082
"6204",2024-07-15,52,"Spruce Pine Hospital","PM2.5","Mitchell",35.9124870008966,-82.062082
"6205",2024-07-16,34,"Spruce Pine Hospital","PM2.5","Mitchell",35.9124870008966,-82.062082
"6206",2024-07-17,37,"Spruce Pine Hospital","PM2.5","Mitchell",35.9124870008966,-82.062082
"6207",2024-07-18,23,"Spruce Pine Hospital","PM2.5","Mitchell",35.9124870008966,-82.062082
"6208",2024-07-19,32,"Spruce Pine Hospital","PM2.5","Mitchell",35.9124870008966,-82.062082
"6209",2024-07-20,13,"Spruce Pine Hospital","PM2.5","Mitchell",35.9124870008966,-82.062082
"6210",2024-07-21,16,"Spruce Pine Hospital","PM2.5","Mitchell",35.9124870008966,-82.062082
"6211",2024-07-22,14,"Spruce Pine Hospital","PM2.5","Mitchell",35.9124870008966,-82.062082
"6212",2024-07-23,20,"Spruce Pine Hospital","PM2.5","Mitchell",35.9124870008966,-82.062082
"6213",2024-07-24,21,"Spruce Pine Hospital","PM2.5","Mitchell",35.9124870008966,-82.062082
"6214",2024-07-25,18,"Spruce Pine Hospital","PM2.5","Mitchell",35.9124870008966,-82.062082
"6215",2024-07-26,53,"Spruce Pine Hospital","PM2.5","Mitchell",35.9124870008966,-82.062082
"6216",2024-07-27,53,"Spruce Pine Hospital","PM2.5","Mitchell",35.9124870008966,-82.062082
"6217",2024-07-28,55,"Spruce Pine Hospital","PM2.5","Mitchell",35.9124870008966,-82.062082
"6218",2024-07-29,24,"Spruce Pine Hospital","PM2.5","Mitchell",35.9124870008966,-82.062082
"6219",2024-07-30,19,"Spruce Pine Hospital","PM2.5","Mitchell",35.9124870008966,-82.062082
"6220",2024-07-31,22,"Spruce Pine Hospital","PM2.5","Mitchell",35.9124870008966,-82.062082
"6221",2024-08-01,30,"Spruce Pine Hospital","PM2.5","Mitchell",35.9124870008966,-82.062082
"6222",2024-08-02,54,"Spruce Pine Hospital","PM2.5","Mitchell",35.9124870008966,-82.062082
"6223",2024-08-03,28,"Spruce Pine Hospital","PM2.5","Mitchell",35.9124870008966,-82.062082
"6224",2024-08-04,29,"Spruce Pine Hospital","PM2.5","Mitchell",35.9124870008966,-82.062082
"6225",2024-08-05,31,"Spruce Pine Hospital","PM2.5","Mitchell",35.9124870008966,-82.062082
"6226",2024-08-06,26,"Spruce Pine Hospital","PM2.5","Mitchell",35.9124870008966,-82.062082
"6227",2024-08-07,13,"Spruce Pine Hospital","PM2.5","Mitchell",35.9124870008966,-82.062082
"6228",2024-08-08,11,"Spruce Pine Hospital","PM2.5","Mitchell",35.9124870008966,-82.062082
"6229",2024-08-09,32,"Spruce Pine Hospital","PM2.5","Mitchell",35.9124870008966,-82.062082
"6230",2024-08-10,47,"Spruce Pine Hospital","PM2.5","Mitchell",35.9124870008966,-82.062082
"6231",2024-08-11,43,"Spruce Pine Hospital","PM2.5","Mitchell",35.9124870008966,-82.062082
"6232",2024-08-12,33,"Spruce Pine Hospital","PM2.5","Mitchell",35.9124870008966,-82.062082
"6233",2024-08-13,37,"Spruce Pine Hospital","PM2.5","Mitchell",35.9124870008966,-82.062082
"6234",2024-08-14,39,"Spruce Pine Hospital","PM2.5","Mitchell",35.9124870008966,-82.062082
"6235",2024-08-15,42,"Spruce Pine Hospital","PM2.5","Mitchell",35.9124870008966,-82.062082
"6236",2024-08-16,39,"Spruce Pine Hospital","PM2.5","Mitchell",35.9124870008966,-82.062082
"6237",2024-08-17,24,"Spruce Pine Hospital","PM2.5","Mitchell",35.9124870008966,-82.062082
"6238",2024-08-18,27,"Spruce Pine Hospital","PM2.5","Mitchell",35.9124870008966,-82.062082
"6239",2024-08-19,12,"Spruce Pine Hospital","PM2.5","Mitchell",35.9124870008966,-82.062082
"6240",2024-08-20,36,"Spruce Pine Hospital","PM2.5","Mitchell",35.9124870008966,-82.062082
"6241",2024-08-21,37,"Spruce Pine Hospital","PM2.5","Mitchell",35.9124870008966,-82.062082
"6242",2024-08-22,42,"Spruce Pine Hospital","PM2.5","Mitchell",35.9124870008966,-82.062082
"6243",2024-08-23,40,"Spruce Pine Hospital","PM2.5","Mitchell",35.9124870008966,-82.062082
"6244",2024-08-24,44,"Spruce Pine Hospital","PM2.5","Mitchell",35.9124870008966,-82.062082
"6245",2024-08-25,44,"Spruce Pine Hospital","PM2.5","Mitchell",35.9124870008966,-82.062082
"6246",2024-08-26,53,"Spruce Pine Hospital","PM2.5","Mitchell",35.9124870008966,-82.062082
"6247",2024-08-27,55,"Spruce Pine Hospital","PM2.5","Mitchell",35.9124870008966,-82.062082
"6248",2024-08-28,53,"Spruce Pine Hospital","PM2.5","Mitchell",35.9124870008966,-82.062082
"6249",2024-08-29,53,"Spruce Pine Hospital","PM2.5","Mitchell",35.9124870008966,-82.062082
"6250",2024-08-30,39,"Spruce Pine Hospital","PM2.5","Mitchell",35.9124870008966,-82.062082
"6251",2024-08-31,39,"Spruce Pine Hospital","PM2.5","Mitchell",35.9124870008966,-82.062082
"6252",2024-09-01,26,"Spruce Pine Hospital","PM2.5","Mitchell",35.9124870008966,-82.062082
"6253",2024-09-02,18,"Spruce Pine Hospital","PM2.5","Mitchell",35.9124870008966,-82.062082
"6254",2024-09-12,44,"Spruce Pine Hospital","PM2.5","Mitchell",35.9124870008966,-82.062082
"6255",2024-09-13,28,"Spruce Pine Hospital","PM2.5","Mitchell",35.9124870008966,-82.062082
"6256",2024-09-14,23,"Spruce Pine Hospital","PM2.5","Mitchell",35.9124870008966,-82.062082
"6257",2024-09-15,29,"Spruce Pine Hospital","PM2.5","Mitchell",35.9124870008966,-82.062082
"6258",2024-09-16,33,"Spruce Pine Hospital","PM2.5","Mitchell",35.9124870008966,-82.062082
"6259",2024-09-17,15,"Spruce Pine Hospital","PM2.5","Mitchell",35.9124870008966,-82.062082
"6260",2024-09-18,27,"Spruce Pine Hospital","PM2.5","Mitchell",35.9124870008966,-82.062082
"6261",2024-09-19,26,"Spruce Pine Hospital","PM2.5","Mitchell",35.9124870008966,-82.062082
"6262",2024-09-20,33,"Spruce Pine Hospital","PM2.5","Mitchell",35.9124870008966,-82.062082
"6263",2024-09-21,32,"Spruce Pine Hospital","PM2.5","Mitchell",35.9124870008966,-82.062082
"6264",2024-09-22,34,"Spruce Pine Hospital","PM2.5","Mitchell",35.9124870008966,-82.062082
"6265",2024-09-23,51,"Spruce Pine Hospital","PM2.5","Mitchell",35.9124870008966,-82.062082
"6266",2024-09-24,40,"Spruce Pine Hospital","PM2.5","Mitchell",35.9124870008966,-82.062082
"6267",2024-09-25,31,"Spruce Pine Hospital","PM2.5","Mitchell",35.9124870008966,-82.062082
"6268",2024-09-26,8,"Spruce Pine Hospital","PM2.5","Mitchell",35.9124870008966,-82.062082
"6269",2024-10-08,43,"Spruce Pine Hospital","PM2.5","Mitchell",35.9124870008966,-82.062082
"6270",2024-10-09,29,"Spruce Pine Hospital","PM2.5","Mitchell",35.9124870008966,-82.062082
"6271",2024-10-10,27,"Spruce Pine Hospital","PM2.5","Mitchell",35.9124870008966,-82.062082
"6272",2024-10-11,30,"Spruce Pine Hospital","PM2.5","Mitchell",35.9124870008966,-82.062082
"6273",2024-10-12,36,"Spruce Pine Hospital","PM2.5","Mitchell",35.9124870008966,-82.062082
"6274",2024-10-13,50,"Spruce Pine Hospital","PM2.5","Mitchell",35.9124870008966,-82.062082
"6275",2024-10-14,34,"Spruce Pine Hospital","PM2.5","Mitchell",35.9124870008966,-82.062082
"6276",2024-10-15,23,"Spruce Pine Hospital","PM2.5","Mitchell",35.9124870008966,-82.062082
"6277",2024-10-16,19,"Spruce Pine Hospital","PM2.5","Mitchell",35.9124870008966,-82.062082
"6278",2024-10-17,27,"Spruce Pine Hospital","PM2.5","Mitchell",35.9124870008966,-82.062082
"6279",2024-10-18,41,"Spruce Pine Hospital","PM2.5","Mitchell",35.9124870008966,-82.062082
"6280",2024-10-19,53,"Spruce Pine Hospital","PM2.5","Mitchell",35.9124870008966,-82.062082
"6281",2024-10-20,43,"Spruce Pine Hospital","PM2.5","Mitchell",35.9124870008966,-82.062082
"6282",2024-10-23,52,"Spruce Pine Hospital","PM2.5","Mitchell",35.9124870008966,-82.062082
"6283",2024-10-24,42,"Spruce Pine Hospital","PM2.5","Mitchell",35.9124870008966,-82.062082
"6284",2024-10-25,48,"Spruce Pine Hospital","PM2.5","Mitchell",35.9124870008966,-82.062082
"6285",2024-10-26,53,"Spruce Pine Hospital","PM2.5","Mitchell",35.9124870008966,-82.062082
"6286",2024-10-27,37,"Spruce Pine Hospital","PM2.5","Mitchell",35.9124870008966,-82.062082
"6287",2024-10-28,43,"Spruce Pine Hospital","PM2.5","Mitchell",35.9124870008966,-82.062082
"6288",2024-10-29,47,"Spruce Pine Hospital","PM2.5","Mitchell",35.9124870008966,-82.062082
"6289",2024-10-30,42,"Spruce Pine Hospital","PM2.5","Mitchell",35.9124870008966,-82.062082
"6290",2024-10-31,39,"Spruce Pine Hospital","PM2.5","Mitchell",35.9124870008966,-82.062082
"6291",2024-11-01,33,"Spruce Pine Hospital","PM2.5","Mitchell",35.9124870008966,-82.062082
"6292",2024-11-02,36,"Spruce Pine Hospital","PM2.5","Mitchell",35.9124870008966,-82.062082
"6293",2024-11-03,38,"Spruce Pine Hospital","PM2.5","Mitchell",35.9124870008966,-82.062082
"6294",2024-11-04,34,"Spruce Pine Hospital","PM2.5","Mitchell",35.9124870008966,-82.062082
"6295",2024-11-05,18,"Spruce Pine Hospital","PM2.5","Mitchell",35.9124870008966,-82.062082
"6296",2024-11-06,31,"Spruce Pine Hospital","PM2.5","Mitchell",35.9124870008966,-82.062082
"6297",2024-11-07,32,"Spruce Pine Hospital","PM2.5","Mitchell",35.9124870008966,-82.062082
"6298",2024-11-08,31,"Spruce Pine Hospital","PM2.5","Mitchell",35.9124870008966,-82.062082
"6299",2024-11-09,21,"Spruce Pine Hospital","PM2.5","Mitchell",35.9124870008966,-82.062082
"6300",2024-11-10,34,"Spruce Pine Hospital","PM2.5","Mitchell",35.9124870008966,-82.062082
"6301",2024-11-11,23,"Spruce Pine Hospital","PM2.5","Mitchell",35.9124870008966,-82.062082
"6302",2024-11-12,20,"Spruce Pine Hospital","PM2.5","Mitchell",35.9124870008966,-82.062082
"6303",2024-11-13,22,"Spruce Pine Hospital","PM2.5","Mitchell",35.9124870008966,-82.062082
"6304",2024-11-14,39,"Spruce Pine Hospital","PM2.5","Mitchell",35.9124870008966,-82.062082
"6305",2024-11-15,13,"Spruce Pine Hospital","PM2.5","Mitchell",35.9124870008966,-82.062082
"6306",2024-11-16,39,"Spruce Pine Hospital","PM2.5","Mitchell",35.9124870008966,-82.062082
"6307",2024-11-17,53,"Spruce Pine Hospital","PM2.5","Mitchell",35.9124870008966,-82.062082
"6308",2024-11-18,55,"Spruce Pine Hospital","PM2.5","Mitchell",35.9124870008966,-82.062082
"6309",2024-11-19,61,"Spruce Pine Hospital","PM2.5","Mitchell",35.9124870008966,-82.062082
"6310",2024-11-20,42,"Spruce Pine Hospital","PM2.5","Mitchell",35.9124870008966,-82.062082
"6311",2024-11-21,14,"Spruce Pine Hospital","PM2.5","Mitchell",35.9124870008966,-82.062082
"6312",2024-11-22,16,"Spruce Pine Hospital","PM2.5","Mitchell",35.9124870008966,-82.062082
"6313",2024-11-23,12,"Spruce Pine Hospital","PM2.5","Mitchell",35.9124870008966,-82.062082
"6314",2024-11-24,24,"Spruce Pine Hospital","PM2.5","Mitchell",35.9124870008966,-82.062082
"6315",2024-11-25,51,"Spruce Pine Hospital","PM2.5","Mitchell",35.9124870008966,-82.062082
"6316",2024-11-26,47,"Spruce Pine Hospital","PM2.5","Mitchell",35.9124870008966,-82.062082
"6317",2024-11-27,47,"Spruce Pine Hospital","PM2.5","Mitchell",35.9124870008966,-82.062082
"6318",2024-11-28,34,"Spruce Pine Hospital","PM2.5","Mitchell",35.9124870008966,-82.062082
"6319",2024-11-29,31,"Spruce Pine Hospital","PM2.5","Mitchell",35.9124870008966,-82.062082
"6320",2024-11-30,18,"Spruce Pine Hospital","PM2.5","Mitchell",35.9124870008966,-82.062082
"6321",2024-12-01,28,"Spruce Pine Hospital","PM2.5","Mitchell",35.9124870008966,-82.062082
"6322",2024-12-02,24,"Spruce Pine Hospital","PM2.5","Mitchell",35.9124870008966,-82.062082
"6323",2024-12-03,23,"Spruce Pine Hospital","PM2.5","Mitchell",35.9124870008966,-82.062082
"6324",2024-12-04,51,"Spruce Pine Hospital","PM2.5","Mitchell",35.9124870008966,-82.062082
"6325",2024-12-05,33,"Spruce Pine Hospital","PM2.5","Mitchell",35.9124870008966,-82.062082
"6326",2024-12-06,20,"Spruce Pine Hospital","PM2.5","Mitchell",35.9124870008966,-82.062082
"6327",2024-12-07,22,"Spruce Pine Hospital","PM2.5","Mitchell",35.9124870008966,-82.062082
"6328",2024-12-08,24,"Spruce Pine Hospital","PM2.5","Mitchell",35.9124870008966,-82.062082
"6329",2024-12-09,51,"Spruce Pine Hospital","PM2.5","Mitchell",35.9124870008966,-82.062082
"6330",2024-12-10,93,"Spruce Pine Hospital","PM2.5","Mitchell",35.9124870008966,-82.062082
"6331",2024-12-11,17,"Spruce Pine Hospital","PM2.5","Mitchell",35.9124870008966,-82.062082
"6332",2024-12-12,31,"Spruce Pine Hospital","PM2.5","Mitchell",35.9124870008966,-82.062082
"6333",2024-12-13,54,"Spruce Pine Hospital","PM2.5","Mitchell",35.9124870008966,-82.062082
"6334",2024-12-14,55,"Spruce Pine Hospital","PM2.5","Mitchell",35.9124870008966,-82.062082
"6335",2024-12-15,28,"Spruce Pine Hospital","PM2.5","Mitchell",35.9124870008966,-82.062082
"6336",2024-12-16,39,"Spruce Pine Hospital","PM2.5","Mitchell",35.9124870008966,-82.062082
"6337",2024-12-17,45,"Spruce Pine Hospital","PM2.5","Mitchell",35.9124870008966,-82.062082
"6338",2024-12-18,24,"Spruce Pine Hospital","PM2.5","Mitchell",35.9124870008966,-82.062082
"6339",2024-12-19,19,"Spruce Pine Hospital","PM2.5","Mitchell",35.9124870008966,-82.062082
"6340",2024-12-20,27,"Spruce Pine Hospital","PM2.5","Mitchell",35.9124870008966,-82.062082
"6341",2024-12-21,18,"Spruce Pine Hospital","PM2.5","Mitchell",35.9124870008966,-82.062082
"6342",2024-12-22,26,"Spruce Pine Hospital","PM2.5","Mitchell",35.9124870008966,-82.062082
"6343",2024-12-23,54,"Spruce Pine Hospital","PM2.5","Mitchell",35.9124870008966,-82.062082
"6344",2024-12-24,54,"Spruce Pine Hospital","PM2.5","Mitchell",35.9124870008966,-82.062082
"6345",2024-12-25,54,"Spruce Pine Hospital","PM2.5","Mitchell",35.9124870008966,-82.062082
"6346",2024-12-26,57,"Spruce Pine Hospital","PM2.5","Mitchell",35.9124870008966,-82.062082
"6347",2024-12-27,52,"Spruce Pine Hospital","PM2.5","Mitchell",35.9124870008966,-82.062082
"6348",2024-12-28,18,"Spruce Pine Hospital","PM2.5","Mitchell",35.9124870008966,-82.062082
"6349",2024-12-29,7,"Spruce Pine Hospital","PM2.5","Mitchell",35.9124870008966,-82.062082
"6350",2024-12-30,31,"Spruce Pine Hospital","PM2.5","Mitchell",35.9124870008966,-82.062082
"6351",2024-12-31,39,"Spruce Pine Hospital","PM2.5","Mitchell",35.9124870008966,-82.062082
"6352",2024-01-01,28,"Candor: EPA CASTNet Site","PM2.5","Montgomery",35.2631650008898,-79.836636
"6353",2024-01-02,14,"Candor: EPA CASTNet Site","PM2.5","Montgomery",35.2631650008898,-79.836636
"6354",2024-01-03,43,"Candor: EPA CASTNet Site","PM2.5","Montgomery",35.2631650008898,-79.836636
"6355",2024-01-04,26,"Candor: EPA CASTNet Site","PM2.5","Montgomery",35.2631650008898,-79.836636
"6356",2024-01-05,44,"Candor: EPA CASTNet Site","PM2.5","Montgomery",35.2631650008898,-79.836636
"6357",2024-01-06,19,"Candor: EPA CASTNet Site","PM2.5","Montgomery",35.2631650008898,-79.836636
"6358",2024-01-07,8,"Candor: EPA CASTNet Site","PM2.5","Montgomery",35.2631650008898,-79.836636
"6359",2024-01-08,19,"Candor: EPA CASTNet Site","PM2.5","Montgomery",35.2631650008898,-79.836636
"6360",2024-01-09,26,"Candor: EPA CASTNet Site","PM2.5","Montgomery",35.2631650008898,-79.836636
"6361",2024-01-10,2,"Candor: EPA CASTNet Site","PM2.5","Montgomery",35.2631650008898,-79.836636
"6362",2024-01-11,20,"Candor: EPA CASTNet Site","PM2.5","Montgomery",35.2631650008898,-79.836636
"6363",2024-01-12,38,"Candor: EPA CASTNet Site","PM2.5","Montgomery",35.2631650008898,-79.836636
"6364",2024-01-13,3,"Candor: EPA CASTNet Site","PM2.5","Montgomery",35.2631650008898,-79.836636
"6365",2024-01-14,18,"Candor: EPA CASTNet Site","PM2.5","Montgomery",35.2631650008898,-79.836636
"6366",2024-01-15,31,"Candor: EPA CASTNet Site","PM2.5","Montgomery",35.2631650008898,-79.836636
"6367",2024-01-16,25,"Candor: EPA CASTNet Site","PM2.5","Montgomery",35.2631650008898,-79.836636
"6368",2024-01-17,12,"Candor: EPA CASTNet Site","PM2.5","Montgomery",35.2631650008898,-79.836636
"6369",2024-01-18,18,"Candor: EPA CASTNet Site","PM2.5","Montgomery",35.2631650008898,-79.836636
"6370",2024-01-19,22,"Candor: EPA CASTNet Site","PM2.5","Montgomery",35.2631650008898,-79.836636
"6371",2024-01-20,12,"Candor: EPA CASTNet Site","PM2.5","Montgomery",35.2631650008898,-79.836636
"6372",2024-01-21,13,"Candor: EPA CASTNet Site","PM2.5","Montgomery",35.2631650008898,-79.836636
"6373",2024-01-22,28,"Candor: EPA CASTNet Site","PM2.5","Montgomery",35.2631650008898,-79.836636
"6374",2024-01-23,57,"Candor: EPA CASTNet Site","PM2.5","Montgomery",35.2631650008898,-79.836636
"6375",2024-01-24,52,"Candor: EPA CASTNet Site","PM2.5","Montgomery",35.2631650008898,-79.836636
"6376",2024-01-25,14,"Candor: EPA CASTNet Site","PM2.5","Montgomery",35.2631650008898,-79.836636
"6377",2024-01-26,26,"Candor: EPA CASTNet Site","PM2.5","Montgomery",35.2631650008898,-79.836636
"6378",2024-01-27,42,"Candor: EPA CASTNet Site","PM2.5","Montgomery",35.2631650008898,-79.836636
"6379",2024-01-28,0,"Candor: EPA CASTNet Site","PM2.5","Montgomery",35.2631650008898,-79.836636
"6380",2024-01-29,0,"Candor: EPA CASTNet Site","PM2.5","Montgomery",35.2631650008898,-79.836636
"6381",2024-01-30,24,"Candor: EPA CASTNet Site","PM2.5","Montgomery",35.2631650008898,-79.836636
"6382",2024-01-31,42,"Candor: EPA CASTNet Site","PM2.5","Montgomery",35.2631650008898,-79.836636
"6383",2024-02-01,27,"Candor: EPA CASTNet Site","PM2.5","Montgomery",35.2631650008898,-79.836636
"6384",2024-02-02,46,"Candor: EPA CASTNet Site","PM2.5","Montgomery",35.2631650008898,-79.836636
"6385",2024-02-03,13,"Candor: EPA CASTNet Site","PM2.5","Montgomery",35.2631650008898,-79.836636
"6386",2024-02-15,55,"Candor: EPA CASTNet Site","PM2.5","Montgomery",35.2631650008898,-79.836636
"6387",2024-02-16,52,"Candor: EPA CASTNet Site","PM2.5","Montgomery",35.2631650008898,-79.836636
"6388",2024-02-17,36,"Candor: EPA CASTNet Site","PM2.5","Montgomery",35.2631650008898,-79.836636
"6389",2024-02-18,21,"Candor: EPA CASTNet Site","PM2.5","Montgomery",35.2631650008898,-79.836636
"6390",2024-02-19,25,"Candor: EPA CASTNet Site","PM2.5","Montgomery",35.2631650008898,-79.836636
"6391",2024-02-20,56,"Candor: EPA CASTNet Site","PM2.5","Montgomery",35.2631650008898,-79.836636
"6392",2024-02-21,55,"Candor: EPA CASTNet Site","PM2.5","Montgomery",35.2631650008898,-79.836636
"6393",2024-02-22,83,"Candor: EPA CASTNet Site","PM2.5","Montgomery",35.2631650008898,-79.836636
"6394",2024-02-23,63,"Candor: EPA CASTNet Site","PM2.5","Montgomery",35.2631650008898,-79.836636
"6395",2024-02-24,29,"Candor: EPA CASTNet Site","PM2.5","Montgomery",35.2631650008898,-79.836636
"6396",2024-02-25,17,"Candor: EPA CASTNet Site","PM2.5","Montgomery",35.2631650008898,-79.836636
"6397",2024-02-26,64,"Candor: EPA CASTNet Site","PM2.5","Montgomery",35.2631650008898,-79.836636
"6398",2024-02-27,56,"Candor: EPA CASTNet Site","PM2.5","Montgomery",35.2631650008898,-79.836636
"6399",2024-02-28,52,"Candor: EPA CASTNet Site","PM2.5","Montgomery",35.2631650008898,-79.836636
"6400",2024-02-29,2,"Candor: EPA CASTNet Site","PM2.5","Montgomery",35.2631650008898,-79.836636
"6401",2024-03-01,34,"Candor: EPA CASTNet Site","PM2.5","Montgomery",35.2631650008898,-79.836636
"6402",2024-03-02,19,"Candor: EPA CASTNet Site","PM2.5","Montgomery",35.2631650008898,-79.836636
"6403",2024-03-03,40,"Candor: EPA CASTNet Site","PM2.5","Montgomery",35.2631650008898,-79.836636
"6404",2024-03-04,39,"Candor: EPA CASTNet Site","PM2.5","Montgomery",35.2631650008898,-79.836636
"6405",2024-03-05,33,"Candor: EPA CASTNet Site","PM2.5","Montgomery",35.2631650008898,-79.836636
"6406",2024-03-06,51,"Candor: EPA CASTNet Site","PM2.5","Montgomery",35.2631650008898,-79.836636
"6407",2024-03-07,17,"Candor: EPA CASTNet Site","PM2.5","Montgomery",35.2631650008898,-79.836636
"6408",2024-03-08,33,"Candor: EPA CASTNet Site","PM2.5","Montgomery",35.2631650008898,-79.836636
"6409",2024-03-09,14,"Candor: EPA CASTNet Site","PM2.5","Montgomery",35.2631650008898,-79.836636
"6410",2024-03-10,4,"Candor: EPA CASTNet Site","PM2.5","Montgomery",35.2631650008898,-79.836636
"6411",2024-03-11,13,"Candor: EPA CASTNet Site","PM2.5","Montgomery",35.2631650008898,-79.836636
"6412",2024-03-12,37,"Candor: EPA CASTNet Site","PM2.5","Montgomery",35.2631650008898,-79.836636
"6413",2024-03-13,56,"Candor: EPA CASTNet Site","PM2.5","Montgomery",35.2631650008898,-79.836636
"6414",2024-03-14,74,"Candor: EPA CASTNet Site","PM2.5","Montgomery",35.2631650008898,-79.836636
"6415",2024-03-15,81,"Candor: EPA CASTNet Site","PM2.5","Montgomery",35.2631650008898,-79.836636
"6416",2024-03-16,53,"Candor: EPA CASTNet Site","PM2.5","Montgomery",35.2631650008898,-79.836636
"6417",2024-03-17,52,"Candor: EPA CASTNet Site","PM2.5","Montgomery",35.2631650008898,-79.836636
"6418",2024-03-18,24,"Candor: EPA CASTNet Site","PM2.5","Montgomery",35.2631650008898,-79.836636
"6419",2024-03-19,31,"Candor: EPA CASTNet Site","PM2.5","Montgomery",35.2631650008898,-79.836636
"6420",2024-03-20,61,"Candor: EPA CASTNet Site","PM2.5","Montgomery",35.2631650008898,-79.836636
"6421",2024-03-21,50,"Candor: EPA CASTNet Site","PM2.5","Montgomery",35.2631650008898,-79.836636
"6422",2024-03-22,64,"Candor: EPA CASTNet Site","PM2.5","Montgomery",35.2631650008898,-79.836636
"6423",2024-03-23,8,"Candor: EPA CASTNet Site","PM2.5","Montgomery",35.2631650008898,-79.836636
"6424",2024-03-24,13,"Candor: EPA CASTNet Site","PM2.5","Montgomery",35.2631650008898,-79.836636
"6425",2024-03-25,46,"Candor: EPA CASTNet Site","PM2.5","Montgomery",35.2631650008898,-79.836636
"6426",2024-03-26,63,"Candor: EPA CASTNet Site","PM2.5","Montgomery",35.2631650008898,-79.836636
"6427",2024-03-27,24,"Candor: EPA CASTNet Site","PM2.5","Montgomery",35.2631650008898,-79.836636
"6428",2024-03-28,17,"Candor: EPA CASTNet Site","PM2.5","Montgomery",35.2631650008898,-79.836636
"6429",2024-03-29,27,"Candor: EPA CASTNet Site","PM2.5","Montgomery",35.2631650008898,-79.836636
"6430",2024-03-30,59,"Candor: EPA CASTNet Site","PM2.5","Montgomery",35.2631650008898,-79.836636
"6431",2024-03-31,60,"Candor: EPA CASTNet Site","PM2.5","Montgomery",35.2631650008898,-79.836636
"6432",2024-04-01,55,"Candor: EPA CASTNet Site","PM2.5","Montgomery",35.2631650008898,-79.836636
"6433",2024-04-02,77,"Candor: EPA CASTNet Site","PM2.5","Montgomery",35.2631650008898,-79.836636
"6434",2024-04-03,30,"Candor: EPA CASTNet Site","PM2.5","Montgomery",35.2631650008898,-79.836636
"6435",2024-04-04,9,"Candor: EPA CASTNet Site","PM2.5","Montgomery",35.2631650008898,-79.836636
"6436",2024-04-05,14,"Candor: EPA CASTNet Site","PM2.5","Montgomery",35.2631650008898,-79.836636
"6437",2024-04-06,8,"Candor: EPA CASTNet Site","PM2.5","Montgomery",35.2631650008898,-79.836636
"6438",2024-04-07,21,"Candor: EPA CASTNet Site","PM2.5","Montgomery",35.2631650008898,-79.836636
"6439",2024-04-08,55,"Candor: EPA CASTNet Site","PM2.5","Montgomery",35.2631650008898,-79.836636
"6440",2024-04-09,53,"Candor: EPA CASTNet Site","PM2.5","Montgomery",35.2631650008898,-79.836636
"6441",2024-04-10,51,"Candor: EPA CASTNet Site","PM2.5","Montgomery",35.2631650008898,-79.836636
"6442",2024-04-11,23,"Candor: EPA CASTNet Site","PM2.5","Montgomery",35.2631650008898,-79.836636
"6443",2024-04-12,15,"Candor: EPA CASTNet Site","PM2.5","Montgomery",35.2631650008898,-79.836636
"6444",2024-04-13,19,"Candor: EPA CASTNet Site","PM2.5","Montgomery",35.2631650008898,-79.836636
"6445",2024-04-14,52,"Candor: EPA CASTNet Site","PM2.5","Montgomery",35.2631650008898,-79.836636
"6446",2024-04-15,57,"Candor: EPA CASTNet Site","PM2.5","Montgomery",35.2631650008898,-79.836636
"6447",2024-04-16,63,"Candor: EPA CASTNet Site","PM2.5","Montgomery",35.2631650008898,-79.836636
"6448",2024-04-17,61,"Candor: EPA CASTNet Site","PM2.5","Montgomery",35.2631650008898,-79.836636
"6449",2024-04-18,50,"Candor: EPA CASTNet Site","PM2.5","Montgomery",35.2631650008898,-79.836636
"6450",2024-04-19,64,"Candor: EPA CASTNet Site","PM2.5","Montgomery",35.2631650008898,-79.836636
"6451",2024-04-20,62,"Candor: EPA CASTNet Site","PM2.5","Montgomery",35.2631650008898,-79.836636
"6452",2024-04-21,19,"Candor: EPA CASTNet Site","PM2.5","Montgomery",35.2631650008898,-79.836636
"6453",2024-04-22,23,"Candor: EPA CASTNet Site","PM2.5","Montgomery",35.2631650008898,-79.836636
"6454",2024-04-23,34,"Candor: EPA CASTNet Site","PM2.5","Montgomery",35.2631650008898,-79.836636
"6455",2024-04-24,52,"Candor: EPA CASTNet Site","PM2.5","Montgomery",35.2631650008898,-79.836636
"6456",2024-04-25,63,"Candor: EPA CASTNet Site","PM2.5","Montgomery",35.2631650008898,-79.836636
"6457",2024-04-26,56,"Candor: EPA CASTNet Site","PM2.5","Montgomery",35.2631650008898,-79.836636
"6458",2024-04-27,46,"Candor: EPA CASTNet Site","PM2.5","Montgomery",35.2631650008898,-79.836636
"6459",2024-04-28,33,"Candor: EPA CASTNet Site","PM2.5","Montgomery",35.2631650008898,-79.836636
"6460",2024-04-29,39,"Candor: EPA CASTNet Site","PM2.5","Montgomery",35.2631650008898,-79.836636
"6461",2024-04-30,42,"Candor: EPA CASTNet Site","PM2.5","Montgomery",35.2631650008898,-79.836636
"6462",2024-05-01,51,"Candor: EPA CASTNet Site","PM2.5","Montgomery",35.2631650008898,-79.836636
"6463",2024-05-02,53,"Candor: EPA CASTNet Site","PM2.5","Montgomery",35.2631650008898,-79.836636
"6464",2024-05-03,55,"Candor: EPA CASTNet Site","PM2.5","Montgomery",35.2631650008898,-79.836636
"6465",2024-05-04,40,"Candor: EPA CASTNet Site","PM2.5","Montgomery",35.2631650008898,-79.836636
"6466",2024-05-05,22,"Candor: EPA CASTNet Site","PM2.5","Montgomery",35.2631650008898,-79.836636
"6467",2024-05-06,42,"Candor: EPA CASTNet Site","PM2.5","Montgomery",35.2631650008898,-79.836636
"6468",2024-05-07,52,"Candor: EPA CASTNet Site","PM2.5","Montgomery",35.2631650008898,-79.836636
"6469",2024-05-08,60,"Candor: EPA CASTNet Site","PM2.5","Montgomery",35.2631650008898,-79.836636
"6470",2024-05-09,25,"Candor: EPA CASTNet Site","PM2.5","Montgomery",35.2631650008898,-79.836636
"6471",2024-05-10,48,"Candor: EPA CASTNet Site","PM2.5","Montgomery",35.2631650008898,-79.836636
"6472",2024-05-11,22,"Candor: EPA CASTNet Site","PM2.5","Montgomery",35.2631650008898,-79.836636
"6473",2024-05-12,29,"Candor: EPA CASTNet Site","PM2.5","Montgomery",35.2631650008898,-79.836636
"6474",2024-05-13,48,"Candor: EPA CASTNet Site","PM2.5","Montgomery",35.2631650008898,-79.836636
"6475",2024-05-14,31,"Candor: EPA CASTNet Site","PM2.5","Montgomery",35.2631650008898,-79.836636
"6476",2024-05-15,24,"Candor: EPA CASTNet Site","PM2.5","Montgomery",35.2631650008898,-79.836636
"6477",2024-05-16,31,"Candor: EPA CASTNet Site","PM2.5","Montgomery",35.2631650008898,-79.836636
"6478",2024-05-17,47,"Candor: EPA CASTNet Site","PM2.5","Montgomery",35.2631650008898,-79.836636
"6479",2024-05-18,38,"Candor: EPA CASTNet Site","PM2.5","Montgomery",35.2631650008898,-79.836636
"6480",2024-05-19,14,"Candor: EPA CASTNet Site","PM2.5","Montgomery",35.2631650008898,-79.836636
"6481",2024-05-20,27,"Candor: EPA CASTNet Site","PM2.5","Montgomery",35.2631650008898,-79.836636
"6482",2024-05-21,50,"Candor: EPA CASTNet Site","PM2.5","Montgomery",35.2631650008898,-79.836636
"6483",2024-05-22,54,"Candor: EPA CASTNet Site","PM2.5","Montgomery",35.2631650008898,-79.836636
"6484",2024-05-23,58,"Candor: EPA CASTNet Site","PM2.5","Montgomery",35.2631650008898,-79.836636
"6485",2024-05-24,44,"Candor: EPA CASTNet Site","PM2.5","Montgomery",35.2631650008898,-79.836636
"6486",2024-05-25,48,"Candor: EPA CASTNet Site","PM2.5","Montgomery",35.2631650008898,-79.836636
"6487",2024-05-26,49,"Candor: EPA CASTNet Site","PM2.5","Montgomery",35.2631650008898,-79.836636
"6488",2024-05-27,49,"Candor: EPA CASTNet Site","PM2.5","Montgomery",35.2631650008898,-79.836636
"6489",2024-05-28,28,"Candor: EPA CASTNet Site","PM2.5","Montgomery",35.2631650008898,-79.836636
"6490",2024-05-29,43,"Candor: EPA CASTNet Site","PM2.5","Montgomery",35.2631650008898,-79.836636
"6491",2024-05-30,18,"Candor: EPA CASTNet Site","PM2.5","Montgomery",35.2631650008898,-79.836636
"6492",2024-05-31,23,"Candor: EPA CASTNet Site","PM2.5","Montgomery",35.2631650008898,-79.836636
"6493",2024-06-01,43,"Candor: EPA CASTNet Site","PM2.5","Montgomery",35.2631650008898,-79.836636
"6494",2024-06-02,40,"Candor: EPA CASTNet Site","PM2.5","Montgomery",35.2631650008898,-79.836636
"6495",2024-06-03,42,"Candor: EPA CASTNet Site","PM2.5","Montgomery",35.2631650008898,-79.836636
"6496",2024-06-04,37,"Candor: EPA CASTNet Site","PM2.5","Montgomery",35.2631650008898,-79.836636
"6497",2024-06-05,37,"Candor: EPA CASTNet Site","PM2.5","Montgomery",35.2631650008898,-79.836636
"6498",2024-06-06,36,"Candor: EPA CASTNet Site","PM2.5","Montgomery",35.2631650008898,-79.836636
"6499",2024-06-07,31,"Candor: EPA CASTNet Site","PM2.5","Montgomery",35.2631650008898,-79.836636
"6500",2024-06-08,31,"Candor: EPA CASTNet Site","PM2.5","Montgomery",35.2631650008898,-79.836636
"6501",2024-06-09,43,"Candor: EPA CASTNet Site","PM2.5","Montgomery",35.2631650008898,-79.836636
"6502",2024-06-10,29,"Candor: EPA CASTNet Site","PM2.5","Montgomery",35.2631650008898,-79.836636
"6503",2024-06-11,41,"Candor: EPA CASTNet Site","PM2.5","Montgomery",35.2631650008898,-79.836636
"6504",2024-06-12,54,"Candor: EPA CASTNet Site","PM2.5","Montgomery",35.2631650008898,-79.836636
"6505",2024-06-13,44,"Candor: EPA CASTNet Site","PM2.5","Montgomery",35.2631650008898,-79.836636
"6506",2024-06-14,55,"Candor: EPA CASTNet Site","PM2.5","Montgomery",35.2631650008898,-79.836636
"6507",2024-06-15,55,"Candor: EPA CASTNet Site","PM2.5","Montgomery",35.2631650008898,-79.836636
"6508",2024-06-16,51,"Candor: EPA CASTNet Site","PM2.5","Montgomery",35.2631650008898,-79.836636
"6509",2024-06-17,50,"Candor: EPA CASTNet Site","PM2.5","Montgomery",35.2631650008898,-79.836636
"6510",2024-06-18,40,"Candor: EPA CASTNet Site","PM2.5","Montgomery",35.2631650008898,-79.836636
"6511",2024-06-19,40,"Candor: EPA CASTNet Site","PM2.5","Montgomery",35.2631650008898,-79.836636
"6512",2024-06-20,36,"Candor: EPA CASTNet Site","PM2.5","Montgomery",35.2631650008898,-79.836636
"6513",2024-06-21,35,"Candor: EPA CASTNet Site","PM2.5","Montgomery",35.2631650008898,-79.836636
"6514",2024-06-22,28,"Candor: EPA CASTNet Site","PM2.5","Montgomery",35.2631650008898,-79.836636
"6515",2024-06-25,43,"Candor: EPA CASTNet Site","PM2.5","Montgomery",35.2631650008898,-79.836636
"6516",2024-06-26,61,"Candor: EPA CASTNet Site","PM2.5","Montgomery",35.2631650008898,-79.836636
"6517",2024-06-27,54,"Candor: EPA CASTNet Site","PM2.5","Montgomery",35.2631650008898,-79.836636
"6518",2024-06-28,53,"Candor: EPA CASTNet Site","PM2.5","Montgomery",35.2631650008898,-79.836636
"6519",2024-06-29,41,"Candor: EPA CASTNet Site","PM2.5","Montgomery",35.2631650008898,-79.836636
"6520",2024-06-30,46,"Candor: EPA CASTNet Site","PM2.5","Montgomery",35.2631650008898,-79.836636
"6521",2024-07-01,32,"Candor: EPA CASTNet Site","PM2.5","Montgomery",35.2631650008898,-79.836636
"6522",2024-07-02,32,"Candor: EPA CASTNet Site","PM2.5","Montgomery",35.2631650008898,-79.836636
"6523",2024-07-03,52,"Candor: EPA CASTNet Site","PM2.5","Montgomery",35.2631650008898,-79.836636
"6524",2024-07-04,53,"Candor: EPA CASTNet Site","PM2.5","Montgomery",35.2631650008898,-79.836636
"6525",2024-07-05,58,"Candor: EPA CASTNet Site","PM2.5","Montgomery",35.2631650008898,-79.836636
"6526",2024-07-06,51,"Candor: EPA CASTNet Site","PM2.5","Montgomery",35.2631650008898,-79.836636
"6527",2024-07-07,42,"Candor: EPA CASTNet Site","PM2.5","Montgomery",35.2631650008898,-79.836636
"6528",2024-07-08,24,"Candor: EPA CASTNet Site","PM2.5","Montgomery",35.2631650008898,-79.836636
"6529",2024-07-09,47,"Candor: EPA CASTNet Site","PM2.5","Montgomery",35.2631650008898,-79.836636
"6530",2024-07-10,35,"Candor: EPA CASTNet Site","PM2.5","Montgomery",35.2631650008898,-79.836636
"6531",2024-07-11,20,"Candor: EPA CASTNet Site","PM2.5","Montgomery",35.2631650008898,-79.836636
"6532",2024-07-12,47,"Candor: EPA CASTNet Site","PM2.5","Montgomery",35.2631650008898,-79.836636
"6533",2024-07-13,31,"Candor: EPA CASTNet Site","PM2.5","Montgomery",35.2631650008898,-79.836636
"6534",2024-07-14,56,"Candor: EPA CASTNet Site","PM2.5","Montgomery",35.2631650008898,-79.836636
"6535",2024-07-15,62,"Candor: EPA CASTNet Site","PM2.5","Montgomery",35.2631650008898,-79.836636
"6536",2024-07-16,59,"Candor: EPA CASTNet Site","PM2.5","Montgomery",35.2631650008898,-79.836636
"6537",2024-07-17,52,"Candor: EPA CASTNet Site","PM2.5","Montgomery",35.2631650008898,-79.836636
"6538",2024-07-18,53,"Candor: EPA CASTNet Site","PM2.5","Montgomery",35.2631650008898,-79.836636
"6539",2024-07-19,39,"Candor: EPA CASTNet Site","PM2.5","Montgomery",35.2631650008898,-79.836636
"6540",2024-07-20,24,"Candor: EPA CASTNet Site","PM2.5","Montgomery",35.2631650008898,-79.836636
"6541",2024-07-21,33,"Candor: EPA CASTNet Site","PM2.5","Montgomery",35.2631650008898,-79.836636
"6542",2024-07-22,27,"Candor: EPA CASTNet Site","PM2.5","Montgomery",35.2631650008898,-79.836636
"6543",2024-07-23,33,"Candor: EPA CASTNet Site","PM2.5","Montgomery",35.2631650008898,-79.836636
"6544",2024-07-24,30,"Candor: EPA CASTNet Site","PM2.5","Montgomery",35.2631650008898,-79.836636
"6545",2024-07-25,32,"Candor: EPA CASTNet Site","PM2.5","Montgomery",35.2631650008898,-79.836636
"6546",2024-07-26,37,"Candor: EPA CASTNet Site","PM2.5","Montgomery",35.2631650008898,-79.836636
"6547",2024-07-27,57,"Candor: EPA CASTNet Site","PM2.5","Montgomery",35.2631650008898,-79.836636
"6548",2024-07-28,55,"Candor: EPA CASTNet Site","PM2.5","Montgomery",35.2631650008898,-79.836636
"6549",2024-07-29,57,"Candor: EPA CASTNet Site","PM2.5","Montgomery",35.2631650008898,-79.836636
"6550",2024-07-30,53,"Candor: EPA CASTNet Site","PM2.5","Montgomery",35.2631650008898,-79.836636
"6551",2024-07-31,34,"Candor: EPA CASTNet Site","PM2.5","Montgomery",35.2631650008898,-79.836636
"6552",2024-08-01,48,"Candor: EPA CASTNet Site","PM2.5","Montgomery",35.2631650008898,-79.836636
"6553",2024-08-02,52,"Candor: EPA CASTNet Site","PM2.5","Montgomery",35.2631650008898,-79.836636
"6554",2024-08-03,53,"Candor: EPA CASTNet Site","PM2.5","Montgomery",35.2631650008898,-79.836636
"6555",2024-08-04,41,"Candor: EPA CASTNet Site","PM2.5","Montgomery",35.2631650008898,-79.836636
"6556",2024-08-05,19,"Candor: EPA CASTNet Site","PM2.5","Montgomery",35.2631650008898,-79.836636
"6557",2024-08-06,8,"Candor: EPA CASTNet Site","PM2.5","Montgomery",35.2631650008898,-79.836636
"6558",2024-08-07,14,"Candor: EPA CASTNet Site","PM2.5","Montgomery",35.2631650008898,-79.836636
"6559",2024-08-08,6,"Candor: EPA CASTNet Site","PM2.5","Montgomery",35.2631650008898,-79.836636
"6560",2024-08-09,21,"Candor: EPA CASTNet Site","PM2.5","Montgomery",35.2631650008898,-79.836636
"6561",2024-08-10,48,"Candor: EPA CASTNet Site","PM2.5","Montgomery",35.2631650008898,-79.836636
"6562",2024-08-11,51,"Candor: EPA CASTNet Site","PM2.5","Montgomery",35.2631650008898,-79.836636
"6563",2024-08-12,52,"Candor: EPA CASTNet Site","PM2.5","Montgomery",35.2631650008898,-79.836636
"6564",2024-08-13,53,"Candor: EPA CASTNet Site","PM2.5","Montgomery",35.2631650008898,-79.836636
"6565",2024-08-14,51,"Candor: EPA CASTNet Site","PM2.5","Montgomery",35.2631650008898,-79.836636
"6566",2024-08-15,52,"Candor: EPA CASTNet Site","PM2.5","Montgomery",35.2631650008898,-79.836636
"6567",2024-08-16,58,"Candor: EPA CASTNet Site","PM2.5","Montgomery",35.2631650008898,-79.836636
"6568",2024-08-17,57,"Candor: EPA CASTNet Site","PM2.5","Montgomery",35.2631650008898,-79.836636
"6569",2024-08-18,33,"Candor: EPA CASTNet Site","PM2.5","Montgomery",35.2631650008898,-79.836636
"6570",2024-08-21,46,"Candor: EPA CASTNet Site","PM2.5","Montgomery",35.2631650008898,-79.836636
"6571",2024-08-22,51,"Candor: EPA CASTNet Site","PM2.5","Montgomery",35.2631650008898,-79.836636
"6572",2024-08-23,53,"Candor: EPA CASTNet Site","PM2.5","Montgomery",35.2631650008898,-79.836636
"6573",2024-08-24,54,"Candor: EPA CASTNet Site","PM2.5","Montgomery",35.2631650008898,-79.836636
"6574",2024-08-25,56,"Candor: EPA CASTNet Site","PM2.5","Montgomery",35.2631650008898,-79.836636
"6575",2024-08-26,67,"Candor: EPA CASTNet Site","PM2.5","Montgomery",35.2631650008898,-79.836636
"6576",2024-08-27,67,"Candor: EPA CASTNet Site","PM2.5","Montgomery",35.2631650008898,-79.836636
"6577",2024-08-28,63,"Candor: EPA CASTNet Site","PM2.5","Montgomery",35.2631650008898,-79.836636
"6578",2024-08-29,62,"Candor: EPA CASTNet Site","PM2.5","Montgomery",35.2631650008898,-79.836636
"6579",2024-08-30,54,"Candor: EPA CASTNet Site","PM2.5","Montgomery",35.2631650008898,-79.836636
"6580",2024-08-31,51,"Candor: EPA CASTNet Site","PM2.5","Montgomery",35.2631650008898,-79.836636
"6581",2024-09-01,45,"Candor: EPA CASTNet Site","PM2.5","Montgomery",35.2631650008898,-79.836636
"6582",2024-09-02,40,"Candor: EPA CASTNet Site","PM2.5","Montgomery",35.2631650008898,-79.836636
"6583",2024-09-03,18,"Candor: EPA CASTNet Site","PM2.5","Montgomery",35.2631650008898,-79.836636
"6584",2024-09-04,33,"Candor: EPA CASTNet Site","PM2.5","Montgomery",35.2631650008898,-79.836636
"6585",2024-09-05,25,"Candor: EPA CASTNet Site","PM2.5","Montgomery",35.2631650008898,-79.836636
"6586",2024-09-06,38,"Candor: EPA CASTNet Site","PM2.5","Montgomery",35.2631650008898,-79.836636
"6587",2024-09-07,38,"Candor: EPA CASTNet Site","PM2.5","Montgomery",35.2631650008898,-79.836636
"6588",2024-09-08,16,"Candor: EPA CASTNet Site","PM2.5","Montgomery",35.2631650008898,-79.836636
"6589",2024-09-09,49,"Candor: EPA CASTNet Site","PM2.5","Montgomery",35.2631650008898,-79.836636
"6590",2024-09-10,40,"Candor: EPA CASTNet Site","PM2.5","Montgomery",35.2631650008898,-79.836636
"6591",2024-09-11,44,"Candor: EPA CASTNet Site","PM2.5","Montgomery",35.2631650008898,-79.836636
"6592",2024-09-12,49,"Candor: EPA CASTNet Site","PM2.5","Montgomery",35.2631650008898,-79.836636
"6593",2024-09-13,27,"Candor: EPA CASTNet Site","PM2.5","Montgomery",35.2631650008898,-79.836636
"6594",2024-09-14,32,"Candor: EPA CASTNet Site","PM2.5","Montgomery",35.2631650008898,-79.836636
"6595",2024-09-15,38,"Candor: EPA CASTNet Site","PM2.5","Montgomery",35.2631650008898,-79.836636
"6596",2024-09-16,25,"Candor: EPA CASTNet Site","PM2.5","Montgomery",35.2631650008898,-79.836636
"6597",2024-09-17,7,"Candor: EPA CASTNet Site","PM2.5","Montgomery",35.2631650008898,-79.836636
"6598",2024-09-18,53,"Candor: EPA CASTNet Site","PM2.5","Montgomery",35.2631650008898,-79.836636
"6599",2024-09-19,21,"Candor: EPA CASTNet Site","PM2.5","Montgomery",35.2631650008898,-79.836636
"6600",2024-09-20,19,"Candor: EPA CASTNet Site","PM2.5","Montgomery",35.2631650008898,-79.836636
"6601",2024-09-21,49,"Candor: EPA CASTNet Site","PM2.5","Montgomery",35.2631650008898,-79.836636
"6602",2024-09-22,53,"Candor: EPA CASTNet Site","PM2.5","Montgomery",35.2631650008898,-79.836636
"6603",2024-09-23,54,"Candor: EPA CASTNet Site","PM2.5","Montgomery",35.2631650008898,-79.836636
"6604",2024-09-24,50,"Candor: EPA CASTNet Site","PM2.5","Montgomery",35.2631650008898,-79.836636
"6605",2024-09-25,41,"Candor: EPA CASTNet Site","PM2.5","Montgomery",35.2631650008898,-79.836636
"6606",2024-09-26,21,"Candor: EPA CASTNet Site","PM2.5","Montgomery",35.2631650008898,-79.836636
"6607",2024-09-27,26,"Candor: EPA CASTNet Site","PM2.5","Montgomery",35.2631650008898,-79.836636
"6608",2024-09-28,52,"Candor: EPA CASTNet Site","PM2.5","Montgomery",35.2631650008898,-79.836636
"6609",2024-09-29,54,"Candor: EPA CASTNet Site","PM2.5","Montgomery",35.2631650008898,-79.836636
"6610",2024-09-30,56,"Candor: EPA CASTNet Site","PM2.5","Montgomery",35.2631650008898,-79.836636
"6611",2024-10-01,40,"Candor: EPA CASTNet Site","PM2.5","Montgomery",35.2631650008898,-79.836636
"6612",2024-10-02,25,"Candor: EPA CASTNet Site","PM2.5","Montgomery",35.2631650008898,-79.836636
"6613",2024-10-03,31,"Candor: EPA CASTNet Site","PM2.5","Montgomery",35.2631650008898,-79.836636
"6614",2024-10-09,31,"Candor: EPA CASTNet Site","PM2.5","Montgomery",35.2631650008898,-79.836636
"6615",2024-10-16,8,"Candor: EPA CASTNet Site","PM2.5","Montgomery",35.2631650008898,-79.836636
"6616",2024-10-17,16,"Candor: EPA CASTNet Site","PM2.5","Montgomery",35.2631650008898,-79.836636
"6617",2024-10-18,19,"Candor: EPA CASTNet Site","PM2.5","Montgomery",35.2631650008898,-79.836636
"6618",2024-10-19,28,"Candor: EPA CASTNet Site","PM2.5","Montgomery",35.2631650008898,-79.836636
"6619",2024-10-20,32,"Candor: EPA CASTNet Site","PM2.5","Montgomery",35.2631650008898,-79.836636
"6620",2024-10-21,38,"Candor: EPA CASTNet Site","PM2.5","Montgomery",35.2631650008898,-79.836636
"6621",2024-10-22,54,"Candor: EPA CASTNet Site","PM2.5","Montgomery",35.2631650008898,-79.836636
"6622",2024-10-23,56,"Candor: EPA CASTNet Site","PM2.5","Montgomery",35.2631650008898,-79.836636
"6623",2024-10-24,54,"Candor: EPA CASTNet Site","PM2.5","Montgomery",35.2631650008898,-79.836636
"6624",2024-10-25,54,"Candor: EPA CASTNet Site","PM2.5","Montgomery",35.2631650008898,-79.836636
"6625",2024-10-26,60,"Candor: EPA CASTNet Site","PM2.5","Montgomery",35.2631650008898,-79.836636
"6626",2024-10-27,26,"Candor: EPA CASTNet Site","PM2.5","Montgomery",35.2631650008898,-79.836636
"6627",2024-10-28,51,"Candor: EPA CASTNet Site","PM2.5","Montgomery",35.2631650008898,-79.836636
"6628",2024-10-29,55,"Candor: EPA CASTNet Site","PM2.5","Montgomery",35.2631650008898,-79.836636
"6629",2024-10-30,45,"Candor: EPA CASTNet Site","PM2.5","Montgomery",35.2631650008898,-79.836636
"6630",2024-10-31,39,"Candor: EPA CASTNet Site","PM2.5","Montgomery",35.2631650008898,-79.836636
"6631",2024-11-01,48,"Candor: EPA CASTNet Site","PM2.5","Montgomery",35.2631650008898,-79.836636
"6632",2024-11-02,53,"Candor: EPA CASTNet Site","PM2.5","Montgomery",35.2631650008898,-79.836636
"6633",2024-11-03,52,"Candor: EPA CASTNet Site","PM2.5","Montgomery",35.2631650008898,-79.836636
"6634",2024-11-04,47,"Candor: EPA CASTNet Site","PM2.5","Montgomery",35.2631650008898,-79.836636
"6635",2024-11-05,44,"Candor: EPA CASTNet Site","PM2.5","Montgomery",35.2631650008898,-79.836636
"6636",2024-11-06,43,"Candor: EPA CASTNet Site","PM2.5","Montgomery",35.2631650008898,-79.836636
"6637",2024-11-07,43,"Candor: EPA CASTNet Site","PM2.5","Montgomery",35.2631650008898,-79.836636
"6638",2024-11-08,47,"Candor: EPA CASTNet Site","PM2.5","Montgomery",35.2631650008898,-79.836636
"6639",2024-11-09,32,"Candor: EPA CASTNet Site","PM2.5","Montgomery",35.2631650008898,-79.836636
"6640",2024-11-10,39,"Candor: EPA CASTNet Site","PM2.5","Montgomery",35.2631650008898,-79.836636
"6641",2024-11-11,39,"Candor: EPA CASTNet Site","PM2.5","Montgomery",35.2631650008898,-79.836636
"6642",2024-11-12,25,"Candor: EPA CASTNet Site","PM2.5","Montgomery",35.2631650008898,-79.836636
"6643",2024-11-13,24,"Candor: EPA CASTNet Site","PM2.5","Montgomery",35.2631650008898,-79.836636
"6644",2024-11-14,26,"Candor: EPA CASTNet Site","PM2.5","Montgomery",35.2631650008898,-79.836636
"6645",2024-11-15,9,"Candor: EPA CASTNet Site","PM2.5","Montgomery",35.2631650008898,-79.836636
"6646",2024-11-16,18,"Candor: EPA CASTNet Site","PM2.5","Montgomery",35.2631650008898,-79.836636
"6647",2024-11-17,44,"Candor: EPA CASTNet Site","PM2.5","Montgomery",35.2631650008898,-79.836636
"6648",2024-11-18,53,"Candor: EPA CASTNet Site","PM2.5","Montgomery",35.2631650008898,-79.836636
"6649",2024-11-19,58,"Candor: EPA CASTNet Site","PM2.5","Montgomery",35.2631650008898,-79.836636
"6650",2024-11-20,52,"Candor: EPA CASTNet Site","PM2.5","Montgomery",35.2631650008898,-79.836636
"6651",2024-11-21,25,"Candor: EPA CASTNet Site","PM2.5","Montgomery",35.2631650008898,-79.836636
"6652",2024-11-22,12,"Candor: EPA CASTNet Site","PM2.5","Montgomery",35.2631650008898,-79.836636
"6653",2024-11-23,19,"Candor: EPA CASTNet Site","PM2.5","Montgomery",35.2631650008898,-79.836636
"6654",2024-11-24,60,"Candor: EPA CASTNet Site","PM2.5","Montgomery",35.2631650008898,-79.836636
"6655",2024-11-25,56,"Candor: EPA CASTNet Site","PM2.5","Montgomery",35.2631650008898,-79.836636
"6656",2024-11-26,50,"Candor: EPA CASTNet Site","PM2.5","Montgomery",35.2631650008898,-79.836636
"6657",2024-11-27,39,"Candor: EPA CASTNet Site","PM2.5","Montgomery",35.2631650008898,-79.836636
"6658",2024-11-28,59,"Candor: EPA CASTNet Site","PM2.5","Montgomery",35.2631650008898,-79.836636
"6659",2024-11-29,14,"Candor: EPA CASTNet Site","PM2.5","Montgomery",35.2631650008898,-79.836636
"6660",2024-11-30,11,"Candor: EPA CASTNet Site","PM2.5","Montgomery",35.2631650008898,-79.836636
"6661",2024-12-01,26,"Candor: EPA CASTNet Site","PM2.5","Montgomery",35.2631650008898,-79.836636
"6662",2024-12-02,14,"Candor: EPA CASTNet Site","PM2.5","Montgomery",35.2631650008898,-79.836636
"6663",2024-12-03,16,"Candor: EPA CASTNet Site","PM2.5","Montgomery",35.2631650008898,-79.836636
"6664",2024-12-04,41,"Candor: EPA CASTNet Site","PM2.5","Montgomery",35.2631650008898,-79.836636
"6665",2024-12-05,43,"Candor: EPA CASTNet Site","PM2.5","Montgomery",35.2631650008898,-79.836636
"6666",2024-12-06,9,"Candor: EPA CASTNet Site","PM2.5","Montgomery",35.2631650008898,-79.836636
"6667",2024-12-07,33,"Candor: EPA CASTNet Site","PM2.5","Montgomery",35.2631650008898,-79.836636
"6668",2024-12-08,44,"Candor: EPA CASTNet Site","PM2.5","Montgomery",35.2631650008898,-79.836636
"6669",2024-12-09,51,"Candor: EPA CASTNet Site","PM2.5","Montgomery",35.2631650008898,-79.836636
"6670",2024-12-10,45,"Candor: EPA CASTNet Site","PM2.5","Montgomery",35.2631650008898,-79.836636
"6671",2024-12-11,12,"Candor: EPA CASTNet Site","PM2.5","Montgomery",35.2631650008898,-79.836636
"6672",2024-12-12,14,"Candor: EPA CASTNet Site","PM2.5","Montgomery",35.2631650008898,-79.836636
"6673",2024-12-13,33,"Candor: EPA CASTNet Site","PM2.5","Montgomery",35.2631650008898,-79.836636
"6674",2024-12-14,46,"Candor: EPA CASTNet Site","PM2.5","Montgomery",35.2631650008898,-79.836636
"6675",2024-12-15,32,"Candor: EPA CASTNet Site","PM2.5","Montgomery",35.2631650008898,-79.836636
"6676",2024-12-16,32,"Candor: EPA CASTNet Site","PM2.5","Montgomery",35.2631650008898,-79.836636
"6677",2024-12-17,44,"Candor: EPA CASTNet Site","PM2.5","Montgomery",35.2631650008898,-79.836636
"6678",2024-12-18,44,"Candor: EPA CASTNet Site","PM2.5","Montgomery",35.2631650008898,-79.836636
"6679",2024-12-19,16,"Candor: EPA CASTNet Site","PM2.5","Montgomery",35.2631650008898,-79.836636
"6680",2024-12-20,28,"Candor: EPA CASTNet Site","PM2.5","Montgomery",35.2631650008898,-79.836636
"6681",2024-12-21,2,"Candor: EPA CASTNet Site","PM2.5","Montgomery",35.2631650008898,-79.836636
"6682",2024-12-22,19,"Candor: EPA CASTNet Site","PM2.5","Montgomery",35.2631650008898,-79.836636
"6683",2024-12-23,24,"Candor: EPA CASTNet Site","PM2.5","Montgomery",35.2631650008898,-79.836636
"6684",2024-12-24,34,"Candor: EPA CASTNet Site","PM2.5","Montgomery",35.2631650008898,-79.836636
"6685",2024-12-25,34,"Candor: EPA CASTNet Site","PM2.5","Montgomery",35.2631650008898,-79.836636
"6686",2024-12-26,42,"Candor: EPA CASTNet Site","PM2.5","Montgomery",35.2631650008898,-79.836636
"6687",2024-12-27,42,"Candor: EPA CASTNet Site","PM2.5","Montgomery",35.2631650008898,-79.836636
"6688",2024-12-28,39,"Candor: EPA CASTNet Site","PM2.5","Montgomery",35.2631650008898,-79.836636
"6689",2024-12-29,9,"Candor: EPA CASTNet Site","PM2.5","Montgomery",35.2631650008898,-79.836636
"6690",2024-12-30,12,"Candor: EPA CASTNet Site","PM2.5","Montgomery",35.2631650008898,-79.836636
"6691",2024-12-31,33,"Candor: EPA CASTNet Site","PM2.5","Montgomery",35.2631650008898,-79.836636
"6692",2024-01-01,48,"Castle Hayne","PM2.5","New Hanover",34.364167,-77.838611
"6693",2024-01-02,21,"Castle Hayne","PM2.5","New Hanover",34.364167,-77.838611
"6694",2024-01-03,46,"Castle Hayne","PM2.5","New Hanover",34.364167,-77.838611
"6695",2024-01-04,52,"Castle Hayne","PM2.5","New Hanover",34.364167,-77.838611
"6696",2024-01-05,40,"Castle Hayne","PM2.5","New Hanover",34.364167,-77.838611
"6697",2024-01-06,24,"Castle Hayne","PM2.5","New Hanover",34.364167,-77.838611
"6698",2024-01-07,23,"Castle Hayne","PM2.5","New Hanover",34.364167,-77.838611
"6699",2024-01-08,25,"Castle Hayne","PM2.5","New Hanover",34.364167,-77.838611
"6700",2024-01-09,29,"Castle Hayne","PM2.5","New Hanover",34.364167,-77.838611
"6701",2024-01-10,34,"Castle Hayne","PM2.5","New Hanover",34.364167,-77.838611
"6702",2024-01-11,33,"Castle Hayne","PM2.5","New Hanover",34.364167,-77.838611
"6703",2024-01-12,39,"Castle Hayne","PM2.5","New Hanover",34.364167,-77.838611
"6704",2024-01-13,32,"Castle Hayne","PM2.5","New Hanover",34.364167,-77.838611
"6705",2024-01-14,29,"Castle Hayne","PM2.5","New Hanover",34.364167,-77.838611
"6706",2024-01-15,22,"Castle Hayne","PM2.5","New Hanover",34.364167,-77.838611
"6707",2024-01-16,33,"Castle Hayne","PM2.5","New Hanover",34.364167,-77.838611
"6708",2024-01-17,43,"Castle Hayne","PM2.5","New Hanover",34.364167,-77.838611
"6709",2024-01-18,47,"Castle Hayne","PM2.5","New Hanover",34.364167,-77.838611
"6710",2024-01-19,41,"Castle Hayne","PM2.5","New Hanover",34.364167,-77.838611
"6711",2024-01-20,49,"Castle Hayne","PM2.5","New Hanover",34.364167,-77.838611
"6712",2024-01-21,33,"Castle Hayne","PM2.5","New Hanover",34.364167,-77.838611
"6713",2024-01-22,38,"Castle Hayne","PM2.5","New Hanover",34.364167,-77.838611
"6714",2024-01-23,25,"Castle Hayne","PM2.5","New Hanover",34.364167,-77.838611
"6715",2024-01-24,11,"Castle Hayne","PM2.5","New Hanover",34.364167,-77.838611
"6716",2024-01-25,8,"Castle Hayne","PM2.5","New Hanover",34.364167,-77.838611
"6717",2024-01-26,17,"Castle Hayne","PM2.5","New Hanover",34.364167,-77.838611
"6718",2024-01-27,29,"Castle Hayne","PM2.5","New Hanover",34.364167,-77.838611
"6719",2024-01-28,9,"Castle Hayne","PM2.5","New Hanover",34.364167,-77.838611
"6720",2024-01-29,18,"Castle Hayne","PM2.5","New Hanover",34.364167,-77.838611
"6721",2024-01-30,26,"Castle Hayne","PM2.5","New Hanover",34.364167,-77.838611
"6722",2024-01-31,34,"Castle Hayne","PM2.5","New Hanover",34.364167,-77.838611
"6723",2024-02-01,42,"Castle Hayne","PM2.5","New Hanover",34.364167,-77.838611
"6724",2024-02-02,54,"Castle Hayne","PM2.5","New Hanover",34.364167,-77.838611
"6725",2024-02-03,31,"Castle Hayne","PM2.5","New Hanover",34.364167,-77.838611
"6726",2024-02-04,47,"Castle Hayne","PM2.5","New Hanover",34.364167,-77.838611
"6727",2024-02-07,36,"Castle Hayne","PM2.5","New Hanover",34.364167,-77.838611
"6728",2024-02-08,40,"Castle Hayne","PM2.5","New Hanover",34.364167,-77.838611
"6729",2024-02-09,51,"Castle Hayne","PM2.5","New Hanover",34.364167,-77.838611
"6730",2024-02-10,41,"Castle Hayne","PM2.5","New Hanover",34.364167,-77.838611
"6731",2024-02-11,23,"Castle Hayne","PM2.5","New Hanover",34.364167,-77.838611
"6732",2024-02-12,12,"Castle Hayne","PM2.5","New Hanover",34.364167,-77.838611
"6733",2024-02-13,19,"Castle Hayne","PM2.5","New Hanover",34.364167,-77.838611
"6734",2024-02-14,35,"Castle Hayne","PM2.5","New Hanover",34.364167,-77.838611
"6735",2024-02-20,58,"Castle Hayne","PM2.5","New Hanover",34.364167,-77.838611
"6736",2024-02-21,25,"Castle Hayne","PM2.5","New Hanover",34.364167,-77.838611
"6737",2024-02-22,54,"Castle Hayne","PM2.5","New Hanover",34.364167,-77.838611
"6738",2024-02-23,43,"Castle Hayne","PM2.5","New Hanover",34.364167,-77.838611
"6739",2024-02-24,33,"Castle Hayne","PM2.5","New Hanover",34.364167,-77.838611
"6740",2024-02-25,33,"Castle Hayne","PM2.5","New Hanover",34.364167,-77.838611
"6741",2024-02-26,55,"Castle Hayne","PM2.5","New Hanover",34.364167,-77.838611
"6742",2024-02-27,38,"Castle Hayne","PM2.5","New Hanover",34.364167,-77.838611
"6743",2024-02-28,45,"Castle Hayne","PM2.5","New Hanover",34.364167,-77.838611
"6744",2024-02-29,21,"Castle Hayne","PM2.5","New Hanover",34.364167,-77.838611
"6745",2024-03-01,29,"Castle Hayne","PM2.5","New Hanover",34.364167,-77.838611
"6746",2024-03-02,12,"Castle Hayne","PM2.5","New Hanover",34.364167,-77.838611
"6747",2024-03-03,17,"Castle Hayne","PM2.5","New Hanover",34.364167,-77.838611
"6748",2024-03-04,12,"Castle Hayne","PM2.5","New Hanover",34.364167,-77.838611
"6749",2024-03-05,17,"Castle Hayne","PM2.5","New Hanover",34.364167,-77.838611
"6750",2024-03-06,17,"Castle Hayne","PM2.5","New Hanover",34.364167,-77.838611
"6751",2024-03-07,12,"Castle Hayne","PM2.5","New Hanover",34.364167,-77.838611
"6752",2024-03-08,15,"Castle Hayne","PM2.5","New Hanover",34.364167,-77.838611
"6753",2024-03-09,20,"Castle Hayne","PM2.5","New Hanover",34.364167,-77.838611
"6754",2024-03-10,15,"Castle Hayne","PM2.5","New Hanover",34.364167,-77.838611
"6755",2024-03-11,23,"Castle Hayne","PM2.5","New Hanover",34.364167,-77.838611
"6756",2024-03-12,47,"Castle Hayne","PM2.5","New Hanover",34.364167,-77.838611
"6757",2024-03-13,58,"Castle Hayne","PM2.5","New Hanover",34.364167,-77.838611
"6758",2024-03-14,72,"Castle Hayne","PM2.5","New Hanover",34.364167,-77.838611
"6759",2024-03-15,64,"Castle Hayne","PM2.5","New Hanover",34.364167,-77.838611
"6760",2024-03-16,50,"Castle Hayne","PM2.5","New Hanover",34.364167,-77.838611
"6761",2024-03-17,26,"Castle Hayne","PM2.5","New Hanover",34.364167,-77.838611
"6762",2024-03-18,27,"Castle Hayne","PM2.5","New Hanover",34.364167,-77.838611
"6763",2024-03-19,28,"Castle Hayne","PM2.5","New Hanover",34.364167,-77.838611
"6764",2024-03-20,57,"Castle Hayne","PM2.5","New Hanover",34.364167,-77.838611
"6765",2024-03-21,61,"Castle Hayne","PM2.5","New Hanover",34.364167,-77.838611
"6766",2024-03-22,22,"Castle Hayne","PM2.5","New Hanover",34.364167,-77.838611
"6767",2024-03-23,13,"Castle Hayne","PM2.5","New Hanover",34.364167,-77.838611
"6768",2024-03-24,24,"Castle Hayne","PM2.5","New Hanover",34.364167,-77.838611
"6769",2024-03-25,42,"Castle Hayne","PM2.5","New Hanover",34.364167,-77.838611
"6770",2024-03-26,43,"Castle Hayne","PM2.5","New Hanover",34.364167,-77.838611
"6771",2024-03-27,18,"Castle Hayne","PM2.5","New Hanover",34.364167,-77.838611
"6772",2024-03-28,17,"Castle Hayne","PM2.5","New Hanover",34.364167,-77.838611
"6773",2024-03-29,33,"Castle Hayne","PM2.5","New Hanover",34.364167,-77.838611
"6774",2024-03-30,37,"Castle Hayne","PM2.5","New Hanover",34.364167,-77.838611
"6775",2024-03-31,48,"Castle Hayne","PM2.5","New Hanover",34.364167,-77.838611
"6776",2024-04-01,44,"Castle Hayne","PM2.5","New Hanover",34.364167,-77.838611
"6777",2024-04-02,52,"Castle Hayne","PM2.5","New Hanover",34.364167,-77.838611
"6778",2024-04-03,46,"Castle Hayne","PM2.5","New Hanover",34.364167,-77.838611
"6779",2024-04-04,22,"Castle Hayne","PM2.5","New Hanover",34.364167,-77.838611
"6780",2024-04-05,19,"Castle Hayne","PM2.5","New Hanover",34.364167,-77.838611
"6781",2024-04-06,16,"Castle Hayne","PM2.5","New Hanover",34.364167,-77.838611
"6782",2024-04-07,18,"Castle Hayne","PM2.5","New Hanover",34.364167,-77.838611
"6783",2024-04-08,23,"Castle Hayne","PM2.5","New Hanover",34.364167,-77.838611
"6784",2024-04-09,28,"Castle Hayne","PM2.5","New Hanover",34.364167,-77.838611
"6785",2024-04-10,25,"Castle Hayne","PM2.5","New Hanover",34.364167,-77.838611
"6786",2024-04-11,28,"Castle Hayne","PM2.5","New Hanover",34.364167,-77.838611
"6787",2024-04-12,30,"Castle Hayne","PM2.5","New Hanover",34.364167,-77.838611
"6788",2024-04-13,19,"Castle Hayne","PM2.5","New Hanover",34.364167,-77.838611
"6789",2024-04-14,26,"Castle Hayne","PM2.5","New Hanover",34.364167,-77.838611
"6790",2024-04-15,49,"Castle Hayne","PM2.5","New Hanover",34.364167,-77.838611
"6791",2024-04-16,57,"Castle Hayne","PM2.5","New Hanover",34.364167,-77.838611
"6792",2024-04-17,42,"Castle Hayne","PM2.5","New Hanover",34.364167,-77.838611
"6793",2024-04-18,39,"Castle Hayne","PM2.5","New Hanover",34.364167,-77.838611
"6794",2024-04-19,39,"Castle Hayne","PM2.5","New Hanover",34.364167,-77.838611
"6795",2024-04-20,55,"Castle Hayne","PM2.5","New Hanover",34.364167,-77.838611
"6796",2024-04-21,34,"Castle Hayne","PM2.5","New Hanover",34.364167,-77.838611
"6797",2024-04-22,29,"Castle Hayne","PM2.5","New Hanover",34.364167,-77.838611
"6798",2024-04-23,36,"Castle Hayne","PM2.5","New Hanover",34.364167,-77.838611
"6799",2024-04-24,48,"Castle Hayne","PM2.5","New Hanover",34.364167,-77.838611
"6800",2024-04-25,56,"Castle Hayne","PM2.5","New Hanover",34.364167,-77.838611
"6801",2024-04-26,42,"Castle Hayne","PM2.5","New Hanover",34.364167,-77.838611
"6802",2024-04-27,21,"Castle Hayne","PM2.5","New Hanover",34.364167,-77.838611
"6803",2024-04-28,22,"Castle Hayne","PM2.5","New Hanover",34.364167,-77.838611
"6804",2024-04-29,20,"Castle Hayne","PM2.5","New Hanover",34.364167,-77.838611
"6805",2024-04-30,21,"Castle Hayne","PM2.5","New Hanover",34.364167,-77.838611
"6806",2024-05-01,21,"Castle Hayne","PM2.5","New Hanover",34.364167,-77.838611
"6807",2024-05-02,26,"Castle Hayne","PM2.5","New Hanover",34.364167,-77.838611
"6808",2024-05-03,19,"Castle Hayne","PM2.5","New Hanover",34.364167,-77.838611
"6809",2024-05-04,12,"Castle Hayne","PM2.5","New Hanover",34.364167,-77.838611
"6810",2024-05-05,5,"Castle Hayne","PM2.5","New Hanover",34.364167,-77.838611
"6811",2024-05-06,8,"Castle Hayne","PM2.5","New Hanover",34.364167,-77.838611
"6812",2024-05-07,23,"Castle Hayne","PM2.5","New Hanover",34.364167,-77.838611
"6813",2024-05-08,44,"Castle Hayne","PM2.5","New Hanover",34.364167,-77.838611
"6814",2024-05-09,23,"Castle Hayne","PM2.5","New Hanover",34.364167,-77.838611
"6815",2024-05-10,28,"Castle Hayne","PM2.5","New Hanover",34.364167,-77.838611
"6816",2024-05-11,23,"Castle Hayne","PM2.5","New Hanover",34.364167,-77.838611
"6817",2024-05-12,30,"Castle Hayne","PM2.5","New Hanover",34.364167,-77.838611
"6818",2024-05-13,25,"Castle Hayne","PM2.5","New Hanover",34.364167,-77.838611
"6819",2024-05-14,21,"Castle Hayne","PM2.5","New Hanover",34.364167,-77.838611
"6820",2024-05-15,34,"Castle Hayne","PM2.5","New Hanover",34.364167,-77.838611
"6821",2024-05-16,21,"Castle Hayne","PM2.5","New Hanover",34.364167,-77.838611
"6822",2024-05-17,29,"Castle Hayne","PM2.5","New Hanover",34.364167,-77.838611
"6823",2024-05-18,34,"Castle Hayne","PM2.5","New Hanover",34.364167,-77.838611
"6824",2024-05-19,8,"Castle Hayne","PM2.5","New Hanover",34.364167,-77.838611
"6825",2024-05-20,11,"Castle Hayne","PM2.5","New Hanover",34.364167,-77.838611
"6826",2024-05-21,6,"Castle Hayne","PM2.5","New Hanover",34.364167,-77.838611
"6827",2024-05-22,0,"Castle Hayne","PM2.5","New Hanover",34.364167,-77.838611
"6828",2024-05-23,13,"Castle Hayne","PM2.5","New Hanover",34.364167,-77.838611
"6829",2024-05-24,27,"Castle Hayne","PM2.5","New Hanover",34.364167,-77.838611
"6830",2024-05-25,34,"Castle Hayne","PM2.5","New Hanover",34.364167,-77.838611
"6831",2024-05-26,36,"Castle Hayne","PM2.5","New Hanover",34.364167,-77.838611
"6832",2024-05-27,51,"Castle Hayne","PM2.5","New Hanover",34.364167,-77.838611
"6833",2024-05-28,53,"Castle Hayne","PM2.5","New Hanover",34.364167,-77.838611
"6834",2024-05-29,43,"Castle Hayne","PM2.5","New Hanover",34.364167,-77.838611
"6835",2024-05-30,37,"Castle Hayne","PM2.5","New Hanover",34.364167,-77.838611
"6836",2024-05-31,41,"Castle Hayne","PM2.5","New Hanover",34.364167,-77.838611
"6837",2024-06-01,57,"Castle Hayne","PM2.5","New Hanover",34.364167,-77.838611
"6838",2024-06-02,18,"Castle Hayne","PM2.5","New Hanover",34.364167,-77.838611
"6839",2024-06-03,21,"Castle Hayne","PM2.5","New Hanover",34.364167,-77.838611
"6840",2024-06-04,18,"Castle Hayne","PM2.5","New Hanover",34.364167,-77.838611
"6841",2024-06-05,8,"Castle Hayne","PM2.5","New Hanover",34.364167,-77.838611
"6842",2024-06-06,22,"Castle Hayne","PM2.5","New Hanover",34.364167,-77.838611
"6843",2024-06-07,43,"Castle Hayne","PM2.5","New Hanover",34.364167,-77.838611
"6844",2024-06-08,37,"Castle Hayne","PM2.5","New Hanover",34.364167,-77.838611
"6845",2024-06-09,48,"Castle Hayne","PM2.5","New Hanover",34.364167,-77.838611
"6846",2024-06-10,44,"Castle Hayne","PM2.5","New Hanover",34.364167,-77.838611
"6847",2024-06-11,39,"Castle Hayne","PM2.5","New Hanover",34.364167,-77.838611
"6848",2024-06-12,23,"Castle Hayne","PM2.5","New Hanover",34.364167,-77.838611
"6849",2024-06-13,26,"Castle Hayne","PM2.5","New Hanover",34.364167,-77.838611
"6850",2024-06-14,29,"Castle Hayne","PM2.5","New Hanover",34.364167,-77.838611
"6851",2024-06-15,52,"Castle Hayne","PM2.5","New Hanover",34.364167,-77.838611
"6852",2024-06-16,17,"Castle Hayne","PM2.5","New Hanover",34.364167,-77.838611
"6853",2024-06-17,19,"Castle Hayne","PM2.5","New Hanover",34.364167,-77.838611
"6854",2024-06-18,15,"Castle Hayne","PM2.5","New Hanover",34.364167,-77.838611
"6855",2024-06-19,16,"Castle Hayne","PM2.5","New Hanover",34.364167,-77.838611
"6856",2024-06-20,17,"Castle Hayne","PM2.5","New Hanover",34.364167,-77.838611
"6857",2024-06-21,12,"Castle Hayne","PM2.5","New Hanover",34.364167,-77.838611
"6858",2024-06-22,14,"Castle Hayne","PM2.5","New Hanover",34.364167,-77.838611
"6859",2024-06-23,12,"Castle Hayne","PM2.5","New Hanover",34.364167,-77.838611
"6860",2024-06-24,39,"Castle Hayne","PM2.5","New Hanover",34.364167,-77.838611
"6861",2024-06-25,28,"Castle Hayne","PM2.5","New Hanover",34.364167,-77.838611
"6862",2024-06-26,6,"Castle Hayne","PM2.5","New Hanover",34.364167,-77.838611
"6863",2024-06-27,27,"Castle Hayne","PM2.5","New Hanover",34.364167,-77.838611
"6864",2024-06-28,29,"Castle Hayne","PM2.5","New Hanover",34.364167,-77.838611
"6865",2024-06-29,11,"Castle Hayne","PM2.5","New Hanover",34.364167,-77.838611
"6866",2024-06-30,8,"Castle Hayne","PM2.5","New Hanover",34.364167,-77.838611
"6867",2024-07-01,16,"Castle Hayne","PM2.5","New Hanover",34.364167,-77.838611
"6868",2024-07-02,7,"Castle Hayne","PM2.5","New Hanover",34.364167,-77.838611
"6869",2024-07-03,1,"Castle Hayne","PM2.5","New Hanover",34.364167,-77.838611
"6870",2024-07-04,6,"Castle Hayne","PM2.5","New Hanover",34.364167,-77.838611
"6871",2024-07-05,8,"Castle Hayne","PM2.5","New Hanover",34.364167,-77.838611
"6872",2024-07-06,19,"Castle Hayne","PM2.5","New Hanover",34.364167,-77.838611
"6873",2024-07-07,11,"Castle Hayne","PM2.5","New Hanover",34.364167,-77.838611
"6874",2024-07-08,3,"Castle Hayne","PM2.5","New Hanover",34.364167,-77.838611
"6875",2024-07-09,0,"Castle Hayne","PM2.5","New Hanover",34.364167,-77.838611
"6876",2024-07-10,0,"Castle Hayne","PM2.5","New Hanover",34.364167,-77.838611
"6877",2024-07-11,0,"Castle Hayne","PM2.5","New Hanover",34.364167,-77.838611
"6878",2024-07-12,14,"Castle Hayne","PM2.5","New Hanover",34.364167,-77.838611
"6879",2024-07-13,12,"Castle Hayne","PM2.5","New Hanover",34.364167,-77.838611
"6880",2024-07-14,41,"Castle Hayne","PM2.5","New Hanover",34.364167,-77.838611
"6881",2024-07-15,51,"Castle Hayne","PM2.5","New Hanover",34.364167,-77.838611
"6882",2024-07-16,44,"Castle Hayne","PM2.5","New Hanover",34.364167,-77.838611
"6883",2024-07-17,19,"Castle Hayne","PM2.5","New Hanover",34.364167,-77.838611
"6884",2024-07-18,20,"Castle Hayne","PM2.5","New Hanover",34.364167,-77.838611
"6885",2024-07-25,7,"Castle Hayne","PM2.5","New Hanover",34.364167,-77.838611
"6886",2024-07-26,0,"Castle Hayne","PM2.5","New Hanover",34.364167,-77.838611
"6887",2024-07-27,17,"Castle Hayne","PM2.5","New Hanover",34.364167,-77.838611
"6888",2024-07-28,33,"Castle Hayne","PM2.5","New Hanover",34.364167,-77.838611
"6889",2024-07-29,48,"Castle Hayne","PM2.5","New Hanover",34.364167,-77.838611
"6890",2024-07-30,25,"Castle Hayne","PM2.5","New Hanover",34.364167,-77.838611
"6891",2024-07-31,19,"Castle Hayne","PM2.5","New Hanover",34.364167,-77.838611
"6892",2024-08-01,39,"Castle Hayne","PM2.5","New Hanover",34.364167,-77.838611
"6893",2024-08-02,33,"Castle Hayne","PM2.5","New Hanover",34.364167,-77.838611
"6894",2024-08-03,39,"Castle Hayne","PM2.5","New Hanover",34.364167,-77.838611
"6895",2024-08-04,12,"Castle Hayne","PM2.5","New Hanover",34.364167,-77.838611
"6896",2024-08-06,7,"Castle Hayne","PM2.5","New Hanover",34.364167,-77.838611
"6897",2024-08-07,14,"Castle Hayne","PM2.5","New Hanover",34.364167,-77.838611
"6898",2024-08-08,33,"Castle Hayne","PM2.5","New Hanover",34.364167,-77.838611
"6899",2024-08-09,5,"Castle Hayne","PM2.5","New Hanover",34.364167,-77.838611
"6900",2024-08-10,52,"Castle Hayne","PM2.5","New Hanover",34.364167,-77.838611
"6901",2024-08-11,23,"Castle Hayne","PM2.5","New Hanover",34.364167,-77.838611
"6902",2024-08-12,28,"Castle Hayne","PM2.5","New Hanover",34.364167,-77.838611
"6903",2024-08-13,27,"Castle Hayne","PM2.5","New Hanover",34.364167,-77.838611
"6904",2024-08-15,44,"Castle Hayne","PM2.5","New Hanover",34.364167,-77.838611
"6905",2024-08-16,55,"Castle Hayne","PM2.5","New Hanover",34.364167,-77.838611
"6906",2024-08-17,56,"Castle Hayne","PM2.5","New Hanover",34.364167,-77.838611
"6907",2024-08-18,48,"Castle Hayne","PM2.5","New Hanover",34.364167,-77.838611
"6908",2024-08-19,25,"Castle Hayne","PM2.5","New Hanover",34.364167,-77.838611
"6909",2024-08-20,7,"Castle Hayne","PM2.5","New Hanover",34.364167,-77.838611
"6910",2024-08-21,25,"Castle Hayne","PM2.5","New Hanover",34.364167,-77.838611
"6911",2024-08-22,19,"Castle Hayne","PM2.5","New Hanover",34.364167,-77.838611
"6912",2024-08-23,25,"Castle Hayne","PM2.5","New Hanover",34.364167,-77.838611
"6913",2024-08-24,22,"Castle Hayne","PM2.5","New Hanover",34.364167,-77.838611
"6914",2024-08-25,11,"Castle Hayne","PM2.5","New Hanover",34.364167,-77.838611
"6915",2024-08-26,2,"Castle Hayne","PM2.5","New Hanover",34.364167,-77.838611
"6916",2024-08-27,3,"Castle Hayne","PM2.5","New Hanover",34.364167,-77.838611
"6917",2024-08-28,12,"Castle Hayne","PM2.5","New Hanover",34.364167,-77.838611
"6918",2024-08-29,9,"Castle Hayne","PM2.5","New Hanover",34.364167,-77.838611
"6919",2024-08-30,4,"Castle Hayne","PM2.5","New Hanover",34.364167,-77.838611
"6920",2024-08-31,6,"Castle Hayne","PM2.5","New Hanover",34.364167,-77.838611
"6921",2024-09-01,0,"Castle Hayne","PM2.5","New Hanover",34.364167,-77.838611
"6922",2024-09-02,1,"Castle Hayne","PM2.5","New Hanover",34.364167,-77.838611
"6923",2024-09-03,24,"Castle Hayne","PM2.5","New Hanover",34.364167,-77.838611
"6924",2024-09-04,12,"Castle Hayne","PM2.5","New Hanover",34.364167,-77.838611
"6925",2024-09-05,11,"Castle Hayne","PM2.5","New Hanover",34.364167,-77.838611
"6926",2024-09-06,12,"Castle Hayne","PM2.5","New Hanover",34.364167,-77.838611
"6927",2024-09-07,0,"Castle Hayne","PM2.5","New Hanover",34.364167,-77.838611
"6928",2024-09-08,12,"Castle Hayne","PM2.5","New Hanover",34.364167,-77.838611
"6929",2024-09-09,8,"Castle Hayne","PM2.5","New Hanover",34.364167,-77.838611
"6930",2024-09-10,13,"Castle Hayne","PM2.5","New Hanover",34.364167,-77.838611
"6931",2024-09-11,19,"Castle Hayne","PM2.5","New Hanover",34.364167,-77.838611
"6932",2024-09-12,18,"Castle Hayne","PM2.5","New Hanover",34.364167,-77.838611
"6933",2024-09-13,0,"Castle Hayne","PM2.5","New Hanover",34.364167,-77.838611
"6934",2024-09-14,0,"Castle Hayne","PM2.5","New Hanover",34.364167,-77.838611
"6935",2024-09-15,18,"Castle Hayne","PM2.5","New Hanover",34.364167,-77.838611
"6936",2024-09-16,2,"Castle Hayne","PM2.5","New Hanover",34.364167,-77.838611
"6937",2024-09-17,2,"Castle Hayne","PM2.5","New Hanover",34.364167,-77.838611
"6938",2024-09-18,13,"Castle Hayne","PM2.5","New Hanover",34.364167,-77.838611
"6939",2024-09-19,16,"Castle Hayne","PM2.5","New Hanover",34.364167,-77.838611
"6940",2024-09-20,8,"Castle Hayne","PM2.5","New Hanover",34.364167,-77.838611
"6941",2024-09-21,3,"Castle Hayne","PM2.5","New Hanover",34.364167,-77.838611
"6942",2024-09-22,12,"Castle Hayne","PM2.5","New Hanover",34.364167,-77.838611
"6943",2024-09-23,6,"Castle Hayne","PM2.5","New Hanover",34.364167,-77.838611
"6944",2024-09-24,8,"Castle Hayne","PM2.5","New Hanover",34.364167,-77.838611
"6945",2024-09-25,3,"Castle Hayne","PM2.5","New Hanover",34.364167,-77.838611
"6946",2024-09-26,0,"Castle Hayne","PM2.5","New Hanover",34.364167,-77.838611
"6947",2024-09-27,7,"Castle Hayne","PM2.5","New Hanover",34.364167,-77.838611
"6948",2024-09-28,7,"Castle Hayne","PM2.5","New Hanover",34.364167,-77.838611
"6949",2024-09-29,25,"Castle Hayne","PM2.5","New Hanover",34.364167,-77.838611
"6950",2024-09-30,17,"Castle Hayne","PM2.5","New Hanover",34.364167,-77.838611
"6951",2024-10-01,37,"Castle Hayne","PM2.5","New Hanover",34.364167,-77.838611
"6952",2024-10-02,0,"Castle Hayne","PM2.5","New Hanover",34.364167,-77.838611
"6953",2024-10-03,0,"Castle Hayne","PM2.5","New Hanover",34.364167,-77.838611
"6954",2024-10-04,4,"Castle Hayne","PM2.5","New Hanover",34.364167,-77.838611
"6955",2024-10-05,17,"Castle Hayne","PM2.5","New Hanover",34.364167,-77.838611
"6956",2024-10-06,29,"Castle Hayne","PM2.5","New Hanover",34.364167,-77.838611
"6957",2024-10-07,32,"Castle Hayne","PM2.5","New Hanover",34.364167,-77.838611
"6958",2024-10-08,49,"Castle Hayne","PM2.5","New Hanover",34.364167,-77.838611
"6959",2024-10-09,21,"Castle Hayne","PM2.5","New Hanover",34.364167,-77.838611
"6960",2024-10-10,19,"Castle Hayne","PM2.5","New Hanover",34.364167,-77.838611
"6961",2024-10-11,10,"Castle Hayne","PM2.5","New Hanover",34.364167,-77.838611
"6962",2024-10-12,31,"Castle Hayne","PM2.5","New Hanover",34.364167,-77.838611
"6963",2024-10-13,33,"Castle Hayne","PM2.5","New Hanover",34.364167,-77.838611
"6964",2024-10-14,42,"Castle Hayne","PM2.5","New Hanover",34.364167,-77.838611
"6965",2024-10-15,23,"Castle Hayne","PM2.5","New Hanover",34.364167,-77.838611
"6966",2024-10-16,19,"Castle Hayne","PM2.5","New Hanover",34.364167,-77.838611
"6967",2024-10-17,14,"Castle Hayne","PM2.5","New Hanover",34.364167,-77.838611
"6968",2024-10-18,22,"Castle Hayne","PM2.5","New Hanover",34.364167,-77.838611
"6969",2024-10-28,28,"Castle Hayne","PM2.5","New Hanover",34.364167,-77.838611
"6970",2024-10-29,25,"Castle Hayne","PM2.5","New Hanover",34.364167,-77.838611
"6971",2024-10-30,26,"Castle Hayne","PM2.5","New Hanover",34.364167,-77.838611
"6972",2024-10-31,13,"Castle Hayne","PM2.5","New Hanover",34.364167,-77.838611
"6973",2024-11-01,9,"Castle Hayne","PM2.5","New Hanover",34.364167,-77.838611
"6974",2024-11-02,39,"Castle Hayne","PM2.5","New Hanover",34.364167,-77.838611
"6975",2024-11-03,26,"Castle Hayne","PM2.5","New Hanover",34.364167,-77.838611
"6976",2024-11-09,36,"Castle Hayne","PM2.5","New Hanover",34.364167,-77.838611
"6977",2024-11-10,13,"Castle Hayne","PM2.5","New Hanover",34.364167,-77.838611
"6978",2024-11-11,14,"Castle Hayne","PM2.5","New Hanover",34.364167,-77.838611
"6979",2024-11-12,42,"Castle Hayne","PM2.5","New Hanover",34.364167,-77.838611
"6980",2024-11-13,33,"Castle Hayne","PM2.5","New Hanover",34.364167,-77.838611
"6981",2024-11-14,17,"Castle Hayne","PM2.5","New Hanover",34.364167,-77.838611
"6982",2024-11-15,16,"Castle Hayne","PM2.5","New Hanover",34.364167,-77.838611
"6983",2024-11-16,29,"Castle Hayne","PM2.5","New Hanover",34.364167,-77.838611
"6984",2024-11-17,42,"Castle Hayne","PM2.5","New Hanover",34.364167,-77.838611
"6985",2024-11-19,60,"Castle Hayne","PM2.5","New Hanover",34.364167,-77.838611
"6986",2024-11-20,37,"Castle Hayne","PM2.5","New Hanover",34.364167,-77.838611
"6987",2024-11-21,24,"Castle Hayne","PM2.5","New Hanover",34.364167,-77.838611
"6988",2024-11-22,33,"Castle Hayne","PM2.5","New Hanover",34.364167,-77.838611
"6989",2024-11-23,26,"Castle Hayne","PM2.5","New Hanover",34.364167,-77.838611
"6990",2024-11-24,42,"Castle Hayne","PM2.5","New Hanover",34.364167,-77.838611
"6991",2024-11-25,52,"Castle Hayne","PM2.5","New Hanover",34.364167,-77.838611
"6992",2024-11-26,40,"Castle Hayne","PM2.5","New Hanover",34.364167,-77.838611
"6993",2024-11-27,41,"Castle Hayne","PM2.5","New Hanover",34.364167,-77.838611
"6994",2024-11-28,36,"Castle Hayne","PM2.5","New Hanover",34.364167,-77.838611
"6995",2024-11-29,37,"Castle Hayne","PM2.5","New Hanover",34.364167,-77.838611
"6996",2024-11-30,34,"Castle Hayne","PM2.5","New Hanover",34.364167,-77.838611
"6997",2024-12-01,46,"Castle Hayne","PM2.5","New Hanover",34.364167,-77.838611
"6998",2024-12-02,37,"Castle Hayne","PM2.5","New Hanover",34.364167,-77.838611
"6999",2024-12-03,46,"Castle Hayne","PM2.5","New Hanover",34.364167,-77.838611
"7000",2024-12-04,47,"Castle Hayne","PM2.5","New Hanover",34.364167,-77.838611
"7001",2024-12-05,54,"Castle Hayne","PM2.5","New Hanover",34.364167,-77.838611
"7002",2024-12-06,47,"Castle Hayne","PM2.5","New Hanover",34.364167,-77.838611
"7003",2024-12-07,45,"Castle Hayne","PM2.5","New Hanover",34.364167,-77.838611
"7004",2024-12-08,49,"Castle Hayne","PM2.5","New Hanover",34.364167,-77.838611
"7005",2024-12-09,51,"Castle Hayne","PM2.5","New Hanover",34.364167,-77.838611
"7006",2024-12-10,22,"Castle Hayne","PM2.5","New Hanover",34.364167,-77.838611
"7007",2024-12-11,23,"Castle Hayne","PM2.5","New Hanover",34.364167,-77.838611
"7008",2024-12-12,42,"Castle Hayne","PM2.5","New Hanover",34.364167,-77.838611
"7009",2024-12-13,52,"Castle Hayne","PM2.5","New Hanover",34.364167,-77.838611
"7010",2024-12-14,39,"Castle Hayne","PM2.5","New Hanover",34.364167,-77.838611
"7011",2024-12-15,22,"Castle Hayne","PM2.5","New Hanover",34.364167,-77.838611
"7012",2024-12-16,19,"Castle Hayne","PM2.5","New Hanover",34.364167,-77.838611
"7013",2024-12-17,18,"Castle Hayne","PM2.5","New Hanover",34.364167,-77.838611
"7014",2024-12-18,16,"Castle Hayne","PM2.5","New Hanover",34.364167,-77.838611
"7015",2024-12-19,28,"Castle Hayne","PM2.5","New Hanover",34.364167,-77.838611
"7016",2024-12-20,39,"Castle Hayne","PM2.5","New Hanover",34.364167,-77.838611
"7017",2024-12-21,37,"Castle Hayne","PM2.5","New Hanover",34.364167,-77.838611
"7018",2024-12-22,33,"Castle Hayne","PM2.5","New Hanover",34.364167,-77.838611
"7019",2024-12-23,39,"Castle Hayne","PM2.5","New Hanover",34.364167,-77.838611
"7020",2024-12-24,22,"Castle Hayne","PM2.5","New Hanover",34.364167,-77.838611
"7021",2024-12-25,44,"Castle Hayne","PM2.5","New Hanover",34.364167,-77.838611
"7022",2024-12-26,41,"Castle Hayne","PM2.5","New Hanover",34.364167,-77.838611
"7023",2024-12-27,31,"Castle Hayne","PM2.5","New Hanover",34.364167,-77.838611
"7024",2024-12-28,13,"Castle Hayne","PM2.5","New Hanover",34.364167,-77.838611
"7025",2024-12-29,21,"Castle Hayne","PM2.5","New Hanover",34.364167,-77.838611
"7026",2024-12-30,26,"Castle Hayne","PM2.5","New Hanover",34.364167,-77.838611
"7027",2024-12-31,38,"Castle Hayne","PM2.5","New Hanover",34.364167,-77.838611
"7028",2024-01-01,41,"Castle Hayne","PM2.5","New Hanover",34.364167,-77.838611
"7029",2024-01-02,20,"Castle Hayne","PM2.5","New Hanover",34.364167,-77.838611
"7030",2024-01-03,38,"Castle Hayne","PM2.5","New Hanover",34.364167,-77.838611
"7031",2024-01-04,49,"Castle Hayne","PM2.5","New Hanover",34.364167,-77.838611
"7032",2024-01-05,29,"Castle Hayne","PM2.5","New Hanover",34.364167,-77.838611
"7033",2024-01-06,34,"Castle Hayne","PM2.5","New Hanover",34.364167,-77.838611
"7034",2024-01-07,21,"Castle Hayne","PM2.5","New Hanover",34.364167,-77.838611
"7035",2024-01-08,21,"Castle Hayne","PM2.5","New Hanover",34.364167,-77.838611
"7036",2024-01-09,48,"Castle Hayne","PM2.5","New Hanover",34.364167,-77.838611
"7037",2024-01-10,23,"Castle Hayne","PM2.5","New Hanover",34.364167,-77.838611
"7038",2024-01-11,26,"Castle Hayne","PM2.5","New Hanover",34.364167,-77.838611
"7039",2024-01-12,45,"Castle Hayne","PM2.5","New Hanover",34.364167,-77.838611
"7040",2024-01-13,26,"Castle Hayne","PM2.5","New Hanover",34.364167,-77.838611
"7041",2024-01-14,21,"Castle Hayne","PM2.5","New Hanover",34.364167,-77.838611
"7042",2024-01-15,22,"Castle Hayne","PM2.5","New Hanover",34.364167,-77.838611
"7043",2024-01-16,36,"Castle Hayne","PM2.5","New Hanover",34.364167,-77.838611
"7044",2024-01-17,29,"Castle Hayne","PM2.5","New Hanover",34.364167,-77.838611
"7045",2024-01-18,34,"Castle Hayne","PM2.5","New Hanover",34.364167,-77.838611
"7046",2024-01-19,33,"Castle Hayne","PM2.5","New Hanover",34.364167,-77.838611
"7047",2024-01-20,38,"Castle Hayne","PM2.5","New Hanover",34.364167,-77.838611
"7048",2024-01-21,22,"Castle Hayne","PM2.5","New Hanover",34.364167,-77.838611
"7049",2024-01-22,29,"Castle Hayne","PM2.5","New Hanover",34.364167,-77.838611
"7050",2024-01-23,22,"Castle Hayne","PM2.5","New Hanover",34.364167,-77.838611
"7051",2024-01-24,25,"Castle Hayne","PM2.5","New Hanover",34.364167,-77.838611
"7052",2024-01-25,23,"Castle Hayne","PM2.5","New Hanover",34.364167,-77.838611
"7053",2024-01-26,29,"Castle Hayne","PM2.5","New Hanover",34.364167,-77.838611
"7054",2024-01-27,32,"Castle Hayne","PM2.5","New Hanover",34.364167,-77.838611
"7055",2024-01-28,21,"Castle Hayne","PM2.5","New Hanover",34.364167,-77.838611
"7056",2024-01-29,12,"Castle Hayne","PM2.5","New Hanover",34.364167,-77.838611
"7057",2024-01-30,22,"Castle Hayne","PM2.5","New Hanover",34.364167,-77.838611
"7058",2024-01-31,29,"Castle Hayne","PM2.5","New Hanover",34.364167,-77.838611
"7059",2024-02-01,42,"Castle Hayne","PM2.5","New Hanover",34.364167,-77.838611
"7060",2024-02-02,51,"Castle Hayne","PM2.5","New Hanover",34.364167,-77.838611
"7061",2024-02-03,26,"Castle Hayne","PM2.5","New Hanover",34.364167,-77.838611
"7062",2024-02-04,40,"Castle Hayne","PM2.5","New Hanover",34.364167,-77.838611
"7063",2024-02-05,51,"Castle Hayne","PM2.5","New Hanover",34.364167,-77.838611
"7064",2024-02-06,24,"Castle Hayne","PM2.5","New Hanover",34.364167,-77.838611
"7065",2024-02-07,26,"Castle Hayne","PM2.5","New Hanover",34.364167,-77.838611
"7066",2024-02-08,32,"Castle Hayne","PM2.5","New Hanover",34.364167,-77.838611
"7067",2024-02-09,48,"Castle Hayne","PM2.5","New Hanover",34.364167,-77.838611
"7068",2024-02-10,43,"Castle Hayne","PM2.5","New Hanover",34.364167,-77.838611
"7069",2024-02-11,30,"Castle Hayne","PM2.5","New Hanover",34.364167,-77.838611
"7070",2024-02-12,24,"Castle Hayne","PM2.5","New Hanover",34.364167,-77.838611
"7071",2024-02-13,18,"Castle Hayne","PM2.5","New Hanover",34.364167,-77.838611
"7072",2024-02-14,26,"Castle Hayne","PM2.5","New Hanover",34.364167,-77.838611
"7073",2024-02-15,40,"Castle Hayne","PM2.5","New Hanover",34.364167,-77.838611
"7074",2024-02-16,36,"Castle Hayne","PM2.5","New Hanover",34.364167,-77.838611
"7075",2024-02-17,54,"Castle Hayne","PM2.5","New Hanover",34.364167,-77.838611
"7076",2024-02-18,24,"Castle Hayne","PM2.5","New Hanover",34.364167,-77.838611
"7077",2024-02-19,34,"Castle Hayne","PM2.5","New Hanover",34.364167,-77.838611
"7078",2024-02-20,61,"Castle Hayne","PM2.5","New Hanover",34.364167,-77.838611
"7079",2024-02-21,26,"Castle Hayne","PM2.5","New Hanover",34.364167,-77.838611
"7080",2024-02-22,57,"Castle Hayne","PM2.5","New Hanover",34.364167,-77.838611
"7081",2024-02-23,53,"Castle Hayne","PM2.5","New Hanover",34.364167,-77.838611
"7082",2024-02-24,32,"Castle Hayne","PM2.5","New Hanover",34.364167,-77.838611
"7083",2024-02-25,35,"Castle Hayne","PM2.5","New Hanover",34.364167,-77.838611
"7084",2024-02-26,58,"Castle Hayne","PM2.5","New Hanover",34.364167,-77.838611
"7085",2024-02-27,41,"Castle Hayne","PM2.5","New Hanover",34.364167,-77.838611
"7086",2024-02-28,48,"Castle Hayne","PM2.5","New Hanover",34.364167,-77.838611
"7087",2024-02-29,22,"Castle Hayne","PM2.5","New Hanover",34.364167,-77.838611
"7088",2024-03-01,31,"Castle Hayne","PM2.5","New Hanover",34.364167,-77.838611
"7089",2024-03-02,29,"Castle Hayne","PM2.5","New Hanover",34.364167,-77.838611
"7090",2024-03-03,27,"Castle Hayne","PM2.5","New Hanover",34.364167,-77.838611
"7091",2024-03-04,21,"Castle Hayne","PM2.5","New Hanover",34.364167,-77.838611
"7092",2024-03-05,22,"Castle Hayne","PM2.5","New Hanover",34.364167,-77.838611
"7093",2024-03-06,28,"Castle Hayne","PM2.5","New Hanover",34.364167,-77.838611
"7094",2024-03-07,23,"Castle Hayne","PM2.5","New Hanover",34.364167,-77.838611
"7095",2024-03-08,20,"Castle Hayne","PM2.5","New Hanover",34.364167,-77.838611
"7096",2024-03-09,39,"Castle Hayne","PM2.5","New Hanover",34.364167,-77.838611
"7097",2024-03-10,16,"Castle Hayne","PM2.5","New Hanover",34.364167,-77.838611
"7098",2024-03-11,17,"Castle Hayne","PM2.5","New Hanover",34.364167,-77.838611
"7099",2024-03-12,45,"Castle Hayne","PM2.5","New Hanover",34.364167,-77.838611
"7100",2024-03-13,60,"Castle Hayne","PM2.5","New Hanover",34.364167,-77.838611
"7101",2024-03-14,81,"Castle Hayne","PM2.5","New Hanover",34.364167,-77.838611
"7102",2024-03-15,73,"Castle Hayne","PM2.5","New Hanover",34.364167,-77.838611
"7103",2024-03-16,57,"Castle Hayne","PM2.5","New Hanover",34.364167,-77.838611
"7104",2024-03-17,40,"Castle Hayne","PM2.5","New Hanover",34.364167,-77.838611
"7105",2024-03-18,32,"Castle Hayne","PM2.5","New Hanover",34.364167,-77.838611
"7106",2024-03-19,29,"Castle Hayne","PM2.5","New Hanover",34.364167,-77.838611
"7107",2024-03-20,61,"Castle Hayne","PM2.5","New Hanover",34.364167,-77.838611
"7108",2024-03-21,69,"Castle Hayne","PM2.5","New Hanover",34.364167,-77.838611
"7109",2024-03-22,45,"Castle Hayne","PM2.5","New Hanover",34.364167,-77.838611
"7110",2024-03-23,34,"Castle Hayne","PM2.5","New Hanover",34.364167,-77.838611
"7111",2024-03-24,21,"Castle Hayne","PM2.5","New Hanover",34.364167,-77.838611
"7112",2024-03-25,42,"Castle Hayne","PM2.5","New Hanover",34.364167,-77.838611
"7113",2024-03-26,52,"Castle Hayne","PM2.5","New Hanover",34.364167,-77.838611
"7114",2024-03-27,31,"Castle Hayne","PM2.5","New Hanover",34.364167,-77.838611
"7115",2024-03-28,20,"Castle Hayne","PM2.5","New Hanover",34.364167,-77.838611
"7116",2024-03-29,37,"Castle Hayne","PM2.5","New Hanover",34.364167,-77.838611
"7117",2024-03-30,38,"Castle Hayne","PM2.5","New Hanover",34.364167,-77.838611
"7118",2024-03-31,53,"Castle Hayne","PM2.5","New Hanover",34.364167,-77.838611
"7119",2024-04-01,52,"Castle Hayne","PM2.5","New Hanover",34.364167,-77.838611
"7120",2024-04-02,57,"Castle Hayne","PM2.5","New Hanover",34.364167,-77.838611
"7121",2024-04-03,55,"Castle Hayne","PM2.5","New Hanover",34.364167,-77.838611
"7122",2024-04-04,18,"Castle Hayne","PM2.5","New Hanover",34.364167,-77.838611
"7123",2024-04-05,19,"Castle Hayne","PM2.5","New Hanover",34.364167,-77.838611
"7124",2024-04-06,15,"Castle Hayne","PM2.5","New Hanover",34.364167,-77.838611
"7125",2024-04-07,20,"Castle Hayne","PM2.5","New Hanover",34.364167,-77.838611
"7126",2024-04-08,26,"Castle Hayne","PM2.5","New Hanover",34.364167,-77.838611
"7127",2024-04-09,31,"Castle Hayne","PM2.5","New Hanover",34.364167,-77.838611
"7128",2024-04-10,36,"Castle Hayne","PM2.5","New Hanover",34.364167,-77.838611
"7129",2024-04-11,52,"Castle Hayne","PM2.5","New Hanover",34.364167,-77.838611
"7130",2024-04-12,28,"Castle Hayne","PM2.5","New Hanover",34.364167,-77.838611
"7131",2024-04-13,19,"Castle Hayne","PM2.5","New Hanover",34.364167,-77.838611
"7132",2024-04-14,28,"Castle Hayne","PM2.5","New Hanover",34.364167,-77.838611
"7133",2024-04-15,54,"Castle Hayne","PM2.5","New Hanover",34.364167,-77.838611
"7134",2024-04-16,59,"Castle Hayne","PM2.5","New Hanover",34.364167,-77.838611
"7135",2024-04-17,49,"Castle Hayne","PM2.5","New Hanover",34.364167,-77.838611
"7136",2024-04-18,47,"Castle Hayne","PM2.5","New Hanover",34.364167,-77.838611
"7137",2024-04-19,51,"Castle Hayne","PM2.5","New Hanover",34.364167,-77.838611
"7138",2024-04-20,59,"Castle Hayne","PM2.5","New Hanover",34.364167,-77.838611
"7139",2024-04-21,35,"Castle Hayne","PM2.5","New Hanover",34.364167,-77.838611
"7140",2024-04-22,28,"Castle Hayne","PM2.5","New Hanover",34.364167,-77.838611
"7141",2024-04-23,32,"Castle Hayne","PM2.5","New Hanover",34.364167,-77.838611
"7142",2024-04-24,53,"Castle Hayne","PM2.5","New Hanover",34.364167,-77.838611
"7143",2024-04-25,60,"Castle Hayne","PM2.5","New Hanover",34.364167,-77.838611
"7144",2024-04-26,50,"Castle Hayne","PM2.5","New Hanover",34.364167,-77.838611
"7145",2024-04-27,35,"Castle Hayne","PM2.5","New Hanover",34.364167,-77.838611
"7146",2024-04-28,33,"Castle Hayne","PM2.5","New Hanover",34.364167,-77.838611
"7147",2024-04-29,31,"Castle Hayne","PM2.5","New Hanover",34.364167,-77.838611
"7148",2024-04-30,35,"Castle Hayne","PM2.5","New Hanover",34.364167,-77.838611
"7149",2024-05-01,32,"Castle Hayne","PM2.5","New Hanover",34.364167,-77.838611
"7150",2024-05-02,33,"Castle Hayne","PM2.5","New Hanover",34.364167,-77.838611
"7151",2024-05-03,30,"Castle Hayne","PM2.5","New Hanover",34.364167,-77.838611
"7152",2024-05-04,24,"Castle Hayne","PM2.5","New Hanover",34.364167,-77.838611
"7153",2024-05-05,23,"Castle Hayne","PM2.5","New Hanover",34.364167,-77.838611
"7154",2024-05-06,26,"Castle Hayne","PM2.5","New Hanover",34.364167,-77.838611
"7155",2024-05-07,41,"Castle Hayne","PM2.5","New Hanover",34.364167,-77.838611
"7156",2024-05-08,52,"Castle Hayne","PM2.5","New Hanover",34.364167,-77.838611
"7157",2024-05-09,36,"Castle Hayne","PM2.5","New Hanover",34.364167,-77.838611
"7158",2024-05-10,34,"Castle Hayne","PM2.5","New Hanover",34.364167,-77.838611
"7159",2024-05-11,29,"Castle Hayne","PM2.5","New Hanover",34.364167,-77.838611
"7160",2024-05-12,32,"Castle Hayne","PM2.5","New Hanover",34.364167,-77.838611
"7161",2024-05-13,29,"Castle Hayne","PM2.5","New Hanover",34.364167,-77.838611
"7162",2024-05-14,46,"Castle Hayne","PM2.5","New Hanover",34.364167,-77.838611
"7163",2024-05-15,45,"Castle Hayne","PM2.5","New Hanover",34.364167,-77.838611
"7164",2024-05-16,33,"Castle Hayne","PM2.5","New Hanover",34.364167,-77.838611
"7165",2024-05-17,42,"Castle Hayne","PM2.5","New Hanover",34.364167,-77.838611
"7166",2024-05-18,47,"Castle Hayne","PM2.5","New Hanover",34.364167,-77.838611
"7167",2024-05-19,23,"Castle Hayne","PM2.5","New Hanover",34.364167,-77.838611
"7168",2024-05-20,22,"Castle Hayne","PM2.5","New Hanover",34.364167,-77.838611
"7169",2024-05-21,16,"Castle Hayne","PM2.5","New Hanover",34.364167,-77.838611
"7170",2024-05-22,15,"Castle Hayne","PM2.5","New Hanover",34.364167,-77.838611
"7171",2024-05-23,26,"Castle Hayne","PM2.5","New Hanover",34.364167,-77.838611
"7172",2024-05-24,38,"Castle Hayne","PM2.5","New Hanover",34.364167,-77.838611
"7173",2024-05-25,45,"Castle Hayne","PM2.5","New Hanover",34.364167,-77.838611
"7174",2024-05-26,48,"Castle Hayne","PM2.5","New Hanover",34.364167,-77.838611
"7175",2024-05-27,56,"Castle Hayne","PM2.5","New Hanover",34.364167,-77.838611
"7176",2024-05-28,57,"Castle Hayne","PM2.5","New Hanover",34.364167,-77.838611
"7177",2024-05-29,52,"Castle Hayne","PM2.5","New Hanover",34.364167,-77.838611
"7178",2024-05-30,39,"Castle Hayne","PM2.5","New Hanover",34.364167,-77.838611
"7179",2024-05-31,44,"Castle Hayne","PM2.5","New Hanover",34.364167,-77.838611
"7180",2024-06-01,62,"Castle Hayne","PM2.5","New Hanover",34.364167,-77.838611
"7181",2024-06-02,24,"Castle Hayne","PM2.5","New Hanover",34.364167,-77.838611
"7182",2024-06-03,24,"Castle Hayne","PM2.5","New Hanover",34.364167,-77.838611
"7183",2024-06-04,27,"Castle Hayne","PM2.5","New Hanover",34.364167,-77.838611
"7184",2024-06-05,26,"Castle Hayne","PM2.5","New Hanover",34.364167,-77.838611
"7185",2024-06-06,40,"Castle Hayne","PM2.5","New Hanover",34.364167,-77.838611
"7186",2024-06-07,52,"Castle Hayne","PM2.5","New Hanover",34.364167,-77.838611
"7187",2024-06-08,38,"Castle Hayne","PM2.5","New Hanover",34.364167,-77.838611
"7188",2024-06-09,50,"Castle Hayne","PM2.5","New Hanover",34.364167,-77.838611
"7189",2024-06-10,44,"Castle Hayne","PM2.5","New Hanover",34.364167,-77.838611
"7190",2024-06-11,48,"Castle Hayne","PM2.5","New Hanover",34.364167,-77.838611
"7191",2024-06-12,31,"Castle Hayne","PM2.5","New Hanover",34.364167,-77.838611
"7192",2024-06-13,34,"Castle Hayne","PM2.5","New Hanover",34.364167,-77.838611
"7193",2024-06-14,43,"Castle Hayne","PM2.5","New Hanover",34.364167,-77.838611
"7194",2024-06-15,56,"Castle Hayne","PM2.5","New Hanover",34.364167,-77.838611
"7195",2024-06-16,33,"Castle Hayne","PM2.5","New Hanover",34.364167,-77.838611
"7196",2024-06-17,33,"Castle Hayne","PM2.5","New Hanover",34.364167,-77.838611
"7197",2024-06-18,27,"Castle Hayne","PM2.5","New Hanover",34.364167,-77.838611
"7198",2024-06-19,33,"Castle Hayne","PM2.5","New Hanover",34.364167,-77.838611
"7199",2024-06-20,32,"Castle Hayne","PM2.5","New Hanover",34.364167,-77.838611
"7200",2024-06-21,30,"Castle Hayne","PM2.5","New Hanover",34.364167,-77.838611
"7201",2024-06-22,32,"Castle Hayne","PM2.5","New Hanover",34.364167,-77.838611
"7202",2024-06-23,28,"Castle Hayne","PM2.5","New Hanover",34.364167,-77.838611
"7203",2024-06-24,54,"Castle Hayne","PM2.5","New Hanover",34.364167,-77.838611
"7204",2024-06-25,44,"Castle Hayne","PM2.5","New Hanover",34.364167,-77.838611
"7205",2024-06-26,26,"Castle Hayne","PM2.5","New Hanover",34.364167,-77.838611
"7206",2024-06-27,45,"Castle Hayne","PM2.5","New Hanover",34.364167,-77.838611
"7207",2024-06-28,45,"Castle Hayne","PM2.5","New Hanover",34.364167,-77.838611
"7208",2024-06-29,27,"Castle Hayne","PM2.5","New Hanover",34.364167,-77.838611
"7209",2024-06-30,27,"Castle Hayne","PM2.5","New Hanover",34.364167,-77.838611
"7210",2024-07-01,36,"Castle Hayne","PM2.5","New Hanover",34.364167,-77.838611
"7211",2024-07-02,23,"Castle Hayne","PM2.5","New Hanover",34.364167,-77.838611
"7212",2024-07-03,24,"Castle Hayne","PM2.5","New Hanover",34.364167,-77.838611
"7213",2024-07-04,28,"Castle Hayne","PM2.5","New Hanover",34.364167,-77.838611
"7214",2024-07-05,34,"Castle Hayne","PM2.5","New Hanover",34.364167,-77.838611
"7215",2024-07-06,41,"Castle Hayne","PM2.5","New Hanover",34.364167,-77.838611
"7216",2024-07-07,36,"Castle Hayne","PM2.5","New Hanover",34.364167,-77.838611
"7217",2024-07-08,27,"Castle Hayne","PM2.5","New Hanover",34.364167,-77.838611
"7218",2024-07-09,25,"Castle Hayne","PM2.5","New Hanover",34.364167,-77.838611
"7219",2024-07-10,25,"Castle Hayne","PM2.5","New Hanover",34.364167,-77.838611
"7220",2024-07-11,29,"Castle Hayne","PM2.5","New Hanover",34.364167,-77.838611
"7221",2024-07-12,51,"Castle Hayne","PM2.5","New Hanover",34.364167,-77.838611
"7222",2024-07-13,37,"Castle Hayne","PM2.5","New Hanover",34.364167,-77.838611
"7223",2024-07-14,54,"Castle Hayne","PM2.5","New Hanover",34.364167,-77.838611
"7224",2024-07-15,61,"Castle Hayne","PM2.5","New Hanover",34.364167,-77.838611
"7225",2024-07-16,57,"Castle Hayne","PM2.5","New Hanover",34.364167,-77.838611
"7226",2024-07-17,43,"Castle Hayne","PM2.5","New Hanover",34.364167,-77.838611
"7227",2024-07-18,37,"Castle Hayne","PM2.5","New Hanover",34.364167,-77.838611
"7228",2024-07-25,37,"Castle Hayne","PM2.5","New Hanover",34.364167,-77.838611
"7229",2024-07-26,28,"Castle Hayne","PM2.5","New Hanover",34.364167,-77.838611
"7230",2024-07-27,47,"Castle Hayne","PM2.5","New Hanover",34.364167,-77.838611
"7231",2024-07-28,52,"Castle Hayne","PM2.5","New Hanover",34.364167,-77.838611
"7232",2024-07-29,58,"Castle Hayne","PM2.5","New Hanover",34.364167,-77.838611
"7233",2024-07-30,48,"Castle Hayne","PM2.5","New Hanover",34.364167,-77.838611
"7234",2024-07-31,39,"Castle Hayne","PM2.5","New Hanover",34.364167,-77.838611
"7235",2024-08-01,54,"Castle Hayne","PM2.5","New Hanover",34.364167,-77.838611
"7236",2024-08-02,49,"Castle Hayne","PM2.5","New Hanover",34.364167,-77.838611
"7237",2024-08-03,45,"Castle Hayne","PM2.5","New Hanover",34.364167,-77.838611
"7238",2024-08-04,31,"Castle Hayne","PM2.5","New Hanover",34.364167,-77.838611
"7239",2024-08-06,43,"Castle Hayne","PM2.5","New Hanover",34.364167,-77.838611
"7240",2024-08-07,52,"Castle Hayne","PM2.5","New Hanover",34.364167,-77.838611
"7241",2024-08-08,55,"Castle Hayne","PM2.5","New Hanover",34.364167,-77.838611
"7242",2024-08-09,41,"Castle Hayne","PM2.5","New Hanover",34.364167,-77.838611
"7243",2024-08-10,61,"Castle Hayne","PM2.5","New Hanover",34.364167,-77.838611
"7244",2024-08-11,51,"Castle Hayne","PM2.5","New Hanover",34.364167,-77.838611
"7245",2024-08-12,51,"Castle Hayne","PM2.5","New Hanover",34.364167,-77.838611
"7246",2024-08-13,45,"Castle Hayne","PM2.5","New Hanover",34.364167,-77.838611
"7247",2024-08-15,58,"Castle Hayne","PM2.5","New Hanover",34.364167,-77.838611
"7248",2024-08-16,67,"Castle Hayne","PM2.5","New Hanover",34.364167,-77.838611
"7249",2024-08-17,66,"Castle Hayne","PM2.5","New Hanover",34.364167,-77.838611
"7250",2024-08-18,58,"Castle Hayne","PM2.5","New Hanover",34.364167,-77.838611
"7251",2024-08-19,49,"Castle Hayne","PM2.5","New Hanover",34.364167,-77.838611
"7252",2024-08-20,29,"Castle Hayne","PM2.5","New Hanover",34.364167,-77.838611
"7253",2024-08-21,41,"Castle Hayne","PM2.5","New Hanover",34.364167,-77.838611
"7254",2024-08-22,29,"Castle Hayne","PM2.5","New Hanover",34.364167,-77.838611
"7255",2024-08-23,37,"Castle Hayne","PM2.5","New Hanover",34.364167,-77.838611
"7256",2024-08-24,38,"Castle Hayne","PM2.5","New Hanover",34.364167,-77.838611
"7257",2024-08-25,30,"Castle Hayne","PM2.5","New Hanover",34.364167,-77.838611
"7258",2024-08-26,25,"Castle Hayne","PM2.5","New Hanover",34.364167,-77.838611
"7259",2024-08-27,25,"Castle Hayne","PM2.5","New Hanover",34.364167,-77.838611
"7260",2024-08-28,33,"Castle Hayne","PM2.5","New Hanover",34.364167,-77.838611
"7261",2024-08-29,32,"Castle Hayne","PM2.5","New Hanover",34.364167,-77.838611
"7262",2024-08-30,27,"Castle Hayne","PM2.5","New Hanover",34.364167,-77.838611
"7263",2024-08-31,34,"Castle Hayne","PM2.5","New Hanover",34.364167,-77.838611
"7264",2024-09-01,27,"Castle Hayne","PM2.5","New Hanover",34.364167,-77.838611
"7265",2024-09-02,22,"Castle Hayne","PM2.5","New Hanover",34.364167,-77.838611
"7266",2024-09-03,44,"Castle Hayne","PM2.5","New Hanover",34.364167,-77.838611
"7267",2024-09-04,33,"Castle Hayne","PM2.5","New Hanover",34.364167,-77.838611
"7268",2024-09-05,36,"Castle Hayne","PM2.5","New Hanover",34.364167,-77.838611
"7269",2024-09-06,36,"Castle Hayne","PM2.5","New Hanover",34.364167,-77.838611
"7270",2024-09-07,23,"Castle Hayne","PM2.5","New Hanover",34.364167,-77.838611
"7271",2024-09-08,27,"Castle Hayne","PM2.5","New Hanover",34.364167,-77.838611
"7272",2024-09-09,21,"Castle Hayne","PM2.5","New Hanover",34.364167,-77.838611
"7273",2024-09-10,23,"Castle Hayne","PM2.5","New Hanover",34.364167,-77.838611
"7274",2024-09-11,31,"Castle Hayne","PM2.5","New Hanover",34.364167,-77.838611
"7275",2024-09-12,39,"Castle Hayne","PM2.5","New Hanover",34.364167,-77.838611
"7276",2024-09-13,24,"Castle Hayne","PM2.5","New Hanover",34.364167,-77.838611
"7277",2024-09-14,31,"Castle Hayne","PM2.5","New Hanover",34.364167,-77.838611
"7278",2024-09-15,53,"Castle Hayne","PM2.5","New Hanover",34.364167,-77.838611
"7279",2024-09-18,41,"Castle Hayne","PM2.5","New Hanover",34.364167,-77.838611
"7280",2024-09-19,36,"Castle Hayne","PM2.5","New Hanover",34.364167,-77.838611
"7281",2024-09-20,33,"Castle Hayne","PM2.5","New Hanover",34.364167,-77.838611
"7282",2024-09-21,26,"Castle Hayne","PM2.5","New Hanover",34.364167,-77.838611
"7283",2024-09-22,36,"Castle Hayne","PM2.5","New Hanover",34.364167,-77.838611
"7284",2024-09-23,36,"Castle Hayne","PM2.5","New Hanover",34.364167,-77.838611
"7285",2024-09-24,39,"Castle Hayne","PM2.5","New Hanover",34.364167,-77.838611
"7286",2024-09-25,34,"Castle Hayne","PM2.5","New Hanover",34.364167,-77.838611
"7287",2024-09-26,23,"Castle Hayne","PM2.5","New Hanover",34.364167,-77.838611
"7288",2024-09-27,46,"Castle Hayne","PM2.5","New Hanover",34.364167,-77.838611
"7289",2024-09-28,34,"Castle Hayne","PM2.5","New Hanover",34.364167,-77.838611
"7290",2024-09-29,41,"Castle Hayne","PM2.5","New Hanover",34.364167,-77.838611
"7291",2024-09-30,36,"Castle Hayne","PM2.5","New Hanover",34.364167,-77.838611
"7292",2024-10-01,52,"Castle Hayne","PM2.5","New Hanover",34.364167,-77.838611
"7293",2024-10-02,27,"Castle Hayne","PM2.5","New Hanover",34.364167,-77.838611
"7294",2024-10-03,27,"Castle Hayne","PM2.5","New Hanover",34.364167,-77.838611
"7295",2024-10-04,31,"Castle Hayne","PM2.5","New Hanover",34.364167,-77.838611
"7296",2024-10-05,37,"Castle Hayne","PM2.5","New Hanover",34.364167,-77.838611
"7297",2024-10-06,44,"Castle Hayne","PM2.5","New Hanover",34.364167,-77.838611
"7298",2024-10-07,51,"Castle Hayne","PM2.5","New Hanover",34.364167,-77.838611
"7299",2024-10-08,56,"Castle Hayne","PM2.5","New Hanover",34.364167,-77.838611
"7300",2024-10-09,31,"Castle Hayne","PM2.5","New Hanover",34.364167,-77.838611
"7301",2024-10-10,24,"Castle Hayne","PM2.5","New Hanover",34.364167,-77.838611
"7302",2024-10-11,17,"Castle Hayne","PM2.5","New Hanover",34.364167,-77.838611
"7303",2024-10-12,33,"Castle Hayne","PM2.5","New Hanover",34.364167,-77.838611
"7304",2024-10-13,40,"Castle Hayne","PM2.5","New Hanover",34.364167,-77.838611
"7305",2024-10-14,54,"Castle Hayne","PM2.5","New Hanover",34.364167,-77.838611
"7306",2024-10-15,27,"Castle Hayne","PM2.5","New Hanover",34.364167,-77.838611
"7307",2024-10-16,24,"Castle Hayne","PM2.5","New Hanover",34.364167,-77.838611
"7308",2024-10-17,18,"Castle Hayne","PM2.5","New Hanover",34.364167,-77.838611
"7309",2024-10-18,24,"Castle Hayne","PM2.5","New Hanover",34.364167,-77.838611
"7310",2024-10-19,27,"Castle Hayne","PM2.5","New Hanover",34.364167,-77.838611
"7311",2024-10-20,24,"Castle Hayne","PM2.5","New Hanover",34.364167,-77.838611
"7312",2024-10-21,28,"Castle Hayne","PM2.5","New Hanover",34.364167,-77.838611
"7313",2024-10-22,37,"Castle Hayne","PM2.5","New Hanover",34.364167,-77.838611
"7314",2024-10-23,36,"Castle Hayne","PM2.5","New Hanover",34.364167,-77.838611
"7315",2024-10-24,58,"Castle Hayne","PM2.5","New Hanover",34.364167,-77.838611
"7316",2024-10-25,46,"Castle Hayne","PM2.5","New Hanover",34.364167,-77.838611
"7317",2024-10-26,58,"Castle Hayne","PM2.5","New Hanover",34.364167,-77.838611
"7318",2024-10-27,31,"Castle Hayne","PM2.5","New Hanover",34.364167,-77.838611
"7319",2024-10-28,28,"Castle Hayne","PM2.5","New Hanover",34.364167,-77.838611
"7320",2024-10-29,25,"Castle Hayne","PM2.5","New Hanover",34.364167,-77.838611
"7321",2024-10-30,28,"Castle Hayne","PM2.5","New Hanover",34.364167,-77.838611
"7322",2024-10-31,22,"Castle Hayne","PM2.5","New Hanover",34.364167,-77.838611
"7323",2024-11-01,23,"Castle Hayne","PM2.5","New Hanover",34.364167,-77.838611
"7324",2024-11-02,37,"Castle Hayne","PM2.5","New Hanover",34.364167,-77.838611
"7325",2024-11-03,23,"Castle Hayne","PM2.5","New Hanover",34.364167,-77.838611
"7326",2024-11-04,25,"Castle Hayne","PM2.5","New Hanover",34.364167,-77.838611
"7327",2024-11-05,27,"Castle Hayne","PM2.5","New Hanover",34.364167,-77.838611
"7328",2024-11-06,28,"Castle Hayne","PM2.5","New Hanover",34.364167,-77.838611
"7329",2024-11-07,32,"Castle Hayne","PM2.5","New Hanover",34.364167,-77.838611
"7330",2024-11-08,37,"Castle Hayne","PM2.5","New Hanover",34.364167,-77.838611
"7331",2024-11-09,36,"Castle Hayne","PM2.5","New Hanover",34.364167,-77.838611
"7332",2024-11-10,24,"Castle Hayne","PM2.5","New Hanover",34.364167,-77.838611
"7333",2024-11-11,30,"Castle Hayne","PM2.5","New Hanover",34.364167,-77.838611
"7334",2024-11-12,37,"Castle Hayne","PM2.5","New Hanover",34.364167,-77.838611
"7335",2024-11-13,24,"Castle Hayne","PM2.5","New Hanover",34.364167,-77.838611
"7336",2024-11-14,22,"Castle Hayne","PM2.5","New Hanover",34.364167,-77.838611
"7337",2024-11-15,18,"Castle Hayne","PM2.5","New Hanover",34.364167,-77.838611
"7338",2024-11-16,28,"Castle Hayne","PM2.5","New Hanover",34.364167,-77.838611
"7339",2024-11-17,37,"Castle Hayne","PM2.5","New Hanover",34.364167,-77.838611
"7340",2024-11-19,61,"Castle Hayne","PM2.5","New Hanover",34.364167,-77.838611
"7341",2024-11-20,41,"Castle Hayne","PM2.5","New Hanover",34.364167,-77.838611
"7342",2024-11-21,14,"Castle Hayne","PM2.5","New Hanover",34.364167,-77.838611
"7343",2024-11-22,17,"Castle Hayne","PM2.5","New Hanover",34.364167,-77.838611
"7344",2024-11-23,13,"Castle Hayne","PM2.5","New Hanover",34.364167,-77.838611
"7345",2024-11-24,23,"Castle Hayne","PM2.5","New Hanover",34.364167,-77.838611
"7346",2024-11-25,40,"Castle Hayne","PM2.5","New Hanover",34.364167,-77.838611
"7347",2024-11-26,38,"Castle Hayne","PM2.5","New Hanover",34.364167,-77.838611
"7348",2024-11-27,43,"Castle Hayne","PM2.5","New Hanover",34.364167,-77.838611
"7349",2024-11-28,35,"Castle Hayne","PM2.5","New Hanover",34.364167,-77.838611
"7350",2024-11-29,24,"Castle Hayne","PM2.5","New Hanover",34.364167,-77.838611
"7351",2024-11-30,24,"Castle Hayne","PM2.5","New Hanover",34.364167,-77.838611
"7352",2024-12-01,30,"Castle Hayne","PM2.5","New Hanover",34.364167,-77.838611
"7353",2024-12-02,25,"Castle Hayne","PM2.5","New Hanover",34.364167,-77.838611
"7354",2024-12-03,26,"Castle Hayne","PM2.5","New Hanover",34.364167,-77.838611
"7355",2024-12-04,33,"Castle Hayne","PM2.5","New Hanover",34.364167,-77.838611
"7356",2024-12-05,47,"Castle Hayne","PM2.5","New Hanover",34.364167,-77.838611
"7357",2024-12-06,25,"Castle Hayne","PM2.5","New Hanover",34.364167,-77.838611
"7358",2024-12-07,28,"Castle Hayne","PM2.5","New Hanover",34.364167,-77.838611
"7359",2024-12-08,34,"Castle Hayne","PM2.5","New Hanover",34.364167,-77.838611
"7360",2024-12-09,38,"Castle Hayne","PM2.5","New Hanover",34.364167,-77.838611
"7361",2024-12-10,27,"Castle Hayne","PM2.5","New Hanover",34.364167,-77.838611
"7362",2024-12-11,26,"Castle Hayne","PM2.5","New Hanover",34.364167,-77.838611
"7363",2024-12-12,22,"Castle Hayne","PM2.5","New Hanover",34.364167,-77.838611
"7364",2024-12-13,32,"Castle Hayne","PM2.5","New Hanover",34.364167,-77.838611
"7365",2024-12-14,25,"Castle Hayne","PM2.5","New Hanover",34.364167,-77.838611
"7366",2024-12-15,21,"Castle Hayne","PM2.5","New Hanover",34.364167,-77.838611
"7367",2024-12-16,20,"Castle Hayne","PM2.5","New Hanover",34.364167,-77.838611
"7368",2024-12-17,20,"Castle Hayne","PM2.5","New Hanover",34.364167,-77.838611
"7369",2024-12-18,18,"Castle Hayne","PM2.5","New Hanover",34.364167,-77.838611
"7370",2024-12-19,23,"Castle Hayne","PM2.5","New Hanover",34.364167,-77.838611
"7371",2024-12-20,35,"Castle Hayne","PM2.5","New Hanover",34.364167,-77.838611
"7372",2024-12-21,29,"Castle Hayne","PM2.5","New Hanover",34.364167,-77.838611
"7373",2024-12-22,20,"Castle Hayne","PM2.5","New Hanover",34.364167,-77.838611
"7374",2024-12-23,24,"Castle Hayne","PM2.5","New Hanover",34.364167,-77.838611
"7375",2024-12-24,18,"Castle Hayne","PM2.5","New Hanover",34.364167,-77.838611
"7376",2024-12-25,31,"Castle Hayne","PM2.5","New Hanover",34.364167,-77.838611
"7377",2024-12-26,31,"Castle Hayne","PM2.5","New Hanover",34.364167,-77.838611
"7378",2024-12-27,31,"Castle Hayne","PM2.5","New Hanover",34.364167,-77.838611
"7379",2024-12-28,21,"Castle Hayne","PM2.5","New Hanover",34.364167,-77.838611
"7380",2024-12-29,22,"Castle Hayne","PM2.5","New Hanover",34.364167,-77.838611
"7381",2024-12-30,24,"Castle Hayne","PM2.5","New Hanover",34.364167,-77.838611
"7382",2024-12-31,33,"Castle Hayne","PM2.5","New Hanover",34.364167,-77.838611
"7383",2024-01-01,53,"Northampton County","PM2.5","Northampton",36.5117080009026,-77.655389
"7384",2024-01-02,6,"Northampton County","PM2.5","Northampton",36.5117080009026,-77.655389
"7385",2024-01-03,25,"Northampton County","PM2.5","Northampton",36.5117080009026,-77.655389
"7386",2024-01-04,27,"Northampton County","PM2.5","Northampton",36.5117080009026,-77.655389
"7387",2024-01-05,13,"Northampton County","PM2.5","Northampton",36.5117080009026,-77.655389
"7388",2024-01-06,17,"Northampton County","PM2.5","Northampton",36.5117080009026,-77.655389
"7389",2024-01-07,8,"Northampton County","PM2.5","Northampton",36.5117080009026,-77.655389
"7390",2024-01-08,13,"Northampton County","PM2.5","Northampton",36.5117080009026,-77.655389
"7391",2024-01-09,19,"Northampton County","PM2.5","Northampton",36.5117080009026,-77.655389
"7392",2024-01-10,0,"Northampton County","PM2.5","Northampton",36.5117080009026,-77.655389
"7393",2024-01-11,21,"Northampton County","PM2.5","Northampton",36.5117080009026,-77.655389
"7394",2024-01-12,43,"Northampton County","PM2.5","Northampton",36.5117080009026,-77.655389
"7395",2024-01-13,6,"Northampton County","PM2.5","Northampton",36.5117080009026,-77.655389
"7396",2024-01-14,14,"Northampton County","PM2.5","Northampton",36.5117080009026,-77.655389
"7397",2024-01-15,19,"Northampton County","PM2.5","Northampton",36.5117080009026,-77.655389
"7398",2024-01-16,26,"Northampton County","PM2.5","Northampton",36.5117080009026,-77.655389
"7399",2024-01-17,14,"Northampton County","PM2.5","Northampton",36.5117080009026,-77.655389
"7400",2024-01-18,29,"Northampton County","PM2.5","Northampton",36.5117080009026,-77.655389
"7401",2024-01-19,29,"Northampton County","PM2.5","Northampton",36.5117080009026,-77.655389
"7402",2024-01-20,17,"Northampton County","PM2.5","Northampton",36.5117080009026,-77.655389
"7403",2024-01-21,13,"Northampton County","PM2.5","Northampton",36.5117080009026,-77.655389
"7404",2024-01-22,28,"Northampton County","PM2.5","Northampton",36.5117080009026,-77.655389
"7405",2024-01-23,48,"Northampton County","PM2.5","Northampton",36.5117080009026,-77.655389
"7406",2024-01-24,47,"Northampton County","PM2.5","Northampton",36.5117080009026,-77.655389
"7407",2024-01-25,18,"Northampton County","PM2.5","Northampton",36.5117080009026,-77.655389
"7408",2024-01-26,26,"Northampton County","PM2.5","Northampton",36.5117080009026,-77.655389
"7409",2024-01-27,9,"Northampton County","PM2.5","Northampton",36.5117080009026,-77.655389
"7410",2024-01-28,1,"Northampton County","PM2.5","Northampton",36.5117080009026,-77.655389
"7411",2024-01-29,0,"Northampton County","PM2.5","Northampton",36.5117080009026,-77.655389
"7412",2024-01-30,12,"Northampton County","PM2.5","Northampton",36.5117080009026,-77.655389
"7413",2024-01-31,22,"Northampton County","PM2.5","Northampton",36.5117080009026,-77.655389
"7414",2024-02-01,22,"Northampton County","PM2.5","Northampton",36.5117080009026,-77.655389
"7415",2024-02-02,18,"Northampton County","PM2.5","Northampton",36.5117080009026,-77.655389
"7416",2024-02-03,7,"Northampton County","PM2.5","Northampton",36.5117080009026,-77.655389
"7417",2024-02-04,14,"Northampton County","PM2.5","Northampton",36.5117080009026,-77.655389
"7418",2024-02-05,21,"Northampton County","PM2.5","Northampton",36.5117080009026,-77.655389
"7419",2024-02-06,22,"Northampton County","PM2.5","Northampton",36.5117080009026,-77.655389
"7420",2024-02-07,19,"Northampton County","PM2.5","Northampton",36.5117080009026,-77.655389
"7421",2024-02-08,36,"Northampton County","PM2.5","Northampton",36.5117080009026,-77.655389
"7422",2024-02-09,56,"Northampton County","PM2.5","Northampton",36.5117080009026,-77.655389
"7423",2024-02-10,55,"Northampton County","PM2.5","Northampton",36.5117080009026,-77.655389
"7424",2024-02-11,31,"Northampton County","PM2.5","Northampton",36.5117080009026,-77.655389
"7425",2024-02-12,8,"Northampton County","PM2.5","Northampton",36.5117080009026,-77.655389
"7426",2024-02-13,16,"Northampton County","PM2.5","Northampton",36.5117080009026,-77.655389
"7427",2024-02-14,22,"Northampton County","PM2.5","Northampton",36.5117080009026,-77.655389
"7428",2024-02-15,37,"Northampton County","PM2.5","Northampton",36.5117080009026,-77.655389
"7429",2024-02-16,18,"Northampton County","PM2.5","Northampton",36.5117080009026,-77.655389
"7430",2024-02-17,21,"Northampton County","PM2.5","Northampton",36.5117080009026,-77.655389
"7431",2024-02-18,9,"Northampton County","PM2.5","Northampton",36.5117080009026,-77.655389
"7432",2024-02-19,18,"Northampton County","PM2.5","Northampton",36.5117080009026,-77.655389
"7433",2024-02-20,31,"Northampton County","PM2.5","Northampton",36.5117080009026,-77.655389
"7434",2024-02-21,25,"Northampton County","PM2.5","Northampton",36.5117080009026,-77.655389
"7435",2024-02-22,54,"Northampton County","PM2.5","Northampton",36.5117080009026,-77.655389
"7436",2024-02-23,66,"Northampton County","PM2.5","Northampton",36.5117080009026,-77.655389
"7437",2024-02-24,36,"Northampton County","PM2.5","Northampton",36.5117080009026,-77.655389
"7438",2024-02-25,28,"Northampton County","PM2.5","Northampton",36.5117080009026,-77.655389
"7439",2024-02-26,52,"Northampton County","PM2.5","Northampton",36.5117080009026,-77.655389
"7440",2024-02-27,55,"Northampton County","PM2.5","Northampton",36.5117080009026,-77.655389
"7441",2024-02-28,43,"Northampton County","PM2.5","Northampton",36.5117080009026,-77.655389
"7442",2024-02-29,9,"Northampton County","PM2.5","Northampton",36.5117080009026,-77.655389
"7443",2024-03-01,22,"Northampton County","PM2.5","Northampton",36.5117080009026,-77.655389
"7444",2024-03-02,7,"Northampton County","PM2.5","Northampton",36.5117080009026,-77.655389
"7445",2024-03-03,17,"Northampton County","PM2.5","Northampton",36.5117080009026,-77.655389
"7446",2024-03-04,12,"Northampton County","PM2.5","Northampton",36.5117080009026,-77.655389
"7447",2024-03-05,7,"Northampton County","PM2.5","Northampton",36.5117080009026,-77.655389
"7448",2024-03-06,12,"Northampton County","PM2.5","Northampton",36.5117080009026,-77.655389
"7449",2024-03-07,13,"Northampton County","PM2.5","Northampton",36.5117080009026,-77.655389
"7450",2024-03-08,19,"Northampton County","PM2.5","Northampton",36.5117080009026,-77.655389
"7451",2024-03-09,12,"Northampton County","PM2.5","Northampton",36.5117080009026,-77.655389
"7452",2024-03-10,3,"Northampton County","PM2.5","Northampton",36.5117080009026,-77.655389
"7453",2024-03-11,0,"Northampton County","PM2.5","Northampton",36.5117080009026,-77.655389
"7454",2024-03-12,11,"Northampton County","PM2.5","Northampton",36.5117080009026,-77.655389
"7455",2024-03-13,42,"Northampton County","PM2.5","Northampton",36.5117080009026,-77.655389
"7456",2024-03-14,59,"Northampton County","PM2.5","Northampton",36.5117080009026,-77.655389
"7457",2024-03-15,82,"Northampton County","PM2.5","Northampton",36.5117080009026,-77.655389
"7458",2024-03-16,40,"Northampton County","PM2.5","Northampton",36.5117080009026,-77.655389
"7459",2024-03-17,37,"Northampton County","PM2.5","Northampton",36.5117080009026,-77.655389
"7460",2024-03-18,14,"Northampton County","PM2.5","Northampton",36.5117080009026,-77.655389
"7461",2024-03-19,17,"Northampton County","PM2.5","Northampton",36.5117080009026,-77.655389
"7462",2024-03-20,34,"Northampton County","PM2.5","Northampton",36.5117080009026,-77.655389
"7463",2024-03-21,31,"Northampton County","PM2.5","Northampton",36.5117080009026,-77.655389
"7464",2024-03-22,28,"Northampton County","PM2.5","Northampton",36.5117080009026,-77.655389
"7465",2024-03-23,10,"Northampton County","PM2.5","Northampton",36.5117080009026,-77.655389
"7466",2024-03-24,9,"Northampton County","PM2.5","Northampton",36.5117080009026,-77.655389
"7467",2024-03-25,26,"Northampton County","PM2.5","Northampton",36.5117080009026,-77.655389
"7468",2024-03-26,30,"Northampton County","PM2.5","Northampton",36.5117080009026,-77.655389
"7469",2024-03-27,19,"Northampton County","PM2.5","Northampton",36.5117080009026,-77.655389
"7470",2024-03-28,8,"Northampton County","PM2.5","Northampton",36.5117080009026,-77.655389
"7471",2024-03-29,30,"Northampton County","PM2.5","Northampton",36.5117080009026,-77.655389
"7472",2024-03-30,40,"Northampton County","PM2.5","Northampton",36.5117080009026,-77.655389
"7473",2024-03-31,52,"Northampton County","PM2.5","Northampton",36.5117080009026,-77.655389
"7474",2024-04-01,55,"Northampton County","PM2.5","Northampton",36.5117080009026,-77.655389
"7475",2024-04-02,64,"Northampton County","PM2.5","Northampton",36.5117080009026,-77.655389
"7476",2024-04-03,53,"Northampton County","PM2.5","Northampton",36.5117080009026,-77.655389
"7477",2024-04-04,10,"Northampton County","PM2.5","Northampton",36.5117080009026,-77.655389
"7478",2024-04-05,4,"Northampton County","PM2.5","Northampton",36.5117080009026,-77.655389
"7479",2024-04-06,8,"Northampton County","PM2.5","Northampton",36.5117080009026,-77.655389
"7480",2024-04-07,15,"Northampton County","PM2.5","Northampton",36.5117080009026,-77.655389
"7481",2024-04-08,38,"Northampton County","PM2.5","Northampton",36.5117080009026,-77.655389
"7482",2024-04-09,52,"Northampton County","PM2.5","Northampton",36.5117080009026,-77.655389
"7483",2024-04-10,46,"Northampton County","PM2.5","Northampton",36.5117080009026,-77.655389
"7484",2024-04-11,43,"Northampton County","PM2.5","Northampton",36.5117080009026,-77.655389
"7485",2024-04-12,18,"Northampton County","PM2.5","Northampton",36.5117080009026,-77.655389
"7486",2024-04-13,12,"Northampton County","PM2.5","Northampton",36.5117080009026,-77.655389
"7487",2024-04-14,43,"Northampton County","PM2.5","Northampton",36.5117080009026,-77.655389
"7488",2024-04-15,55,"Northampton County","PM2.5","Northampton",36.5117080009026,-77.655389
"7489",2024-04-16,53,"Northampton County","PM2.5","Northampton",36.5117080009026,-77.655389
"7490",2024-04-17,57,"Northampton County","PM2.5","Northampton",36.5117080009026,-77.655389
"7491",2024-04-18,46,"Northampton County","PM2.5","Northampton",36.5117080009026,-77.655389
"7492",2024-04-19,39,"Northampton County","PM2.5","Northampton",36.5117080009026,-77.655389
"7493",2024-04-20,39,"Northampton County","PM2.5","Northampton",36.5117080009026,-77.655389
"7494",2024-04-21,23,"Northampton County","PM2.5","Northampton",36.5117080009026,-77.655389
"7495",2024-04-22,18,"Northampton County","PM2.5","Northampton",36.5117080009026,-77.655389
"7496",2024-04-23,34,"Northampton County","PM2.5","Northampton",36.5117080009026,-77.655389
"7497",2024-04-24,42,"Northampton County","PM2.5","Northampton",36.5117080009026,-77.655389
"7498",2024-04-25,37,"Northampton County","PM2.5","Northampton",36.5117080009026,-77.655389
"7499",2024-04-26,25,"Northampton County","PM2.5","Northampton",36.5117080009026,-77.655389
"7500",2024-04-27,33,"Northampton County","PM2.5","Northampton",36.5117080009026,-77.655389
"7501",2024-04-28,45,"Northampton County","PM2.5","Northampton",36.5117080009026,-77.655389
"7502",2024-04-29,48,"Northampton County","PM2.5","Northampton",36.5117080009026,-77.655389
"7503",2024-04-30,46,"Northampton County","PM2.5","Northampton",36.5117080009026,-77.655389
"7504",2024-05-01,44,"Northampton County","PM2.5","Northampton",36.5117080009026,-77.655389
"7505",2024-05-02,57,"Northampton County","PM2.5","Northampton",36.5117080009026,-77.655389
"7506",2024-05-03,54,"Northampton County","PM2.5","Northampton",36.5117080009026,-77.655389
"7507",2024-05-04,37,"Northampton County","PM2.5","Northampton",36.5117080009026,-77.655389
"7508",2024-05-05,31,"Northampton County","PM2.5","Northampton",36.5117080009026,-77.655389
"7509",2024-05-06,46,"Northampton County","PM2.5","Northampton",36.5117080009026,-77.655389
"7510",2024-05-07,32,"Northampton County","PM2.5","Northampton",36.5117080009026,-77.655389
"7511",2024-05-08,60,"Northampton County","PM2.5","Northampton",36.5117080009026,-77.655389
"7512",2024-05-09,43,"Northampton County","PM2.5","Northampton",36.5117080009026,-77.655389
"7513",2024-05-10,31,"Northampton County","PM2.5","Northampton",36.5117080009026,-77.655389
"7514",2024-05-11,13,"Northampton County","PM2.5","Northampton",36.5117080009026,-77.655389
"7515",2024-05-12,18,"Northampton County","PM2.5","Northampton",36.5117080009026,-77.655389
"7516",2024-05-13,36,"Northampton County","PM2.5","Northampton",36.5117080009026,-77.655389
"7517",2024-05-14,38,"Northampton County","PM2.5","Northampton",36.5117080009026,-77.655389
"7518",2024-05-15,13,"Northampton County","PM2.5","Northampton",36.5117080009026,-77.655389
"7519",2024-05-16,19,"Northampton County","PM2.5","Northampton",36.5117080009026,-77.655389
"7520",2024-05-17,31,"Northampton County","PM2.5","Northampton",36.5117080009026,-77.655389
"7521",2024-05-18,22,"Northampton County","PM2.5","Northampton",36.5117080009026,-77.655389
"7522",2024-05-19,27,"Northampton County","PM2.5","Northampton",36.5117080009026,-77.655389
"7523",2024-05-20,28,"Northampton County","PM2.5","Northampton",36.5117080009026,-77.655389
"7524",2024-05-21,28,"Northampton County","PM2.5","Northampton",36.5117080009026,-77.655389
"7525",2024-05-22,48,"Northampton County","PM2.5","Northampton",36.5117080009026,-77.655389
"7526",2024-05-23,43,"Northampton County","PM2.5","Northampton",36.5117080009026,-77.655389
"7527",2024-05-24,41,"Northampton County","PM2.5","Northampton",36.5117080009026,-77.655389
"7528",2024-05-25,49,"Northampton County","PM2.5","Northampton",36.5117080009026,-77.655389
"7529",2024-05-26,53,"Northampton County","PM2.5","Northampton",36.5117080009026,-77.655389
"7530",2024-05-27,52,"Northampton County","PM2.5","Northampton",36.5117080009026,-77.655389
"7531",2024-05-28,29,"Northampton County","PM2.5","Northampton",36.5117080009026,-77.655389
"7532",2024-05-29,29,"Northampton County","PM2.5","Northampton",36.5117080009026,-77.655389
"7533",2024-05-30,22,"Northampton County","PM2.5","Northampton",36.5117080009026,-77.655389
"7534",2024-05-31,24,"Northampton County","PM2.5","Northampton",36.5117080009026,-77.655389
"7535",2024-06-01,32,"Northampton County","PM2.5","Northampton",36.5117080009026,-77.655389
"7536",2024-06-02,47,"Northampton County","PM2.5","Northampton",36.5117080009026,-77.655389
"7537",2024-06-03,50,"Northampton County","PM2.5","Northampton",36.5117080009026,-77.655389
"7538",2024-06-04,53,"Northampton County","PM2.5","Northampton",36.5117080009026,-77.655389
"7539",2024-06-05,52,"Northampton County","PM2.5","Northampton",36.5117080009026,-77.655389
"7540",2024-06-06,52,"Northampton County","PM2.5","Northampton",36.5117080009026,-77.655389
"7541",2024-06-07,36,"Northampton County","PM2.5","Northampton",36.5117080009026,-77.655389
"7542",2024-06-08,35,"Northampton County","PM2.5","Northampton",36.5117080009026,-77.655389
"7543",2024-06-09,47,"Northampton County","PM2.5","Northampton",36.5117080009026,-77.655389
"7544",2024-06-10,38,"Northampton County","PM2.5","Northampton",36.5117080009026,-77.655389
"7545",2024-06-11,38,"Northampton County","PM2.5","Northampton",36.5117080009026,-77.655389
"7546",2024-06-12,52,"Northampton County","PM2.5","Northampton",36.5117080009026,-77.655389
"7547",2024-06-13,58,"Northampton County","PM2.5","Northampton",36.5117080009026,-77.655389
"7548",2024-06-14,57,"Northampton County","PM2.5","Northampton",36.5117080009026,-77.655389
"7549",2024-06-15,52,"Northampton County","PM2.5","Northampton",36.5117080009026,-77.655389
"7550",2024-06-16,48,"Northampton County","PM2.5","Northampton",36.5117080009026,-77.655389
"7551",2024-06-17,57,"Northampton County","PM2.5","Northampton",36.5117080009026,-77.655389
"7552",2024-06-18,51,"Northampton County","PM2.5","Northampton",36.5117080009026,-77.655389
"7553",2024-06-19,39,"Northampton County","PM2.5","Northampton",36.5117080009026,-77.655389
"7554",2024-06-20,42,"Northampton County","PM2.5","Northampton",36.5117080009026,-77.655389
"7555",2024-06-21,52,"Northampton County","PM2.5","Northampton",36.5117080009026,-77.655389
"7556",2024-06-22,43,"Northampton County","PM2.5","Northampton",36.5117080009026,-77.655389
"7557",2024-06-23,39,"Northampton County","PM2.5","Northampton",36.5117080009026,-77.655389
"7558",2024-06-24,49,"Northampton County","PM2.5","Northampton",36.5117080009026,-77.655389
"7559",2024-06-25,53,"Northampton County","PM2.5","Northampton",36.5117080009026,-77.655389
"7560",2024-06-26,58,"Northampton County","PM2.5","Northampton",36.5117080009026,-77.655389
"7561",2024-06-27,50,"Northampton County","PM2.5","Northampton",36.5117080009026,-77.655389
"7562",2024-06-28,54,"Northampton County","PM2.5","Northampton",36.5117080009026,-77.655389
"7563",2024-06-29,51,"Northampton County","PM2.5","Northampton",36.5117080009026,-77.655389
"7564",2024-07-01,17,"Northampton County","PM2.5","Northampton",36.5117080009026,-77.655389
"7565",2024-07-02,32,"Northampton County","PM2.5","Northampton",36.5117080009026,-77.655389
"7566",2024-07-03,52,"Northampton County","PM2.5","Northampton",36.5117080009026,-77.655389
"7567",2024-07-04,57,"Northampton County","PM2.5","Northampton",36.5117080009026,-77.655389
"7568",2024-07-05,57,"Northampton County","PM2.5","Northampton",36.5117080009026,-77.655389
"7569",2024-07-06,50,"Northampton County","PM2.5","Northampton",36.5117080009026,-77.655389
"7570",2024-07-07,47,"Northampton County","PM2.5","Northampton",36.5117080009026,-77.655389
"7571",2024-07-08,54,"Northampton County","PM2.5","Northampton",36.5117080009026,-77.655389
"7572",2024-07-09,52,"Northampton County","PM2.5","Northampton",36.5117080009026,-77.655389
"7573",2024-07-10,32,"Northampton County","PM2.5","Northampton",36.5117080009026,-77.655389
"7574",2024-07-11,35,"Northampton County","PM2.5","Northampton",36.5117080009026,-77.655389
"7575",2024-07-12,21,"Northampton County","PM2.5","Northampton",36.5117080009026,-77.655389
"7576",2024-07-13,24,"Northampton County","PM2.5","Northampton",36.5117080009026,-77.655389
"7577",2024-07-14,55,"Northampton County","PM2.5","Northampton",36.5117080009026,-77.655389
"7578",2024-07-15,63,"Northampton County","PM2.5","Northampton",36.5117080009026,-77.655389
"7579",2024-07-16,66,"Northampton County","PM2.5","Northampton",36.5117080009026,-77.655389
"7580",2024-07-17,54,"Northampton County","PM2.5","Northampton",36.5117080009026,-77.655389
"7581",2024-07-18,48,"Northampton County","PM2.5","Northampton",36.5117080009026,-77.655389
"7582",2024-07-19,56,"Northampton County","PM2.5","Northampton",36.5117080009026,-77.655389
"7583",2024-07-20,38,"Northampton County","PM2.5","Northampton",36.5117080009026,-77.655389
"7584",2024-07-21,43,"Northampton County","PM2.5","Northampton",36.5117080009026,-77.655389
"7585",2024-07-22,31,"Northampton County","PM2.5","Northampton",36.5117080009026,-77.655389
"7586",2024-07-23,29,"Northampton County","PM2.5","Northampton",36.5117080009026,-77.655389
"7587",2024-07-24,24,"Northampton County","PM2.5","Northampton",36.5117080009026,-77.655389
"7588",2024-07-25,21,"Northampton County","PM2.5","Northampton",36.5117080009026,-77.655389
"7589",2024-07-26,47,"Northampton County","PM2.5","Northampton",36.5117080009026,-77.655389
"7590",2024-07-27,43,"Northampton County","PM2.5","Northampton",36.5117080009026,-77.655389
"7591",2024-07-28,45,"Northampton County","PM2.5","Northampton",36.5117080009026,-77.655389
"7592",2024-07-29,57,"Northampton County","PM2.5","Northampton",36.5117080009026,-77.655389
"7593",2024-07-30,53,"Northampton County","PM2.5","Northampton",36.5117080009026,-77.655389
"7594",2024-07-31,52,"Northampton County","PM2.5","Northampton",36.5117080009026,-77.655389
"7595",2024-08-01,59,"Northampton County","PM2.5","Northampton",36.5117080009026,-77.655389
"7596",2024-08-02,57,"Northampton County","PM2.5","Northampton",36.5117080009026,-77.655389
"7597",2024-08-03,56,"Northampton County","PM2.5","Northampton",36.5117080009026,-77.655389
"7598",2024-08-04,39,"Northampton County","PM2.5","Northampton",36.5117080009026,-77.655389
"7599",2024-08-05,42,"Northampton County","PM2.5","Northampton",36.5117080009026,-77.655389
"7600",2024-08-06,32,"Northampton County","PM2.5","Northampton",36.5117080009026,-77.655389
"7601",2024-08-07,18,"Northampton County","PM2.5","Northampton",36.5117080009026,-77.655389
"7602",2024-08-08,33,"Northampton County","PM2.5","Northampton",36.5117080009026,-77.655389
"7603",2024-08-09,30,"Northampton County","PM2.5","Northampton",36.5117080009026,-77.655389
"7604",2024-08-10,50,"Northampton County","PM2.5","Northampton",36.5117080009026,-77.655389
"7605",2024-08-11,53,"Northampton County","PM2.5","Northampton",36.5117080009026,-77.655389
"7606",2024-08-12,55,"Northampton County","PM2.5","Northampton",36.5117080009026,-77.655389
"7607",2024-08-13,52,"Northampton County","PM2.5","Northampton",36.5117080009026,-77.655389
"7608",2024-08-14,45,"Northampton County","PM2.5","Northampton",36.5117080009026,-77.655389
"7609",2024-08-15,59,"Northampton County","PM2.5","Northampton",36.5117080009026,-77.655389
"7610",2024-08-16,64,"Northampton County","PM2.5","Northampton",36.5117080009026,-77.655389
"7611",2024-08-17,66,"Northampton County","PM2.5","Northampton",36.5117080009026,-77.655389
"7612",2024-08-18,57,"Northampton County","PM2.5","Northampton",36.5117080009026,-77.655389
"7613",2024-08-19,34,"Northampton County","PM2.5","Northampton",36.5117080009026,-77.655389
"7614",2024-08-20,43,"Northampton County","PM2.5","Northampton",36.5117080009026,-77.655389
"7615",2024-08-21,27,"Northampton County","PM2.5","Northampton",36.5117080009026,-77.655389
"7616",2024-08-22,21,"Northampton County","PM2.5","Northampton",36.5117080009026,-77.655389
"7617",2024-08-23,37,"Northampton County","PM2.5","Northampton",36.5117080009026,-77.655389
"7618",2024-08-24,37,"Northampton County","PM2.5","Northampton",36.5117080009026,-77.655389
"7619",2024-08-25,44,"Northampton County","PM2.5","Northampton",36.5117080009026,-77.655389
"7620",2024-08-26,54,"Northampton County","PM2.5","Northampton",36.5117080009026,-77.655389
"7621",2024-08-27,64,"Northampton County","PM2.5","Northampton",36.5117080009026,-77.655389
"7622",2024-08-28,69,"Northampton County","PM2.5","Northampton",36.5117080009026,-77.655389
"7623",2024-08-29,65,"Northampton County","PM2.5","Northampton",36.5117080009026,-77.655389
"7624",2024-08-30,30,"Northampton County","PM2.5","Northampton",36.5117080009026,-77.655389
"7625",2024-08-31,43,"Northampton County","PM2.5","Northampton",36.5117080009026,-77.655389
"7626",2024-09-01,48,"Northampton County","PM2.5","Northampton",36.5117080009026,-77.655389
"7627",2024-09-02,40,"Northampton County","PM2.5","Northampton",36.5117080009026,-77.655389
"7628",2024-09-03,23,"Northampton County","PM2.5","Northampton",36.5117080009026,-77.655389
"7629",2024-09-04,17,"Northampton County","PM2.5","Northampton",36.5117080009026,-77.655389
"7630",2024-09-05,25,"Northampton County","PM2.5","Northampton",36.5117080009026,-77.655389
"7631",2024-09-06,26,"Northampton County","PM2.5","Northampton",36.5117080009026,-77.655389
"7632",2024-09-07,35,"Northampton County","PM2.5","Northampton",36.5117080009026,-77.655389
"7633",2024-09-08,12,"Northampton County","PM2.5","Northampton",36.5117080009026,-77.655389
"7634",2024-09-09,38,"Northampton County","PM2.5","Northampton",36.5117080009026,-77.655389
"7635",2024-09-10,27,"Northampton County","PM2.5","Northampton",36.5117080009026,-77.655389
"7636",2024-09-11,36,"Northampton County","PM2.5","Northampton",36.5117080009026,-77.655389
"7637",2024-09-12,37,"Northampton County","PM2.5","Northampton",36.5117080009026,-77.655389
"7638",2024-09-13,32,"Northampton County","PM2.5","Northampton",36.5117080009026,-77.655389
"7639",2024-09-14,31,"Northampton County","PM2.5","Northampton",36.5117080009026,-77.655389
"7640",2024-09-15,41,"Northampton County","PM2.5","Northampton",36.5117080009026,-77.655389
"7641",2024-09-16,35,"Northampton County","PM2.5","Northampton",36.5117080009026,-77.655389
"7642",2024-09-17,18,"Northampton County","PM2.5","Northampton",36.5117080009026,-77.655389
"7643",2024-09-18,13,"Northampton County","PM2.5","Northampton",36.5117080009026,-77.655389
"7644",2024-09-19,29,"Northampton County","PM2.5","Northampton",36.5117080009026,-77.655389
"7645",2024-09-20,43,"Northampton County","PM2.5","Northampton",36.5117080009026,-77.655389
"7646",2024-09-21,34,"Northampton County","PM2.5","Northampton",36.5117080009026,-77.655389
"7647",2024-09-22,49,"Northampton County","PM2.5","Northampton",36.5117080009026,-77.655389
"7648",2024-09-23,29,"Northampton County","PM2.5","Northampton",36.5117080009026,-77.655389
"7649",2024-09-24,28,"Northampton County","PM2.5","Northampton",36.5117080009026,-77.655389
"7650",2024-09-25,33,"Northampton County","PM2.5","Northampton",36.5117080009026,-77.655389
"7651",2024-09-26,22,"Northampton County","PM2.5","Northampton",36.5117080009026,-77.655389
"7652",2024-09-27,22,"Northampton County","PM2.5","Northampton",36.5117080009026,-77.655389
"7653",2024-09-28,39,"Northampton County","PM2.5","Northampton",36.5117080009026,-77.655389
"7654",2024-09-29,57,"Northampton County","PM2.5","Northampton",36.5117080009026,-77.655389
"7655",2024-09-30,38,"Northampton County","PM2.5","Northampton",36.5117080009026,-77.655389
"7656",2024-10-01,24,"Northampton County","PM2.5","Northampton",36.5117080009026,-77.655389
"7657",2024-10-02,23,"Northampton County","PM2.5","Northampton",36.5117080009026,-77.655389
"7658",2024-10-03,22,"Northampton County","PM2.5","Northampton",36.5117080009026,-77.655389
"7659",2024-10-04,40,"Northampton County","PM2.5","Northampton",36.5117080009026,-77.655389
"7660",2024-10-05,46,"Northampton County","PM2.5","Northampton",36.5117080009026,-77.655389
"7661",2024-10-06,56,"Northampton County","PM2.5","Northampton",36.5117080009026,-77.655389
"7662",2024-10-07,52,"Northampton County","PM2.5","Northampton",36.5117080009026,-77.655389
"7663",2024-10-08,27,"Northampton County","PM2.5","Northampton",36.5117080009026,-77.655389
"7664",2024-10-09,26,"Northampton County","PM2.5","Northampton",36.5117080009026,-77.655389
"7665",2024-10-10,14,"Northampton County","PM2.5","Northampton",36.5117080009026,-77.655389
"7666",2024-10-11,12,"Northampton County","PM2.5","Northampton",36.5117080009026,-77.655389
"7667",2024-10-12,28,"Northampton County","PM2.5","Northampton",36.5117080009026,-77.655389
"7668",2024-10-13,37,"Northampton County","PM2.5","Northampton",36.5117080009026,-77.655389
"7669",2024-10-14,32,"Northampton County","PM2.5","Northampton",36.5117080009026,-77.655389
"7670",2024-10-15,15,"Northampton County","PM2.5","Northampton",36.5117080009026,-77.655389
"7671",2024-10-16,12,"Northampton County","PM2.5","Northampton",36.5117080009026,-77.655389
"7672",2024-10-17,9,"Northampton County","PM2.5","Northampton",36.5117080009026,-77.655389
"7673",2024-10-18,19,"Northampton County","PM2.5","Northampton",36.5117080009026,-77.655389
"7674",2024-10-19,17,"Northampton County","PM2.5","Northampton",36.5117080009026,-77.655389
"7675",2024-10-20,29,"Northampton County","PM2.5","Northampton",36.5117080009026,-77.655389
"7676",2024-10-21,30,"Northampton County","PM2.5","Northampton",36.5117080009026,-77.655389
"7677",2024-10-22,46,"Northampton County","PM2.5","Northampton",36.5117080009026,-77.655389
"7678",2024-10-23,46,"Northampton County","PM2.5","Northampton",36.5117080009026,-77.655389
"7679",2024-10-24,37,"Northampton County","PM2.5","Northampton",36.5117080009026,-77.655389
"7680",2024-10-25,36,"Northampton County","PM2.5","Northampton",36.5117080009026,-77.655389
"7681",2024-10-26,53,"Northampton County","PM2.5","Northampton",36.5117080009026,-77.655389
"7682",2024-10-27,33,"Northampton County","PM2.5","Northampton",36.5117080009026,-77.655389
"7683",2024-10-28,25,"Northampton County","PM2.5","Northampton",36.5117080009026,-77.655389
"7684",2024-11-05,49,"Northampton County","PM2.5","Northampton",36.5117080009026,-77.655389
"7685",2024-11-06,57,"Northampton County","PM2.5","Northampton",36.5117080009026,-77.655389
"7686",2024-11-07,57,"Northampton County","PM2.5","Northampton",36.5117080009026,-77.655389
"7687",2024-11-08,53,"Northampton County","PM2.5","Northampton",36.5117080009026,-77.655389
"7688",2024-11-09,23,"Northampton County","PM2.5","Northampton",36.5117080009026,-77.655389
"7689",2024-11-10,31,"Northampton County","PM2.5","Northampton",36.5117080009026,-77.655389
"7690",2024-11-11,44,"Northampton County","PM2.5","Northampton",36.5117080009026,-77.655389
"7691",2024-11-12,28,"Northampton County","PM2.5","Northampton",36.5117080009026,-77.655389
"7692",2024-11-13,15,"Northampton County","PM2.5","Northampton",36.5117080009026,-77.655389
"7693",2024-11-14,20,"Northampton County","PM2.5","Northampton",36.5117080009026,-77.655389
"7694",2024-11-15,14,"Northampton County","PM2.5","Northampton",36.5117080009026,-77.655389
"7695",2024-11-16,9,"Northampton County","PM2.5","Northampton",36.5117080009026,-77.655389
"7696",2024-11-17,34,"Northampton County","PM2.5","Northampton",36.5117080009026,-77.655389
"7697",2024-11-18,48,"Northampton County","PM2.5","Northampton",36.5117080009026,-77.655389
"7698",2024-11-19,61,"Northampton County","PM2.5","Northampton",36.5117080009026,-77.655389
"7699",2024-11-20,54,"Northampton County","PM2.5","Northampton",36.5117080009026,-77.655389
"7700",2024-11-21,6,"Northampton County","PM2.5","Northampton",36.5117080009026,-77.655389
"7701",2024-11-22,0,"Northampton County","PM2.5","Northampton",36.5117080009026,-77.655389
"7702",2024-11-23,0,"Northampton County","PM2.5","Northampton",36.5117080009026,-77.655389
"7703",2024-11-24,7,"Northampton County","PM2.5","Northampton",36.5117080009026,-77.655389
"7704",2024-11-25,62,"Northampton County","PM2.5","Northampton",36.5117080009026,-77.655389
"7705",2024-11-26,54,"Northampton County","PM2.5","Northampton",36.5117080009026,-77.655389
"7706",2024-11-27,21,"Northampton County","PM2.5","Northampton",36.5117080009026,-77.655389
"7707",2024-11-28,26,"Northampton County","PM2.5","Northampton",36.5117080009026,-77.655389
"7708",2024-11-29,13,"Northampton County","PM2.5","Northampton",36.5117080009026,-77.655389
"7709",2024-11-30,15,"Northampton County","PM2.5","Northampton",36.5117080009026,-77.655389
"7710",2024-12-01,17,"Northampton County","PM2.5","Northampton",36.5117080009026,-77.655389
"7711",2024-12-02,7,"Northampton County","PM2.5","Northampton",36.5117080009026,-77.655389
"7712",2024-12-03,14,"Northampton County","PM2.5","Northampton",36.5117080009026,-77.655389
"7713",2024-12-04,29,"Northampton County","PM2.5","Northampton",36.5117080009026,-77.655389
"7714",2024-12-05,34,"Northampton County","PM2.5","Northampton",36.5117080009026,-77.655389
"7715",2024-12-06,11,"Northampton County","PM2.5","Northampton",36.5117080009026,-77.655389
"7716",2024-12-07,14,"Northampton County","PM2.5","Northampton",36.5117080009026,-77.655389
"7717",2024-12-08,42,"Northampton County","PM2.5","Northampton",36.5117080009026,-77.655389
"7718",2024-12-09,52,"Northampton County","PM2.5","Northampton",36.5117080009026,-77.655389
"7719",2024-12-10,62,"Northampton County","PM2.5","Northampton",36.5117080009026,-77.655389
"7720",2024-12-11,16,"Northampton County","PM2.5","Northampton",36.5117080009026,-77.655389
"7721",2024-12-12,11,"Northampton County","PM2.5","Northampton",36.5117080009026,-77.655389
"7722",2024-12-13,27,"Northampton County","PM2.5","Northampton",36.5117080009026,-77.655389
"7723",2024-12-14,29,"Northampton County","PM2.5","Northampton",36.5117080009026,-77.655389
"7724",2024-12-15,25,"Northampton County","PM2.5","Northampton",36.5117080009026,-77.655389
"7725",2024-12-16,28,"Northampton County","PM2.5","Northampton",36.5117080009026,-77.655389
"7726",2024-12-17,50,"Northampton County","PM2.5","Northampton",36.5117080009026,-77.655389
"7727",2024-12-18,50,"Northampton County","PM2.5","Northampton",36.5117080009026,-77.655389
"7728",2024-12-19,12,"Northampton County","PM2.5","Northampton",36.5117080009026,-77.655389
"7729",2024-12-20,23,"Northampton County","PM2.5","Northampton",36.5117080009026,-77.655389
"7730",2024-12-21,12,"Northampton County","PM2.5","Northampton",36.5117080009026,-77.655389
"7731",2024-12-22,11,"Northampton County","PM2.5","Northampton",36.5117080009026,-77.655389
"7732",2024-12-23,26,"Northampton County","PM2.5","Northampton",36.5117080009026,-77.655389
"7733",2024-12-24,28,"Northampton County","PM2.5","Northampton",36.5117080009026,-77.655389
"7734",2024-12-25,34,"Northampton County","PM2.5","Northampton",36.5117080009026,-77.655389
"7735",2024-12-26,44,"Northampton County","PM2.5","Northampton",36.5117080009026,-77.655389
"7736",2024-12-27,53,"Northampton County","PM2.5","Northampton",36.5117080009026,-77.655389
"7737",2024-12-28,42,"Northampton County","PM2.5","Northampton",36.5117080009026,-77.655389
"7738",2024-12-29,19,"Northampton County","PM2.5","Northampton",36.5117080009026,-77.655389
"7739",2024-12-30,7,"Northampton County","PM2.5","Northampton",36.5117080009026,-77.655389
"7740",2024-12-31,37,"Northampton County","PM2.5","Northampton",36.5117080009026,-77.655389
"7741",2024-01-01,46,"Pitt Agri. Center","PM2.5","Pitt",35.6412760008938,-77.360126
"7742",2024-01-02,12,"Pitt Agri. Center","PM2.5","Pitt",35.6412760008938,-77.360126
"7743",2024-01-03,52,"Pitt Agri. Center","PM2.5","Pitt",35.6412760008938,-77.360126
"7744",2024-01-04,39,"Pitt Agri. Center","PM2.5","Pitt",35.6412760008938,-77.360126
"7745",2024-01-05,25,"Pitt Agri. Center","PM2.5","Pitt",35.6412760008938,-77.360126
"7746",2024-01-06,18,"Pitt Agri. Center","PM2.5","Pitt",35.6412760008938,-77.360126
"7747",2024-01-07,8,"Pitt Agri. Center","PM2.5","Pitt",35.6412760008938,-77.360126
"7748",2024-01-08,11,"Pitt Agri. Center","PM2.5","Pitt",35.6412760008938,-77.360126
"7749",2024-01-09,27,"Pitt Agri. Center","PM2.5","Pitt",35.6412760008938,-77.360126
"7750",2024-01-10,2,"Pitt Agri. Center","PM2.5","Pitt",35.6412760008938,-77.360126
"7751",2024-01-11,30,"Pitt Agri. Center","PM2.5","Pitt",35.6412760008938,-77.360126
"7752",2024-01-12,40,"Pitt Agri. Center","PM2.5","Pitt",35.6412760008938,-77.360126
"7753",2024-01-13,11,"Pitt Agri. Center","PM2.5","Pitt",35.6412760008938,-77.360126
"7754",2024-01-14,18,"Pitt Agri. Center","PM2.5","Pitt",35.6412760008938,-77.360126
"7755",2024-01-15,24,"Pitt Agri. Center","PM2.5","Pitt",35.6412760008938,-77.360126
"7756",2024-01-16,29,"Pitt Agri. Center","PM2.5","Pitt",35.6412760008938,-77.360126
"7757",2024-01-17,20,"Pitt Agri. Center","PM2.5","Pitt",35.6412760008938,-77.360126
"7758",2024-01-18,38,"Pitt Agri. Center","PM2.5","Pitt",35.6412760008938,-77.360126
"7759",2024-01-19,34,"Pitt Agri. Center","PM2.5","Pitt",35.6412760008938,-77.360126
"7760",2024-01-20,25,"Pitt Agri. Center","PM2.5","Pitt",35.6412760008938,-77.360126
"7761",2024-01-21,18,"Pitt Agri. Center","PM2.5","Pitt",35.6412760008938,-77.360126
"7762",2024-01-22,46,"Pitt Agri. Center","PM2.5","Pitt",35.6412760008938,-77.360126
"7763",2024-01-23,51,"Pitt Agri. Center","PM2.5","Pitt",35.6412760008938,-77.360126
"7764",2024-01-24,28,"Pitt Agri. Center","PM2.5","Pitt",35.6412760008938,-77.360126
"7765",2024-01-25,18,"Pitt Agri. Center","PM2.5","Pitt",35.6412760008938,-77.360126
"7766",2024-01-26,31,"Pitt Agri. Center","PM2.5","Pitt",35.6412760008938,-77.360126
"7767",2024-01-27,27,"Pitt Agri. Center","PM2.5","Pitt",35.6412760008938,-77.360126
"7768",2024-01-28,16,"Pitt Agri. Center","PM2.5","Pitt",35.6412760008938,-77.360126
"7769",2024-01-29,4,"Pitt Agri. Center","PM2.5","Pitt",35.6412760008938,-77.360126
"7770",2024-01-30,22,"Pitt Agri. Center","PM2.5","Pitt",35.6412760008938,-77.360126
"7771",2024-01-31,22,"Pitt Agri. Center","PM2.5","Pitt",35.6412760008938,-77.360126
"7772",2024-02-01,39,"Pitt Agri. Center","PM2.5","Pitt",35.6412760008938,-77.360126
"7773",2024-02-02,40,"Pitt Agri. Center","PM2.5","Pitt",35.6412760008938,-77.360126
"7774",2024-02-03,12,"Pitt Agri. Center","PM2.5","Pitt",35.6412760008938,-77.360126
"7775",2024-02-04,22,"Pitt Agri. Center","PM2.5","Pitt",35.6412760008938,-77.360126
"7776",2024-02-05,25,"Pitt Agri. Center","PM2.5","Pitt",35.6412760008938,-77.360126
"7777",2024-02-06,18,"Pitt Agri. Center","PM2.5","Pitt",35.6412760008938,-77.360126
"7778",2024-02-07,23,"Pitt Agri. Center","PM2.5","Pitt",35.6412760008938,-77.360126
"7779",2024-02-08,59,"Pitt Agri. Center","PM2.5","Pitt",35.6412760008938,-77.360126
"7780",2024-02-09,53,"Pitt Agri. Center","PM2.5","Pitt",35.6412760008938,-77.360126
"7781",2024-02-10,61,"Pitt Agri. Center","PM2.5","Pitt",35.6412760008938,-77.360126
"7782",2024-02-11,52,"Pitt Agri. Center","PM2.5","Pitt",35.6412760008938,-77.360126
"7783",2024-02-12,19,"Pitt Agri. Center","PM2.5","Pitt",35.6412760008938,-77.360126
"7784",2024-02-13,8,"Pitt Agri. Center","PM2.5","Pitt",35.6412760008938,-77.360126
"7785",2024-02-14,28,"Pitt Agri. Center","PM2.5","Pitt",35.6412760008938,-77.360126
"7786",2024-02-15,37,"Pitt Agri. Center","PM2.5","Pitt",35.6412760008938,-77.360126
"7787",2024-02-16,33,"Pitt Agri. Center","PM2.5","Pitt",35.6412760008938,-77.360126
"7788",2024-02-17,28,"Pitt Agri. Center","PM2.5","Pitt",35.6412760008938,-77.360126
"7789",2024-02-18,24,"Pitt Agri. Center","PM2.5","Pitt",35.6412760008938,-77.360126
"7790",2024-02-19,27,"Pitt Agri. Center","PM2.5","Pitt",35.6412760008938,-77.360126
"7791",2024-02-20,27,"Pitt Agri. Center","PM2.5","Pitt",35.6412760008938,-77.360126
"7792",2024-02-21,24,"Pitt Agri. Center","PM2.5","Pitt",35.6412760008938,-77.360126
"7793",2024-02-22,56,"Pitt Agri. Center","PM2.5","Pitt",35.6412760008938,-77.360126
"7794",2024-02-23,58,"Pitt Agri. Center","PM2.5","Pitt",35.6412760008938,-77.360126
"7795",2024-02-24,39,"Pitt Agri. Center","PM2.5","Pitt",35.6412760008938,-77.360126
"7796",2024-02-25,22,"Pitt Agri. Center","PM2.5","Pitt",35.6412760008938,-77.360126
"7797",2024-02-26,52,"Pitt Agri. Center","PM2.5","Pitt",35.6412760008938,-77.360126
"7798",2024-02-27,39,"Pitt Agri. Center","PM2.5","Pitt",35.6412760008938,-77.360126
"7799",2024-02-28,42,"Pitt Agri. Center","PM2.5","Pitt",35.6412760008938,-77.360126
"7800",2024-02-29,8,"Pitt Agri. Center","PM2.5","Pitt",35.6412760008938,-77.360126
"7801",2024-03-01,21,"Pitt Agri. Center","PM2.5","Pitt",35.6412760008938,-77.360126
"7802",2024-03-02,23,"Pitt Agri. Center","PM2.5","Pitt",35.6412760008938,-77.360126
"7803",2024-03-03,17,"Pitt Agri. Center","PM2.5","Pitt",35.6412760008938,-77.360126
"7804",2024-03-04,12,"Pitt Agri. Center","PM2.5","Pitt",35.6412760008938,-77.360126
"7805",2024-03-05,10,"Pitt Agri. Center","PM2.5","Pitt",35.6412760008938,-77.360126
"7806",2024-03-06,13,"Pitt Agri. Center","PM2.5","Pitt",35.6412760008938,-77.360126
"7807",2024-03-07,14,"Pitt Agri. Center","PM2.5","Pitt",35.6412760008938,-77.360126
"7808",2024-03-08,15,"Pitt Agri. Center","PM2.5","Pitt",35.6412760008938,-77.360126
"7809",2024-03-09,23,"Pitt Agri. Center","PM2.5","Pitt",35.6412760008938,-77.360126
"7810",2024-03-10,1,"Pitt Agri. Center","PM2.5","Pitt",35.6412760008938,-77.360126
"7811",2024-03-11,11,"Pitt Agri. Center","PM2.5","Pitt",35.6412760008938,-77.360126
"7812",2024-03-12,22,"Pitt Agri. Center","PM2.5","Pitt",35.6412760008938,-77.360126
"7813",2024-03-13,56,"Pitt Agri. Center","PM2.5","Pitt",35.6412760008938,-77.360126
"7814",2024-03-14,66,"Pitt Agri. Center","PM2.5","Pitt",35.6412760008938,-77.360126
"7815",2024-03-15,73,"Pitt Agri. Center","PM2.5","Pitt",35.6412760008938,-77.360126
"7816",2024-03-16,43,"Pitt Agri. Center","PM2.5","Pitt",35.6412760008938,-77.360126
"7817",2024-03-17,39,"Pitt Agri. Center","PM2.5","Pitt",35.6412760008938,-77.360126
"7818",2024-03-18,22,"Pitt Agri. Center","PM2.5","Pitt",35.6412760008938,-77.360126
"7819",2024-03-19,17,"Pitt Agri. Center","PM2.5","Pitt",35.6412760008938,-77.360126
"7820",2024-03-20,58,"Pitt Agri. Center","PM2.5","Pitt",35.6412760008938,-77.360126
"7821",2024-03-21,39,"Pitt Agri. Center","PM2.5","Pitt",35.6412760008938,-77.360126
"7822",2024-03-22,32,"Pitt Agri. Center","PM2.5","Pitt",35.6412760008938,-77.360126
"7823",2024-03-23,16,"Pitt Agri. Center","PM2.5","Pitt",35.6412760008938,-77.360126
"7824",2024-03-24,12,"Pitt Agri. Center","PM2.5","Pitt",35.6412760008938,-77.360126
"7825",2024-03-25,34,"Pitt Agri. Center","PM2.5","Pitt",35.6412760008938,-77.360126
"7826",2024-03-26,36,"Pitt Agri. Center","PM2.5","Pitt",35.6412760008938,-77.360126
"7827",2024-03-27,27,"Pitt Agri. Center","PM2.5","Pitt",35.6412760008938,-77.360126
"7828",2024-03-28,16,"Pitt Agri. Center","PM2.5","Pitt",35.6412760008938,-77.360126
"7829",2024-03-29,39,"Pitt Agri. Center","PM2.5","Pitt",35.6412760008938,-77.360126
"7830",2024-03-30,46,"Pitt Agri. Center","PM2.5","Pitt",35.6412760008938,-77.360126
"7831",2024-03-31,53,"Pitt Agri. Center","PM2.5","Pitt",35.6412760008938,-77.360126
"7832",2024-04-01,55,"Pitt Agri. Center","PM2.5","Pitt",35.6412760008938,-77.360126
"7833",2024-04-02,59,"Pitt Agri. Center","PM2.5","Pitt",35.6412760008938,-77.360126
"7834",2024-04-03,46,"Pitt Agri. Center","PM2.5","Pitt",35.6412760008938,-77.360126
"7835",2024-04-04,6,"Pitt Agri. Center","PM2.5","Pitt",35.6412760008938,-77.360126
"7836",2024-04-05,9,"Pitt Agri. Center","PM2.5","Pitt",35.6412760008938,-77.360126
"7837",2024-04-06,6,"Pitt Agri. Center","PM2.5","Pitt",35.6412760008938,-77.360126
"7838",2024-04-07,12,"Pitt Agri. Center","PM2.5","Pitt",35.6412760008938,-77.360126
"7839",2024-04-08,33,"Pitt Agri. Center","PM2.5","Pitt",35.6412760008938,-77.360126
"7840",2024-04-09,42,"Pitt Agri. Center","PM2.5","Pitt",35.6412760008938,-77.360126
"7841",2024-04-10,41,"Pitt Agri. Center","PM2.5","Pitt",35.6412760008938,-77.360126
"7842",2024-04-11,37,"Pitt Agri. Center","PM2.5","Pitt",35.6412760008938,-77.360126
"7843",2024-04-12,21,"Pitt Agri. Center","PM2.5","Pitt",35.6412760008938,-77.360126
"7844",2024-04-13,16,"Pitt Agri. Center","PM2.5","Pitt",35.6412760008938,-77.360126
"7845",2024-04-14,31,"Pitt Agri. Center","PM2.5","Pitt",35.6412760008938,-77.360126
"7846",2024-04-15,53,"Pitt Agri. Center","PM2.5","Pitt",35.6412760008938,-77.360126
"7847",2024-04-16,52,"Pitt Agri. Center","PM2.5","Pitt",35.6412760008938,-77.360126
"7848",2024-04-17,55,"Pitt Agri. Center","PM2.5","Pitt",35.6412760008938,-77.360126
"7849",2024-04-18,43,"Pitt Agri. Center","PM2.5","Pitt",35.6412760008938,-77.360126
"7850",2024-04-19,35,"Pitt Agri. Center","PM2.5","Pitt",35.6412760008938,-77.360126
"7851",2024-04-20,54,"Pitt Agri. Center","PM2.5","Pitt",35.6412760008938,-77.360126
"7852",2024-04-21,34,"Pitt Agri. Center","PM2.5","Pitt",35.6412760008938,-77.360126
"7853",2024-04-27,21,"Pitt Agri. Center","PM2.5","Pitt",35.6412760008938,-77.360126
"7854",2024-04-28,31,"Pitt Agri. Center","PM2.5","Pitt",35.6412760008938,-77.360126
"7855",2024-04-29,34,"Pitt Agri. Center","PM2.5","Pitt",35.6412760008938,-77.360126
"7856",2024-04-30,22,"Pitt Agri. Center","PM2.5","Pitt",35.6412760008938,-77.360126
"7857",2024-05-01,27,"Pitt Agri. Center","PM2.5","Pitt",35.6412760008938,-77.360126
"7858",2024-05-02,33,"Pitt Agri. Center","PM2.5","Pitt",35.6412760008938,-77.360126
"7859",2024-05-03,42,"Pitt Agri. Center","PM2.5","Pitt",35.6412760008938,-77.360126
"7860",2024-05-04,29,"Pitt Agri. Center","PM2.5","Pitt",35.6412760008938,-77.360126
"7861",2024-05-05,24,"Pitt Agri. Center","PM2.5","Pitt",35.6412760008938,-77.360126
"7862",2024-05-06,26,"Pitt Agri. Center","PM2.5","Pitt",35.6412760008938,-77.360126
"7863",2024-05-07,33,"Pitt Agri. Center","PM2.5","Pitt",35.6412760008938,-77.360126
"7864",2024-05-08,54,"Pitt Agri. Center","PM2.5","Pitt",35.6412760008938,-77.360126
"7865",2024-05-09,31,"Pitt Agri. Center","PM2.5","Pitt",35.6412760008938,-77.360126
"7866",2024-05-10,29,"Pitt Agri. Center","PM2.5","Pitt",35.6412760008938,-77.360126
"7867",2024-05-11,9,"Pitt Agri. Center","PM2.5","Pitt",35.6412760008938,-77.360126
"7868",2024-05-12,21,"Pitt Agri. Center","PM2.5","Pitt",35.6412760008938,-77.360126
"7869",2024-05-13,17,"Pitt Agri. Center","PM2.5","Pitt",35.6412760008938,-77.360126
"7870",2024-05-14,23,"Pitt Agri. Center","PM2.5","Pitt",35.6412760008938,-77.360126
"7871",2024-05-15,17,"Pitt Agri. Center","PM2.5","Pitt",35.6412760008938,-77.360126
"7872",2024-05-16,12,"Pitt Agri. Center","PM2.5","Pitt",35.6412760008938,-77.360126
"7873",2024-05-17,22,"Pitt Agri. Center","PM2.5","Pitt",35.6412760008938,-77.360126
"7874",2024-05-18,24,"Pitt Agri. Center","PM2.5","Pitt",35.6412760008938,-77.360126
"7875",2024-05-19,14,"Pitt Agri. Center","PM2.5","Pitt",35.6412760008938,-77.360126
"7876",2024-05-20,16,"Pitt Agri. Center","PM2.5","Pitt",35.6412760008938,-77.360126
"7877",2024-05-21,8,"Pitt Agri. Center","PM2.5","Pitt",35.6412760008938,-77.360126
"7878",2024-05-22,18,"Pitt Agri. Center","PM2.5","Pitt",35.6412760008938,-77.360126
"7879",2024-05-23,34,"Pitt Agri. Center","PM2.5","Pitt",35.6412760008938,-77.360126
"7880",2024-05-24,47,"Pitt Agri. Center","PM2.5","Pitt",35.6412760008938,-77.360126
"7881",2024-05-25,32,"Pitt Agri. Center","PM2.5","Pitt",35.6412760008938,-77.360126
"7882",2024-05-26,46,"Pitt Agri. Center","PM2.5","Pitt",35.6412760008938,-77.360126
"7883",2024-05-27,50,"Pitt Agri. Center","PM2.5","Pitt",35.6412760008938,-77.360126
"7884",2024-05-28,40,"Pitt Agri. Center","PM2.5","Pitt",35.6412760008938,-77.360126
"7885",2024-05-29,33,"Pitt Agri. Center","PM2.5","Pitt",35.6412760008938,-77.360126
"7886",2024-05-30,21,"Pitt Agri. Center","PM2.5","Pitt",35.6412760008938,-77.360126
"7887",2024-05-31,27,"Pitt Agri. Center","PM2.5","Pitt",35.6412760008938,-77.360126
"7888",2024-06-01,35,"Pitt Agri. Center","PM2.5","Pitt",35.6412760008938,-77.360126
"7889",2024-06-02,26,"Pitt Agri. Center","PM2.5","Pitt",35.6412760008938,-77.360126
"7890",2024-06-03,29,"Pitt Agri. Center","PM2.5","Pitt",35.6412760008938,-77.360126
"7891",2024-06-04,45,"Pitt Agri. Center","PM2.5","Pitt",35.6412760008938,-77.360126
"7892",2024-06-05,35,"Pitt Agri. Center","PM2.5","Pitt",35.6412760008938,-77.360126
"7893",2024-06-06,41,"Pitt Agri. Center","PM2.5","Pitt",35.6412760008938,-77.360126
"7894",2024-06-07,34,"Pitt Agri. Center","PM2.5","Pitt",35.6412760008938,-77.360126
"7895",2024-06-08,29,"Pitt Agri. Center","PM2.5","Pitt",35.6412760008938,-77.360126
"7896",2024-06-09,52,"Pitt Agri. Center","PM2.5","Pitt",35.6412760008938,-77.360126
"7897",2024-06-10,34,"Pitt Agri. Center","PM2.5","Pitt",35.6412760008938,-77.360126
"7898",2024-06-11,48,"Pitt Agri. Center","PM2.5","Pitt",35.6412760008938,-77.360126
"7899",2024-06-12,39,"Pitt Agri. Center","PM2.5","Pitt",35.6412760008938,-77.360126
"7900",2024-06-13,41,"Pitt Agri. Center","PM2.5","Pitt",35.6412760008938,-77.360126
"7901",2024-06-14,52,"Pitt Agri. Center","PM2.5","Pitt",35.6412760008938,-77.360126
"7902",2024-06-15,50,"Pitt Agri. Center","PM2.5","Pitt",35.6412760008938,-77.360126
"7903",2024-06-16,34,"Pitt Agri. Center","PM2.5","Pitt",35.6412760008938,-77.360126
"7904",2024-06-17,48,"Pitt Agri. Center","PM2.5","Pitt",35.6412760008938,-77.360126
"7905",2024-06-18,34,"Pitt Agri. Center","PM2.5","Pitt",35.6412760008938,-77.360126
"7906",2024-06-19,28,"Pitt Agri. Center","PM2.5","Pitt",35.6412760008938,-77.360126
"7907",2024-06-20,27,"Pitt Agri. Center","PM2.5","Pitt",35.6412760008938,-77.360126
"7908",2024-06-21,29,"Pitt Agri. Center","PM2.5","Pitt",35.6412760008938,-77.360126
"7909",2024-06-22,25,"Pitt Agri. Center","PM2.5","Pitt",35.6412760008938,-77.360126
"7910",2024-06-23,26,"Pitt Agri. Center","PM2.5","Pitt",35.6412760008938,-77.360126
"7911",2024-06-24,50,"Pitt Agri. Center","PM2.5","Pitt",35.6412760008938,-77.360126
"7912",2024-06-25,37,"Pitt Agri. Center","PM2.5","Pitt",35.6412760008938,-77.360126
"7913",2024-06-26,48,"Pitt Agri. Center","PM2.5","Pitt",35.6412760008938,-77.360126
"7914",2024-06-27,48,"Pitt Agri. Center","PM2.5","Pitt",35.6412760008938,-77.360126
"7915",2024-06-28,36,"Pitt Agri. Center","PM2.5","Pitt",35.6412760008938,-77.360126
"7916",2024-06-29,37,"Pitt Agri. Center","PM2.5","Pitt",35.6412760008938,-77.360126
"7917",2024-06-30,37,"Pitt Agri. Center","PM2.5","Pitt",35.6412760008938,-77.360126
"7918",2024-07-01,17,"Pitt Agri. Center","PM2.5","Pitt",35.6412760008938,-77.360126
"7919",2024-07-02,28,"Pitt Agri. Center","PM2.5","Pitt",35.6412760008938,-77.360126
"7920",2024-07-03,23,"Pitt Agri. Center","PM2.5","Pitt",35.6412760008938,-77.360126
"7921",2024-07-04,36,"Pitt Agri. Center","PM2.5","Pitt",35.6412760008938,-77.360126
"7922",2024-07-05,47,"Pitt Agri. Center","PM2.5","Pitt",35.6412760008938,-77.360126
"7923",2024-07-06,50,"Pitt Agri. Center","PM2.5","Pitt",35.6412760008938,-77.360126
"7924",2024-07-07,47,"Pitt Agri. Center","PM2.5","Pitt",35.6412760008938,-77.360126
"7925",2024-07-08,32,"Pitt Agri. Center","PM2.5","Pitt",35.6412760008938,-77.360126
"7926",2024-07-09,25,"Pitt Agri. Center","PM2.5","Pitt",35.6412760008938,-77.360126
"7927",2024-07-10,19,"Pitt Agri. Center","PM2.5","Pitt",35.6412760008938,-77.360126
"7928",2024-07-11,18,"Pitt Agri. Center","PM2.5","Pitt",35.6412760008938,-77.360126
"7929",2024-07-12,27,"Pitt Agri. Center","PM2.5","Pitt",35.6412760008938,-77.360126
"7930",2024-07-13,37,"Pitt Agri. Center","PM2.5","Pitt",35.6412760008938,-77.360126
"7931",2024-07-14,56,"Pitt Agri. Center","PM2.5","Pitt",35.6412760008938,-77.360126
"7932",2024-07-15,62,"Pitt Agri. Center","PM2.5","Pitt",35.6412760008938,-77.360126
"7933",2024-07-16,63,"Pitt Agri. Center","PM2.5","Pitt",35.6412760008938,-77.360126
"7934",2024-07-17,53,"Pitt Agri. Center","PM2.5","Pitt",35.6412760008938,-77.360126
"7935",2024-07-18,41,"Pitt Agri. Center","PM2.5","Pitt",35.6412760008938,-77.360126
"7936",2024-07-19,33,"Pitt Agri. Center","PM2.5","Pitt",35.6412760008938,-77.360126
"7937",2024-07-20,24,"Pitt Agri. Center","PM2.5","Pitt",35.6412760008938,-77.360126
"7938",2024-07-21,24,"Pitt Agri. Center","PM2.5","Pitt",35.6412760008938,-77.360126
"7939",2024-07-22,18,"Pitt Agri. Center","PM2.5","Pitt",35.6412760008938,-77.360126
"7940",2024-07-23,52,"Pitt Agri. Center","PM2.5","Pitt",35.6412760008938,-77.360126
"7941",2024-07-24,28,"Pitt Agri. Center","PM2.5","Pitt",35.6412760008938,-77.360126
"7942",2024-07-25,27,"Pitt Agri. Center","PM2.5","Pitt",35.6412760008938,-77.360126
"7943",2024-07-26,20,"Pitt Agri. Center","PM2.5","Pitt",35.6412760008938,-77.360126
"7944",2024-07-27,25,"Pitt Agri. Center","PM2.5","Pitt",35.6412760008938,-77.360126
"7945",2024-07-28,42,"Pitt Agri. Center","PM2.5","Pitt",35.6412760008938,-77.360126
"7946",2024-07-29,55,"Pitt Agri. Center","PM2.5","Pitt",35.6412760008938,-77.360126
"7947",2024-07-30,52,"Pitt Agri. Center","PM2.5","Pitt",35.6412760008938,-77.360126
"7948",2024-07-31,41,"Pitt Agri. Center","PM2.5","Pitt",35.6412760008938,-77.360126
"7949",2024-08-01,55,"Pitt Agri. Center","PM2.5","Pitt",35.6412760008938,-77.360126
"7950",2024-08-02,53,"Pitt Agri. Center","PM2.5","Pitt",35.6412760008938,-77.360126
"7951",2024-08-03,48,"Pitt Agri. Center","PM2.5","Pitt",35.6412760008938,-77.360126
"7952",2024-08-04,18,"Pitt Agri. Center","PM2.5","Pitt",35.6412760008938,-77.360126
"7953",2024-08-05,17,"Pitt Agri. Center","PM2.5","Pitt",35.6412760008938,-77.360126
"7954",2024-08-06,12,"Pitt Agri. Center","PM2.5","Pitt",35.6412760008938,-77.360126
"7955",2024-08-07,11,"Pitt Agri. Center","PM2.5","Pitt",35.6412760008938,-77.360126
"7956",2024-08-08,32,"Pitt Agri. Center","PM2.5","Pitt",35.6412760008938,-77.360126
"7957",2024-08-09,28,"Pitt Agri. Center","PM2.5","Pitt",35.6412760008938,-77.360126
"7958",2024-08-10,44,"Pitt Agri. Center","PM2.5","Pitt",35.6412760008938,-77.360126
"7959",2024-08-11,42,"Pitt Agri. Center","PM2.5","Pitt",35.6412760008938,-77.360126
"7960",2024-08-12,51,"Pitt Agri. Center","PM2.5","Pitt",35.6412760008938,-77.360126
"7961",2024-08-13,47,"Pitt Agri. Center","PM2.5","Pitt",35.6412760008938,-77.360126
"7962",2024-08-14,49,"Pitt Agri. Center","PM2.5","Pitt",35.6412760008938,-77.360126
"7963",2024-08-15,60,"Pitt Agri. Center","PM2.5","Pitt",35.6412760008938,-77.360126
"7964",2024-08-16,68,"Pitt Agri. Center","PM2.5","Pitt",35.6412760008938,-77.360126
"7965",2024-08-17,65,"Pitt Agri. Center","PM2.5","Pitt",35.6412760008938,-77.360126
"7966",2024-08-18,54,"Pitt Agri. Center","PM2.5","Pitt",35.6412760008938,-77.360126
"7967",2024-08-19,26,"Pitt Agri. Center","PM2.5","Pitt",35.6412760008938,-77.360126
"7968",2024-08-20,18,"Pitt Agri. Center","PM2.5","Pitt",35.6412760008938,-77.360126
"7969",2024-08-21,26,"Pitt Agri. Center","PM2.5","Pitt",35.6412760008938,-77.360126
"7970",2024-08-22,30,"Pitt Agri. Center","PM2.5","Pitt",35.6412760008938,-77.360126
"7971",2024-08-23,39,"Pitt Agri. Center","PM2.5","Pitt",35.6412760008938,-77.360126
"7972",2024-08-24,31,"Pitt Agri. Center","PM2.5","Pitt",35.6412760008938,-77.360126
"7973",2024-08-25,32,"Pitt Agri. Center","PM2.5","Pitt",35.6412760008938,-77.360126
"7974",2024-08-26,43,"Pitt Agri. Center","PM2.5","Pitt",35.6412760008938,-77.360126
"7975",2024-08-27,50,"Pitt Agri. Center","PM2.5","Pitt",35.6412760008938,-77.360126
"7976",2024-08-28,62,"Pitt Agri. Center","PM2.5","Pitt",35.6412760008938,-77.360126
"7977",2024-08-29,57,"Pitt Agri. Center","PM2.5","Pitt",35.6412760008938,-77.360126
"7978",2024-08-30,53,"Pitt Agri. Center","PM2.5","Pitt",35.6412760008938,-77.360126
"7979",2024-08-31,39,"Pitt Agri. Center","PM2.5","Pitt",35.6412760008938,-77.360126
"7980",2024-09-01,43,"Pitt Agri. Center","PM2.5","Pitt",35.6412760008938,-77.360126
"7981",2024-09-02,26,"Pitt Agri. Center","PM2.5","Pitt",35.6412760008938,-77.360126
"7982",2024-09-03,23,"Pitt Agri. Center","PM2.5","Pitt",35.6412760008938,-77.360126
"7983",2024-09-04,21,"Pitt Agri. Center","PM2.5","Pitt",35.6412760008938,-77.360126
"7984",2024-09-05,26,"Pitt Agri. Center","PM2.5","Pitt",35.6412760008938,-77.360126
"7985",2024-09-06,23,"Pitt Agri. Center","PM2.5","Pitt",35.6412760008938,-77.360126
"7986",2024-09-07,21,"Pitt Agri. Center","PM2.5","Pitt",35.6412760008938,-77.360126
"7987",2024-09-08,12,"Pitt Agri. Center","PM2.5","Pitt",35.6412760008938,-77.360126
"7988",2024-09-09,18,"Pitt Agri. Center","PM2.5","Pitt",35.6412760008938,-77.360126
"7989",2024-09-10,26,"Pitt Agri. Center","PM2.5","Pitt",35.6412760008938,-77.360126
"7990",2024-09-11,36,"Pitt Agri. Center","PM2.5","Pitt",35.6412760008938,-77.360126
"7991",2024-09-12,32,"Pitt Agri. Center","PM2.5","Pitt",35.6412760008938,-77.360126
"7992",2024-09-13,15,"Pitt Agri. Center","PM2.5","Pitt",35.6412760008938,-77.360126
"7993",2024-09-14,24,"Pitt Agri. Center","PM2.5","Pitt",35.6412760008938,-77.360126
"7994",2024-09-15,38,"Pitt Agri. Center","PM2.5","Pitt",35.6412760008938,-77.360126
"7995",2024-09-16,29,"Pitt Agri. Center","PM2.5","Pitt",35.6412760008938,-77.360126
"7996",2024-09-17,16,"Pitt Agri. Center","PM2.5","Pitt",35.6412760008938,-77.360126
"7997",2024-09-18,14,"Pitt Agri. Center","PM2.5","Pitt",35.6412760008938,-77.360126
"7998",2024-09-19,17,"Pitt Agri. Center","PM2.5","Pitt",35.6412760008938,-77.360126
"7999",2024-09-20,28,"Pitt Agri. Center","PM2.5","Pitt",35.6412760008938,-77.360126
"8000",2024-09-21,21,"Pitt Agri. Center","PM2.5","Pitt",35.6412760008938,-77.360126
"8001",2024-09-22,26,"Pitt Agri. Center","PM2.5","Pitt",35.6412760008938,-77.360126
"8002",2024-09-23,25,"Pitt Agri. Center","PM2.5","Pitt",35.6412760008938,-77.360126
"8003",2024-09-24,25,"Pitt Agri. Center","PM2.5","Pitt",35.6412760008938,-77.360126
"8004",2024-09-25,26,"Pitt Agri. Center","PM2.5","Pitt",35.6412760008938,-77.360126
"8005",2024-09-26,17,"Pitt Agri. Center","PM2.5","Pitt",35.6412760008938,-77.360126
"8006",2024-09-27,22,"Pitt Agri. Center","PM2.5","Pitt",35.6412760008938,-77.360126
"8007",2024-09-28,32,"Pitt Agri. Center","PM2.5","Pitt",35.6412760008938,-77.360126
"8008",2024-09-29,34,"Pitt Agri. Center","PM2.5","Pitt",35.6412760008938,-77.360126
"8009",2024-09-30,50,"Pitt Agri. Center","PM2.5","Pitt",35.6412760008938,-77.360126
"8010",2024-10-01,19,"Pitt Agri. Center","PM2.5","Pitt",35.6412760008938,-77.360126
"8011",2024-10-02,17,"Pitt Agri. Center","PM2.5","Pitt",35.6412760008938,-77.360126
"8012",2024-10-03,19,"Pitt Agri. Center","PM2.5","Pitt",35.6412760008938,-77.360126
"8013",2024-10-04,28,"Pitt Agri. Center","PM2.5","Pitt",35.6412760008938,-77.360126
"8014",2024-10-05,42,"Pitt Agri. Center","PM2.5","Pitt",35.6412760008938,-77.360126
"8015",2024-10-06,37,"Pitt Agri. Center","PM2.5","Pitt",35.6412760008938,-77.360126
"8016",2024-10-07,43,"Pitt Agri. Center","PM2.5","Pitt",35.6412760008938,-77.360126
"8017",2024-10-08,28,"Pitt Agri. Center","PM2.5","Pitt",35.6412760008938,-77.360126
"8018",2024-10-09,20,"Pitt Agri. Center","PM2.5","Pitt",35.6412760008938,-77.360126
"8019",2024-10-10,19,"Pitt Agri. Center","PM2.5","Pitt",35.6412760008938,-77.360126
"8020",2024-10-11,13,"Pitt Agri. Center","PM2.5","Pitt",35.6412760008938,-77.360126
"8021",2024-10-12,32,"Pitt Agri. Center","PM2.5","Pitt",35.6412760008938,-77.360126
"8022",2024-10-13,39,"Pitt Agri. Center","PM2.5","Pitt",35.6412760008938,-77.360126
"8023",2024-10-14,34,"Pitt Agri. Center","PM2.5","Pitt",35.6412760008938,-77.360126
"8024",2024-10-15,11,"Pitt Agri. Center","PM2.5","Pitt",35.6412760008938,-77.360126
"8025",2024-10-16,8,"Pitt Agri. Center","PM2.5","Pitt",35.6412760008938,-77.360126
"8026",2024-10-17,9,"Pitt Agri. Center","PM2.5","Pitt",35.6412760008938,-77.360126
"8027",2024-10-18,25,"Pitt Agri. Center","PM2.5","Pitt",35.6412760008938,-77.360126
"8028",2024-10-19,28,"Pitt Agri. Center","PM2.5","Pitt",35.6412760008938,-77.360126
"8029",2024-10-20,21,"Pitt Agri. Center","PM2.5","Pitt",35.6412760008938,-77.360126
"8030",2024-10-21,27,"Pitt Agri. Center","PM2.5","Pitt",35.6412760008938,-77.360126
"8031",2024-10-22,46,"Pitt Agri. Center","PM2.5","Pitt",35.6412760008938,-77.360126
"8032",2024-10-23,43,"Pitt Agri. Center","PM2.5","Pitt",35.6412760008938,-77.360126
"8033",2024-10-24,44,"Pitt Agri. Center","PM2.5","Pitt",35.6412760008938,-77.360126
"8034",2024-10-25,46,"Pitt Agri. Center","PM2.5","Pitt",35.6412760008938,-77.360126
"8035",2024-10-26,51,"Pitt Agri. Center","PM2.5","Pitt",35.6412760008938,-77.360126
"8036",2024-10-27,24,"Pitt Agri. Center","PM2.5","Pitt",35.6412760008938,-77.360126
"8037",2024-10-28,22,"Pitt Agri. Center","PM2.5","Pitt",35.6412760008938,-77.360126
"8038",2024-10-29,36,"Pitt Agri. Center","PM2.5","Pitt",35.6412760008938,-77.360126
"8039",2024-10-30,40,"Pitt Agri. Center","PM2.5","Pitt",35.6412760008938,-77.360126
"8040",2024-10-31,19,"Pitt Agri. Center","PM2.5","Pitt",35.6412760008938,-77.360126
"8041",2024-11-01,21,"Pitt Agri. Center","PM2.5","Pitt",35.6412760008938,-77.360126
"8042",2024-11-02,29,"Pitt Agri. Center","PM2.5","Pitt",35.6412760008938,-77.360126
"8043",2024-11-03,22,"Pitt Agri. Center","PM2.5","Pitt",35.6412760008938,-77.360126
"8044",2024-11-04,23,"Pitt Agri. Center","PM2.5","Pitt",35.6412760008938,-77.360126
"8045",2024-11-05,17,"Pitt Agri. Center","PM2.5","Pitt",35.6412760008938,-77.360126
"8046",2024-11-06,32,"Pitt Agri. Center","PM2.5","Pitt",35.6412760008938,-77.360126
"8047",2024-11-07,40,"Pitt Agri. Center","PM2.5","Pitt",35.6412760008938,-77.360126
"8048",2024-11-08,55,"Pitt Agri. Center","PM2.5","Pitt",35.6412760008938,-77.360126
"8049",2024-11-09,22,"Pitt Agri. Center","PM2.5","Pitt",35.6412760008938,-77.360126
"8050",2024-11-10,21,"Pitt Agri. Center","PM2.5","Pitt",35.6412760008938,-77.360126
"8051",2024-11-11,26,"Pitt Agri. Center","PM2.5","Pitt",35.6412760008938,-77.360126
"8052",2024-11-12,25,"Pitt Agri. Center","PM2.5","Pitt",35.6412760008938,-77.360126
"8053",2024-11-13,11,"Pitt Agri. Center","PM2.5","Pitt",35.6412760008938,-77.360126
"8054",2024-11-14,15,"Pitt Agri. Center","PM2.5","Pitt",35.6412760008938,-77.360126
"8055",2024-11-15,4,"Pitt Agri. Center","PM2.5","Pitt",35.6412760008938,-77.360126
"8056",2024-11-16,15,"Pitt Agri. Center","PM2.5","Pitt",35.6412760008938,-77.360126
"8057",2024-11-17,27,"Pitt Agri. Center","PM2.5","Pitt",35.6412760008938,-77.360126
"8058",2024-11-18,47,"Pitt Agri. Center","PM2.5","Pitt",35.6412760008938,-77.360126
"8059",2024-11-19,60,"Pitt Agri. Center","PM2.5","Pitt",35.6412760008938,-77.360126
"8060",2024-11-20,49,"Pitt Agri. Center","PM2.5","Pitt",35.6412760008938,-77.360126
"8061",2024-11-21,0,"Pitt Agri. Center","PM2.5","Pitt",35.6412760008938,-77.360126
"8062",2024-11-22,0,"Pitt Agri. Center","PM2.5","Pitt",35.6412760008938,-77.360126
"8063",2024-11-23,0,"Pitt Agri. Center","PM2.5","Pitt",35.6412760008938,-77.360126
"8064",2024-11-24,22,"Pitt Agri. Center","PM2.5","Pitt",35.6412760008938,-77.360126
"8065",2024-11-25,51,"Pitt Agri. Center","PM2.5","Pitt",35.6412760008938,-77.360126
"8066",2024-12-10,52,"Pitt Agri. Center","PM2.5","Pitt",35.6412760008938,-77.360126
"8067",2024-12-11,5,"Pitt Agri. Center","PM2.5","Pitt",35.6412760008938,-77.360126
"8068",2024-12-12,11,"Pitt Agri. Center","PM2.5","Pitt",35.6412760008938,-77.360126
"8069",2024-12-13,33,"Pitt Agri. Center","PM2.5","Pitt",35.6412760008938,-77.360126
"8070",2024-12-14,21,"Pitt Agri. Center","PM2.5","Pitt",35.6412760008938,-77.360126
"8071",2024-12-15,14,"Pitt Agri. Center","PM2.5","Pitt",35.6412760008938,-77.360126
"8072",2024-12-16,22,"Pitt Agri. Center","PM2.5","Pitt",35.6412760008938,-77.360126
"8073",2024-12-17,28,"Pitt Agri. Center","PM2.5","Pitt",35.6412760008938,-77.360126
"8074",2024-12-18,36,"Pitt Agri. Center","PM2.5","Pitt",35.6412760008938,-77.360126
"8075",2024-12-19,10,"Pitt Agri. Center","PM2.5","Pitt",35.6412760008938,-77.360126
"8076",2024-12-20,21,"Pitt Agri. Center","PM2.5","Pitt",35.6412760008938,-77.360126
"8077",2024-12-21,17,"Pitt Agri. Center","PM2.5","Pitt",35.6412760008938,-77.360126
"8078",2024-12-22,11,"Pitt Agri. Center","PM2.5","Pitt",35.6412760008938,-77.360126
"8079",2024-12-23,14,"Pitt Agri. Center","PM2.5","Pitt",35.6412760008938,-77.360126
"8080",2024-12-24,19,"Pitt Agri. Center","PM2.5","Pitt",35.6412760008938,-77.360126
"8081",2024-12-25,21,"Pitt Agri. Center","PM2.5","Pitt",35.6412760008938,-77.360126
"8082",2024-12-26,30,"Pitt Agri. Center","PM2.5","Pitt",35.6412760008938,-77.360126
"8083",2024-12-27,35,"Pitt Agri. Center","PM2.5","Pitt",35.6412760008938,-77.360126
"8084",2024-12-28,10,"Pitt Agri. Center","PM2.5","Pitt",35.6412760008938,-77.360126
"8085",2024-12-29,7,"Pitt Agri. Center","PM2.5","Pitt",35.6412760008938,-77.360126
"8086",2024-12-30,8,"Pitt Agri. Center","PM2.5","Pitt",35.6412760008938,-77.360126
"8087",2024-12-31,33,"Pitt Agri. Center","PM2.5","Pitt",35.6412760008938,-77.360126
"8088",2024-01-01,36,"Rockwell","PM2.5","Rowan",35.551868,-80.395039
"8089",2024-01-02,24,"Rockwell","PM2.5","Rowan",35.551868,-80.395039
"8090",2024-01-03,55,"Rockwell","PM2.5","Rowan",35.551868,-80.395039
"8091",2024-01-04,33,"Rockwell","PM2.5","Rowan",35.551868,-80.395039
"8092",2024-01-05,43,"Rockwell","PM2.5","Rowan",35.551868,-80.395039
"8093",2024-01-06,39,"Rockwell","PM2.5","Rowan",35.551868,-80.395039
"8094",2024-01-07,11,"Rockwell","PM2.5","Rowan",35.551868,-80.395039
"8095",2024-01-08,27,"Rockwell","PM2.5","Rowan",35.551868,-80.395039
"8096",2024-01-09,16,"Rockwell","PM2.5","Rowan",35.551868,-80.395039
"8097",2024-01-10,8,"Rockwell","PM2.5","Rowan",35.551868,-80.395039
"8098",2024-01-11,58,"Rockwell","PM2.5","Rowan",35.551868,-80.395039
"8099",2024-01-12,55,"Rockwell","PM2.5","Rowan",35.551868,-80.395039
"8100",2024-01-13,18,"Rockwell","PM2.5","Rowan",35.551868,-80.395039
"8101",2024-01-14,28,"Rockwell","PM2.5","Rowan",35.551868,-80.395039
"8102",2024-01-15,43,"Rockwell","PM2.5","Rowan",35.551868,-80.395039
"8103",2024-01-16,34,"Rockwell","PM2.5","Rowan",35.551868,-80.395039
"8104",2024-01-17,24,"Rockwell","PM2.5","Rowan",35.551868,-80.395039
"8105",2024-01-18,42,"Rockwell","PM2.5","Rowan",35.551868,-80.395039
"8106",2024-01-19,31,"Rockwell","PM2.5","Rowan",35.551868,-80.395039
"8107",2024-01-20,23,"Rockwell","PM2.5","Rowan",35.551868,-80.395039
"8108",2024-01-21,25,"Rockwell","PM2.5","Rowan",35.551868,-80.395039
"8109",2024-01-22,64,"Rockwell","PM2.5","Rowan",35.551868,-80.395039
"8110",2024-01-23,66,"Rockwell","PM2.5","Rowan",35.551868,-80.395039
"8111",2024-01-24,59,"Rockwell","PM2.5","Rowan",35.551868,-80.395039
"8112",2024-01-25,11,"Rockwell","PM2.5","Rowan",35.551868,-80.395039
"8113",2024-01-26,25,"Rockwell","PM2.5","Rowan",35.551868,-80.395039
"8114",2024-01-27,43,"Rockwell","PM2.5","Rowan",35.551868,-80.395039
"8115",2024-01-28,4,"Rockwell","PM2.5","Rowan",35.551868,-80.395039
"8116",2024-01-29,2,"Rockwell","PM2.5","Rowan",35.551868,-80.395039
"8117",2024-01-30,24,"Rockwell","PM2.5","Rowan",35.551868,-80.395039
"8118",2024-01-31,34,"Rockwell","PM2.5","Rowan",35.551868,-80.395039
"8119",2024-02-01,39,"Rockwell","PM2.5","Rowan",35.551868,-80.395039
"8120",2024-02-02,38,"Rockwell","PM2.5","Rowan",35.551868,-80.395039
"8121",2024-02-03,30,"Rockwell","PM2.5","Rowan",35.551868,-80.395039
"8122",2024-02-04,54,"Rockwell","PM2.5","Rowan",35.551868,-80.395039
"8123",2024-02-05,29,"Rockwell","PM2.5","Rowan",35.551868,-80.395039
"8124",2024-02-06,36,"Rockwell","PM2.5","Rowan",35.551868,-80.395039
"8125",2024-02-07,36,"Rockwell","PM2.5","Rowan",35.551868,-80.395039
"8126",2024-02-08,62,"Rockwell","PM2.5","Rowan",35.551868,-80.395039
"8127",2024-02-09,64,"Rockwell","PM2.5","Rowan",35.551868,-80.395039
"8128",2024-02-10,57,"Rockwell","PM2.5","Rowan",35.551868,-80.395039
"8129",2024-02-11,36,"Rockwell","PM2.5","Rowan",35.551868,-80.395039
"8130",2024-02-12,11,"Rockwell","PM2.5","Rowan",35.551868,-80.395039
"8131",2024-02-13,8,"Rockwell","PM2.5","Rowan",35.551868,-80.395039
"8132",2024-02-14,31,"Rockwell","PM2.5","Rowan",35.551868,-80.395039
"8133",2024-02-15,52,"Rockwell","PM2.5","Rowan",35.551868,-80.395039
"8134",2024-02-16,46,"Rockwell","PM2.5","Rowan",35.551868,-80.395039
"8135",2024-02-17,25,"Rockwell","PM2.5","Rowan",35.551868,-80.395039
"8136",2024-02-18,36,"Rockwell","PM2.5","Rowan",35.551868,-80.395039
"8137",2024-02-19,57,"Rockwell","PM2.5","Rowan",35.551868,-80.395039
"8138",2024-02-20,60,"Rockwell","PM2.5","Rowan",35.551868,-80.395039
"8139",2024-02-21,74,"Rockwell","PM2.5","Rowan",35.551868,-80.395039
"8140",2024-02-22,71,"Rockwell","PM2.5","Rowan",35.551868,-80.395039
"8141",2024-02-23,67,"Rockwell","PM2.5","Rowan",35.551868,-80.395039
"8142",2024-02-24,13,"Rockwell","PM2.5","Rowan",35.551868,-80.395039
"8143",2024-02-25,16,"Rockwell","PM2.5","Rowan",35.551868,-80.395039
"8144",2024-02-26,57,"Rockwell","PM2.5","Rowan",35.551868,-80.395039
"8145",2024-02-27,64,"Rockwell","PM2.5","Rowan",35.551868,-80.395039
"8146",2024-02-28,39,"Rockwell","PM2.5","Rowan",35.551868,-80.395039
"8147",2024-02-29,17,"Rockwell","PM2.5","Rowan",35.551868,-80.395039
"8148",2024-03-01,35,"Rockwell","PM2.5","Rowan",35.551868,-80.395039
"8149",2024-03-02,23,"Rockwell","PM2.5","Rowan",35.551868,-80.395039
"8150",2024-03-03,47,"Rockwell","PM2.5","Rowan",35.551868,-80.395039
"8151",2024-03-04,59,"Rockwell","PM2.5","Rowan",35.551868,-80.395039
"8152",2024-03-05,42,"Rockwell","PM2.5","Rowan",35.551868,-80.395039
"8153",2024-03-06,46,"Rockwell","PM2.5","Rowan",35.551868,-80.395039
"8154",2024-03-07,14,"Rockwell","PM2.5","Rowan",35.551868,-80.395039
"8155",2024-03-08,27,"Rockwell","PM2.5","Rowan",35.551868,-80.395039
"8156",2024-03-09,17,"Rockwell","PM2.5","Rowan",35.551868,-80.395039
"8157",2024-03-10,0,"Rockwell","PM2.5","Rowan",35.551868,-80.395039
"8158",2024-03-11,12,"Rockwell","PM2.5","Rowan",35.551868,-80.395039
"8159",2024-03-12,37,"Rockwell","PM2.5","Rowan",35.551868,-80.395039
"8160",2024-03-13,56,"Rockwell","PM2.5","Rowan",35.551868,-80.395039
"8161",2024-03-14,66,"Rockwell","PM2.5","Rowan",35.551868,-80.395039
"8162",2024-03-15,89,"Rockwell","PM2.5","Rowan",35.551868,-80.395039
"8163",2024-03-16,51,"Rockwell","PM2.5","Rowan",35.551868,-80.395039
"8164",2024-03-17,37,"Rockwell","PM2.5","Rowan",35.551868,-80.395039
"8165",2024-03-18,14,"Rockwell","PM2.5","Rowan",35.551868,-80.395039
"8166",2024-03-19,15,"Rockwell","PM2.5","Rowan",35.551868,-80.395039
"8167",2024-03-20,36,"Rockwell","PM2.5","Rowan",35.551868,-80.395039
"8168",2024-03-21,36,"Rockwell","PM2.5","Rowan",35.551868,-80.395039
"8169",2024-03-22,59,"Rockwell","PM2.5","Rowan",35.551868,-80.395039
"8170",2024-03-23,13,"Rockwell","PM2.5","Rowan",35.551868,-80.395039
"8171",2024-03-24,21,"Rockwell","PM2.5","Rowan",35.551868,-80.395039
"8172",2024-03-25,26,"Rockwell","PM2.5","Rowan",35.551868,-80.395039
"8173",2024-03-26,49,"Rockwell","PM2.5","Rowan",35.551868,-80.395039
"8174",2024-03-27,19,"Rockwell","PM2.5","Rowan",35.551868,-80.395039
"8175",2024-03-28,14,"Rockwell","PM2.5","Rowan",35.551868,-80.395039
"8176",2024-03-29,23,"Rockwell","PM2.5","Rowan",35.551868,-80.395039
"8177",2024-03-30,43,"Rockwell","PM2.5","Rowan",35.551868,-80.395039
"8178",2024-03-31,48,"Rockwell","PM2.5","Rowan",35.551868,-80.395039
"8179",2024-04-01,59,"Rockwell","PM2.5","Rowan",35.551868,-80.395039
"8180",2024-04-02,57,"Rockwell","PM2.5","Rowan",35.551868,-80.395039
"8181",2024-04-03,27,"Rockwell","PM2.5","Rowan",35.551868,-80.395039
"8182",2024-04-04,17,"Rockwell","PM2.5","Rowan",35.551868,-80.395039
"8183",2024-04-05,9,"Rockwell","PM2.5","Rowan",35.551868,-80.395039
"8184",2024-04-06,6,"Rockwell","PM2.5","Rowan",35.551868,-80.395039
"8185",2024-04-07,52,"Rockwell","PM2.5","Rowan",35.551868,-80.395039
"8186",2024-04-08,47,"Rockwell","PM2.5","Rowan",35.551868,-80.395039
"8187",2024-04-09,51,"Rockwell","PM2.5","Rowan",35.551868,-80.395039
"8188",2024-04-10,51,"Rockwell","PM2.5","Rowan",35.551868,-80.395039
"8189",2024-04-11,24,"Rockwell","PM2.5","Rowan",35.551868,-80.395039
"8190",2024-04-12,6,"Rockwell","PM2.5","Rowan",35.551868,-80.395039
"8191",2024-04-13,18,"Rockwell","PM2.5","Rowan",35.551868,-80.395039
"8192",2024-04-14,36,"Rockwell","PM2.5","Rowan",35.551868,-80.395039
"8193",2024-04-15,52,"Rockwell","PM2.5","Rowan",35.551868,-80.395039
"8194",2024-04-16,61,"Rockwell","PM2.5","Rowan",35.551868,-80.395039
"8195",2024-04-17,60,"Rockwell","PM2.5","Rowan",35.551868,-80.395039
"8196",2024-04-18,42,"Rockwell","PM2.5","Rowan",35.551868,-80.395039
"8197",2024-04-27,50,"Rockwell","PM2.5","Rowan",35.551868,-80.395039
"8198",2024-04-28,41,"Rockwell","PM2.5","Rowan",35.551868,-80.395039
"8199",2024-04-29,40,"Rockwell","PM2.5","Rowan",35.551868,-80.395039
"8200",2024-04-30,42,"Rockwell","PM2.5","Rowan",35.551868,-80.395039
"8201",2024-05-01,26,"Rockwell","PM2.5","Rowan",35.551868,-80.395039
"8202",2024-05-02,40,"Rockwell","PM2.5","Rowan",35.551868,-80.395039
"8203",2024-05-03,53,"Rockwell","PM2.5","Rowan",35.551868,-80.395039
"8204",2024-05-04,41,"Rockwell","PM2.5","Rowan",35.551868,-80.395039
"8205",2024-05-05,12,"Rockwell","PM2.5","Rowan",35.551868,-80.395039
"8206",2024-05-06,47,"Rockwell","PM2.5","Rowan",35.551868,-80.395039
"8207",2024-05-07,41,"Rockwell","PM2.5","Rowan",35.551868,-80.395039
"8208",2024-05-08,52,"Rockwell","PM2.5","Rowan",35.551868,-80.395039
"8209",2024-05-09,20,"Rockwell","PM2.5","Rowan",35.551868,-80.395039
"8210",2024-05-10,18,"Rockwell","PM2.5","Rowan",35.551868,-80.395039
"8211",2024-05-11,20,"Rockwell","PM2.5","Rowan",35.551868,-80.395039
"8212",2024-05-12,22,"Rockwell","PM2.5","Rowan",35.551868,-80.395039
"8213",2024-05-13,42,"Rockwell","PM2.5","Rowan",35.551868,-80.395039
"8214",2024-05-14,21,"Rockwell","PM2.5","Rowan",35.551868,-80.395039
"8215",2024-05-15,15,"Rockwell","PM2.5","Rowan",35.551868,-80.395039
"8216",2024-05-16,21,"Rockwell","PM2.5","Rowan",35.551868,-80.395039
"8217",2024-05-17,36,"Rockwell","PM2.5","Rowan",35.551868,-80.395039
"8218",2024-05-18,29,"Rockwell","PM2.5","Rowan",35.551868,-80.395039
"8219",2024-05-19,9,"Rockwell","PM2.5","Rowan",35.551868,-80.395039
"8220",2024-05-20,28,"Rockwell","PM2.5","Rowan",35.551868,-80.395039
"8221",2024-05-21,39,"Rockwell","PM2.5","Rowan",35.551868,-80.395039
"8222",2024-05-22,43,"Rockwell","PM2.5","Rowan",35.551868,-80.395039
"8223",2024-05-23,54,"Rockwell","PM2.5","Rowan",35.551868,-80.395039
"8224",2024-05-24,37,"Rockwell","PM2.5","Rowan",35.551868,-80.395039
"8225",2024-05-25,39,"Rockwell","PM2.5","Rowan",35.551868,-80.395039
"8226",2024-05-26,43,"Rockwell","PM2.5","Rowan",35.551868,-80.395039
"8227",2024-05-27,40,"Rockwell","PM2.5","Rowan",35.551868,-80.395039
"8228",2024-05-28,31,"Rockwell","PM2.5","Rowan",35.551868,-80.395039
"8229",2024-05-29,23,"Rockwell","PM2.5","Rowan",35.551868,-80.395039
"8230",2024-05-30,23,"Rockwell","PM2.5","Rowan",35.551868,-80.395039
"8231",2024-05-31,36,"Rockwell","PM2.5","Rowan",35.551868,-80.395039
"8232",2024-06-01,47,"Rockwell","PM2.5","Rowan",35.551868,-80.395039
"8233",2024-06-02,31,"Rockwell","PM2.5","Rowan",35.551868,-80.395039
"8234",2024-06-03,38,"Rockwell","PM2.5","Rowan",35.551868,-80.395039
"8235",2024-06-04,36,"Rockwell","PM2.5","Rowan",35.551868,-80.395039
"8236",2024-06-05,40,"Rockwell","PM2.5","Rowan",35.551868,-80.395039
"8237",2024-06-06,35,"Rockwell","PM2.5","Rowan",35.551868,-80.395039
"8238",2024-06-07,27,"Rockwell","PM2.5","Rowan",35.551868,-80.395039
"8239",2024-06-08,34,"Rockwell","PM2.5","Rowan",35.551868,-80.395039
"8240",2024-06-09,46,"Rockwell","PM2.5","Rowan",35.551868,-80.395039
"8241",2024-06-10,25,"Rockwell","PM2.5","Rowan",35.551868,-80.395039
"8242",2024-06-11,39,"Rockwell","PM2.5","Rowan",35.551868,-80.395039
"8243",2024-06-12,55,"Rockwell","PM2.5","Rowan",35.551868,-80.395039
"8244",2024-06-13,52,"Rockwell","PM2.5","Rowan",35.551868,-80.395039
"8245",2024-06-14,56,"Rockwell","PM2.5","Rowan",35.551868,-80.395039
"8246",2024-06-15,53,"Rockwell","PM2.5","Rowan",35.551868,-80.395039
"8247",2024-06-16,58,"Rockwell","PM2.5","Rowan",35.551868,-80.395039
"8248",2024-06-17,52,"Rockwell","PM2.5","Rowan",35.551868,-80.395039
"8249",2024-06-18,52,"Rockwell","PM2.5","Rowan",35.551868,-80.395039
"8250",2024-06-19,34,"Rockwell","PM2.5","Rowan",35.551868,-80.395039
"8251",2024-06-20,37,"Rockwell","PM2.5","Rowan",35.551868,-80.395039
"8252",2024-06-21,42,"Rockwell","PM2.5","Rowan",35.551868,-80.395039
"8253",2024-06-22,29,"Rockwell","PM2.5","Rowan",35.551868,-80.395039
"8254",2024-06-23,33,"Rockwell","PM2.5","Rowan",35.551868,-80.395039
"8255",2024-06-24,39,"Rockwell","PM2.5","Rowan",35.551868,-80.395039
"8256",2024-06-25,44,"Rockwell","PM2.5","Rowan",35.551868,-80.395039
"8257",2024-06-26,60,"Rockwell","PM2.5","Rowan",35.551868,-80.395039
"8258",2024-06-27,52,"Rockwell","PM2.5","Rowan",35.551868,-80.395039
"8259",2024-06-28,54,"Rockwell","PM2.5","Rowan",35.551868,-80.395039
"8260",2024-06-29,44,"Rockwell","PM2.5","Rowan",35.551868,-80.395039
"8261",2024-06-30,44,"Rockwell","PM2.5","Rowan",35.551868,-80.395039
"8262",2024-07-01,29,"Rockwell","PM2.5","Rowan",35.551868,-80.395039
"8263",2024-07-02,27,"Rockwell","PM2.5","Rowan",35.551868,-80.395039
"8264",2024-07-03,51,"Rockwell","PM2.5","Rowan",35.551868,-80.395039
"8265",2024-07-04,53,"Rockwell","PM2.5","Rowan",35.551868,-80.395039
"8266",2024-07-05,52,"Rockwell","PM2.5","Rowan",35.551868,-80.395039
"8267",2024-07-06,36,"Rockwell","PM2.5","Rowan",35.551868,-80.395039
"8268",2024-07-07,34,"Rockwell","PM2.5","Rowan",35.551868,-80.395039
"8269",2024-07-08,28,"Rockwell","PM2.5","Rowan",35.551868,-80.395039
"8270",2024-07-09,46,"Rockwell","PM2.5","Rowan",35.551868,-80.395039
"8271",2024-07-10,33,"Rockwell","PM2.5","Rowan",35.551868,-80.395039
"8272",2024-07-11,19,"Rockwell","PM2.5","Rowan",35.551868,-80.395039
"8273",2024-07-12,39,"Rockwell","PM2.5","Rowan",35.551868,-80.395039
"8274",2024-07-13,28,"Rockwell","PM2.5","Rowan",35.551868,-80.395039
"8275",2024-07-14,54,"Rockwell","PM2.5","Rowan",35.551868,-80.395039
"8276",2024-07-15,55,"Rockwell","PM2.5","Rowan",35.551868,-80.395039
"8277",2024-07-16,52,"Rockwell","PM2.5","Rowan",35.551868,-80.395039
"8278",2024-07-17,48,"Rockwell","PM2.5","Rowan",35.551868,-80.395039
"8279",2024-07-18,34,"Rockwell","PM2.5","Rowan",35.551868,-80.395039
"8280",2024-07-19,32,"Rockwell","PM2.5","Rowan",35.551868,-80.395039
"8281",2024-07-20,17,"Rockwell","PM2.5","Rowan",35.551868,-80.395039
"8282",2024-07-21,22,"Rockwell","PM2.5","Rowan",35.551868,-80.395039
"8283",2024-07-22,17,"Rockwell","PM2.5","Rowan",35.551868,-80.395039
"8284",2024-07-23,29,"Rockwell","PM2.5","Rowan",35.551868,-80.395039
"8285",2024-07-24,25,"Rockwell","PM2.5","Rowan",35.551868,-80.395039
"8286",2024-07-25,22,"Rockwell","PM2.5","Rowan",35.551868,-80.395039
"8287",2024-07-26,44,"Rockwell","PM2.5","Rowan",35.551868,-80.395039
"8288",2024-07-27,56,"Rockwell","PM2.5","Rowan",35.551868,-80.395039
"8289",2024-07-28,58,"Rockwell","PM2.5","Rowan",35.551868,-80.395039
"8290",2024-07-29,49,"Rockwell","PM2.5","Rowan",35.551868,-80.395039
"8291",2024-07-30,26,"Rockwell","PM2.5","Rowan",35.551868,-80.395039
"8292",2024-07-31,26,"Rockwell","PM2.5","Rowan",35.551868,-80.395039
"8293",2024-08-01,45,"Rockwell","PM2.5","Rowan",35.551868,-80.395039
"8294",2024-08-02,55,"Rockwell","PM2.5","Rowan",35.551868,-80.395039
"8295",2024-08-03,58,"Rockwell","PM2.5","Rowan",35.551868,-80.395039
"8296",2024-08-04,36,"Rockwell","PM2.5","Rowan",35.551868,-80.395039
"8297",2024-08-05,29,"Rockwell","PM2.5","Rowan",35.551868,-80.395039
"8298",2024-08-06,11,"Rockwell","PM2.5","Rowan",35.551868,-80.395039
"8299",2024-08-07,8,"Rockwell","PM2.5","Rowan",35.551868,-80.395039
"8300",2024-08-08,6,"Rockwell","PM2.5","Rowan",35.551868,-80.395039
"8301",2024-08-09,22,"Rockwell","PM2.5","Rowan",35.551868,-80.395039
"8302",2024-08-10,48,"Rockwell","PM2.5","Rowan",35.551868,-80.395039
"8303",2024-08-11,52,"Rockwell","PM2.5","Rowan",35.551868,-80.395039
"8304",2024-08-12,51,"Rockwell","PM2.5","Rowan",35.551868,-80.395039
"8305",2024-08-13,49,"Rockwell","PM2.5","Rowan",35.551868,-80.395039
"8306",2024-08-14,41,"Rockwell","PM2.5","Rowan",35.551868,-80.395039
"8307",2024-08-15,41,"Rockwell","PM2.5","Rowan",35.551868,-80.395039
"8308",2024-08-16,57,"Rockwell","PM2.5","Rowan",35.551868,-80.395039
"8309",2024-08-17,44,"Rockwell","PM2.5","Rowan",35.551868,-80.395039
"8310",2024-08-18,27,"Rockwell","PM2.5","Rowan",35.551868,-80.395039
"8311",2024-08-19,16,"Rockwell","PM2.5","Rowan",35.551868,-80.395039
"8312",2024-08-20,37,"Rockwell","PM2.5","Rowan",35.551868,-80.395039
"8313",2024-08-21,39,"Rockwell","PM2.5","Rowan",35.551868,-80.395039
"8314",2024-08-22,29,"Rockwell","PM2.5","Rowan",35.551868,-80.395039
"8315",2024-08-23,47,"Rockwell","PM2.5","Rowan",35.551868,-80.395039
"8316",2024-08-24,52,"Rockwell","PM2.5","Rowan",35.551868,-80.395039
"8317",2024-08-25,53,"Rockwell","PM2.5","Rowan",35.551868,-80.395039
"8318",2024-08-26,55,"Rockwell","PM2.5","Rowan",35.551868,-80.395039
"8319",2024-08-27,64,"Rockwell","PM2.5","Rowan",35.551868,-80.395039
"8320",2024-08-28,68,"Rockwell","PM2.5","Rowan",35.551868,-80.395039
"8321",2024-08-29,60,"Rockwell","PM2.5","Rowan",35.551868,-80.395039
"8322",2024-08-30,55,"Rockwell","PM2.5","Rowan",35.551868,-80.395039
"8323",2024-08-31,54,"Rockwell","PM2.5","Rowan",35.551868,-80.395039
"8324",2024-09-01,32,"Rockwell","PM2.5","Rowan",35.551868,-80.395039
"8325",2024-09-02,36,"Rockwell","PM2.5","Rowan",35.551868,-80.395039
"8326",2024-09-03,18,"Rockwell","PM2.5","Rowan",35.551868,-80.395039
"8327",2024-09-04,26,"Rockwell","PM2.5","Rowan",35.551868,-80.395039
"8328",2024-09-05,29,"Rockwell","PM2.5","Rowan",35.551868,-80.395039
"8329",2024-09-06,37,"Rockwell","PM2.5","Rowan",35.551868,-80.395039
"8330",2024-09-07,31,"Rockwell","PM2.5","Rowan",35.551868,-80.395039
"8331",2024-09-08,20,"Rockwell","PM2.5","Rowan",35.551868,-80.395039
"8332",2024-09-09,33,"Rockwell","PM2.5","Rowan",35.551868,-80.395039
"8333",2024-09-10,50,"Rockwell","PM2.5","Rowan",35.551868,-80.395039
"8334",2024-09-11,47,"Rockwell","PM2.5","Rowan",35.551868,-80.395039
"8335",2024-09-12,45,"Rockwell","PM2.5","Rowan",35.551868,-80.395039
"8336",2024-09-13,32,"Rockwell","PM2.5","Rowan",35.551868,-80.395039
"8337",2024-09-14,18,"Rockwell","PM2.5","Rowan",35.551868,-80.395039
"8338",2024-09-15,32,"Rockwell","PM2.5","Rowan",35.551868,-80.395039
"8339",2024-09-16,27,"Rockwell","PM2.5","Rowan",35.551868,-80.395039
"8340",2024-09-17,10,"Rockwell","PM2.5","Rowan",35.551868,-80.395039
"8341",2024-09-18,52,"Rockwell","PM2.5","Rowan",35.551868,-80.395039
"8342",2024-09-19,14,"Rockwell","PM2.5","Rowan",35.551868,-80.395039
"8343",2024-09-20,30,"Rockwell","PM2.5","Rowan",35.551868,-80.395039
"8344",2024-09-21,47,"Rockwell","PM2.5","Rowan",35.551868,-80.395039
"8345",2024-09-22,48,"Rockwell","PM2.5","Rowan",35.551868,-80.395039
"8346",2024-09-23,55,"Rockwell","PM2.5","Rowan",35.551868,-80.395039
"8347",2024-09-24,51,"Rockwell","PM2.5","Rowan",35.551868,-80.395039
"8348",2024-09-25,33,"Rockwell","PM2.5","Rowan",35.551868,-80.395039
"8349",2024-09-26,22,"Rockwell","PM2.5","Rowan",35.551868,-80.395039
"8350",2024-09-27,23,"Rockwell","PM2.5","Rowan",35.551868,-80.395039
"8351",2024-09-28,52,"Rockwell","PM2.5","Rowan",35.551868,-80.395039
"8352",2024-09-29,52,"Rockwell","PM2.5","Rowan",35.551868,-80.395039
"8353",2024-09-30,58,"Rockwell","PM2.5","Rowan",35.551868,-80.395039
"8354",2024-10-01,25,"Rockwell","PM2.5","Rowan",35.551868,-80.395039
"8355",2024-10-02,18,"Rockwell","PM2.5","Rowan",35.551868,-80.395039
"8356",2024-10-03,49,"Rockwell","PM2.5","Rowan",35.551868,-80.395039
"8357",2024-10-04,39,"Rockwell","PM2.5","Rowan",35.551868,-80.395039
"8358",2024-10-05,50,"Rockwell","PM2.5","Rowan",35.551868,-80.395039
"8359",2024-10-06,56,"Rockwell","PM2.5","Rowan",35.551868,-80.395039
"8360",2024-10-07,54,"Rockwell","PM2.5","Rowan",35.551868,-80.395039
"8361",2024-10-16,7,"Rockwell","PM2.5","Rowan",35.551868,-80.395039
"8362",2024-10-17,23,"Rockwell","PM2.5","Rowan",35.551868,-80.395039
"8363",2024-10-18,33,"Rockwell","PM2.5","Rowan",35.551868,-80.395039
"8364",2024-10-19,52,"Rockwell","PM2.5","Rowan",35.551868,-80.395039
"8365",2024-10-20,54,"Rockwell","PM2.5","Rowan",35.551868,-80.395039
"8366",2024-10-21,50,"Rockwell","PM2.5","Rowan",35.551868,-80.395039
"8367",2024-10-22,55,"Rockwell","PM2.5","Rowan",35.551868,-80.395039
"8368",2024-10-23,51,"Rockwell","PM2.5","Rowan",35.551868,-80.395039
"8369",2024-10-24,41,"Rockwell","PM2.5","Rowan",35.551868,-80.395039
"8370",2024-10-25,57,"Rockwell","PM2.5","Rowan",35.551868,-80.395039
"8371",2024-10-26,57,"Rockwell","PM2.5","Rowan",35.551868,-80.395039
"8372",2024-10-27,35,"Rockwell","PM2.5","Rowan",35.551868,-80.395039
"8373",2024-10-28,53,"Rockwell","PM2.5","Rowan",35.551868,-80.395039
"8374",2024-10-29,52,"Rockwell","PM2.5","Rowan",35.551868,-80.395039
"8375",2024-10-30,41,"Rockwell","PM2.5","Rowan",35.551868,-80.395039
"8376",2024-10-31,40,"Rockwell","PM2.5","Rowan",35.551868,-80.395039
"8377",2024-11-01,47,"Rockwell","PM2.5","Rowan",35.551868,-80.395039
"8378",2024-11-02,40,"Rockwell","PM2.5","Rowan",35.551868,-80.395039
"8379",2024-11-03,45,"Rockwell","PM2.5","Rowan",35.551868,-80.395039
"8380",2024-11-04,38,"Rockwell","PM2.5","Rowan",35.551868,-80.395039
"8381",2024-11-05,52,"Rockwell","PM2.5","Rowan",35.551868,-80.395039
"8382",2024-11-06,37,"Rockwell","PM2.5","Rowan",35.551868,-80.395039
"8383",2024-11-07,29,"Rockwell","PM2.5","Rowan",35.551868,-80.395039
"8384",2024-11-08,49,"Rockwell","PM2.5","Rowan",35.551868,-80.395039
"8385",2024-11-09,44,"Rockwell","PM2.5","Rowan",35.551868,-80.395039
"8386",2024-11-10,52,"Rockwell","PM2.5","Rowan",35.551868,-80.395039
"8387",2024-11-11,46,"Rockwell","PM2.5","Rowan",35.551868,-80.395039
"8388",2024-11-12,26,"Rockwell","PM2.5","Rowan",35.551868,-80.395039
"8389",2024-11-13,17,"Rockwell","PM2.5","Rowan",35.551868,-80.395039
"8390",2024-11-14,23,"Rockwell","PM2.5","Rowan",35.551868,-80.395039
"8391",2024-11-15,11,"Rockwell","PM2.5","Rowan",35.551868,-80.395039
"8392",2024-11-16,31,"Rockwell","PM2.5","Rowan",35.551868,-80.395039
"8393",2024-11-17,61,"Rockwell","PM2.5","Rowan",35.551868,-80.395039
"8394",2024-11-18,71,"Rockwell","PM2.5","Rowan",35.551868,-80.395039
"8395",2024-11-19,59,"Rockwell","PM2.5","Rowan",35.551868,-80.395039
"8396",2024-11-20,32,"Rockwell","PM2.5","Rowan",35.551868,-80.395039
"8397",2024-11-21,8,"Rockwell","PM2.5","Rowan",35.551868,-80.395039
"8398",2024-11-22,3,"Rockwell","PM2.5","Rowan",35.551868,-80.395039
"8399",2024-11-23,15,"Rockwell","PM2.5","Rowan",35.551868,-80.395039
"8400",2024-11-24,57,"Rockwell","PM2.5","Rowan",35.551868,-80.395039
"8401",2024-11-25,55,"Rockwell","PM2.5","Rowan",35.551868,-80.395039
"8402",2024-11-26,26,"Rockwell","PM2.5","Rowan",35.551868,-80.395039
"8403",2024-11-27,41,"Rockwell","PM2.5","Rowan",35.551868,-80.395039
"8404",2024-11-28,34,"Rockwell","PM2.5","Rowan",35.551868,-80.395039
"8405",2024-11-29,16,"Rockwell","PM2.5","Rowan",35.551868,-80.395039
"8406",2024-11-30,29,"Rockwell","PM2.5","Rowan",35.551868,-80.395039
"8407",2024-12-01,40,"Rockwell","PM2.5","Rowan",35.551868,-80.395039
"8408",2024-12-02,15,"Rockwell","PM2.5","Rowan",35.551868,-80.395039
"8409",2024-12-03,20,"Rockwell","PM2.5","Rowan",35.551868,-80.395039
"8410",2024-12-04,53,"Rockwell","PM2.5","Rowan",35.551868,-80.395039
"8411",2024-12-05,32,"Rockwell","PM2.5","Rowan",35.551868,-80.395039
"8412",2024-12-06,23,"Rockwell","PM2.5","Rowan",35.551868,-80.395039
"8413",2024-12-07,59,"Rockwell","PM2.5","Rowan",35.551868,-80.395039
"8414",2024-12-08,52,"Rockwell","PM2.5","Rowan",35.551868,-80.395039
"8415",2024-12-09,56,"Rockwell","PM2.5","Rowan",35.551868,-80.395039
"8416",2024-12-10,51,"Rockwell","PM2.5","Rowan",35.551868,-80.395039
"8417",2024-12-11,11,"Rockwell","PM2.5","Rowan",35.551868,-80.395039
"8418",2024-12-14,64,"Rockwell","PM2.5","Rowan",35.551868,-80.395039
"8419",2024-12-15,42,"Rockwell","PM2.5","Rowan",35.551868,-80.395039
"8420",2024-12-16,34,"Rockwell","PM2.5","Rowan",35.551868,-80.395039
"8421",2024-12-17,51,"Rockwell","PM2.5","Rowan",35.551868,-80.395039
"8422",2024-12-18,54,"Rockwell","PM2.5","Rowan",35.551868,-80.395039
"8423",2024-12-19,11,"Rockwell","PM2.5","Rowan",35.551868,-80.395039
"8424",2024-12-20,29,"Rockwell","PM2.5","Rowan",35.551868,-80.395039
"8425",2024-12-21,7,"Rockwell","PM2.5","Rowan",35.551868,-80.395039
"8426",2024-12-22,26,"Rockwell","PM2.5","Rowan",35.551868,-80.395039
"8427",2024-12-23,53,"Rockwell","PM2.5","Rowan",35.551868,-80.395039
"8428",2024-12-24,59,"Rockwell","PM2.5","Rowan",35.551868,-80.395039
"8429",2024-12-25,61,"Rockwell","PM2.5","Rowan",35.551868,-80.395039
"8430",2024-12-26,64,"Rockwell","PM2.5","Rowan",35.551868,-80.395039
"8431",2024-12-27,54,"Rockwell","PM2.5","Rowan",35.551868,-80.395039
"8432",2024-12-28,28,"Rockwell","PM2.5","Rowan",35.551868,-80.395039
"8433",2024-12-29,18,"Rockwell","PM2.5","Rowan",35.551868,-80.395039
"8434",2024-12-30,16,"Rockwell","PM2.5","Rowan",35.551868,-80.395039
"8435",2024-12-31,33,"Rockwell","PM2.5","Rowan",35.551868,-80.395039
"8436",2024-01-01,43,"Bryson City","PM2.5","Swain",35.434767,-83.442133
"8437",2024-01-02,21,"Bryson City","PM2.5","Swain",35.434767,-83.442133
"8438",2024-01-03,34,"Bryson City","PM2.5","Swain",35.434767,-83.442133
"8439",2024-01-04,31,"Bryson City","PM2.5","Swain",35.434767,-83.442133
"8440",2024-01-05,45,"Bryson City","PM2.5","Swain",35.434767,-83.442133
"8441",2024-01-06,16,"Bryson City","PM2.5","Swain",35.434767,-83.442133
"8442",2024-01-07,8,"Bryson City","PM2.5","Swain",35.434767,-83.442133
"8443",2024-01-08,17,"Bryson City","PM2.5","Swain",35.434767,-83.442133
"8444",2024-01-09,8,"Bryson City","PM2.5","Swain",35.434767,-83.442133
"8445",2024-01-10,20,"Bryson City","PM2.5","Swain",35.434767,-83.442133
"8446",2024-01-11,32,"Bryson City","PM2.5","Swain",35.434767,-83.442133
"8447",2024-01-12,33,"Bryson City","PM2.5","Swain",35.434767,-83.442133
"8448",2024-01-13,13,"Bryson City","PM2.5","Swain",35.434767,-83.442133
"8449",2024-01-14,36,"Bryson City","PM2.5","Swain",35.434767,-83.442133
"8450",2024-01-15,43,"Bryson City","PM2.5","Swain",35.434767,-83.442133
"8451",2024-01-16,14,"Bryson City","PM2.5","Swain",35.434767,-83.442133
"8452",2024-01-17,12,"Bryson City","PM2.5","Swain",35.434767,-83.442133
"8453",2024-01-18,32,"Bryson City","PM2.5","Swain",35.434767,-83.442133
"8454",2024-01-19,22,"Bryson City","PM2.5","Swain",35.434767,-83.442133
"8455",2024-01-20,12,"Bryson City","PM2.5","Swain",35.434767,-83.442133
"8456",2024-01-21,30,"Bryson City","PM2.5","Swain",35.434767,-83.442133
"8457",2024-01-22,34,"Bryson City","PM2.5","Swain",35.434767,-83.442133
"8458",2024-01-23,48,"Bryson City","PM2.5","Swain",35.434767,-83.442133
"8459",2024-01-24,32,"Bryson City","PM2.5","Swain",35.434767,-83.442133
"8460",2024-01-25,10,"Bryson City","PM2.5","Swain",35.434767,-83.442133
"8461",2024-01-26,12,"Bryson City","PM2.5","Swain",35.434767,-83.442133
"8462",2024-01-27,17,"Bryson City","PM2.5","Swain",35.434767,-83.442133
"8463",2024-01-28,0,"Bryson City","PM2.5","Swain",35.434767,-83.442133
"8464",2024-01-29,4,"Bryson City","PM2.5","Swain",35.434767,-83.442133
"8465",2024-01-30,9,"Bryson City","PM2.5","Swain",35.434767,-83.442133
"8466",2024-01-31,12,"Bryson City","PM2.5","Swain",35.434767,-83.442133
"8467",2024-02-01,15,"Bryson City","PM2.5","Swain",35.434767,-83.442133
"8468",2024-02-02,41,"Bryson City","PM2.5","Swain",35.434767,-83.442133
"8469",2024-02-03,53,"Bryson City","PM2.5","Swain",35.434767,-83.442133
"8470",2024-02-04,23,"Bryson City","PM2.5","Swain",35.434767,-83.442133
"8471",2024-02-05,18,"Bryson City","PM2.5","Swain",35.434767,-83.442133
"8472",2024-02-06,19,"Bryson City","PM2.5","Swain",35.434767,-83.442133
"8473",2024-02-07,18,"Bryson City","PM2.5","Swain",35.434767,-83.442133
"8474",2024-02-08,48,"Bryson City","PM2.5","Swain",35.434767,-83.442133
"8475",2024-02-09,58,"Bryson City","PM2.5","Swain",35.434767,-83.442133
"8476",2024-02-10,65,"Bryson City","PM2.5","Swain",35.434767,-83.442133
"8477",2024-02-11,35,"Bryson City","PM2.5","Swain",35.434767,-83.442133
"8478",2024-02-12,22,"Bryson City","PM2.5","Swain",35.434767,-83.442133
"8479",2024-02-13,13,"Bryson City","PM2.5","Swain",35.434767,-83.442133
"8480",2024-02-14,21,"Bryson City","PM2.5","Swain",35.434767,-83.442133
"8481",2024-02-15,29,"Bryson City","PM2.5","Swain",35.434767,-83.442133
"8482",2024-02-16,52,"Bryson City","PM2.5","Swain",35.434767,-83.442133
"8483",2024-02-17,16,"Bryson City","PM2.5","Swain",35.434767,-83.442133
"8484",2024-02-18,13,"Bryson City","PM2.5","Swain",35.434767,-83.442133
"8485",2024-02-19,12,"Bryson City","PM2.5","Swain",35.434767,-83.442133
"8486",2024-02-20,32,"Bryson City","PM2.5","Swain",35.434767,-83.442133
"8487",2024-02-21,61,"Bryson City","PM2.5","Swain",35.434767,-83.442133
"8488",2024-02-22,61,"Bryson City","PM2.5","Swain",35.434767,-83.442133
"8489",2024-02-23,20,"Bryson City","PM2.5","Swain",35.434767,-83.442133
"8490",2024-02-24,8,"Bryson City","PM2.5","Swain",35.434767,-83.442133
"8491",2024-02-25,11,"Bryson City","PM2.5","Swain",35.434767,-83.442133
"8492",2024-02-26,49,"Bryson City","PM2.5","Swain",35.434767,-83.442133
"8493",2024-02-27,60,"Bryson City","PM2.5","Swain",35.434767,-83.442133
"8494",2024-02-28,44,"Bryson City","PM2.5","Swain",35.434767,-83.442133
"8495",2024-02-29,11,"Bryson City","PM2.5","Swain",35.434767,-83.442133
"8496",2024-03-01,23,"Bryson City","PM2.5","Swain",35.434767,-83.442133
"8497",2024-03-02,20,"Bryson City","PM2.5","Swain",35.434767,-83.442133
"8498",2024-03-03,23,"Bryson City","PM2.5","Swain",35.434767,-83.442133
"8499",2024-03-04,33,"Bryson City","PM2.5","Swain",35.434767,-83.442133
"8500",2024-03-05,42,"Bryson City","PM2.5","Swain",35.434767,-83.442133
"8501",2024-03-06,19,"Bryson City","PM2.5","Swain",35.434767,-83.442133
"8502",2024-03-07,14,"Bryson City","PM2.5","Swain",35.434767,-83.442133
"8503",2024-03-08,19,"Bryson City","PM2.5","Swain",35.434767,-83.442133
"8504",2024-03-09,7,"Bryson City","PM2.5","Swain",35.434767,-83.442133
"8505",2024-03-10,3,"Bryson City","PM2.5","Swain",35.434767,-83.442133
"8506",2024-03-11,8,"Bryson City","PM2.5","Swain",35.434767,-83.442133
"8507",2024-03-12,27,"Bryson City","PM2.5","Swain",35.434767,-83.442133
"8508",2024-03-13,55,"Bryson City","PM2.5","Swain",35.434767,-83.442133
"8509",2024-03-14,83,"Bryson City","PM2.5","Swain",35.434767,-83.442133
"8510",2024-03-15,58,"Bryson City","PM2.5","Swain",35.434767,-83.442133
"8511",2024-03-16,16,"Bryson City","PM2.5","Swain",35.434767,-83.442133
"8512",2024-03-17,21,"Bryson City","PM2.5","Swain",35.434767,-83.442133
"8513",2024-03-18,11,"Bryson City","PM2.5","Swain",35.434767,-83.442133
"8514",2024-03-19,63,"Bryson City","PM2.5","Swain",35.434767,-83.442133
"8515",2024-03-20,62,"Bryson City","PM2.5","Swain",35.434767,-83.442133
"8516",2024-03-21,37,"Bryson City","PM2.5","Swain",35.434767,-83.442133
"8517",2024-03-22,46,"Bryson City","PM2.5","Swain",35.434767,-83.442133
"8518",2024-03-23,26,"Bryson City","PM2.5","Swain",35.434767,-83.442133
"8519",2024-03-24,21,"Bryson City","PM2.5","Swain",35.434767,-83.442133
"8520",2024-03-25,18,"Bryson City","PM2.5","Swain",35.434767,-83.442133
"8521",2024-03-26,18,"Bryson City","PM2.5","Swain",35.434767,-83.442133
"8522",2024-03-27,17,"Bryson City","PM2.5","Swain",35.434767,-83.442133
"8523",2024-03-28,20,"Bryson City","PM2.5","Swain",35.434767,-83.442133
"8524",2024-03-29,43,"Bryson City","PM2.5","Swain",35.434767,-83.442133
"8525",2024-03-30,53,"Bryson City","PM2.5","Swain",35.434767,-83.442133
"8526",2024-03-31,53,"Bryson City","PM2.5","Swain",35.434767,-83.442133
"8527",2024-04-01,55,"Bryson City","PM2.5","Swain",35.434767,-83.442133
"8528",2024-04-02,58,"Bryson City","PM2.5","Swain",35.434767,-83.442133
"8529",2024-04-03,18,"Bryson City","PM2.5","Swain",35.434767,-83.442133
"8530",2024-04-04,16,"Bryson City","PM2.5","Swain",35.434767,-83.442133
"8531",2024-04-05,7,"Bryson City","PM2.5","Swain",35.434767,-83.442133
"8532",2024-04-06,19,"Bryson City","PM2.5","Swain",35.434767,-83.442133
"8533",2024-04-07,25,"Bryson City","PM2.5","Swain",35.434767,-83.442133
"8534",2024-04-08,52,"Bryson City","PM2.5","Swain",35.434767,-83.442133
"8535",2024-04-09,51,"Bryson City","PM2.5","Swain",35.434767,-83.442133
"8536",2024-04-10,46,"Bryson City","PM2.5","Swain",35.434767,-83.442133
"8537",2024-04-11,19,"Bryson City","PM2.5","Swain",35.434767,-83.442133
"8538",2024-04-12,21,"Bryson City","PM2.5","Swain",35.434767,-83.442133
"8539",2024-04-13,29,"Bryson City","PM2.5","Swain",35.434767,-83.442133
"8540",2024-04-14,46,"Bryson City","PM2.5","Swain",35.434767,-83.442133
"8541",2024-04-15,46,"Bryson City","PM2.5","Swain",35.434767,-83.442133
"8542",2024-04-16,68,"Bryson City","PM2.5","Swain",35.434767,-83.442133
"8543",2024-04-17,47,"Bryson City","PM2.5","Swain",35.434767,-83.442133
"8544",2024-04-18,41,"Bryson City","PM2.5","Swain",35.434767,-83.442133
"8545",2024-04-19,37,"Bryson City","PM2.5","Swain",35.434767,-83.442133
"8546",2024-04-20,24,"Bryson City","PM2.5","Swain",35.434767,-83.442133
"8547",2024-04-21,21,"Bryson City","PM2.5","Swain",35.434767,-83.442133
"8548",2024-04-22,16,"Bryson City","PM2.5","Swain",35.434767,-83.442133
"8549",2024-04-23,52,"Bryson City","PM2.5","Swain",35.434767,-83.442133
"8550",2024-04-24,35,"Bryson City","PM2.5","Swain",35.434767,-83.442133
"8551",2024-04-25,31,"Bryson City","PM2.5","Swain",35.434767,-83.442133
"8552",2024-04-26,51,"Bryson City","PM2.5","Swain",35.434767,-83.442133
"8553",2024-04-27,54,"Bryson City","PM2.5","Swain",35.434767,-83.442133
"8554",2024-04-28,40,"Bryson City","PM2.5","Swain",35.434767,-83.442133
"8555",2024-04-29,33,"Bryson City","PM2.5","Swain",35.434767,-83.442133
"8556",2024-04-30,24,"Bryson City","PM2.5","Swain",35.434767,-83.442133
"8557",2024-05-01,18,"Bryson City","PM2.5","Swain",35.434767,-83.442133
"8558",2024-05-02,39,"Bryson City","PM2.5","Swain",35.434767,-83.442133
"8559",2024-05-03,51,"Bryson City","PM2.5","Swain",35.434767,-83.442133
"8560",2024-05-04,33,"Bryson City","PM2.5","Swain",35.434767,-83.442133
"8561",2024-05-05,28,"Bryson City","PM2.5","Swain",35.434767,-83.442133
"8562",2024-05-06,27,"Bryson City","PM2.5","Swain",35.434767,-83.442133
"8563",2024-05-07,33,"Bryson City","PM2.5","Swain",35.434767,-83.442133
"8564",2024-05-08,36,"Bryson City","PM2.5","Swain",35.434767,-83.442133
"8565",2024-05-09,15,"Bryson City","PM2.5","Swain",35.434767,-83.442133
"8566",2024-05-10,17,"Bryson City","PM2.5","Swain",35.434767,-83.442133
"8567",2024-05-11,30,"Bryson City","PM2.5","Swain",35.434767,-83.442133
"8568",2024-05-12,38,"Bryson City","PM2.5","Swain",35.434767,-83.442133
"8569",2024-05-13,48,"Bryson City","PM2.5","Swain",35.434767,-83.442133
"8570",2024-05-14,26,"Bryson City","PM2.5","Swain",35.434767,-83.442133
"8571",2024-05-15,13,"Bryson City","PM2.5","Swain",35.434767,-83.442133
"8572",2024-05-16,29,"Bryson City","PM2.5","Swain",35.434767,-83.442133
"8573",2024-05-17,34,"Bryson City","PM2.5","Swain",35.434767,-83.442133
"8574",2024-05-18,24,"Bryson City","PM2.5","Swain",35.434767,-83.442133
"8575",2024-05-19,16,"Bryson City","PM2.5","Swain",35.434767,-83.442133
"8576",2024-05-20,24,"Bryson City","PM2.5","Swain",35.434767,-83.442133
"8577",2024-05-21,32,"Bryson City","PM2.5","Swain",35.434767,-83.442133
"8578",2024-05-22,46,"Bryson City","PM2.5","Swain",35.434767,-83.442133
"8579",2024-05-23,45,"Bryson City","PM2.5","Swain",35.434767,-83.442133
"8580",2024-05-24,34,"Bryson City","PM2.5","Swain",35.434767,-83.442133
"8581",2024-05-25,32,"Bryson City","PM2.5","Swain",35.434767,-83.442133
"8582",2024-05-26,48,"Bryson City","PM2.5","Swain",35.434767,-83.442133
"8583",2024-05-27,29,"Bryson City","PM2.5","Swain",35.434767,-83.442133
"8584",2024-05-28,23,"Bryson City","PM2.5","Swain",35.434767,-83.442133
"8585",2024-05-29,24,"Bryson City","PM2.5","Swain",35.434767,-83.442133
"8586",2024-05-30,21,"Bryson City","PM2.5","Swain",35.434767,-83.442133
"8587",2024-05-31,29,"Bryson City","PM2.5","Swain",35.434767,-83.442133
"8588",2024-06-01,44,"Bryson City","PM2.5","Swain",35.434767,-83.442133
"8589",2024-06-02,33,"Bryson City","PM2.5","Swain",35.434767,-83.442133
"8590",2024-06-03,34,"Bryson City","PM2.5","Swain",35.434767,-83.442133
"8591",2024-06-04,31,"Bryson City","PM2.5","Swain",35.434767,-83.442133
"8592",2024-06-05,28,"Bryson City","PM2.5","Swain",35.434767,-83.442133
"8593",2024-06-06,34,"Bryson City","PM2.5","Swain",35.434767,-83.442133
"8594",2024-06-07,34,"Bryson City","PM2.5","Swain",35.434767,-83.442133
"8595",2024-06-08,35,"Bryson City","PM2.5","Swain",35.434767,-83.442133
"8596",2024-06-09,28,"Bryson City","PM2.5","Swain",35.434767,-83.442133
"8597",2024-06-10,26,"Bryson City","PM2.5","Swain",35.434767,-83.442133
"8598",2024-06-11,28,"Bryson City","PM2.5","Swain",35.434767,-83.442133
"8599",2024-06-12,52,"Bryson City","PM2.5","Swain",35.434767,-83.442133
"8600",2024-06-13,57,"Bryson City","PM2.5","Swain",35.434767,-83.442133
"8601",2024-06-14,59,"Bryson City","PM2.5","Swain",35.434767,-83.442133
"8602",2024-06-15,56,"Bryson City","PM2.5","Swain",35.434767,-83.442133
"8603",2024-06-16,53,"Bryson City","PM2.5","Swain",35.434767,-83.442133
"8604",2024-06-17,55,"Bryson City","PM2.5","Swain",35.434767,-83.442133
"8605",2024-06-18,55,"Bryson City","PM2.5","Swain",35.434767,-83.442133
"8606",2024-06-19,51,"Bryson City","PM2.5","Swain",35.434767,-83.442133
"8607",2024-06-20,43,"Bryson City","PM2.5","Swain",35.434767,-83.442133
"8608",2024-06-26,36,"Bryson City","PM2.5","Swain",35.434767,-83.442133
"8609",2024-06-27,45,"Bryson City","PM2.5","Swain",35.434767,-83.442133
"8610",2024-06-28,49,"Bryson City","PM2.5","Swain",35.434767,-83.442133
"8611",2024-06-29,38,"Bryson City","PM2.5","Swain",35.434767,-83.442133
"8612",2024-06-30,43,"Bryson City","PM2.5","Swain",35.434767,-83.442133
"8613",2024-07-01,25,"Bryson City","PM2.5","Swain",35.434767,-83.442133
"8614",2024-07-02,44,"Bryson City","PM2.5","Swain",35.434767,-83.442133
"8615",2024-07-03,38,"Bryson City","PM2.5","Swain",35.434767,-83.442133
"8616",2024-07-04,53,"Bryson City","PM2.5","Swain",35.434767,-83.442133
"8617",2024-07-05,37,"Bryson City","PM2.5","Swain",35.434767,-83.442133
"8618",2024-07-06,26,"Bryson City","PM2.5","Swain",35.434767,-83.442133
"8619",2024-07-07,28,"Bryson City","PM2.5","Swain",35.434767,-83.442133
"8620",2024-07-08,26,"Bryson City","PM2.5","Swain",35.434767,-83.442133
"8621",2024-07-09,27,"Bryson City","PM2.5","Swain",35.434767,-83.442133
"8622",2024-07-10,19,"Bryson City","PM2.5","Swain",35.434767,-83.442133
"8623",2024-07-11,26,"Bryson City","PM2.5","Swain",35.434767,-83.442133
"8624",2024-07-12,40,"Bryson City","PM2.5","Swain",35.434767,-83.442133
"8625",2024-07-13,52,"Bryson City","PM2.5","Swain",35.434767,-83.442133
"8626",2024-07-14,51,"Bryson City","PM2.5","Swain",35.434767,-83.442133
"8627",2024-07-15,53,"Bryson City","PM2.5","Swain",35.434767,-83.442133
"8628",2024-07-16,45,"Bryson City","PM2.5","Swain",35.434767,-83.442133
"8629",2024-07-17,41,"Bryson City","PM2.5","Swain",35.434767,-83.442133
"8630",2024-07-18,29,"Bryson City","PM2.5","Swain",35.434767,-83.442133
"8631",2024-07-19,26,"Bryson City","PM2.5","Swain",35.434767,-83.442133
"8632",2024-07-20,17,"Bryson City","PM2.5","Swain",35.434767,-83.442133
"8633",2024-07-21,14,"Bryson City","PM2.5","Swain",35.434767,-83.442133
"8634",2024-07-22,25,"Bryson City","PM2.5","Swain",35.434767,-83.442133
"8635",2024-07-23,28,"Bryson City","PM2.5","Swain",35.434767,-83.442133
"8636",2024-07-24,28,"Bryson City","PM2.5","Swain",35.434767,-83.442133
"8637",2024-07-25,6,"Bryson City","PM2.5","Swain",35.434767,-83.442133
"8638",2024-07-26,42,"Bryson City","PM2.5","Swain",35.434767,-83.442133
"8639",2024-07-27,55,"Bryson City","PM2.5","Swain",35.434767,-83.442133
"8640",2024-07-28,52,"Bryson City","PM2.5","Swain",35.434767,-83.442133
"8641",2024-07-29,29,"Bryson City","PM2.5","Swain",35.434767,-83.442133
"8642",2024-07-30,28,"Bryson City","PM2.5","Swain",35.434767,-83.442133
"8643",2024-07-31,26,"Bryson City","PM2.5","Swain",35.434767,-83.442133
"8644",2024-08-01,37,"Bryson City","PM2.5","Swain",35.434767,-83.442133
"8645",2024-08-02,70,"Bryson City","PM2.5","Swain",35.434767,-83.442133
"8646",2024-08-03,54,"Bryson City","PM2.5","Swain",35.434767,-83.442133
"8647",2024-08-04,31,"Bryson City","PM2.5","Swain",35.434767,-83.442133
"8648",2024-08-05,44,"Bryson City","PM2.5","Swain",35.434767,-83.442133
"8649",2024-08-06,39,"Bryson City","PM2.5","Swain",35.434767,-83.442133
"8650",2024-08-07,38,"Bryson City","PM2.5","Swain",35.434767,-83.442133
"8651",2024-08-08,24,"Bryson City","PM2.5","Swain",35.434767,-83.442133
"8652",2024-08-09,41,"Bryson City","PM2.5","Swain",35.434767,-83.442133
"8653",2024-08-10,48,"Bryson City","PM2.5","Swain",35.434767,-83.442133
"8654",2024-08-11,43,"Bryson City","PM2.5","Swain",35.434767,-83.442133
"8655",2024-08-12,33,"Bryson City","PM2.5","Swain",35.434767,-83.442133
"8656",2024-08-13,33,"Bryson City","PM2.5","Swain",35.434767,-83.442133
"8657",2024-08-14,34,"Bryson City","PM2.5","Swain",35.434767,-83.442133
"8658",2024-08-15,44,"Bryson City","PM2.5","Swain",35.434767,-83.442133
"8659",2024-08-16,42,"Bryson City","PM2.5","Swain",35.434767,-83.442133
"8660",2024-08-17,24,"Bryson City","PM2.5","Swain",35.434767,-83.442133
"8661",2024-08-18,21,"Bryson City","PM2.5","Swain",35.434767,-83.442133
"8662",2024-08-19,14,"Bryson City","PM2.5","Swain",35.434767,-83.442133
"8663",2024-08-20,33,"Bryson City","PM2.5","Swain",35.434767,-83.442133
"8664",2024-08-21,40,"Bryson City","PM2.5","Swain",35.434767,-83.442133
"8665",2024-08-22,48,"Bryson City","PM2.5","Swain",35.434767,-83.442133
"8666",2024-08-23,52,"Bryson City","PM2.5","Swain",35.434767,-83.442133
"8667",2024-08-24,52,"Bryson City","PM2.5","Swain",35.434767,-83.442133
"8668",2024-08-25,49,"Bryson City","PM2.5","Swain",35.434767,-83.442133
"8669",2024-08-26,55,"Bryson City","PM2.5","Swain",35.434767,-83.442133
"8670",2024-08-27,56,"Bryson City","PM2.5","Swain",35.434767,-83.442133
"8671",2024-08-28,55,"Bryson City","PM2.5","Swain",35.434767,-83.442133
"8672",2024-08-29,55,"Bryson City","PM2.5","Swain",35.434767,-83.442133
"8673",2024-08-30,57,"Bryson City","PM2.5","Swain",35.434767,-83.442133
"8674",2024-08-31,52,"Bryson City","PM2.5","Swain",35.434767,-83.442133
"8675",2024-09-01,29,"Bryson City","PM2.5","Swain",35.434767,-83.442133
"8676",2024-09-02,19,"Bryson City","PM2.5","Swain",35.434767,-83.442133
"8677",2024-09-03,28,"Bryson City","PM2.5","Swain",35.434767,-83.442133
"8678",2024-09-04,22,"Bryson City","PM2.5","Swain",35.434767,-83.442133
"8679",2024-09-05,32,"Bryson City","PM2.5","Swain",35.434767,-83.442133
"8680",2024-09-06,31,"Bryson City","PM2.5","Swain",35.434767,-83.442133
"8681",2024-09-07,24,"Bryson City","PM2.5","Swain",35.434767,-83.442133
"8682",2024-09-08,13,"Bryson City","PM2.5","Swain",35.434767,-83.442133
"8683",2024-09-09,28,"Bryson City","PM2.5","Swain",35.434767,-83.442133
"8684",2024-09-10,28,"Bryson City","PM2.5","Swain",35.434767,-83.442133
"8685",2024-09-11,36,"Bryson City","PM2.5","Swain",35.434767,-83.442133
"8686",2024-09-12,37,"Bryson City","PM2.5","Swain",35.434767,-83.442133
"8687",2024-09-13,22,"Bryson City","PM2.5","Swain",35.434767,-83.442133
"8688",2024-09-14,27,"Bryson City","PM2.5","Swain",35.434767,-83.442133
"8689",2024-09-15,29,"Bryson City","PM2.5","Swain",35.434767,-83.442133
"8690",2024-09-16,28,"Bryson City","PM2.5","Swain",35.434767,-83.442133
"8691",2024-09-17,22,"Bryson City","PM2.5","Swain",35.434767,-83.442133
"8692",2024-09-18,11,"Bryson City","PM2.5","Swain",35.434767,-83.442133
"8693",2024-09-19,18,"Bryson City","PM2.5","Swain",35.434767,-83.442133
"8694",2024-09-20,26,"Bryson City","PM2.5","Swain",35.434767,-83.442133
"8695",2024-09-21,41,"Bryson City","PM2.5","Swain",35.434767,-83.442133
"8696",2024-09-22,30,"Bryson City","PM2.5","Swain",35.434767,-83.442133
"8697",2024-09-23,42,"Bryson City","PM2.5","Swain",35.434767,-83.442133
"8698",2024-09-24,51,"Bryson City","PM2.5","Swain",35.434767,-83.442133
"8699",2024-09-25,36,"Bryson City","PM2.5","Swain",35.434767,-83.442133
"8700",2024-09-26,3,"Bryson City","PM2.5","Swain",35.434767,-83.442133
"8701",2024-09-28,23,"Bryson City","PM2.5","Swain",35.434767,-83.442133
"8702",2024-09-29,7,"Bryson City","PM2.5","Swain",35.434767,-83.442133
"8703",2024-09-30,11,"Bryson City","PM2.5","Swain",35.434767,-83.442133
"8704",2024-10-01,7,"Bryson City","PM2.5","Swain",35.434767,-83.442133
"8705",2024-10-02,15,"Bryson City","PM2.5","Swain",35.434767,-83.442133
"8706",2024-10-03,24,"Bryson City","PM2.5","Swain",35.434767,-83.442133
"8707",2024-10-04,37,"Bryson City","PM2.5","Swain",35.434767,-83.442133
"8708",2024-10-05,34,"Bryson City","PM2.5","Swain",35.434767,-83.442133
"8709",2024-10-06,39,"Bryson City","PM2.5","Swain",35.434767,-83.442133
"8710",2024-10-07,33,"Bryson City","PM2.5","Swain",35.434767,-83.442133
"8711",2024-10-08,38,"Bryson City","PM2.5","Swain",35.434767,-83.442133
"8712",2024-10-09,26,"Bryson City","PM2.5","Swain",35.434767,-83.442133
"8713",2024-10-10,17,"Bryson City","PM2.5","Swain",35.434767,-83.442133
"8714",2024-10-11,23,"Bryson City","PM2.5","Swain",35.434767,-83.442133
"8715",2024-10-12,39,"Bryson City","PM2.5","Swain",35.434767,-83.442133
"8716",2024-10-13,50,"Bryson City","PM2.5","Swain",35.434767,-83.442133
"8717",2024-10-14,29,"Bryson City","PM2.5","Swain",35.434767,-83.442133
"8718",2024-10-15,13,"Bryson City","PM2.5","Swain",35.434767,-83.442133
"8719",2024-10-16,11,"Bryson City","PM2.5","Swain",35.434767,-83.442133
"8720",2024-10-17,17,"Bryson City","PM2.5","Swain",35.434767,-83.442133
"8721",2024-10-18,42,"Bryson City","PM2.5","Swain",35.434767,-83.442133
"8722",2024-10-19,41,"Bryson City","PM2.5","Swain",35.434767,-83.442133
"8723",2024-10-20,27,"Bryson City","PM2.5","Swain",35.434767,-83.442133
"8724",2024-10-21,29,"Bryson City","PM2.5","Swain",35.434767,-83.442133
"8725",2024-10-22,39,"Bryson City","PM2.5","Swain",35.434767,-83.442133
"8726",2024-10-23,50,"Bryson City","PM2.5","Swain",35.434767,-83.442133
"8727",2024-10-26,59,"Bryson City","PM2.5","Swain",35.434767,-83.442133
"8728",2024-10-27,52,"Bryson City","PM2.5","Swain",35.434767,-83.442133
"8729",2024-10-28,34,"Bryson City","PM2.5","Swain",35.434767,-83.442133
"8730",2024-10-29,42,"Bryson City","PM2.5","Swain",35.434767,-83.442133
"8731",2024-10-30,33,"Bryson City","PM2.5","Swain",35.434767,-83.442133
"8732",2024-10-31,28,"Bryson City","PM2.5","Swain",35.434767,-83.442133
"8733",2024-11-01,29,"Bryson City","PM2.5","Swain",35.434767,-83.442133
"8734",2024-11-02,24,"Bryson City","PM2.5","Swain",35.434767,-83.442133
"8735",2024-11-03,38,"Bryson City","PM2.5","Swain",35.434767,-83.442133
"8736",2024-11-04,23,"Bryson City","PM2.5","Swain",35.434767,-83.442133
"8737",2024-11-05,22,"Bryson City","PM2.5","Swain",35.434767,-83.442133
"8738",2024-11-06,23,"Bryson City","PM2.5","Swain",35.434767,-83.442133
"8739",2024-11-07,24,"Bryson City","PM2.5","Swain",35.434767,-83.442133
"8740",2024-11-08,22,"Bryson City","PM2.5","Swain",35.434767,-83.442133
"8741",2024-11-09,33,"Bryson City","PM2.5","Swain",35.434767,-83.442133
"8742",2024-11-10,39,"Bryson City","PM2.5","Swain",35.434767,-83.442133
"8743",2024-11-11,24,"Bryson City","PM2.5","Swain",35.434767,-83.442133
"8744",2024-11-12,24,"Bryson City","PM2.5","Swain",35.434767,-83.442133
"8745",2024-11-13,16,"Bryson City","PM2.5","Swain",35.434767,-83.442133
"8746",2024-11-14,20,"Bryson City","PM2.5","Swain",35.434767,-83.442133
"8747",2024-11-15,14,"Bryson City","PM2.5","Swain",35.434767,-83.442133
"8748",2024-11-16,12,"Bryson City","PM2.5","Swain",35.434767,-83.442133
"8749",2024-11-17,23,"Bryson City","PM2.5","Swain",35.434767,-83.442133
"8750",2024-11-18,51,"Bryson City","PM2.5","Swain",35.434767,-83.442133
"8751",2024-11-19,60,"Bryson City","PM2.5","Swain",35.434767,-83.442133
"8752",2024-11-20,31,"Bryson City","PM2.5","Swain",35.434767,-83.442133
"8753",2024-11-21,6,"Bryson City","PM2.5","Swain",35.434767,-83.442133
"8754",2024-11-22,8,"Bryson City","PM2.5","Swain",35.434767,-83.442133
"8755",2024-11-23,7,"Bryson City","PM2.5","Swain",35.434767,-83.442133
"8756",2024-11-24,26,"Bryson City","PM2.5","Swain",35.434767,-83.442133
"8757",2024-11-25,31,"Bryson City","PM2.5","Swain",35.434767,-83.442133
"8758",2024-11-26,37,"Bryson City","PM2.5","Swain",35.434767,-83.442133
"8759",2024-11-27,30,"Bryson City","PM2.5","Swain",35.434767,-83.442133
"8760",2024-11-28,21,"Bryson City","PM2.5","Swain",35.434767,-83.442133
"8761",2024-11-29,22,"Bryson City","PM2.5","Swain",35.434767,-83.442133
"8762",2024-11-30,8,"Bryson City","PM2.5","Swain",35.434767,-83.442133
"8763",2024-12-01,22,"Bryson City","PM2.5","Swain",35.434767,-83.442133
"8764",2024-12-02,12,"Bryson City","PM2.5","Swain",35.434767,-83.442133
"8765",2024-12-03,19,"Bryson City","PM2.5","Swain",35.434767,-83.442133
"8766",2024-12-04,47,"Bryson City","PM2.5","Swain",35.434767,-83.442133
"8767",2024-12-05,37,"Bryson City","PM2.5","Swain",35.434767,-83.442133
"8768",2024-12-06,21,"Bryson City","PM2.5","Swain",35.434767,-83.442133
"8769",2024-12-07,28,"Bryson City","PM2.5","Swain",35.434767,-83.442133
"8770",2024-12-08,33,"Bryson City","PM2.5","Swain",35.434767,-83.442133
"8771",2024-12-09,32,"Bryson City","PM2.5","Swain",35.434767,-83.442133
"8772",2024-12-10,23,"Bryson City","PM2.5","Swain",35.434767,-83.442133
"8773",2024-12-11,10,"Bryson City","PM2.5","Swain",35.434767,-83.442133
"8774",2024-12-12,19,"Bryson City","PM2.5","Swain",35.434767,-83.442133
"8775",2024-12-13,41,"Bryson City","PM2.5","Swain",35.434767,-83.442133
"8776",2024-12-14,29,"Bryson City","PM2.5","Swain",35.434767,-83.442133
"8777",2024-12-15,19,"Bryson City","PM2.5","Swain",35.434767,-83.442133
"8778",2024-12-16,24,"Bryson City","PM2.5","Swain",35.434767,-83.442133
"8779",2024-12-17,17,"Bryson City","PM2.5","Swain",35.434767,-83.442133
"8780",2024-12-18,26,"Bryson City","PM2.5","Swain",35.434767,-83.442133
"8781",2024-12-19,9,"Bryson City","PM2.5","Swain",35.434767,-83.442133
"8782",2024-12-20,17,"Bryson City","PM2.5","Swain",35.434767,-83.442133
"8783",2024-12-21,21,"Bryson City","PM2.5","Swain",35.434767,-83.442133
"8784",2024-12-22,36,"Bryson City","PM2.5","Swain",35.434767,-83.442133
"8785",2024-12-23,51,"Bryson City","PM2.5","Swain",35.434767,-83.442133
"8786",2024-12-24,63,"Bryson City","PM2.5","Swain",35.434767,-83.442133
"8787",2024-12-25,59,"Bryson City","PM2.5","Swain",35.434767,-83.442133
"8788",2024-12-26,56,"Bryson City","PM2.5","Swain",35.434767,-83.442133
"8789",2024-12-27,27,"Bryson City","PM2.5","Swain",35.434767,-83.442133
"8790",2024-12-28,18,"Bryson City","PM2.5","Swain",35.434767,-83.442133
"8791",2024-12-29,9,"Bryson City","PM2.5","Swain",35.434767,-83.442133
"8792",2024-12-30,24,"Bryson City","PM2.5","Swain",35.434767,-83.442133
"8793",2024-12-31,25,"Bryson City","PM2.5","Swain",35.434767,-83.442133
"8794",2024-01-01,23,"Old High School","PM2.5","Swain",35.498711,-83.310242
"8795",2024-01-04,27,"Old High School","PM2.5","Swain",35.498711,-83.310242
"8796",2024-01-07,13,"Old High School","PM2.5","Swain",35.498711,-83.310242
"8797",2024-01-08,12,"Old High School","PM2.5","Swain",35.498711,-83.310242
"8798",2024-01-11,12,"Old High School","PM2.5","Swain",35.498711,-83.310242
"8799",2024-01-14,26,"Old High School","PM2.5","Swain",35.498711,-83.310242
"8800",2024-01-17,13,"Old High School","PM2.5","Swain",35.498711,-83.310242
"8801",2024-01-22,11,"Old High School","PM2.5","Swain",35.498711,-83.310242
"8802",2024-01-25,9,"Old High School","PM2.5","Swain",35.498711,-83.310242
"8803",2024-01-28,4,"Old High School","PM2.5","Swain",35.498711,-83.310242
"8804",2024-01-31,14,"Old High School","PM2.5","Swain",35.498711,-83.310242
"8805",2024-02-03,33,"Old High School","PM2.5","Swain",35.498711,-83.310242
"8806",2024-02-06,15,"Old High School","PM2.5","Swain",35.498711,-83.310242
"8807",2024-02-09,37,"Old High School","PM2.5","Swain",35.498711,-83.310242
"8808",2024-02-12,8,"Old High School","PM2.5","Swain",35.498711,-83.310242
"8809",2024-02-15,20,"Old High School","PM2.5","Swain",35.498711,-83.310242
"8810",2024-02-18,15,"Old High School","PM2.5","Swain",35.498711,-83.310242
"8811",2024-02-21,53,"Old High School","PM2.5","Swain",35.498711,-83.310242
"8812",2024-02-24,13,"Old High School","PM2.5","Swain",35.498711,-83.310242
"8813",2024-02-27,52,"Old High School","PM2.5","Swain",35.498711,-83.310242
"8814",2024-03-01,12,"Old High School","PM2.5","Swain",35.498711,-83.310242
"8815",2024-03-04,28,"Old High School","PM2.5","Swain",35.498711,-83.310242
"8816",2024-03-07,11,"Old High School","PM2.5","Swain",35.498711,-83.310242
"8817",2024-03-10,13,"Old High School","PM2.5","Swain",35.498711,-83.310242
"8818",2024-03-13,46,"Old High School","PM2.5","Swain",35.498711,-83.310242
"8819",2024-03-16,15,"Old High School","PM2.5","Swain",35.498711,-83.310242
"8820",2024-03-19,58,"Old High School","PM2.5","Swain",35.498711,-83.310242
"8821",2024-03-25,20,"Old High School","PM2.5","Swain",35.498711,-83.310242
"8822",2024-03-28,17,"Old High School","PM2.5","Swain",35.498711,-83.310242
"8823",2024-03-29,22,"Old High School","PM2.5","Swain",35.498711,-83.310242
"8824",2024-03-31,54,"Old High School","PM2.5","Swain",35.498711,-83.310242
"8825",2024-04-03,17,"Old High School","PM2.5","Swain",35.498711,-83.310242
"8826",2024-04-09,50,"Old High School","PM2.5","Swain",35.498711,-83.310242
"8827",2024-04-12,16,"Old High School","PM2.5","Swain",35.498711,-83.310242
"8828",2024-04-13,20,"Old High School","PM2.5","Swain",35.498711,-83.310242
"8829",2024-04-15,43,"Old High School","PM2.5","Swain",35.498711,-83.310242
"8830",2024-04-21,19,"Old High School","PM2.5","Swain",35.498711,-83.310242
"8831",2024-04-24,33,"Old High School","PM2.5","Swain",35.498711,-83.310242
"8832",2024-04-27,53,"Old High School","PM2.5","Swain",35.498711,-83.310242
"8833",2024-04-30,20,"Old High School","PM2.5","Swain",35.498711,-83.310242
"8834",2024-05-03,52,"Old High School","PM2.5","Swain",35.498711,-83.310242
"8835",2024-05-06,28,"Old High School","PM2.5","Swain",35.498711,-83.310242
"8836",2024-05-09,18,"Old High School","PM2.5","Swain",35.498711,-83.310242
"8837",2024-05-12,35,"Old High School","PM2.5","Swain",35.498711,-83.310242
"8838",2024-05-15,15,"Old High School","PM2.5","Swain",35.498711,-83.310242
"8839",2024-05-18,28,"Old High School","PM2.5","Swain",35.498711,-83.310242
"8840",2024-05-21,38,"Old High School","PM2.5","Swain",35.498711,-83.310242
"8841",2024-05-24,36,"Old High School","PM2.5","Swain",35.498711,-83.310242
"8842",2024-05-27,28,"Old High School","PM2.5","Swain",35.498711,-83.310242
"8843",2024-05-30,18,"Old High School","PM2.5","Swain",35.498711,-83.310242
"8844",2024-06-08,27,"Old High School","PM2.5","Swain",35.498711,-83.310242
"8845",2024-06-09,30,"Old High School","PM2.5","Swain",35.498711,-83.310242
"8846",2024-06-11,36,"Old High School","PM2.5","Swain",35.498711,-83.310242
"8847",2024-06-12,47,"Old High School","PM2.5","Swain",35.498711,-83.310242
"8848",2024-06-17,63,"Old High School","PM2.5","Swain",35.498711,-83.310242
"8849",2024-07-14,53,"Old High School","PM2.5","Swain",35.498711,-83.310242
"8850",2024-07-17,44,"Old High School","PM2.5","Swain",35.498711,-83.310242
"8851",2024-07-20,26,"Old High School","PM2.5","Swain",35.498711,-83.310242
"8852",2024-07-23,31,"Old High School","PM2.5","Swain",35.498711,-83.310242
"8853",2024-07-26,43,"Old High School","PM2.5","Swain",35.498711,-83.310242
"8854",2024-07-29,31,"Old High School","PM2.5","Swain",35.498711,-83.310242
"8855",2024-08-01,42,"Old High School","PM2.5","Swain",35.498711,-83.310242
"8856",2024-08-04,49,"Old High School","PM2.5","Swain",35.498711,-83.310242
"8857",2024-08-10,49,"Old High School","PM2.5","Swain",35.498711,-83.310242
"8858",2024-08-13,41,"Old High School","PM2.5","Swain",35.498711,-83.310242
"8859",2024-08-16,46,"Old High School","PM2.5","Swain",35.498711,-83.310242
"8860",2024-08-19,16,"Old High School","PM2.5","Swain",35.498711,-83.310242
"8861",2024-08-22,49,"Old High School","PM2.5","Swain",35.498711,-83.310242
"8862",2024-08-25,2,"Old High School","PM2.5","Swain",35.498711,-83.310242
"8863",2024-08-28,59,"Old High School","PM2.5","Swain",35.498711,-83.310242
"8864",2024-08-31,52,"Old High School","PM2.5","Swain",35.498711,-83.310242
"8865",2024-09-03,32,"Old High School","PM2.5","Swain",35.498711,-83.310242
"8866",2024-09-06,31,"Old High School","PM2.5","Swain",35.498711,-83.310242
"8867",2024-09-09,22,"Old High School","PM2.5","Swain",35.498711,-83.310242
"8868",2024-09-12,43,"Old High School","PM2.5","Swain",35.498711,-83.310242
"8869",2024-09-15,34,"Old High School","PM2.5","Swain",35.498711,-83.310242
"8870",2024-09-18,11,"Old High School","PM2.5","Swain",35.498711,-83.310242
"8871",2024-09-21,37,"Old High School","PM2.5","Swain",35.498711,-83.310242
"8872",2024-09-24,53,"Old High School","PM2.5","Swain",35.498711,-83.310242
"8873",2024-09-27,10,"Old High School","PM2.5","Swain",35.498711,-83.310242
"8874",2024-09-30,17,"Old High School","PM2.5","Swain",35.498711,-83.310242
"8875",2024-10-03,30,"Old High School","PM2.5","Swain",35.498711,-83.310242
"8876",2024-10-06,52,"Old High School","PM2.5","Swain",35.498711,-83.310242
"8877",2024-10-09,25,"Old High School","PM2.5","Swain",35.498711,-83.310242
"8878",2024-10-12,51,"Old High School","PM2.5","Swain",35.498711,-83.310242
"8879",2024-10-15,21,"Old High School","PM2.5","Swain",35.498711,-83.310242
"8880",2024-10-18,18,"Old High School","PM2.5","Swain",35.498711,-83.310242
"8881",2024-10-21,36,"Old High School","PM2.5","Swain",35.498711,-83.310242
"8882",2024-10-24,35,"Old High School","PM2.5","Swain",35.498711,-83.310242
"8883",2024-10-27,52,"Old High School","PM2.5","Swain",35.498711,-83.310242
"8884",2024-10-30,27,"Old High School","PM2.5","Swain",35.498711,-83.310242
"8885",2024-11-02,31,"Old High School","PM2.5","Swain",35.498711,-83.310242
"8886",2024-11-05,18,"Old High School","PM2.5","Swain",35.498711,-83.310242
"8887",2024-11-08,26,"Old High School","PM2.5","Swain",35.498711,-83.310242
"8888",2024-11-11,27,"Old High School","PM2.5","Swain",35.498711,-83.310242
"8889",2024-11-14,17,"Old High School","PM2.5","Swain",35.498711,-83.310242
"8890",2024-11-17,17,"Old High School","PM2.5","Swain",35.498711,-83.310242
"8891",2024-11-20,21,"Old High School","PM2.5","Swain",35.498711,-83.310242
"8892",2024-11-23,11,"Old High School","PM2.5","Swain",35.498711,-83.310242
"8893",2024-11-26,23,"Old High School","PM2.5","Swain",35.498711,-83.310242
"8894",2024-12-02,13,"Old High School","PM2.5","Swain",35.498711,-83.310242
"8895",2024-12-08,16,"Old High School","PM2.5","Swain",35.498711,-83.310242
"8896",2024-12-14,19,"Old High School","PM2.5","Swain",35.498711,-83.310242
"8897",2024-12-20,22,"Old High School","PM2.5","Swain",35.498711,-83.310242
"8898",2024-12-26,34,"Old High School","PM2.5","Swain",35.498711,-83.310242
"8899",2024-02-12,10,"Old High School","PM2.5","Swain",35.498711,-83.310242
"8900",2024-03-02,12,"Old High School","PM2.5","Swain",35.498711,-83.310242
"8901",2024-03-07,12,"Old High School","PM2.5","Swain",35.498711,-83.310242
"8902",2024-03-19,59,"Old High School","PM2.5","Swain",35.498711,-83.310242
"8903",2024-04-07,23,"Old High School","PM2.5","Swain",35.498711,-83.310242
"8904",2024-04-12,17,"Old High School","PM2.5","Swain",35.498711,-83.310242
"8905",2024-04-24,35,"Old High School","PM2.5","Swain",35.498711,-83.310242
"8906",2024-05-06,14,"Old High School","PM2.5","Swain",35.498711,-83.310242
"8907",2024-05-18,33,"Old High School","PM2.5","Swain",35.498711,-83.310242
"8908",2024-05-30,18,"Old High School","PM2.5","Swain",35.498711,-83.310242
"8909",2024-06-12,47,"Old High School","PM2.5","Swain",35.498711,-83.310242
"8910",2024-06-24,29,"Old High School","PM2.5","Swain",35.498711,-83.310242
"8911",2024-08-07,49,"Old High School","PM2.5","Swain",35.498711,-83.310242
"8912",2024-09-03,33,"Old High School","PM2.5","Swain",35.498711,-83.310242
"8913",2024-09-15,38,"Old High School","PM2.5","Swain",35.498711,-83.310242
"8914",2024-09-27,8,"Old High School","PM2.5","Swain",35.498711,-83.310242
"8915",2024-10-09,27,"Old High School","PM2.5","Swain",35.498711,-83.310242
"8916",2024-10-21,24,"Old High School","PM2.5","Swain",35.498711,-83.310242
"8917",2024-11-02,34,"Old High School","PM2.5","Swain",35.498711,-83.310242
"8918",2024-11-14,17,"Old High School","PM2.5","Swain",35.498711,-83.310242
"8919",2024-01-01,62,"Millbrook School","PM2.5","Wake",35.856111,-78.574167
"8920",2024-01-04,35,"Millbrook School","PM2.5","Wake",35.856111,-78.574167
"8921",2024-01-07,14,"Millbrook School","PM2.5","Wake",35.856111,-78.574167
"8922",2024-01-16,36,"Millbrook School","PM2.5","Wake",35.856111,-78.574167
"8923",2024-01-19,42,"Millbrook School","PM2.5","Wake",35.856111,-78.574167
"8924",2024-01-20,26,"Millbrook School","PM2.5","Wake",35.856111,-78.574167
"8925",2024-01-22,63,"Millbrook School","PM2.5","Wake",35.856111,-78.574167
"8926",2024-01-25,17,"Millbrook School","PM2.5","Wake",35.856111,-78.574167
"8927",2024-01-30,23,"Millbrook School","PM2.5","Wake",35.856111,-78.574167
"8928",2024-01-31,23,"Millbrook School","PM2.5","Wake",35.856111,-78.574167
"8929",2024-02-01,33,"Millbrook School","PM2.5","Wake",35.856111,-78.574167
"8930",2024-02-03,24,"Millbrook School","PM2.5","Wake",35.856111,-78.574167
"8931",2024-02-06,22,"Millbrook School","PM2.5","Wake",35.856111,-78.574167
"8932",2024-02-09,60,"Millbrook School","PM2.5","Wake",35.856111,-78.574167
"8933",2024-02-12,21,"Millbrook School","PM2.5","Wake",35.856111,-78.574167
"8934",2024-02-15,53,"Millbrook School","PM2.5","Wake",35.856111,-78.574167
"8935",2024-02-18,29,"Millbrook School","PM2.5","Wake",35.856111,-78.574167
"8936",2024-02-21,30,"Millbrook School","PM2.5","Wake",35.856111,-78.574167
"8937",2024-02-24,24,"Millbrook School","PM2.5","Wake",35.856111,-78.574167
"8938",2024-02-27,56,"Millbrook School","PM2.5","Wake",35.856111,-78.574167
"8939",2024-03-01,39,"Millbrook School","PM2.5","Wake",35.856111,-78.574167
"8940",2024-03-04,21,"Millbrook School","PM2.5","Wake",35.856111,-78.574167
"8941",2024-03-07,13,"Millbrook School","PM2.5","Wake",35.856111,-78.574167
"8942",2024-03-10,9,"Millbrook School","PM2.5","Wake",35.856111,-78.574167
"8943",2024-03-16,53,"Millbrook School","PM2.5","Wake",35.856111,-78.574167
"8944",2024-03-22,40,"Millbrook School","PM2.5","Wake",35.856111,-78.574167
"8945",2024-03-25,32,"Millbrook School","PM2.5","Wake",35.856111,-78.574167
"8946",2024-03-28,18,"Millbrook School","PM2.5","Wake",35.856111,-78.574167
"8947",2024-03-31,53,"Millbrook School","PM2.5","Wake",35.856111,-78.574167
"8948",2024-04-03,51,"Millbrook School","PM2.5","Wake",35.856111,-78.574167
"8949",2024-04-06,11,"Millbrook School","PM2.5","Wake",35.856111,-78.574167
"8950",2024-04-09,51,"Millbrook School","PM2.5","Wake",35.856111,-78.574167
"8951",2024-04-12,21,"Millbrook School","PM2.5","Wake",35.856111,-78.574167
"8952",2024-04-15,53,"Millbrook School","PM2.5","Wake",35.856111,-78.574167
"8953",2024-04-18,51,"Millbrook School","PM2.5","Wake",35.856111,-78.574167
"8954",2024-04-21,26,"Millbrook School","PM2.5","Wake",35.856111,-78.574167
"8955",2024-04-24,50,"Millbrook School","PM2.5","Wake",35.856111,-78.574167
"8956",2024-04-27,34,"Millbrook School","PM2.5","Wake",35.856111,-78.574167
"8957",2024-04-30,48,"Millbrook School","PM2.5","Wake",35.856111,-78.574167
"8958",2024-05-03,52,"Millbrook School","PM2.5","Wake",35.856111,-78.574167
"8959",2024-05-06,37,"Millbrook School","PM2.5","Wake",35.856111,-78.574167
"8960",2024-05-09,31,"Millbrook School","PM2.5","Wake",35.856111,-78.574167
"8961",2024-05-12,30,"Millbrook School","PM2.5","Wake",35.856111,-78.574167
"8962",2024-05-15,18,"Millbrook School","PM2.5","Wake",35.856111,-78.574167
"8963",2024-05-18,27,"Millbrook School","PM2.5","Wake",35.856111,-78.574167
"8964",2024-05-21,35,"Millbrook School","PM2.5","Wake",35.856111,-78.574167
"8965",2024-05-24,53,"Millbrook School","PM2.5","Wake",35.856111,-78.574167
"8966",2024-05-27,45,"Millbrook School","PM2.5","Wake",35.856111,-78.574167
"8967",2024-05-30,23,"Millbrook School","PM2.5","Wake",35.856111,-78.574167
"8968",2024-06-02,41,"Millbrook School","PM2.5","Wake",35.856111,-78.574167
"8969",2024-06-05,43,"Millbrook School","PM2.5","Wake",35.856111,-78.574167
"8970",2024-06-08,38,"Millbrook School","PM2.5","Wake",35.856111,-78.574167
"8971",2024-06-11,42,"Millbrook School","PM2.5","Wake",35.856111,-78.574167
"8972",2024-06-14,55,"Millbrook School","PM2.5","Wake",35.856111,-78.574167
"8973",2024-06-17,54,"Millbrook School","PM2.5","Wake",35.856111,-78.574167
"8974",2024-06-20,36,"Millbrook School","PM2.5","Wake",35.856111,-78.574167
"8975",2024-06-23,31,"Millbrook School","PM2.5","Wake",35.856111,-78.574167
"8976",2024-06-26,55,"Millbrook School","PM2.5","Wake",35.856111,-78.574167
"8977",2024-06-29,53,"Millbrook School","PM2.5","Wake",35.856111,-78.574167
"8978",2024-07-02,30,"Millbrook School","PM2.5","Wake",35.856111,-78.574167
"8979",2024-07-05,54,"Millbrook School","PM2.5","Wake",35.856111,-78.574167
"8980",2024-07-08,46,"Millbrook School","PM2.5","Wake",35.856111,-78.574167
"8981",2024-07-11,32,"Millbrook School","PM2.5","Wake",35.856111,-78.574167
"8982",2024-07-14,54,"Millbrook School","PM2.5","Wake",35.856111,-78.574167
"8983",2024-07-17,61,"Millbrook School","PM2.5","Wake",35.856111,-78.574167
"8984",2024-07-20,31,"Millbrook School","PM2.5","Wake",35.856111,-78.574167
"8985",2024-07-23,29,"Millbrook School","PM2.5","Wake",35.856111,-78.574167
"8986",2024-07-26,38,"Millbrook School","PM2.5","Wake",35.856111,-78.574167
"8987",2024-07-29,55,"Millbrook School","PM2.5","Wake",35.856111,-78.574167
"8988",2024-08-01,52,"Millbrook School","PM2.5","Wake",35.856111,-78.574167
"8989",2024-08-04,36,"Millbrook School","PM2.5","Wake",35.856111,-78.574167
"8990",2024-08-07,28,"Millbrook School","PM2.5","Wake",35.856111,-78.574167
"8991",2024-08-10,52,"Millbrook School","PM2.5","Wake",35.856111,-78.574167
"8992",2024-08-13,54,"Millbrook School","PM2.5","Wake",35.856111,-78.574167
"8993",2024-08-16,64,"Millbrook School","PM2.5","Wake",35.856111,-78.574167
"8994",2024-08-19,28,"Millbrook School","PM2.5","Wake",35.856111,-78.574167
"8995",2024-08-22,39,"Millbrook School","PM2.5","Wake",35.856111,-78.574167
"8996",2024-08-25,57,"Millbrook School","PM2.5","Wake",35.856111,-78.574167
"8997",2024-08-31,54,"Millbrook School","PM2.5","Wake",35.856111,-78.574167
"8998",2024-09-03,23,"Millbrook School","PM2.5","Wake",35.856111,-78.574167
"8999",2024-09-06,40,"Millbrook School","PM2.5","Wake",35.856111,-78.574167
"9000",2024-09-09,38,"Millbrook School","PM2.5","Wake",35.856111,-78.574167
"9001",2024-09-12,42,"Millbrook School","PM2.5","Wake",35.856111,-78.574167
"9002",2024-09-15,47,"Millbrook School","PM2.5","Wake",35.856111,-78.574167
"9003",2024-09-21,40,"Millbrook School","PM2.5","Wake",35.856111,-78.574167
"9004",2024-09-24,47,"Millbrook School","PM2.5","Wake",35.856111,-78.574167
"9005",2024-09-27,31,"Millbrook School","PM2.5","Wake",35.856111,-78.574167
"9006",2024-09-30,55,"Millbrook School","PM2.5","Wake",35.856111,-78.574167
"9007",2024-10-03,31,"Millbrook School","PM2.5","Wake",35.856111,-78.574167
"9008",2024-10-06,54,"Millbrook School","PM2.5","Wake",35.856111,-78.574167
"9009",2024-10-12,49,"Millbrook School","PM2.5","Wake",35.856111,-78.574167
"9010",2024-10-15,19,"Millbrook School","PM2.5","Wake",35.856111,-78.574167
"9011",2024-10-18,27,"Millbrook School","PM2.5","Wake",35.856111,-78.574167
"9012",2024-10-21,47,"Millbrook School","PM2.5","Wake",35.856111,-78.574167
"9013",2024-10-24,55,"Millbrook School","PM2.5","Wake",35.856111,-78.574167
"9014",2024-10-27,34,"Millbrook School","PM2.5","Wake",35.856111,-78.574167
"9015",2024-10-30,54,"Millbrook School","PM2.5","Wake",35.856111,-78.574167
"9016",2024-11-02,46,"Millbrook School","PM2.5","Wake",35.856111,-78.574167
"9017",2024-11-05,40,"Millbrook School","PM2.5","Wake",35.856111,-78.574167
"9018",2024-11-08,57,"Millbrook School","PM2.5","Wake",35.856111,-78.574167
"9019",2024-11-11,49,"Millbrook School","PM2.5","Wake",35.856111,-78.574167
"9020",2024-11-14,28,"Millbrook School","PM2.5","Wake",35.856111,-78.574167
"9021",2024-11-17,57,"Millbrook School","PM2.5","Wake",35.856111,-78.574167
"9022",2024-11-20,49,"Millbrook School","PM2.5","Wake",35.856111,-78.574167
"9023",2024-11-23,11,"Millbrook School","PM2.5","Wake",35.856111,-78.574167
"9024",2024-11-26,52,"Millbrook School","PM2.5","Wake",35.856111,-78.574167
"9025",2024-11-29,19,"Millbrook School","PM2.5","Wake",35.856111,-78.574167
"9026",2024-12-02,21,"Millbrook School","PM2.5","Wake",35.856111,-78.574167
"9027",2024-12-03,22,"Millbrook School","PM2.5","Wake",35.856111,-78.574167
"9028",2024-12-05,51,"Millbrook School","PM2.5","Wake",35.856111,-78.574167
"9029",2024-12-08,52,"Millbrook School","PM2.5","Wake",35.856111,-78.574167
"9030",2024-12-11,19,"Millbrook School","PM2.5","Wake",35.856111,-78.574167
"9031",2024-12-14,41,"Millbrook School","PM2.5","Wake",35.856111,-78.574167
"9032",2024-12-17,55,"Millbrook School","PM2.5","Wake",35.856111,-78.574167
"9033",2024-12-20,36,"Millbrook School","PM2.5","Wake",35.856111,-78.574167
"9034",2024-12-23,40,"Millbrook School","PM2.5","Wake",35.856111,-78.574167
"9035",2024-12-26,52,"Millbrook School","PM2.5","Wake",35.856111,-78.574167
"9036",2024-12-29,17,"Millbrook School","PM2.5","Wake",35.856111,-78.574167
"9037",2024-01-01,61,"Millbrook School","PM2.5","Wake",35.856111,-78.574167
"9038",2024-01-02,32,"Millbrook School","PM2.5","Wake",35.856111,-78.574167
"9039",2024-01-03,54,"Millbrook School","PM2.5","Wake",35.856111,-78.574167
"9040",2024-01-04,38,"Millbrook School","PM2.5","Wake",35.856111,-78.574167
"9041",2024-01-05,34,"Millbrook School","PM2.5","Wake",35.856111,-78.574167
"9042",2024-01-06,34,"Millbrook School","PM2.5","Wake",35.856111,-78.574167
"9043",2024-01-07,23,"Millbrook School","PM2.5","Wake",35.856111,-78.574167
"9044",2024-01-08,23,"Millbrook School","PM2.5","Wake",35.856111,-78.574167
"9045",2024-01-09,25,"Millbrook School","PM2.5","Wake",35.856111,-78.574167
"9046",2024-01-10,22,"Millbrook School","PM2.5","Wake",35.856111,-78.574167
"9047",2024-01-11,54,"Millbrook School","PM2.5","Wake",35.856111,-78.574167
"9048",2024-01-12,57,"Millbrook School","PM2.5","Wake",35.856111,-78.574167
"9049",2024-01-13,21,"Millbrook School","PM2.5","Wake",35.856111,-78.574167
"9050",2024-01-14,28,"Millbrook School","PM2.5","Wake",35.856111,-78.574167
"9051",2024-01-15,28,"Millbrook School","PM2.5","Wake",35.856111,-78.574167
"9052",2024-01-16,40,"Millbrook School","PM2.5","Wake",35.856111,-78.574167
"9053",2024-01-17,29,"Millbrook School","PM2.5","Wake",35.856111,-78.574167
"9054",2024-01-18,47,"Millbrook School","PM2.5","Wake",35.856111,-78.574167
"9055",2024-01-19,41,"Millbrook School","PM2.5","Wake",35.856111,-78.574167
"9056",2024-01-20,27,"Millbrook School","PM2.5","Wake",35.856111,-78.574167
"9057",2024-01-21,33,"Millbrook School","PM2.5","Wake",35.856111,-78.574167
"9058",2024-01-22,61,"Millbrook School","PM2.5","Wake",35.856111,-78.574167
"9059",2024-01-23,63,"Millbrook School","PM2.5","Wake",35.856111,-78.574167
"9060",2024-01-24,57,"Millbrook School","PM2.5","Wake",35.856111,-78.574167
"9061",2024-01-25,22,"Millbrook School","PM2.5","Wake",35.856111,-78.574167
"9062",2024-01-26,35,"Millbrook School","PM2.5","Wake",35.856111,-78.574167
"9063",2024-01-27,35,"Millbrook School","PM2.5","Wake",35.856111,-78.574167
"9064",2024-01-28,16,"Millbrook School","PM2.5","Wake",35.856111,-78.574167
"9065",2024-01-29,6,"Millbrook School","PM2.5","Wake",35.856111,-78.574167
"9066",2024-01-30,26,"Millbrook School","PM2.5","Wake",35.856111,-78.574167
"9067",2024-01-31,30,"Millbrook School","PM2.5","Wake",35.856111,-78.574167
"9068",2024-02-01,33,"Millbrook School","PM2.5","Wake",35.856111,-78.574167
"9069",2024-02-02,32,"Millbrook School","PM2.5","Wake",35.856111,-78.574167
"9070",2024-02-03,26,"Millbrook School","PM2.5","Wake",35.856111,-78.574167
"9071",2024-02-04,37,"Millbrook School","PM2.5","Wake",35.856111,-78.574167
"9072",2024-02-05,30,"Millbrook School","PM2.5","Wake",35.856111,-78.574167
"9073",2024-02-06,30,"Millbrook School","PM2.5","Wake",35.856111,-78.574167
"9074",2024-02-07,32,"Millbrook School","PM2.5","Wake",35.856111,-78.574167
"9075",2024-02-08,44,"Millbrook School","PM2.5","Wake",35.856111,-78.574167
"9076",2024-02-09,65,"Millbrook School","PM2.5","Wake",35.856111,-78.574167
"9077",2024-02-10,57,"Millbrook School","PM2.5","Wake",35.856111,-78.574167
"9078",2024-02-11,46,"Millbrook School","PM2.5","Wake",35.856111,-78.574167
"9079",2024-02-12,29,"Millbrook School","PM2.5","Wake",35.856111,-78.574167
"9080",2024-02-13,14,"Millbrook School","PM2.5","Wake",35.856111,-78.574167
"9081",2024-02-14,28,"Millbrook School","PM2.5","Wake",35.856111,-78.574167
"9082",2024-02-15,56,"Millbrook School","PM2.5","Wake",35.856111,-78.574167
"9083",2024-02-16,37,"Millbrook School","PM2.5","Wake",35.856111,-78.574167
"9084",2024-02-17,36,"Millbrook School","PM2.5","Wake",35.856111,-78.574167
"9085",2024-02-18,27,"Millbrook School","PM2.5","Wake",35.856111,-78.574167
"9086",2024-02-19,33,"Millbrook School","PM2.5","Wake",35.856111,-78.574167
"9087",2024-02-20,39,"Millbrook School","PM2.5","Wake",35.856111,-78.574167
"9088",2024-02-21,37,"Millbrook School","PM2.5","Wake",35.856111,-78.574167
"9089",2024-02-22,72,"Millbrook School","PM2.5","Wake",35.856111,-78.574167
"9090",2024-02-23,79,"Millbrook School","PM2.5","Wake",35.856111,-78.574167
"9091",2024-02-24,32,"Millbrook School","PM2.5","Wake",35.856111,-78.574167
"9092",2024-02-25,31,"Millbrook School","PM2.5","Wake",35.856111,-78.574167
"9093",2024-02-26,59,"Millbrook School","PM2.5","Wake",35.856111,-78.574167
"9094",2024-02-27,59,"Millbrook School","PM2.5","Wake",35.856111,-78.574167
"9095",2024-02-28,51,"Millbrook School","PM2.5","Wake",35.856111,-78.574167
"9096",2024-02-29,18,"Millbrook School","PM2.5","Wake",35.856111,-78.574167
"9097",2024-03-01,44,"Millbrook School","PM2.5","Wake",35.856111,-78.574167
"9098",2024-03-02,19,"Millbrook School","PM2.5","Wake",35.856111,-78.574167
"9099",2024-03-03,35,"Millbrook School","PM2.5","Wake",35.856111,-78.574167
"9100",2024-03-04,27,"Millbrook School","PM2.5","Wake",35.856111,-78.574167
"9101",2024-03-05,17,"Millbrook School","PM2.5","Wake",35.856111,-78.574167
"9102",2024-03-06,29,"Millbrook School","PM2.5","Wake",35.856111,-78.574167
"9103",2024-03-07,18,"Millbrook School","PM2.5","Wake",35.856111,-78.574167
"9104",2024-03-08,19,"Millbrook School","PM2.5","Wake",35.856111,-78.574167
"9105",2024-03-09,21,"Millbrook School","PM2.5","Wake",35.856111,-78.574167
"9106",2024-03-10,12,"Millbrook School","PM2.5","Wake",35.856111,-78.574167
"9107",2024-03-11,11,"Millbrook School","PM2.5","Wake",35.856111,-78.574167
"9108",2024-03-19,28,"Millbrook School","PM2.5","Wake",35.856111,-78.574167
"9109",2024-03-20,53,"Millbrook School","PM2.5","Wake",35.856111,-78.574167
"9110",2024-03-21,50,"Millbrook School","PM2.5","Wake",35.856111,-78.574167
"9111",2024-03-22,48,"Millbrook School","PM2.5","Wake",35.856111,-78.574167
"9112",2024-03-23,15,"Millbrook School","PM2.5","Wake",35.856111,-78.574167
"9113",2024-03-24,20,"Millbrook School","PM2.5","Wake",35.856111,-78.574167
"9114",2024-03-25,31,"Millbrook School","PM2.5","Wake",35.856111,-78.574167
"9115",2024-03-26,44,"Millbrook School","PM2.5","Wake",35.856111,-78.574167
"9116",2024-03-27,38,"Millbrook School","PM2.5","Wake",35.856111,-78.574167
"9117",2024-03-28,22,"Millbrook School","PM2.5","Wake",35.856111,-78.574167
"9118",2024-03-29,31,"Millbrook School","PM2.5","Wake",35.856111,-78.574167
"9119",2024-03-30,46,"Millbrook School","PM2.5","Wake",35.856111,-78.574167
"9120",2024-03-31,53,"Millbrook School","PM2.5","Wake",35.856111,-78.574167
"9121",2024-04-01,59,"Millbrook School","PM2.5","Wake",35.856111,-78.574167
"9122",2024-04-02,71,"Millbrook School","PM2.5","Wake",35.856111,-78.574167
"9123",2024-04-03,51,"Millbrook School","PM2.5","Wake",35.856111,-78.574167
"9124",2024-04-04,13,"Millbrook School","PM2.5","Wake",35.856111,-78.574167
"9125",2024-04-05,12,"Millbrook School","PM2.5","Wake",35.856111,-78.574167
"9126",2024-04-06,12,"Millbrook School","PM2.5","Wake",35.856111,-78.574167
"9127",2024-04-07,19,"Millbrook School","PM2.5","Wake",35.856111,-78.574167
"9128",2024-04-08,51,"Millbrook School","PM2.5","Wake",35.856111,-78.574167
"9129",2024-04-09,46,"Millbrook School","PM2.5","Wake",35.856111,-78.574167
"9130",2024-04-10,38,"Millbrook School","PM2.5","Wake",35.856111,-78.574167
"9131",2024-04-11,30,"Millbrook School","PM2.5","Wake",35.856111,-78.574167
"9132",2024-04-12,17,"Millbrook School","PM2.5","Wake",35.856111,-78.574167
"9133",2024-04-13,15,"Millbrook School","PM2.5","Wake",35.856111,-78.574167
"9134",2024-04-14,32,"Millbrook School","PM2.5","Wake",35.856111,-78.574167
"9135",2024-04-15,52,"Millbrook School","PM2.5","Wake",35.856111,-78.574167
"9136",2024-04-16,58,"Millbrook School","PM2.5","Wake",35.856111,-78.574167
"9137",2024-04-17,57,"Millbrook School","PM2.5","Wake",35.856111,-78.574167
"9138",2024-04-18,52,"Millbrook School","PM2.5","Wake",35.856111,-78.574167
"9139",2024-04-19,59,"Millbrook School","PM2.5","Wake",35.856111,-78.574167
"9140",2024-04-20,61,"Millbrook School","PM2.5","Wake",35.856111,-78.574167
"9141",2024-04-21,23,"Millbrook School","PM2.5","Wake",35.856111,-78.574167
"9142",2024-04-22,28,"Millbrook School","PM2.5","Wake",35.856111,-78.574167
"9143",2024-04-23,39,"Millbrook School","PM2.5","Wake",35.856111,-78.574167
"9144",2024-04-24,46,"Millbrook School","PM2.5","Wake",35.856111,-78.574167
"9145",2024-04-25,53,"Millbrook School","PM2.5","Wake",35.856111,-78.574167
"9146",2024-04-26,44,"Millbrook School","PM2.5","Wake",35.856111,-78.574167
"9147",2024-04-27,38,"Millbrook School","PM2.5","Wake",35.856111,-78.574167
"9148",2024-04-28,46,"Millbrook School","PM2.5","Wake",35.856111,-78.574167
"9149",2024-04-29,56,"Millbrook School","PM2.5","Wake",35.856111,-78.574167
"9150",2024-04-30,52,"Millbrook School","PM2.5","Wake",35.856111,-78.574167
"9151",2024-05-01,40,"Millbrook School","PM2.5","Wake",35.856111,-78.574167
"9152",2024-05-02,49,"Millbrook School","PM2.5","Wake",35.856111,-78.574167
"9153",2024-05-03,52,"Millbrook School","PM2.5","Wake",35.856111,-78.574167
"9154",2024-05-04,53,"Millbrook School","PM2.5","Wake",35.856111,-78.574167
"9155",2024-05-05,29,"Millbrook School","PM2.5","Wake",35.856111,-78.574167
"9156",2024-05-06,42,"Millbrook School","PM2.5","Wake",35.856111,-78.574167
"9157",2024-05-07,48,"Millbrook School","PM2.5","Wake",35.856111,-78.574167
"9158",2024-05-08,56,"Millbrook School","PM2.5","Wake",35.856111,-78.574167
"9159",2024-05-09,31,"Millbrook School","PM2.5","Wake",35.856111,-78.574167
"9160",2024-05-10,24,"Millbrook School","PM2.5","Wake",35.856111,-78.574167
"9161",2024-05-11,17,"Millbrook School","PM2.5","Wake",35.856111,-78.574167
"9162",2024-05-12,25,"Millbrook School","PM2.5","Wake",35.856111,-78.574167
"9163",2024-05-13,33,"Millbrook School","PM2.5","Wake",35.856111,-78.574167
"9164",2024-05-14,25,"Millbrook School","PM2.5","Wake",35.856111,-78.574167
"9165",2024-05-15,23,"Millbrook School","PM2.5","Wake",35.856111,-78.574167
"9166",2024-05-16,26,"Millbrook School","PM2.5","Wake",35.856111,-78.574167
"9167",2024-05-17,44,"Millbrook School","PM2.5","Wake",35.856111,-78.574167
"9168",2024-05-18,33,"Millbrook School","PM2.5","Wake",35.856111,-78.574167
"9169",2024-05-19,27,"Millbrook School","PM2.5","Wake",35.856111,-78.574167
"9170",2024-05-20,35,"Millbrook School","PM2.5","Wake",35.856111,-78.574167
"9171",2024-05-21,31,"Millbrook School","PM2.5","Wake",35.856111,-78.574167
"9172",2024-05-22,41,"Millbrook School","PM2.5","Wake",35.856111,-78.574167
"9173",2024-05-23,48,"Millbrook School","PM2.5","Wake",35.856111,-78.574167
"9174",2024-05-24,49,"Millbrook School","PM2.5","Wake",35.856111,-78.574167
"9175",2024-05-25,47,"Millbrook School","PM2.5","Wake",35.856111,-78.574167
"9176",2024-05-26,52,"Millbrook School","PM2.5","Wake",35.856111,-78.574167
"9177",2024-05-27,48,"Millbrook School","PM2.5","Wake",35.856111,-78.574167
"9178",2024-05-28,32,"Millbrook School","PM2.5","Wake",35.856111,-78.574167
"9179",2024-05-29,24,"Millbrook School","PM2.5","Wake",35.856111,-78.574167
"9180",2024-05-30,21,"Millbrook School","PM2.5","Wake",35.856111,-78.574167
"9181",2024-05-31,25,"Millbrook School","PM2.5","Wake",35.856111,-78.574167
"9182",2024-06-01,42,"Millbrook School","PM2.5","Wake",35.856111,-78.574167
"9183",2024-06-02,37,"Millbrook School","PM2.5","Wake",35.856111,-78.574167
"9184",2024-06-03,46,"Millbrook School","PM2.5","Wake",35.856111,-78.574167
"9185",2024-06-04,53,"Millbrook School","PM2.5","Wake",35.856111,-78.574167
"9186",2024-06-05,48,"Millbrook School","PM2.5","Wake",35.856111,-78.574167
"9187",2024-06-06,44,"Millbrook School","PM2.5","Wake",35.856111,-78.574167
"9188",2024-06-07,28,"Millbrook School","PM2.5","Wake",35.856111,-78.574167
"9189",2024-06-08,26,"Millbrook School","PM2.5","Wake",35.856111,-78.574167
"9190",2024-06-09,40,"Millbrook School","PM2.5","Wake",35.856111,-78.574167
"9191",2024-06-10,26,"Millbrook School","PM2.5","Wake",35.856111,-78.574167
"9192",2024-06-11,38,"Millbrook School","PM2.5","Wake",35.856111,-78.574167
"9193",2024-06-12,51,"Millbrook School","PM2.5","Wake",35.856111,-78.574167
"9194",2024-06-13,53,"Millbrook School","PM2.5","Wake",35.856111,-78.574167
"9195",2024-06-14,60,"Millbrook School","PM2.5","Wake",35.856111,-78.574167
"9196",2024-06-15,53,"Millbrook School","PM2.5","Wake",35.856111,-78.574167
"9197",2024-06-16,44,"Millbrook School","PM2.5","Wake",35.856111,-78.574167
"9198",2024-06-17,57,"Millbrook School","PM2.5","Wake",35.856111,-78.574167
"9199",2024-06-18,44,"Millbrook School","PM2.5","Wake",35.856111,-78.574167
"9200",2024-06-19,41,"Millbrook School","PM2.5","Wake",35.856111,-78.574167
"9201",2024-06-20,42,"Millbrook School","PM2.5","Wake",35.856111,-78.574167
"9202",2024-06-21,44,"Millbrook School","PM2.5","Wake",35.856111,-78.574167
"9203",2024-06-22,31,"Millbrook School","PM2.5","Wake",35.856111,-78.574167
"9204",2024-06-23,32,"Millbrook School","PM2.5","Wake",35.856111,-78.574167
"9205",2024-06-24,49,"Millbrook School","PM2.5","Wake",35.856111,-78.574167
"9206",2024-06-25,48,"Millbrook School","PM2.5","Wake",35.856111,-78.574167
"9207",2024-06-26,58,"Millbrook School","PM2.5","Wake",35.856111,-78.574167
"9208",2024-06-27,48,"Millbrook School","PM2.5","Wake",35.856111,-78.574167
"9209",2024-06-28,50,"Millbrook School","PM2.5","Wake",35.856111,-78.574167
"9210",2024-06-29,47,"Millbrook School","PM2.5","Wake",35.856111,-78.574167
"9211",2024-06-30,35,"Millbrook School","PM2.5","Wake",35.856111,-78.574167
"9212",2024-07-01,19,"Millbrook School","PM2.5","Wake",35.856111,-78.574167
"9213",2024-07-02,25,"Millbrook School","PM2.5","Wake",35.856111,-78.574167
"9214",2024-07-03,42,"Millbrook School","PM2.5","Wake",35.856111,-78.574167
"9215",2024-07-04,56,"Millbrook School","PM2.5","Wake",35.856111,-78.574167
"9216",2024-07-05,57,"Millbrook School","PM2.5","Wake",35.856111,-78.574167
"9217",2024-07-06,47,"Millbrook School","PM2.5","Wake",35.856111,-78.574167
"9218",2024-07-07,51,"Millbrook School","PM2.5","Wake",35.856111,-78.574167
"9219",2024-07-08,43,"Millbrook School","PM2.5","Wake",35.856111,-78.574167
"9220",2024-07-09,42,"Millbrook School","PM2.5","Wake",35.856111,-78.574167
"9221",2024-07-10,46,"Millbrook School","PM2.5","Wake",35.856111,-78.574167
"9222",2024-07-11,32,"Millbrook School","PM2.5","Wake",35.856111,-78.574167
"9223",2024-07-12,19,"Millbrook School","PM2.5","Wake",35.856111,-78.574167
"9224",2024-07-13,31,"Millbrook School","PM2.5","Wake",35.856111,-78.574167
"9225",2024-07-14,56,"Millbrook School","PM2.5","Wake",35.856111,-78.574167
"9226",2024-07-15,65,"Millbrook School","PM2.5","Wake",35.856111,-78.574167
"9227",2024-07-16,67,"Millbrook School","PM2.5","Wake",35.856111,-78.574167
"9228",2024-07-17,57,"Millbrook School","PM2.5","Wake",35.856111,-78.574167
"9229",2024-07-18,47,"Millbrook School","PM2.5","Wake",35.856111,-78.574167
"9230",2024-07-19,48,"Millbrook School","PM2.5","Wake",35.856111,-78.574167
"9231",2024-07-20,34,"Millbrook School","PM2.5","Wake",35.856111,-78.574167
"9232",2024-07-21,33,"Millbrook School","PM2.5","Wake",35.856111,-78.574167
"9233",2024-07-22,20,"Millbrook School","PM2.5","Wake",35.856111,-78.574167
"9234",2024-07-23,31,"Millbrook School","PM2.5","Wake",35.856111,-78.574167
"9235",2024-07-24,28,"Millbrook School","PM2.5","Wake",35.856111,-78.574167
"9236",2024-07-25,23,"Millbrook School","PM2.5","Wake",35.856111,-78.574167
"9237",2024-07-26,43,"Millbrook School","PM2.5","Wake",35.856111,-78.574167
"9238",2024-07-27,53,"Millbrook School","PM2.5","Wake",35.856111,-78.574167
"9239",2024-07-28,50,"Millbrook School","PM2.5","Wake",35.856111,-78.574167
"9240",2024-07-29,54,"Millbrook School","PM2.5","Wake",35.856111,-78.574167
"9241",2024-07-30,55,"Millbrook School","PM2.5","Wake",35.856111,-78.574167
"9242",2024-07-31,50,"Millbrook School","PM2.5","Wake",35.856111,-78.574167
"9243",2024-08-01,53,"Millbrook School","PM2.5","Wake",35.856111,-78.574167
"9244",2024-08-02,54,"Millbrook School","PM2.5","Wake",35.856111,-78.574167
"9245",2024-08-03,55,"Millbrook School","PM2.5","Wake",35.856111,-78.574167
"9246",2024-08-04,39,"Millbrook School","PM2.5","Wake",35.856111,-78.574167
"9247",2024-08-05,32,"Millbrook School","PM2.5","Wake",35.856111,-78.574167
"9248",2024-08-06,23,"Millbrook School","PM2.5","Wake",35.856111,-78.574167
"9249",2024-08-07,23,"Millbrook School","PM2.5","Wake",35.856111,-78.574167
"9250",2024-08-08,20,"Millbrook School","PM2.5","Wake",35.856111,-78.574167
"9251",2024-08-09,23,"Millbrook School","PM2.5","Wake",35.856111,-78.574167
"9252",2024-08-10,54,"Millbrook School","PM2.5","Wake",35.856111,-78.574167
"9253",2024-08-11,55,"Millbrook School","PM2.5","Wake",35.856111,-78.574167
"9254",2024-08-12,56,"Millbrook School","PM2.5","Wake",35.856111,-78.574167
"9255",2024-08-13,53,"Millbrook School","PM2.5","Wake",35.856111,-78.574167
"9256",2024-08-14,52,"Millbrook School","PM2.5","Wake",35.856111,-78.574167
"9257",2024-08-15,55,"Millbrook School","PM2.5","Wake",35.856111,-78.574167
"9258",2024-08-16,61,"Millbrook School","PM2.5","Wake",35.856111,-78.574167
"9259",2024-08-17,65,"Millbrook School","PM2.5","Wake",35.856111,-78.574167
"9260",2024-08-18,52,"Millbrook School","PM2.5","Wake",35.856111,-78.574167
"9261",2024-08-19,30,"Millbrook School","PM2.5","Wake",35.856111,-78.574167
"9262",2024-08-20,33,"Millbrook School","PM2.5","Wake",35.856111,-78.574167
"9263",2024-08-21,32,"Millbrook School","PM2.5","Wake",35.856111,-78.574167
"9264",2024-08-22,36,"Millbrook School","PM2.5","Wake",35.856111,-78.574167
"9265",2024-08-23,46,"Millbrook School","PM2.5","Wake",35.856111,-78.574167
"9266",2024-08-24,42,"Millbrook School","PM2.5","Wake",35.856111,-78.574167
"9267",2024-08-25,54,"Millbrook School","PM2.5","Wake",35.856111,-78.574167
"9268",2024-08-26,60,"Millbrook School","PM2.5","Wake",35.856111,-78.574167
"9269",2024-08-27,66,"Millbrook School","PM2.5","Wake",35.856111,-78.574167
"9270",2024-08-28,71,"Millbrook School","PM2.5","Wake",35.856111,-78.574167
"9271",2024-08-29,67,"Millbrook School","PM2.5","Wake",35.856111,-78.574167
"9272",2024-08-30,56,"Millbrook School","PM2.5","Wake",35.856111,-78.574167
"9273",2024-08-31,57,"Millbrook School","PM2.5","Wake",35.856111,-78.574167
"9274",2024-09-01,54,"Millbrook School","PM2.5","Wake",35.856111,-78.574167
"9275",2024-09-02,44,"Millbrook School","PM2.5","Wake",35.856111,-78.574167
"9276",2024-09-03,20,"Millbrook School","PM2.5","Wake",35.856111,-78.574167
"9277",2024-09-04,26,"Millbrook School","PM2.5","Wake",35.856111,-78.574167
"9278",2024-09-05,31,"Millbrook School","PM2.5","Wake",35.856111,-78.574167
"9279",2024-09-06,42,"Millbrook School","PM2.5","Wake",35.856111,-78.574167
"9280",2024-09-07,46,"Millbrook School","PM2.5","Wake",35.856111,-78.574167
"9281",2024-09-08,24,"Millbrook School","PM2.5","Wake",35.856111,-78.574167
"9282",2024-09-09,33,"Millbrook School","PM2.5","Wake",35.856111,-78.574167
"9283",2024-09-10,52,"Millbrook School","PM2.5","Wake",35.856111,-78.574167
"9284",2024-09-11,52,"Millbrook School","PM2.5","Wake",35.856111,-78.574167
"9285",2024-09-12,43,"Millbrook School","PM2.5","Wake",35.856111,-78.574167
"9286",2024-09-13,30,"Millbrook School","PM2.5","Wake",35.856111,-78.574167
"9287",2024-09-14,41,"Millbrook School","PM2.5","Wake",35.856111,-78.574167
"9288",2024-09-15,44,"Millbrook School","PM2.5","Wake",35.856111,-78.574167
"9289",2024-09-16,35,"Millbrook School","PM2.5","Wake",35.856111,-78.574167
"9290",2024-09-17,22,"Millbrook School","PM2.5","Wake",35.856111,-78.574167
"9291",2024-09-18,32,"Millbrook School","PM2.5","Wake",35.856111,-78.574167
"9292",2024-09-19,26,"Millbrook School","PM2.5","Wake",35.856111,-78.574167
"9293",2024-09-20,42,"Millbrook School","PM2.5","Wake",35.856111,-78.574167
"9294",2024-09-21,39,"Millbrook School","PM2.5","Wake",35.856111,-78.574167
"9295",2024-09-22,46,"Millbrook School","PM2.5","Wake",35.856111,-78.574167
"9296",2024-09-23,48,"Millbrook School","PM2.5","Wake",35.856111,-78.574167
"9297",2024-09-24,48,"Millbrook School","PM2.5","Wake",35.856111,-78.574167
"9298",2024-09-25,44,"Millbrook School","PM2.5","Wake",35.856111,-78.574167
"9299",2024-09-26,28,"Millbrook School","PM2.5","Wake",35.856111,-78.574167
"9300",2024-09-27,31,"Millbrook School","PM2.5","Wake",35.856111,-78.574167
"9301",2024-09-28,51,"Millbrook School","PM2.5","Wake",35.856111,-78.574167
"9302",2024-09-29,55,"Millbrook School","PM2.5","Wake",35.856111,-78.574167
"9303",2024-09-30,55,"Millbrook School","PM2.5","Wake",35.856111,-78.574167
"9304",2024-10-01,25,"Millbrook School","PM2.5","Wake",35.856111,-78.574167
"9305",2024-10-02,31,"Millbrook School","PM2.5","Wake",35.856111,-78.574167
"9306",2024-10-03,35,"Millbrook School","PM2.5","Wake",35.856111,-78.574167
"9307",2024-10-04,40,"Millbrook School","PM2.5","Wake",35.856111,-78.574167
"9308",2024-10-05,53,"Millbrook School","PM2.5","Wake",35.856111,-78.574167
"9309",2024-10-06,55,"Millbrook School","PM2.5","Wake",35.856111,-78.574167
"9310",2024-10-07,54,"Millbrook School","PM2.5","Wake",35.856111,-78.574167
"9311",2024-10-08,45,"Millbrook School","PM2.5","Wake",35.856111,-78.574167
"9312",2024-10-09,33,"Millbrook School","PM2.5","Wake",35.856111,-78.574167
"9313",2024-10-10,20,"Millbrook School","PM2.5","Wake",35.856111,-78.574167
"9314",2024-10-11,24,"Millbrook School","PM2.5","Wake",35.856111,-78.574167
"9315",2024-10-12,40,"Millbrook School","PM2.5","Wake",35.856111,-78.574167
"9316",2024-10-13,47,"Millbrook School","PM2.5","Wake",35.856111,-78.574167
"9317",2024-10-14,41,"Millbrook School","PM2.5","Wake",35.856111,-78.574167
"9318",2024-10-15,20,"Millbrook School","PM2.5","Wake",35.856111,-78.574167
"9319",2024-10-16,15,"Millbrook School","PM2.5","Wake",35.856111,-78.574167
"9320",2024-10-17,17,"Millbrook School","PM2.5","Wake",35.856111,-78.574167
"9321",2024-10-18,28,"Millbrook School","PM2.5","Wake",35.856111,-78.574167
"9322",2024-10-19,33,"Millbrook School","PM2.5","Wake",35.856111,-78.574167
"9323",2024-10-20,43,"Millbrook School","PM2.5","Wake",35.856111,-78.574167
"9324",2024-10-21,45,"Millbrook School","PM2.5","Wake",35.856111,-78.574167
"9325",2024-10-22,48,"Millbrook School","PM2.5","Wake",35.856111,-78.574167
"9326",2024-10-23,54,"Millbrook School","PM2.5","Wake",35.856111,-78.574167
"9327",2024-10-24,54,"Millbrook School","PM2.5","Wake",35.856111,-78.574167
"9328",2024-10-25,53,"Millbrook School","PM2.5","Wake",35.856111,-78.574167
"9329",2024-10-26,58,"Millbrook School","PM2.5","Wake",35.856111,-78.574167
"9330",2024-10-27,35,"Millbrook School","PM2.5","Wake",35.856111,-78.574167
"9331",2024-10-28,48,"Millbrook School","PM2.5","Wake",35.856111,-78.574167
"9332",2024-10-29,51,"Millbrook School","PM2.5","Wake",35.856111,-78.574167
"9333",2024-10-30,53,"Millbrook School","PM2.5","Wake",35.856111,-78.574167
"9334",2024-10-31,38,"Millbrook School","PM2.5","Wake",35.856111,-78.574167
"9335",2024-11-01,36,"Millbrook School","PM2.5","Wake",35.856111,-78.574167
"9336",2024-11-02,40,"Millbrook School","PM2.5","Wake",35.856111,-78.574167
"9337",2024-11-03,37,"Millbrook School","PM2.5","Wake",35.856111,-78.574167
"9338",2024-11-04,34,"Millbrook School","PM2.5","Wake",35.856111,-78.574167
"9339",2024-11-05,41,"Millbrook School","PM2.5","Wake",35.856111,-78.574167
"9340",2024-11-06,45,"Millbrook School","PM2.5","Wake",35.856111,-78.574167
"9341",2024-11-07,48,"Millbrook School","PM2.5","Wake",35.856111,-78.574167
"9342",2024-11-08,59,"Millbrook School","PM2.5","Wake",35.856111,-78.574167
"9343",2024-11-09,35,"Millbrook School","PM2.5","Wake",35.856111,-78.574167
"9344",2024-11-10,47,"Millbrook School","PM2.5","Wake",35.856111,-78.574167
"9345",2024-11-11,47,"Millbrook School","PM2.5","Wake",35.856111,-78.574167
"9346",2024-11-12,27,"Millbrook School","PM2.5","Wake",35.856111,-78.574167
"9347",2024-11-13,23,"Millbrook School","PM2.5","Wake",35.856111,-78.574167
"9348",2024-11-14,27,"Millbrook School","PM2.5","Wake",35.856111,-78.574167
"9349",2024-11-15,22,"Millbrook School","PM2.5","Wake",35.856111,-78.574167
"9350",2024-11-16,25,"Millbrook School","PM2.5","Wake",35.856111,-78.574167
"9351",2024-11-17,52,"Millbrook School","PM2.5","Wake",35.856111,-78.574167
"9352",2024-11-18,56,"Millbrook School","PM2.5","Wake",35.856111,-78.574167
"9353",2024-11-19,66,"Millbrook School","PM2.5","Wake",35.856111,-78.574167
"9354",2024-11-20,51,"Millbrook School","PM2.5","Wake",35.856111,-78.574167
"9355",2024-11-21,12,"Millbrook School","PM2.5","Wake",35.856111,-78.574167
"9356",2024-11-22,10,"Millbrook School","PM2.5","Wake",35.856111,-78.574167
"9357",2024-11-23,12,"Millbrook School","PM2.5","Wake",35.856111,-78.574167
"9358",2024-11-24,36,"Millbrook School","PM2.5","Wake",35.856111,-78.574167
"9359",2024-11-25,64,"Millbrook School","PM2.5","Wake",35.856111,-78.574167
"9360",2024-11-26,52,"Millbrook School","PM2.5","Wake",35.856111,-78.574167
"9361",2024-11-27,36,"Millbrook School","PM2.5","Wake",35.856111,-78.574167
"9362",2024-11-28,41,"Millbrook School","PM2.5","Wake",35.856111,-78.574167
"9363",2024-11-29,23,"Millbrook School","PM2.5","Wake",35.856111,-78.574167
"9364",2024-11-30,37,"Millbrook School","PM2.5","Wake",35.856111,-78.574167
"9365",2024-12-01,53,"Millbrook School","PM2.5","Wake",35.856111,-78.574167
"9366",2024-12-02,23,"Millbrook School","PM2.5","Wake",35.856111,-78.574167
"9367",2024-12-03,21,"Millbrook School","PM2.5","Wake",35.856111,-78.574167
"9368",2024-12-04,52,"Millbrook School","PM2.5","Wake",35.856111,-78.574167
"9369",2024-12-05,52,"Millbrook School","PM2.5","Wake",35.856111,-78.574167
"9370",2024-12-06,28,"Millbrook School","PM2.5","Wake",35.856111,-78.574167
"9371",2024-12-07,56,"Millbrook School","PM2.5","Wake",35.856111,-78.574167
"9372",2024-12-08,56,"Millbrook School","PM2.5","Wake",35.856111,-78.574167
"9373",2024-12-09,49,"Millbrook School","PM2.5","Wake",35.856111,-78.574167
"9374",2024-12-10,60,"Millbrook School","PM2.5","Wake",35.856111,-78.574167
"9375",2024-12-11,20,"Millbrook School","PM2.5","Wake",35.856111,-78.574167
"9376",2024-12-12,33,"Millbrook School","PM2.5","Wake",35.856111,-78.574167
"9377",2024-12-13,51,"Millbrook School","PM2.5","Wake",35.856111,-78.574167
"9378",2024-12-14,42,"Millbrook School","PM2.5","Wake",35.856111,-78.574167
"9379",2024-12-15,29,"Millbrook School","PM2.5","Wake",35.856111,-78.574167
"9380",2024-12-16,48,"Millbrook School","PM2.5","Wake",35.856111,-78.574167
"9381",2024-12-17,55,"Millbrook School","PM2.5","Wake",35.856111,-78.574167
"9382",2024-12-18,55,"Millbrook School","PM2.5","Wake",35.856111,-78.574167
"9383",2024-12-19,21,"Millbrook School","PM2.5","Wake",35.856111,-78.574167
"9384",2024-12-20,43,"Millbrook School","PM2.5","Wake",35.856111,-78.574167
"9385",2024-12-21,12,"Millbrook School","PM2.5","Wake",35.856111,-78.574167
"9386",2024-12-22,24,"Millbrook School","PM2.5","Wake",35.856111,-78.574167
"9387",2024-12-23,39,"Millbrook School","PM2.5","Wake",35.856111,-78.574167
"9388",2024-12-24,46,"Millbrook School","PM2.5","Wake",35.856111,-78.574167
"9389",2024-12-25,48,"Millbrook School","PM2.5","Wake",35.856111,-78.574167
"9390",2024-12-26,52,"Millbrook School","PM2.5","Wake",35.856111,-78.574167
"9391",2024-12-27,58,"Millbrook School","PM2.5","Wake",35.856111,-78.574167
"9392",2024-12-28,46,"Millbrook School","PM2.5","Wake",35.856111,-78.574167
"9393",2024-12-29,19,"Millbrook School","PM2.5","Wake",35.856111,-78.574167
"9394",2024-12-30,23,"Millbrook School","PM2.5","Wake",35.856111,-78.574167
"9395",2024-12-31,43,"Millbrook School","PM2.5","Wake",35.856111,-78.574167
"9396",2024-01-01,38,"Triple Oak","PM2.5","Wake",35.8652,-78.8197
"9397",2024-01-02,24,"Triple Oak","PM2.5","Wake",35.8652,-78.8197
"9398",2024-01-03,51,"Triple Oak","PM2.5","Wake",35.8652,-78.8197
"9399",2024-01-04,36,"Triple Oak","PM2.5","Wake",35.8652,-78.8197
"9400",2024-01-05,29,"Triple Oak","PM2.5","Wake",35.8652,-78.8197
"9401",2024-01-06,29,"Triple Oak","PM2.5","Wake",35.8652,-78.8197
"9402",2024-01-07,16,"Triple Oak","PM2.5","Wake",35.8652,-78.8197
"9403",2024-01-08,22,"Triple Oak","PM2.5","Wake",35.8652,-78.8197
"9404",2024-01-09,17,"Triple Oak","PM2.5","Wake",35.8652,-78.8197
"9405",2024-01-10,16,"Triple Oak","PM2.5","Wake",35.8652,-78.8197
"9406",2024-01-11,46,"Triple Oak","PM2.5","Wake",35.8652,-78.8197
"9407",2024-01-12,47,"Triple Oak","PM2.5","Wake",35.8652,-78.8197
"9408",2024-01-13,16,"Triple Oak","PM2.5","Wake",35.8652,-78.8197
"9409",2024-01-14,28,"Triple Oak","PM2.5","Wake",35.8652,-78.8197
"9410",2024-01-15,31,"Triple Oak","PM2.5","Wake",35.8652,-78.8197
"9411",2024-01-16,36,"Triple Oak","PM2.5","Wake",35.8652,-78.8197
"9412",2024-01-17,28,"Triple Oak","PM2.5","Wake",35.8652,-78.8197
"9413",2024-01-18,49,"Triple Oak","PM2.5","Wake",35.8652,-78.8197
"9414",2024-01-19,48,"Triple Oak","PM2.5","Wake",35.8652,-78.8197
"9415",2024-01-20,29,"Triple Oak","PM2.5","Wake",35.8652,-78.8197
"9416",2024-01-21,26,"Triple Oak","PM2.5","Wake",35.8652,-78.8197
"9417",2024-01-22,52,"Triple Oak","PM2.5","Wake",35.8652,-78.8197
"9418",2024-01-23,59,"Triple Oak","PM2.5","Wake",35.8652,-78.8197
"9419",2024-01-24,52,"Triple Oak","PM2.5","Wake",35.8652,-78.8197
"9420",2024-01-25,29,"Triple Oak","PM2.5","Wake",35.8652,-78.8197
"9421",2024-01-26,37,"Triple Oak","PM2.5","Wake",35.8652,-78.8197
"9422",2024-01-27,34,"Triple Oak","PM2.5","Wake",35.8652,-78.8197
"9423",2024-01-28,9,"Triple Oak","PM2.5","Wake",35.8652,-78.8197
"9424",2024-01-29,12,"Triple Oak","PM2.5","Wake",35.8652,-78.8197
"9425",2024-01-30,34,"Triple Oak","PM2.5","Wake",35.8652,-78.8197
"9426",2024-01-31,26,"Triple Oak","PM2.5","Wake",35.8652,-78.8197
"9427",2024-02-01,37,"Triple Oak","PM2.5","Wake",35.8652,-78.8197
"9428",2024-02-02,40,"Triple Oak","PM2.5","Wake",35.8652,-78.8197
"9429",2024-02-03,21,"Triple Oak","PM2.5","Wake",35.8652,-78.8197
"9430",2024-02-04,31,"Triple Oak","PM2.5","Wake",35.8652,-78.8197
"9431",2024-02-05,24,"Triple Oak","PM2.5","Wake",35.8652,-78.8197
"9432",2024-02-06,34,"Triple Oak","PM2.5","Wake",35.8652,-78.8197
"9433",2024-02-07,26,"Triple Oak","PM2.5","Wake",35.8652,-78.8197
"9434",2024-02-08,48,"Triple Oak","PM2.5","Wake",35.8652,-78.8197
"9435",2024-02-09,62,"Triple Oak","PM2.5","Wake",35.8652,-78.8197
"9436",2024-02-10,54,"Triple Oak","PM2.5","Wake",35.8652,-78.8197
"9437",2024-02-11,47,"Triple Oak","PM2.5","Wake",35.8652,-78.8197
"9438",2024-02-12,22,"Triple Oak","PM2.5","Wake",35.8652,-78.8197
"9439",2024-02-13,13,"Triple Oak","PM2.5","Wake",35.8652,-78.8197
"9440",2024-02-14,37,"Triple Oak","PM2.5","Wake",35.8652,-78.8197
"9441",2024-02-15,43,"Triple Oak","PM2.5","Wake",35.8652,-78.8197
"9442",2024-02-16,42,"Triple Oak","PM2.5","Wake",35.8652,-78.8197
"9443",2024-02-17,31,"Triple Oak","PM2.5","Wake",35.8652,-78.8197
"9444",2024-02-18,31,"Triple Oak","PM2.5","Wake",35.8652,-78.8197
"9445",2024-02-19,33,"Triple Oak","PM2.5","Wake",35.8652,-78.8197
"9446",2024-02-20,39,"Triple Oak","PM2.5","Wake",35.8652,-78.8197
"9447",2024-02-21,41,"Triple Oak","PM2.5","Wake",35.8652,-78.8197
"9448",2024-02-22,69,"Triple Oak","PM2.5","Wake",35.8652,-78.8197
"9449",2024-02-23,72,"Triple Oak","PM2.5","Wake",35.8652,-78.8197
"9450",2024-02-24,37,"Triple Oak","PM2.5","Wake",35.8652,-78.8197
"9451",2024-02-25,24,"Triple Oak","PM2.5","Wake",35.8652,-78.8197
"9452",2024-02-26,58,"Triple Oak","PM2.5","Wake",35.8652,-78.8197
"9453",2024-02-27,60,"Triple Oak","PM2.5","Wake",35.8652,-78.8197
"9454",2024-02-28,49,"Triple Oak","PM2.5","Wake",35.8652,-78.8197
"9455",2024-02-29,21,"Triple Oak","PM2.5","Wake",35.8652,-78.8197
"9456",2024-03-01,31,"Triple Oak","PM2.5","Wake",35.8652,-78.8197
"9457",2024-03-02,11,"Triple Oak","PM2.5","Wake",35.8652,-78.8197
"9458",2024-03-03,27,"Triple Oak","PM2.5","Wake",35.8652,-78.8197
"9459",2024-03-04,13,"Triple Oak","PM2.5","Wake",35.8652,-78.8197
"9460",2024-03-05,14,"Triple Oak","PM2.5","Wake",35.8652,-78.8197
"9461",2024-03-06,27,"Triple Oak","PM2.5","Wake",35.8652,-78.8197
"9462",2024-03-07,14,"Triple Oak","PM2.5","Wake",35.8652,-78.8197
"9463",2024-03-08,17,"Triple Oak","PM2.5","Wake",35.8652,-78.8197
"9464",2024-03-09,20,"Triple Oak","PM2.5","Wake",35.8652,-78.8197
"9465",2024-03-10,11,"Triple Oak","PM2.5","Wake",35.8652,-78.8197
"9466",2024-03-11,19,"Triple Oak","PM2.5","Wake",35.8652,-78.8197
"9467",2024-03-12,32,"Triple Oak","PM2.5","Wake",35.8652,-78.8197
"9468",2024-03-13,54,"Triple Oak","PM2.5","Wake",35.8652,-78.8197
"9469",2024-03-14,65,"Triple Oak","PM2.5","Wake",35.8652,-78.8197
"9470",2024-03-15,81,"Triple Oak","PM2.5","Wake",35.8652,-78.8197
"9471",2024-03-16,51,"Triple Oak","PM2.5","Wake",35.8652,-78.8197
"9472",2024-03-17,45,"Triple Oak","PM2.5","Wake",35.8652,-78.8197
"9473",2024-03-18,24,"Triple Oak","PM2.5","Wake",35.8652,-78.8197
"9474",2024-03-19,37,"Triple Oak","PM2.5","Wake",35.8652,-78.8197
"9475",2024-03-20,54,"Triple Oak","PM2.5","Wake",35.8652,-78.8197
"9476",2024-03-21,39,"Triple Oak","PM2.5","Wake",35.8652,-78.8197
"9477",2024-03-22,57,"Triple Oak","PM2.5","Wake",35.8652,-78.8197
"9478",2024-03-23,11,"Triple Oak","PM2.5","Wake",35.8652,-78.8197
"9479",2024-03-24,26,"Triple Oak","PM2.5","Wake",35.8652,-78.8197
"9480",2024-03-25,33,"Triple Oak","PM2.5","Wake",35.8652,-78.8197
"9481",2024-03-26,51,"Triple Oak","PM2.5","Wake",35.8652,-78.8197
"9482",2024-03-27,31,"Triple Oak","PM2.5","Wake",35.8652,-78.8197
"9483",2024-03-28,13,"Triple Oak","PM2.5","Wake",35.8652,-78.8197
"9484",2024-03-29,32,"Triple Oak","PM2.5","Wake",35.8652,-78.8197
"9485",2024-03-30,51,"Triple Oak","PM2.5","Wake",35.8652,-78.8197
"9486",2024-03-31,54,"Triple Oak","PM2.5","Wake",35.8652,-78.8197
"9487",2024-04-01,61,"Triple Oak","PM2.5","Wake",35.8652,-78.8197
"9488",2024-04-02,68,"Triple Oak","PM2.5","Wake",35.8652,-78.8197
"9489",2024-04-03,47,"Triple Oak","PM2.5","Wake",35.8652,-78.8197
"9490",2024-04-04,20,"Triple Oak","PM2.5","Wake",35.8652,-78.8197
"9491",2024-04-05,19,"Triple Oak","PM2.5","Wake",35.8652,-78.8197
"9492",2024-04-06,15,"Triple Oak","PM2.5","Wake",35.8652,-78.8197
"9493",2024-04-07,25,"Triple Oak","PM2.5","Wake",35.8652,-78.8197
"9494",2024-04-08,55,"Triple Oak","PM2.5","Wake",35.8652,-78.8197
"9495",2024-04-09,55,"Triple Oak","PM2.5","Wake",35.8652,-78.8197
"9496",2024-04-10,55,"Triple Oak","PM2.5","Wake",35.8652,-78.8197
"9497",2024-04-11,30,"Triple Oak","PM2.5","Wake",35.8652,-78.8197
"9498",2024-04-12,14,"Triple Oak","PM2.5","Wake",35.8652,-78.8197
"9499",2024-04-13,20,"Triple Oak","PM2.5","Wake",35.8652,-78.8197
"9500",2024-04-14,43,"Triple Oak","PM2.5","Wake",35.8652,-78.8197
"9501",2024-04-15,61,"Triple Oak","PM2.5","Wake",35.8652,-78.8197
"9502",2024-04-16,60,"Triple Oak","PM2.5","Wake",35.8652,-78.8197
"9503",2024-04-17,63,"Triple Oak","PM2.5","Wake",35.8652,-78.8197
"9504",2024-04-18,52,"Triple Oak","PM2.5","Wake",35.8652,-78.8197
"9505",2024-04-19,60,"Triple Oak","PM2.5","Wake",35.8652,-78.8197
"9506",2024-04-20,54,"Triple Oak","PM2.5","Wake",35.8652,-78.8197
"9507",2024-04-21,27,"Triple Oak","PM2.5","Wake",35.8652,-78.8197
"9508",2024-04-22,25,"Triple Oak","PM2.5","Wake",35.8652,-78.8197
"9509",2024-04-23,50,"Triple Oak","PM2.5","Wake",35.8652,-78.8197
"9510",2024-04-24,54,"Triple Oak","PM2.5","Wake",35.8652,-78.8197
"9511",2024-04-25,48,"Triple Oak","PM2.5","Wake",35.8652,-78.8197
"9512",2024-04-26,40,"Triple Oak","PM2.5","Wake",35.8652,-78.8197
"9513",2024-04-27,33,"Triple Oak","PM2.5","Wake",35.8652,-78.8197
"9514",2024-04-28,43,"Triple Oak","PM2.5","Wake",35.8652,-78.8197
"9515",2024-04-29,56,"Triple Oak","PM2.5","Wake",35.8652,-78.8197
"9516",2024-04-30,48,"Triple Oak","PM2.5","Wake",35.8652,-78.8197
"9517",2024-05-01,49,"Triple Oak","PM2.5","Wake",35.8652,-78.8197
"9518",2024-05-02,52,"Triple Oak","PM2.5","Wake",35.8652,-78.8197
"9519",2024-05-03,59,"Triple Oak","PM2.5","Wake",35.8652,-78.8197
"9520",2024-05-04,53,"Triple Oak","PM2.5","Wake",35.8652,-78.8197
"9521",2024-05-05,34,"Triple Oak","PM2.5","Wake",35.8652,-78.8197
"9522",2024-05-06,38,"Triple Oak","PM2.5","Wake",35.8652,-78.8197
"9523",2024-05-07,50,"Triple Oak","PM2.5","Wake",35.8652,-78.8197
"9524",2024-05-08,58,"Triple Oak","PM2.5","Wake",35.8652,-78.8197
"9525",2024-05-09,29,"Triple Oak","PM2.5","Wake",35.8652,-78.8197
"9526",2024-05-10,27,"Triple Oak","PM2.5","Wake",35.8652,-78.8197
"9527",2024-05-11,22,"Triple Oak","PM2.5","Wake",35.8652,-78.8197
"9528",2024-05-12,28,"Triple Oak","PM2.5","Wake",35.8652,-78.8197
"9529",2024-05-13,34,"Triple Oak","PM2.5","Wake",35.8652,-78.8197
"9530",2024-05-14,28,"Triple Oak","PM2.5","Wake",35.8652,-78.8197
"9531",2024-05-15,18,"Triple Oak","PM2.5","Wake",35.8652,-78.8197
"9532",2024-05-16,20,"Triple Oak","PM2.5","Wake",35.8652,-78.8197
"9533",2024-05-17,42,"Triple Oak","PM2.5","Wake",35.8652,-78.8197
"9534",2024-05-18,26,"Triple Oak","PM2.5","Wake",35.8652,-78.8197
"9535",2024-05-19,22,"Triple Oak","PM2.5","Wake",35.8652,-78.8197
"9536",2024-05-20,34,"Triple Oak","PM2.5","Wake",35.8652,-78.8197
"9537",2024-05-21,36,"Triple Oak","PM2.5","Wake",35.8652,-78.8197
"9538",2024-05-22,50,"Triple Oak","PM2.5","Wake",35.8652,-78.8197
"9539",2024-05-23,51,"Triple Oak","PM2.5","Wake",35.8652,-78.8197
"9540",2024-05-24,41,"Triple Oak","PM2.5","Wake",35.8652,-78.8197
"9541",2024-05-25,40,"Triple Oak","PM2.5","Wake",35.8652,-78.8197
"9542",2024-05-26,49,"Triple Oak","PM2.5","Wake",35.8652,-78.8197
"9543",2024-05-27,46,"Triple Oak","PM2.5","Wake",35.8652,-78.8197
"9544",2024-05-28,39,"Triple Oak","PM2.5","Wake",35.8652,-78.8197
"9545",2024-05-29,29,"Triple Oak","PM2.5","Wake",35.8652,-78.8197
"9546",2024-05-30,24,"Triple Oak","PM2.5","Wake",35.8652,-78.8197
"9547",2024-05-31,27,"Triple Oak","PM2.5","Wake",35.8652,-78.8197
"9548",2024-06-01,43,"Triple Oak","PM2.5","Wake",35.8652,-78.8197
"9549",2024-06-02,38,"Triple Oak","PM2.5","Wake",35.8652,-78.8197
"9550",2024-06-03,49,"Triple Oak","PM2.5","Wake",35.8652,-78.8197
"9551",2024-06-04,52,"Triple Oak","PM2.5","Wake",35.8652,-78.8197
"9552",2024-06-05,53,"Triple Oak","PM2.5","Wake",35.8652,-78.8197
"9553",2024-06-06,47,"Triple Oak","PM2.5","Wake",35.8652,-78.8197
"9554",2024-06-07,39,"Triple Oak","PM2.5","Wake",35.8652,-78.8197
"9555",2024-06-08,36,"Triple Oak","PM2.5","Wake",35.8652,-78.8197
"9556",2024-06-09,47,"Triple Oak","PM2.5","Wake",35.8652,-78.8197
"9557",2024-06-10,27,"Triple Oak","PM2.5","Wake",35.8652,-78.8197
"9558",2024-06-11,39,"Triple Oak","PM2.5","Wake",35.8652,-78.8197
"9559",2024-06-12,52,"Triple Oak","PM2.5","Wake",35.8652,-78.8197
"9560",2024-06-13,52,"Triple Oak","PM2.5","Wake",35.8652,-78.8197
"9561",2024-06-14,59,"Triple Oak","PM2.5","Wake",35.8652,-78.8197
"9562",2024-06-15,51,"Triple Oak","PM2.5","Wake",35.8652,-78.8197
"9563",2024-06-16,48,"Triple Oak","PM2.5","Wake",35.8652,-78.8197
"9564",2024-06-17,54,"Triple Oak","PM2.5","Wake",35.8652,-78.8197
"9565",2024-06-18,41,"Triple Oak","PM2.5","Wake",35.8652,-78.8197
"9566",2024-06-19,42,"Triple Oak","PM2.5","Wake",35.8652,-78.8197
"9567",2024-06-20,44,"Triple Oak","PM2.5","Wake",35.8652,-78.8197
"9568",2024-06-21,43,"Triple Oak","PM2.5","Wake",35.8652,-78.8197
"9569",2024-06-22,34,"Triple Oak","PM2.5","Wake",35.8652,-78.8197
"9570",2024-06-23,39,"Triple Oak","PM2.5","Wake",35.8652,-78.8197
"9571",2024-06-24,45,"Triple Oak","PM2.5","Wake",35.8652,-78.8197
"9572",2024-06-25,50,"Triple Oak","PM2.5","Wake",35.8652,-78.8197
"9573",2024-06-26,57,"Triple Oak","PM2.5","Wake",35.8652,-78.8197
"9574",2024-06-27,53,"Triple Oak","PM2.5","Wake",35.8652,-78.8197
"9575",2024-06-28,52,"Triple Oak","PM2.5","Wake",35.8652,-78.8197
"9576",2024-06-29,54,"Triple Oak","PM2.5","Wake",35.8652,-78.8197
"9577",2024-06-30,43,"Triple Oak","PM2.5","Wake",35.8652,-78.8197
"9578",2024-07-01,28,"Triple Oak","PM2.5","Wake",35.8652,-78.8197
"9579",2024-07-02,29,"Triple Oak","PM2.5","Wake",35.8652,-78.8197
"9580",2024-07-03,51,"Triple Oak","PM2.5","Wake",35.8652,-78.8197
"9581",2024-07-04,54,"Triple Oak","PM2.5","Wake",35.8652,-78.8197
"9582",2024-07-05,60,"Triple Oak","PM2.5","Wake",35.8652,-78.8197
"9583",2024-07-06,51,"Triple Oak","PM2.5","Wake",35.8652,-78.8197
"9584",2024-07-07,52,"Triple Oak","PM2.5","Wake",35.8652,-78.8197
"9585",2024-07-08,44,"Triple Oak","PM2.5","Wake",35.8652,-78.8197
"9586",2024-07-09,48,"Triple Oak","PM2.5","Wake",35.8652,-78.8197
"9587",2024-07-10,56,"Triple Oak","PM2.5","Wake",35.8652,-78.8197
"9588",2024-07-11,34,"Triple Oak","PM2.5","Wake",35.8652,-78.8197
"9589",2024-07-12,29,"Triple Oak","PM2.5","Wake",35.8652,-78.8197
"9590",2024-07-13,29,"Triple Oak","PM2.5","Wake",35.8652,-78.8197
"9591",2024-07-14,55,"Triple Oak","PM2.5","Wake",35.8652,-78.8197
"9592",2024-07-15,63,"Triple Oak","PM2.5","Wake",35.8652,-78.8197
"9593",2024-07-16,64,"Triple Oak","PM2.5","Wake",35.8652,-78.8197
"9594",2024-07-17,57,"Triple Oak","PM2.5","Wake",35.8652,-78.8197
"9595",2024-07-18,52,"Triple Oak","PM2.5","Wake",35.8652,-78.8197
"9596",2024-07-19,48,"Triple Oak","PM2.5","Wake",35.8652,-78.8197
"9597",2024-07-20,30,"Triple Oak","PM2.5","Wake",35.8652,-78.8197
"9598",2024-07-21,34,"Triple Oak","PM2.5","Wake",35.8652,-78.8197
"9599",2024-07-22,29,"Triple Oak","PM2.5","Wake",35.8652,-78.8197
"9600",2024-07-23,41,"Triple Oak","PM2.5","Wake",35.8652,-78.8197
"9601",2024-07-24,31,"Triple Oak","PM2.5","Wake",35.8652,-78.8197
"9602",2024-07-25,27,"Triple Oak","PM2.5","Wake",35.8652,-78.8197
"9603",2024-07-26,47,"Triple Oak","PM2.5","Wake",35.8652,-78.8197
"9604",2024-07-27,52,"Triple Oak","PM2.5","Wake",35.8652,-78.8197
"9605",2024-07-28,52,"Triple Oak","PM2.5","Wake",35.8652,-78.8197
"9606",2024-07-29,55,"Triple Oak","PM2.5","Wake",35.8652,-78.8197
"9607",2024-07-30,57,"Triple Oak","PM2.5","Wake",35.8652,-78.8197
"9608",2024-07-31,49,"Triple Oak","PM2.5","Wake",35.8652,-78.8197
"9609",2024-08-01,55,"Triple Oak","PM2.5","Wake",35.8652,-78.8197
"9610",2024-08-02,56,"Triple Oak","PM2.5","Wake",35.8652,-78.8197
"9611",2024-08-03,57,"Triple Oak","PM2.5","Wake",35.8652,-78.8197
"9612",2024-08-04,46,"Triple Oak","PM2.5","Wake",35.8652,-78.8197
"9613",2024-08-05,38,"Triple Oak","PM2.5","Wake",35.8652,-78.8197
"9614",2024-08-06,23,"Triple Oak","PM2.5","Wake",35.8652,-78.8197
"9615",2024-08-07,23,"Triple Oak","PM2.5","Wake",35.8652,-78.8197
"9616",2024-08-08,22,"Triple Oak","PM2.5","Wake",35.8652,-78.8197
"9617",2024-08-09,24,"Triple Oak","PM2.5","Wake",35.8652,-78.8197
"9618",2024-08-10,52,"Triple Oak","PM2.5","Wake",35.8652,-78.8197
"9619",2024-08-11,52,"Triple Oak","PM2.5","Wake",35.8652,-78.8197
"9620",2024-08-12,55,"Triple Oak","PM2.5","Wake",35.8652,-78.8197
"9621",2024-08-13,56,"Triple Oak","PM2.5","Wake",35.8652,-78.8197
"9622",2024-08-14,48,"Triple Oak","PM2.5","Wake",35.8652,-78.8197
"9623",2024-08-15,52,"Triple Oak","PM2.5","Wake",35.8652,-78.8197
"9624",2024-08-16,58,"Triple Oak","PM2.5","Wake",35.8652,-78.8197
"9625",2024-08-17,62,"Triple Oak","PM2.5","Wake",35.8652,-78.8197
"9626",2024-08-18,52,"Triple Oak","PM2.5","Wake",35.8652,-78.8197
"9627",2024-08-19,29,"Triple Oak","PM2.5","Wake",35.8652,-78.8197
"9628",2024-08-20,28,"Triple Oak","PM2.5","Wake",35.8652,-78.8197
"9629",2024-08-21,27,"Triple Oak","PM2.5","Wake",35.8652,-78.8197
"9630",2024-08-22,38,"Triple Oak","PM2.5","Wake",35.8652,-78.8197
"9631",2024-08-23,44,"Triple Oak","PM2.5","Wake",35.8652,-78.8197
"9632",2024-08-24,41,"Triple Oak","PM2.5","Wake",35.8652,-78.8197
"9633",2024-08-25,53,"Triple Oak","PM2.5","Wake",35.8652,-78.8197
"9634",2024-08-26,59,"Triple Oak","PM2.5","Wake",35.8652,-78.8197
"9635",2024-08-27,74,"Triple Oak","PM2.5","Wake",35.8652,-78.8197
"9636",2024-08-28,73,"Triple Oak","PM2.5","Wake",35.8652,-78.8197
"9637",2024-08-29,66,"Triple Oak","PM2.5","Wake",35.8652,-78.8197
"9638",2024-08-30,57,"Triple Oak","PM2.5","Wake",35.8652,-78.8197
"9639",2024-08-31,55,"Triple Oak","PM2.5","Wake",35.8652,-78.8197
"9640",2024-09-01,49,"Triple Oak","PM2.5","Wake",35.8652,-78.8197
"9641",2024-09-02,39,"Triple Oak","PM2.5","Wake",35.8652,-78.8197
"9642",2024-09-03,18,"Triple Oak","PM2.5","Wake",35.8652,-78.8197
"9643",2024-09-04,28,"Triple Oak","PM2.5","Wake",35.8652,-78.8197
"9644",2024-09-05,26,"Triple Oak","PM2.5","Wake",35.8652,-78.8197
"9645",2024-09-06,29,"Triple Oak","PM2.5","Wake",35.8652,-78.8197
"9646",2024-09-07,40,"Triple Oak","PM2.5","Wake",35.8652,-78.8197
"9647",2024-09-08,18,"Triple Oak","PM2.5","Wake",35.8652,-78.8197
"9648",2024-09-09,37,"Triple Oak","PM2.5","Wake",35.8652,-78.8197
"9649",2024-09-10,46,"Triple Oak","PM2.5","Wake",35.8652,-78.8197
"9650",2024-09-11,52,"Triple Oak","PM2.5","Wake",35.8652,-78.8197
"9651",2024-09-12,45,"Triple Oak","PM2.5","Wake",35.8652,-78.8197
"9652",2024-09-13,37,"Triple Oak","PM2.5","Wake",35.8652,-78.8197
"9653",2024-09-14,32,"Triple Oak","PM2.5","Wake",35.8652,-78.8197
"9654",2024-09-15,38,"Triple Oak","PM2.5","Wake",35.8652,-78.8197
"9655",2024-09-16,28,"Triple Oak","PM2.5","Wake",35.8652,-78.8197
"9656",2024-09-17,33,"Triple Oak","PM2.5","Wake",35.8652,-78.8197
"9657",2024-09-18,38,"Triple Oak","PM2.5","Wake",35.8652,-78.8197
"9658",2024-09-19,17,"Triple Oak","PM2.5","Wake",35.8652,-78.8197
"9659",2024-09-20,43,"Triple Oak","PM2.5","Wake",35.8652,-78.8197
"9660",2024-09-21,44,"Triple Oak","PM2.5","Wake",35.8652,-78.8197
"9661",2024-09-22,39,"Triple Oak","PM2.5","Wake",35.8652,-78.8197
"9662",2024-09-23,49,"Triple Oak","PM2.5","Wake",35.8652,-78.8197
"9663",2024-09-24,52,"Triple Oak","PM2.5","Wake",35.8652,-78.8197
"9664",2024-09-25,44,"Triple Oak","PM2.5","Wake",35.8652,-78.8197
"9665",2024-09-26,28,"Triple Oak","PM2.5","Wake",35.8652,-78.8197
"9666",2024-09-27,33,"Triple Oak","PM2.5","Wake",35.8652,-78.8197
"9667",2024-09-28,49,"Triple Oak","PM2.5","Wake",35.8652,-78.8197
"9668",2024-09-29,54,"Triple Oak","PM2.5","Wake",35.8652,-78.8197
"9669",2024-09-30,55,"Triple Oak","PM2.5","Wake",35.8652,-78.8197
"9670",2024-10-01,23,"Triple Oak","PM2.5","Wake",35.8652,-78.8197
"9671",2024-10-03,32,"Triple Oak","PM2.5","Wake",35.8652,-78.8197
"9672",2024-10-04,32,"Triple Oak","PM2.5","Wake",35.8652,-78.8197
"9673",2024-10-05,44,"Triple Oak","PM2.5","Wake",35.8652,-78.8197
"9674",2024-10-06,51,"Triple Oak","PM2.5","Wake",35.8652,-78.8197
"9675",2024-10-07,52,"Triple Oak","PM2.5","Wake",35.8652,-78.8197
"9676",2024-10-08,38,"Triple Oak","PM2.5","Wake",35.8652,-78.8197
"9677",2024-10-09,32,"Triple Oak","PM2.5","Wake",35.8652,-78.8197
"9678",2024-10-10,13,"Triple Oak","PM2.5","Wake",35.8652,-78.8197
"9679",2024-10-11,24,"Triple Oak","PM2.5","Wake",35.8652,-78.8197
"9680",2024-10-12,44,"Triple Oak","PM2.5","Wake",35.8652,-78.8197
"9681",2024-10-13,49,"Triple Oak","PM2.5","Wake",35.8652,-78.8197
"9682",2024-10-14,51,"Triple Oak","PM2.5","Wake",35.8652,-78.8197
"9683",2024-10-15,28,"Triple Oak","PM2.5","Wake",35.8652,-78.8197
"9684",2024-10-24,51,"Triple Oak","PM2.5","Wake",35.8652,-78.8197
"9685",2024-10-25,46,"Triple Oak","PM2.5","Wake",35.8652,-78.8197
"9686",2024-10-26,52,"Triple Oak","PM2.5","Wake",35.8652,-78.8197
"9687",2024-10-27,37,"Triple Oak","PM2.5","Wake",35.8652,-78.8197
"9688",2024-10-28,45,"Triple Oak","PM2.5","Wake",35.8652,-78.8197
"9689",2024-10-29,49,"Triple Oak","PM2.5","Wake",35.8652,-78.8197
"9690",2024-10-30,52,"Triple Oak","PM2.5","Wake",35.8652,-78.8197
"9691",2024-10-31,48,"Triple Oak","PM2.5","Wake",35.8652,-78.8197
"9692",2024-11-01,46,"Triple Oak","PM2.5","Wake",35.8652,-78.8197
"9693",2024-11-02,37,"Triple Oak","PM2.5","Wake",35.8652,-78.8197
"9694",2024-11-03,36,"Triple Oak","PM2.5","Wake",35.8652,-78.8197
"9695",2024-11-04,29,"Triple Oak","PM2.5","Wake",35.8652,-78.8197
"9696",2024-11-05,40,"Triple Oak","PM2.5","Wake",35.8652,-78.8197
"9697",2024-11-06,41,"Triple Oak","PM2.5","Wake",35.8652,-78.8197
"9698",2024-11-07,57,"Triple Oak","PM2.5","Wake",35.8652,-78.8197
"9699",2024-11-08,60,"Triple Oak","PM2.5","Wake",35.8652,-78.8197
"9700",2024-11-09,24,"Triple Oak","PM2.5","Wake",35.8652,-78.8197
"9701",2024-11-10,30,"Triple Oak","PM2.5","Wake",35.8652,-78.8197
"9702",2024-11-11,53,"Triple Oak","PM2.5","Wake",35.8652,-78.8197
"9703",2024-11-12,23,"Triple Oak","PM2.5","Wake",35.8652,-78.8197
"9704",2024-11-13,19,"Triple Oak","PM2.5","Wake",35.8652,-78.8197
"9705",2024-11-14,23,"Triple Oak","PM2.5","Wake",35.8652,-78.8197
"9706",2024-11-15,12,"Triple Oak","PM2.5","Wake",35.8652,-78.8197
"9707",2024-11-16,14,"Triple Oak","PM2.5","Wake",35.8652,-78.8197
"9708",2024-11-17,42,"Triple Oak","PM2.5","Wake",35.8652,-78.8197
"9709",2024-11-18,51,"Triple Oak","PM2.5","Wake",35.8652,-78.8197
"9710",2024-11-19,58,"Triple Oak","PM2.5","Wake",35.8652,-78.8197
"9711",2024-11-20,52,"Triple Oak","PM2.5","Wake",35.8652,-78.8197
"9712",2024-11-21,14,"Triple Oak","PM2.5","Wake",35.8652,-78.8197
"9713",2024-11-22,14,"Triple Oak","PM2.5","Wake",35.8652,-78.8197
"9714",2024-11-23,7,"Triple Oak","PM2.5","Wake",35.8652,-78.8197
"9715",2024-11-24,23,"Triple Oak","PM2.5","Wake",35.8652,-78.8197
"9716",2024-11-25,55,"Triple Oak","PM2.5","Wake",35.8652,-78.8197
"9717",2024-11-26,47,"Triple Oak","PM2.5","Wake",35.8652,-78.8197
"9718",2024-11-27,25,"Triple Oak","PM2.5","Wake",35.8652,-78.8197
"9719",2024-11-28,32,"Triple Oak","PM2.5","Wake",35.8652,-78.8197
"9720",2024-11-29,21,"Triple Oak","PM2.5","Wake",35.8652,-78.8197
"9721",2024-11-30,26,"Triple Oak","PM2.5","Wake",35.8652,-78.8197
"9722",2024-12-01,41,"Triple Oak","PM2.5","Wake",35.8652,-78.8197
"9723",2024-12-02,23,"Triple Oak","PM2.5","Wake",35.8652,-78.8197
"9724",2024-12-03,27,"Triple Oak","PM2.5","Wake",35.8652,-78.8197
"9725",2024-12-04,51,"Triple Oak","PM2.5","Wake",35.8652,-78.8197
"9726",2024-12-05,48,"Triple Oak","PM2.5","Wake",35.8652,-78.8197
"9727",2024-12-06,32,"Triple Oak","PM2.5","Wake",35.8652,-78.8197
"9728",2024-12-07,42,"Triple Oak","PM2.5","Wake",35.8652,-78.8197
"9729",2024-12-08,57,"Triple Oak","PM2.5","Wake",35.8652,-78.8197
"9730",2024-12-09,51,"Triple Oak","PM2.5","Wake",35.8652,-78.8197
"9731",2024-12-10,57,"Triple Oak","PM2.5","Wake",35.8652,-78.8197
"9732",2024-12-11,13,"Triple Oak","PM2.5","Wake",35.8652,-78.8197
"9733",2024-12-12,26,"Triple Oak","PM2.5","Wake",35.8652,-78.8197
"9734",2024-12-13,43,"Triple Oak","PM2.5","Wake",35.8652,-78.8197
"9735",2024-12-14,43,"Triple Oak","PM2.5","Wake",35.8652,-78.8197
"9736",2024-12-15,23,"Triple Oak","PM2.5","Wake",35.8652,-78.8197
"9737",2024-12-16,26,"Triple Oak","PM2.5","Wake",35.8652,-78.8197
"9738",2024-12-17,52,"Triple Oak","PM2.5","Wake",35.8652,-78.8197
"9739",2024-12-18,52,"Triple Oak","PM2.5","Wake",35.8652,-78.8197
"9740",2024-12-19,4,"Triple Oak","PM2.5","Wake",35.8652,-78.8197
"9741",2024-12-20,26,"Triple Oak","PM2.5","Wake",35.8652,-78.8197
"9742",2024-12-21,9,"Triple Oak","PM2.5","Wake",35.8652,-78.8197
"9743",2024-12-22,26,"Triple Oak","PM2.5","Wake",35.8652,-78.8197
"9744",2024-12-23,39,"Triple Oak","PM2.5","Wake",35.8652,-78.8197
"9745",2024-12-24,50,"Triple Oak","PM2.5","Wake",35.8652,-78.8197
"9746",2024-12-25,40,"Triple Oak","PM2.5","Wake",35.8652,-78.8197
"9747",2024-12-26,42,"Triple Oak","PM2.5","Wake",35.8652,-78.8197
"9748",2024-12-27,53,"Triple Oak","PM2.5","Wake",35.8652,-78.8197
"9749",2024-12-28,45,"Triple Oak","PM2.5","Wake",35.8652,-78.8197
"9750",2024-12-29,16,"Triple Oak","PM2.5","Wake",35.8652,-78.8197
"9751",2024-12-30,13,"Triple Oak","PM2.5","Wake",35.8652,-78.8197
"9752",2024-12-31,31,"Triple Oak","PM2.5","Wake",35.8652,-78.8197
