"","Date","Daily.AQI.Value","Local.Site.Name","AQS.Parameter.Description","County","Site.Latitude","Site.Longitude"
"1",2024-03-01,26,"Taylorsville Liledoun","Ozone","Alexander",35.9138000008966,-81.191
"2",2024-03-02,34,"Taylorsville Liledoun","Ozone","Alexander",35.9138000008966,-81.191
"3",2024-03-03,35,"Taylorsville Liledoun","Ozone","Alexander",35.9138000008966,-81.191
"4",2024-03-04,37,"Taylorsville Liledoun","Ozone","Alexander",35.9138000008966,-81.191
"5",2024-03-05,42,"Taylorsville Liledoun","Ozone","Alexander",35.9138000008966,-81.191
"6",2024-03-06,32,"Taylorsville Liledoun","Ozone","Alexander",35.9138000008966,-81.191
"7",2024-03-07,38,"Taylorsville Liledoun","Ozone","Alexander",35.9138000008966,-81.191
"8",2024-03-08,28,"Taylorsville Liledoun","Ozone","Alexander",35.9138000008966,-81.191
"9",2024-03-09,25,"Taylorsville Liledoun","Ozone","Alexander",35.9138000008966,-81.191
"10",2024-03-10,40,"Taylorsville Liledoun","Ozone","Alexander",35.9138000008966,-81.191
"11",2024-03-11,44,"Taylorsville Liledoun","Ozone","Alexander",35.9138000008966,-81.191
"12",2024-03-12,44,"Taylorsville Liledoun","Ozone","Alexander",35.9138000008966,-81.191
"13",2024-03-13,54,"Taylorsville Liledoun","Ozone","Alexander",35.9138000008966,-81.191
"14",2024-03-14,87,"Taylorsville Liledoun","Ozone","Alexander",35.9138000008966,-81.191
"15",2024-03-15,35,"Taylorsville Liledoun","Ozone","Alexander",35.9138000008966,-81.191
"16",2024-03-16,43,"Taylorsville Liledoun","Ozone","Alexander",35.9138000008966,-81.191
"17",2024-03-17,43,"Taylorsville Liledoun","Ozone","Alexander",35.9138000008966,-81.191
"18",2024-03-18,43,"Taylorsville Liledoun","Ozone","Alexander",35.9138000008966,-81.191
"19",2024-03-19,39,"Taylorsville Liledoun","Ozone","Alexander",35.9138000008966,-81.191
"20",2024-03-20,46,"Taylorsville Liledoun","Ozone","Alexander",35.9138000008966,-81.191
"21",2024-03-21,48,"Taylorsville Liledoun","Ozone","Alexander",35.9138000008966,-81.191
"22",2024-03-22,36,"Taylorsville Liledoun","Ozone","Alexander",35.9138000008966,-81.191
"23",2024-03-23,43,"Taylorsville Liledoun","Ozone","Alexander",35.9138000008966,-81.191
"24",2024-03-24,45,"Taylorsville Liledoun","Ozone","Alexander",35.9138000008966,-81.191
"25",2024-03-25,47,"Taylorsville Liledoun","Ozone","Alexander",35.9138000008966,-81.191
"26",2024-03-26,35,"Taylorsville Liledoun","Ozone","Alexander",35.9138000008966,-81.191
"27",2024-03-27,31,"Taylorsville Liledoun","Ozone","Alexander",35.9138000008966,-81.191
"28",2024-03-28,45,"Taylorsville Liledoun","Ozone","Alexander",35.9138000008966,-81.191
"29",2024-03-29,49,"Taylorsville Liledoun","Ozone","Alexander",35.9138000008966,-81.191
"30",2024-03-30,51,"Taylorsville Liledoun","Ozone","Alexander",35.9138000008966,-81.191
"31",2024-03-31,50,"Taylorsville Liledoun","Ozone","Alexander",35.9138000008966,-81.191
"32",2024-04-01,46,"Taylorsville Liledoun","Ozone","Alexander",35.9138000008966,-81.191
"33",2024-04-02,48,"Taylorsville Liledoun","Ozone","Alexander",35.9138000008966,-81.191
"34",2024-04-03,44,"Taylorsville Liledoun","Ozone","Alexander",35.9138000008966,-81.191
"35",2024-04-04,39,"Taylorsville Liledoun","Ozone","Alexander",35.9138000008966,-81.191
"36",2024-04-05,35,"Taylorsville Liledoun","Ozone","Alexander",35.9138000008966,-81.191
"37",2024-04-06,44,"Taylorsville Liledoun","Ozone","Alexander",35.9138000008966,-81.191
"38",2024-04-07,44,"Taylorsville Liledoun","Ozone","Alexander",35.9138000008966,-81.191
"39",2024-04-08,48,"Taylorsville Liledoun","Ozone","Alexander",35.9138000008966,-81.191
"40",2024-04-09,38,"Taylorsville Liledoun","Ozone","Alexander",35.9138000008966,-81.191
"41",2024-04-10,31,"Taylorsville Liledoun","Ozone","Alexander",35.9138000008966,-81.191
"42",2024-04-11,39,"Taylorsville Liledoun","Ozone","Alexander",35.9138000008966,-81.191
"43",2024-04-12,45,"Taylorsville Liledoun","Ozone","Alexander",35.9138000008966,-81.191
"44",2024-04-13,49,"Taylorsville Liledoun","Ozone","Alexander",35.9138000008966,-81.191
"45",2024-04-14,58,"Taylorsville Liledoun","Ozone","Alexander",35.9138000008966,-81.191
"46",2024-04-15,67,"Taylorsville Liledoun","Ozone","Alexander",35.9138000008966,-81.191
"47",2024-04-16,58,"Taylorsville Liledoun","Ozone","Alexander",35.9138000008966,-81.191
"48",2024-04-17,61,"Taylorsville Liledoun","Ozone","Alexander",35.9138000008966,-81.191
"49",2024-04-18,46,"Taylorsville Liledoun","Ozone","Alexander",35.9138000008966,-81.191
"50",2024-04-19,43,"Taylorsville Liledoun","Ozone","Alexander",35.9138000008966,-81.191
"51",2024-04-20,38,"Taylorsville Liledoun","Ozone","Alexander",35.9138000008966,-81.191
"52",2024-04-21,33,"Taylorsville Liledoun","Ozone","Alexander",35.9138000008966,-81.191
"53",2024-04-22,41,"Taylorsville Liledoun","Ozone","Alexander",35.9138000008966,-81.191
"54",2024-04-23,51,"Taylorsville Liledoun","Ozone","Alexander",35.9138000008966,-81.191
"55",2024-04-24,45,"Taylorsville Liledoun","Ozone","Alexander",35.9138000008966,-81.191
"56",2024-04-25,51,"Taylorsville Liledoun","Ozone","Alexander",35.9138000008966,-81.191
"57",2024-04-26,40,"Taylorsville Liledoun","Ozone","Alexander",35.9138000008966,-81.191
"58",2024-04-27,46,"Taylorsville Liledoun","Ozone","Alexander",35.9138000008966,-81.191
"59",2024-04-28,44,"Taylorsville Liledoun","Ozone","Alexander",35.9138000008966,-81.191
"60",2024-04-29,50,"Taylorsville Liledoun","Ozone","Alexander",35.9138000008966,-81.191
"61",2024-04-30,40,"Taylorsville Liledoun","Ozone","Alexander",35.9138000008966,-81.191
"62",2024-05-01,46,"Taylorsville Liledoun","Ozone","Alexander",35.9138000008966,-81.191
"63",2024-05-02,80,"Taylorsville Liledoun","Ozone","Alexander",35.9138000008966,-81.191
"64",2024-05-03,41,"Taylorsville Liledoun","Ozone","Alexander",35.9138000008966,-81.191
"65",2024-05-04,34,"Taylorsville Liledoun","Ozone","Alexander",35.9138000008966,-81.191
"66",2024-05-05,26,"Taylorsville Liledoun","Ozone","Alexander",35.9138000008966,-81.191
"67",2024-05-06,37,"Taylorsville Liledoun","Ozone","Alexander",35.9138000008966,-81.191
"68",2024-05-07,34,"Taylorsville Liledoun","Ozone","Alexander",35.9138000008966,-81.191
"69",2024-05-08,31,"Taylorsville Liledoun","Ozone","Alexander",35.9138000008966,-81.191
"70",2024-05-09,35,"Taylorsville Liledoun","Ozone","Alexander",35.9138000008966,-81.191
"71",2024-05-10,44,"Taylorsville Liledoun","Ozone","Alexander",35.9138000008966,-81.191
"72",2024-05-11,39,"Taylorsville Liledoun","Ozone","Alexander",35.9138000008966,-81.191
"73",2024-05-12,47,"Taylorsville Liledoun","Ozone","Alexander",35.9138000008966,-81.191
"74",2024-05-13,43,"Taylorsville Liledoun","Ozone","Alexander",35.9138000008966,-81.191
"75",2024-05-14,26,"Taylorsville Liledoun","Ozone","Alexander",35.9138000008966,-81.191
"76",2024-05-15,26,"Taylorsville Liledoun","Ozone","Alexander",35.9138000008966,-81.191
"77",2024-05-16,37,"Taylorsville Liledoun","Ozone","Alexander",35.9138000008966,-81.191
"78",2024-05-17,39,"Taylorsville Liledoun","Ozone","Alexander",35.9138000008966,-81.191
"79",2024-05-18,33,"Taylorsville Liledoun","Ozone","Alexander",35.9138000008966,-81.191
"80",2024-05-19,32,"Taylorsville Liledoun","Ozone","Alexander",35.9138000008966,-81.191
"81",2024-05-20,40,"Taylorsville Liledoun","Ozone","Alexander",35.9138000008966,-81.191
"82",2024-05-21,48,"Taylorsville Liledoun","Ozone","Alexander",35.9138000008966,-81.191
"83",2024-05-22,46,"Taylorsville Liledoun","Ozone","Alexander",35.9138000008966,-81.191
"84",2024-05-23,41,"Taylorsville Liledoun","Ozone","Alexander",35.9138000008966,-81.191
"85",2024-05-24,44,"Taylorsville Liledoun","Ozone","Alexander",35.9138000008966,-81.191
"86",2024-05-25,40,"Taylorsville Liledoun","Ozone","Alexander",35.9138000008966,-81.191
"87",2024-05-26,44,"Taylorsville Liledoun","Ozone","Alexander",35.9138000008966,-81.191
"88",2024-05-27,41,"Taylorsville Liledoun","Ozone","Alexander",35.9138000008966,-81.191
"89",2024-05-28,45,"Taylorsville Liledoun","Ozone","Alexander",35.9138000008966,-81.191
"90",2024-05-29,47,"Taylorsville Liledoun","Ozone","Alexander",35.9138000008966,-81.191
"91",2024-05-30,40,"Taylorsville Liledoun","Ozone","Alexander",35.9138000008966,-81.191
"92",2024-05-31,48,"Taylorsville Liledoun","Ozone","Alexander",35.9138000008966,-81.191
"93",2024-06-01,64,"Taylorsville Liledoun","Ozone","Alexander",35.9138000008966,-81.191
"94",2024-06-02,32,"Taylorsville Liledoun","Ozone","Alexander",35.9138000008966,-81.191
"95",2024-06-03,38,"Taylorsville Liledoun","Ozone","Alexander",35.9138000008966,-81.191
"96",2024-06-04,42,"Taylorsville Liledoun","Ozone","Alexander",35.9138000008966,-81.191
"97",2024-06-05,31,"Taylorsville Liledoun","Ozone","Alexander",35.9138000008966,-81.191
"98",2024-06-06,35,"Taylorsville Liledoun","Ozone","Alexander",35.9138000008966,-81.191
"99",2024-06-07,50,"Taylorsville Liledoun","Ozone","Alexander",35.9138000008966,-81.191
"100",2024-06-08,54,"Taylorsville Liledoun","Ozone","Alexander",35.9138000008966,-81.191
"101",2024-06-09,34,"Taylorsville Liledoun","Ozone","Alexander",35.9138000008966,-81.191
"102",2024-06-10,47,"Taylorsville Liledoun","Ozone","Alexander",35.9138000008966,-81.191
"103",2024-06-11,45,"Taylorsville Liledoun","Ozone","Alexander",35.9138000008966,-81.191
"104",2024-06-12,67,"Taylorsville Liledoun","Ozone","Alexander",35.9138000008966,-81.191
"105",2024-06-13,77,"Taylorsville Liledoun","Ozone","Alexander",35.9138000008966,-81.191
"106",2024-06-14,49,"Taylorsville Liledoun","Ozone","Alexander",35.9138000008966,-81.191
"107",2024-06-15,74,"Taylorsville Liledoun","Ozone","Alexander",35.9138000008966,-81.191
"108",2024-06-16,41,"Taylorsville Liledoun","Ozone","Alexander",35.9138000008966,-81.191
"109",2024-06-17,51,"Taylorsville Liledoun","Ozone","Alexander",35.9138000008966,-81.191
"110",2024-06-18,46,"Taylorsville Liledoun","Ozone","Alexander",35.9138000008966,-81.191
"111",2024-06-19,45,"Taylorsville Liledoun","Ozone","Alexander",35.9138000008966,-81.191
"112",2024-06-20,44,"Taylorsville Liledoun","Ozone","Alexander",35.9138000008966,-81.191
"113",2024-06-21,54,"Taylorsville Liledoun","Ozone","Alexander",35.9138000008966,-81.191
"114",2024-06-22,40,"Taylorsville Liledoun","Ozone","Alexander",35.9138000008966,-81.191
"115",2024-06-23,38,"Taylorsville Liledoun","Ozone","Alexander",35.9138000008966,-81.191
"116",2024-06-24,61,"Taylorsville Liledoun","Ozone","Alexander",35.9138000008966,-81.191
"117",2024-06-25,51,"Taylorsville Liledoun","Ozone","Alexander",35.9138000008966,-81.191
"118",2024-06-26,93,"Taylorsville Liledoun","Ozone","Alexander",35.9138000008966,-81.191
"119",2024-06-27,50,"Taylorsville Liledoun","Ozone","Alexander",35.9138000008966,-81.191
"120",2024-06-28,54,"Taylorsville Liledoun","Ozone","Alexander",35.9138000008966,-81.191
"121",2024-06-29,37,"Taylorsville Liledoun","Ozone","Alexander",35.9138000008966,-81.191
"122",2024-06-30,37,"Taylorsville Liledoun","Ozone","Alexander",35.9138000008966,-81.191
"123",2024-07-01,54,"Taylorsville Liledoun","Ozone","Alexander",35.9138000008966,-81.191
"124",2024-07-02,61,"Taylorsville Liledoun","Ozone","Alexander",35.9138000008966,-81.191
"125",2024-07-03,58,"Taylorsville Liledoun","Ozone","Alexander",35.9138000008966,-81.191
"126",2024-07-04,38,"Taylorsville Liledoun","Ozone","Alexander",35.9138000008966,-81.191
"127",2024-07-05,36,"Taylorsville Liledoun","Ozone","Alexander",35.9138000008966,-81.191
"128",2024-07-06,43,"Taylorsville Liledoun","Ozone","Alexander",35.9138000008966,-81.191
"129",2024-07-07,37,"Taylorsville Liledoun","Ozone","Alexander",35.9138000008966,-81.191
"130",2024-07-08,51,"Taylorsville Liledoun","Ozone","Alexander",35.9138000008966,-81.191
"131",2024-07-09,51,"Taylorsville Liledoun","Ozone","Alexander",35.9138000008966,-81.191
"132",2024-07-10,47,"Taylorsville Liledoun","Ozone","Alexander",35.9138000008966,-81.191
"133",2024-07-11,47,"Taylorsville Liledoun","Ozone","Alexander",35.9138000008966,-81.191
"134",2024-07-12,41,"Taylorsville Liledoun","Ozone","Alexander",35.9138000008966,-81.191
"135",2024-07-13,44,"Taylorsville Liledoun","Ozone","Alexander",35.9138000008966,-81.191
"136",2024-07-14,48,"Taylorsville Liledoun","Ozone","Alexander",35.9138000008966,-81.191
"137",2024-07-15,58,"Taylorsville Liledoun","Ozone","Alexander",35.9138000008966,-81.191
"138",2024-07-16,35,"Taylorsville Liledoun","Ozone","Alexander",35.9138000008966,-81.191
"139",2024-07-17,37,"Taylorsville Liledoun","Ozone","Alexander",35.9138000008966,-81.191
"140",2024-07-18,39,"Taylorsville Liledoun","Ozone","Alexander",35.9138000008966,-81.191
"141",2024-07-19,44,"Taylorsville Liledoun","Ozone","Alexander",35.9138000008966,-81.191
"142",2024-07-20,34,"Taylorsville Liledoun","Ozone","Alexander",35.9138000008966,-81.191
"143",2024-07-21,31,"Taylorsville Liledoun","Ozone","Alexander",35.9138000008966,-81.191
"144",2024-07-22,35,"Taylorsville Liledoun","Ozone","Alexander",35.9138000008966,-81.191
"145",2024-07-23,38,"Taylorsville Liledoun","Ozone","Alexander",35.9138000008966,-81.191
"146",2024-07-24,31,"Taylorsville Liledoun","Ozone","Alexander",35.9138000008966,-81.191
"147",2024-07-25,28,"Taylorsville Liledoun","Ozone","Alexander",35.9138000008966,-81.191
"148",2024-07-26,35,"Taylorsville Liledoun","Ozone","Alexander",35.9138000008966,-81.191
"149",2024-07-27,44,"Taylorsville Liledoun","Ozone","Alexander",35.9138000008966,-81.191
"150",2024-07-28,40,"Taylorsville Liledoun","Ozone","Alexander",35.9138000008966,-81.191
"151",2024-07-29,28,"Taylorsville Liledoun","Ozone","Alexander",35.9138000008966,-81.191
"152",2024-07-30,41,"Taylorsville Liledoun","Ozone","Alexander",35.9138000008966,-81.191
"153",2024-07-31,40,"Taylorsville Liledoun","Ozone","Alexander",35.9138000008966,-81.191
"154",2024-08-01,34,"Taylorsville Liledoun","Ozone","Alexander",35.9138000008966,-81.191
"155",2024-08-02,31,"Taylorsville Liledoun","Ozone","Alexander",35.9138000008966,-81.191
"156",2024-08-03,39,"Taylorsville Liledoun","Ozone","Alexander",35.9138000008966,-81.191
"157",2024-08-04,40,"Taylorsville Liledoun","Ozone","Alexander",35.9138000008966,-81.191
"158",2024-08-05,41,"Taylorsville Liledoun","Ozone","Alexander",35.9138000008966,-81.191
"159",2024-08-06,22,"Taylorsville Liledoun","Ozone","Alexander",35.9138000008966,-81.191
"160",2024-08-07,23,"Taylorsville Liledoun","Ozone","Alexander",35.9138000008966,-81.191
"161",2024-08-08,32,"Taylorsville Liledoun","Ozone","Alexander",35.9138000008966,-81.191
"162",2024-08-09,31,"Taylorsville Liledoun","Ozone","Alexander",35.9138000008966,-81.191
"163",2024-08-10,39,"Taylorsville Liledoun","Ozone","Alexander",35.9138000008966,-81.191
"164",2024-08-11,37,"Taylorsville Liledoun","Ozone","Alexander",35.9138000008966,-81.191
"165",2024-08-12,40,"Taylorsville Liledoun","Ozone","Alexander",35.9138000008966,-81.191
"166",2024-08-13,30,"Taylorsville Liledoun","Ozone","Alexander",35.9138000008966,-81.191
"167",2024-08-14,39,"Taylorsville Liledoun","Ozone","Alexander",35.9138000008966,-81.191
"168",2024-08-15,46,"Taylorsville Liledoun","Ozone","Alexander",35.9138000008966,-81.191
"169",2024-08-16,37,"Taylorsville Liledoun","Ozone","Alexander",35.9138000008966,-81.191
"170",2024-08-17,35,"Taylorsville Liledoun","Ozone","Alexander",35.9138000008966,-81.191
"171",2024-08-18,38,"Taylorsville Liledoun","Ozone","Alexander",35.9138000008966,-81.191
"172",2024-08-19,32,"Taylorsville Liledoun","Ozone","Alexander",35.9138000008966,-81.191
"173",2024-08-20,36,"Taylorsville Liledoun","Ozone","Alexander",35.9138000008966,-81.191
"174",2024-08-21,40,"Taylorsville Liledoun","Ozone","Alexander",35.9138000008966,-81.191
"175",2024-08-22,45,"Taylorsville Liledoun","Ozone","Alexander",35.9138000008966,-81.191
"176",2024-08-23,45,"Taylorsville Liledoun","Ozone","Alexander",35.9138000008966,-81.191
"177",2024-08-24,47,"Taylorsville Liledoun","Ozone","Alexander",35.9138000008966,-81.191
"178",2024-08-25,47,"Taylorsville Liledoun","Ozone","Alexander",35.9138000008966,-81.191
"179",2024-08-26,54,"Taylorsville Liledoun","Ozone","Alexander",35.9138000008966,-81.191
"180",2024-08-27,49,"Taylorsville Liledoun","Ozone","Alexander",35.9138000008966,-81.191
"181",2024-08-28,51,"Taylorsville Liledoun","Ozone","Alexander",35.9138000008966,-81.191
"182",2024-08-29,54,"Taylorsville Liledoun","Ozone","Alexander",35.9138000008966,-81.191
"183",2024-08-30,44,"Taylorsville Liledoun","Ozone","Alexander",35.9138000008966,-81.191
"184",2024-08-31,44,"Taylorsville Liledoun","Ozone","Alexander",35.9138000008966,-81.191
"185",2024-09-01,32,"Taylorsville Liledoun","Ozone","Alexander",35.9138000008966,-81.191
"186",2024-09-02,38,"Taylorsville Liledoun","Ozone","Alexander",35.9138000008966,-81.191
"187",2024-09-03,32,"Taylorsville Liledoun","Ozone","Alexander",35.9138000008966,-81.191
"188",2024-09-04,38,"Taylorsville Liledoun","Ozone","Alexander",35.9138000008966,-81.191
"189",2024-09-05,34,"Taylorsville Liledoun","Ozone","Alexander",35.9138000008966,-81.191
"190",2024-09-06,44,"Taylorsville Liledoun","Ozone","Alexander",35.9138000008966,-81.191
"191",2024-09-07,33,"Taylorsville Liledoun","Ozone","Alexander",35.9138000008966,-81.191
"192",2024-09-08,35,"Taylorsville Liledoun","Ozone","Alexander",35.9138000008966,-81.191
"193",2024-09-09,41,"Taylorsville Liledoun","Ozone","Alexander",35.9138000008966,-81.191
"194",2024-09-10,45,"Taylorsville Liledoun","Ozone","Alexander",35.9138000008966,-81.191
"195",2024-09-11,50,"Taylorsville Liledoun","Ozone","Alexander",35.9138000008966,-81.191
"196",2024-09-12,54,"Taylorsville Liledoun","Ozone","Alexander",35.9138000008966,-81.191
"197",2024-09-13,33,"Taylorsville Liledoun","Ozone","Alexander",35.9138000008966,-81.191
"198",2024-09-14,34,"Taylorsville Liledoun","Ozone","Alexander",35.9138000008966,-81.191
"199",2024-09-15,31,"Taylorsville Liledoun","Ozone","Alexander",35.9138000008966,-81.191
"200",2024-09-16,29,"Taylorsville Liledoun","Ozone","Alexander",35.9138000008966,-81.191
"201",2024-09-17,28,"Taylorsville Liledoun","Ozone","Alexander",35.9138000008966,-81.191
"202",2024-09-18,28,"Taylorsville Liledoun","Ozone","Alexander",35.9138000008966,-81.191
"203",2024-09-19,28,"Taylorsville Liledoun","Ozone","Alexander",35.9138000008966,-81.191
"204",2024-09-20,35,"Taylorsville Liledoun","Ozone","Alexander",35.9138000008966,-81.191
"205",2024-09-21,42,"Taylorsville Liledoun","Ozone","Alexander",35.9138000008966,-81.191
"206",2024-09-22,46,"Taylorsville Liledoun","Ozone","Alexander",35.9138000008966,-81.191
"207",2024-09-23,31,"Taylorsville Liledoun","Ozone","Alexander",35.9138000008966,-81.191
"208",2024-09-24,28,"Taylorsville Liledoun","Ozone","Alexander",35.9138000008966,-81.191
"209",2024-09-25,31,"Taylorsville Liledoun","Ozone","Alexander",35.9138000008966,-81.191
"210",2024-09-26,30,"Taylorsville Liledoun","Ozone","Alexander",35.9138000008966,-81.191
"211",2024-09-27,27,"Taylorsville Liledoun","Ozone","Alexander",35.9138000008966,-81.191
"212",2024-09-28,31,"Taylorsville Liledoun","Ozone","Alexander",35.9138000008966,-81.191
"213",2024-09-29,36,"Taylorsville Liledoun","Ozone","Alexander",35.9138000008966,-81.191
"214",2024-09-30,34,"Taylorsville Liledoun","Ozone","Alexander",35.9138000008966,-81.191
"215",2024-10-01,24,"Taylorsville Liledoun","Ozone","Alexander",35.9138000008966,-81.191
"216",2024-10-02,31,"Taylorsville Liledoun","Ozone","Alexander",35.9138000008966,-81.191
"217",2024-10-03,41,"Taylorsville Liledoun","Ozone","Alexander",35.9138000008966,-81.191
"218",2024-10-04,36,"Taylorsville Liledoun","Ozone","Alexander",35.9138000008966,-81.191
"219",2024-10-05,50,"Taylorsville Liledoun","Ozone","Alexander",35.9138000008966,-81.191
"220",2024-10-06,42,"Taylorsville Liledoun","Ozone","Alexander",35.9138000008966,-81.191
"221",2024-10-07,45,"Taylorsville Liledoun","Ozone","Alexander",35.9138000008966,-81.191
"222",2024-10-08,38,"Taylorsville Liledoun","Ozone","Alexander",35.9138000008966,-81.191
"223",2024-10-09,42,"Taylorsville Liledoun","Ozone","Alexander",35.9138000008966,-81.191
"224",2024-10-10,39,"Taylorsville Liledoun","Ozone","Alexander",35.9138000008966,-81.191
"225",2024-10-11,38,"Taylorsville Liledoun","Ozone","Alexander",35.9138000008966,-81.191
"226",2024-10-12,43,"Taylorsville Liledoun","Ozone","Alexander",35.9138000008966,-81.191
"227",2024-10-13,45,"Taylorsville Liledoun","Ozone","Alexander",35.9138000008966,-81.191
"228",2024-10-14,39,"Taylorsville Liledoun","Ozone","Alexander",35.9138000008966,-81.191
"229",2024-10-15,31,"Taylorsville Liledoun","Ozone","Alexander",35.9138000008966,-81.191
"230",2024-10-16,29,"Taylorsville Liledoun","Ozone","Alexander",35.9138000008966,-81.191
"231",2024-10-17,35,"Taylorsville Liledoun","Ozone","Alexander",35.9138000008966,-81.191
"232",2024-10-18,39,"Taylorsville Liledoun","Ozone","Alexander",35.9138000008966,-81.191
"233",2024-10-19,41,"Taylorsville Liledoun","Ozone","Alexander",35.9138000008966,-81.191
"234",2024-10-20,42,"Taylorsville Liledoun","Ozone","Alexander",35.9138000008966,-81.191
"235",2024-10-21,43,"Taylorsville Liledoun","Ozone","Alexander",35.9138000008966,-81.191
"236",2024-10-22,50,"Taylorsville Liledoun","Ozone","Alexander",35.9138000008966,-81.191
"237",2024-10-23,46,"Taylorsville Liledoun","Ozone","Alexander",35.9138000008966,-81.191
"238",2024-10-24,46,"Taylorsville Liledoun","Ozone","Alexander",35.9138000008966,-81.191
"239",2024-10-25,58,"Taylorsville Liledoun","Ozone","Alexander",35.9138000008966,-81.191
"240",2024-10-26,44,"Taylorsville Liledoun","Ozone","Alexander",35.9138000008966,-81.191
"241",2024-10-27,32,"Taylorsville Liledoun","Ozone","Alexander",35.9138000008966,-81.191
"242",2024-10-28,34,"Taylorsville Liledoun","Ozone","Alexander",35.9138000008966,-81.191
"243",2024-10-29,45,"Taylorsville Liledoun","Ozone","Alexander",35.9138000008966,-81.191
"244",2024-10-30,37,"Taylorsville Liledoun","Ozone","Alexander",35.9138000008966,-81.191
"245",2024-10-31,38,"Taylorsville Liledoun","Ozone","Alexander",35.9138000008966,-81.191
"246",2024-03-01,31,"Linville Falls","Ozone","Avery",35.972347,-81.933072
"247",2024-03-02,37,"Linville Falls","Ozone","Avery",35.972347,-81.933072
"248",2024-03-03,38,"Linville Falls","Ozone","Avery",35.972347,-81.933072
"249",2024-03-04,36,"Linville Falls","Ozone","Avery",35.972347,-81.933072
"250",2024-03-05,43,"Linville Falls","Ozone","Avery",35.972347,-81.933072
"251",2024-03-06,40,"Linville Falls","Ozone","Avery",35.972347,-81.933072
"252",2024-03-07,36,"Linville Falls","Ozone","Avery",35.972347,-81.933072
"253",2024-03-08,32,"Linville Falls","Ozone","Avery",35.972347,-81.933072
"254",2024-03-09,30,"Linville Falls","Ozone","Avery",35.972347,-81.933072
"255",2024-03-10,40,"Linville Falls","Ozone","Avery",35.972347,-81.933072
"256",2024-03-11,46,"Linville Falls","Ozone","Avery",35.972347,-81.933072
"257",2024-03-12,44,"Linville Falls","Ozone","Avery",35.972347,-81.933072
"258",2024-03-13,50,"Linville Falls","Ozone","Avery",35.972347,-81.933072
"259",2024-03-14,90,"Linville Falls","Ozone","Avery",35.972347,-81.933072
"260",2024-03-15,37,"Linville Falls","Ozone","Avery",35.972347,-81.933072
"261",2024-03-16,44,"Linville Falls","Ozone","Avery",35.972347,-81.933072
"262",2024-03-17,44,"Linville Falls","Ozone","Avery",35.972347,-81.933072
"263",2024-03-18,44,"Linville Falls","Ozone","Avery",35.972347,-81.933072
"264",2024-03-19,44,"Linville Falls","Ozone","Avery",35.972347,-81.933072
"265",2024-03-20,48,"Linville Falls","Ozone","Avery",35.972347,-81.933072
"266",2024-03-21,48,"Linville Falls","Ozone","Avery",35.972347,-81.933072
"267",2024-03-22,44,"Linville Falls","Ozone","Avery",35.972347,-81.933072
"268",2024-03-23,40,"Linville Falls","Ozone","Avery",35.972347,-81.933072
"269",2024-03-24,51,"Linville Falls","Ozone","Avery",35.972347,-81.933072
"270",2024-03-25,54,"Linville Falls","Ozone","Avery",35.972347,-81.933072
"271",2024-03-26,39,"Linville Falls","Ozone","Avery",35.972347,-81.933072
"272",2024-03-27,37,"Linville Falls","Ozone","Avery",35.972347,-81.933072
"273",2024-03-28,45,"Linville Falls","Ozone","Avery",35.972347,-81.933072
"274",2024-03-29,49,"Linville Falls","Ozone","Avery",35.972347,-81.933072
"275",2024-03-30,54,"Linville Falls","Ozone","Avery",35.972347,-81.933072
"276",2024-03-31,49,"Linville Falls","Ozone","Avery",35.972347,-81.933072
"277",2024-04-01,45,"Linville Falls","Ozone","Avery",35.972347,-81.933072
"278",2024-04-02,46,"Linville Falls","Ozone","Avery",35.972347,-81.933072
"279",2024-04-03,44,"Linville Falls","Ozone","Avery",35.972347,-81.933072
"280",2024-04-04,40,"Linville Falls","Ozone","Avery",35.972347,-81.933072
"281",2024-04-05,35,"Linville Falls","Ozone","Avery",35.972347,-81.933072
"282",2024-04-06,44,"Linville Falls","Ozone","Avery",35.972347,-81.933072
"283",2024-04-07,44,"Linville Falls","Ozone","Avery",35.972347,-81.933072
"284",2024-04-08,49,"Linville Falls","Ozone","Avery",35.972347,-81.933072
"285",2024-04-09,43,"Linville Falls","Ozone","Avery",35.972347,-81.933072
"286",2024-04-10,40,"Linville Falls","Ozone","Avery",35.972347,-81.933072
"287",2024-04-11,44,"Linville Falls","Ozone","Avery",35.972347,-81.933072
"288",2024-04-12,44,"Linville Falls","Ozone","Avery",35.972347,-81.933072
"289",2024-04-13,49,"Linville Falls","Ozone","Avery",35.972347,-81.933072
"290",2024-04-14,67,"Linville Falls","Ozone","Avery",35.972347,-81.933072
"291",2024-04-15,51,"Linville Falls","Ozone","Avery",35.972347,-81.933072
"292",2024-04-16,61,"Linville Falls","Ozone","Avery",35.972347,-81.933072
"293",2024-04-17,51,"Linville Falls","Ozone","Avery",35.972347,-81.933072
"294",2024-04-18,49,"Linville Falls","Ozone","Avery",35.972347,-81.933072
"295",2024-04-19,46,"Linville Falls","Ozone","Avery",35.972347,-81.933072
"296",2024-04-20,41,"Linville Falls","Ozone","Avery",35.972347,-81.933072
"297",2024-04-21,35,"Linville Falls","Ozone","Avery",35.972347,-81.933072
"298",2024-04-22,46,"Linville Falls","Ozone","Avery",35.972347,-81.933072
"299",2024-04-23,50,"Linville Falls","Ozone","Avery",35.972347,-81.933072
"300",2024-04-24,49,"Linville Falls","Ozone","Avery",35.972347,-81.933072
"301",2024-04-25,58,"Linville Falls","Ozone","Avery",35.972347,-81.933072
"302",2024-04-26,35,"Linville Falls","Ozone","Avery",35.972347,-81.933072
"303",2024-04-27,49,"Linville Falls","Ozone","Avery",35.972347,-81.933072
"304",2024-04-28,44,"Linville Falls","Ozone","Avery",35.972347,-81.933072
"305",2024-04-29,48,"Linville Falls","Ozone","Avery",35.972347,-81.933072
"306",2024-04-30,38,"Linville Falls","Ozone","Avery",35.972347,-81.933072
"307",2024-05-01,47,"Linville Falls","Ozone","Avery",35.972347,-81.933072
"308",2024-05-02,58,"Linville Falls","Ozone","Avery",35.972347,-81.933072
"309",2024-05-03,37,"Linville Falls","Ozone","Avery",35.972347,-81.933072
"310",2024-05-04,38,"Linville Falls","Ozone","Avery",35.972347,-81.933072
"311",2024-05-05,31,"Linville Falls","Ozone","Avery",35.972347,-81.933072
"312",2024-05-06,41,"Linville Falls","Ozone","Avery",35.972347,-81.933072
"313",2024-05-07,34,"Linville Falls","Ozone","Avery",35.972347,-81.933072
"314",2024-05-08,30,"Linville Falls","Ozone","Avery",35.972347,-81.933072
"315",2024-05-09,44,"Linville Falls","Ozone","Avery",35.972347,-81.933072
"316",2024-05-10,45,"Linville Falls","Ozone","Avery",35.972347,-81.933072
"317",2024-05-11,43,"Linville Falls","Ozone","Avery",35.972347,-81.933072
"318",2024-05-12,47,"Linville Falls","Ozone","Avery",35.972347,-81.933072
"319",2024-05-13,44,"Linville Falls","Ozone","Avery",35.972347,-81.933072
"320",2024-05-14,30,"Linville Falls","Ozone","Avery",35.972347,-81.933072
"321",2024-05-15,39,"Linville Falls","Ozone","Avery",35.972347,-81.933072
"322",2024-05-16,41,"Linville Falls","Ozone","Avery",35.972347,-81.933072
"323",2024-05-17,35,"Linville Falls","Ozone","Avery",35.972347,-81.933072
"324",2024-05-18,31,"Linville Falls","Ozone","Avery",35.972347,-81.933072
"325",2024-05-19,31,"Linville Falls","Ozone","Avery",35.972347,-81.933072
"326",2024-05-20,34,"Linville Falls","Ozone","Avery",35.972347,-81.933072
"327",2024-05-21,41,"Linville Falls","Ozone","Avery",35.972347,-81.933072
"328",2024-05-22,44,"Linville Falls","Ozone","Avery",35.972347,-81.933072
"329",2024-05-23,36,"Linville Falls","Ozone","Avery",35.972347,-81.933072
"330",2024-05-24,47,"Linville Falls","Ozone","Avery",35.972347,-81.933072
"331",2024-05-25,37,"Linville Falls","Ozone","Avery",35.972347,-81.933072
"332",2024-05-26,42,"Linville Falls","Ozone","Avery",35.972347,-81.933072
"333",2024-05-27,40,"Linville Falls","Ozone","Avery",35.972347,-81.933072
"334",2024-05-28,46,"Linville Falls","Ozone","Avery",35.972347,-81.933072
"335",2024-05-29,48,"Linville Falls","Ozone","Avery",35.972347,-81.933072
"336",2024-05-30,41,"Linville Falls","Ozone","Avery",35.972347,-81.933072
"337",2024-05-31,40,"Linville Falls","Ozone","Avery",35.972347,-81.933072
"338",2024-06-01,58,"Linville Falls","Ozone","Avery",35.972347,-81.933072
"339",2024-06-02,36,"Linville Falls","Ozone","Avery",35.972347,-81.933072
"340",2024-06-03,35,"Linville Falls","Ozone","Avery",35.972347,-81.933072
"341",2024-06-04,37,"Linville Falls","Ozone","Avery",35.972347,-81.933072
"342",2024-06-05,29,"Linville Falls","Ozone","Avery",35.972347,-81.933072
"343",2024-06-06,42,"Linville Falls","Ozone","Avery",35.972347,-81.933072
"344",2024-06-07,48,"Linville Falls","Ozone","Avery",35.972347,-81.933072
"345",2024-06-08,51,"Linville Falls","Ozone","Avery",35.972347,-81.933072
"346",2024-06-09,41,"Linville Falls","Ozone","Avery",35.972347,-81.933072
"347",2024-06-10,45,"Linville Falls","Ozone","Avery",35.972347,-81.933072
"348",2024-06-11,43,"Linville Falls","Ozone","Avery",35.972347,-81.933072
"349",2024-06-12,47,"Linville Falls","Ozone","Avery",35.972347,-81.933072
"350",2024-06-13,48,"Linville Falls","Ozone","Avery",35.972347,-81.933072
"351",2024-06-14,47,"Linville Falls","Ozone","Avery",35.972347,-81.933072
"352",2024-06-15,45,"Linville Falls","Ozone","Avery",35.972347,-81.933072
"353",2024-06-16,37,"Linville Falls","Ozone","Avery",35.972347,-81.933072
"354",2024-06-17,33,"Linville Falls","Ozone","Avery",35.972347,-81.933072
"355",2024-06-18,42,"Linville Falls","Ozone","Avery",35.972347,-81.933072
"356",2024-06-19,38,"Linville Falls","Ozone","Avery",35.972347,-81.933072
"357",2024-06-20,40,"Linville Falls","Ozone","Avery",35.972347,-81.933072
"358",2024-06-21,42,"Linville Falls","Ozone","Avery",35.972347,-81.933072
"359",2024-06-22,46,"Linville Falls","Ozone","Avery",35.972347,-81.933072
"360",2024-06-23,42,"Linville Falls","Ozone","Avery",35.972347,-81.933072
"361",2024-06-24,58,"Linville Falls","Ozone","Avery",35.972347,-81.933072
"362",2024-06-25,47,"Linville Falls","Ozone","Avery",35.972347,-81.933072
"363",2024-06-26,61,"Linville Falls","Ozone","Avery",35.972347,-81.933072
"364",2024-06-27,36,"Linville Falls","Ozone","Avery",35.972347,-81.933072
"365",2024-06-28,50,"Linville Falls","Ozone","Avery",35.972347,-81.933072
"366",2024-06-29,28,"Linville Falls","Ozone","Avery",35.972347,-81.933072
"367",2024-06-30,31,"Linville Falls","Ozone","Avery",35.972347,-81.933072
"368",2024-07-01,46,"Linville Falls","Ozone","Avery",35.972347,-81.933072
"369",2024-07-02,47,"Linville Falls","Ozone","Avery",35.972347,-81.933072
"370",2024-07-03,47,"Linville Falls","Ozone","Avery",35.972347,-81.933072
"371",2024-07-04,38,"Linville Falls","Ozone","Avery",35.972347,-81.933072
"372",2024-07-05,27,"Linville Falls","Ozone","Avery",35.972347,-81.933072
"373",2024-07-06,31,"Linville Falls","Ozone","Avery",35.972347,-81.933072
"374",2024-07-07,30,"Linville Falls","Ozone","Avery",35.972347,-81.933072
"375",2024-07-08,26,"Linville Falls","Ozone","Avery",35.972347,-81.933072
"376",2024-07-09,31,"Linville Falls","Ozone","Avery",35.972347,-81.933072
"377",2024-07-10,44,"Linville Falls","Ozone","Avery",35.972347,-81.933072
"378",2024-07-11,42,"Linville Falls","Ozone","Avery",35.972347,-81.933072
"379",2024-07-12,43,"Linville Falls","Ozone","Avery",35.972347,-81.933072
"380",2024-07-13,40,"Linville Falls","Ozone","Avery",35.972347,-81.933072
"381",2024-07-14,47,"Linville Falls","Ozone","Avery",35.972347,-81.933072
"382",2024-07-15,40,"Linville Falls","Ozone","Avery",35.972347,-81.933072
"383",2024-07-16,28,"Linville Falls","Ozone","Avery",35.972347,-81.933072
"384",2024-07-17,28,"Linville Falls","Ozone","Avery",35.972347,-81.933072
"385",2024-07-18,33,"Linville Falls","Ozone","Avery",35.972347,-81.933072
"386",2024-07-19,37,"Linville Falls","Ozone","Avery",35.972347,-81.933072
"387",2024-07-20,31,"Linville Falls","Ozone","Avery",35.972347,-81.933072
"388",2024-07-21,25,"Linville Falls","Ozone","Avery",35.972347,-81.933072
"389",2024-07-22,30,"Linville Falls","Ozone","Avery",35.972347,-81.933072
"390",2024-07-23,30,"Linville Falls","Ozone","Avery",35.972347,-81.933072
"391",2024-07-24,30,"Linville Falls","Ozone","Avery",35.972347,-81.933072
"392",2024-07-25,23,"Linville Falls","Ozone","Avery",35.972347,-81.933072
"393",2024-07-26,31,"Linville Falls","Ozone","Avery",35.972347,-81.933072
"394",2024-07-27,35,"Linville Falls","Ozone","Avery",35.972347,-81.933072
"395",2024-07-28,31,"Linville Falls","Ozone","Avery",35.972347,-81.933072
"396",2024-07-29,26,"Linville Falls","Ozone","Avery",35.972347,-81.933072
"397",2024-07-30,35,"Linville Falls","Ozone","Avery",35.972347,-81.933072
"398",2024-07-31,39,"Linville Falls","Ozone","Avery",35.972347,-81.933072
"399",2024-08-01,26,"Linville Falls","Ozone","Avery",35.972347,-81.933072
"400",2024-08-02,27,"Linville Falls","Ozone","Avery",35.972347,-81.933072
"401",2024-08-03,34,"Linville Falls","Ozone","Avery",35.972347,-81.933072
"402",2024-08-04,38,"Linville Falls","Ozone","Avery",35.972347,-81.933072
"403",2024-08-05,40,"Linville Falls","Ozone","Avery",35.972347,-81.933072
"404",2024-08-06,25,"Linville Falls","Ozone","Avery",35.972347,-81.933072
"405",2024-08-07,28,"Linville Falls","Ozone","Avery",35.972347,-81.933072
"406",2024-08-08,26,"Linville Falls","Ozone","Avery",35.972347,-81.933072
"407",2024-08-09,35,"Linville Falls","Ozone","Avery",35.972347,-81.933072
"408",2024-08-10,40,"Linville Falls","Ozone","Avery",35.972347,-81.933072
"409",2024-08-11,37,"Linville Falls","Ozone","Avery",35.972347,-81.933072
"410",2024-08-12,34,"Linville Falls","Ozone","Avery",35.972347,-81.933072
"411",2024-08-13,31,"Linville Falls","Ozone","Avery",35.972347,-81.933072
"412",2024-08-14,35,"Linville Falls","Ozone","Avery",35.972347,-81.933072
"413",2024-08-15,44,"Linville Falls","Ozone","Avery",35.972347,-81.933072
"414",2024-08-16,32,"Linville Falls","Ozone","Avery",35.972347,-81.933072
"415",2024-08-17,37,"Linville Falls","Ozone","Avery",35.972347,-81.933072
"416",2024-08-18,40,"Linville Falls","Ozone","Avery",35.972347,-81.933072
"417",2024-08-19,32,"Linville Falls","Ozone","Avery",35.972347,-81.933072
"418",2024-08-20,36,"Linville Falls","Ozone","Avery",35.972347,-81.933072
"419",2024-08-21,36,"Linville Falls","Ozone","Avery",35.972347,-81.933072
"420",2024-08-22,40,"Linville Falls","Ozone","Avery",35.972347,-81.933072
"421",2024-08-23,43,"Linville Falls","Ozone","Avery",35.972347,-81.933072
"422",2024-08-24,40,"Linville Falls","Ozone","Avery",35.972347,-81.933072
"423",2024-08-25,44,"Linville Falls","Ozone","Avery",35.972347,-81.933072
"424",2024-08-26,39,"Linville Falls","Ozone","Avery",35.972347,-81.933072
"425",2024-08-27,41,"Linville Falls","Ozone","Avery",35.972347,-81.933072
"426",2024-08-28,46,"Linville Falls","Ozone","Avery",35.972347,-81.933072
"427",2024-08-29,39,"Linville Falls","Ozone","Avery",35.972347,-81.933072
"428",2024-08-30,30,"Linville Falls","Ozone","Avery",35.972347,-81.933072
"429",2024-08-31,34,"Linville Falls","Ozone","Avery",35.972347,-81.933072
"430",2024-09-01,31,"Linville Falls","Ozone","Avery",35.972347,-81.933072
"431",2024-09-02,32,"Linville Falls","Ozone","Avery",35.972347,-81.933072
"432",2024-09-03,31,"Linville Falls","Ozone","Avery",35.972347,-81.933072
"433",2024-09-04,37,"Linville Falls","Ozone","Avery",35.972347,-81.933072
"434",2024-09-05,30,"Linville Falls","Ozone","Avery",35.972347,-81.933072
"435",2024-09-06,32,"Linville Falls","Ozone","Avery",35.972347,-81.933072
"436",2024-09-07,32,"Linville Falls","Ozone","Avery",35.972347,-81.933072
"437",2024-09-08,32,"Linville Falls","Ozone","Avery",35.972347,-81.933072
"438",2024-09-09,35,"Linville Falls","Ozone","Avery",35.972347,-81.933072
"439",2024-09-10,39,"Linville Falls","Ozone","Avery",35.972347,-81.933072
"440",2024-09-11,54,"Linville Falls","Ozone","Avery",35.972347,-81.933072
"441",2024-09-12,50,"Linville Falls","Ozone","Avery",35.972347,-81.933072
"442",2024-09-13,35,"Linville Falls","Ozone","Avery",35.972347,-81.933072
"443",2024-09-14,33,"Linville Falls","Ozone","Avery",35.972347,-81.933072
"444",2024-09-15,31,"Linville Falls","Ozone","Avery",35.972347,-81.933072
"445",2024-09-16,31,"Linville Falls","Ozone","Avery",35.972347,-81.933072
"446",2024-09-17,30,"Linville Falls","Ozone","Avery",35.972347,-81.933072
"447",2024-09-18,28,"Linville Falls","Ozone","Avery",35.972347,-81.933072
"448",2024-09-19,22,"Linville Falls","Ozone","Avery",35.972347,-81.933072
"449",2024-09-20,37,"Linville Falls","Ozone","Avery",35.972347,-81.933072
"450",2024-09-21,35,"Linville Falls","Ozone","Avery",35.972347,-81.933072
"451",2024-09-22,37,"Linville Falls","Ozone","Avery",35.972347,-81.933072
"452",2024-09-23,34,"Linville Falls","Ozone","Avery",35.972347,-81.933072
"453",2024-09-24,31,"Linville Falls","Ozone","Avery",35.972347,-81.933072
"454",2024-09-25,36,"Linville Falls","Ozone","Avery",35.972347,-81.933072
"455",2024-09-26,37,"Linville Falls","Ozone","Avery",35.972347,-81.933072
"456",2024-03-01,29,"Bent Creek","Ozone","Buncombe",35.500102002749,-82.5998603096712
"457",2024-03-02,32,"Bent Creek","Ozone","Buncombe",35.500102002749,-82.5998603096712
"458",2024-03-03,34,"Bent Creek","Ozone","Buncombe",35.500102002749,-82.5998603096712
"459",2024-03-04,36,"Bent Creek","Ozone","Buncombe",35.500102002749,-82.5998603096712
"460",2024-03-05,40,"Bent Creek","Ozone","Buncombe",35.500102002749,-82.5998603096712
"461",2024-03-06,33,"Bent Creek","Ozone","Buncombe",35.500102002749,-82.5998603096712
"462",2024-03-07,40,"Bent Creek","Ozone","Buncombe",35.500102002749,-82.5998603096712
"463",2024-03-08,31,"Bent Creek","Ozone","Buncombe",35.500102002749,-82.5998603096712
"464",2024-03-09,31,"Bent Creek","Ozone","Buncombe",35.500102002749,-82.5998603096712
"465",2024-03-10,41,"Bent Creek","Ozone","Buncombe",35.500102002749,-82.5998603096712
"466",2024-03-11,44,"Bent Creek","Ozone","Buncombe",35.500102002749,-82.5998603096712
"467",2024-03-12,44,"Bent Creek","Ozone","Buncombe",35.500102002749,-82.5998603096712
"468",2024-03-13,50,"Bent Creek","Ozone","Buncombe",35.500102002749,-82.5998603096712
"469",2024-03-14,77,"Bent Creek","Ozone","Buncombe",35.500102002749,-82.5998603096712
"470",2024-03-15,33,"Bent Creek","Ozone","Buncombe",35.500102002749,-82.5998603096712
"471",2024-03-16,39,"Bent Creek","Ozone","Buncombe",35.500102002749,-82.5998603096712
"472",2024-03-17,41,"Bent Creek","Ozone","Buncombe",35.500102002749,-82.5998603096712
"473",2024-03-18,41,"Bent Creek","Ozone","Buncombe",35.500102002749,-82.5998603096712
"474",2024-03-19,38,"Bent Creek","Ozone","Buncombe",35.500102002749,-82.5998603096712
"475",2024-03-20,45,"Bent Creek","Ozone","Buncombe",35.500102002749,-82.5998603096712
"476",2024-03-21,46,"Bent Creek","Ozone","Buncombe",35.500102002749,-82.5998603096712
"477",2024-03-22,42,"Bent Creek","Ozone","Buncombe",35.500102002749,-82.5998603096712
"478",2024-03-23,40,"Bent Creek","Ozone","Buncombe",35.500102002749,-82.5998603096712
"479",2024-03-24,47,"Bent Creek","Ozone","Buncombe",35.500102002749,-82.5998603096712
"480",2024-03-25,48,"Bent Creek","Ozone","Buncombe",35.500102002749,-82.5998603096712
"481",2024-03-26,36,"Bent Creek","Ozone","Buncombe",35.500102002749,-82.5998603096712
"482",2024-03-27,40,"Bent Creek","Ozone","Buncombe",35.500102002749,-82.5998603096712
"483",2024-03-28,44,"Bent Creek","Ozone","Buncombe",35.500102002749,-82.5998603096712
"484",2024-03-29,48,"Bent Creek","Ozone","Buncombe",35.500102002749,-82.5998603096712
"485",2024-03-30,51,"Bent Creek","Ozone","Buncombe",35.500102002749,-82.5998603096712
"486",2024-03-31,48,"Bent Creek","Ozone","Buncombe",35.500102002749,-82.5998603096712
"487",2024-04-01,44,"Bent Creek","Ozone","Buncombe",35.500102002749,-82.5998603096712
"488",2024-04-02,47,"Bent Creek","Ozone","Buncombe",35.500102002749,-82.5998603096712
"489",2024-04-03,44,"Bent Creek","Ozone","Buncombe",35.500102002749,-82.5998603096712
"490",2024-04-04,39,"Bent Creek","Ozone","Buncombe",35.500102002749,-82.5998603096712
"491",2024-04-05,33,"Bent Creek","Ozone","Buncombe",35.500102002749,-82.5998603096712
"492",2024-04-06,42,"Bent Creek","Ozone","Buncombe",35.500102002749,-82.5998603096712
"493",2024-04-07,43,"Bent Creek","Ozone","Buncombe",35.500102002749,-82.5998603096712
"494",2024-04-08,49,"Bent Creek","Ozone","Buncombe",35.500102002749,-82.5998603096712
"495",2024-04-09,32,"Bent Creek","Ozone","Buncombe",35.500102002749,-82.5998603096712
"496",2024-04-10,38,"Bent Creek","Ozone","Buncombe",35.500102002749,-82.5998603096712
"497",2024-04-11,44,"Bent Creek","Ozone","Buncombe",35.500102002749,-82.5998603096712
"498",2024-04-12,44,"Bent Creek","Ozone","Buncombe",35.500102002749,-82.5998603096712
"499",2024-04-13,49,"Bent Creek","Ozone","Buncombe",35.500102002749,-82.5998603096712
"500",2024-04-14,64,"Bent Creek","Ozone","Buncombe",35.500102002749,-82.5998603096712
"501",2024-04-15,54,"Bent Creek","Ozone","Buncombe",35.500102002749,-82.5998603096712
"502",2024-04-16,58,"Bent Creek","Ozone","Buncombe",35.500102002749,-82.5998603096712
"503",2024-04-17,49,"Bent Creek","Ozone","Buncombe",35.500102002749,-82.5998603096712
"504",2024-04-18,47,"Bent Creek","Ozone","Buncombe",35.500102002749,-82.5998603096712
"505",2024-04-19,42,"Bent Creek","Ozone","Buncombe",35.500102002749,-82.5998603096712
"506",2024-04-20,38,"Bent Creek","Ozone","Buncombe",35.500102002749,-82.5998603096712
"507",2024-04-21,32,"Bent Creek","Ozone","Buncombe",35.500102002749,-82.5998603096712
"508",2024-04-22,44,"Bent Creek","Ozone","Buncombe",35.500102002749,-82.5998603096712
"509",2024-04-23,50,"Bent Creek","Ozone","Buncombe",35.500102002749,-82.5998603096712
"510",2024-04-24,46,"Bent Creek","Ozone","Buncombe",35.500102002749,-82.5998603096712
"511",2024-04-25,58,"Bent Creek","Ozone","Buncombe",35.500102002749,-82.5998603096712
"512",2024-04-26,31,"Bent Creek","Ozone","Buncombe",35.500102002749,-82.5998603096712
"513",2024-04-27,48,"Bent Creek","Ozone","Buncombe",35.500102002749,-82.5998603096712
"514",2024-04-28,44,"Bent Creek","Ozone","Buncombe",35.500102002749,-82.5998603096712
"515",2024-04-29,46,"Bent Creek","Ozone","Buncombe",35.500102002749,-82.5998603096712
"516",2024-04-30,30,"Bent Creek","Ozone","Buncombe",35.500102002749,-82.5998603096712
"517",2024-05-01,44,"Bent Creek","Ozone","Buncombe",35.500102002749,-82.5998603096712
"518",2024-05-02,64,"Bent Creek","Ozone","Buncombe",35.500102002749,-82.5998603096712
"519",2024-05-03,33,"Bent Creek","Ozone","Buncombe",35.500102002749,-82.5998603096712
"520",2024-05-04,31,"Bent Creek","Ozone","Buncombe",35.500102002749,-82.5998603096712
"521",2024-05-05,31,"Bent Creek","Ozone","Buncombe",35.500102002749,-82.5998603096712
"522",2024-05-06,30,"Bent Creek","Ozone","Buncombe",35.500102002749,-82.5998603096712
"523",2024-05-07,31,"Bent Creek","Ozone","Buncombe",35.500102002749,-82.5998603096712
"524",2024-05-08,37,"Bent Creek","Ozone","Buncombe",35.500102002749,-82.5998603096712
"525",2024-05-09,38,"Bent Creek","Ozone","Buncombe",35.500102002749,-82.5998603096712
"526",2024-05-10,44,"Bent Creek","Ozone","Buncombe",35.500102002749,-82.5998603096712
"527",2024-05-11,42,"Bent Creek","Ozone","Buncombe",35.500102002749,-82.5998603096712
"528",2024-05-12,46,"Bent Creek","Ozone","Buncombe",35.500102002749,-82.5998603096712
"529",2024-05-13,40,"Bent Creek","Ozone","Buncombe",35.500102002749,-82.5998603096712
"530",2024-05-14,23,"Bent Creek","Ozone","Buncombe",35.500102002749,-82.5998603096712
"531",2024-05-15,34,"Bent Creek","Ozone","Buncombe",35.500102002749,-82.5998603096712
"532",2024-05-16,40,"Bent Creek","Ozone","Buncombe",35.500102002749,-82.5998603096712
"533",2024-05-17,31,"Bent Creek","Ozone","Buncombe",35.500102002749,-82.5998603096712
"534",2024-05-18,33,"Bent Creek","Ozone","Buncombe",35.500102002749,-82.5998603096712
"535",2024-05-19,27,"Bent Creek","Ozone","Buncombe",35.500102002749,-82.5998603096712
"536",2024-05-20,38,"Bent Creek","Ozone","Buncombe",35.500102002749,-82.5998603096712
"537",2024-05-21,44,"Bent Creek","Ozone","Buncombe",35.500102002749,-82.5998603096712
"538",2024-05-22,43,"Bent Creek","Ozone","Buncombe",35.500102002749,-82.5998603096712
"539",2024-05-23,40,"Bent Creek","Ozone","Buncombe",35.500102002749,-82.5998603096712
"540",2024-05-24,42,"Bent Creek","Ozone","Buncombe",35.500102002749,-82.5998603096712
"541",2024-05-25,42,"Bent Creek","Ozone","Buncombe",35.500102002749,-82.5998603096712
"542",2024-05-26,32,"Bent Creek","Ozone","Buncombe",35.500102002749,-82.5998603096712
"543",2024-05-27,40,"Bent Creek","Ozone","Buncombe",35.500102002749,-82.5998603096712
"544",2024-05-28,46,"Bent Creek","Ozone","Buncombe",35.500102002749,-82.5998603096712
"545",2024-05-29,50,"Bent Creek","Ozone","Buncombe",35.500102002749,-82.5998603096712
"546",2024-05-30,42,"Bent Creek","Ozone","Buncombe",35.500102002749,-82.5998603096712
"547",2024-05-31,40,"Bent Creek","Ozone","Buncombe",35.500102002749,-82.5998603096712
"548",2024-06-01,54,"Bent Creek","Ozone","Buncombe",35.500102002749,-82.5998603096712
"549",2024-06-02,29,"Bent Creek","Ozone","Buncombe",35.500102002749,-82.5998603096712
"550",2024-06-03,37,"Bent Creek","Ozone","Buncombe",35.500102002749,-82.5998603096712
"551",2024-06-04,34,"Bent Creek","Ozone","Buncombe",35.500102002749,-82.5998603096712
"552",2024-06-05,24,"Bent Creek","Ozone","Buncombe",35.500102002749,-82.5998603096712
"553",2024-06-06,43,"Bent Creek","Ozone","Buncombe",35.500102002749,-82.5998603096712
"554",2024-06-07,48,"Bent Creek","Ozone","Buncombe",35.500102002749,-82.5998603096712
"555",2024-06-08,49,"Bent Creek","Ozone","Buncombe",35.500102002749,-82.5998603096712
"556",2024-06-09,34,"Bent Creek","Ozone","Buncombe",35.500102002749,-82.5998603096712
"557",2024-06-10,45,"Bent Creek","Ozone","Buncombe",35.500102002749,-82.5998603096712
"558",2024-06-11,42,"Bent Creek","Ozone","Buncombe",35.500102002749,-82.5998603096712
"559",2024-06-12,48,"Bent Creek","Ozone","Buncombe",35.500102002749,-82.5998603096712
"560",2024-06-13,61,"Bent Creek","Ozone","Buncombe",35.500102002749,-82.5998603096712
"561",2024-06-14,46,"Bent Creek","Ozone","Buncombe",35.500102002749,-82.5998603096712
"562",2024-06-15,48,"Bent Creek","Ozone","Buncombe",35.500102002749,-82.5998603096712
"563",2024-06-16,43,"Bent Creek","Ozone","Buncombe",35.500102002749,-82.5998603096712
"564",2024-06-17,42,"Bent Creek","Ozone","Buncombe",35.500102002749,-82.5998603096712
"565",2024-06-18,44,"Bent Creek","Ozone","Buncombe",35.500102002749,-82.5998603096712
"566",2024-06-19,38,"Bent Creek","Ozone","Buncombe",35.500102002749,-82.5998603096712
"567",2024-06-20,44,"Bent Creek","Ozone","Buncombe",35.500102002749,-82.5998603096712
"568",2024-06-21,48,"Bent Creek","Ozone","Buncombe",35.500102002749,-82.5998603096712
"569",2024-06-22,50,"Bent Creek","Ozone","Buncombe",35.500102002749,-82.5998603096712
"570",2024-06-23,42,"Bent Creek","Ozone","Buncombe",35.500102002749,-82.5998603096712
"571",2024-06-24,51,"Bent Creek","Ozone","Buncombe",35.500102002749,-82.5998603096712
"572",2024-06-25,54,"Bent Creek","Ozone","Buncombe",35.500102002749,-82.5998603096712
"573",2024-06-26,47,"Bent Creek","Ozone","Buncombe",35.500102002749,-82.5998603096712
"574",2024-06-27,42,"Bent Creek","Ozone","Buncombe",35.500102002749,-82.5998603096712
"575",2024-06-28,49,"Bent Creek","Ozone","Buncombe",35.500102002749,-82.5998603096712
"576",2024-06-29,25,"Bent Creek","Ozone","Buncombe",35.500102002749,-82.5998603096712
"577",2024-06-30,32,"Bent Creek","Ozone","Buncombe",35.500102002749,-82.5998603096712
"578",2024-07-01,43,"Bent Creek","Ozone","Buncombe",35.500102002749,-82.5998603096712
"579",2024-07-02,50,"Bent Creek","Ozone","Buncombe",35.500102002749,-82.5998603096712
"580",2024-07-03,44,"Bent Creek","Ozone","Buncombe",35.500102002749,-82.5998603096712
"581",2024-07-04,37,"Bent Creek","Ozone","Buncombe",35.500102002749,-82.5998603096712
"582",2024-07-05,24,"Bent Creek","Ozone","Buncombe",35.500102002749,-82.5998603096712
"583",2024-07-06,36,"Bent Creek","Ozone","Buncombe",35.500102002749,-82.5998603096712
"584",2024-07-07,31,"Bent Creek","Ozone","Buncombe",35.500102002749,-82.5998603096712
"585",2024-07-08,38,"Bent Creek","Ozone","Buncombe",35.500102002749,-82.5998603096712
"586",2024-07-09,32,"Bent Creek","Ozone","Buncombe",35.500102002749,-82.5998603096712
"587",2024-07-11,46,"Bent Creek","Ozone","Buncombe",35.500102002749,-82.5998603096712
"588",2024-07-12,49,"Bent Creek","Ozone","Buncombe",35.500102002749,-82.5998603096712
"589",2024-07-13,45,"Bent Creek","Ozone","Buncombe",35.500102002749,-82.5998603096712
"590",2024-07-14,41,"Bent Creek","Ozone","Buncombe",35.500102002749,-82.5998603096712
"591",2024-07-15,39,"Bent Creek","Ozone","Buncombe",35.500102002749,-82.5998603096712
"592",2024-07-16,33,"Bent Creek","Ozone","Buncombe",35.500102002749,-82.5998603096712
"593",2024-07-17,31,"Bent Creek","Ozone","Buncombe",35.500102002749,-82.5998603096712
"594",2024-07-20,29,"Bent Creek","Ozone","Buncombe",35.500102002749,-82.5998603096712
"595",2024-07-21,27,"Bent Creek","Ozone","Buncombe",35.500102002749,-82.5998603096712
"596",2024-07-22,32,"Bent Creek","Ozone","Buncombe",35.500102002749,-82.5998603096712
"597",2024-07-23,25,"Bent Creek","Ozone","Buncombe",35.500102002749,-82.5998603096712
"598",2024-07-24,28,"Bent Creek","Ozone","Buncombe",35.500102002749,-82.5998603096712
"599",2024-07-25,21,"Bent Creek","Ozone","Buncombe",35.500102002749,-82.5998603096712
"600",2024-07-26,34,"Bent Creek","Ozone","Buncombe",35.500102002749,-82.5998603096712
"601",2024-07-27,39,"Bent Creek","Ozone","Buncombe",35.500102002749,-82.5998603096712
"602",2024-07-28,28,"Bent Creek","Ozone","Buncombe",35.500102002749,-82.5998603096712
"603",2024-07-29,27,"Bent Creek","Ozone","Buncombe",35.500102002749,-82.5998603096712
"604",2024-07-30,31,"Bent Creek","Ozone","Buncombe",35.500102002749,-82.5998603096712
"605",2024-07-31,36,"Bent Creek","Ozone","Buncombe",35.500102002749,-82.5998603096712
"606",2024-08-01,25,"Bent Creek","Ozone","Buncombe",35.500102002749,-82.5998603096712
"607",2024-08-02,27,"Bent Creek","Ozone","Buncombe",35.500102002749,-82.5998603096712
"608",2024-08-03,32,"Bent Creek","Ozone","Buncombe",35.500102002749,-82.5998603096712
"609",2024-08-04,43,"Bent Creek","Ozone","Buncombe",35.500102002749,-82.5998603096712
"610",2024-08-05,39,"Bent Creek","Ozone","Buncombe",35.500102002749,-82.5998603096712
"611",2024-08-06,25,"Bent Creek","Ozone","Buncombe",35.500102002749,-82.5998603096712
"612",2024-08-07,24,"Bent Creek","Ozone","Buncombe",35.500102002749,-82.5998603096712
"613",2024-08-08,29,"Bent Creek","Ozone","Buncombe",35.500102002749,-82.5998603096712
"614",2024-08-09,36,"Bent Creek","Ozone","Buncombe",35.500102002749,-82.5998603096712
"615",2024-08-10,39,"Bent Creek","Ozone","Buncombe",35.500102002749,-82.5998603096712
"616",2024-08-11,37,"Bent Creek","Ozone","Buncombe",35.500102002749,-82.5998603096712
"617",2024-08-12,36,"Bent Creek","Ozone","Buncombe",35.500102002749,-82.5998603096712
"618",2024-08-13,39,"Bent Creek","Ozone","Buncombe",35.500102002749,-82.5998603096712
"619",2024-08-14,39,"Bent Creek","Ozone","Buncombe",35.500102002749,-82.5998603096712
"620",2024-08-15,37,"Bent Creek","Ozone","Buncombe",35.500102002749,-82.5998603096712
"621",2024-08-16,34,"Bent Creek","Ozone","Buncombe",35.500102002749,-82.5998603096712
"622",2024-08-17,32,"Bent Creek","Ozone","Buncombe",35.500102002749,-82.5998603096712
"623",2024-08-18,34,"Bent Creek","Ozone","Buncombe",35.500102002749,-82.5998603096712
"624",2024-08-19,31,"Bent Creek","Ozone","Buncombe",35.500102002749,-82.5998603096712
"625",2024-08-20,39,"Bent Creek","Ozone","Buncombe",35.500102002749,-82.5998603096712
"626",2024-08-21,39,"Bent Creek","Ozone","Buncombe",35.500102002749,-82.5998603096712
"627",2024-08-22,45,"Bent Creek","Ozone","Buncombe",35.500102002749,-82.5998603096712
"628",2024-08-23,46,"Bent Creek","Ozone","Buncombe",35.500102002749,-82.5998603096712
"629",2024-08-24,45,"Bent Creek","Ozone","Buncombe",35.500102002749,-82.5998603096712
"630",2024-08-25,45,"Bent Creek","Ozone","Buncombe",35.500102002749,-82.5998603096712
"631",2024-08-26,49,"Bent Creek","Ozone","Buncombe",35.500102002749,-82.5998603096712
"632",2024-08-27,50,"Bent Creek","Ozone","Buncombe",35.500102002749,-82.5998603096712
"633",2024-08-28,45,"Bent Creek","Ozone","Buncombe",35.500102002749,-82.5998603096712
"634",2024-08-29,50,"Bent Creek","Ozone","Buncombe",35.500102002749,-82.5998603096712
"635",2024-08-30,45,"Bent Creek","Ozone","Buncombe",35.500102002749,-82.5998603096712
"636",2024-08-31,40,"Bent Creek","Ozone","Buncombe",35.500102002749,-82.5998603096712
"637",2024-09-01,27,"Bent Creek","Ozone","Buncombe",35.500102002749,-82.5998603096712
"638",2024-09-02,35,"Bent Creek","Ozone","Buncombe",35.500102002749,-82.5998603096712
"639",2024-09-03,34,"Bent Creek","Ozone","Buncombe",35.500102002749,-82.5998603096712
"640",2024-09-04,38,"Bent Creek","Ozone","Buncombe",35.500102002749,-82.5998603096712
"641",2024-09-05,34,"Bent Creek","Ozone","Buncombe",35.500102002749,-82.5998603096712
"642",2024-09-06,39,"Bent Creek","Ozone","Buncombe",35.500102002749,-82.5998603096712
"643",2024-09-07,33,"Bent Creek","Ozone","Buncombe",35.500102002749,-82.5998603096712
"644",2024-09-08,34,"Bent Creek","Ozone","Buncombe",35.500102002749,-82.5998603096712
"645",2024-09-09,37,"Bent Creek","Ozone","Buncombe",35.500102002749,-82.5998603096712
"646",2024-09-10,44,"Bent Creek","Ozone","Buncombe",35.500102002749,-82.5998603096712
"647",2024-09-11,47,"Bent Creek","Ozone","Buncombe",35.500102002749,-82.5998603096712
"648",2024-09-12,41,"Bent Creek","Ozone","Buncombe",35.500102002749,-82.5998603096712
"649",2024-09-13,31,"Bent Creek","Ozone","Buncombe",35.500102002749,-82.5998603096712
"650",2024-09-14,31,"Bent Creek","Ozone","Buncombe",35.500102002749,-82.5998603096712
"651",2024-09-15,29,"Bent Creek","Ozone","Buncombe",35.500102002749,-82.5998603096712
"652",2024-09-16,37,"Bent Creek","Ozone","Buncombe",35.500102002749,-82.5998603096712
"653",2024-09-17,16,"Bent Creek","Ozone","Buncombe",35.500102002749,-82.5998603096712
"654",2024-09-18,22,"Bent Creek","Ozone","Buncombe",35.500102002749,-82.5998603096712
"655",2024-09-19,31,"Bent Creek","Ozone","Buncombe",35.500102002749,-82.5998603096712
"656",2024-09-20,39,"Bent Creek","Ozone","Buncombe",35.500102002749,-82.5998603096712
"657",2024-09-21,38,"Bent Creek","Ozone","Buncombe",35.500102002749,-82.5998603096712
"658",2024-09-22,38,"Bent Creek","Ozone","Buncombe",35.500102002749,-82.5998603096712
"659",2024-09-23,34,"Bent Creek","Ozone","Buncombe",35.500102002749,-82.5998603096712
"660",2024-09-24,29,"Bent Creek","Ozone","Buncombe",35.500102002749,-82.5998603096712
"661",2024-09-25,30,"Bent Creek","Ozone","Buncombe",35.500102002749,-82.5998603096712
"662",2024-09-26,30,"Bent Creek","Ozone","Buncombe",35.500102002749,-82.5998603096712
"663",2024-09-28,33,"Bent Creek","Ozone","Buncombe",35.500102002749,-82.5998603096712
"664",2024-09-29,25,"Bent Creek","Ozone","Buncombe",35.500102002749,-82.5998603096712
"665",2024-09-30,18,"Bent Creek","Ozone","Buncombe",35.500102002749,-82.5998603096712
"666",2024-10-01,22,"Bent Creek","Ozone","Buncombe",35.500102002749,-82.5998603096712
"667",2024-10-02,32,"Bent Creek","Ozone","Buncombe",35.500102002749,-82.5998603096712
"668",2024-10-03,38,"Bent Creek","Ozone","Buncombe",35.500102002749,-82.5998603096712
"669",2024-10-04,31,"Bent Creek","Ozone","Buncombe",35.500102002749,-82.5998603096712
"670",2024-10-05,42,"Bent Creek","Ozone","Buncombe",35.500102002749,-82.5998603096712
"671",2024-10-06,44,"Bent Creek","Ozone","Buncombe",35.500102002749,-82.5998603096712
"672",2024-10-07,41,"Bent Creek","Ozone","Buncombe",35.500102002749,-82.5998603096712
"673",2024-10-08,44,"Bent Creek","Ozone","Buncombe",35.500102002749,-82.5998603096712
"674",2024-10-09,42,"Bent Creek","Ozone","Buncombe",35.500102002749,-82.5998603096712
"675",2024-10-10,43,"Bent Creek","Ozone","Buncombe",35.500102002749,-82.5998603096712
"676",2024-10-11,37,"Bent Creek","Ozone","Buncombe",35.500102002749,-82.5998603096712
"677",2024-10-12,41,"Bent Creek","Ozone","Buncombe",35.500102002749,-82.5998603096712
"678",2024-10-13,43,"Bent Creek","Ozone","Buncombe",35.500102002749,-82.5998603096712
"679",2024-10-14,40,"Bent Creek","Ozone","Buncombe",35.500102002749,-82.5998603096712
"680",2024-10-15,31,"Bent Creek","Ozone","Buncombe",35.500102002749,-82.5998603096712
"681",2024-10-16,29,"Bent Creek","Ozone","Buncombe",35.500102002749,-82.5998603096712
"682",2024-10-17,35,"Bent Creek","Ozone","Buncombe",35.500102002749,-82.5998603096712
"683",2024-10-18,40,"Bent Creek","Ozone","Buncombe",35.500102002749,-82.5998603096712
"684",2024-10-19,38,"Bent Creek","Ozone","Buncombe",35.500102002749,-82.5998603096712
"685",2024-10-20,39,"Bent Creek","Ozone","Buncombe",35.500102002749,-82.5998603096712
"686",2024-10-21,42,"Bent Creek","Ozone","Buncombe",35.500102002749,-82.5998603096712
"687",2024-10-22,46,"Bent Creek","Ozone","Buncombe",35.500102002749,-82.5998603096712
"688",2024-10-23,40,"Bent Creek","Ozone","Buncombe",35.500102002749,-82.5998603096712
"689",2024-10-24,45,"Bent Creek","Ozone","Buncombe",35.500102002749,-82.5998603096712
"690",2024-10-25,45,"Bent Creek","Ozone","Buncombe",35.500102002749,-82.5998603096712
"691",2024-10-26,39,"Bent Creek","Ozone","Buncombe",35.500102002749,-82.5998603096712
"692",2024-10-27,31,"Bent Creek","Ozone","Buncombe",35.500102002749,-82.5998603096712
"693",2024-10-28,37,"Bent Creek","Ozone","Buncombe",35.500102002749,-82.5998603096712
"694",2024-10-29,44,"Bent Creek","Ozone","Buncombe",35.500102002749,-82.5998603096712
"695",2024-10-30,37,"Bent Creek","Ozone","Buncombe",35.500102002749,-82.5998603096712
"696",2024-10-31,38,"Bent Creek","Ozone","Buncombe",35.500102002749,-82.5998603096712
"697",2024-03-01,31,"Lenoir (city)","Ozone","Caldwell",35.9359000008969,-81.5306
"698",2024-03-02,33,"Lenoir (city)","Ozone","Caldwell",35.9359000008969,-81.5306
"699",2024-03-03,36,"Lenoir (city)","Ozone","Caldwell",35.9359000008969,-81.5306
"700",2024-03-04,38,"Lenoir (city)","Ozone","Caldwell",35.9359000008969,-81.5306
"701",2024-03-05,41,"Lenoir (city)","Ozone","Caldwell",35.9359000008969,-81.5306
"702",2024-03-06,34,"Lenoir (city)","Ozone","Caldwell",35.9359000008969,-81.5306
"703",2024-03-07,36,"Lenoir (city)","Ozone","Caldwell",35.9359000008969,-81.5306
"704",2024-03-08,25,"Lenoir (city)","Ozone","Caldwell",35.9359000008969,-81.5306
"705",2024-03-09,28,"Lenoir (city)","Ozone","Caldwell",35.9359000008969,-81.5306
"706",2024-03-10,40,"Lenoir (city)","Ozone","Caldwell",35.9359000008969,-81.5306
"707",2024-03-11,44,"Lenoir (city)","Ozone","Caldwell",35.9359000008969,-81.5306
"708",2024-03-12,44,"Lenoir (city)","Ozone","Caldwell",35.9359000008969,-81.5306
"709",2024-03-13,50,"Lenoir (city)","Ozone","Caldwell",35.9359000008969,-81.5306
"710",2024-03-14,87,"Lenoir (city)","Ozone","Caldwell",35.9359000008969,-81.5306
"711",2024-03-15,34,"Lenoir (city)","Ozone","Caldwell",35.9359000008969,-81.5306
"712",2024-03-16,43,"Lenoir (city)","Ozone","Caldwell",35.9359000008969,-81.5306
"713",2024-03-17,43,"Lenoir (city)","Ozone","Caldwell",35.9359000008969,-81.5306
"714",2024-03-18,43,"Lenoir (city)","Ozone","Caldwell",35.9359000008969,-81.5306
"715",2024-03-19,39,"Lenoir (city)","Ozone","Caldwell",35.9359000008969,-81.5306
"716",2024-03-20,47,"Lenoir (city)","Ozone","Caldwell",35.9359000008969,-81.5306
"717",2024-03-21,48,"Lenoir (city)","Ozone","Caldwell",35.9359000008969,-81.5306
"718",2024-03-22,34,"Lenoir (city)","Ozone","Caldwell",35.9359000008969,-81.5306
"719",2024-03-23,42,"Lenoir (city)","Ozone","Caldwell",35.9359000008969,-81.5306
"720",2024-03-24,45,"Lenoir (city)","Ozone","Caldwell",35.9359000008969,-81.5306
"721",2024-03-25,47,"Lenoir (city)","Ozone","Caldwell",35.9359000008969,-81.5306
"722",2024-03-26,34,"Lenoir (city)","Ozone","Caldwell",35.9359000008969,-81.5306
"723",2024-03-27,33,"Lenoir (city)","Ozone","Caldwell",35.9359000008969,-81.5306
"724",2024-03-28,45,"Lenoir (city)","Ozone","Caldwell",35.9359000008969,-81.5306
"725",2024-03-29,49,"Lenoir (city)","Ozone","Caldwell",35.9359000008969,-81.5306
"726",2024-03-30,51,"Lenoir (city)","Ozone","Caldwell",35.9359000008969,-81.5306
"727",2024-03-31,48,"Lenoir (city)","Ozone","Caldwell",35.9359000008969,-81.5306
"728",2024-04-01,44,"Lenoir (city)","Ozone","Caldwell",35.9359000008969,-81.5306
"729",2024-04-02,46,"Lenoir (city)","Ozone","Caldwell",35.9359000008969,-81.5306
"730",2024-04-03,44,"Lenoir (city)","Ozone","Caldwell",35.9359000008969,-81.5306
"731",2024-04-04,39,"Lenoir (city)","Ozone","Caldwell",35.9359000008969,-81.5306
"732",2024-04-05,33,"Lenoir (city)","Ozone","Caldwell",35.9359000008969,-81.5306
"733",2024-04-06,44,"Lenoir (city)","Ozone","Caldwell",35.9359000008969,-81.5306
"734",2024-04-07,43,"Lenoir (city)","Ozone","Caldwell",35.9359000008969,-81.5306
"735",2024-04-08,47,"Lenoir (city)","Ozone","Caldwell",35.9359000008969,-81.5306
"736",2024-04-09,35,"Lenoir (city)","Ozone","Caldwell",35.9359000008969,-81.5306
"737",2024-04-10,31,"Lenoir (city)","Ozone","Caldwell",35.9359000008969,-81.5306
"738",2024-04-11,43,"Lenoir (city)","Ozone","Caldwell",35.9359000008969,-81.5306
"739",2024-04-12,45,"Lenoir (city)","Ozone","Caldwell",35.9359000008969,-81.5306
"740",2024-04-13,49,"Lenoir (city)","Ozone","Caldwell",35.9359000008969,-81.5306
"741",2024-04-14,58,"Lenoir (city)","Ozone","Caldwell",35.9359000008969,-81.5306
"742",2024-04-15,51,"Lenoir (city)","Ozone","Caldwell",35.9359000008969,-81.5306
"743",2024-04-16,49,"Lenoir (city)","Ozone","Caldwell",35.9359000008969,-81.5306
"744",2024-04-17,51,"Lenoir (city)","Ozone","Caldwell",35.9359000008969,-81.5306
"745",2024-04-18,47,"Lenoir (city)","Ozone","Caldwell",35.9359000008969,-81.5306
"746",2024-04-19,40,"Lenoir (city)","Ozone","Caldwell",35.9359000008969,-81.5306
"747",2024-04-20,41,"Lenoir (city)","Ozone","Caldwell",35.9359000008969,-81.5306
"748",2024-04-21,32,"Lenoir (city)","Ozone","Caldwell",35.9359000008969,-81.5306
"749",2024-04-22,41,"Lenoir (city)","Ozone","Caldwell",35.9359000008969,-81.5306
"750",2024-04-23,50,"Lenoir (city)","Ozone","Caldwell",35.9359000008969,-81.5306
"751",2024-04-24,47,"Lenoir (city)","Ozone","Caldwell",35.9359000008969,-81.5306
"752",2024-04-25,58,"Lenoir (city)","Ozone","Caldwell",35.9359000008969,-81.5306
"753",2024-04-26,32,"Lenoir (city)","Ozone","Caldwell",35.9359000008969,-81.5306
"754",2024-04-27,45,"Lenoir (city)","Ozone","Caldwell",35.9359000008969,-81.5306
"755",2024-04-28,44,"Lenoir (city)","Ozone","Caldwell",35.9359000008969,-81.5306
"756",2024-04-29,48,"Lenoir (city)","Ozone","Caldwell",35.9359000008969,-81.5306
"757",2024-04-30,35,"Lenoir (city)","Ozone","Caldwell",35.9359000008969,-81.5306
"758",2024-05-01,45,"Lenoir (city)","Ozone","Caldwell",35.9359000008969,-81.5306
"759",2024-05-02,61,"Lenoir (city)","Ozone","Caldwell",35.9359000008969,-81.5306
"760",2024-05-03,43,"Lenoir (city)","Ozone","Caldwell",35.9359000008969,-81.5306
"761",2024-05-04,31,"Lenoir (city)","Ozone","Caldwell",35.9359000008969,-81.5306
"762",2024-05-05,28,"Lenoir (city)","Ozone","Caldwell",35.9359000008969,-81.5306
"763",2024-05-06,36,"Lenoir (city)","Ozone","Caldwell",35.9359000008969,-81.5306
"764",2024-05-07,31,"Lenoir (city)","Ozone","Caldwell",35.9359000008969,-81.5306
"765",2024-05-08,31,"Lenoir (city)","Ozone","Caldwell",35.9359000008969,-81.5306
"766",2024-05-09,35,"Lenoir (city)","Ozone","Caldwell",35.9359000008969,-81.5306
"767",2024-05-10,46,"Lenoir (city)","Ozone","Caldwell",35.9359000008969,-81.5306
"768",2024-05-11,42,"Lenoir (city)","Ozone","Caldwell",35.9359000008969,-81.5306
"769",2024-05-12,48,"Lenoir (city)","Ozone","Caldwell",35.9359000008969,-81.5306
"770",2024-05-13,39,"Lenoir (city)","Ozone","Caldwell",35.9359000008969,-81.5306
"771",2024-05-14,21,"Lenoir (city)","Ozone","Caldwell",35.9359000008969,-81.5306
"772",2024-05-15,34,"Lenoir (city)","Ozone","Caldwell",35.9359000008969,-81.5306
"773",2024-05-16,42,"Lenoir (city)","Ozone","Caldwell",35.9359000008969,-81.5306
"774",2024-05-17,34,"Lenoir (city)","Ozone","Caldwell",35.9359000008969,-81.5306
"775",2024-05-18,34,"Lenoir (city)","Ozone","Caldwell",35.9359000008969,-81.5306
"776",2024-05-19,31,"Lenoir (city)","Ozone","Caldwell",35.9359000008969,-81.5306
"777",2024-05-20,38,"Lenoir (city)","Ozone","Caldwell",35.9359000008969,-81.5306
"778",2024-05-21,46,"Lenoir (city)","Ozone","Caldwell",35.9359000008969,-81.5306
"779",2024-05-22,48,"Lenoir (city)","Ozone","Caldwell",35.9359000008969,-81.5306
"780",2024-05-23,41,"Lenoir (city)","Ozone","Caldwell",35.9359000008969,-81.5306
"781",2024-05-24,48,"Lenoir (city)","Ozone","Caldwell",35.9359000008969,-81.5306
"782",2024-05-25,39,"Lenoir (city)","Ozone","Caldwell",35.9359000008969,-81.5306
"783",2024-05-26,43,"Lenoir (city)","Ozone","Caldwell",35.9359000008969,-81.5306
"784",2024-05-27,43,"Lenoir (city)","Ozone","Caldwell",35.9359000008969,-81.5306
"785",2024-05-28,47,"Lenoir (city)","Ozone","Caldwell",35.9359000008969,-81.5306
"786",2024-05-29,50,"Lenoir (city)","Ozone","Caldwell",35.9359000008969,-81.5306
"787",2024-05-30,41,"Lenoir (city)","Ozone","Caldwell",35.9359000008969,-81.5306
"788",2024-05-31,46,"Lenoir (city)","Ozone","Caldwell",35.9359000008969,-81.5306
"789",2024-06-01,61,"Lenoir (city)","Ozone","Caldwell",35.9359000008969,-81.5306
"790",2024-06-02,33,"Lenoir (city)","Ozone","Caldwell",35.9359000008969,-81.5306
"791",2024-06-03,36,"Lenoir (city)","Ozone","Caldwell",35.9359000008969,-81.5306
"792",2024-06-04,37,"Lenoir (city)","Ozone","Caldwell",35.9359000008969,-81.5306
"793",2024-06-05,30,"Lenoir (city)","Ozone","Caldwell",35.9359000008969,-81.5306
"794",2024-06-06,37,"Lenoir (city)","Ozone","Caldwell",35.9359000008969,-81.5306
"795",2024-06-07,51,"Lenoir (city)","Ozone","Caldwell",35.9359000008969,-81.5306
"796",2024-06-08,49,"Lenoir (city)","Ozone","Caldwell",35.9359000008969,-81.5306
"797",2024-06-09,38,"Lenoir (city)","Ozone","Caldwell",35.9359000008969,-81.5306
"798",2024-06-10,48,"Lenoir (city)","Ozone","Caldwell",35.9359000008969,-81.5306
"799",2024-06-11,44,"Lenoir (city)","Ozone","Caldwell",35.9359000008969,-81.5306
"800",2024-06-12,50,"Lenoir (city)","Ozone","Caldwell",35.9359000008969,-81.5306
"801",2024-06-13,51,"Lenoir (city)","Ozone","Caldwell",35.9359000008969,-81.5306
"802",2024-06-14,51,"Lenoir (city)","Ozone","Caldwell",35.9359000008969,-81.5306
"803",2024-06-15,54,"Lenoir (city)","Ozone","Caldwell",35.9359000008969,-81.5306
"804",2024-06-16,32,"Lenoir (city)","Ozone","Caldwell",35.9359000008969,-81.5306
"805",2024-06-17,39,"Lenoir (city)","Ozone","Caldwell",35.9359000008969,-81.5306
"806",2024-06-18,43,"Lenoir (city)","Ozone","Caldwell",35.9359000008969,-81.5306
"807",2024-06-19,42,"Lenoir (city)","Ozone","Caldwell",35.9359000008969,-81.5306
"808",2024-06-20,40,"Lenoir (city)","Ozone","Caldwell",35.9359000008969,-81.5306
"809",2024-06-21,47,"Lenoir (city)","Ozone","Caldwell",35.9359000008969,-81.5306
"810",2024-06-22,43,"Lenoir (city)","Ozone","Caldwell",35.9359000008969,-81.5306
"811",2024-06-23,38,"Lenoir (city)","Ozone","Caldwell",35.9359000008969,-81.5306
"812",2024-06-24,58,"Lenoir (city)","Ozone","Caldwell",35.9359000008969,-81.5306
"813",2024-06-25,48,"Lenoir (city)","Ozone","Caldwell",35.9359000008969,-81.5306
"814",2024-06-26,77,"Lenoir (city)","Ozone","Caldwell",35.9359000008969,-81.5306
"815",2024-06-27,42,"Lenoir (city)","Ozone","Caldwell",35.9359000008969,-81.5306
"816",2024-06-28,58,"Lenoir (city)","Ozone","Caldwell",35.9359000008969,-81.5306
"817",2024-06-29,31,"Lenoir (city)","Ozone","Caldwell",35.9359000008969,-81.5306
"818",2024-06-30,36,"Lenoir (city)","Ozone","Caldwell",35.9359000008969,-81.5306
"819",2024-07-01,46,"Lenoir (city)","Ozone","Caldwell",35.9359000008969,-81.5306
"820",2024-07-02,50,"Lenoir (city)","Ozone","Caldwell",35.9359000008969,-81.5306
"821",2024-07-03,51,"Lenoir (city)","Ozone","Caldwell",35.9359000008969,-81.5306
"822",2024-07-04,36,"Lenoir (city)","Ozone","Caldwell",35.9359000008969,-81.5306
"823",2024-07-05,31,"Lenoir (city)","Ozone","Caldwell",35.9359000008969,-81.5306
"824",2024-07-06,36,"Lenoir (city)","Ozone","Caldwell",35.9359000008969,-81.5306
"825",2024-07-07,35,"Lenoir (city)","Ozone","Caldwell",35.9359000008969,-81.5306
"826",2024-07-08,42,"Lenoir (city)","Ozone","Caldwell",35.9359000008969,-81.5306
"827",2024-07-09,44,"Lenoir (city)","Ozone","Caldwell",35.9359000008969,-81.5306
"828",2024-07-10,40,"Lenoir (city)","Ozone","Caldwell",35.9359000008969,-81.5306
"829",2024-07-11,45,"Lenoir (city)","Ozone","Caldwell",35.9359000008969,-81.5306
"830",2024-07-12,41,"Lenoir (city)","Ozone","Caldwell",35.9359000008969,-81.5306
"831",2024-07-13,45,"Lenoir (city)","Ozone","Caldwell",35.9359000008969,-81.5306
"832",2024-07-14,46,"Lenoir (city)","Ozone","Caldwell",35.9359000008969,-81.5306
"833",2024-07-15,46,"Lenoir (city)","Ozone","Caldwell",35.9359000008969,-81.5306
"834",2024-07-16,35,"Lenoir (city)","Ozone","Caldwell",35.9359000008969,-81.5306
"835",2024-07-17,34,"Lenoir (city)","Ozone","Caldwell",35.9359000008969,-81.5306
"836",2024-07-18,37,"Lenoir (city)","Ozone","Caldwell",35.9359000008969,-81.5306
"837",2024-07-19,44,"Lenoir (city)","Ozone","Caldwell",35.9359000008969,-81.5306
"838",2024-07-20,32,"Lenoir (city)","Ozone","Caldwell",35.9359000008969,-81.5306
"839",2024-07-21,31,"Lenoir (city)","Ozone","Caldwell",35.9359000008969,-81.5306
"840",2024-07-22,32,"Lenoir (city)","Ozone","Caldwell",35.9359000008969,-81.5306
"841",2024-07-23,32,"Lenoir (city)","Ozone","Caldwell",35.9359000008969,-81.5306
"842",2024-07-24,31,"Lenoir (city)","Ozone","Caldwell",35.9359000008969,-81.5306
"843",2024-07-25,27,"Lenoir (city)","Ozone","Caldwell",35.9359000008969,-81.5306
"844",2024-07-26,39,"Lenoir (city)","Ozone","Caldwell",35.9359000008969,-81.5306
"845",2024-07-27,41,"Lenoir (city)","Ozone","Caldwell",35.9359000008969,-81.5306
"846",2024-07-28,38,"Lenoir (city)","Ozone","Caldwell",35.9359000008969,-81.5306
"847",2024-07-29,29,"Lenoir (city)","Ozone","Caldwell",35.9359000008969,-81.5306
"848",2024-07-30,37,"Lenoir (city)","Ozone","Caldwell",35.9359000008969,-81.5306
"849",2024-07-31,41,"Lenoir (city)","Ozone","Caldwell",35.9359000008969,-81.5306
"850",2024-08-01,39,"Lenoir (city)","Ozone","Caldwell",35.9359000008969,-81.5306
"851",2024-08-02,31,"Lenoir (city)","Ozone","Caldwell",35.9359000008969,-81.5306
"852",2024-08-03,33,"Lenoir (city)","Ozone","Caldwell",35.9359000008969,-81.5306
"853",2024-08-04,40,"Lenoir (city)","Ozone","Caldwell",35.9359000008969,-81.5306
"854",2024-08-05,39,"Lenoir (city)","Ozone","Caldwell",35.9359000008969,-81.5306
"855",2024-08-06,24,"Lenoir (city)","Ozone","Caldwell",35.9359000008969,-81.5306
"856",2024-08-07,24,"Lenoir (city)","Ozone","Caldwell",35.9359000008969,-81.5306
"857",2024-08-08,34,"Lenoir (city)","Ozone","Caldwell",35.9359000008969,-81.5306
"858",2024-08-09,31,"Lenoir (city)","Ozone","Caldwell",35.9359000008969,-81.5306
"859",2024-08-10,39,"Lenoir (city)","Ozone","Caldwell",35.9359000008969,-81.5306
"860",2024-08-11,35,"Lenoir (city)","Ozone","Caldwell",35.9359000008969,-81.5306
"861",2024-08-12,38,"Lenoir (city)","Ozone","Caldwell",35.9359000008969,-81.5306
"862",2024-08-13,30,"Lenoir (city)","Ozone","Caldwell",35.9359000008969,-81.5306
"863",2024-08-14,37,"Lenoir (city)","Ozone","Caldwell",35.9359000008969,-81.5306
"864",2024-08-15,44,"Lenoir (city)","Ozone","Caldwell",35.9359000008969,-81.5306
"865",2024-08-16,34,"Lenoir (city)","Ozone","Caldwell",35.9359000008969,-81.5306
"866",2024-08-17,34,"Lenoir (city)","Ozone","Caldwell",35.9359000008969,-81.5306
"867",2024-08-18,38,"Lenoir (city)","Ozone","Caldwell",35.9359000008969,-81.5306
"868",2024-08-19,33,"Lenoir (city)","Ozone","Caldwell",35.9359000008969,-81.5306
"869",2024-08-20,37,"Lenoir (city)","Ozone","Caldwell",35.9359000008969,-81.5306
"870",2024-08-21,39,"Lenoir (city)","Ozone","Caldwell",35.9359000008969,-81.5306
"871",2024-08-22,49,"Lenoir (city)","Ozone","Caldwell",35.9359000008969,-81.5306
"872",2024-08-23,46,"Lenoir (city)","Ozone","Caldwell",35.9359000008969,-81.5306
"873",2024-08-24,44,"Lenoir (city)","Ozone","Caldwell",35.9359000008969,-81.5306
"874",2024-08-25,45,"Lenoir (city)","Ozone","Caldwell",35.9359000008969,-81.5306
"875",2024-08-26,49,"Lenoir (city)","Ozone","Caldwell",35.9359000008969,-81.5306
"876",2024-08-27,49,"Lenoir (city)","Ozone","Caldwell",35.9359000008969,-81.5306
"877",2024-08-28,50,"Lenoir (city)","Ozone","Caldwell",35.9359000008969,-81.5306
"878",2024-08-29,50,"Lenoir (city)","Ozone","Caldwell",35.9359000008969,-81.5306
"879",2024-08-30,42,"Lenoir (city)","Ozone","Caldwell",35.9359000008969,-81.5306
"880",2024-08-31,43,"Lenoir (city)","Ozone","Caldwell",35.9359000008969,-81.5306
"881",2024-09-01,33,"Lenoir (city)","Ozone","Caldwell",35.9359000008969,-81.5306
"882",2024-09-02,34,"Lenoir (city)","Ozone","Caldwell",35.9359000008969,-81.5306
"883",2024-09-03,32,"Lenoir (city)","Ozone","Caldwell",35.9359000008969,-81.5306
"884",2024-09-04,36,"Lenoir (city)","Ozone","Caldwell",35.9359000008969,-81.5306
"885",2024-09-05,34,"Lenoir (city)","Ozone","Caldwell",35.9359000008969,-81.5306
"886",2024-09-06,40,"Lenoir (city)","Ozone","Caldwell",35.9359000008969,-81.5306
"887",2024-09-07,35,"Lenoir (city)","Ozone","Caldwell",35.9359000008969,-81.5306
"888",2024-09-08,34,"Lenoir (city)","Ozone","Caldwell",35.9359000008969,-81.5306
"889",2024-09-09,37,"Lenoir (city)","Ozone","Caldwell",35.9359000008969,-81.5306
"890",2024-09-10,42,"Lenoir (city)","Ozone","Caldwell",35.9359000008969,-81.5306
"891",2024-09-11,48,"Lenoir (city)","Ozone","Caldwell",35.9359000008969,-81.5306
"892",2024-09-12,47,"Lenoir (city)","Ozone","Caldwell",35.9359000008969,-81.5306
"893",2024-09-13,31,"Lenoir (city)","Ozone","Caldwell",35.9359000008969,-81.5306
"894",2024-09-14,31,"Lenoir (city)","Ozone","Caldwell",35.9359000008969,-81.5306
"895",2024-09-15,30,"Lenoir (city)","Ozone","Caldwell",35.9359000008969,-81.5306
"896",2024-09-16,30,"Lenoir (city)","Ozone","Caldwell",35.9359000008969,-81.5306
"897",2024-09-17,29,"Lenoir (city)","Ozone","Caldwell",35.9359000008969,-81.5306
"898",2024-09-18,22,"Lenoir (city)","Ozone","Caldwell",35.9359000008969,-81.5306
"899",2024-09-19,26,"Lenoir (city)","Ozone","Caldwell",35.9359000008969,-81.5306
"900",2024-09-20,32,"Lenoir (city)","Ozone","Caldwell",35.9359000008969,-81.5306
"901",2024-09-21,41,"Lenoir (city)","Ozone","Caldwell",35.9359000008969,-81.5306
"902",2024-09-22,41,"Lenoir (city)","Ozone","Caldwell",35.9359000008969,-81.5306
"903",2024-09-23,30,"Lenoir (city)","Ozone","Caldwell",35.9359000008969,-81.5306
"904",2024-09-24,26,"Lenoir (city)","Ozone","Caldwell",35.9359000008969,-81.5306
"905",2024-09-25,29,"Lenoir (city)","Ozone","Caldwell",35.9359000008969,-81.5306
"906",2024-10-08,40,"Lenoir (city)","Ozone","Caldwell",35.9359000008969,-81.5306
"907",2024-10-09,42,"Lenoir (city)","Ozone","Caldwell",35.9359000008969,-81.5306
"908",2024-10-10,39,"Lenoir (city)","Ozone","Caldwell",35.9359000008969,-81.5306
"909",2024-10-11,41,"Lenoir (city)","Ozone","Caldwell",35.9359000008969,-81.5306
"910",2024-10-12,41,"Lenoir (city)","Ozone","Caldwell",35.9359000008969,-81.5306
"911",2024-10-13,44,"Lenoir (city)","Ozone","Caldwell",35.9359000008969,-81.5306
"912",2024-10-14,39,"Lenoir (city)","Ozone","Caldwell",35.9359000008969,-81.5306
"913",2024-10-15,31,"Lenoir (city)","Ozone","Caldwell",35.9359000008969,-81.5306
"914",2024-10-16,30,"Lenoir (city)","Ozone","Caldwell",35.9359000008969,-81.5306
"915",2024-10-17,35,"Lenoir (city)","Ozone","Caldwell",35.9359000008969,-81.5306
"916",2024-10-18,38,"Lenoir (city)","Ozone","Caldwell",35.9359000008969,-81.5306
"917",2024-10-19,38,"Lenoir (city)","Ozone","Caldwell",35.9359000008969,-81.5306
"918",2024-10-20,38,"Lenoir (city)","Ozone","Caldwell",35.9359000008969,-81.5306
"919",2024-10-21,39,"Lenoir (city)","Ozone","Caldwell",35.9359000008969,-81.5306
"920",2024-10-22,48,"Lenoir (city)","Ozone","Caldwell",35.9359000008969,-81.5306
"921",2024-10-23,43,"Lenoir (city)","Ozone","Caldwell",35.9359000008969,-81.5306
"922",2024-10-24,46,"Lenoir (city)","Ozone","Caldwell",35.9359000008969,-81.5306
"923",2024-10-25,48,"Lenoir (city)","Ozone","Caldwell",35.9359000008969,-81.5306
"924",2024-10-26,45,"Lenoir (city)","Ozone","Caldwell",35.9359000008969,-81.5306
"925",2024-10-27,33,"Lenoir (city)","Ozone","Caldwell",35.9359000008969,-81.5306
"926",2024-10-28,35,"Lenoir (city)","Ozone","Caldwell",35.9359000008969,-81.5306
"927",2024-10-29,43,"Lenoir (city)","Ozone","Caldwell",35.9359000008969,-81.5306
"928",2024-10-30,36,"Lenoir (city)","Ozone","Caldwell",35.9359000008969,-81.5306
"929",2024-10-31,39,"Lenoir (city)","Ozone","Caldwell",35.9359000008969,-81.5306
"930",2024-11-01,25,"Lenoir (city)","Ozone","Caldwell",35.9359000008969,-81.5306
"931",2024-11-02,32,"Lenoir (city)","Ozone","Caldwell",35.9359000008969,-81.5306
"932",2024-11-03,36,"Lenoir (city)","Ozone","Caldwell",35.9359000008969,-81.5306
"933",2024-01-01,28,"Beaufort","Ozone","Carteret",34.8848,-76.6203
"934",2024-01-03,30,"Beaufort","Ozone","Carteret",34.8848,-76.6203
"935",2024-01-04,27,"Beaufort","Ozone","Carteret",34.8848,-76.6203
"936",2024-01-05,29,"Beaufort","Ozone","Carteret",34.8848,-76.6203
"937",2024-01-06,34,"Beaufort","Ozone","Carteret",34.8848,-76.6203
"938",2024-01-07,30,"Beaufort","Ozone","Carteret",34.8848,-76.6203
"939",2024-01-08,28,"Beaufort","Ozone","Carteret",34.8848,-76.6203
"940",2024-01-09,37,"Beaufort","Ozone","Carteret",34.8848,-76.6203
"941",2024-01-10,22,"Beaufort","Ozone","Carteret",34.8848,-76.6203
"942",2024-01-11,29,"Beaufort","Ozone","Carteret",34.8848,-76.6203
"943",2024-01-12,37,"Beaufort","Ozone","Carteret",34.8848,-76.6203
"944",2024-01-13,35,"Beaufort","Ozone","Carteret",34.8848,-76.6203
"945",2024-01-14,35,"Beaufort","Ozone","Carteret",34.8848,-76.6203
"946",2024-01-15,34,"Beaufort","Ozone","Carteret",34.8848,-76.6203
"947",2024-01-16,25,"Beaufort","Ozone","Carteret",34.8848,-76.6203
"948",2024-01-17,31,"Beaufort","Ozone","Carteret",34.8848,-76.6203
"949",2024-01-18,37,"Beaufort","Ozone","Carteret",34.8848,-76.6203
"950",2024-01-19,35,"Beaufort","Ozone","Carteret",34.8848,-76.6203
"951",2024-01-20,31,"Beaufort","Ozone","Carteret",34.8848,-76.6203
"952",2024-01-21,32,"Beaufort","Ozone","Carteret",34.8848,-76.6203
"953",2024-01-22,37,"Beaufort","Ozone","Carteret",34.8848,-76.6203
"954",2024-01-23,30,"Beaufort","Ozone","Carteret",34.8848,-76.6203
"955",2024-01-24,37,"Beaufort","Ozone","Carteret",34.8848,-76.6203
"956",2024-01-25,32,"Beaufort","Ozone","Carteret",34.8848,-76.6203
"957",2024-01-26,31,"Beaufort","Ozone","Carteret",34.8848,-76.6203
"958",2024-01-27,22,"Beaufort","Ozone","Carteret",34.8848,-76.6203
"959",2024-01-28,30,"Beaufort","Ozone","Carteret",34.8848,-76.6203
"960",2024-01-29,27,"Beaufort","Ozone","Carteret",34.8848,-76.6203
"961",2024-01-30,29,"Beaufort","Ozone","Carteret",34.8848,-76.6203
"962",2024-01-31,31,"Beaufort","Ozone","Carteret",34.8848,-76.6203
"963",2024-02-01,31,"Beaufort","Ozone","Carteret",34.8848,-76.6203
"964",2024-02-02,31,"Beaufort","Ozone","Carteret",34.8848,-76.6203
"965",2024-02-03,23,"Beaufort","Ozone","Carteret",34.8848,-76.6203
"966",2024-02-04,31,"Beaufort","Ozone","Carteret",34.8848,-76.6203
"967",2024-02-05,39,"Beaufort","Ozone","Carteret",34.8848,-76.6203
"968",2024-02-06,41,"Beaufort","Ozone","Carteret",34.8848,-76.6203
"969",2024-02-07,33,"Beaufort","Ozone","Carteret",34.8848,-76.6203
"970",2024-02-08,34,"Beaufort","Ozone","Carteret",34.8848,-76.6203
"971",2024-02-09,34,"Beaufort","Ozone","Carteret",34.8848,-76.6203
"972",2024-02-10,38,"Beaufort","Ozone","Carteret",34.8848,-76.6203
"973",2024-02-11,32,"Beaufort","Ozone","Carteret",34.8848,-76.6203
"974",2024-02-12,31,"Beaufort","Ozone","Carteret",34.8848,-76.6203
"975",2024-02-13,27,"Beaufort","Ozone","Carteret",34.8848,-76.6203
"976",2024-02-14,38,"Beaufort","Ozone","Carteret",34.8848,-76.6203
"977",2024-02-15,42,"Beaufort","Ozone","Carteret",34.8848,-76.6203
"978",2024-02-16,36,"Beaufort","Ozone","Carteret",34.8848,-76.6203
"979",2024-02-17,32,"Beaufort","Ozone","Carteret",34.8848,-76.6203
"980",2024-02-18,31,"Beaufort","Ozone","Carteret",34.8848,-76.6203
"981",2024-02-19,41,"Beaufort","Ozone","Carteret",34.8848,-76.6203
"982",2024-02-20,40,"Beaufort","Ozone","Carteret",34.8848,-76.6203
"983",2024-02-21,38,"Beaufort","Ozone","Carteret",34.8848,-76.6203
"984",2024-02-22,47,"Beaufort","Ozone","Carteret",34.8848,-76.6203
"985",2024-02-23,45,"Beaufort","Ozone","Carteret",34.8848,-76.6203
"986",2024-02-24,38,"Beaufort","Ozone","Carteret",34.8848,-76.6203
"987",2024-02-25,33,"Beaufort","Ozone","Carteret",34.8848,-76.6203
"988",2024-02-26,42,"Beaufort","Ozone","Carteret",34.8848,-76.6203
"989",2024-02-27,44,"Beaufort","Ozone","Carteret",34.8848,-76.6203
"990",2024-02-28,45,"Beaufort","Ozone","Carteret",34.8848,-76.6203
"991",2024-02-29,33,"Beaufort","Ozone","Carteret",34.8848,-76.6203
"992",2024-03-01,38,"Beaufort","Ozone","Carteret",34.8848,-76.6203
"993",2024-03-02,37,"Beaufort","Ozone","Carteret",34.8848,-76.6203
"994",2024-03-03,31,"Beaufort","Ozone","Carteret",34.8848,-76.6203
"995",2024-03-04,32,"Beaufort","Ozone","Carteret",34.8848,-76.6203
"996",2024-03-05,31,"Beaufort","Ozone","Carteret",34.8848,-76.6203
"997",2024-03-06,36,"Beaufort","Ozone","Carteret",34.8848,-76.6203
"998",2024-03-07,31,"Beaufort","Ozone","Carteret",34.8848,-76.6203
"999",2024-03-08,33,"Beaufort","Ozone","Carteret",34.8848,-76.6203
"1000",2024-03-09,32,"Beaufort","Ozone","Carteret",34.8848,-76.6203
"1001",2024-03-10,39,"Beaufort","Ozone","Carteret",34.8848,-76.6203
"1002",2024-03-11,41,"Beaufort","Ozone","Carteret",34.8848,-76.6203
"1003",2024-03-12,47,"Beaufort","Ozone","Carteret",34.8848,-76.6203
"1004",2024-03-13,71,"Beaufort","Ozone","Carteret",34.8848,-76.6203
"1005",2024-03-14,64,"Beaufort","Ozone","Carteret",34.8848,-76.6203
"1006",2024-03-15,49,"Beaufort","Ozone","Carteret",34.8848,-76.6203
"1007",2024-03-16,39,"Beaufort","Ozone","Carteret",34.8848,-76.6203
"1008",2024-03-17,37,"Beaufort","Ozone","Carteret",34.8848,-76.6203
"1009",2024-03-18,39,"Beaufort","Ozone","Carteret",34.8848,-76.6203
"1010",2024-03-19,35,"Beaufort","Ozone","Carteret",34.8848,-76.6203
"1011",2024-03-20,48,"Beaufort","Ozone","Carteret",34.8848,-76.6203
"1012",2024-03-21,41,"Beaufort","Ozone","Carteret",34.8848,-76.6203
"1013",2024-03-22,43,"Beaufort","Ozone","Carteret",34.8848,-76.6203
"1014",2024-03-23,38,"Beaufort","Ozone","Carteret",34.8848,-76.6203
"1015",2024-03-24,41,"Beaufort","Ozone","Carteret",34.8848,-76.6203
"1016",2024-03-25,41,"Beaufort","Ozone","Carteret",34.8848,-76.6203
"1017",2024-03-26,34,"Beaufort","Ozone","Carteret",34.8848,-76.6203
"1018",2024-03-27,29,"Beaufort","Ozone","Carteret",34.8848,-76.6203
"1019",2024-03-28,30,"Beaufort","Ozone","Carteret",34.8848,-76.6203
"1020",2024-03-29,47,"Beaufort","Ozone","Carteret",34.8848,-76.6203
"1021",2024-03-30,58,"Beaufort","Ozone","Carteret",34.8848,-76.6203
"1022",2024-03-31,49,"Beaufort","Ozone","Carteret",34.8848,-76.6203
"1023",2024-04-01,39,"Beaufort","Ozone","Carteret",34.8848,-76.6203
"1024",2024-04-02,40,"Beaufort","Ozone","Carteret",34.8848,-76.6203
"1025",2024-04-03,36,"Beaufort","Ozone","Carteret",34.8848,-76.6203
"1026",2024-04-04,40,"Beaufort","Ozone","Carteret",34.8848,-76.6203
"1027",2024-04-05,41,"Beaufort","Ozone","Carteret",34.8848,-76.6203
"1028",2024-04-06,38,"Beaufort","Ozone","Carteret",34.8848,-76.6203
"1029",2024-04-07,40,"Beaufort","Ozone","Carteret",34.8848,-76.6203
"1030",2024-04-08,44,"Beaufort","Ozone","Carteret",34.8848,-76.6203
"1031",2024-04-09,41,"Beaufort","Ozone","Carteret",34.8848,-76.6203
"1032",2024-04-10,43,"Beaufort","Ozone","Carteret",34.8848,-76.6203
"1033",2024-04-11,41,"Beaufort","Ozone","Carteret",34.8848,-76.6203
"1034",2024-04-12,45,"Beaufort","Ozone","Carteret",34.8848,-76.6203
"1035",2024-04-13,45,"Beaufort","Ozone","Carteret",34.8848,-76.6203
"1036",2024-04-14,50,"Beaufort","Ozone","Carteret",34.8848,-76.6203
"1037",2024-04-15,64,"Beaufort","Ozone","Carteret",34.8848,-76.6203
"1038",2024-04-16,48,"Beaufort","Ozone","Carteret",34.8848,-76.6203
"1039",2024-04-17,45,"Beaufort","Ozone","Carteret",34.8848,-76.6203
"1040",2024-04-18,44,"Beaufort","Ozone","Carteret",34.8848,-76.6203
"1041",2024-04-19,38,"Beaufort","Ozone","Carteret",34.8848,-76.6203
"1042",2024-04-20,36,"Beaufort","Ozone","Carteret",34.8848,-76.6203
"1043",2024-04-21,34,"Beaufort","Ozone","Carteret",34.8848,-76.6203
"1044",2024-04-22,35,"Beaufort","Ozone","Carteret",34.8848,-76.6203
"1045",2024-04-23,49,"Beaufort","Ozone","Carteret",34.8848,-76.6203
"1046",2024-04-24,50,"Beaufort","Ozone","Carteret",34.8848,-76.6203
"1047",2024-04-25,48,"Beaufort","Ozone","Carteret",34.8848,-76.6203
"1048",2024-04-26,44,"Beaufort","Ozone","Carteret",34.8848,-76.6203
"1049",2024-04-27,44,"Beaufort","Ozone","Carteret",34.8848,-76.6203
"1050",2024-04-28,46,"Beaufort","Ozone","Carteret",34.8848,-76.6203
"1051",2024-04-29,43,"Beaufort","Ozone","Carteret",34.8848,-76.6203
"1052",2024-04-30,37,"Beaufort","Ozone","Carteret",34.8848,-76.6203
"1053",2024-05-01,38,"Beaufort","Ozone","Carteret",34.8848,-76.6203
"1054",2024-05-02,40,"Beaufort","Ozone","Carteret",34.8848,-76.6203
"1055",2024-05-03,37,"Beaufort","Ozone","Carteret",34.8848,-76.6203
"1056",2024-05-04,33,"Beaufort","Ozone","Carteret",34.8848,-76.6203
"1057",2024-05-05,36,"Beaufort","Ozone","Carteret",34.8848,-76.6203
"1058",2024-05-06,33,"Beaufort","Ozone","Carteret",34.8848,-76.6203
"1059",2024-05-07,40,"Beaufort","Ozone","Carteret",34.8848,-76.6203
"1060",2024-05-08,42,"Beaufort","Ozone","Carteret",34.8848,-76.6203
"1061",2024-05-09,44,"Beaufort","Ozone","Carteret",34.8848,-76.6203
"1062",2024-05-10,37,"Beaufort","Ozone","Carteret",34.8848,-76.6203
"1063",2024-05-11,31,"Beaufort","Ozone","Carteret",34.8848,-76.6203
"1064",2024-05-12,47,"Beaufort","Ozone","Carteret",34.8848,-76.6203
"1065",2024-05-13,43,"Beaufort","Ozone","Carteret",34.8848,-76.6203
"1066",2024-05-14,40,"Beaufort","Ozone","Carteret",34.8848,-76.6203
"1067",2024-05-15,39,"Beaufort","Ozone","Carteret",34.8848,-76.6203
"1068",2024-05-16,38,"Beaufort","Ozone","Carteret",34.8848,-76.6203
"1069",2024-05-17,37,"Beaufort","Ozone","Carteret",34.8848,-76.6203
"1070",2024-05-18,38,"Beaufort","Ozone","Carteret",34.8848,-76.6203
"1071",2024-05-19,31,"Beaufort","Ozone","Carteret",34.8848,-76.6203
"1072",2024-05-20,28,"Beaufort","Ozone","Carteret",34.8848,-76.6203
"1073",2024-05-21,27,"Beaufort","Ozone","Carteret",34.8848,-76.6203
"1074",2024-05-22,28,"Beaufort","Ozone","Carteret",34.8848,-76.6203
"1075",2024-05-23,32,"Beaufort","Ozone","Carteret",34.8848,-76.6203
"1076",2024-05-24,31,"Beaufort","Ozone","Carteret",34.8848,-76.6203
"1077",2024-05-25,41,"Beaufort","Ozone","Carteret",34.8848,-76.6203
"1078",2024-05-26,44,"Beaufort","Ozone","Carteret",34.8848,-76.6203
"1079",2024-05-27,37,"Beaufort","Ozone","Carteret",34.8848,-76.6203
"1080",2024-05-28,37,"Beaufort","Ozone","Carteret",34.8848,-76.6203
"1081",2024-05-29,45,"Beaufort","Ozone","Carteret",34.8848,-76.6203
"1082",2024-05-30,43,"Beaufort","Ozone","Carteret",34.8848,-76.6203
"1083",2024-05-31,46,"Beaufort","Ozone","Carteret",34.8848,-76.6203
"1084",2024-06-01,50,"Beaufort","Ozone","Carteret",34.8848,-76.6203
"1085",2024-06-02,46,"Beaufort","Ozone","Carteret",34.8848,-76.6203
"1086",2024-06-03,39,"Beaufort","Ozone","Carteret",34.8848,-76.6203
"1087",2024-06-04,39,"Beaufort","Ozone","Carteret",34.8848,-76.6203
"1088",2024-06-05,33,"Beaufort","Ozone","Carteret",34.8848,-76.6203
"1089",2024-06-06,36,"Beaufort","Ozone","Carteret",34.8848,-76.6203
"1090",2024-06-07,42,"Beaufort","Ozone","Carteret",34.8848,-76.6203
"1091",2024-06-08,49,"Beaufort","Ozone","Carteret",34.8848,-76.6203
"1092",2024-06-09,51,"Beaufort","Ozone","Carteret",34.8848,-76.6203
"1093",2024-06-10,40,"Beaufort","Ozone","Carteret",34.8848,-76.6203
"1094",2024-06-11,54,"Beaufort","Ozone","Carteret",34.8848,-76.6203
"1095",2024-06-12,49,"Beaufort","Ozone","Carteret",34.8848,-76.6203
"1096",2024-06-13,45,"Beaufort","Ozone","Carteret",34.8848,-76.6203
"1097",2024-06-14,42,"Beaufort","Ozone","Carteret",34.8848,-76.6203
"1098",2024-06-15,54,"Beaufort","Ozone","Carteret",34.8848,-76.6203
"1099",2024-06-16,49,"Beaufort","Ozone","Carteret",34.8848,-76.6203
"1100",2024-06-17,43,"Beaufort","Ozone","Carteret",34.8848,-76.6203
"1101",2024-06-18,38,"Beaufort","Ozone","Carteret",34.8848,-76.6203
"1102",2024-06-19,40,"Beaufort","Ozone","Carteret",34.8848,-76.6203
"1103",2024-06-20,36,"Beaufort","Ozone","Carteret",34.8848,-76.6203
"1104",2024-06-21,24,"Beaufort","Ozone","Carteret",34.8848,-76.6203
"1105",2024-06-22,17,"Beaufort","Ozone","Carteret",34.8848,-76.6203
"1106",2024-06-23,24,"Beaufort","Ozone","Carteret",34.8848,-76.6203
"1107",2024-06-24,31,"Beaufort","Ozone","Carteret",34.8848,-76.6203
"1108",2024-06-25,44,"Beaufort","Ozone","Carteret",34.8848,-76.6203
"1109",2024-06-26,27,"Beaufort","Ozone","Carteret",34.8848,-76.6203
"1110",2024-06-27,37,"Beaufort","Ozone","Carteret",34.8848,-76.6203
"1111",2024-06-28,46,"Beaufort","Ozone","Carteret",34.8848,-76.6203
"1112",2024-06-29,27,"Beaufort","Ozone","Carteret",34.8848,-76.6203
"1113",2024-06-30,24,"Beaufort","Ozone","Carteret",34.8848,-76.6203
"1114",2024-07-01,31,"Beaufort","Ozone","Carteret",34.8848,-76.6203
"1115",2024-07-02,36,"Beaufort","Ozone","Carteret",34.8848,-76.6203
"1116",2024-07-03,32,"Beaufort","Ozone","Carteret",34.8848,-76.6203
"1117",2024-07-04,34,"Beaufort","Ozone","Carteret",34.8848,-76.6203
"1118",2024-07-05,32,"Beaufort","Ozone","Carteret",34.8848,-76.6203
"1119",2024-07-06,32,"Beaufort","Ozone","Carteret",34.8848,-76.6203
"1120",2024-07-07,28,"Beaufort","Ozone","Carteret",34.8848,-76.6203
"1121",2024-07-08,23,"Beaufort","Ozone","Carteret",34.8848,-76.6203
"1122",2024-07-09,24,"Beaufort","Ozone","Carteret",34.8848,-76.6203
"1123",2024-07-10,23,"Beaufort","Ozone","Carteret",34.8848,-76.6203
"1124",2024-07-11,26,"Beaufort","Ozone","Carteret",34.8848,-76.6203
"1125",2024-07-12,24,"Beaufort","Ozone","Carteret",34.8848,-76.6203
"1126",2024-07-13,34,"Beaufort","Ozone","Carteret",34.8848,-76.6203
"1127",2024-07-14,38,"Beaufort","Ozone","Carteret",34.8848,-76.6203
"1128",2024-07-15,37,"Beaufort","Ozone","Carteret",34.8848,-76.6203
"1129",2024-07-16,35,"Beaufort","Ozone","Carteret",34.8848,-76.6203
"1130",2024-07-17,36,"Beaufort","Ozone","Carteret",34.8848,-76.6203
"1131",2024-07-18,36,"Beaufort","Ozone","Carteret",34.8848,-76.6203
"1132",2024-07-19,36,"Beaufort","Ozone","Carteret",34.8848,-76.6203
"1133",2024-07-20,31,"Beaufort","Ozone","Carteret",34.8848,-76.6203
"1134",2024-07-21,25,"Beaufort","Ozone","Carteret",34.8848,-76.6203
"1135",2024-07-22,24,"Beaufort","Ozone","Carteret",34.8848,-76.6203
"1136",2024-07-23,22,"Beaufort","Ozone","Carteret",34.8848,-76.6203
"1137",2024-07-24,25,"Beaufort","Ozone","Carteret",34.8848,-76.6203
"1138",2024-07-25,18,"Beaufort","Ozone","Carteret",34.8848,-76.6203
"1139",2024-07-26,31,"Beaufort","Ozone","Carteret",34.8848,-76.6203
"1140",2024-07-27,41,"Beaufort","Ozone","Carteret",34.8848,-76.6203
"1141",2024-07-28,35,"Beaufort","Ozone","Carteret",34.8848,-76.6203
"1142",2024-07-29,39,"Beaufort","Ozone","Carteret",34.8848,-76.6203
"1143",2024-07-30,35,"Beaufort","Ozone","Carteret",34.8848,-76.6203
"1144",2024-07-31,43,"Beaufort","Ozone","Carteret",34.8848,-76.6203
"1145",2024-08-01,40,"Beaufort","Ozone","Carteret",34.8848,-76.6203
"1146",2024-08-02,42,"Beaufort","Ozone","Carteret",34.8848,-76.6203
"1147",2024-08-03,19,"Beaufort","Ozone","Carteret",34.8848,-76.6203
"1148",2024-08-04,25,"Beaufort","Ozone","Carteret",34.8848,-76.6203
"1149",2024-08-05,18,"Beaufort","Ozone","Carteret",34.8848,-76.6203
"1150",2024-08-06,23,"Beaufort","Ozone","Carteret",34.8848,-76.6203
"1151",2024-08-07,24,"Beaufort","Ozone","Carteret",34.8848,-76.6203
"1152",2024-08-08,39,"Beaufort","Ozone","Carteret",34.8848,-76.6203
"1153",2024-08-09,40,"Beaufort","Ozone","Carteret",34.8848,-76.6203
"1154",2024-08-10,30,"Beaufort","Ozone","Carteret",34.8848,-76.6203
"1155",2024-08-11,27,"Beaufort","Ozone","Carteret",34.8848,-76.6203
"1156",2024-08-12,31,"Beaufort","Ozone","Carteret",34.8848,-76.6203
"1157",2024-08-13,44,"Beaufort","Ozone","Carteret",34.8848,-76.6203
"1158",2024-08-14,40,"Beaufort","Ozone","Carteret",34.8848,-76.6203
"1159",2024-08-15,38,"Beaufort","Ozone","Carteret",34.8848,-76.6203
"1160",2024-08-16,41,"Beaufort","Ozone","Carteret",34.8848,-76.6203
"1161",2024-08-17,43,"Beaufort","Ozone","Carteret",34.8848,-76.6203
"1162",2024-08-18,42,"Beaufort","Ozone","Carteret",34.8848,-76.6203
"1163",2024-08-19,40,"Beaufort","Ozone","Carteret",34.8848,-76.6203
"1164",2024-08-20,30,"Beaufort","Ozone","Carteret",34.8848,-76.6203
"1165",2024-08-21,37,"Beaufort","Ozone","Carteret",34.8848,-76.6203
"1166",2024-08-22,39,"Beaufort","Ozone","Carteret",34.8848,-76.6203
"1167",2024-08-23,39,"Beaufort","Ozone","Carteret",34.8848,-76.6203
"1168",2024-08-24,37,"Beaufort","Ozone","Carteret",34.8848,-76.6203
"1169",2024-08-25,34,"Beaufort","Ozone","Carteret",34.8848,-76.6203
"1170",2024-08-26,32,"Beaufort","Ozone","Carteret",34.8848,-76.6203
"1171",2024-08-27,28,"Beaufort","Ozone","Carteret",34.8848,-76.6203
"1172",2024-08-28,33,"Beaufort","Ozone","Carteret",34.8848,-76.6203
"1173",2024-08-29,31,"Beaufort","Ozone","Carteret",34.8848,-76.6203
"1174",2024-08-30,21,"Beaufort","Ozone","Carteret",34.8848,-76.6203
"1175",2024-08-31,33,"Beaufort","Ozone","Carteret",34.8848,-76.6203
"1176",2024-09-01,25,"Beaufort","Ozone","Carteret",34.8848,-76.6203
"1177",2024-09-02,35,"Beaufort","Ozone","Carteret",34.8848,-76.6203
"1178",2024-09-03,32,"Beaufort","Ozone","Carteret",34.8848,-76.6203
"1179",2024-09-04,34,"Beaufort","Ozone","Carteret",34.8848,-76.6203
"1180",2024-09-05,33,"Beaufort","Ozone","Carteret",34.8848,-76.6203
"1181",2024-09-06,28,"Beaufort","Ozone","Carteret",34.8848,-76.6203
"1182",2024-09-07,27,"Beaufort","Ozone","Carteret",34.8848,-76.6203
"1183",2024-09-08,26,"Beaufort","Ozone","Carteret",34.8848,-76.6203
"1184",2024-09-09,39,"Beaufort","Ozone","Carteret",34.8848,-76.6203
"1185",2024-09-10,40,"Beaufort","Ozone","Carteret",34.8848,-76.6203
"1186",2024-09-11,44,"Beaufort","Ozone","Carteret",34.8848,-76.6203
"1187",2024-09-12,41,"Beaufort","Ozone","Carteret",34.8848,-76.6203
"1188",2024-09-13,31,"Beaufort","Ozone","Carteret",34.8848,-76.6203
"1189",2024-09-14,31,"Beaufort","Ozone","Carteret",34.8848,-76.6203
"1190",2024-09-15,35,"Beaufort","Ozone","Carteret",34.8848,-76.6203
"1191",2024-09-16,33,"Beaufort","Ozone","Carteret",34.8848,-76.6203
"1192",2024-09-17,31,"Beaufort","Ozone","Carteret",34.8848,-76.6203
"1193",2024-09-18,29,"Beaufort","Ozone","Carteret",34.8848,-76.6203
"1194",2024-09-19,25,"Beaufort","Ozone","Carteret",34.8848,-76.6203
"1195",2024-09-20,38,"Beaufort","Ozone","Carteret",34.8848,-76.6203
"1196",2024-09-21,39,"Beaufort","Ozone","Carteret",34.8848,-76.6203
"1197",2024-09-22,33,"Beaufort","Ozone","Carteret",34.8848,-76.6203
"1198",2024-09-23,34,"Beaufort","Ozone","Carteret",34.8848,-76.6203
"1199",2024-09-24,33,"Beaufort","Ozone","Carteret",34.8848,-76.6203
"1200",2024-09-25,32,"Beaufort","Ozone","Carteret",34.8848,-76.6203
"1201",2024-09-26,27,"Beaufort","Ozone","Carteret",34.8848,-76.6203
"1202",2024-09-27,25,"Beaufort","Ozone","Carteret",34.8848,-76.6203
"1203",2024-09-28,39,"Beaufort","Ozone","Carteret",34.8848,-76.6203
"1204",2024-09-29,31,"Beaufort","Ozone","Carteret",34.8848,-76.6203
"1205",2024-09-30,37,"Beaufort","Ozone","Carteret",34.8848,-76.6203
"1206",2024-10-01,33,"Beaufort","Ozone","Carteret",34.8848,-76.6203
"1207",2024-10-02,26,"Beaufort","Ozone","Carteret",34.8848,-76.6203
"1208",2024-10-03,31,"Beaufort","Ozone","Carteret",34.8848,-76.6203
"1209",2024-10-04,38,"Beaufort","Ozone","Carteret",34.8848,-76.6203
"1210",2024-10-05,36,"Beaufort","Ozone","Carteret",34.8848,-76.6203
"1211",2024-10-06,45,"Beaufort","Ozone","Carteret",34.8848,-76.6203
"1212",2024-10-07,45,"Beaufort","Ozone","Carteret",34.8848,-76.6203
"1213",2024-10-08,36,"Beaufort","Ozone","Carteret",34.8848,-76.6203
"1214",2024-10-09,41,"Beaufort","Ozone","Carteret",34.8848,-76.6203
"1215",2024-10-10,35,"Beaufort","Ozone","Carteret",34.8848,-76.6203
"1216",2024-10-11,26,"Beaufort","Ozone","Carteret",34.8848,-76.6203
"1217",2024-10-12,39,"Beaufort","Ozone","Carteret",34.8848,-76.6203
"1218",2024-10-13,46,"Beaufort","Ozone","Carteret",34.8848,-76.6203
"1219",2024-10-14,44,"Beaufort","Ozone","Carteret",34.8848,-76.6203
"1220",2024-10-15,31,"Beaufort","Ozone","Carteret",34.8848,-76.6203
"1221",2024-10-16,28,"Beaufort","Ozone","Carteret",34.8848,-76.6203
"1222",2024-10-17,32,"Beaufort","Ozone","Carteret",34.8848,-76.6203
"1223",2024-10-18,34,"Beaufort","Ozone","Carteret",34.8848,-76.6203
"1224",2024-10-19,31,"Beaufort","Ozone","Carteret",34.8848,-76.6203
"1225",2024-10-20,31,"Beaufort","Ozone","Carteret",34.8848,-76.6203
"1226",2024-10-21,42,"Beaufort","Ozone","Carteret",34.8848,-76.6203
"1227",2024-10-22,39,"Beaufort","Ozone","Carteret",34.8848,-76.6203
"1228",2024-10-23,34,"Beaufort","Ozone","Carteret",34.8848,-76.6203
"1229",2024-10-24,45,"Beaufort","Ozone","Carteret",34.8848,-76.6203
"1230",2024-10-25,39,"Beaufort","Ozone","Carteret",34.8848,-76.6203
"1231",2024-10-26,43,"Beaufort","Ozone","Carteret",34.8848,-76.6203
"1232",2024-10-27,34,"Beaufort","Ozone","Carteret",34.8848,-76.6203
"1233",2024-10-28,38,"Beaufort","Ozone","Carteret",34.8848,-76.6203
"1234",2024-10-29,33,"Beaufort","Ozone","Carteret",34.8848,-76.6203
"1235",2024-10-30,39,"Beaufort","Ozone","Carteret",34.8848,-76.6203
"1236",2024-10-31,35,"Beaufort","Ozone","Carteret",34.8848,-76.6203
"1237",2024-11-01,35,"Beaufort","Ozone","Carteret",34.8848,-76.6203
"1238",2024-11-02,31,"Beaufort","Ozone","Carteret",34.8848,-76.6203
"1239",2024-11-03,36,"Beaufort","Ozone","Carteret",34.8848,-76.6203
"1240",2024-11-04,32,"Beaufort","Ozone","Carteret",34.8848,-76.6203
"1241",2024-11-05,42,"Beaufort","Ozone","Carteret",34.8848,-76.6203
"1242",2024-11-06,33,"Beaufort","Ozone","Carteret",34.8848,-76.6203
"1243",2024-11-07,20,"Beaufort","Ozone","Carteret",34.8848,-76.6203
"1244",2024-11-08,24,"Beaufort","Ozone","Carteret",34.8848,-76.6203
"1245",2024-11-09,34,"Beaufort","Ozone","Carteret",34.8848,-76.6203
"1246",2024-11-10,33,"Beaufort","Ozone","Carteret",34.8848,-76.6203
"1247",2024-11-11,28,"Beaufort","Ozone","Carteret",34.8848,-76.6203
"1248",2024-11-12,34,"Beaufort","Ozone","Carteret",34.8848,-76.6203
"1249",2024-11-13,35,"Beaufort","Ozone","Carteret",34.8848,-76.6203
"1250",2024-11-14,35,"Beaufort","Ozone","Carteret",34.8848,-76.6203
"1251",2024-11-15,35,"Beaufort","Ozone","Carteret",34.8848,-76.6203
"1252",2024-11-16,27,"Beaufort","Ozone","Carteret",34.8848,-76.6203
"1253",2024-11-17,29,"Beaufort","Ozone","Carteret",34.8848,-76.6203
"1254",2024-11-18,31,"Beaufort","Ozone","Carteret",34.8848,-76.6203
"1255",2024-11-19,30,"Beaufort","Ozone","Carteret",34.8848,-76.6203
"1256",2024-11-20,31,"Beaufort","Ozone","Carteret",34.8848,-76.6203
"1257",2024-11-21,32,"Beaufort","Ozone","Carteret",34.8848,-76.6203
"1258",2024-11-22,19,"Beaufort","Ozone","Carteret",34.8848,-76.6203
"1259",2024-11-23,19,"Beaufort","Ozone","Carteret",34.8848,-76.6203
"1260",2024-11-24,26,"Beaufort","Ozone","Carteret",34.8848,-76.6203
"1261",2024-11-25,35,"Beaufort","Ozone","Carteret",34.8848,-76.6203
"1262",2024-11-26,32,"Beaufort","Ozone","Carteret",34.8848,-76.6203
"1263",2024-11-27,31,"Beaufort","Ozone","Carteret",34.8848,-76.6203
"1264",2024-11-28,31,"Beaufort","Ozone","Carteret",34.8848,-76.6203
"1265",2024-11-29,25,"Beaufort","Ozone","Carteret",34.8848,-76.6203
"1266",2024-11-30,32,"Beaufort","Ozone","Carteret",34.8848,-76.6203
"1267",2024-12-01,34,"Beaufort","Ozone","Carteret",34.8848,-76.6203
"1268",2024-12-02,34,"Beaufort","Ozone","Carteret",34.8848,-76.6203
"1269",2024-12-03,29,"Beaufort","Ozone","Carteret",34.8848,-76.6203
"1270",2024-12-04,38,"Beaufort","Ozone","Carteret",34.8848,-76.6203
"1271",2024-12-05,39,"Beaufort","Ozone","Carteret",34.8848,-76.6203
"1272",2024-12-06,27,"Beaufort","Ozone","Carteret",34.8848,-76.6203
"1273",2024-12-07,31,"Beaufort","Ozone","Carteret",34.8848,-76.6203
"1274",2024-12-08,38,"Beaufort","Ozone","Carteret",34.8848,-76.6203
"1275",2024-12-09,36,"Beaufort","Ozone","Carteret",34.8848,-76.6203
"1276",2024-12-10,36,"Beaufort","Ozone","Carteret",34.8848,-76.6203
"1277",2024-12-11,33,"Beaufort","Ozone","Carteret",34.8848,-76.6203
"1278",2024-12-12,32,"Beaufort","Ozone","Carteret",34.8848,-76.6203
"1279",2024-12-13,33,"Beaufort","Ozone","Carteret",34.8848,-76.6203
"1280",2024-12-14,35,"Beaufort","Ozone","Carteret",34.8848,-76.6203
"1281",2024-12-15,31,"Beaufort","Ozone","Carteret",34.8848,-76.6203
"1282",2024-12-16,31,"Beaufort","Ozone","Carteret",34.8848,-76.6203
"1283",2024-12-17,31,"Beaufort","Ozone","Carteret",34.8848,-76.6203
"1284",2024-12-18,26,"Beaufort","Ozone","Carteret",34.8848,-76.6203
"1285",2024-12-20,26,"Beaufort","Ozone","Carteret",34.8848,-76.6203
"1286",2024-12-21,30,"Beaufort","Ozone","Carteret",34.8848,-76.6203
"1287",2024-12-22,35,"Beaufort","Ozone","Carteret",34.8848,-76.6203
"1288",2024-12-23,35,"Beaufort","Ozone","Carteret",34.8848,-76.6203
"1289",2024-12-24,34,"Beaufort","Ozone","Carteret",34.8848,-76.6203
"1290",2024-12-25,31,"Beaufort","Ozone","Carteret",34.8848,-76.6203
"1291",2024-12-26,30,"Beaufort","Ozone","Carteret",34.8848,-76.6203
"1292",2024-12-27,33,"Beaufort","Ozone","Carteret",34.8848,-76.6203
"1293",2024-12-28,37,"Beaufort","Ozone","Carteret",34.8848,-76.6203
"1294",2024-12-29,41,"Beaufort","Ozone","Carteret",34.8848,-76.6203
"1295",2024-12-30,29,"Beaufort","Ozone","Carteret",34.8848,-76.6203
"1296",2024-03-01,30,"Cherry Grove","Ozone","Caswell",36.307033,-79.467417
"1297",2024-03-02,31,"Cherry Grove","Ozone","Caswell",36.307033,-79.467417
"1298",2024-03-03,34,"Cherry Grove","Ozone","Caswell",36.307033,-79.467417
"1299",2024-03-04,37,"Cherry Grove","Ozone","Caswell",36.307033,-79.467417
"1300",2024-03-05,37,"Cherry Grove","Ozone","Caswell",36.307033,-79.467417
"1301",2024-03-06,23,"Cherry Grove","Ozone","Caswell",36.307033,-79.467417
"1302",2024-03-07,35,"Cherry Grove","Ozone","Caswell",36.307033,-79.467417
"1303",2024-03-08,35,"Cherry Grove","Ozone","Caswell",36.307033,-79.467417
"1304",2024-03-09,24,"Cherry Grove","Ozone","Caswell",36.307033,-79.467417
"1305",2024-03-10,40,"Cherry Grove","Ozone","Caswell",36.307033,-79.467417
"1306",2024-03-11,44,"Cherry Grove","Ozone","Caswell",36.307033,-79.467417
"1307",2024-03-12,45,"Cherry Grove","Ozone","Caswell",36.307033,-79.467417
"1308",2024-03-13,58,"Cherry Grove","Ozone","Caswell",36.307033,-79.467417
"1309",2024-03-14,80,"Cherry Grove","Ozone","Caswell",36.307033,-79.467417
"1310",2024-03-15,42,"Cherry Grove","Ozone","Caswell",36.307033,-79.467417
"1311",2024-03-16,44,"Cherry Grove","Ozone","Caswell",36.307033,-79.467417
"1312",2024-03-17,44,"Cherry Grove","Ozone","Caswell",36.307033,-79.467417
"1313",2024-03-18,44,"Cherry Grove","Ozone","Caswell",36.307033,-79.467417
"1314",2024-03-19,38,"Cherry Grove","Ozone","Caswell",36.307033,-79.467417
"1315",2024-03-20,46,"Cherry Grove","Ozone","Caswell",36.307033,-79.467417
"1316",2024-03-21,48,"Cherry Grove","Ozone","Caswell",36.307033,-79.467417
"1317",2024-03-22,38,"Cherry Grove","Ozone","Caswell",36.307033,-79.467417
"1318",2024-03-23,40,"Cherry Grove","Ozone","Caswell",36.307033,-79.467417
"1319",2024-03-24,43,"Cherry Grove","Ozone","Caswell",36.307033,-79.467417
"1320",2024-03-25,44,"Cherry Grove","Ozone","Caswell",36.307033,-79.467417
"1321",2024-03-26,37,"Cherry Grove","Ozone","Caswell",36.307033,-79.467417
"1322",2024-03-27,20,"Cherry Grove","Ozone","Caswell",36.307033,-79.467417
"1323",2024-03-28,43,"Cherry Grove","Ozone","Caswell",36.307033,-79.467417
"1324",2024-03-29,49,"Cherry Grove","Ozone","Caswell",36.307033,-79.467417
"1325",2024-03-30,64,"Cherry Grove","Ozone","Caswell",36.307033,-79.467417
"1326",2024-03-31,54,"Cherry Grove","Ozone","Caswell",36.307033,-79.467417
"1327",2024-04-01,48,"Cherry Grove","Ozone","Caswell",36.307033,-79.467417
"1328",2024-04-02,46,"Cherry Grove","Ozone","Caswell",36.307033,-79.467417
"1329",2024-04-03,44,"Cherry Grove","Ozone","Caswell",36.307033,-79.467417
"1330",2024-04-04,38,"Cherry Grove","Ozone","Caswell",36.307033,-79.467417
"1331",2024-04-05,36,"Cherry Grove","Ozone","Caswell",36.307033,-79.467417
"1332",2024-04-06,40,"Cherry Grove","Ozone","Caswell",36.307033,-79.467417
"1333",2024-04-07,44,"Cherry Grove","Ozone","Caswell",36.307033,-79.467417
"1334",2024-04-08,51,"Cherry Grove","Ozone","Caswell",36.307033,-79.467417
"1335",2024-04-09,40,"Cherry Grove","Ozone","Caswell",36.307033,-79.467417
"1336",2024-04-10,31,"Cherry Grove","Ozone","Caswell",36.307033,-79.467417
"1337",2024-04-11,36,"Cherry Grove","Ozone","Caswell",36.307033,-79.467417
"1338",2024-04-12,45,"Cherry Grove","Ozone","Caswell",36.307033,-79.467417
"1339",2024-04-13,45,"Cherry Grove","Ozone","Caswell",36.307033,-79.467417
"1340",2024-04-14,71,"Cherry Grove","Ozone","Caswell",36.307033,-79.467417
"1341",2024-04-15,84,"Cherry Grove","Ozone","Caswell",36.307033,-79.467417
"1342",2024-04-16,48,"Cherry Grove","Ozone","Caswell",36.307033,-79.467417
"1343",2024-04-17,54,"Cherry Grove","Ozone","Caswell",36.307033,-79.467417
"1344",2024-04-18,44,"Cherry Grove","Ozone","Caswell",36.307033,-79.467417
"1345",2024-04-19,31,"Cherry Grove","Ozone","Caswell",36.307033,-79.467417
"1346",2024-04-20,37,"Cherry Grove","Ozone","Caswell",36.307033,-79.467417
"1347",2024-04-21,26,"Cherry Grove","Ozone","Caswell",36.307033,-79.467417
"1348",2024-04-22,41,"Cherry Grove","Ozone","Caswell",36.307033,-79.467417
"1349",2024-04-23,49,"Cherry Grove","Ozone","Caswell",36.307033,-79.467417
"1350",2024-04-24,43,"Cherry Grove","Ozone","Caswell",36.307033,-79.467417
"1351",2024-04-25,45,"Cherry Grove","Ozone","Caswell",36.307033,-79.467417
"1352",2024-04-26,41,"Cherry Grove","Ozone","Caswell",36.307033,-79.467417
"1353",2024-04-27,40,"Cherry Grove","Ozone","Caswell",36.307033,-79.467417
"1354",2024-04-28,44,"Cherry Grove","Ozone","Caswell",36.307033,-79.467417
"1355",2024-04-29,64,"Cherry Grove","Ozone","Caswell",36.307033,-79.467417
"1356",2024-04-30,42,"Cherry Grove","Ozone","Caswell",36.307033,-79.467417
"1357",2024-05-01,44,"Cherry Grove","Ozone","Caswell",36.307033,-79.467417
"1358",2024-05-02,64,"Cherry Grove","Ozone","Caswell",36.307033,-79.467417
"1359",2024-05-03,54,"Cherry Grove","Ozone","Caswell",36.307033,-79.467417
"1360",2024-05-04,13,"Cherry Grove","Ozone","Caswell",36.307033,-79.467417
"1361",2024-05-05,14,"Cherry Grove","Ozone","Caswell",36.307033,-79.467417
"1362",2024-05-06,32,"Cherry Grove","Ozone","Caswell",36.307033,-79.467417
"1363",2024-05-07,37,"Cherry Grove","Ozone","Caswell",36.307033,-79.467417
"1364",2024-05-08,34,"Cherry Grove","Ozone","Caswell",36.307033,-79.467417
"1365",2024-05-09,44,"Cherry Grove","Ozone","Caswell",36.307033,-79.467417
"1366",2024-05-10,42,"Cherry Grove","Ozone","Caswell",36.307033,-79.467417
"1367",2024-05-11,40,"Cherry Grove","Ozone","Caswell",36.307033,-79.467417
"1368",2024-05-12,41,"Cherry Grove","Ozone","Caswell",36.307033,-79.467417
"1369",2024-05-13,39,"Cherry Grove","Ozone","Caswell",36.307033,-79.467417
"1370",2024-05-14,32,"Cherry Grove","Ozone","Caswell",36.307033,-79.467417
"1371",2024-05-15,30,"Cherry Grove","Ozone","Caswell",36.307033,-79.467417
"1372",2024-05-16,38,"Cherry Grove","Ozone","Caswell",36.307033,-79.467417
"1373",2024-05-17,31,"Cherry Grove","Ozone","Caswell",36.307033,-79.467417
"1374",2024-05-18,25,"Cherry Grove","Ozone","Caswell",36.307033,-79.467417
"1375",2024-05-19,31,"Cherry Grove","Ozone","Caswell",36.307033,-79.467417
"1376",2024-05-20,38,"Cherry Grove","Ozone","Caswell",36.307033,-79.467417
"1377",2024-05-21,39,"Cherry Grove","Ozone","Caswell",36.307033,-79.467417
"1378",2024-05-22,46,"Cherry Grove","Ozone","Caswell",36.307033,-79.467417
"1379",2024-05-23,41,"Cherry Grove","Ozone","Caswell",36.307033,-79.467417
"1380",2024-05-24,37,"Cherry Grove","Ozone","Caswell",36.307033,-79.467417
"1381",2024-05-25,43,"Cherry Grove","Ozone","Caswell",36.307033,-79.467417
"1382",2024-05-26,42,"Cherry Grove","Ozone","Caswell",36.307033,-79.467417
"1383",2024-05-27,46,"Cherry Grove","Ozone","Caswell",36.307033,-79.467417
"1384",2024-05-28,42,"Cherry Grove","Ozone","Caswell",36.307033,-79.467417
"1385",2024-05-29,47,"Cherry Grove","Ozone","Caswell",36.307033,-79.467417
"1386",2024-05-30,38,"Cherry Grove","Ozone","Caswell",36.307033,-79.467417
"1387",2024-05-31,47,"Cherry Grove","Ozone","Caswell",36.307033,-79.467417
"1388",2024-06-01,47,"Cherry Grove","Ozone","Caswell",36.307033,-79.467417
"1389",2024-06-02,41,"Cherry Grove","Ozone","Caswell",36.307033,-79.467417
"1390",2024-06-03,38,"Cherry Grove","Ozone","Caswell",36.307033,-79.467417
"1391",2024-06-04,37,"Cherry Grove","Ozone","Caswell",36.307033,-79.467417
"1392",2024-06-05,34,"Cherry Grove","Ozone","Caswell",36.307033,-79.467417
"1393",2024-06-06,37,"Cherry Grove","Ozone","Caswell",36.307033,-79.467417
"1394",2024-06-07,47,"Cherry Grove","Ozone","Caswell",36.307033,-79.467417
"1395",2024-06-08,51,"Cherry Grove","Ozone","Caswell",36.307033,-79.467417
"1396",2024-06-09,42,"Cherry Grove","Ozone","Caswell",36.307033,-79.467417
"1397",2024-06-10,46,"Cherry Grove","Ozone","Caswell",36.307033,-79.467417
"1398",2024-06-11,39,"Cherry Grove","Ozone","Caswell",36.307033,-79.467417
"1399",2024-06-12,45,"Cherry Grove","Ozone","Caswell",36.307033,-79.467417
"1400",2024-06-13,49,"Cherry Grove","Ozone","Caswell",36.307033,-79.467417
"1401",2024-06-14,49,"Cherry Grove","Ozone","Caswell",36.307033,-79.467417
"1402",2024-06-15,50,"Cherry Grove","Ozone","Caswell",36.307033,-79.467417
"1403",2024-06-16,41,"Cherry Grove","Ozone","Caswell",36.307033,-79.467417
"1404",2024-06-17,43,"Cherry Grove","Ozone","Caswell",36.307033,-79.467417
"1405",2024-06-18,42,"Cherry Grove","Ozone","Caswell",36.307033,-79.467417
"1406",2024-06-19,38,"Cherry Grove","Ozone","Caswell",36.307033,-79.467417
"1407",2024-06-20,35,"Cherry Grove","Ozone","Caswell",36.307033,-79.467417
"1408",2024-06-21,44,"Cherry Grove","Ozone","Caswell",36.307033,-79.467417
"1409",2024-06-22,27,"Cherry Grove","Ozone","Caswell",36.307033,-79.467417
"1410",2024-06-23,31,"Cherry Grove","Ozone","Caswell",36.307033,-79.467417
"1411",2024-06-24,48,"Cherry Grove","Ozone","Caswell",36.307033,-79.467417
"1412",2024-06-25,58,"Cherry Grove","Ozone","Caswell",36.307033,-79.467417
"1413",2024-06-26,74,"Cherry Grove","Ozone","Caswell",36.307033,-79.467417
"1414",2024-06-27,45,"Cherry Grove","Ozone","Caswell",36.307033,-79.467417
"1415",2024-06-28,54,"Cherry Grove","Ozone","Caswell",36.307033,-79.467417
"1416",2024-06-29,38,"Cherry Grove","Ozone","Caswell",36.307033,-79.467417
"1417",2024-06-30,38,"Cherry Grove","Ozone","Caswell",36.307033,-79.467417
"1418",2024-07-01,35,"Cherry Grove","Ozone","Caswell",36.307033,-79.467417
"1419",2024-07-02,47,"Cherry Grove","Ozone","Caswell",36.307033,-79.467417
"1420",2024-07-03,47,"Cherry Grove","Ozone","Caswell",36.307033,-79.467417
"1421",2024-07-04,44,"Cherry Grove","Ozone","Caswell",36.307033,-79.467417
"1422",2024-07-05,42,"Cherry Grove","Ozone","Caswell",36.307033,-79.467417
"1423",2024-07-06,44,"Cherry Grove","Ozone","Caswell",36.307033,-79.467417
"1424",2024-07-07,29,"Cherry Grove","Ozone","Caswell",36.307033,-79.467417
"1425",2024-07-08,41,"Cherry Grove","Ozone","Caswell",36.307033,-79.467417
"1426",2024-07-09,43,"Cherry Grove","Ozone","Caswell",36.307033,-79.467417
"1427",2024-07-10,36,"Cherry Grove","Ozone","Caswell",36.307033,-79.467417
"1428",2024-07-11,48,"Cherry Grove","Ozone","Caswell",36.307033,-79.467417
"1429",2024-07-12,26,"Cherry Grove","Ozone","Caswell",36.307033,-79.467417
"1430",2024-07-13,34,"Cherry Grove","Ozone","Caswell",36.307033,-79.467417
"1431",2024-07-14,48,"Cherry Grove","Ozone","Caswell",36.307033,-79.467417
"1432",2024-07-15,61,"Cherry Grove","Ozone","Caswell",36.307033,-79.467417
"1433",2024-07-16,58,"Cherry Grove","Ozone","Caswell",36.307033,-79.467417
"1434",2024-07-17,49,"Cherry Grove","Ozone","Caswell",36.307033,-79.467417
"1435",2024-07-18,44,"Cherry Grove","Ozone","Caswell",36.307033,-79.467417
"1436",2024-07-19,47,"Cherry Grove","Ozone","Caswell",36.307033,-79.467417
"1437",2024-07-20,33,"Cherry Grove","Ozone","Caswell",36.307033,-79.467417
"1438",2024-07-21,37,"Cherry Grove","Ozone","Caswell",36.307033,-79.467417
"1439",2024-07-22,32,"Cherry Grove","Ozone","Caswell",36.307033,-79.467417
"1440",2024-07-23,36,"Cherry Grove","Ozone","Caswell",36.307033,-79.467417
"1441",2024-07-24,39,"Cherry Grove","Ozone","Caswell",36.307033,-79.467417
"1442",2024-07-25,28,"Cherry Grove","Ozone","Caswell",36.307033,-79.467417
"1443",2024-07-26,31,"Cherry Grove","Ozone","Caswell",36.307033,-79.467417
"1444",2024-07-27,42,"Cherry Grove","Ozone","Caswell",36.307033,-79.467417
"1445",2024-07-28,42,"Cherry Grove","Ozone","Caswell",36.307033,-79.467417
"1446",2024-07-29,33,"Cherry Grove","Ozone","Caswell",36.307033,-79.467417
"1447",2024-07-30,41,"Cherry Grove","Ozone","Caswell",36.307033,-79.467417
"1448",2024-07-31,45,"Cherry Grove","Ozone","Caswell",36.307033,-79.467417
"1449",2024-08-01,39,"Cherry Grove","Ozone","Caswell",36.307033,-79.467417
"1450",2024-08-02,36,"Cherry Grove","Ozone","Caswell",36.307033,-79.467417
"1451",2024-08-03,30,"Cherry Grove","Ozone","Caswell",36.307033,-79.467417
"1452",2024-08-04,41,"Cherry Grove","Ozone","Caswell",36.307033,-79.467417
"1453",2024-08-05,36,"Cherry Grove","Ozone","Caswell",36.307033,-79.467417
"1454",2024-08-06,17,"Cherry Grove","Ozone","Caswell",36.307033,-79.467417
"1455",2024-08-07,19,"Cherry Grove","Ozone","Caswell",36.307033,-79.467417
"1456",2024-08-08,25,"Cherry Grove","Ozone","Caswell",36.307033,-79.467417
"1457",2024-08-09,31,"Cherry Grove","Ozone","Caswell",36.307033,-79.467417
"1458",2024-08-10,38,"Cherry Grove","Ozone","Caswell",36.307033,-79.467417
"1459",2024-08-11,34,"Cherry Grove","Ozone","Caswell",36.307033,-79.467417
"1460",2024-08-12,34,"Cherry Grove","Ozone","Caswell",36.307033,-79.467417
"1461",2024-08-13,26,"Cherry Grove","Ozone","Caswell",36.307033,-79.467417
"1462",2024-08-14,36,"Cherry Grove","Ozone","Caswell",36.307033,-79.467417
"1463",2024-08-15,34,"Cherry Grove","Ozone","Caswell",36.307033,-79.467417
"1464",2024-08-16,41,"Cherry Grove","Ozone","Caswell",36.307033,-79.467417
"1465",2024-08-17,37,"Cherry Grove","Ozone","Caswell",36.307033,-79.467417
"1466",2024-08-18,39,"Cherry Grove","Ozone","Caswell",36.307033,-79.467417
"1467",2024-08-19,31,"Cherry Grove","Ozone","Caswell",36.307033,-79.467417
"1468",2024-08-20,33,"Cherry Grove","Ozone","Caswell",36.307033,-79.467417
"1469",2024-08-21,38,"Cherry Grove","Ozone","Caswell",36.307033,-79.467417
"1470",2024-08-22,37,"Cherry Grove","Ozone","Caswell",36.307033,-79.467417
"1471",2024-08-23,39,"Cherry Grove","Ozone","Caswell",36.307033,-79.467417
"1472",2024-08-24,50,"Cherry Grove","Ozone","Caswell",36.307033,-79.467417
"1473",2024-08-25,50,"Cherry Grove","Ozone","Caswell",36.307033,-79.467417
"1474",2024-08-26,74,"Cherry Grove","Ozone","Caswell",36.307033,-79.467417
"1475",2024-08-28,71,"Cherry Grove","Ozone","Caswell",36.307033,-79.467417
"1476",2024-08-29,46,"Cherry Grove","Ozone","Caswell",36.307033,-79.467417
"1477",2024-08-30,31,"Cherry Grove","Ozone","Caswell",36.307033,-79.467417
"1478",2024-08-31,37,"Cherry Grove","Ozone","Caswell",36.307033,-79.467417
"1479",2024-09-01,37,"Cherry Grove","Ozone","Caswell",36.307033,-79.467417
"1480",2024-09-02,33,"Cherry Grove","Ozone","Caswell",36.307033,-79.467417
"1481",2024-09-03,30,"Cherry Grove","Ozone","Caswell",36.307033,-79.467417
"1482",2024-09-04,31,"Cherry Grove","Ozone","Caswell",36.307033,-79.467417
"1483",2024-09-05,37,"Cherry Grove","Ozone","Caswell",36.307033,-79.467417
"1484",2024-09-06,35,"Cherry Grove","Ozone","Caswell",36.307033,-79.467417
"1485",2024-09-07,35,"Cherry Grove","Ozone","Caswell",36.307033,-79.467417
"1486",2024-09-08,31,"Cherry Grove","Ozone","Caswell",36.307033,-79.467417
"1487",2024-09-09,35,"Cherry Grove","Ozone","Caswell",36.307033,-79.467417
"1488",2024-09-10,37,"Cherry Grove","Ozone","Caswell",36.307033,-79.467417
"1489",2024-09-11,44,"Cherry Grove","Ozone","Caswell",36.307033,-79.467417
"1490",2024-09-12,44,"Cherry Grove","Ozone","Caswell",36.307033,-79.467417
"1491",2024-09-13,23,"Cherry Grove","Ozone","Caswell",36.307033,-79.467417
"1492",2024-09-14,30,"Cherry Grove","Ozone","Caswell",36.307033,-79.467417
"1493",2024-09-15,23,"Cherry Grove","Ozone","Caswell",36.307033,-79.467417
"1494",2024-09-16,25,"Cherry Grove","Ozone","Caswell",36.307033,-79.467417
"1495",2024-09-17,22,"Cherry Grove","Ozone","Caswell",36.307033,-79.467417
"1496",2024-09-18,30,"Cherry Grove","Ozone","Caswell",36.307033,-79.467417
"1497",2024-09-19,23,"Cherry Grove","Ozone","Caswell",36.307033,-79.467417
"1498",2024-09-20,28,"Cherry Grove","Ozone","Caswell",36.307033,-79.467417
"1499",2024-09-21,39,"Cherry Grove","Ozone","Caswell",36.307033,-79.467417
"1500",2024-09-22,32,"Cherry Grove","Ozone","Caswell",36.307033,-79.467417
"1501",2024-09-23,20,"Cherry Grove","Ozone","Caswell",36.307033,-79.467417
"1502",2024-09-24,19,"Cherry Grove","Ozone","Caswell",36.307033,-79.467417
"1503",2024-09-25,30,"Cherry Grove","Ozone","Caswell",36.307033,-79.467417
"1504",2024-09-26,20,"Cherry Grove","Ozone","Caswell",36.307033,-79.467417
"1505",2024-09-27,19,"Cherry Grove","Ozone","Caswell",36.307033,-79.467417
"1506",2024-09-28,36,"Cherry Grove","Ozone","Caswell",36.307033,-79.467417
"1507",2024-09-29,30,"Cherry Grove","Ozone","Caswell",36.307033,-79.467417
"1508",2024-09-30,19,"Cherry Grove","Ozone","Caswell",36.307033,-79.467417
"1509",2024-10-01,18,"Cherry Grove","Ozone","Caswell",36.307033,-79.467417
"1510",2024-10-02,23,"Cherry Grove","Ozone","Caswell",36.307033,-79.467417
"1511",2024-10-03,26,"Cherry Grove","Ozone","Caswell",36.307033,-79.467417
"1512",2024-10-04,29,"Cherry Grove","Ozone","Caswell",36.307033,-79.467417
"1513",2024-10-05,46,"Cherry Grove","Ozone","Caswell",36.307033,-79.467417
"1514",2024-10-06,31,"Cherry Grove","Ozone","Caswell",36.307033,-79.467417
"1515",2024-10-07,37,"Cherry Grove","Ozone","Caswell",36.307033,-79.467417
"1516",2024-10-08,31,"Cherry Grove","Ozone","Caswell",36.307033,-79.467417
"1517",2024-10-09,39,"Cherry Grove","Ozone","Caswell",36.307033,-79.467417
"1518",2024-10-10,31,"Cherry Grove","Ozone","Caswell",36.307033,-79.467417
"1519",2024-10-11,30,"Cherry Grove","Ozone","Caswell",36.307033,-79.467417
"1520",2024-10-12,38,"Cherry Grove","Ozone","Caswell",36.307033,-79.467417
"1521",2024-10-13,44,"Cherry Grove","Ozone","Caswell",36.307033,-79.467417
"1522",2024-10-14,37,"Cherry Grove","Ozone","Caswell",36.307033,-79.467417
"1523",2024-10-15,28,"Cherry Grove","Ozone","Caswell",36.307033,-79.467417
"1524",2024-10-16,25,"Cherry Grove","Ozone","Caswell",36.307033,-79.467417
"1525",2024-10-17,31,"Cherry Grove","Ozone","Caswell",36.307033,-79.467417
"1526",2024-10-18,33,"Cherry Grove","Ozone","Caswell",36.307033,-79.467417
"1527",2024-10-19,37,"Cherry Grove","Ozone","Caswell",36.307033,-79.467417
"1528",2024-10-20,37,"Cherry Grove","Ozone","Caswell",36.307033,-79.467417
"1529",2024-10-22,43,"Cherry Grove","Ozone","Caswell",36.307033,-79.467417
"1530",2024-10-23,47,"Cherry Grove","Ozone","Caswell",36.307033,-79.467417
"1531",2024-10-24,43,"Cherry Grove","Ozone","Caswell",36.307033,-79.467417
"1532",2024-10-25,47,"Cherry Grove","Ozone","Caswell",36.307033,-79.467417
"1533",2024-10-26,42,"Cherry Grove","Ozone","Caswell",36.307033,-79.467417
"1534",2024-10-27,26,"Cherry Grove","Ozone","Caswell",36.307033,-79.467417
"1535",2024-10-28,33,"Cherry Grove","Ozone","Caswell",36.307033,-79.467417
"1536",2024-10-29,40,"Cherry Grove","Ozone","Caswell",36.307033,-79.467417
"1537",2024-10-30,37,"Cherry Grove","Ozone","Caswell",36.307033,-79.467417
"1538",2024-10-31,36,"Cherry Grove","Ozone","Caswell",36.307033,-79.467417
"1539",2024-03-01,35,"Honeycutt School","Ozone","Cumberland",35.0023035275774,-78.9916923423935
"1540",2024-03-02,31,"Honeycutt School","Ozone","Cumberland",35.0023035275774,-78.9916923423935
"1541",2024-03-03,31,"Honeycutt School","Ozone","Cumberland",35.0023035275774,-78.9916923423935
"1542",2024-03-04,38,"Honeycutt School","Ozone","Cumberland",35.0023035275774,-78.9916923423935
"1543",2024-03-05,39,"Honeycutt School","Ozone","Cumberland",35.0023035275774,-78.9916923423935
"1544",2024-03-06,23,"Honeycutt School","Ozone","Cumberland",35.0023035275774,-78.9916923423935
"1545",2024-03-07,40,"Honeycutt School","Ozone","Cumberland",35.0023035275774,-78.9916923423935
"1546",2024-03-08,35,"Honeycutt School","Ozone","Cumberland",35.0023035275774,-78.9916923423935
"1547",2024-03-09,30,"Honeycutt School","Ozone","Cumberland",35.0023035275774,-78.9916923423935
"1548",2024-03-10,42,"Honeycutt School","Ozone","Cumberland",35.0023035275774,-78.9916923423935
"1549",2024-03-11,44,"Honeycutt School","Ozone","Cumberland",35.0023035275774,-78.9916923423935
"1550",2024-03-12,54,"Honeycutt School","Ozone","Cumberland",35.0023035275774,-78.9916923423935
"1551",2024-03-13,54,"Honeycutt School","Ozone","Cumberland",35.0023035275774,-78.9916923423935
"1552",2024-03-14,90,"Honeycutt School","Ozone","Cumberland",35.0023035275774,-78.9916923423935
"1553",2024-03-15,48,"Honeycutt School","Ozone","Cumberland",35.0023035275774,-78.9916923423935
"1554",2024-03-16,39,"Honeycutt School","Ozone","Cumberland",35.0023035275774,-78.9916923423935
"1555",2024-03-17,43,"Honeycutt School","Ozone","Cumberland",35.0023035275774,-78.9916923423935
"1556",2024-03-18,44,"Honeycutt School","Ozone","Cumberland",35.0023035275774,-78.9916923423935
"1557",2024-03-19,40,"Honeycutt School","Ozone","Cumberland",35.0023035275774,-78.9916923423935
"1558",2024-03-20,51,"Honeycutt School","Ozone","Cumberland",35.0023035275774,-78.9916923423935
"1559",2024-03-21,46,"Honeycutt School","Ozone","Cumberland",35.0023035275774,-78.9916923423935
"1560",2024-03-22,35,"Honeycutt School","Ozone","Cumberland",35.0023035275774,-78.9916923423935
"1561",2024-03-23,35,"Honeycutt School","Ozone","Cumberland",35.0023035275774,-78.9916923423935
"1562",2024-03-24,44,"Honeycutt School","Ozone","Cumberland",35.0023035275774,-78.9916923423935
"1563",2024-03-25,46,"Honeycutt School","Ozone","Cumberland",35.0023035275774,-78.9916923423935
"1564",2024-03-26,41,"Honeycutt School","Ozone","Cumberland",35.0023035275774,-78.9916923423935
"1565",2024-03-27,31,"Honeycutt School","Ozone","Cumberland",35.0023035275774,-78.9916923423935
"1566",2024-03-28,28,"Honeycutt School","Ozone","Cumberland",35.0023035275774,-78.9916923423935
"1567",2024-03-29,50,"Honeycutt School","Ozone","Cumberland",35.0023035275774,-78.9916923423935
"1568",2024-03-30,67,"Honeycutt School","Ozone","Cumberland",35.0023035275774,-78.9916923423935
"1569",2024-03-31,61,"Honeycutt School","Ozone","Cumberland",35.0023035275774,-78.9916923423935
"1570",2024-04-01,46,"Honeycutt School","Ozone","Cumberland",35.0023035275774,-78.9916923423935
"1571",2024-04-02,44,"Honeycutt School","Ozone","Cumberland",35.0023035275774,-78.9916923423935
"1572",2024-04-03,42,"Honeycutt School","Ozone","Cumberland",35.0023035275774,-78.9916923423935
"1573",2024-04-04,42,"Honeycutt School","Ozone","Cumberland",35.0023035275774,-78.9916923423935
"1574",2024-04-05,44,"Honeycutt School","Ozone","Cumberland",35.0023035275774,-78.9916923423935
"1575",2024-04-06,44,"Honeycutt School","Ozone","Cumberland",35.0023035275774,-78.9916923423935
"1576",2024-04-07,44,"Honeycutt School","Ozone","Cumberland",35.0023035275774,-78.9916923423935
"1577",2024-04-08,48,"Honeycutt School","Ozone","Cumberland",35.0023035275774,-78.9916923423935
"1578",2024-04-09,44,"Honeycutt School","Ozone","Cumberland",35.0023035275774,-78.9916923423935
"1579",2024-04-10,44,"Honeycutt School","Ozone","Cumberland",35.0023035275774,-78.9916923423935
"1580",2024-04-11,40,"Honeycutt School","Ozone","Cumberland",35.0023035275774,-78.9916923423935
"1581",2024-04-12,48,"Honeycutt School","Ozone","Cumberland",35.0023035275774,-78.9916923423935
"1582",2024-04-13,48,"Honeycutt School","Ozone","Cumberland",35.0023035275774,-78.9916923423935
"1583",2024-04-14,61,"Honeycutt School","Ozone","Cumberland",35.0023035275774,-78.9916923423935
"1584",2024-04-15,74,"Honeycutt School","Ozone","Cumberland",35.0023035275774,-78.9916923423935
"1585",2024-04-16,90,"Honeycutt School","Ozone","Cumberland",35.0023035275774,-78.9916923423935
"1586",2024-04-17,51,"Honeycutt School","Ozone","Cumberland",35.0023035275774,-78.9916923423935
"1587",2024-04-18,47,"Honeycutt School","Ozone","Cumberland",35.0023035275774,-78.9916923423935
"1588",2024-04-19,35,"Honeycutt School","Ozone","Cumberland",35.0023035275774,-78.9916923423935
"1589",2024-04-20,37,"Honeycutt School","Ozone","Cumberland",35.0023035275774,-78.9916923423935
"1590",2024-04-21,34,"Honeycutt School","Ozone","Cumberland",35.0023035275774,-78.9916923423935
"1591",2024-04-22,42,"Honeycutt School","Ozone","Cumberland",35.0023035275774,-78.9916923423935
"1592",2024-04-23,51,"Honeycutt School","Ozone","Cumberland",35.0023035275774,-78.9916923423935
"1593",2024-04-24,47,"Honeycutt School","Ozone","Cumberland",35.0023035275774,-78.9916923423935
"1594",2024-04-25,64,"Honeycutt School","Ozone","Cumberland",35.0023035275774,-78.9916923423935
"1595",2024-04-26,44,"Honeycutt School","Ozone","Cumberland",35.0023035275774,-78.9916923423935
"1596",2024-04-27,47,"Honeycutt School","Ozone","Cumberland",35.0023035275774,-78.9916923423935
"1597",2024-04-28,47,"Honeycutt School","Ozone","Cumberland",35.0023035275774,-78.9916923423935
"1598",2024-04-29,50,"Honeycutt School","Ozone","Cumberland",35.0023035275774,-78.9916923423935
"1599",2024-04-30,44,"Honeycutt School","Ozone","Cumberland",35.0023035275774,-78.9916923423935
"1600",2024-05-01,48,"Honeycutt School","Ozone","Cumberland",35.0023035275774,-78.9916923423935
"1601",2024-05-02,64,"Honeycutt School","Ozone","Cumberland",35.0023035275774,-78.9916923423935
"1602",2024-05-03,54,"Honeycutt School","Ozone","Cumberland",35.0023035275774,-78.9916923423935
"1603",2024-05-04,32,"Honeycutt School","Ozone","Cumberland",35.0023035275774,-78.9916923423935
"1604",2024-05-05,30,"Honeycutt School","Ozone","Cumberland",35.0023035275774,-78.9916923423935
"1605",2024-05-06,34,"Honeycutt School","Ozone","Cumberland",35.0023035275774,-78.9916923423935
"1606",2024-05-07,39,"Honeycutt School","Ozone","Cumberland",35.0023035275774,-78.9916923423935
"1607",2024-05-08,39,"Honeycutt School","Ozone","Cumberland",35.0023035275774,-78.9916923423935
"1608",2024-05-09,43,"Honeycutt School","Ozone","Cumberland",35.0023035275774,-78.9916923423935
"1609",2024-05-10,42,"Honeycutt School","Ozone","Cumberland",35.0023035275774,-78.9916923423935
"1610",2024-05-11,44,"Honeycutt School","Ozone","Cumberland",35.0023035275774,-78.9916923423935
"1611",2024-05-12,49,"Honeycutt School","Ozone","Cumberland",35.0023035275774,-78.9916923423935
"1612",2024-05-13,48,"Honeycutt School","Ozone","Cumberland",35.0023035275774,-78.9916923423935
"1613",2024-05-14,36,"Honeycutt School","Ozone","Cumberland",35.0023035275774,-78.9916923423935
"1614",2024-05-15,33,"Honeycutt School","Ozone","Cumberland",35.0023035275774,-78.9916923423935
"1615",2024-05-16,40,"Honeycutt School","Ozone","Cumberland",35.0023035275774,-78.9916923423935
"1616",2024-05-17,46,"Honeycutt School","Ozone","Cumberland",35.0023035275774,-78.9916923423935
"1617",2024-05-18,38,"Honeycutt School","Ozone","Cumberland",35.0023035275774,-78.9916923423935
"1618",2024-05-19,32,"Honeycutt School","Ozone","Cumberland",35.0023035275774,-78.9916923423935
"1619",2024-05-20,40,"Honeycutt School","Ozone","Cumberland",35.0023035275774,-78.9916923423935
"1620",2024-05-22,50,"Honeycutt School","Ozone","Cumberland",35.0023035275774,-78.9916923423935
"1621",2024-05-23,46,"Honeycutt School","Ozone","Cumberland",35.0023035275774,-78.9916923423935
"1622",2024-05-24,44,"Honeycutt School","Ozone","Cumberland",35.0023035275774,-78.9916923423935
"1623",2024-05-25,50,"Honeycutt School","Ozone","Cumberland",35.0023035275774,-78.9916923423935
"1624",2024-05-26,58,"Honeycutt School","Ozone","Cumberland",35.0023035275774,-78.9916923423935
"1625",2024-05-27,41,"Honeycutt School","Ozone","Cumberland",35.0023035275774,-78.9916923423935
"1626",2024-05-28,49,"Honeycutt School","Ozone","Cumberland",35.0023035275774,-78.9916923423935
"1627",2024-05-29,61,"Honeycutt School","Ozone","Cumberland",35.0023035275774,-78.9916923423935
"1628",2024-05-30,48,"Honeycutt School","Ozone","Cumberland",35.0023035275774,-78.9916923423935
"1629",2024-05-31,64,"Honeycutt School","Ozone","Cumberland",35.0023035275774,-78.9916923423935
"1630",2024-06-01,61,"Honeycutt School","Ozone","Cumberland",35.0023035275774,-78.9916923423935
"1631",2024-06-02,51,"Honeycutt School","Ozone","Cumberland",35.0023035275774,-78.9916923423935
"1632",2024-06-03,44,"Honeycutt School","Ozone","Cumberland",35.0023035275774,-78.9916923423935
"1633",2024-06-04,46,"Honeycutt School","Ozone","Cumberland",35.0023035275774,-78.9916923423935
"1634",2024-06-05,39,"Honeycutt School","Ozone","Cumberland",35.0023035275774,-78.9916923423935
"1635",2024-06-06,40,"Honeycutt School","Ozone","Cumberland",35.0023035275774,-78.9916923423935
"1636",2024-06-07,67,"Honeycutt School","Ozone","Cumberland",35.0023035275774,-78.9916923423935
"1637",2024-06-08,84,"Honeycutt School","Ozone","Cumberland",35.0023035275774,-78.9916923423935
"1638",2024-06-09,50,"Honeycutt School","Ozone","Cumberland",35.0023035275774,-78.9916923423935
"1639",2024-06-10,51,"Honeycutt School","Ozone","Cumberland",35.0023035275774,-78.9916923423935
"1640",2024-06-11,64,"Honeycutt School","Ozone","Cumberland",35.0023035275774,-78.9916923423935
"1641",2024-06-12,64,"Honeycutt School","Ozone","Cumberland",35.0023035275774,-78.9916923423935
"1642",2024-06-13,58,"Honeycutt School","Ozone","Cumberland",35.0023035275774,-78.9916923423935
"1643",2024-06-14,67,"Honeycutt School","Ozone","Cumberland",35.0023035275774,-78.9916923423935
"1644",2024-06-15,74,"Honeycutt School","Ozone","Cumberland",35.0023035275774,-78.9916923423935
"1645",2024-06-16,58,"Honeycutt School","Ozone","Cumberland",35.0023035275774,-78.9916923423935
"1646",2024-06-17,47,"Honeycutt School","Ozone","Cumberland",35.0023035275774,-78.9916923423935
"1647",2024-06-18,46,"Honeycutt School","Ozone","Cumberland",35.0023035275774,-78.9916923423935
"1648",2024-06-19,45,"Honeycutt School","Ozone","Cumberland",35.0023035275774,-78.9916923423935
"1649",2024-06-20,41,"Honeycutt School","Ozone","Cumberland",35.0023035275774,-78.9916923423935
"1650",2024-06-21,42,"Honeycutt School","Ozone","Cumberland",35.0023035275774,-78.9916923423935
"1651",2024-06-22,29,"Honeycutt School","Ozone","Cumberland",35.0023035275774,-78.9916923423935
"1652",2024-06-23,31,"Honeycutt School","Ozone","Cumberland",35.0023035275774,-78.9916923423935
"1653",2024-06-24,45,"Honeycutt School","Ozone","Cumberland",35.0023035275774,-78.9916923423935
"1654",2024-06-25,50,"Honeycutt School","Ozone","Cumberland",35.0023035275774,-78.9916923423935
"1655",2024-06-26,54,"Honeycutt School","Ozone","Cumberland",35.0023035275774,-78.9916923423935
"1656",2024-06-27,48,"Honeycutt School","Ozone","Cumberland",35.0023035275774,-78.9916923423935
"1657",2024-06-28,74,"Honeycutt School","Ozone","Cumberland",35.0023035275774,-78.9916923423935
"1658",2024-06-29,45,"Honeycutt School","Ozone","Cumberland",35.0023035275774,-78.9916923423935
"1659",2024-06-30,36,"Honeycutt School","Ozone","Cumberland",35.0023035275774,-78.9916923423935
"1660",2024-07-01,41,"Honeycutt School","Ozone","Cumberland",35.0023035275774,-78.9916923423935
"1661",2024-07-02,74,"Honeycutt School","Ozone","Cumberland",35.0023035275774,-78.9916923423935
"1662",2024-07-03,74,"Honeycutt School","Ozone","Cumberland",35.0023035275774,-78.9916923423935
"1663",2024-07-04,46,"Honeycutt School","Ozone","Cumberland",35.0023035275774,-78.9916923423935
"1664",2024-07-05,41,"Honeycutt School","Ozone","Cumberland",35.0023035275774,-78.9916923423935
"1665",2024-07-06,39,"Honeycutt School","Ozone","Cumberland",35.0023035275774,-78.9916923423935
"1666",2024-07-07,41,"Honeycutt School","Ozone","Cumberland",35.0023035275774,-78.9916923423935
"1667",2024-07-08,44,"Honeycutt School","Ozone","Cumberland",35.0023035275774,-78.9916923423935
"1668",2024-07-09,41,"Honeycutt School","Ozone","Cumberland",35.0023035275774,-78.9916923423935
"1669",2024-07-10,39,"Honeycutt School","Ozone","Cumberland",35.0023035275774,-78.9916923423935
"1670",2024-07-11,50,"Honeycutt School","Ozone","Cumberland",35.0023035275774,-78.9916923423935
"1671",2024-07-12,28,"Honeycutt School","Ozone","Cumberland",35.0023035275774,-78.9916923423935
"1672",2024-07-13,37,"Honeycutt School","Ozone","Cumberland",35.0023035275774,-78.9916923423935
"1673",2024-07-14,58,"Honeycutt School","Ozone","Cumberland",35.0023035275774,-78.9916923423935
"1674",2024-07-15,61,"Honeycutt School","Ozone","Cumberland",35.0023035275774,-78.9916923423935
"1675",2024-07-16,54,"Honeycutt School","Ozone","Cumberland",35.0023035275774,-78.9916923423935
"1676",2024-07-17,42,"Honeycutt School","Ozone","Cumberland",35.0023035275774,-78.9916923423935
"1677",2024-07-18,44,"Honeycutt School","Ozone","Cumberland",35.0023035275774,-78.9916923423935
"1678",2024-07-19,43,"Honeycutt School","Ozone","Cumberland",35.0023035275774,-78.9916923423935
"1679",2024-07-20,35,"Honeycutt School","Ozone","Cumberland",35.0023035275774,-78.9916923423935
"1680",2024-07-22,29,"Honeycutt School","Ozone","Cumberland",35.0023035275774,-78.9916923423935
"1681",2024-07-23,33,"Honeycutt School","Ozone","Cumberland",35.0023035275774,-78.9916923423935
"1682",2024-07-24,31,"Honeycutt School","Ozone","Cumberland",35.0023035275774,-78.9916923423935
"1683",2024-07-25,29,"Honeycutt School","Ozone","Cumberland",35.0023035275774,-78.9916923423935
"1684",2024-07-26,24,"Honeycutt School","Ozone","Cumberland",35.0023035275774,-78.9916923423935
"1685",2024-07-27,46,"Honeycutt School","Ozone","Cumberland",35.0023035275774,-78.9916923423935
"1686",2024-07-28,50,"Honeycutt School","Ozone","Cumberland",35.0023035275774,-78.9916923423935
"1687",2024-07-29,37,"Honeycutt School","Ozone","Cumberland",35.0023035275774,-78.9916923423935
"1688",2024-07-30,35,"Honeycutt School","Ozone","Cumberland",35.0023035275774,-78.9916923423935
"1689",2024-07-31,48,"Honeycutt School","Ozone","Cumberland",35.0023035275774,-78.9916923423935
"1690",2024-08-01,44,"Honeycutt School","Ozone","Cumberland",35.0023035275774,-78.9916923423935
"1691",2024-08-02,35,"Honeycutt School","Ozone","Cumberland",35.0023035275774,-78.9916923423935
"1692",2024-08-03,35,"Honeycutt School","Ozone","Cumberland",35.0023035275774,-78.9916923423935
"1693",2024-08-04,31,"Honeycutt School","Ozone","Cumberland",35.0023035275774,-78.9916923423935
"1694",2024-08-05,21,"Honeycutt School","Ozone","Cumberland",35.0023035275774,-78.9916923423935
"1695",2024-08-06,18,"Honeycutt School","Ozone","Cumberland",35.0023035275774,-78.9916923423935
"1696",2024-08-07,33,"Honeycutt School","Ozone","Cumberland",35.0023035275774,-78.9916923423935
"1697",2024-08-08,30,"Honeycutt School","Ozone","Cumberland",35.0023035275774,-78.9916923423935
"1698",2024-08-09,35,"Honeycutt School","Ozone","Cumberland",35.0023035275774,-78.9916923423935
"1699",2024-08-10,37,"Honeycutt School","Ozone","Cumberland",35.0023035275774,-78.9916923423935
"1700",2024-08-11,39,"Honeycutt School","Ozone","Cumberland",35.0023035275774,-78.9916923423935
"1701",2024-08-12,36,"Honeycutt School","Ozone","Cumberland",35.0023035275774,-78.9916923423935
"1702",2024-08-13,39,"Honeycutt School","Ozone","Cumberland",35.0023035275774,-78.9916923423935
"1703",2024-08-14,49,"Honeycutt School","Ozone","Cumberland",35.0023035275774,-78.9916923423935
"1704",2024-08-15,48,"Honeycutt School","Ozone","Cumberland",35.0023035275774,-78.9916923423935
"1705",2024-08-16,51,"Honeycutt School","Ozone","Cumberland",35.0023035275774,-78.9916923423935
"1706",2024-08-17,44,"Honeycutt School","Ozone","Cumberland",35.0023035275774,-78.9916923423935
"1707",2024-08-18,43,"Honeycutt School","Ozone","Cumberland",35.0023035275774,-78.9916923423935
"1708",2024-08-19,41,"Honeycutt School","Ozone","Cumberland",35.0023035275774,-78.9916923423935
"1709",2024-08-20,38,"Honeycutt School","Ozone","Cumberland",35.0023035275774,-78.9916923423935
"1710",2024-08-21,46,"Honeycutt School","Ozone","Cumberland",35.0023035275774,-78.9916923423935
"1711",2024-08-22,44,"Honeycutt School","Ozone","Cumberland",35.0023035275774,-78.9916923423935
"1712",2024-08-23,46,"Honeycutt School","Ozone","Cumberland",35.0023035275774,-78.9916923423935
"1713",2024-08-24,44,"Honeycutt School","Ozone","Cumberland",35.0023035275774,-78.9916923423935
"1714",2024-08-25,44,"Honeycutt School","Ozone","Cumberland",35.0023035275774,-78.9916923423935
"1715",2024-08-26,48,"Honeycutt School","Ozone","Cumberland",35.0023035275774,-78.9916923423935
"1716",2024-08-27,48,"Honeycutt School","Ozone","Cumberland",35.0023035275774,-78.9916923423935
"1717",2024-08-28,43,"Honeycutt School","Ozone","Cumberland",35.0023035275774,-78.9916923423935
"1718",2024-08-29,48,"Honeycutt School","Ozone","Cumberland",35.0023035275774,-78.9916923423935
"1719",2024-08-30,39,"Honeycutt School","Ozone","Cumberland",35.0023035275774,-78.9916923423935
"1720",2024-08-31,45,"Honeycutt School","Ozone","Cumberland",35.0023035275774,-78.9916923423935
"1721",2024-09-01,33,"Honeycutt School","Ozone","Cumberland",35.0023035275774,-78.9916923423935
"1722",2024-09-02,33,"Honeycutt School","Ozone","Cumberland",35.0023035275774,-78.9916923423935
"1723",2024-09-03,38,"Honeycutt School","Ozone","Cumberland",35.0023035275774,-78.9916923423935
"1724",2024-09-04,36,"Honeycutt School","Ozone","Cumberland",35.0023035275774,-78.9916923423935
"1725",2024-09-05,35,"Honeycutt School","Ozone","Cumberland",35.0023035275774,-78.9916923423935
"1726",2024-09-06,41,"Honeycutt School","Ozone","Cumberland",35.0023035275774,-78.9916923423935
"1727",2024-09-07,33,"Honeycutt School","Ozone","Cumberland",35.0023035275774,-78.9916923423935
"1728",2024-09-08,34,"Honeycutt School","Ozone","Cumberland",35.0023035275774,-78.9916923423935
"1729",2024-09-09,39,"Honeycutt School","Ozone","Cumberland",35.0023035275774,-78.9916923423935
"1730",2024-09-10,47,"Honeycutt School","Ozone","Cumberland",35.0023035275774,-78.9916923423935
"1731",2024-09-11,43,"Honeycutt School","Ozone","Cumberland",35.0023035275774,-78.9916923423935
"1732",2024-09-12,43,"Honeycutt School","Ozone","Cumberland",35.0023035275774,-78.9916923423935
"1733",2024-09-13,30,"Honeycutt School","Ozone","Cumberland",35.0023035275774,-78.9916923423935
"1734",2024-09-14,33,"Honeycutt School","Ozone","Cumberland",35.0023035275774,-78.9916923423935
"1735",2024-09-15,30,"Honeycutt School","Ozone","Cumberland",35.0023035275774,-78.9916923423935
"1736",2024-09-16,31,"Honeycutt School","Ozone","Cumberland",35.0023035275774,-78.9916923423935
"1737",2024-09-17,31,"Honeycutt School","Ozone","Cumberland",35.0023035275774,-78.9916923423935
"1738",2024-09-18,41,"Honeycutt School","Ozone","Cumberland",35.0023035275774,-78.9916923423935
"1739",2024-09-19,29,"Honeycutt School","Ozone","Cumberland",35.0023035275774,-78.9916923423935
"1740",2024-09-20,38,"Honeycutt School","Ozone","Cumberland",35.0023035275774,-78.9916923423935
"1741",2024-09-21,47,"Honeycutt School","Ozone","Cumberland",35.0023035275774,-78.9916923423935
"1742",2024-09-22,41,"Honeycutt School","Ozone","Cumberland",35.0023035275774,-78.9916923423935
"1743",2024-09-23,34,"Honeycutt School","Ozone","Cumberland",35.0023035275774,-78.9916923423935
"1744",2024-09-24,40,"Honeycutt School","Ozone","Cumberland",35.0023035275774,-78.9916923423935
"1745",2024-09-25,39,"Honeycutt School","Ozone","Cumberland",35.0023035275774,-78.9916923423935
"1746",2024-09-26,22,"Honeycutt School","Ozone","Cumberland",35.0023035275774,-78.9916923423935
"1747",2024-09-27,30,"Honeycutt School","Ozone","Cumberland",35.0023035275774,-78.9916923423935
"1748",2024-09-28,46,"Honeycutt School","Ozone","Cumberland",35.0023035275774,-78.9916923423935
"1749",2024-09-29,36,"Honeycutt School","Ozone","Cumberland",35.0023035275774,-78.9916923423935
"1750",2024-09-30,37,"Honeycutt School","Ozone","Cumberland",35.0023035275774,-78.9916923423935
"1751",2024-10-01,22,"Honeycutt School","Ozone","Cumberland",35.0023035275774,-78.9916923423935
"1752",2024-10-02,31,"Honeycutt School","Ozone","Cumberland",35.0023035275774,-78.9916923423935
"1753",2024-10-03,34,"Honeycutt School","Ozone","Cumberland",35.0023035275774,-78.9916923423935
"1754",2024-10-04,38,"Honeycutt School","Ozone","Cumberland",35.0023035275774,-78.9916923423935
"1755",2024-10-05,43,"Honeycutt School","Ozone","Cumberland",35.0023035275774,-78.9916923423935
"1756",2024-10-06,46,"Honeycutt School","Ozone","Cumberland",35.0023035275774,-78.9916923423935
"1757",2024-10-07,44,"Honeycutt School","Ozone","Cumberland",35.0023035275774,-78.9916923423935
"1758",2024-10-08,39,"Honeycutt School","Ozone","Cumberland",35.0023035275774,-78.9916923423935
"1759",2024-10-09,40,"Honeycutt School","Ozone","Cumberland",35.0023035275774,-78.9916923423935
"1760",2024-10-10,37,"Honeycutt School","Ozone","Cumberland",35.0023035275774,-78.9916923423935
"1761",2024-10-11,31,"Honeycutt School","Ozone","Cumberland",35.0023035275774,-78.9916923423935
"1762",2024-10-12,44,"Honeycutt School","Ozone","Cumberland",35.0023035275774,-78.9916923423935
"1763",2024-10-13,58,"Honeycutt School","Ozone","Cumberland",35.0023035275774,-78.9916923423935
"1764",2024-10-14,46,"Honeycutt School","Ozone","Cumberland",35.0023035275774,-78.9916923423935
"1765",2024-10-15,33,"Honeycutt School","Ozone","Cumberland",35.0023035275774,-78.9916923423935
"1766",2024-10-16,29,"Honeycutt School","Ozone","Cumberland",35.0023035275774,-78.9916923423935
"1767",2024-10-17,33,"Honeycutt School","Ozone","Cumberland",35.0023035275774,-78.9916923423935
"1768",2024-10-18,38,"Honeycutt School","Ozone","Cumberland",35.0023035275774,-78.9916923423935
"1769",2024-10-19,42,"Honeycutt School","Ozone","Cumberland",35.0023035275774,-78.9916923423935
"1770",2024-10-20,40,"Honeycutt School","Ozone","Cumberland",35.0023035275774,-78.9916923423935
"1771",2024-10-21,48,"Honeycutt School","Ozone","Cumberland",35.0023035275774,-78.9916923423935
"1772",2024-10-22,50,"Honeycutt School","Ozone","Cumberland",35.0023035275774,-78.9916923423935
"1773",2024-10-23,44,"Honeycutt School","Ozone","Cumberland",35.0023035275774,-78.9916923423935
"1774",2024-10-24,49,"Honeycutt School","Ozone","Cumberland",35.0023035275774,-78.9916923423935
"1775",2024-10-25,48,"Honeycutt School","Ozone","Cumberland",35.0023035275774,-78.9916923423935
"1776",2024-10-26,45,"Honeycutt School","Ozone","Cumberland",35.0023035275774,-78.9916923423935
"1777",2024-10-27,33,"Honeycutt School","Ozone","Cumberland",35.0023035275774,-78.9916923423935
"1778",2024-10-28,40,"Honeycutt School","Ozone","Cumberland",35.0023035275774,-78.9916923423935
"1779",2024-10-29,36,"Honeycutt School","Ozone","Cumberland",35.0023035275774,-78.9916923423935
"1780",2024-10-30,40,"Honeycutt School","Ozone","Cumberland",35.0023035275774,-78.9916923423935
"1781",2024-10-31,39,"Honeycutt School","Ozone","Cumberland",35.0023035275774,-78.9916923423935
"1782",2024-03-01,36,"Wade School","Ozone","Cumberland",35.1487,-78.7068
"1783",2024-03-02,31,"Wade School","Ozone","Cumberland",35.1487,-78.7068
"1784",2024-03-03,27,"Wade School","Ozone","Cumberland",35.1487,-78.7068
"1785",2024-03-04,37,"Wade School","Ozone","Cumberland",35.1487,-78.7068
"1786",2024-03-05,36,"Wade School","Ozone","Cumberland",35.1487,-78.7068
"1787",2024-03-06,25,"Wade School","Ozone","Cumberland",35.1487,-78.7068
"1788",2024-03-07,43,"Wade School","Ozone","Cumberland",35.1487,-78.7068
"1789",2024-03-08,37,"Wade School","Ozone","Cumberland",35.1487,-78.7068
"1790",2024-03-09,29,"Wade School","Ozone","Cumberland",35.1487,-78.7068
"1791",2024-03-10,43,"Wade School","Ozone","Cumberland",35.1487,-78.7068
"1792",2024-03-11,44,"Wade School","Ozone","Cumberland",35.1487,-78.7068
"1793",2024-03-12,54,"Wade School","Ozone","Cumberland",35.1487,-78.7068
"1794",2024-03-13,64,"Wade School","Ozone","Cumberland",35.1487,-78.7068
"1795",2024-03-14,87,"Wade School","Ozone","Cumberland",35.1487,-78.7068
"1796",2024-03-15,50,"Wade School","Ozone","Cumberland",35.1487,-78.7068
"1797",2024-03-16,40,"Wade School","Ozone","Cumberland",35.1487,-78.7068
"1798",2024-03-17,44,"Wade School","Ozone","Cumberland",35.1487,-78.7068
"1799",2024-03-18,46,"Wade School","Ozone","Cumberland",35.1487,-78.7068
"1800",2024-03-19,40,"Wade School","Ozone","Cumberland",35.1487,-78.7068
"1801",2024-03-20,58,"Wade School","Ozone","Cumberland",35.1487,-78.7068
"1802",2024-03-21,46,"Wade School","Ozone","Cumberland",35.1487,-78.7068
"1803",2024-03-22,39,"Wade School","Ozone","Cumberland",35.1487,-78.7068
"1804",2024-03-23,35,"Wade School","Ozone","Cumberland",35.1487,-78.7068
"1805",2024-03-24,45,"Wade School","Ozone","Cumberland",35.1487,-78.7068
"1806",2024-03-25,46,"Wade School","Ozone","Cumberland",35.1487,-78.7068
"1807",2024-03-26,42,"Wade School","Ozone","Cumberland",35.1487,-78.7068
"1808",2024-03-27,25,"Wade School","Ozone","Cumberland",35.1487,-78.7068
"1809",2024-03-28,26,"Wade School","Ozone","Cumberland",35.1487,-78.7068
"1810",2024-03-29,51,"Wade School","Ozone","Cumberland",35.1487,-78.7068
"1811",2024-03-30,67,"Wade School","Ozone","Cumberland",35.1487,-78.7068
"1812",2024-03-31,61,"Wade School","Ozone","Cumberland",35.1487,-78.7068
"1813",2024-04-01,46,"Wade School","Ozone","Cumberland",35.1487,-78.7068
"1814",2024-04-02,44,"Wade School","Ozone","Cumberland",35.1487,-78.7068
"1815",2024-04-03,40,"Wade School","Ozone","Cumberland",35.1487,-78.7068
"1816",2024-04-04,42,"Wade School","Ozone","Cumberland",35.1487,-78.7068
"1817",2024-04-05,44,"Wade School","Ozone","Cumberland",35.1487,-78.7068
"1818",2024-04-06,43,"Wade School","Ozone","Cumberland",35.1487,-78.7068
"1819",2024-04-07,45,"Wade School","Ozone","Cumberland",35.1487,-78.7068
"1820",2024-04-08,49,"Wade School","Ozone","Cumberland",35.1487,-78.7068
"1821",2024-04-09,44,"Wade School","Ozone","Cumberland",35.1487,-78.7068
"1822",2024-04-10,43,"Wade School","Ozone","Cumberland",35.1487,-78.7068
"1823",2024-04-11,38,"Wade School","Ozone","Cumberland",35.1487,-78.7068
"1824",2024-04-12,48,"Wade School","Ozone","Cumberland",35.1487,-78.7068
"1825",2024-04-13,47,"Wade School","Ozone","Cumberland",35.1487,-78.7068
"1826",2024-04-14,58,"Wade School","Ozone","Cumberland",35.1487,-78.7068
"1827",2024-04-15,71,"Wade School","Ozone","Cumberland",35.1487,-78.7068
"1828",2024-04-16,74,"Wade School","Ozone","Cumberland",35.1487,-78.7068
"1829",2024-04-17,48,"Wade School","Ozone","Cumberland",35.1487,-78.7068
"1830",2024-04-18,48,"Wade School","Ozone","Cumberland",35.1487,-78.7068
"1831",2024-04-19,36,"Wade School","Ozone","Cumberland",35.1487,-78.7068
"1832",2024-04-20,33,"Wade School","Ozone","Cumberland",35.1487,-78.7068
"1833",2024-04-21,31,"Wade School","Ozone","Cumberland",35.1487,-78.7068
"1834",2024-04-22,43,"Wade School","Ozone","Cumberland",35.1487,-78.7068
"1835",2024-04-23,50,"Wade School","Ozone","Cumberland",35.1487,-78.7068
"1836",2024-04-24,46,"Wade School","Ozone","Cumberland",35.1487,-78.7068
"1837",2024-04-25,61,"Wade School","Ozone","Cumberland",35.1487,-78.7068
"1838",2024-04-26,43,"Wade School","Ozone","Cumberland",35.1487,-78.7068
"1839",2024-04-27,45,"Wade School","Ozone","Cumberland",35.1487,-78.7068
"1840",2024-04-28,45,"Wade School","Ozone","Cumberland",35.1487,-78.7068
"1841",2024-04-29,49,"Wade School","Ozone","Cumberland",35.1487,-78.7068
"1842",2024-04-30,44,"Wade School","Ozone","Cumberland",35.1487,-78.7068
"1843",2024-05-01,47,"Wade School","Ozone","Cumberland",35.1487,-78.7068
"1844",2024-05-02,58,"Wade School","Ozone","Cumberland",35.1487,-78.7068
"1845",2024-05-03,49,"Wade School","Ozone","Cumberland",35.1487,-78.7068
"1846",2024-05-04,31,"Wade School","Ozone","Cumberland",35.1487,-78.7068
"1847",2024-05-05,27,"Wade School","Ozone","Cumberland",35.1487,-78.7068
"1848",2024-05-06,34,"Wade School","Ozone","Cumberland",35.1487,-78.7068
"1849",2024-05-07,40,"Wade School","Ozone","Cumberland",35.1487,-78.7068
"1850",2024-05-08,38,"Wade School","Ozone","Cumberland",35.1487,-78.7068
"1851",2024-05-09,42,"Wade School","Ozone","Cumberland",35.1487,-78.7068
"1852",2024-05-10,38,"Wade School","Ozone","Cumberland",35.1487,-78.7068
"1853",2024-05-11,42,"Wade School","Ozone","Cumberland",35.1487,-78.7068
"1854",2024-05-12,48,"Wade School","Ozone","Cumberland",35.1487,-78.7068
"1855",2024-05-13,44,"Wade School","Ozone","Cumberland",35.1487,-78.7068
"1856",2024-05-14,35,"Wade School","Ozone","Cumberland",35.1487,-78.7068
"1857",2024-05-15,27,"Wade School","Ozone","Cumberland",35.1487,-78.7068
"1858",2024-05-16,39,"Wade School","Ozone","Cumberland",35.1487,-78.7068
"1859",2024-05-17,44,"Wade School","Ozone","Cumberland",35.1487,-78.7068
"1860",2024-05-18,37,"Wade School","Ozone","Cumberland",35.1487,-78.7068
"1861",2024-05-19,33,"Wade School","Ozone","Cumberland",35.1487,-78.7068
"1862",2024-05-20,40,"Wade School","Ozone","Cumberland",35.1487,-78.7068
"1863",2024-05-21,43,"Wade School","Ozone","Cumberland",35.1487,-78.7068
"1864",2024-05-22,46,"Wade School","Ozone","Cumberland",35.1487,-78.7068
"1865",2024-05-23,46,"Wade School","Ozone","Cumberland",35.1487,-78.7068
"1866",2024-05-24,41,"Wade School","Ozone","Cumberland",35.1487,-78.7068
"1867",2024-05-25,45,"Wade School","Ozone","Cumberland",35.1487,-78.7068
"1868",2024-05-26,48,"Wade School","Ozone","Cumberland",35.1487,-78.7068
"1869",2024-05-27,38,"Wade School","Ozone","Cumberland",35.1487,-78.7068
"1870",2024-05-28,46,"Wade School","Ozone","Cumberland",35.1487,-78.7068
"1871",2024-05-29,50,"Wade School","Ozone","Cumberland",35.1487,-78.7068
"1872",2024-05-30,46,"Wade School","Ozone","Cumberland",35.1487,-78.7068
"1873",2024-05-31,51,"Wade School","Ozone","Cumberland",35.1487,-78.7068
"1874",2024-06-01,51,"Wade School","Ozone","Cumberland",35.1487,-78.7068
"1875",2024-06-02,47,"Wade School","Ozone","Cumberland",35.1487,-78.7068
"1876",2024-06-03,43,"Wade School","Ozone","Cumberland",35.1487,-78.7068
"1877",2024-06-04,45,"Wade School","Ozone","Cumberland",35.1487,-78.7068
"1878",2024-06-05,36,"Wade School","Ozone","Cumberland",35.1487,-78.7068
"1879",2024-06-06,40,"Wade School","Ozone","Cumberland",35.1487,-78.7068
"1880",2024-06-07,64,"Wade School","Ozone","Cumberland",35.1487,-78.7068
"1881",2024-06-08,87,"Wade School","Ozone","Cumberland",35.1487,-78.7068
"1882",2024-06-09,48,"Wade School","Ozone","Cumberland",35.1487,-78.7068
"1883",2024-06-10,54,"Wade School","Ozone","Cumberland",35.1487,-78.7068
"1884",2024-06-11,61,"Wade School","Ozone","Cumberland",35.1487,-78.7068
"1885",2024-06-12,64,"Wade School","Ozone","Cumberland",35.1487,-78.7068
"1886",2024-06-13,51,"Wade School","Ozone","Cumberland",35.1487,-78.7068
"1887",2024-06-14,61,"Wade School","Ozone","Cumberland",35.1487,-78.7068
"1888",2024-06-15,77,"Wade School","Ozone","Cumberland",35.1487,-78.7068
"1889",2024-06-16,58,"Wade School","Ozone","Cumberland",35.1487,-78.7068
"1890",2024-06-17,48,"Wade School","Ozone","Cumberland",35.1487,-78.7068
"1891",2024-06-18,45,"Wade School","Ozone","Cumberland",35.1487,-78.7068
"1892",2024-06-19,44,"Wade School","Ozone","Cumberland",35.1487,-78.7068
"1893",2024-06-20,41,"Wade School","Ozone","Cumberland",35.1487,-78.7068
"1894",2024-06-21,39,"Wade School","Ozone","Cumberland",35.1487,-78.7068
"1895",2024-06-22,29,"Wade School","Ozone","Cumberland",35.1487,-78.7068
"1896",2024-06-23,31,"Wade School","Ozone","Cumberland",35.1487,-78.7068
"1897",2024-06-24,51,"Wade School","Ozone","Cumberland",35.1487,-78.7068
"1898",2024-06-25,67,"Wade School","Ozone","Cumberland",35.1487,-78.7068
"1899",2024-06-26,51,"Wade School","Ozone","Cumberland",35.1487,-78.7068
"1900",2024-06-27,54,"Wade School","Ozone","Cumberland",35.1487,-78.7068
"1901",2024-06-28,61,"Wade School","Ozone","Cumberland",35.1487,-78.7068
"1902",2024-06-29,40,"Wade School","Ozone","Cumberland",35.1487,-78.7068
"1903",2024-06-30,32,"Wade School","Ozone","Cumberland",35.1487,-78.7068
"1904",2024-07-01,41,"Wade School","Ozone","Cumberland",35.1487,-78.7068
"1905",2024-07-02,71,"Wade School","Ozone","Cumberland",35.1487,-78.7068
"1906",2024-07-03,64,"Wade School","Ozone","Cumberland",35.1487,-78.7068
"1907",2024-07-04,48,"Wade School","Ozone","Cumberland",35.1487,-78.7068
"1908",2024-07-05,39,"Wade School","Ozone","Cumberland",35.1487,-78.7068
"1909",2024-07-06,39,"Wade School","Ozone","Cumberland",35.1487,-78.7068
"1910",2024-07-07,37,"Wade School","Ozone","Cumberland",35.1487,-78.7068
"1911",2024-07-08,40,"Wade School","Ozone","Cumberland",35.1487,-78.7068
"1912",2024-07-09,33,"Wade School","Ozone","Cumberland",35.1487,-78.7068
"1913",2024-07-10,35,"Wade School","Ozone","Cumberland",35.1487,-78.7068
"1914",2024-07-11,44,"Wade School","Ozone","Cumberland",35.1487,-78.7068
"1915",2024-07-12,25,"Wade School","Ozone","Cumberland",35.1487,-78.7068
"1916",2024-07-13,35,"Wade School","Ozone","Cumberland",35.1487,-78.7068
"1917",2024-07-14,44,"Wade School","Ozone","Cumberland",35.1487,-78.7068
"1918",2024-07-15,50,"Wade School","Ozone","Cumberland",35.1487,-78.7068
"1919",2024-07-16,58,"Wade School","Ozone","Cumberland",35.1487,-78.7068
"1920",2024-07-17,42,"Wade School","Ozone","Cumberland",35.1487,-78.7068
"1921",2024-07-18,41,"Wade School","Ozone","Cumberland",35.1487,-78.7068
"1922",2024-07-19,40,"Wade School","Ozone","Cumberland",35.1487,-78.7068
"1923",2024-07-20,32,"Wade School","Ozone","Cumberland",35.1487,-78.7068
"1924",2024-07-21,29,"Wade School","Ozone","Cumberland",35.1487,-78.7068
"1925",2024-07-22,27,"Wade School","Ozone","Cumberland",35.1487,-78.7068
"1926",2024-07-23,30,"Wade School","Ozone","Cumberland",35.1487,-78.7068
"1927",2024-07-24,29,"Wade School","Ozone","Cumberland",35.1487,-78.7068
"1928",2024-07-25,29,"Wade School","Ozone","Cumberland",35.1487,-78.7068
"1929",2024-07-26,22,"Wade School","Ozone","Cumberland",35.1487,-78.7068
"1930",2024-07-27,44,"Wade School","Ozone","Cumberland",35.1487,-78.7068
"1931",2024-07-28,48,"Wade School","Ozone","Cumberland",35.1487,-78.7068
"1932",2024-07-29,35,"Wade School","Ozone","Cumberland",35.1487,-78.7068
"1933",2024-07-30,34,"Wade School","Ozone","Cumberland",35.1487,-78.7068
"1934",2024-07-31,48,"Wade School","Ozone","Cumberland",35.1487,-78.7068
"1935",2024-08-01,47,"Wade School","Ozone","Cumberland",35.1487,-78.7068
"1936",2024-08-02,36,"Wade School","Ozone","Cumberland",35.1487,-78.7068
"1937",2024-08-03,34,"Wade School","Ozone","Cumberland",35.1487,-78.7068
"1938",2024-08-04,30,"Wade School","Ozone","Cumberland",35.1487,-78.7068
"1939",2024-08-05,20,"Wade School","Ozone","Cumberland",35.1487,-78.7068
"1940",2024-08-06,17,"Wade School","Ozone","Cumberland",35.1487,-78.7068
"1941",2024-08-07,31,"Wade School","Ozone","Cumberland",35.1487,-78.7068
"1942",2024-08-08,30,"Wade School","Ozone","Cumberland",35.1487,-78.7068
"1943",2024-08-09,31,"Wade School","Ozone","Cumberland",35.1487,-78.7068
"1944",2024-08-10,37,"Wade School","Ozone","Cumberland",35.1487,-78.7068
"1945",2024-08-11,31,"Wade School","Ozone","Cumberland",35.1487,-78.7068
"1946",2024-08-12,31,"Wade School","Ozone","Cumberland",35.1487,-78.7068
"1947",2024-08-13,36,"Wade School","Ozone","Cumberland",35.1487,-78.7068
"1948",2024-08-14,47,"Wade School","Ozone","Cumberland",35.1487,-78.7068
"1949",2024-08-15,45,"Wade School","Ozone","Cumberland",35.1487,-78.7068
"1950",2024-08-16,49,"Wade School","Ozone","Cumberland",35.1487,-78.7068
"1951",2024-08-17,44,"Wade School","Ozone","Cumberland",35.1487,-78.7068
"1952",2024-08-18,43,"Wade School","Ozone","Cumberland",35.1487,-78.7068
"1953",2024-08-19,39,"Wade School","Ozone","Cumberland",35.1487,-78.7068
"1954",2024-08-20,37,"Wade School","Ozone","Cumberland",35.1487,-78.7068
"1955",2024-08-21,44,"Wade School","Ozone","Cumberland",35.1487,-78.7068
"1956",2024-08-22,44,"Wade School","Ozone","Cumberland",35.1487,-78.7068
"1957",2024-08-23,45,"Wade School","Ozone","Cumberland",35.1487,-78.7068
"1958",2024-08-24,44,"Wade School","Ozone","Cumberland",35.1487,-78.7068
"1959",2024-08-25,44,"Wade School","Ozone","Cumberland",35.1487,-78.7068
"1960",2024-08-26,44,"Wade School","Ozone","Cumberland",35.1487,-78.7068
"1961",2024-08-27,54,"Wade School","Ozone","Cumberland",35.1487,-78.7068
"1962",2024-08-28,46,"Wade School","Ozone","Cumberland",35.1487,-78.7068
"1963",2024-08-29,50,"Wade School","Ozone","Cumberland",35.1487,-78.7068
"1964",2024-08-30,40,"Wade School","Ozone","Cumberland",35.1487,-78.7068
"1965",2024-08-31,43,"Wade School","Ozone","Cumberland",35.1487,-78.7068
"1966",2024-09-01,31,"Wade School","Ozone","Cumberland",35.1487,-78.7068
"1967",2024-09-02,31,"Wade School","Ozone","Cumberland",35.1487,-78.7068
"1968",2024-09-03,36,"Wade School","Ozone","Cumberland",35.1487,-78.7068
"1969",2024-09-04,35,"Wade School","Ozone","Cumberland",35.1487,-78.7068
"1970",2024-09-05,34,"Wade School","Ozone","Cumberland",35.1487,-78.7068
"1971",2024-09-06,39,"Wade School","Ozone","Cumberland",35.1487,-78.7068
"1972",2024-09-07,30,"Wade School","Ozone","Cumberland",35.1487,-78.7068
"1973",2024-09-08,32,"Wade School","Ozone","Cumberland",35.1487,-78.7068
"1974",2024-09-09,37,"Wade School","Ozone","Cumberland",35.1487,-78.7068
"1975",2024-09-10,45,"Wade School","Ozone","Cumberland",35.1487,-78.7068
"1976",2024-09-11,43,"Wade School","Ozone","Cumberland",35.1487,-78.7068
"1977",2024-09-12,43,"Wade School","Ozone","Cumberland",35.1487,-78.7068
"1978",2024-09-13,28,"Wade School","Ozone","Cumberland",35.1487,-78.7068
"1979",2024-09-14,32,"Wade School","Ozone","Cumberland",35.1487,-78.7068
"1980",2024-09-15,30,"Wade School","Ozone","Cumberland",35.1487,-78.7068
"1981",2024-09-16,31,"Wade School","Ozone","Cumberland",35.1487,-78.7068
"1982",2024-09-17,27,"Wade School","Ozone","Cumberland",35.1487,-78.7068
"1983",2024-09-18,38,"Wade School","Ozone","Cumberland",35.1487,-78.7068
"1984",2024-09-19,27,"Wade School","Ozone","Cumberland",35.1487,-78.7068
"1985",2024-09-20,38,"Wade School","Ozone","Cumberland",35.1487,-78.7068
"1986",2024-09-21,43,"Wade School","Ozone","Cumberland",35.1487,-78.7068
"1987",2024-09-22,40,"Wade School","Ozone","Cumberland",35.1487,-78.7068
"1988",2024-09-23,34,"Wade School","Ozone","Cumberland",35.1487,-78.7068
"1989",2024-09-24,35,"Wade School","Ozone","Cumberland",35.1487,-78.7068
"1990",2024-09-25,36,"Wade School","Ozone","Cumberland",35.1487,-78.7068
"1991",2024-09-26,20,"Wade School","Ozone","Cumberland",35.1487,-78.7068
"1992",2024-09-27,28,"Wade School","Ozone","Cumberland",35.1487,-78.7068
"1993",2024-09-28,44,"Wade School","Ozone","Cumberland",35.1487,-78.7068
"1994",2024-09-29,32,"Wade School","Ozone","Cumberland",35.1487,-78.7068
"1995",2024-09-30,32,"Wade School","Ozone","Cumberland",35.1487,-78.7068
"1996",2024-10-01,22,"Wade School","Ozone","Cumberland",35.1487,-78.7068
"1997",2024-10-02,30,"Wade School","Ozone","Cumberland",35.1487,-78.7068
"1998",2024-10-03,31,"Wade School","Ozone","Cumberland",35.1487,-78.7068
"1999",2024-10-04,36,"Wade School","Ozone","Cumberland",35.1487,-78.7068
"2000",2024-10-05,38,"Wade School","Ozone","Cumberland",35.1487,-78.7068
"2001",2024-10-06,46,"Wade School","Ozone","Cumberland",35.1487,-78.7068
"2002",2024-10-07,44,"Wade School","Ozone","Cumberland",35.1487,-78.7068
"2003",2024-10-08,39,"Wade School","Ozone","Cumberland",35.1487,-78.7068
"2004",2024-10-09,40,"Wade School","Ozone","Cumberland",35.1487,-78.7068
"2005",2024-10-10,35,"Wade School","Ozone","Cumberland",35.1487,-78.7068
"2006",2024-10-11,30,"Wade School","Ozone","Cumberland",35.1487,-78.7068
"2007",2024-10-12,42,"Wade School","Ozone","Cumberland",35.1487,-78.7068
"2008",2024-10-13,50,"Wade School","Ozone","Cumberland",35.1487,-78.7068
"2009",2024-10-14,44,"Wade School","Ozone","Cumberland",35.1487,-78.7068
"2010",2024-10-15,31,"Wade School","Ozone","Cumberland",35.1487,-78.7068
"2011",2024-10-16,26,"Wade School","Ozone","Cumberland",35.1487,-78.7068
"2012",2024-10-17,30,"Wade School","Ozone","Cumberland",35.1487,-78.7068
"2013",2024-10-18,34,"Wade School","Ozone","Cumberland",35.1487,-78.7068
"2014",2024-10-19,39,"Wade School","Ozone","Cumberland",35.1487,-78.7068
"2015",2024-10-20,39,"Wade School","Ozone","Cumberland",35.1487,-78.7068
"2016",2024-10-21,48,"Wade School","Ozone","Cumberland",35.1487,-78.7068
"2017",2024-10-22,47,"Wade School","Ozone","Cumberland",35.1487,-78.7068
"2018",2024-10-23,40,"Wade School","Ozone","Cumberland",35.1487,-78.7068
"2019",2024-10-24,47,"Wade School","Ozone","Cumberland",35.1487,-78.7068
"2020",2024-10-25,44,"Wade School","Ozone","Cumberland",35.1487,-78.7068
"2021",2024-10-26,41,"Wade School","Ozone","Cumberland",35.1487,-78.7068
"2022",2024-10-27,31,"Wade School","Ozone","Cumberland",35.1487,-78.7068
"2023",2024-10-28,38,"Wade School","Ozone","Cumberland",35.1487,-78.7068
"2024",2024-10-29,34,"Wade School","Ozone","Cumberland",35.1487,-78.7068
"2025",2024-10-30,34,"Wade School","Ozone","Cumberland",35.1487,-78.7068
"2026",2024-10-31,36,"Wade School","Ozone","Cumberland",35.1487,-78.7068
"2027",2024-03-01,31,"Durham Armory","Ozone","Durham",36.0329550008979,-78.904037
"2028",2024-03-02,28,"Durham Armory","Ozone","Durham",36.0329550008979,-78.904037
"2029",2024-03-03,29,"Durham Armory","Ozone","Durham",36.0329550008979,-78.904037
"2030",2024-03-04,37,"Durham Armory","Ozone","Durham",36.0329550008979,-78.904037
"2031",2024-03-05,29,"Durham Armory","Ozone","Durham",36.0329550008979,-78.904037
"2032",2024-03-06,25,"Durham Armory","Ozone","Durham",36.0329550008979,-78.904037
"2033",2024-03-07,36,"Durham Armory","Ozone","Durham",36.0329550008979,-78.904037
"2034",2024-03-08,35,"Durham Armory","Ozone","Durham",36.0329550008979,-78.904037
"2035",2024-03-09,27,"Durham Armory","Ozone","Durham",36.0329550008979,-78.904037
"2036",2024-03-10,41,"Durham Armory","Ozone","Durham",36.0329550008979,-78.904037
"2037",2024-03-11,42,"Durham Armory","Ozone","Durham",36.0329550008979,-78.904037
"2038",2024-03-12,43,"Durham Armory","Ozone","Durham",36.0329550008979,-78.904037
"2039",2024-03-13,48,"Durham Armory","Ozone","Durham",36.0329550008979,-78.904037
"2040",2024-03-14,71,"Durham Armory","Ozone","Durham",36.0329550008979,-78.904037
"2041",2024-03-15,44,"Durham Armory","Ozone","Durham",36.0329550008979,-78.904037
"2042",2024-03-16,41,"Durham Armory","Ozone","Durham",36.0329550008979,-78.904037
"2043",2024-03-17,43,"Durham Armory","Ozone","Durham",36.0329550008979,-78.904037
"2044",2024-03-18,44,"Durham Armory","Ozone","Durham",36.0329550008979,-78.904037
"2045",2024-03-19,37,"Durham Armory","Ozone","Durham",36.0329550008979,-78.904037
"2046",2024-03-20,46,"Durham Armory","Ozone","Durham",36.0329550008979,-78.904037
"2047",2024-03-21,44,"Durham Armory","Ozone","Durham",36.0329550008979,-78.904037
"2048",2024-03-22,37,"Durham Armory","Ozone","Durham",36.0329550008979,-78.904037
"2049",2024-03-23,36,"Durham Armory","Ozone","Durham",36.0329550008979,-78.904037
"2050",2024-03-24,43,"Durham Armory","Ozone","Durham",36.0329550008979,-78.904037
"2051",2024-03-25,44,"Durham Armory","Ozone","Durham",36.0329550008979,-78.904037
"2052",2024-03-26,38,"Durham Armory","Ozone","Durham",36.0329550008979,-78.904037
"2053",2024-03-27,19,"Durham Armory","Ozone","Durham",36.0329550008979,-78.904037
"2054",2024-03-28,29,"Durham Armory","Ozone","Durham",36.0329550008979,-78.904037
"2055",2024-03-29,48,"Durham Armory","Ozone","Durham",36.0329550008979,-78.904037
"2056",2024-03-30,54,"Durham Armory","Ozone","Durham",36.0329550008979,-78.904037
"2057",2024-03-31,51,"Durham Armory","Ozone","Durham",36.0329550008979,-78.904037
"2058",2024-04-01,44,"Durham Armory","Ozone","Durham",36.0329550008979,-78.904037
"2059",2024-04-02,43,"Durham Armory","Ozone","Durham",36.0329550008979,-78.904037
"2060",2024-04-03,44,"Durham Armory","Ozone","Durham",36.0329550008979,-78.904037
"2061",2024-04-04,38,"Durham Armory","Ozone","Durham",36.0329550008979,-78.904037
"2062",2024-04-05,38,"Durham Armory","Ozone","Durham",36.0329550008979,-78.904037
"2063",2024-04-06,39,"Durham Armory","Ozone","Durham",36.0329550008979,-78.904037
"2064",2024-04-07,43,"Durham Armory","Ozone","Durham",36.0329550008979,-78.904037
"2065",2024-04-08,46,"Durham Armory","Ozone","Durham",36.0329550008979,-78.904037
"2066",2024-04-09,41,"Durham Armory","Ozone","Durham",36.0329550008979,-78.904037
"2067",2024-04-10,37,"Durham Armory","Ozone","Durham",36.0329550008979,-78.904037
"2068",2024-04-11,37,"Durham Armory","Ozone","Durham",36.0329550008979,-78.904037
"2069",2024-04-12,46,"Durham Armory","Ozone","Durham",36.0329550008979,-78.904037
"2070",2024-04-13,45,"Durham Armory","Ozone","Durham",36.0329550008979,-78.904037
"2071",2024-04-14,51,"Durham Armory","Ozone","Durham",36.0329550008979,-78.904037
"2072",2024-04-15,54,"Durham Armory","Ozone","Durham",36.0329550008979,-78.904037
"2073",2024-04-16,48,"Durham Armory","Ozone","Durham",36.0329550008979,-78.904037
"2074",2024-04-17,40,"Durham Armory","Ozone","Durham",36.0329550008979,-78.904037
"2075",2024-04-18,43,"Durham Armory","Ozone","Durham",36.0329550008979,-78.904037
"2076",2024-04-19,43,"Durham Armory","Ozone","Durham",36.0329550008979,-78.904037
"2077",2024-04-20,28,"Durham Armory","Ozone","Durham",36.0329550008979,-78.904037
"2078",2024-04-21,25,"Durham Armory","Ozone","Durham",36.0329550008979,-78.904037
"2079",2024-04-22,38,"Durham Armory","Ozone","Durham",36.0329550008979,-78.904037
"2080",2024-04-23,45,"Durham Armory","Ozone","Durham",36.0329550008979,-78.904037
"2081",2024-04-24,37,"Durham Armory","Ozone","Durham",36.0329550008979,-78.904037
"2082",2024-04-25,48,"Durham Armory","Ozone","Durham",36.0329550008979,-78.904037
"2083",2024-04-26,42,"Durham Armory","Ozone","Durham",36.0329550008979,-78.904037
"2084",2024-04-27,45,"Durham Armory","Ozone","Durham",36.0329550008979,-78.904037
"2085",2024-04-28,41,"Durham Armory","Ozone","Durham",36.0329550008979,-78.904037
"2086",2024-04-29,46,"Durham Armory","Ozone","Durham",36.0329550008979,-78.904037
"2087",2024-04-30,39,"Durham Armory","Ozone","Durham",36.0329550008979,-78.904037
"2088",2024-05-01,44,"Durham Armory","Ozone","Durham",36.0329550008979,-78.904037
"2089",2024-05-02,67,"Durham Armory","Ozone","Durham",36.0329550008979,-78.904037
"2090",2024-05-03,54,"Durham Armory","Ozone","Durham",36.0329550008979,-78.904037
"2091",2024-05-04,13,"Durham Armory","Ozone","Durham",36.0329550008979,-78.904037
"2092",2024-05-05,21,"Durham Armory","Ozone","Durham",36.0329550008979,-78.904037
"2093",2024-05-06,31,"Durham Armory","Ozone","Durham",36.0329550008979,-78.904037
"2094",2024-05-07,39,"Durham Armory","Ozone","Durham",36.0329550008979,-78.904037
"2095",2024-05-08,37,"Durham Armory","Ozone","Durham",36.0329550008979,-78.904037
"2096",2024-05-09,42,"Durham Armory","Ozone","Durham",36.0329550008979,-78.904037
"2097",2024-05-10,44,"Durham Armory","Ozone","Durham",36.0329550008979,-78.904037
"2098",2024-05-11,43,"Durham Armory","Ozone","Durham",36.0329550008979,-78.904037
"2099",2024-05-12,43,"Durham Armory","Ozone","Durham",36.0329550008979,-78.904037
"2100",2024-05-13,44,"Durham Armory","Ozone","Durham",36.0329550008979,-78.904037
"2101",2024-05-14,32,"Durham Armory","Ozone","Durham",36.0329550008979,-78.904037
"2102",2024-05-15,32,"Durham Armory","Ozone","Durham",36.0329550008979,-78.904037
"2103",2024-05-16,36,"Durham Armory","Ozone","Durham",36.0329550008979,-78.904037
"2104",2024-05-17,40,"Durham Armory","Ozone","Durham",36.0329550008979,-78.904037
"2105",2024-05-18,26,"Durham Armory","Ozone","Durham",36.0329550008979,-78.904037
"2106",2024-05-19,31,"Durham Armory","Ozone","Durham",36.0329550008979,-78.904037
"2107",2024-05-20,38,"Durham Armory","Ozone","Durham",36.0329550008979,-78.904037
"2108",2024-05-21,44,"Durham Armory","Ozone","Durham",36.0329550008979,-78.904037
"2109",2024-05-22,50,"Durham Armory","Ozone","Durham",36.0329550008979,-78.904037
"2110",2024-05-23,49,"Durham Armory","Ozone","Durham",36.0329550008979,-78.904037
"2111",2024-05-24,41,"Durham Armory","Ozone","Durham",36.0329550008979,-78.904037
"2112",2024-05-25,44,"Durham Armory","Ozone","Durham",36.0329550008979,-78.904037
"2113",2024-05-26,45,"Durham Armory","Ozone","Durham",36.0329550008979,-78.904037
"2114",2024-05-27,38,"Durham Armory","Ozone","Durham",36.0329550008979,-78.904037
"2115",2024-05-28,43,"Durham Armory","Ozone","Durham",36.0329550008979,-78.904037
"2116",2024-05-29,51,"Durham Armory","Ozone","Durham",36.0329550008979,-78.904037
"2117",2024-05-30,41,"Durham Armory","Ozone","Durham",36.0329550008979,-78.904037
"2118",2024-05-31,44,"Durham Armory","Ozone","Durham",36.0329550008979,-78.904037
"2119",2024-06-01,61,"Durham Armory","Ozone","Durham",36.0329550008979,-78.904037
"2120",2024-06-02,40,"Durham Armory","Ozone","Durham",36.0329550008979,-78.904037
"2121",2024-06-03,37,"Durham Armory","Ozone","Durham",36.0329550008979,-78.904037
"2122",2024-06-04,40,"Durham Armory","Ozone","Durham",36.0329550008979,-78.904037
"2123",2024-06-05,36,"Durham Armory","Ozone","Durham",36.0329550008979,-78.904037
"2124",2024-06-06,40,"Durham Armory","Ozone","Durham",36.0329550008979,-78.904037
"2125",2024-06-07,54,"Durham Armory","Ozone","Durham",36.0329550008979,-78.904037
"2126",2024-06-08,74,"Durham Armory","Ozone","Durham",36.0329550008979,-78.904037
"2127",2024-06-09,47,"Durham Armory","Ozone","Durham",36.0329550008979,-78.904037
"2128",2024-06-10,51,"Durham Armory","Ozone","Durham",36.0329550008979,-78.904037
"2129",2024-06-11,43,"Durham Armory","Ozone","Durham",36.0329550008979,-78.904037
"2130",2024-06-12,64,"Durham Armory","Ozone","Durham",36.0329550008979,-78.904037
"2131",2024-06-13,51,"Durham Armory","Ozone","Durham",36.0329550008979,-78.904037
"2132",2024-06-14,64,"Durham Armory","Ozone","Durham",36.0329550008979,-78.904037
"2133",2024-06-15,49,"Durham Armory","Ozone","Durham",36.0329550008979,-78.904037
"2134",2024-06-16,54,"Durham Armory","Ozone","Durham",36.0329550008979,-78.904037
"2135",2024-06-17,49,"Durham Armory","Ozone","Durham",36.0329550008979,-78.904037
"2136",2024-06-18,48,"Durham Armory","Ozone","Durham",36.0329550008979,-78.904037
"2137",2024-06-19,42,"Durham Armory","Ozone","Durham",36.0329550008979,-78.904037
"2138",2024-06-20,40,"Durham Armory","Ozone","Durham",36.0329550008979,-78.904037
"2139",2024-06-21,48,"Durham Armory","Ozone","Durham",36.0329550008979,-78.904037
"2140",2024-06-22,24,"Durham Armory","Ozone","Durham",36.0329550008979,-78.904037
"2141",2024-06-23,29,"Durham Armory","Ozone","Durham",36.0329550008979,-78.904037
"2142",2024-06-24,49,"Durham Armory","Ozone","Durham",36.0329550008979,-78.904037
"2143",2024-06-25,77,"Durham Armory","Ozone","Durham",36.0329550008979,-78.904037
"2144",2024-06-26,58,"Durham Armory","Ozone","Durham",36.0329550008979,-78.904037
"2145",2024-06-27,43,"Durham Armory","Ozone","Durham",36.0329550008979,-78.904037
"2146",2024-06-28,67,"Durham Armory","Ozone","Durham",36.0329550008979,-78.904037
"2147",2024-06-29,43,"Durham Armory","Ozone","Durham",36.0329550008979,-78.904037
"2148",2024-06-30,34,"Durham Armory","Ozone","Durham",36.0329550008979,-78.904037
"2149",2024-07-01,33,"Durham Armory","Ozone","Durham",36.0329550008979,-78.904037
"2150",2024-07-02,54,"Durham Armory","Ozone","Durham",36.0329550008979,-78.904037
"2151",2024-07-03,67,"Durham Armory","Ozone","Durham",36.0329550008979,-78.904037
"2152",2024-07-04,42,"Durham Armory","Ozone","Durham",36.0329550008979,-78.904037
"2153",2024-07-05,32,"Durham Armory","Ozone","Durham",36.0329550008979,-78.904037
"2154",2024-07-06,39,"Durham Armory","Ozone","Durham",36.0329550008979,-78.904037
"2155",2024-07-07,28,"Durham Armory","Ozone","Durham",36.0329550008979,-78.904037
"2156",2024-07-08,35,"Durham Armory","Ozone","Durham",36.0329550008979,-78.904037
"2157",2024-07-10,38,"Durham Armory","Ozone","Durham",36.0329550008979,-78.904037
"2158",2024-07-11,45,"Durham Armory","Ozone","Durham",36.0329550008979,-78.904037
"2159",2024-07-12,24,"Durham Armory","Ozone","Durham",36.0329550008979,-78.904037
"2160",2024-07-13,32,"Durham Armory","Ozone","Durham",36.0329550008979,-78.904037
"2161",2024-07-14,47,"Durham Armory","Ozone","Durham",36.0329550008979,-78.904037
"2162",2024-07-15,77,"Durham Armory","Ozone","Durham",36.0329550008979,-78.904037
"2163",2024-07-16,45,"Durham Armory","Ozone","Durham",36.0329550008979,-78.904037
"2164",2024-07-17,42,"Durham Armory","Ozone","Durham",36.0329550008979,-78.904037
"2165",2024-07-18,38,"Durham Armory","Ozone","Durham",36.0329550008979,-78.904037
"2166",2024-07-19,37,"Durham Armory","Ozone","Durham",36.0329550008979,-78.904037
"2167",2024-07-20,32,"Durham Armory","Ozone","Durham",36.0329550008979,-78.904037
"2168",2024-07-21,42,"Durham Armory","Ozone","Durham",36.0329550008979,-78.904037
"2169",2024-07-22,29,"Durham Armory","Ozone","Durham",36.0329550008979,-78.904037
"2170",2024-07-23,31,"Durham Armory","Ozone","Durham",36.0329550008979,-78.904037
"2171",2024-07-24,29,"Durham Armory","Ozone","Durham",36.0329550008979,-78.904037
"2172",2024-07-25,24,"Durham Armory","Ozone","Durham",36.0329550008979,-78.904037
"2173",2024-07-26,30,"Durham Armory","Ozone","Durham",36.0329550008979,-78.904037
"2174",2024-07-27,42,"Durham Armory","Ozone","Durham",36.0329550008979,-78.904037
"2175",2024-07-28,47,"Durham Armory","Ozone","Durham",36.0329550008979,-78.904037
"2176",2024-07-29,32,"Durham Armory","Ozone","Durham",36.0329550008979,-78.904037
"2177",2024-07-30,30,"Durham Armory","Ozone","Durham",36.0329550008979,-78.904037
"2178",2024-07-31,47,"Durham Armory","Ozone","Durham",36.0329550008979,-78.904037
"2179",2024-08-01,42,"Durham Armory","Ozone","Durham",36.0329550008979,-78.904037
"2180",2024-08-02,36,"Durham Armory","Ozone","Durham",36.0329550008979,-78.904037
"2181",2024-08-03,34,"Durham Armory","Ozone","Durham",36.0329550008979,-78.904037
"2182",2024-08-04,35,"Durham Armory","Ozone","Durham",36.0329550008979,-78.904037
"2183",2024-08-05,40,"Durham Armory","Ozone","Durham",36.0329550008979,-78.904037
"2184",2024-08-06,17,"Durham Armory","Ozone","Durham",36.0329550008979,-78.904037
"2185",2024-08-07,24,"Durham Armory","Ozone","Durham",36.0329550008979,-78.904037
"2186",2024-08-08,27,"Durham Armory","Ozone","Durham",36.0329550008979,-78.904037
"2187",2024-08-09,28,"Durham Armory","Ozone","Durham",36.0329550008979,-78.904037
"2188",2024-08-10,42,"Durham Armory","Ozone","Durham",36.0329550008979,-78.904037
"2189",2024-08-11,31,"Durham Armory","Ozone","Durham",36.0329550008979,-78.904037
"2190",2024-08-12,36,"Durham Armory","Ozone","Durham",36.0329550008979,-78.904037
"2191",2024-08-13,26,"Durham Armory","Ozone","Durham",36.0329550008979,-78.904037
"2192",2024-08-14,42,"Durham Armory","Ozone","Durham",36.0329550008979,-78.904037
"2193",2024-08-15,40,"Durham Armory","Ozone","Durham",36.0329550008979,-78.904037
"2194",2024-08-16,48,"Durham Armory","Ozone","Durham",36.0329550008979,-78.904037
"2195",2024-08-17,39,"Durham Armory","Ozone","Durham",36.0329550008979,-78.904037
"2196",2024-08-18,36,"Durham Armory","Ozone","Durham",36.0329550008979,-78.904037
"2197",2024-08-19,36,"Durham Armory","Ozone","Durham",36.0329550008979,-78.904037
"2198",2024-08-20,31,"Durham Armory","Ozone","Durham",36.0329550008979,-78.904037
"2199",2024-08-21,39,"Durham Armory","Ozone","Durham",36.0329550008979,-78.904037
"2200",2024-08-22,40,"Durham Armory","Ozone","Durham",36.0329550008979,-78.904037
"2201",2024-08-23,42,"Durham Armory","Ozone","Durham",36.0329550008979,-78.904037
"2202",2024-08-24,51,"Durham Armory","Ozone","Durham",36.0329550008979,-78.904037
"2203",2024-08-25,48,"Durham Armory","Ozone","Durham",36.0329550008979,-78.904037
"2204",2024-08-26,97,"Durham Armory","Ozone","Durham",36.0329550008979,-78.904037
"2205",2024-08-27,58,"Durham Armory","Ozone","Durham",36.0329550008979,-78.904037
"2206",2024-08-28,58,"Durham Armory","Ozone","Durham",36.0329550008979,-78.904037
"2207",2024-08-29,54,"Durham Armory","Ozone","Durham",36.0329550008979,-78.904037
"2208",2024-08-30,43,"Durham Armory","Ozone","Durham",36.0329550008979,-78.904037
"2209",2024-08-31,40,"Durham Armory","Ozone","Durham",36.0329550008979,-78.904037
"2210",2024-09-01,34,"Durham Armory","Ozone","Durham",36.0329550008979,-78.904037
"2211",2024-09-02,31,"Durham Armory","Ozone","Durham",36.0329550008979,-78.904037
"2212",2024-09-03,31,"Durham Armory","Ozone","Durham",36.0329550008979,-78.904037
"2213",2024-09-04,31,"Durham Armory","Ozone","Durham",36.0329550008979,-78.904037
"2214",2024-09-05,36,"Durham Armory","Ozone","Durham",36.0329550008979,-78.904037
"2215",2024-09-06,36,"Durham Armory","Ozone","Durham",36.0329550008979,-78.904037
"2216",2024-09-07,39,"Durham Armory","Ozone","Durham",36.0329550008979,-78.904037
"2217",2024-09-08,36,"Durham Armory","Ozone","Durham",36.0329550008979,-78.904037
"2218",2024-09-09,40,"Durham Armory","Ozone","Durham",36.0329550008979,-78.904037
"2219",2024-09-10,41,"Durham Armory","Ozone","Durham",36.0329550008979,-78.904037
"2220",2024-09-11,45,"Durham Armory","Ozone","Durham",36.0329550008979,-78.904037
"2221",2024-09-12,42,"Durham Armory","Ozone","Durham",36.0329550008979,-78.904037
"2222",2024-09-13,20,"Durham Armory","Ozone","Durham",36.0329550008979,-78.904037
"2223",2024-09-14,29,"Durham Armory","Ozone","Durham",36.0329550008979,-78.904037
"2224",2024-09-15,26,"Durham Armory","Ozone","Durham",36.0329550008979,-78.904037
"2225",2024-09-16,27,"Durham Armory","Ozone","Durham",36.0329550008979,-78.904037
"2226",2024-09-17,21,"Durham Armory","Ozone","Durham",36.0329550008979,-78.904037
"2227",2024-09-18,27,"Durham Armory","Ozone","Durham",36.0329550008979,-78.904037
"2228",2024-09-19,21,"Durham Armory","Ozone","Durham",36.0329550008979,-78.904037
"2229",2024-09-20,33,"Durham Armory","Ozone","Durham",36.0329550008979,-78.904037
"2230",2024-09-21,37,"Durham Armory","Ozone","Durham",36.0329550008979,-78.904037
"2231",2024-09-22,30,"Durham Armory","Ozone","Durham",36.0329550008979,-78.904037
"2232",2024-09-23,31,"Durham Armory","Ozone","Durham",36.0329550008979,-78.904037
"2233",2024-09-24,24,"Durham Armory","Ozone","Durham",36.0329550008979,-78.904037
"2234",2024-09-25,32,"Durham Armory","Ozone","Durham",36.0329550008979,-78.904037
"2235",2024-09-26,20,"Durham Armory","Ozone","Durham",36.0329550008979,-78.904037
"2236",2024-09-27,21,"Durham Armory","Ozone","Durham",36.0329550008979,-78.904037
"2237",2024-09-28,39,"Durham Armory","Ozone","Durham",36.0329550008979,-78.904037
"2238",2024-09-29,36,"Durham Armory","Ozone","Durham",36.0329550008979,-78.904037
"2239",2024-09-30,22,"Durham Armory","Ozone","Durham",36.0329550008979,-78.904037
"2240",2024-10-01,18,"Durham Armory","Ozone","Durham",36.0329550008979,-78.904037
"2241",2024-10-02,23,"Durham Armory","Ozone","Durham",36.0329550008979,-78.904037
"2242",2024-10-03,28,"Durham Armory","Ozone","Durham",36.0329550008979,-78.904037
"2243",2024-10-04,37,"Durham Armory","Ozone","Durham",36.0329550008979,-78.904037
"2244",2024-10-05,39,"Durham Armory","Ozone","Durham",36.0329550008979,-78.904037
"2245",2024-10-06,44,"Durham Armory","Ozone","Durham",36.0329550008979,-78.904037
"2246",2024-10-07,38,"Durham Armory","Ozone","Durham",36.0329550008979,-78.904037
"2247",2024-10-08,33,"Durham Armory","Ozone","Durham",36.0329550008979,-78.904037
"2248",2024-10-09,37,"Durham Armory","Ozone","Durham",36.0329550008979,-78.904037
"2249",2024-10-10,32,"Durham Armory","Ozone","Durham",36.0329550008979,-78.904037
"2250",2024-10-11,27,"Durham Armory","Ozone","Durham",36.0329550008979,-78.904037
"2251",2024-10-12,42,"Durham Armory","Ozone","Durham",36.0329550008979,-78.904037
"2252",2024-10-13,44,"Durham Armory","Ozone","Durham",36.0329550008979,-78.904037
"2253",2024-10-14,41,"Durham Armory","Ozone","Durham",36.0329550008979,-78.904037
"2254",2024-10-15,30,"Durham Armory","Ozone","Durham",36.0329550008979,-78.904037
"2255",2024-10-16,25,"Durham Armory","Ozone","Durham",36.0329550008979,-78.904037
"2256",2024-10-17,31,"Durham Armory","Ozone","Durham",36.0329550008979,-78.904037
"2257",2024-10-18,33,"Durham Armory","Ozone","Durham",36.0329550008979,-78.904037
"2258",2024-10-19,37,"Durham Armory","Ozone","Durham",36.0329550008979,-78.904037
"2259",2024-10-20,38,"Durham Armory","Ozone","Durham",36.0329550008979,-78.904037
"2260",2024-10-21,41,"Durham Armory","Ozone","Durham",36.0329550008979,-78.904037
"2261",2024-10-22,44,"Durham Armory","Ozone","Durham",36.0329550008979,-78.904037
"2262",2024-10-23,44,"Durham Armory","Ozone","Durham",36.0329550008979,-78.904037
"2263",2024-10-24,44,"Durham Armory","Ozone","Durham",36.0329550008979,-78.904037
"2264",2024-10-25,40,"Durham Armory","Ozone","Durham",36.0329550008979,-78.904037
"2265",2024-10-26,43,"Durham Armory","Ozone","Durham",36.0329550008979,-78.904037
"2266",2024-10-27,27,"Durham Armory","Ozone","Durham",36.0329550008979,-78.904037
"2267",2024-10-28,35,"Durham Armory","Ozone","Durham",36.0329550008979,-78.904037
"2268",2024-10-29,38,"Durham Armory","Ozone","Durham",36.0329550008979,-78.904037
"2269",2024-10-30,34,"Durham Armory","Ozone","Durham",36.0329550008979,-78.904037
"2270",2024-10-31,33,"Durham Armory","Ozone","Durham",36.0329550008979,-78.904037
"2271",2024-03-01,37,"Leggett","Ozone","Edgecombe",35.988278,-77.5843
"2272",2024-03-02,31,"Leggett","Ozone","Edgecombe",35.988278,-77.5843
"2273",2024-03-03,33,"Leggett","Ozone","Edgecombe",35.988278,-77.5843
"2274",2024-03-04,33,"Leggett","Ozone","Edgecombe",35.988278,-77.5843
"2275",2024-03-05,30,"Leggett","Ozone","Edgecombe",35.988278,-77.5843
"2276",2024-03-06,23,"Leggett","Ozone","Edgecombe",35.988278,-77.5843
"2277",2024-03-07,35,"Leggett","Ozone","Edgecombe",35.988278,-77.5843
"2278",2024-03-08,34,"Leggett","Ozone","Edgecombe",35.988278,-77.5843
"2279",2024-03-09,29,"Leggett","Ozone","Edgecombe",35.988278,-77.5843
"2280",2024-03-10,40,"Leggett","Ozone","Edgecombe",35.988278,-77.5843
"2281",2024-03-11,42,"Leggett","Ozone","Edgecombe",35.988278,-77.5843
"2282",2024-03-12,45,"Leggett","Ozone","Edgecombe",35.988278,-77.5843
"2283",2024-03-13,50,"Leggett","Ozone","Edgecombe",35.988278,-77.5843
"2284",2024-03-14,67,"Leggett","Ozone","Edgecombe",35.988278,-77.5843
"2285",2024-03-15,50,"Leggett","Ozone","Edgecombe",35.988278,-77.5843
"2286",2024-03-16,39,"Leggett","Ozone","Edgecombe",35.988278,-77.5843
"2287",2024-03-17,44,"Leggett","Ozone","Edgecombe",35.988278,-77.5843
"2288",2024-03-18,43,"Leggett","Ozone","Edgecombe",35.988278,-77.5843
"2289",2024-03-19,37,"Leggett","Ozone","Edgecombe",35.988278,-77.5843
"2290",2024-03-20,49,"Leggett","Ozone","Edgecombe",35.988278,-77.5843
"2291",2024-03-21,44,"Leggett","Ozone","Edgecombe",35.988278,-77.5843
"2292",2024-03-22,40,"Leggett","Ozone","Edgecombe",35.988278,-77.5843
"2293",2024-03-23,35,"Leggett","Ozone","Edgecombe",35.988278,-77.5843
"2294",2024-03-24,40,"Leggett","Ozone","Edgecombe",35.988278,-77.5843
"2295",2024-03-28,26,"Leggett","Ozone","Edgecombe",35.988278,-77.5843
"2296",2024-03-29,48,"Leggett","Ozone","Edgecombe",35.988278,-77.5843
"2297",2024-03-30,51,"Leggett","Ozone","Edgecombe",35.988278,-77.5843
"2298",2024-03-31,51,"Leggett","Ozone","Edgecombe",35.988278,-77.5843
"2299",2024-04-01,44,"Leggett","Ozone","Edgecombe",35.988278,-77.5843
"2300",2024-04-02,42,"Leggett","Ozone","Edgecombe",35.988278,-77.5843
"2301",2024-04-03,30,"Leggett","Ozone","Edgecombe",35.988278,-77.5843
"2302",2024-04-04,40,"Leggett","Ozone","Edgecombe",35.988278,-77.5843
"2303",2024-04-05,40,"Leggett","Ozone","Edgecombe",35.988278,-77.5843
"2304",2024-04-06,38,"Leggett","Ozone","Edgecombe",35.988278,-77.5843
"2305",2024-04-07,42,"Leggett","Ozone","Edgecombe",35.988278,-77.5843
"2306",2024-04-08,45,"Leggett","Ozone","Edgecombe",35.988278,-77.5843
"2307",2024-04-09,42,"Leggett","Ozone","Edgecombe",35.988278,-77.5843
"2308",2024-04-10,37,"Leggett","Ozone","Edgecombe",35.988278,-77.5843
"2309",2024-04-11,36,"Leggett","Ozone","Edgecombe",35.988278,-77.5843
"2310",2024-04-12,49,"Leggett","Ozone","Edgecombe",35.988278,-77.5843
"2311",2024-04-13,45,"Leggett","Ozone","Edgecombe",35.988278,-77.5843
"2312",2024-04-14,50,"Leggett","Ozone","Edgecombe",35.988278,-77.5843
"2313",2024-04-15,64,"Leggett","Ozone","Edgecombe",35.988278,-77.5843
"2314",2024-04-16,46,"Leggett","Ozone","Edgecombe",35.988278,-77.5843
"2315",2024-04-17,45,"Leggett","Ozone","Edgecombe",35.988278,-77.5843
"2316",2024-04-18,44,"Leggett","Ozone","Edgecombe",35.988278,-77.5843
"2317",2024-04-19,38,"Leggett","Ozone","Edgecombe",35.988278,-77.5843
"2318",2024-04-20,25,"Leggett","Ozone","Edgecombe",35.988278,-77.5843
"2319",2024-04-21,29,"Leggett","Ozone","Edgecombe",35.988278,-77.5843
"2320",2024-04-22,37,"Leggett","Ozone","Edgecombe",35.988278,-77.5843
"2321",2024-04-23,48,"Leggett","Ozone","Edgecombe",35.988278,-77.5843
"2322",2024-04-24,38,"Leggett","Ozone","Edgecombe",35.988278,-77.5843
"2323",2024-04-25,44,"Leggett","Ozone","Edgecombe",35.988278,-77.5843
"2324",2024-04-26,42,"Leggett","Ozone","Edgecombe",35.988278,-77.5843
"2325",2024-04-27,38,"Leggett","Ozone","Edgecombe",35.988278,-77.5843
"2326",2024-04-28,43,"Leggett","Ozone","Edgecombe",35.988278,-77.5843
"2327",2024-04-29,47,"Leggett","Ozone","Edgecombe",35.988278,-77.5843
"2328",2024-04-30,40,"Leggett","Ozone","Edgecombe",35.988278,-77.5843
"2329",2024-05-01,47,"Leggett","Ozone","Edgecombe",35.988278,-77.5843
"2330",2024-05-02,51,"Leggett","Ozone","Edgecombe",35.988278,-77.5843
"2331",2024-05-03,48,"Leggett","Ozone","Edgecombe",35.988278,-77.5843
"2332",2024-05-04,27,"Leggett","Ozone","Edgecombe",35.988278,-77.5843
"2333",2024-05-05,25,"Leggett","Ozone","Edgecombe",35.988278,-77.5843
"2334",2024-05-06,35,"Leggett","Ozone","Edgecombe",35.988278,-77.5843
"2335",2024-05-07,41,"Leggett","Ozone","Edgecombe",35.988278,-77.5843
"2336",2024-05-08,39,"Leggett","Ozone","Edgecombe",35.988278,-77.5843
"2337",2024-05-09,44,"Leggett","Ozone","Edgecombe",35.988278,-77.5843
"2338",2024-05-10,40,"Leggett","Ozone","Edgecombe",35.988278,-77.5843
"2339",2024-05-11,31,"Leggett","Ozone","Edgecombe",35.988278,-77.5843
"2340",2024-05-12,43,"Leggett","Ozone","Edgecombe",35.988278,-77.5843
"2341",2024-05-13,41,"Leggett","Ozone","Edgecombe",35.988278,-77.5843
"2342",2024-05-14,34,"Leggett","Ozone","Edgecombe",35.988278,-77.5843
"2343",2024-05-15,31,"Leggett","Ozone","Edgecombe",35.988278,-77.5843
"2344",2024-05-16,36,"Leggett","Ozone","Edgecombe",35.988278,-77.5843
"2345",2024-05-17,34,"Leggett","Ozone","Edgecombe",35.988278,-77.5843
"2346",2024-05-18,27,"Leggett","Ozone","Edgecombe",35.988278,-77.5843
"2347",2024-05-19,30,"Leggett","Ozone","Edgecombe",35.988278,-77.5843
"2348",2024-05-20,35,"Leggett","Ozone","Edgecombe",35.988278,-77.5843
"2349",2024-05-21,33,"Leggett","Ozone","Edgecombe",35.988278,-77.5843
"2350",2024-05-22,44,"Leggett","Ozone","Edgecombe",35.988278,-77.5843
"2351",2024-05-23,47,"Leggett","Ozone","Edgecombe",35.988278,-77.5843
"2352",2024-05-24,40,"Leggett","Ozone","Edgecombe",35.988278,-77.5843
"2353",2024-05-25,39,"Leggett","Ozone","Edgecombe",35.988278,-77.5843
"2354",2024-05-26,42,"Leggett","Ozone","Edgecombe",35.988278,-77.5843
"2355",2024-05-27,26,"Leggett","Ozone","Edgecombe",35.988278,-77.5843
"2356",2024-05-28,42,"Leggett","Ozone","Edgecombe",35.988278,-77.5843
"2357",2024-05-29,49,"Leggett","Ozone","Edgecombe",35.988278,-77.5843
"2358",2024-05-30,38,"Leggett","Ozone","Edgecombe",35.988278,-77.5843
"2359",2024-05-31,46,"Leggett","Ozone","Edgecombe",35.988278,-77.5843
"2360",2024-06-01,51,"Leggett","Ozone","Edgecombe",35.988278,-77.5843
"2361",2024-06-02,44,"Leggett","Ozone","Edgecombe",35.988278,-77.5843
"2362",2024-06-03,36,"Leggett","Ozone","Edgecombe",35.988278,-77.5843
"2363",2024-06-04,42,"Leggett","Ozone","Edgecombe",35.988278,-77.5843
"2364",2024-06-05,34,"Leggett","Ozone","Edgecombe",35.988278,-77.5843
"2365",2024-06-06,41,"Leggett","Ozone","Edgecombe",35.988278,-77.5843
"2366",2024-06-07,54,"Leggett","Ozone","Edgecombe",35.988278,-77.5843
"2367",2024-06-08,64,"Leggett","Ozone","Edgecombe",35.988278,-77.5843
"2368",2024-06-09,49,"Leggett","Ozone","Edgecombe",35.988278,-77.5843
"2369",2024-06-10,50,"Leggett","Ozone","Edgecombe",35.988278,-77.5843
"2370",2024-06-11,45,"Leggett","Ozone","Edgecombe",35.988278,-77.5843
"2371",2024-06-12,46,"Leggett","Ozone","Edgecombe",35.988278,-77.5843
"2372",2024-06-13,45,"Leggett","Ozone","Edgecombe",35.988278,-77.5843
"2373",2024-06-14,54,"Leggett","Ozone","Edgecombe",35.988278,-77.5843
"2374",2024-06-15,67,"Leggett","Ozone","Edgecombe",35.988278,-77.5843
"2375",2024-06-16,49,"Leggett","Ozone","Edgecombe",35.988278,-77.5843
"2376",2024-06-17,45,"Leggett","Ozone","Edgecombe",35.988278,-77.5843
"2377",2024-06-18,44,"Leggett","Ozone","Edgecombe",35.988278,-77.5843
"2378",2024-06-19,39,"Leggett","Ozone","Edgecombe",35.988278,-77.5843
"2379",2024-06-20,36,"Leggett","Ozone","Edgecombe",35.988278,-77.5843
"2380",2024-06-21,40,"Leggett","Ozone","Edgecombe",35.988278,-77.5843
"2381",2024-06-22,29,"Leggett","Ozone","Edgecombe",35.988278,-77.5843
"2382",2024-06-23,31,"Leggett","Ozone","Edgecombe",35.988278,-77.5843
"2383",2024-06-24,42,"Leggett","Ozone","Edgecombe",35.988278,-77.5843
"2384",2024-06-25,50,"Leggett","Ozone","Edgecombe",35.988278,-77.5843
"2385",2024-06-26,67,"Leggett","Ozone","Edgecombe",35.988278,-77.5843
"2386",2024-06-27,44,"Leggett","Ozone","Edgecombe",35.988278,-77.5843
"2387",2024-06-28,61,"Leggett","Ozone","Edgecombe",35.988278,-77.5843
"2388",2024-06-29,36,"Leggett","Ozone","Edgecombe",35.988278,-77.5843
"2389",2024-06-30,33,"Leggett","Ozone","Edgecombe",35.988278,-77.5843
"2390",2024-07-01,34,"Leggett","Ozone","Edgecombe",35.988278,-77.5843
"2391",2024-07-02,42,"Leggett","Ozone","Edgecombe",35.988278,-77.5843
"2392",2024-07-03,50,"Leggett","Ozone","Edgecombe",35.988278,-77.5843
"2393",2024-07-04,48,"Leggett","Ozone","Edgecombe",35.988278,-77.5843
"2394",2024-07-05,43,"Leggett","Ozone","Edgecombe",35.988278,-77.5843
"2395",2024-07-06,45,"Leggett","Ozone","Edgecombe",35.988278,-77.5843
"2396",2024-07-07,35,"Leggett","Ozone","Edgecombe",35.988278,-77.5843
"2397",2024-07-08,39,"Leggett","Ozone","Edgecombe",35.988278,-77.5843
"2398",2024-07-09,33,"Leggett","Ozone","Edgecombe",35.988278,-77.5843
"2399",2024-07-10,32,"Leggett","Ozone","Edgecombe",35.988278,-77.5843
"2400",2024-07-11,26,"Leggett","Ozone","Edgecombe",35.988278,-77.5843
"2401",2024-07-12,24,"Leggett","Ozone","Edgecombe",35.988278,-77.5843
"2402",2024-07-13,28,"Leggett","Ozone","Edgecombe",35.988278,-77.5843
"2403",2024-07-14,41,"Leggett","Ozone","Edgecombe",35.988278,-77.5843
"2404",2024-07-15,46,"Leggett","Ozone","Edgecombe",35.988278,-77.5843
"2405",2024-07-16,50,"Leggett","Ozone","Edgecombe",35.988278,-77.5843
"2406",2024-07-17,40,"Leggett","Ozone","Edgecombe",35.988278,-77.5843
"2407",2024-07-18,36,"Leggett","Ozone","Edgecombe",35.988278,-77.5843
"2408",2024-07-19,33,"Leggett","Ozone","Edgecombe",35.988278,-77.5843
"2409",2024-07-20,32,"Leggett","Ozone","Edgecombe",35.988278,-77.5843
"2410",2024-07-21,32,"Leggett","Ozone","Edgecombe",35.988278,-77.5843
"2411",2024-07-22,28,"Leggett","Ozone","Edgecombe",35.988278,-77.5843
"2412",2024-07-23,27,"Leggett","Ozone","Edgecombe",35.988278,-77.5843
"2413",2024-07-24,31,"Leggett","Ozone","Edgecombe",35.988278,-77.5843
"2414",2024-07-25,23,"Leggett","Ozone","Edgecombe",35.988278,-77.5843
"2415",2024-07-26,30,"Leggett","Ozone","Edgecombe",35.988278,-77.5843
"2416",2024-07-27,38,"Leggett","Ozone","Edgecombe",35.988278,-77.5843
"2417",2024-07-28,44,"Leggett","Ozone","Edgecombe",35.988278,-77.5843
"2418",2024-07-29,38,"Leggett","Ozone","Edgecombe",35.988278,-77.5843
"2419",2024-07-30,35,"Leggett","Ozone","Edgecombe",35.988278,-77.5843
"2420",2024-07-31,41,"Leggett","Ozone","Edgecombe",35.988278,-77.5843
"2421",2024-08-01,44,"Leggett","Ozone","Edgecombe",35.988278,-77.5843
"2422",2024-08-02,35,"Leggett","Ozone","Edgecombe",35.988278,-77.5843
"2423",2024-08-03,29,"Leggett","Ozone","Edgecombe",35.988278,-77.5843
"2424",2024-08-04,31,"Leggett","Ozone","Edgecombe",35.988278,-77.5843
"2425",2024-08-05,22,"Leggett","Ozone","Edgecombe",35.988278,-77.5843
"2426",2024-08-06,15,"Leggett","Ozone","Edgecombe",35.988278,-77.5843
"2427",2024-08-07,19,"Leggett","Ozone","Edgecombe",35.988278,-77.5843
"2428",2024-08-08,33,"Leggett","Ozone","Edgecombe",35.988278,-77.5843
"2429",2024-08-09,30,"Leggett","Ozone","Edgecombe",35.988278,-77.5843
"2430",2024-08-10,32,"Leggett","Ozone","Edgecombe",35.988278,-77.5843
"2431",2024-08-11,26,"Leggett","Ozone","Edgecombe",35.988278,-77.5843
"2432",2024-08-12,29,"Leggett","Ozone","Edgecombe",35.988278,-77.5843
"2433",2024-08-13,37,"Leggett","Ozone","Edgecombe",35.988278,-77.5843
"2434",2024-08-14,35,"Leggett","Ozone","Edgecombe",35.988278,-77.5843
"2435",2024-08-15,45,"Leggett","Ozone","Edgecombe",35.988278,-77.5843
"2436",2024-08-16,46,"Leggett","Ozone","Edgecombe",35.988278,-77.5843
"2437",2024-08-17,37,"Leggett","Ozone","Edgecombe",35.988278,-77.5843
"2438",2024-08-18,39,"Leggett","Ozone","Edgecombe",35.988278,-77.5843
"2439",2024-08-19,33,"Leggett","Ozone","Edgecombe",35.988278,-77.5843
"2440",2024-08-20,32,"Leggett","Ozone","Edgecombe",35.988278,-77.5843
"2441",2024-08-21,36,"Leggett","Ozone","Edgecombe",35.988278,-77.5843
"2442",2024-08-22,38,"Leggett","Ozone","Edgecombe",35.988278,-77.5843
"2443",2024-08-23,41,"Leggett","Ozone","Edgecombe",35.988278,-77.5843
"2444",2024-08-24,41,"Leggett","Ozone","Edgecombe",35.988278,-77.5843
"2445",2024-08-25,33,"Leggett","Ozone","Edgecombe",35.988278,-77.5843
"2446",2024-08-26,42,"Leggett","Ozone","Edgecombe",35.988278,-77.5843
"2447",2024-08-27,49,"Leggett","Ozone","Edgecombe",35.988278,-77.5843
"2448",2024-08-28,80,"Leggett","Ozone","Edgecombe",35.988278,-77.5843
"2449",2024-08-29,49,"Leggett","Ozone","Edgecombe",35.988278,-77.5843
"2450",2024-08-30,35,"Leggett","Ozone","Edgecombe",35.988278,-77.5843
"2451",2024-08-31,32,"Leggett","Ozone","Edgecombe",35.988278,-77.5843
"2452",2024-09-01,24,"Leggett","Ozone","Edgecombe",35.988278,-77.5843
"2453",2024-09-02,20,"Leggett","Ozone","Edgecombe",35.988278,-77.5843
"2454",2024-09-03,31,"Leggett","Ozone","Edgecombe",35.988278,-77.5843
"2455",2024-09-04,32,"Leggett","Ozone","Edgecombe",35.988278,-77.5843
"2456",2024-09-05,31,"Leggett","Ozone","Edgecombe",35.988278,-77.5843
"2457",2024-09-06,32,"Leggett","Ozone","Edgecombe",35.988278,-77.5843
"2458",2024-09-07,21,"Leggett","Ozone","Edgecombe",35.988278,-77.5843
"2459",2024-09-08,31,"Leggett","Ozone","Edgecombe",35.988278,-77.5843
"2460",2024-09-09,33,"Leggett","Ozone","Edgecombe",35.988278,-77.5843
"2461",2024-09-10,38,"Leggett","Ozone","Edgecombe",35.988278,-77.5843
"2462",2024-09-11,44,"Leggett","Ozone","Edgecombe",35.988278,-77.5843
"2463",2024-09-12,38,"Leggett","Ozone","Edgecombe",35.988278,-77.5843
"2464",2024-09-13,25,"Leggett","Ozone","Edgecombe",35.988278,-77.5843
"2465",2024-09-14,28,"Leggett","Ozone","Edgecombe",35.988278,-77.5843
"2466",2024-09-15,26,"Leggett","Ozone","Edgecombe",35.988278,-77.5843
"2467",2024-09-16,25,"Leggett","Ozone","Edgecombe",35.988278,-77.5843
"2468",2024-09-17,24,"Leggett","Ozone","Edgecombe",35.988278,-77.5843
"2469",2024-09-18,23,"Leggett","Ozone","Edgecombe",35.988278,-77.5843
"2470",2024-09-19,21,"Leggett","Ozone","Edgecombe",35.988278,-77.5843
"2471",2024-09-20,42,"Leggett","Ozone","Edgecombe",35.988278,-77.5843
"2472",2024-09-21,38,"Leggett","Ozone","Edgecombe",35.988278,-77.5843
"2473",2024-09-22,30,"Leggett","Ozone","Edgecombe",35.988278,-77.5843
"2474",2024-09-23,31,"Leggett","Ozone","Edgecombe",35.988278,-77.5843
"2475",2024-09-24,20,"Leggett","Ozone","Edgecombe",35.988278,-77.5843
"2476",2024-09-25,26,"Leggett","Ozone","Edgecombe",35.988278,-77.5843
"2477",2024-09-26,19,"Leggett","Ozone","Edgecombe",35.988278,-77.5843
"2478",2024-09-27,20,"Leggett","Ozone","Edgecombe",35.988278,-77.5843
"2479",2024-09-28,34,"Leggett","Ozone","Edgecombe",35.988278,-77.5843
"2480",2024-09-29,33,"Leggett","Ozone","Edgecombe",35.988278,-77.5843
"2481",2024-09-30,24,"Leggett","Ozone","Edgecombe",35.988278,-77.5843
"2482",2024-10-01,23,"Leggett","Ozone","Edgecombe",35.988278,-77.5843
"2483",2024-10-02,21,"Leggett","Ozone","Edgecombe",35.988278,-77.5843
"2484",2024-10-03,29,"Leggett","Ozone","Edgecombe",35.988278,-77.5843
"2485",2024-10-04,31,"Leggett","Ozone","Edgecombe",35.988278,-77.5843
"2486",2024-10-05,30,"Leggett","Ozone","Edgecombe",35.988278,-77.5843
"2487",2024-10-06,38,"Leggett","Ozone","Edgecombe",35.988278,-77.5843
"2488",2024-10-07,40,"Leggett","Ozone","Edgecombe",35.988278,-77.5843
"2489",2024-10-08,32,"Leggett","Ozone","Edgecombe",35.988278,-77.5843
"2490",2024-10-09,35,"Leggett","Ozone","Edgecombe",35.988278,-77.5843
"2491",2024-10-10,32,"Leggett","Ozone","Edgecombe",35.988278,-77.5843
"2492",2024-10-11,27,"Leggett","Ozone","Edgecombe",35.988278,-77.5843
"2493",2024-10-12,42,"Leggett","Ozone","Edgecombe",35.988278,-77.5843
"2494",2024-10-13,44,"Leggett","Ozone","Edgecombe",35.988278,-77.5843
"2495",2024-10-14,42,"Leggett","Ozone","Edgecombe",35.988278,-77.5843
"2496",2024-10-15,31,"Leggett","Ozone","Edgecombe",35.988278,-77.5843
"2497",2024-10-16,27,"Leggett","Ozone","Edgecombe",35.988278,-77.5843
"2498",2024-10-17,31,"Leggett","Ozone","Edgecombe",35.988278,-77.5843
"2499",2024-10-18,33,"Leggett","Ozone","Edgecombe",35.988278,-77.5843
"2500",2024-10-19,35,"Leggett","Ozone","Edgecombe",35.988278,-77.5843
"2501",2024-10-20,32,"Leggett","Ozone","Edgecombe",35.988278,-77.5843
"2502",2024-10-21,43,"Leggett","Ozone","Edgecombe",35.988278,-77.5843
"2503",2024-10-22,44,"Leggett","Ozone","Edgecombe",35.988278,-77.5843
"2504",2024-10-23,39,"Leggett","Ozone","Edgecombe",35.988278,-77.5843
"2505",2024-10-24,40,"Leggett","Ozone","Edgecombe",35.988278,-77.5843
"2506",2024-10-25,39,"Leggett","Ozone","Edgecombe",35.988278,-77.5843
"2507",2024-10-26,39,"Leggett","Ozone","Edgecombe",35.988278,-77.5843
"2508",2024-10-27,25,"Leggett","Ozone","Edgecombe",35.988278,-77.5843
"2509",2024-10-28,36,"Leggett","Ozone","Edgecombe",35.988278,-77.5843
"2510",2024-10-29,35,"Leggett","Ozone","Edgecombe",35.988278,-77.5843
"2511",2024-10-30,31,"Leggett","Ozone","Edgecombe",35.988278,-77.5843
"2512",2024-10-31,34,"Leggett","Ozone","Edgecombe",35.988278,-77.5843
"2513",2024-03-01,27,"Hattie Avenue","Ozone","Forsyth",36.11094,-80.224501
"2514",2024-03-02,35,"Hattie Avenue","Ozone","Forsyth",36.11094,-80.224501
"2515",2024-03-03,35,"Hattie Avenue","Ozone","Forsyth",36.11094,-80.224501
"2516",2024-03-04,36,"Hattie Avenue","Ozone","Forsyth",36.11094,-80.224501
"2517",2024-03-05,40,"Hattie Avenue","Ozone","Forsyth",36.11094,-80.224501
"2518",2024-03-06,23,"Hattie Avenue","Ozone","Forsyth",36.11094,-80.224501
"2519",2024-03-07,36,"Hattie Avenue","Ozone","Forsyth",36.11094,-80.224501
"2520",2024-03-08,32,"Hattie Avenue","Ozone","Forsyth",36.11094,-80.224501
"2521",2024-03-09,23,"Hattie Avenue","Ozone","Forsyth",36.11094,-80.224501
"2522",2024-03-10,39,"Hattie Avenue","Ozone","Forsyth",36.11094,-80.224501
"2523",2024-03-11,43,"Hattie Avenue","Ozone","Forsyth",36.11094,-80.224501
"2524",2024-03-12,42,"Hattie Avenue","Ozone","Forsyth",36.11094,-80.224501
"2525",2024-03-13,50,"Hattie Avenue","Ozone","Forsyth",36.11094,-80.224501
"2526",2024-03-14,80,"Hattie Avenue","Ozone","Forsyth",36.11094,-80.224501
"2527",2024-03-15,35,"Hattie Avenue","Ozone","Forsyth",36.11094,-80.224501
"2528",2024-03-16,43,"Hattie Avenue","Ozone","Forsyth",36.11094,-80.224501
"2529",2024-03-17,42,"Hattie Avenue","Ozone","Forsyth",36.11094,-80.224501
"2530",2024-03-18,44,"Hattie Avenue","Ozone","Forsyth",36.11094,-80.224501
"2531",2024-03-19,36,"Hattie Avenue","Ozone","Forsyth",36.11094,-80.224501
"2532",2024-03-20,44,"Hattie Avenue","Ozone","Forsyth",36.11094,-80.224501
"2533",2024-03-21,47,"Hattie Avenue","Ozone","Forsyth",36.11094,-80.224501
"2534",2024-03-22,32,"Hattie Avenue","Ozone","Forsyth",36.11094,-80.224501
"2535",2024-03-23,40,"Hattie Avenue","Ozone","Forsyth",36.11094,-80.224501
"2536",2024-03-24,44,"Hattie Avenue","Ozone","Forsyth",36.11094,-80.224501
"2537",2024-03-25,48,"Hattie Avenue","Ozone","Forsyth",36.11094,-80.224501
"2538",2024-03-26,33,"Hattie Avenue","Ozone","Forsyth",36.11094,-80.224501
"2539",2024-03-27,25,"Hattie Avenue","Ozone","Forsyth",36.11094,-80.224501
"2540",2024-03-28,44,"Hattie Avenue","Ozone","Forsyth",36.11094,-80.224501
"2541",2024-03-29,47,"Hattie Avenue","Ozone","Forsyth",36.11094,-80.224501
"2542",2024-03-30,54,"Hattie Avenue","Ozone","Forsyth",36.11094,-80.224501
"2543",2024-03-31,49,"Hattie Avenue","Ozone","Forsyth",36.11094,-80.224501
"2544",2024-04-01,45,"Hattie Avenue","Ozone","Forsyth",36.11094,-80.224501
"2545",2024-04-02,45,"Hattie Avenue","Ozone","Forsyth",36.11094,-80.224501
"2546",2024-04-03,43,"Hattie Avenue","Ozone","Forsyth",36.11094,-80.224501
"2547",2024-04-04,37,"Hattie Avenue","Ozone","Forsyth",36.11094,-80.224501
"2548",2024-04-05,35,"Hattie Avenue","Ozone","Forsyth",36.11094,-80.224501
"2549",2024-04-06,41,"Hattie Avenue","Ozone","Forsyth",36.11094,-80.224501
"2550",2024-04-07,47,"Hattie Avenue","Ozone","Forsyth",36.11094,-80.224501
"2551",2024-04-08,49,"Hattie Avenue","Ozone","Forsyth",36.11094,-80.224501
"2552",2024-04-09,33,"Hattie Avenue","Ozone","Forsyth",36.11094,-80.224501
"2553",2024-04-10,36,"Hattie Avenue","Ozone","Forsyth",36.11094,-80.224501
"2554",2024-04-11,38,"Hattie Avenue","Ozone","Forsyth",36.11094,-80.224501
"2555",2024-04-12,44,"Hattie Avenue","Ozone","Forsyth",36.11094,-80.224501
"2556",2024-04-13,45,"Hattie Avenue","Ozone","Forsyth",36.11094,-80.224501
"2557",2024-04-14,58,"Hattie Avenue","Ozone","Forsyth",36.11094,-80.224501
"2558",2024-04-15,64,"Hattie Avenue","Ozone","Forsyth",36.11094,-80.224501
"2559",2024-04-16,67,"Hattie Avenue","Ozone","Forsyth",36.11094,-80.224501
"2560",2024-04-17,51,"Hattie Avenue","Ozone","Forsyth",36.11094,-80.224501
"2561",2024-04-18,44,"Hattie Avenue","Ozone","Forsyth",36.11094,-80.224501
"2562",2024-04-19,46,"Hattie Avenue","Ozone","Forsyth",36.11094,-80.224501
"2563",2024-04-20,37,"Hattie Avenue","Ozone","Forsyth",36.11094,-80.224501
"2564",2024-04-21,29,"Hattie Avenue","Ozone","Forsyth",36.11094,-80.224501
"2565",2024-04-22,43,"Hattie Avenue","Ozone","Forsyth",36.11094,-80.224501
"2566",2024-04-23,46,"Hattie Avenue","Ozone","Forsyth",36.11094,-80.224501
"2567",2024-04-24,42,"Hattie Avenue","Ozone","Forsyth",36.11094,-80.224501
"2568",2024-04-25,61,"Hattie Avenue","Ozone","Forsyth",36.11094,-80.224501
"2569",2024-04-26,44,"Hattie Avenue","Ozone","Forsyth",36.11094,-80.224501
"2570",2024-04-27,45,"Hattie Avenue","Ozone","Forsyth",36.11094,-80.224501
"2571",2024-04-28,44,"Hattie Avenue","Ozone","Forsyth",36.11094,-80.224501
"2572",2024-04-29,61,"Hattie Avenue","Ozone","Forsyth",36.11094,-80.224501
"2573",2024-04-30,41,"Hattie Avenue","Ozone","Forsyth",36.11094,-80.224501
"2574",2024-05-01,46,"Hattie Avenue","Ozone","Forsyth",36.11094,-80.224501
"2575",2024-05-02,87,"Hattie Avenue","Ozone","Forsyth",36.11094,-80.224501
"2576",2024-05-03,51,"Hattie Avenue","Ozone","Forsyth",36.11094,-80.224501
"2577",2024-05-04,18,"Hattie Avenue","Ozone","Forsyth",36.11094,-80.224501
"2578",2024-05-05,23,"Hattie Avenue","Ozone","Forsyth",36.11094,-80.224501
"2579",2024-05-06,36,"Hattie Avenue","Ozone","Forsyth",36.11094,-80.224501
"2580",2024-05-07,33,"Hattie Avenue","Ozone","Forsyth",36.11094,-80.224501
"2581",2024-05-08,29,"Hattie Avenue","Ozone","Forsyth",36.11094,-80.224501
"2582",2024-05-09,43,"Hattie Avenue","Ozone","Forsyth",36.11094,-80.224501
"2583",2024-05-10,42,"Hattie Avenue","Ozone","Forsyth",36.11094,-80.224501
"2584",2024-05-11,40,"Hattie Avenue","Ozone","Forsyth",36.11094,-80.224501
"2585",2024-05-12,44,"Hattie Avenue","Ozone","Forsyth",36.11094,-80.224501
"2586",2024-05-13,43,"Hattie Avenue","Ozone","Forsyth",36.11094,-80.224501
"2587",2024-05-14,30,"Hattie Avenue","Ozone","Forsyth",36.11094,-80.224501
"2588",2024-05-15,32,"Hattie Avenue","Ozone","Forsyth",36.11094,-80.224501
"2589",2024-05-16,44,"Hattie Avenue","Ozone","Forsyth",36.11094,-80.224501
"2590",2024-05-17,35,"Hattie Avenue","Ozone","Forsyth",36.11094,-80.224501
"2591",2024-05-18,36,"Hattie Avenue","Ozone","Forsyth",36.11094,-80.224501
"2592",2024-05-19,39,"Hattie Avenue","Ozone","Forsyth",36.11094,-80.224501
"2593",2024-05-20,43,"Hattie Avenue","Ozone","Forsyth",36.11094,-80.224501
"2594",2024-05-21,64,"Hattie Avenue","Ozone","Forsyth",36.11094,-80.224501
"2595",2024-05-22,61,"Hattie Avenue","Ozone","Forsyth",36.11094,-80.224501
"2596",2024-05-23,43,"Hattie Avenue","Ozone","Forsyth",36.11094,-80.224501
"2597",2024-05-24,42,"Hattie Avenue","Ozone","Forsyth",36.11094,-80.224501
"2598",2024-05-25,44,"Hattie Avenue","Ozone","Forsyth",36.11094,-80.224501
"2599",2024-05-26,48,"Hattie Avenue","Ozone","Forsyth",36.11094,-80.224501
"2600",2024-05-27,47,"Hattie Avenue","Ozone","Forsyth",36.11094,-80.224501
"2601",2024-05-28,44,"Hattie Avenue","Ozone","Forsyth",36.11094,-80.224501
"2602",2024-05-29,48,"Hattie Avenue","Ozone","Forsyth",36.11094,-80.224501
"2603",2024-05-30,42,"Hattie Avenue","Ozone","Forsyth",36.11094,-80.224501
"2604",2024-05-31,58,"Hattie Avenue","Ozone","Forsyth",36.11094,-80.224501
"2605",2024-06-01,54,"Hattie Avenue","Ozone","Forsyth",36.11094,-80.224501
"2606",2024-06-02,43,"Hattie Avenue","Ozone","Forsyth",36.11094,-80.224501
"2607",2024-06-03,39,"Hattie Avenue","Ozone","Forsyth",36.11094,-80.224501
"2608",2024-06-04,46,"Hattie Avenue","Ozone","Forsyth",36.11094,-80.224501
"2609",2024-06-05,37,"Hattie Avenue","Ozone","Forsyth",36.11094,-80.224501
"2610",2024-06-06,40,"Hattie Avenue","Ozone","Forsyth",36.11094,-80.224501
"2611",2024-06-07,48,"Hattie Avenue","Ozone","Forsyth",36.11094,-80.224501
"2612",2024-06-08,67,"Hattie Avenue","Ozone","Forsyth",36.11094,-80.224501
"2613",2024-06-09,43,"Hattie Avenue","Ozone","Forsyth",36.11094,-80.224501
"2614",2024-06-10,47,"Hattie Avenue","Ozone","Forsyth",36.11094,-80.224501
"2615",2024-06-11,44,"Hattie Avenue","Ozone","Forsyth",36.11094,-80.224501
"2616",2024-06-12,71,"Hattie Avenue","Ozone","Forsyth",36.11094,-80.224501
"2617",2024-06-13,64,"Hattie Avenue","Ozone","Forsyth",36.11094,-80.224501
"2618",2024-06-14,54,"Hattie Avenue","Ozone","Forsyth",36.11094,-80.224501
"2619",2024-06-15,77,"Hattie Avenue","Ozone","Forsyth",36.11094,-80.224501
"2620",2024-06-16,45,"Hattie Avenue","Ozone","Forsyth",36.11094,-80.224501
"2621",2024-06-17,46,"Hattie Avenue","Ozone","Forsyth",36.11094,-80.224501
"2622",2024-06-18,50,"Hattie Avenue","Ozone","Forsyth",36.11094,-80.224501
"2623",2024-06-19,71,"Hattie Avenue","Ozone","Forsyth",36.11094,-80.224501
"2624",2024-06-20,58,"Hattie Avenue","Ozone","Forsyth",36.11094,-80.224501
"2625",2024-06-21,67,"Hattie Avenue","Ozone","Forsyth",36.11094,-80.224501
"2626",2024-06-22,36,"Hattie Avenue","Ozone","Forsyth",36.11094,-80.224501
"2627",2024-06-23,39,"Hattie Avenue","Ozone","Forsyth",36.11094,-80.224501
"2628",2024-06-24,61,"Hattie Avenue","Ozone","Forsyth",36.11094,-80.224501
"2629",2024-06-25,71,"Hattie Avenue","Ozone","Forsyth",36.11094,-80.224501
"2630",2024-06-26,105,"Hattie Avenue","Ozone","Forsyth",36.11094,-80.224501
"2631",2024-06-27,49,"Hattie Avenue","Ozone","Forsyth",36.11094,-80.224501
"2632",2024-06-28,77,"Hattie Avenue","Ozone","Forsyth",36.11094,-80.224501
"2633",2024-06-29,39,"Hattie Avenue","Ozone","Forsyth",36.11094,-80.224501
"2634",2024-06-30,37,"Hattie Avenue","Ozone","Forsyth",36.11094,-80.224501
"2635",2024-07-01,48,"Hattie Avenue","Ozone","Forsyth",36.11094,-80.224501
"2636",2024-07-02,84,"Hattie Avenue","Ozone","Forsyth",36.11094,-80.224501
"2637",2024-07-03,67,"Hattie Avenue","Ozone","Forsyth",36.11094,-80.224501
"2638",2024-07-04,46,"Hattie Avenue","Ozone","Forsyth",36.11094,-80.224501
"2639",2024-07-05,41,"Hattie Avenue","Ozone","Forsyth",36.11094,-80.224501
"2640",2024-07-06,46,"Hattie Avenue","Ozone","Forsyth",36.11094,-80.224501
"2641",2024-07-07,31,"Hattie Avenue","Ozone","Forsyth",36.11094,-80.224501
"2642",2024-07-08,58,"Hattie Avenue","Ozone","Forsyth",36.11094,-80.224501
"2643",2024-07-09,64,"Hattie Avenue","Ozone","Forsyth",36.11094,-80.224501
"2644",2024-07-10,48,"Hattie Avenue","Ozone","Forsyth",36.11094,-80.224501
"2645",2024-07-11,61,"Hattie Avenue","Ozone","Forsyth",36.11094,-80.224501
"2646",2024-07-12,32,"Hattie Avenue","Ozone","Forsyth",36.11094,-80.224501
"2647",2024-07-13,51,"Hattie Avenue","Ozone","Forsyth",36.11094,-80.224501
"2648",2024-07-14,50,"Hattie Avenue","Ozone","Forsyth",36.11094,-80.224501
"2649",2024-07-15,64,"Hattie Avenue","Ozone","Forsyth",36.11094,-80.224501
"2650",2024-07-16,47,"Hattie Avenue","Ozone","Forsyth",36.11094,-80.224501
"2651",2024-07-17,45,"Hattie Avenue","Ozone","Forsyth",36.11094,-80.224501
"2652",2024-07-18,44,"Hattie Avenue","Ozone","Forsyth",36.11094,-80.224501
"2653",2024-07-19,46,"Hattie Avenue","Ozone","Forsyth",36.11094,-80.224501
"2654",2024-07-20,32,"Hattie Avenue","Ozone","Forsyth",36.11094,-80.224501
"2655",2024-07-21,37,"Hattie Avenue","Ozone","Forsyth",36.11094,-80.224501
"2656",2024-07-22,38,"Hattie Avenue","Ozone","Forsyth",36.11094,-80.224501
"2657",2024-07-23,41,"Hattie Avenue","Ozone","Forsyth",36.11094,-80.224501
"2658",2024-07-24,38,"Hattie Avenue","Ozone","Forsyth",36.11094,-80.224501
"2659",2024-07-25,27,"Hattie Avenue","Ozone","Forsyth",36.11094,-80.224501
"2660",2024-07-26,38,"Hattie Avenue","Ozone","Forsyth",36.11094,-80.224501
"2661",2024-07-27,49,"Hattie Avenue","Ozone","Forsyth",36.11094,-80.224501
"2662",2024-07-28,47,"Hattie Avenue","Ozone","Forsyth",36.11094,-80.224501
"2663",2024-07-29,33,"Hattie Avenue","Ozone","Forsyth",36.11094,-80.224501
"2664",2024-07-30,47,"Hattie Avenue","Ozone","Forsyth",36.11094,-80.224501
"2665",2024-07-31,47,"Hattie Avenue","Ozone","Forsyth",36.11094,-80.224501
"2666",2024-08-01,46,"Hattie Avenue","Ozone","Forsyth",36.11094,-80.224501
"2667",2024-08-02,37,"Hattie Avenue","Ozone","Forsyth",36.11094,-80.224501
"2668",2024-08-03,38,"Hattie Avenue","Ozone","Forsyth",36.11094,-80.224501
"2669",2024-08-04,41,"Hattie Avenue","Ozone","Forsyth",36.11094,-80.224501
"2670",2024-08-05,47,"Hattie Avenue","Ozone","Forsyth",36.11094,-80.224501
"2671",2024-08-06,26,"Hattie Avenue","Ozone","Forsyth",36.11094,-80.224501
"2672",2024-08-07,26,"Hattie Avenue","Ozone","Forsyth",36.11094,-80.224501
"2673",2024-08-08,30,"Hattie Avenue","Ozone","Forsyth",36.11094,-80.224501
"2674",2024-08-09,32,"Hattie Avenue","Ozone","Forsyth",36.11094,-80.224501
"2675",2024-08-10,44,"Hattie Avenue","Ozone","Forsyth",36.11094,-80.224501
"2676",2024-08-11,77,"Hattie Avenue","Ozone","Forsyth",36.11094,-80.224501
"2677",2024-08-12,44,"Hattie Avenue","Ozone","Forsyth",36.11094,-80.224501
"2678",2024-08-13,28,"Hattie Avenue","Ozone","Forsyth",36.11094,-80.224501
"2679",2024-08-14,46,"Hattie Avenue","Ozone","Forsyth",36.11094,-80.224501
"2680",2024-08-15,47,"Hattie Avenue","Ozone","Forsyth",36.11094,-80.224501
"2681",2024-08-16,51,"Hattie Avenue","Ozone","Forsyth",36.11094,-80.224501
"2682",2024-08-17,39,"Hattie Avenue","Ozone","Forsyth",36.11094,-80.224501
"2683",2024-08-18,40,"Hattie Avenue","Ozone","Forsyth",36.11094,-80.224501
"2684",2024-08-19,32,"Hattie Avenue","Ozone","Forsyth",36.11094,-80.224501
"2685",2024-08-20,38,"Hattie Avenue","Ozone","Forsyth",36.11094,-80.224501
"2686",2024-08-21,43,"Hattie Avenue","Ozone","Forsyth",36.11094,-80.224501
"2687",2024-08-22,54,"Hattie Avenue","Ozone","Forsyth",36.11094,-80.224501
"2688",2024-08-23,48,"Hattie Avenue","Ozone","Forsyth",36.11094,-80.224501
"2689",2024-08-24,45,"Hattie Avenue","Ozone","Forsyth",36.11094,-80.224501
"2690",2024-08-25,49,"Hattie Avenue","Ozone","Forsyth",36.11094,-80.224501
"2691",2024-08-26,105,"Hattie Avenue","Ozone","Forsyth",36.11094,-80.224501
"2692",2024-08-27,112,"Hattie Avenue","Ozone","Forsyth",36.11094,-80.224501
"2693",2024-08-28,71,"Hattie Avenue","Ozone","Forsyth",36.11094,-80.224501
"2694",2024-08-29,67,"Hattie Avenue","Ozone","Forsyth",36.11094,-80.224501
"2695",2024-08-30,64,"Hattie Avenue","Ozone","Forsyth",36.11094,-80.224501
"2696",2024-08-31,46,"Hattie Avenue","Ozone","Forsyth",36.11094,-80.224501
"2697",2024-09-01,39,"Hattie Avenue","Ozone","Forsyth",36.11094,-80.224501
"2698",2024-09-02,37,"Hattie Avenue","Ozone","Forsyth",36.11094,-80.224501
"2699",2024-09-03,33,"Hattie Avenue","Ozone","Forsyth",36.11094,-80.224501
"2700",2024-09-04,41,"Hattie Avenue","Ozone","Forsyth",36.11094,-80.224501
"2701",2024-09-05,41,"Hattie Avenue","Ozone","Forsyth",36.11094,-80.224501
"2702",2024-09-06,48,"Hattie Avenue","Ozone","Forsyth",36.11094,-80.224501
"2703",2024-09-07,36,"Hattie Avenue","Ozone","Forsyth",36.11094,-80.224501
"2704",2024-09-08,41,"Hattie Avenue","Ozone","Forsyth",36.11094,-80.224501
"2705",2024-09-09,47,"Hattie Avenue","Ozone","Forsyth",36.11094,-80.224501
"2706",2024-09-10,47,"Hattie Avenue","Ozone","Forsyth",36.11094,-80.224501
"2707",2024-09-11,64,"Hattie Avenue","Ozone","Forsyth",36.11094,-80.224501
"2708",2024-09-12,46,"Hattie Avenue","Ozone","Forsyth",36.11094,-80.224501
"2709",2024-09-13,29,"Hattie Avenue","Ozone","Forsyth",36.11094,-80.224501
"2710",2024-09-14,31,"Hattie Avenue","Ozone","Forsyth",36.11094,-80.224501
"2711",2024-09-15,29,"Hattie Avenue","Ozone","Forsyth",36.11094,-80.224501
"2712",2024-09-16,29,"Hattie Avenue","Ozone","Forsyth",36.11094,-80.224501
"2713",2024-09-17,21,"Hattie Avenue","Ozone","Forsyth",36.11094,-80.224501
"2714",2024-09-18,36,"Hattie Avenue","Ozone","Forsyth",36.11094,-80.224501
"2715",2024-09-19,23,"Hattie Avenue","Ozone","Forsyth",36.11094,-80.224501
"2716",2024-09-20,32,"Hattie Avenue","Ozone","Forsyth",36.11094,-80.224501
"2717",2024-09-21,45,"Hattie Avenue","Ozone","Forsyth",36.11094,-80.224501
"2718",2024-09-22,49,"Hattie Avenue","Ozone","Forsyth",36.11094,-80.224501
"2719",2024-09-23,19,"Hattie Avenue","Ozone","Forsyth",36.11094,-80.224501
"2720",2024-09-24,24,"Hattie Avenue","Ozone","Forsyth",36.11094,-80.224501
"2721",2024-09-25,35,"Hattie Avenue","Ozone","Forsyth",36.11094,-80.224501
"2722",2024-09-26,23,"Hattie Avenue","Ozone","Forsyth",36.11094,-80.224501
"2723",2024-09-27,23,"Hattie Avenue","Ozone","Forsyth",36.11094,-80.224501
"2724",2024-09-28,39,"Hattie Avenue","Ozone","Forsyth",36.11094,-80.224501
"2725",2024-09-29,38,"Hattie Avenue","Ozone","Forsyth",36.11094,-80.224501
"2726",2024-09-30,32,"Hattie Avenue","Ozone","Forsyth",36.11094,-80.224501
"2727",2024-10-01,22,"Hattie Avenue","Ozone","Forsyth",36.11094,-80.224501
"2728",2024-10-02,32,"Hattie Avenue","Ozone","Forsyth",36.11094,-80.224501
"2729",2024-10-03,33,"Hattie Avenue","Ozone","Forsyth",36.11094,-80.224501
"2730",2024-10-04,32,"Hattie Avenue","Ozone","Forsyth",36.11094,-80.224501
"2731",2024-10-05,54,"Hattie Avenue","Ozone","Forsyth",36.11094,-80.224501
"2732",2024-10-06,36,"Hattie Avenue","Ozone","Forsyth",36.11094,-80.224501
"2733",2024-10-07,44,"Hattie Avenue","Ozone","Forsyth",36.11094,-80.224501
"2734",2024-10-08,37,"Hattie Avenue","Ozone","Forsyth",36.11094,-80.224501
"2735",2024-10-09,44,"Hattie Avenue","Ozone","Forsyth",36.11094,-80.224501
"2736",2024-10-10,33,"Hattie Avenue","Ozone","Forsyth",36.11094,-80.224501
"2737",2024-10-11,33,"Hattie Avenue","Ozone","Forsyth",36.11094,-80.224501
"2738",2024-10-12,41,"Hattie Avenue","Ozone","Forsyth",36.11094,-80.224501
"2739",2024-10-13,46,"Hattie Avenue","Ozone","Forsyth",36.11094,-80.224501
"2740",2024-10-14,37,"Hattie Avenue","Ozone","Forsyth",36.11094,-80.224501
"2741",2024-10-15,30,"Hattie Avenue","Ozone","Forsyth",36.11094,-80.224501
"2742",2024-10-16,25,"Hattie Avenue","Ozone","Forsyth",36.11094,-80.224501
"2743",2024-10-17,34,"Hattie Avenue","Ozone","Forsyth",36.11094,-80.224501
"2744",2024-10-18,34,"Hattie Avenue","Ozone","Forsyth",36.11094,-80.224501
"2745",2024-10-19,38,"Hattie Avenue","Ozone","Forsyth",36.11094,-80.224501
"2746",2024-10-20,40,"Hattie Avenue","Ozone","Forsyth",36.11094,-80.224501
"2747",2024-10-21,44,"Hattie Avenue","Ozone","Forsyth",36.11094,-80.224501
"2748",2024-10-22,50,"Hattie Avenue","Ozone","Forsyth",36.11094,-80.224501
"2749",2024-10-23,45,"Hattie Avenue","Ozone","Forsyth",36.11094,-80.224501
"2750",2024-10-24,45,"Hattie Avenue","Ozone","Forsyth",36.11094,-80.224501
"2751",2024-10-25,51,"Hattie Avenue","Ozone","Forsyth",36.11094,-80.224501
"2752",2024-10-26,45,"Hattie Avenue","Ozone","Forsyth",36.11094,-80.224501
"2753",2024-10-27,30,"Hattie Avenue","Ozone","Forsyth",36.11094,-80.224501
"2754",2024-10-28,38,"Hattie Avenue","Ozone","Forsyth",36.11094,-80.224501
"2755",2024-10-29,44,"Hattie Avenue","Ozone","Forsyth",36.11094,-80.224501
"2756",2024-10-30,39,"Hattie Avenue","Ozone","Forsyth",36.11094,-80.224501
"2757",2024-03-01,27,"Clemmons Middle","Ozone","Forsyth",36.026612,-80.341962
"2758",2024-03-02,37,"Clemmons Middle","Ozone","Forsyth",36.026612,-80.341962
"2759",2024-03-03,39,"Clemmons Middle","Ozone","Forsyth",36.026612,-80.341962
"2760",2024-03-04,40,"Clemmons Middle","Ozone","Forsyth",36.026612,-80.341962
"2761",2024-03-05,44,"Clemmons Middle","Ozone","Forsyth",36.026612,-80.341962
"2762",2024-03-06,23,"Clemmons Middle","Ozone","Forsyth",36.026612,-80.341962
"2763",2024-03-07,40,"Clemmons Middle","Ozone","Forsyth",36.026612,-80.341962
"2764",2024-03-08,36,"Clemmons Middle","Ozone","Forsyth",36.026612,-80.341962
"2765",2024-03-09,25,"Clemmons Middle","Ozone","Forsyth",36.026612,-80.341962
"2766",2024-03-10,44,"Clemmons Middle","Ozone","Forsyth",36.026612,-80.341962
"2767",2024-03-11,46,"Clemmons Middle","Ozone","Forsyth",36.026612,-80.341962
"2768",2024-03-12,47,"Clemmons Middle","Ozone","Forsyth",36.026612,-80.341962
"2769",2024-03-13,67,"Clemmons Middle","Ozone","Forsyth",36.026612,-80.341962
"2770",2024-03-14,100,"Clemmons Middle","Ozone","Forsyth",36.026612,-80.341962
"2771",2024-03-15,39,"Clemmons Middle","Ozone","Forsyth",36.026612,-80.341962
"2772",2024-03-16,45,"Clemmons Middle","Ozone","Forsyth",36.026612,-80.341962
"2773",2024-03-17,44,"Clemmons Middle","Ozone","Forsyth",36.026612,-80.341962
"2774",2024-03-18,47,"Clemmons Middle","Ozone","Forsyth",36.026612,-80.341962
"2775",2024-03-19,42,"Clemmons Middle","Ozone","Forsyth",36.026612,-80.341962
"2776",2024-03-20,49,"Clemmons Middle","Ozone","Forsyth",36.026612,-80.341962
"2777",2024-03-21,54,"Clemmons Middle","Ozone","Forsyth",36.026612,-80.341962
"2778",2024-03-22,35,"Clemmons Middle","Ozone","Forsyth",36.026612,-80.341962
"2779",2024-03-23,44,"Clemmons Middle","Ozone","Forsyth",36.026612,-80.341962
"2780",2024-03-24,48,"Clemmons Middle","Ozone","Forsyth",36.026612,-80.341962
"2781",2024-03-25,58,"Clemmons Middle","Ozone","Forsyth",36.026612,-80.341962
"2782",2024-03-26,35,"Clemmons Middle","Ozone","Forsyth",36.026612,-80.341962
"2783",2024-03-27,26,"Clemmons Middle","Ozone","Forsyth",36.026612,-80.341962
"2784",2024-03-28,48,"Clemmons Middle","Ozone","Forsyth",36.026612,-80.341962
"2785",2024-03-29,54,"Clemmons Middle","Ozone","Forsyth",36.026612,-80.341962
"2786",2024-03-30,71,"Clemmons Middle","Ozone","Forsyth",36.026612,-80.341962
"2787",2024-03-31,64,"Clemmons Middle","Ozone","Forsyth",36.026612,-80.341962
"2788",2024-04-01,50,"Clemmons Middle","Ozone","Forsyth",36.026612,-80.341962
"2789",2024-04-02,49,"Clemmons Middle","Ozone","Forsyth",36.026612,-80.341962
"2790",2024-04-03,47,"Clemmons Middle","Ozone","Forsyth",36.026612,-80.341962
"2791",2024-04-04,42,"Clemmons Middle","Ozone","Forsyth",36.026612,-80.341962
"2792",2024-04-05,40,"Clemmons Middle","Ozone","Forsyth",36.026612,-80.341962
"2793",2024-04-06,45,"Clemmons Middle","Ozone","Forsyth",36.026612,-80.341962
"2794",2024-04-07,49,"Clemmons Middle","Ozone","Forsyth",36.026612,-80.341962
"2795",2024-04-08,58,"Clemmons Middle","Ozone","Forsyth",36.026612,-80.341962
"2796",2024-04-09,41,"Clemmons Middle","Ozone","Forsyth",36.026612,-80.341962
"2797",2024-04-10,39,"Clemmons Middle","Ozone","Forsyth",36.026612,-80.341962
"2798",2024-04-11,41,"Clemmons Middle","Ozone","Forsyth",36.026612,-80.341962
"2799",2024-04-12,48,"Clemmons Middle","Ozone","Forsyth",36.026612,-80.341962
"2800",2024-04-13,50,"Clemmons Middle","Ozone","Forsyth",36.026612,-80.341962
"2801",2024-04-14,74,"Clemmons Middle","Ozone","Forsyth",36.026612,-80.341962
"2802",2024-04-15,84,"Clemmons Middle","Ozone","Forsyth",36.026612,-80.341962
"2803",2024-04-16,80,"Clemmons Middle","Ozone","Forsyth",36.026612,-80.341962
"2804",2024-04-17,71,"Clemmons Middle","Ozone","Forsyth",36.026612,-80.341962
"2805",2024-04-18,47,"Clemmons Middle","Ozone","Forsyth",36.026612,-80.341962
"2806",2024-04-19,58,"Clemmons Middle","Ozone","Forsyth",36.026612,-80.341962
"2807",2024-04-20,39,"Clemmons Middle","Ozone","Forsyth",36.026612,-80.341962
"2808",2024-04-21,31,"Clemmons Middle","Ozone","Forsyth",36.026612,-80.341962
"2809",2024-04-22,44,"Clemmons Middle","Ozone","Forsyth",36.026612,-80.341962
"2810",2024-04-23,49,"Clemmons Middle","Ozone","Forsyth",36.026612,-80.341962
"2811",2024-04-24,44,"Clemmons Middle","Ozone","Forsyth",36.026612,-80.341962
"2812",2024-04-25,71,"Clemmons Middle","Ozone","Forsyth",36.026612,-80.341962
"2813",2024-04-26,47,"Clemmons Middle","Ozone","Forsyth",36.026612,-80.341962
"2814",2024-04-27,49,"Clemmons Middle","Ozone","Forsyth",36.026612,-80.341962
"2815",2024-04-28,47,"Clemmons Middle","Ozone","Forsyth",36.026612,-80.341962
"2816",2024-04-29,77,"Clemmons Middle","Ozone","Forsyth",36.026612,-80.341962
"2817",2024-04-30,45,"Clemmons Middle","Ozone","Forsyth",36.026612,-80.341962
"2818",2024-05-01,51,"Clemmons Middle","Ozone","Forsyth",36.026612,-80.341962
"2819",2024-05-02,84,"Clemmons Middle","Ozone","Forsyth",36.026612,-80.341962
"2820",2024-05-03,61,"Clemmons Middle","Ozone","Forsyth",36.026612,-80.341962
"2821",2024-05-04,26,"Clemmons Middle","Ozone","Forsyth",36.026612,-80.341962
"2822",2024-05-05,27,"Clemmons Middle","Ozone","Forsyth",36.026612,-80.341962
"2823",2024-05-06,41,"Clemmons Middle","Ozone","Forsyth",36.026612,-80.341962
"2824",2024-05-07,36,"Clemmons Middle","Ozone","Forsyth",36.026612,-80.341962
"2825",2024-05-08,33,"Clemmons Middle","Ozone","Forsyth",36.026612,-80.341962
"2826",2024-05-09,45,"Clemmons Middle","Ozone","Forsyth",36.026612,-80.341962
"2827",2024-05-11,40,"Clemmons Middle","Ozone","Forsyth",36.026612,-80.341962
"2828",2024-05-12,44,"Clemmons Middle","Ozone","Forsyth",36.026612,-80.341962
"2829",2024-05-13,42,"Clemmons Middle","Ozone","Forsyth",36.026612,-80.341962
"2830",2024-05-14,28,"Clemmons Middle","Ozone","Forsyth",36.026612,-80.341962
"2831",2024-05-15,31,"Clemmons Middle","Ozone","Forsyth",36.026612,-80.341962
"2832",2024-05-16,42,"Clemmons Middle","Ozone","Forsyth",36.026612,-80.341962
"2833",2024-05-17,35,"Clemmons Middle","Ozone","Forsyth",36.026612,-80.341962
"2834",2024-05-18,34,"Clemmons Middle","Ozone","Forsyth",36.026612,-80.341962
"2835",2024-05-19,40,"Clemmons Middle","Ozone","Forsyth",36.026612,-80.341962
"2836",2024-05-20,44,"Clemmons Middle","Ozone","Forsyth",36.026612,-80.341962
"2837",2024-05-21,49,"Clemmons Middle","Ozone","Forsyth",36.026612,-80.341962
"2838",2024-05-22,51,"Clemmons Middle","Ozone","Forsyth",36.026612,-80.341962
"2839",2024-05-23,43,"Clemmons Middle","Ozone","Forsyth",36.026612,-80.341962
"2840",2024-05-24,43,"Clemmons Middle","Ozone","Forsyth",36.026612,-80.341962
"2841",2024-05-25,43,"Clemmons Middle","Ozone","Forsyth",36.026612,-80.341962
"2842",2024-05-26,44,"Clemmons Middle","Ozone","Forsyth",36.026612,-80.341962
"2843",2024-05-27,48,"Clemmons Middle","Ozone","Forsyth",36.026612,-80.341962
"2844",2024-05-28,45,"Clemmons Middle","Ozone","Forsyth",36.026612,-80.341962
"2845",2024-05-29,50,"Clemmons Middle","Ozone","Forsyth",36.026612,-80.341962
"2846",2024-05-30,42,"Clemmons Middle","Ozone","Forsyth",36.026612,-80.341962
"2847",2024-05-31,51,"Clemmons Middle","Ozone","Forsyth",36.026612,-80.341962
"2848",2024-06-01,51,"Clemmons Middle","Ozone","Forsyth",36.026612,-80.341962
"2849",2024-06-02,41,"Clemmons Middle","Ozone","Forsyth",36.026612,-80.341962
"2850",2024-06-03,35,"Clemmons Middle","Ozone","Forsyth",36.026612,-80.341962
"2851",2024-06-04,43,"Clemmons Middle","Ozone","Forsyth",36.026612,-80.341962
"2852",2024-06-05,35,"Clemmons Middle","Ozone","Forsyth",36.026612,-80.341962
"2853",2024-06-06,40,"Clemmons Middle","Ozone","Forsyth",36.026612,-80.341962
"2854",2024-06-07,51,"Clemmons Middle","Ozone","Forsyth",36.026612,-80.341962
"2855",2024-06-08,61,"Clemmons Middle","Ozone","Forsyth",36.026612,-80.341962
"2856",2024-06-09,42,"Clemmons Middle","Ozone","Forsyth",36.026612,-80.341962
"2857",2024-06-10,49,"Clemmons Middle","Ozone","Forsyth",36.026612,-80.341962
"2858",2024-06-11,45,"Clemmons Middle","Ozone","Forsyth",36.026612,-80.341962
"2859",2024-06-12,64,"Clemmons Middle","Ozone","Forsyth",36.026612,-80.341962
"2860",2024-06-13,54,"Clemmons Middle","Ozone","Forsyth",36.026612,-80.341962
"2861",2024-06-14,58,"Clemmons Middle","Ozone","Forsyth",36.026612,-80.341962
"2862",2024-06-15,87,"Clemmons Middle","Ozone","Forsyth",36.026612,-80.341962
"2863",2024-06-16,44,"Clemmons Middle","Ozone","Forsyth",36.026612,-80.341962
"2864",2024-06-17,44,"Clemmons Middle","Ozone","Forsyth",36.026612,-80.341962
"2865",2024-06-18,46,"Clemmons Middle","Ozone","Forsyth",36.026612,-80.341962
"2866",2024-06-19,47,"Clemmons Middle","Ozone","Forsyth",36.026612,-80.341962
"2867",2024-06-20,46,"Clemmons Middle","Ozone","Forsyth",36.026612,-80.341962
"2868",2024-06-21,50,"Clemmons Middle","Ozone","Forsyth",36.026612,-80.341962
"2869",2024-06-22,33,"Clemmons Middle","Ozone","Forsyth",36.026612,-80.341962
"2870",2024-06-23,37,"Clemmons Middle","Ozone","Forsyth",36.026612,-80.341962
"2871",2024-06-24,51,"Clemmons Middle","Ozone","Forsyth",36.026612,-80.341962
"2872",2024-06-25,64,"Clemmons Middle","Ozone","Forsyth",36.026612,-80.341962
"2873",2024-06-26,100,"Clemmons Middle","Ozone","Forsyth",36.026612,-80.341962
"2874",2024-06-27,40,"Clemmons Middle","Ozone","Forsyth",36.026612,-80.341962
"2875",2024-06-28,67,"Clemmons Middle","Ozone","Forsyth",36.026612,-80.341962
"2876",2024-06-29,36,"Clemmons Middle","Ozone","Forsyth",36.026612,-80.341962
"2877",2024-06-30,36,"Clemmons Middle","Ozone","Forsyth",36.026612,-80.341962
"2878",2024-07-01,49,"Clemmons Middle","Ozone","Forsyth",36.026612,-80.341962
"2879",2024-07-02,71,"Clemmons Middle","Ozone","Forsyth",36.026612,-80.341962
"2880",2024-07-03,64,"Clemmons Middle","Ozone","Forsyth",36.026612,-80.341962
"2881",2024-07-04,45,"Clemmons Middle","Ozone","Forsyth",36.026612,-80.341962
"2882",2024-07-05,38,"Clemmons Middle","Ozone","Forsyth",36.026612,-80.341962
"2883",2024-07-06,44,"Clemmons Middle","Ozone","Forsyth",36.026612,-80.341962
"2884",2024-07-07,29,"Clemmons Middle","Ozone","Forsyth",36.026612,-80.341962
"2885",2024-07-08,44,"Clemmons Middle","Ozone","Forsyth",36.026612,-80.341962
"2886",2024-07-09,50,"Clemmons Middle","Ozone","Forsyth",36.026612,-80.341962
"2887",2024-07-10,46,"Clemmons Middle","Ozone","Forsyth",36.026612,-80.341962
"2888",2024-07-11,51,"Clemmons Middle","Ozone","Forsyth",36.026612,-80.341962
"2889",2024-07-12,30,"Clemmons Middle","Ozone","Forsyth",36.026612,-80.341962
"2890",2024-07-13,46,"Clemmons Middle","Ozone","Forsyth",36.026612,-80.341962
"2891",2024-07-14,44,"Clemmons Middle","Ozone","Forsyth",36.026612,-80.341962
"2892",2024-07-15,50,"Clemmons Middle","Ozone","Forsyth",36.026612,-80.341962
"2893",2024-07-16,43,"Clemmons Middle","Ozone","Forsyth",36.026612,-80.341962
"2894",2024-07-17,44,"Clemmons Middle","Ozone","Forsyth",36.026612,-80.341962
"2895",2024-07-18,43,"Clemmons Middle","Ozone","Forsyth",36.026612,-80.341962
"2896",2024-07-19,46,"Clemmons Middle","Ozone","Forsyth",36.026612,-80.341962
"2897",2024-07-20,32,"Clemmons Middle","Ozone","Forsyth",36.026612,-80.341962
"2898",2024-07-21,31,"Clemmons Middle","Ozone","Forsyth",36.026612,-80.341962
"2899",2024-07-22,36,"Clemmons Middle","Ozone","Forsyth",36.026612,-80.341962
"2900",2024-07-23,38,"Clemmons Middle","Ozone","Forsyth",36.026612,-80.341962
"2901",2024-07-24,34,"Clemmons Middle","Ozone","Forsyth",36.026612,-80.341962
"2902",2024-07-25,23,"Clemmons Middle","Ozone","Forsyth",36.026612,-80.341962
"2903",2024-07-26,36,"Clemmons Middle","Ozone","Forsyth",36.026612,-80.341962
"2904",2024-07-27,49,"Clemmons Middle","Ozone","Forsyth",36.026612,-80.341962
"2905",2024-07-28,43,"Clemmons Middle","Ozone","Forsyth",36.026612,-80.341962
"2906",2024-07-29,31,"Clemmons Middle","Ozone","Forsyth",36.026612,-80.341962
"2907",2024-07-30,44,"Clemmons Middle","Ozone","Forsyth",36.026612,-80.341962
"2908",2024-07-31,43,"Clemmons Middle","Ozone","Forsyth",36.026612,-80.341962
"2909",2024-08-01,43,"Clemmons Middle","Ozone","Forsyth",36.026612,-80.341962
"2910",2024-08-02,35,"Clemmons Middle","Ozone","Forsyth",36.026612,-80.341962
"2911",2024-08-03,36,"Clemmons Middle","Ozone","Forsyth",36.026612,-80.341962
"2912",2024-08-04,42,"Clemmons Middle","Ozone","Forsyth",36.026612,-80.341962
"2913",2024-08-05,44,"Clemmons Middle","Ozone","Forsyth",36.026612,-80.341962
"2914",2024-08-06,24,"Clemmons Middle","Ozone","Forsyth",36.026612,-80.341962
"2915",2024-08-07,24,"Clemmons Middle","Ozone","Forsyth",36.026612,-80.341962
"2916",2024-08-08,28,"Clemmons Middle","Ozone","Forsyth",36.026612,-80.341962
"2917",2024-08-09,31,"Clemmons Middle","Ozone","Forsyth",36.026612,-80.341962
"2918",2024-08-10,39,"Clemmons Middle","Ozone","Forsyth",36.026612,-80.341962
"2919",2024-08-11,67,"Clemmons Middle","Ozone","Forsyth",36.026612,-80.341962
"2920",2024-08-12,44,"Clemmons Middle","Ozone","Forsyth",36.026612,-80.341962
"2921",2024-08-13,20,"Clemmons Middle","Ozone","Forsyth",36.026612,-80.341962
"2922",2024-08-14,48,"Clemmons Middle","Ozone","Forsyth",36.026612,-80.341962
"2923",2024-08-15,44,"Clemmons Middle","Ozone","Forsyth",36.026612,-80.341962
"2924",2024-08-16,50,"Clemmons Middle","Ozone","Forsyth",36.026612,-80.341962
"2925",2024-08-17,35,"Clemmons Middle","Ozone","Forsyth",36.026612,-80.341962
"2926",2024-08-18,37,"Clemmons Middle","Ozone","Forsyth",36.026612,-80.341962
"2927",2024-08-19,29,"Clemmons Middle","Ozone","Forsyth",36.026612,-80.341962
"2928",2024-08-20,37,"Clemmons Middle","Ozone","Forsyth",36.026612,-80.341962
"2929",2024-08-21,45,"Clemmons Middle","Ozone","Forsyth",36.026612,-80.341962
"2930",2024-08-22,48,"Clemmons Middle","Ozone","Forsyth",36.026612,-80.341962
"2931",2024-08-23,54,"Clemmons Middle","Ozone","Forsyth",36.026612,-80.341962
"2932",2024-08-24,49,"Clemmons Middle","Ozone","Forsyth",36.026612,-80.341962
"2933",2024-08-25,51,"Clemmons Middle","Ozone","Forsyth",36.026612,-80.341962
"2934",2024-08-26,54,"Clemmons Middle","Ozone","Forsyth",36.026612,-80.341962
"2935",2024-08-27,97,"Clemmons Middle","Ozone","Forsyth",36.026612,-80.341962
"2936",2024-08-28,58,"Clemmons Middle","Ozone","Forsyth",36.026612,-80.341962
"2937",2024-08-29,50,"Clemmons Middle","Ozone","Forsyth",36.026612,-80.341962
"2938",2024-08-30,46,"Clemmons Middle","Ozone","Forsyth",36.026612,-80.341962
"2939",2024-08-31,42,"Clemmons Middle","Ozone","Forsyth",36.026612,-80.341962
"2940",2024-09-01,35,"Clemmons Middle","Ozone","Forsyth",36.026612,-80.341962
"2941",2024-09-02,39,"Clemmons Middle","Ozone","Forsyth",36.026612,-80.341962
"2942",2024-09-03,33,"Clemmons Middle","Ozone","Forsyth",36.026612,-80.341962
"2943",2024-09-04,41,"Clemmons Middle","Ozone","Forsyth",36.026612,-80.341962
"2944",2024-09-05,40,"Clemmons Middle","Ozone","Forsyth",36.026612,-80.341962
"2945",2024-09-06,51,"Clemmons Middle","Ozone","Forsyth",36.026612,-80.341962
"2946",2024-09-07,36,"Clemmons Middle","Ozone","Forsyth",36.026612,-80.341962
"2947",2024-09-08,38,"Clemmons Middle","Ozone","Forsyth",36.026612,-80.341962
"2948",2024-09-09,42,"Clemmons Middle","Ozone","Forsyth",36.026612,-80.341962
"2949",2024-09-10,64,"Clemmons Middle","Ozone","Forsyth",36.026612,-80.341962
"2950",2024-09-11,50,"Clemmons Middle","Ozone","Forsyth",36.026612,-80.341962
"2951",2024-09-12,51,"Clemmons Middle","Ozone","Forsyth",36.026612,-80.341962
"2952",2024-09-13,29,"Clemmons Middle","Ozone","Forsyth",36.026612,-80.341962
"2953",2024-09-14,31,"Clemmons Middle","Ozone","Forsyth",36.026612,-80.341962
"2954",2024-09-15,29,"Clemmons Middle","Ozone","Forsyth",36.026612,-80.341962
"2955",2024-09-16,28,"Clemmons Middle","Ozone","Forsyth",36.026612,-80.341962
"2956",2024-09-17,20,"Clemmons Middle","Ozone","Forsyth",36.026612,-80.341962
"2957",2024-09-18,40,"Clemmons Middle","Ozone","Forsyth",36.026612,-80.341962
"2958",2024-09-19,27,"Clemmons Middle","Ozone","Forsyth",36.026612,-80.341962
"2959",2024-09-20,36,"Clemmons Middle","Ozone","Forsyth",36.026612,-80.341962
"2960",2024-09-21,44,"Clemmons Middle","Ozone","Forsyth",36.026612,-80.341962
"2961",2024-09-22,54,"Clemmons Middle","Ozone","Forsyth",36.026612,-80.341962
"2962",2024-09-23,19,"Clemmons Middle","Ozone","Forsyth",36.026612,-80.341962
"2963",2024-09-24,24,"Clemmons Middle","Ozone","Forsyth",36.026612,-80.341962
"2964",2024-09-25,33,"Clemmons Middle","Ozone","Forsyth",36.026612,-80.341962
"2965",2024-09-26,23,"Clemmons Middle","Ozone","Forsyth",36.026612,-80.341962
"2966",2024-09-27,25,"Clemmons Middle","Ozone","Forsyth",36.026612,-80.341962
"2967",2024-09-28,38,"Clemmons Middle","Ozone","Forsyth",36.026612,-80.341962
"2968",2024-09-29,38,"Clemmons Middle","Ozone","Forsyth",36.026612,-80.341962
"2969",2024-09-30,31,"Clemmons Middle","Ozone","Forsyth",36.026612,-80.341962
"2970",2024-10-01,22,"Clemmons Middle","Ozone","Forsyth",36.026612,-80.341962
"2971",2024-10-02,31,"Clemmons Middle","Ozone","Forsyth",36.026612,-80.341962
"2972",2024-10-03,32,"Clemmons Middle","Ozone","Forsyth",36.026612,-80.341962
"2973",2024-10-04,31,"Clemmons Middle","Ozone","Forsyth",36.026612,-80.341962
"2974",2024-10-05,54,"Clemmons Middle","Ozone","Forsyth",36.026612,-80.341962
"2975",2024-10-06,32,"Clemmons Middle","Ozone","Forsyth",36.026612,-80.341962
"2976",2024-10-07,39,"Clemmons Middle","Ozone","Forsyth",36.026612,-80.341962
"2977",2024-10-08,38,"Clemmons Middle","Ozone","Forsyth",36.026612,-80.341962
"2978",2024-10-09,44,"Clemmons Middle","Ozone","Forsyth",36.026612,-80.341962
"2979",2024-10-10,35,"Clemmons Middle","Ozone","Forsyth",36.026612,-80.341962
"2980",2024-10-11,35,"Clemmons Middle","Ozone","Forsyth",36.026612,-80.341962
"2981",2024-10-12,39,"Clemmons Middle","Ozone","Forsyth",36.026612,-80.341962
"2982",2024-10-13,44,"Clemmons Middle","Ozone","Forsyth",36.026612,-80.341962
"2983",2024-10-14,40,"Clemmons Middle","Ozone","Forsyth",36.026612,-80.341962
"2984",2024-10-15,29,"Clemmons Middle","Ozone","Forsyth",36.026612,-80.341962
"2985",2024-10-16,25,"Clemmons Middle","Ozone","Forsyth",36.026612,-80.341962
"2986",2024-10-17,32,"Clemmons Middle","Ozone","Forsyth",36.026612,-80.341962
"2987",2024-10-18,33,"Clemmons Middle","Ozone","Forsyth",36.026612,-80.341962
"2988",2024-10-19,40,"Clemmons Middle","Ozone","Forsyth",36.026612,-80.341962
"2989",2024-10-20,40,"Clemmons Middle","Ozone","Forsyth",36.026612,-80.341962
"2990",2024-10-21,42,"Clemmons Middle","Ozone","Forsyth",36.026612,-80.341962
"2991",2024-10-22,44,"Clemmons Middle","Ozone","Forsyth",36.026612,-80.341962
"2992",2024-10-23,47,"Clemmons Middle","Ozone","Forsyth",36.026612,-80.341962
"2993",2024-10-24,44,"Clemmons Middle","Ozone","Forsyth",36.026612,-80.341962
"2994",2024-10-25,51,"Clemmons Middle","Ozone","Forsyth",36.026612,-80.341962
"2995",2024-10-26,42,"Clemmons Middle","Ozone","Forsyth",36.026612,-80.341962
"2996",2024-10-27,29,"Clemmons Middle","Ozone","Forsyth",36.026612,-80.341962
"2997",2024-10-28,36,"Clemmons Middle","Ozone","Forsyth",36.026612,-80.341962
"2998",2024-10-29,44,"Clemmons Middle","Ozone","Forsyth",36.026612,-80.341962
"2999",2024-10-30,41,"Clemmons Middle","Ozone","Forsyth",36.026612,-80.341962
"3000",2024-03-01,27,"Union Cross","Ozone","Forsyth",36.051805,-80.144933
"3001",2024-03-02,36,"Union Cross","Ozone","Forsyth",36.051805,-80.144933
"3002",2024-03-03,35,"Union Cross","Ozone","Forsyth",36.051805,-80.144933
"3003",2024-03-04,38,"Union Cross","Ozone","Forsyth",36.051805,-80.144933
"3004",2024-03-05,42,"Union Cross","Ozone","Forsyth",36.051805,-80.144933
"3005",2024-03-06,26,"Union Cross","Ozone","Forsyth",36.051805,-80.144933
"3006",2024-03-07,37,"Union Cross","Ozone","Forsyth",36.051805,-80.144933
"3007",2024-03-08,33,"Union Cross","Ozone","Forsyth",36.051805,-80.144933
"3008",2024-03-09,24,"Union Cross","Ozone","Forsyth",36.051805,-80.144933
"3009",2024-03-10,41,"Union Cross","Ozone","Forsyth",36.051805,-80.144933
"3010",2024-03-11,44,"Union Cross","Ozone","Forsyth",36.051805,-80.144933
"3011",2024-03-12,44,"Union Cross","Ozone","Forsyth",36.051805,-80.144933
"3012",2024-03-13,58,"Union Cross","Ozone","Forsyth",36.051805,-80.144933
"3013",2024-03-14,90,"Union Cross","Ozone","Forsyth",36.051805,-80.144933
"3014",2024-03-15,36,"Union Cross","Ozone","Forsyth",36.051805,-80.144933
"3015",2024-03-16,43,"Union Cross","Ozone","Forsyth",36.051805,-80.144933
"3016",2024-03-17,43,"Union Cross","Ozone","Forsyth",36.051805,-80.144933
"3017",2024-03-18,44,"Union Cross","Ozone","Forsyth",36.051805,-80.144933
"3018",2024-03-19,39,"Union Cross","Ozone","Forsyth",36.051805,-80.144933
"3019",2024-03-20,47,"Union Cross","Ozone","Forsyth",36.051805,-80.144933
"3020",2024-03-21,47,"Union Cross","Ozone","Forsyth",36.051805,-80.144933
"3021",2024-03-22,34,"Union Cross","Ozone","Forsyth",36.051805,-80.144933
"3022",2024-03-23,42,"Union Cross","Ozone","Forsyth",36.051805,-80.144933
"3023",2024-03-24,45,"Union Cross","Ozone","Forsyth",36.051805,-80.144933
"3024",2024-03-25,48,"Union Cross","Ozone","Forsyth",36.051805,-80.144933
"3025",2024-03-26,34,"Union Cross","Ozone","Forsyth",36.051805,-80.144933
"3026",2024-03-27,23,"Union Cross","Ozone","Forsyth",36.051805,-80.144933
"3027",2024-03-28,47,"Union Cross","Ozone","Forsyth",36.051805,-80.144933
"3028",2024-03-29,50,"Union Cross","Ozone","Forsyth",36.051805,-80.144933
"3029",2024-03-30,71,"Union Cross","Ozone","Forsyth",36.051805,-80.144933
"3030",2024-03-31,54,"Union Cross","Ozone","Forsyth",36.051805,-80.144933
"3031",2024-04-01,47,"Union Cross","Ozone","Forsyth",36.051805,-80.144933
"3032",2024-04-02,48,"Union Cross","Ozone","Forsyth",36.051805,-80.144933
"3033",2024-04-03,45,"Union Cross","Ozone","Forsyth",36.051805,-80.144933
"3034",2024-04-04,40,"Union Cross","Ozone","Forsyth",36.051805,-80.144933
"3035",2024-04-05,38,"Union Cross","Ozone","Forsyth",36.051805,-80.144933
"3036",2024-04-06,43,"Union Cross","Ozone","Forsyth",36.051805,-80.144933
"3037",2024-04-07,48,"Union Cross","Ozone","Forsyth",36.051805,-80.144933
"3038",2024-04-08,58,"Union Cross","Ozone","Forsyth",36.051805,-80.144933
"3039",2024-04-09,40,"Union Cross","Ozone","Forsyth",36.051805,-80.144933
"3040",2024-04-10,37,"Union Cross","Ozone","Forsyth",36.051805,-80.144933
"3041",2024-04-11,38,"Union Cross","Ozone","Forsyth",36.051805,-80.144933
"3042",2024-04-12,46,"Union Cross","Ozone","Forsyth",36.051805,-80.144933
"3043",2024-04-13,48,"Union Cross","Ozone","Forsyth",36.051805,-80.144933
"3044",2024-04-14,67,"Union Cross","Ozone","Forsyth",36.051805,-80.144933
"3045",2024-04-15,77,"Union Cross","Ozone","Forsyth",36.051805,-80.144933
"3046",2024-04-16,61,"Union Cross","Ozone","Forsyth",36.051805,-80.144933
"3047",2024-04-17,61,"Union Cross","Ozone","Forsyth",36.051805,-80.144933
"3048",2024-04-18,45,"Union Cross","Ozone","Forsyth",36.051805,-80.144933
"3049",2024-04-19,46,"Union Cross","Ozone","Forsyth",36.051805,-80.144933
"3050",2024-04-20,40,"Union Cross","Ozone","Forsyth",36.051805,-80.144933
"3051",2024-04-21,31,"Union Cross","Ozone","Forsyth",36.051805,-80.144933
"3052",2024-04-22,44,"Union Cross","Ozone","Forsyth",36.051805,-80.144933
"3053",2024-04-23,49,"Union Cross","Ozone","Forsyth",36.051805,-80.144933
"3054",2024-04-24,44,"Union Cross","Ozone","Forsyth",36.051805,-80.144933
"3055",2024-04-25,61,"Union Cross","Ozone","Forsyth",36.051805,-80.144933
"3056",2024-04-26,44,"Union Cross","Ozone","Forsyth",36.051805,-80.144933
"3057",2024-04-27,46,"Union Cross","Ozone","Forsyth",36.051805,-80.144933
"3058",2024-04-28,45,"Union Cross","Ozone","Forsyth",36.051805,-80.144933
"3059",2024-04-29,67,"Union Cross","Ozone","Forsyth",36.051805,-80.144933
"3060",2024-04-30,44,"Union Cross","Ozone","Forsyth",36.051805,-80.144933
"3061",2024-05-01,48,"Union Cross","Ozone","Forsyth",36.051805,-80.144933
"3062",2024-05-02,77,"Union Cross","Ozone","Forsyth",36.051805,-80.144933
"3063",2024-05-03,51,"Union Cross","Ozone","Forsyth",36.051805,-80.144933
"3064",2024-05-04,20,"Union Cross","Ozone","Forsyth",36.051805,-80.144933
"3065",2024-05-05,25,"Union Cross","Ozone","Forsyth",36.051805,-80.144933
"3066",2024-05-06,39,"Union Cross","Ozone","Forsyth",36.051805,-80.144933
"3067",2024-05-07,34,"Union Cross","Ozone","Forsyth",36.051805,-80.144933
"3068",2024-05-08,36,"Union Cross","Ozone","Forsyth",36.051805,-80.144933
"3069",2024-05-09,44,"Union Cross","Ozone","Forsyth",36.051805,-80.144933
"3070",2024-05-10,46,"Union Cross","Ozone","Forsyth",36.051805,-80.144933
"3071",2024-05-11,43,"Union Cross","Ozone","Forsyth",36.051805,-80.144933
"3072",2024-05-12,47,"Union Cross","Ozone","Forsyth",36.051805,-80.144933
"3073",2024-05-13,42,"Union Cross","Ozone","Forsyth",36.051805,-80.144933
"3074",2024-05-14,31,"Union Cross","Ozone","Forsyth",36.051805,-80.144933
"3075",2024-05-15,32,"Union Cross","Ozone","Forsyth",36.051805,-80.144933
"3076",2024-05-16,45,"Union Cross","Ozone","Forsyth",36.051805,-80.144933
"3077",2024-05-17,36,"Union Cross","Ozone","Forsyth",36.051805,-80.144933
"3078",2024-05-18,36,"Union Cross","Ozone","Forsyth",36.051805,-80.144933
"3079",2024-05-19,40,"Union Cross","Ozone","Forsyth",36.051805,-80.144933
"3080",2024-05-20,44,"Union Cross","Ozone","Forsyth",36.051805,-80.144933
"3081",2024-05-21,51,"Union Cross","Ozone","Forsyth",36.051805,-80.144933
"3082",2024-05-22,61,"Union Cross","Ozone","Forsyth",36.051805,-80.144933
"3083",2024-05-23,49,"Union Cross","Ozone","Forsyth",36.051805,-80.144933
"3084",2024-05-24,46,"Union Cross","Ozone","Forsyth",36.051805,-80.144933
"3085",2024-05-25,45,"Union Cross","Ozone","Forsyth",36.051805,-80.144933
"3086",2024-05-26,49,"Union Cross","Ozone","Forsyth",36.051805,-80.144933
"3087",2024-05-27,50,"Union Cross","Ozone","Forsyth",36.051805,-80.144933
"3088",2024-05-28,49,"Union Cross","Ozone","Forsyth",36.051805,-80.144933
"3089",2024-05-29,58,"Union Cross","Ozone","Forsyth",36.051805,-80.144933
"3090",2024-05-30,44,"Union Cross","Ozone","Forsyth",36.051805,-80.144933
"3091",2024-05-31,61,"Union Cross","Ozone","Forsyth",36.051805,-80.144933
"3092",2024-06-01,51,"Union Cross","Ozone","Forsyth",36.051805,-80.144933
"3093",2024-06-02,45,"Union Cross","Ozone","Forsyth",36.051805,-80.144933
"3094",2024-06-03,40,"Union Cross","Ozone","Forsyth",36.051805,-80.144933
"3095",2024-06-04,44,"Union Cross","Ozone","Forsyth",36.051805,-80.144933
"3096",2024-06-05,39,"Union Cross","Ozone","Forsyth",36.051805,-80.144933
"3097",2024-06-06,43,"Union Cross","Ozone","Forsyth",36.051805,-80.144933
"3098",2024-06-07,64,"Union Cross","Ozone","Forsyth",36.051805,-80.144933
"3099",2024-06-08,77,"Union Cross","Ozone","Forsyth",36.051805,-80.144933
"3100",2024-06-09,46,"Union Cross","Ozone","Forsyth",36.051805,-80.144933
"3101",2024-06-10,58,"Union Cross","Ozone","Forsyth",36.051805,-80.144933
"3102",2024-06-11,46,"Union Cross","Ozone","Forsyth",36.051805,-80.144933
"3103",2024-06-12,67,"Union Cross","Ozone","Forsyth",36.051805,-80.144933
"3104",2024-06-13,64,"Union Cross","Ozone","Forsyth",36.051805,-80.144933
"3105",2024-06-14,74,"Union Cross","Ozone","Forsyth",36.051805,-80.144933
"3106",2024-06-15,74,"Union Cross","Ozone","Forsyth",36.051805,-80.144933
"3107",2024-06-16,47,"Union Cross","Ozone","Forsyth",36.051805,-80.144933
"3108",2024-06-17,47,"Union Cross","Ozone","Forsyth",36.051805,-80.144933
"3109",2024-06-18,51,"Union Cross","Ozone","Forsyth",36.051805,-80.144933
"3110",2024-06-19,51,"Union Cross","Ozone","Forsyth",36.051805,-80.144933
"3111",2024-06-20,54,"Union Cross","Ozone","Forsyth",36.051805,-80.144933
"3112",2024-06-21,64,"Union Cross","Ozone","Forsyth",36.051805,-80.144933
"3113",2024-06-22,36,"Union Cross","Ozone","Forsyth",36.051805,-80.144933
"3114",2024-06-23,40,"Union Cross","Ozone","Forsyth",36.051805,-80.144933
"3115",2024-06-24,74,"Union Cross","Ozone","Forsyth",36.051805,-80.144933
"3116",2024-06-25,74,"Union Cross","Ozone","Forsyth",36.051805,-80.144933
"3117",2024-06-26,122,"Union Cross","Ozone","Forsyth",36.051805,-80.144933
"3118",2024-06-27,54,"Union Cross","Ozone","Forsyth",36.051805,-80.144933
"3119",2024-06-28,77,"Union Cross","Ozone","Forsyth",36.051805,-80.144933
"3120",2024-06-29,40,"Union Cross","Ozone","Forsyth",36.051805,-80.144933
"3121",2024-06-30,44,"Union Cross","Ozone","Forsyth",36.051805,-80.144933
"3122",2024-07-01,49,"Union Cross","Ozone","Forsyth",36.051805,-80.144933
"3123",2024-07-02,90,"Union Cross","Ozone","Forsyth",36.051805,-80.144933
"3124",2024-07-03,77,"Union Cross","Ozone","Forsyth",36.051805,-80.144933
"3125",2024-07-04,49,"Union Cross","Ozone","Forsyth",36.051805,-80.144933
"3126",2024-07-05,43,"Union Cross","Ozone","Forsyth",36.051805,-80.144933
"3127",2024-07-06,50,"Union Cross","Ozone","Forsyth",36.051805,-80.144933
"3128",2024-07-07,31,"Union Cross","Ozone","Forsyth",36.051805,-80.144933
"3129",2024-07-08,50,"Union Cross","Ozone","Forsyth",36.051805,-80.144933
"3130",2024-07-09,49,"Union Cross","Ozone","Forsyth",36.051805,-80.144933
"3131",2024-07-10,50,"Union Cross","Ozone","Forsyth",36.051805,-80.144933
"3132",2024-07-11,77,"Union Cross","Ozone","Forsyth",36.051805,-80.144933
"3133",2024-07-12,35,"Union Cross","Ozone","Forsyth",36.051805,-80.144933
"3134",2024-07-13,51,"Union Cross","Ozone","Forsyth",36.051805,-80.144933
"3135",2024-07-14,58,"Union Cross","Ozone","Forsyth",36.051805,-80.144933
"3136",2024-07-15,71,"Union Cross","Ozone","Forsyth",36.051805,-80.144933
"3137",2024-07-16,49,"Union Cross","Ozone","Forsyth",36.051805,-80.144933
"3138",2024-07-17,50,"Union Cross","Ozone","Forsyth",36.051805,-80.144933
"3139",2024-07-18,46,"Union Cross","Ozone","Forsyth",36.051805,-80.144933
"3140",2024-07-19,42,"Union Cross","Ozone","Forsyth",36.051805,-80.144933
"3141",2024-07-20,35,"Union Cross","Ozone","Forsyth",36.051805,-80.144933
"3142",2024-07-21,34,"Union Cross","Ozone","Forsyth",36.051805,-80.144933
"3143",2024-07-22,39,"Union Cross","Ozone","Forsyth",36.051805,-80.144933
"3144",2024-07-23,40,"Union Cross","Ozone","Forsyth",36.051805,-80.144933
"3145",2024-07-24,37,"Union Cross","Ozone","Forsyth",36.051805,-80.144933
"3146",2024-07-25,28,"Union Cross","Ozone","Forsyth",36.051805,-80.144933
"3147",2024-07-26,36,"Union Cross","Ozone","Forsyth",36.051805,-80.144933
"3148",2024-07-27,49,"Union Cross","Ozone","Forsyth",36.051805,-80.144933
"3149",2024-07-28,44,"Union Cross","Ozone","Forsyth",36.051805,-80.144933
"3150",2024-07-29,31,"Union Cross","Ozone","Forsyth",36.051805,-80.144933
"3151",2024-07-30,45,"Union Cross","Ozone","Forsyth",36.051805,-80.144933
"3152",2024-07-31,47,"Union Cross","Ozone","Forsyth",36.051805,-80.144933
"3153",2024-08-01,49,"Union Cross","Ozone","Forsyth",36.051805,-80.144933
"3154",2024-08-02,38,"Union Cross","Ozone","Forsyth",36.051805,-80.144933
"3155",2024-08-03,37,"Union Cross","Ozone","Forsyth",36.051805,-80.144933
"3156",2024-08-04,44,"Union Cross","Ozone","Forsyth",36.051805,-80.144933
"3157",2024-08-05,45,"Union Cross","Ozone","Forsyth",36.051805,-80.144933
"3158",2024-08-06,21,"Union Cross","Ozone","Forsyth",36.051805,-80.144933
"3159",2024-08-07,28,"Union Cross","Ozone","Forsyth",36.051805,-80.144933
"3160",2024-08-08,30,"Union Cross","Ozone","Forsyth",36.051805,-80.144933
"3161",2024-08-09,31,"Union Cross","Ozone","Forsyth",36.051805,-80.144933
"3162",2024-08-10,44,"Union Cross","Ozone","Forsyth",36.051805,-80.144933
"3163",2024-08-11,43,"Union Cross","Ozone","Forsyth",36.051805,-80.144933
"3164",2024-08-12,42,"Union Cross","Ozone","Forsyth",36.051805,-80.144933
"3165",2024-08-13,23,"Union Cross","Ozone","Forsyth",36.051805,-80.144933
"3166",2024-08-14,39,"Union Cross","Ozone","Forsyth",36.051805,-80.144933
"3167",2024-08-15,46,"Union Cross","Ozone","Forsyth",36.051805,-80.144933
"3168",2024-08-16,45,"Union Cross","Ozone","Forsyth",36.051805,-80.144933
"3169",2024-08-17,36,"Union Cross","Ozone","Forsyth",36.051805,-80.144933
"3170",2024-08-18,38,"Union Cross","Ozone","Forsyth",36.051805,-80.144933
"3171",2024-08-19,31,"Union Cross","Ozone","Forsyth",36.051805,-80.144933
"3172",2024-08-20,35,"Union Cross","Ozone","Forsyth",36.051805,-80.144933
"3173",2024-08-21,44,"Union Cross","Ozone","Forsyth",36.051805,-80.144933
"3174",2024-08-22,48,"Union Cross","Ozone","Forsyth",36.051805,-80.144933
"3175",2024-08-23,49,"Union Cross","Ozone","Forsyth",36.051805,-80.144933
"3176",2024-08-24,44,"Union Cross","Ozone","Forsyth",36.051805,-80.144933
"3177",2024-08-25,45,"Union Cross","Ozone","Forsyth",36.051805,-80.144933
"3178",2024-08-26,80,"Union Cross","Ozone","Forsyth",36.051805,-80.144933
"3179",2024-08-27,64,"Union Cross","Ozone","Forsyth",36.051805,-80.144933
"3180",2024-08-28,54,"Union Cross","Ozone","Forsyth",36.051805,-80.144933
"3181",2024-08-29,67,"Union Cross","Ozone","Forsyth",36.051805,-80.144933
"3182",2024-08-30,48,"Union Cross","Ozone","Forsyth",36.051805,-80.144933
"3183",2024-08-31,44,"Union Cross","Ozone","Forsyth",36.051805,-80.144933
"3184",2024-09-01,35,"Union Cross","Ozone","Forsyth",36.051805,-80.144933
"3185",2024-09-02,37,"Union Cross","Ozone","Forsyth",36.051805,-80.144933
"3186",2024-09-03,33,"Union Cross","Ozone","Forsyth",36.051805,-80.144933
"3187",2024-09-04,39,"Union Cross","Ozone","Forsyth",36.051805,-80.144933
"3188",2024-09-05,39,"Union Cross","Ozone","Forsyth",36.051805,-80.144933
"3189",2024-09-06,46,"Union Cross","Ozone","Forsyth",36.051805,-80.144933
"3190",2024-09-07,37,"Union Cross","Ozone","Forsyth",36.051805,-80.144933
"3191",2024-09-08,36,"Union Cross","Ozone","Forsyth",36.051805,-80.144933
"3192",2024-09-09,44,"Union Cross","Ozone","Forsyth",36.051805,-80.144933
"3193",2024-09-10,49,"Union Cross","Ozone","Forsyth",36.051805,-80.144933
"3194",2024-09-11,48,"Union Cross","Ozone","Forsyth",36.051805,-80.144933
"3195",2024-09-12,46,"Union Cross","Ozone","Forsyth",36.051805,-80.144933
"3196",2024-09-13,26,"Union Cross","Ozone","Forsyth",36.051805,-80.144933
"3197",2024-09-14,30,"Union Cross","Ozone","Forsyth",36.051805,-80.144933
"3198",2024-09-15,28,"Union Cross","Ozone","Forsyth",36.051805,-80.144933
"3199",2024-09-16,29,"Union Cross","Ozone","Forsyth",36.051805,-80.144933
"3200",2024-09-17,19,"Union Cross","Ozone","Forsyth",36.051805,-80.144933
"3201",2024-09-18,36,"Union Cross","Ozone","Forsyth",36.051805,-80.144933
"3202",2024-09-19,27,"Union Cross","Ozone","Forsyth",36.051805,-80.144933
"3203",2024-09-20,33,"Union Cross","Ozone","Forsyth",36.051805,-80.144933
"3204",2024-09-21,41,"Union Cross","Ozone","Forsyth",36.051805,-80.144933
"3205",2024-09-22,47,"Union Cross","Ozone","Forsyth",36.051805,-80.144933
"3206",2024-09-23,19,"Union Cross","Ozone","Forsyth",36.051805,-80.144933
"3207",2024-09-24,24,"Union Cross","Ozone","Forsyth",36.051805,-80.144933
"3208",2024-09-25,35,"Union Cross","Ozone","Forsyth",36.051805,-80.144933
"3209",2024-09-26,25,"Union Cross","Ozone","Forsyth",36.051805,-80.144933
"3210",2024-09-27,26,"Union Cross","Ozone","Forsyth",36.051805,-80.144933
"3211",2024-09-28,39,"Union Cross","Ozone","Forsyth",36.051805,-80.144933
"3212",2024-09-29,39,"Union Cross","Ozone","Forsyth",36.051805,-80.144933
"3213",2024-09-30,31,"Union Cross","Ozone","Forsyth",36.051805,-80.144933
"3214",2024-10-01,25,"Union Cross","Ozone","Forsyth",36.051805,-80.144933
"3215",2024-10-02,34,"Union Cross","Ozone","Forsyth",36.051805,-80.144933
"3216",2024-10-03,34,"Union Cross","Ozone","Forsyth",36.051805,-80.144933
"3217",2024-10-04,35,"Union Cross","Ozone","Forsyth",36.051805,-80.144933
"3218",2024-10-05,61,"Union Cross","Ozone","Forsyth",36.051805,-80.144933
"3219",2024-10-06,38,"Union Cross","Ozone","Forsyth",36.051805,-80.144933
"3220",2024-10-07,45,"Union Cross","Ozone","Forsyth",36.051805,-80.144933
"3221",2024-10-08,39,"Union Cross","Ozone","Forsyth",36.051805,-80.144933
"3222",2024-10-09,44,"Union Cross","Ozone","Forsyth",36.051805,-80.144933
"3223",2024-10-10,36,"Union Cross","Ozone","Forsyth",36.051805,-80.144933
"3224",2024-10-11,35,"Union Cross","Ozone","Forsyth",36.051805,-80.144933
"3225",2024-10-12,42,"Union Cross","Ozone","Forsyth",36.051805,-80.144933
"3226",2024-10-13,49,"Union Cross","Ozone","Forsyth",36.051805,-80.144933
"3227",2024-10-14,42,"Union Cross","Ozone","Forsyth",36.051805,-80.144933
"3228",2024-10-15,31,"Union Cross","Ozone","Forsyth",36.051805,-80.144933
"3229",2024-10-16,28,"Union Cross","Ozone","Forsyth",36.051805,-80.144933
"3230",2024-10-17,34,"Union Cross","Ozone","Forsyth",36.051805,-80.144933
"3231",2024-10-18,38,"Union Cross","Ozone","Forsyth",36.051805,-80.144933
"3232",2024-10-19,44,"Union Cross","Ozone","Forsyth",36.051805,-80.144933
"3233",2024-10-20,42,"Union Cross","Ozone","Forsyth",36.051805,-80.144933
"3234",2024-10-21,45,"Union Cross","Ozone","Forsyth",36.051805,-80.144933
"3235",2024-10-22,49,"Union Cross","Ozone","Forsyth",36.051805,-80.144933
"3236",2024-10-23,49,"Union Cross","Ozone","Forsyth",36.051805,-80.144933
"3237",2024-10-24,46,"Union Cross","Ozone","Forsyth",36.051805,-80.144933
"3238",2024-10-25,64,"Union Cross","Ozone","Forsyth",36.051805,-80.144933
"3239",2024-10-26,46,"Union Cross","Ozone","Forsyth",36.051805,-80.144933
"3240",2024-10-27,30,"Union Cross","Ozone","Forsyth",36.051805,-80.144933
"3241",2024-10-28,39,"Union Cross","Ozone","Forsyth",36.051805,-80.144933
"3242",2024-10-29,44,"Union Cross","Ozone","Forsyth",36.051805,-80.144933
"3243",2024-10-30,41,"Union Cross","Ozone","Forsyth",36.051805,-80.144933
"3244",2024-03-01,40,"Joanna Bald","Ozone","Graham",35.2578000008897,-83.7955
"3245",2024-03-02,45,"Joanna Bald","Ozone","Graham",35.2578000008897,-83.7955
"3246",2024-03-03,45,"Joanna Bald","Ozone","Graham",35.2578000008897,-83.7955
"3247",2024-03-04,33,"Joanna Bald","Ozone","Graham",35.2578000008897,-83.7955
"3248",2024-03-05,41,"Joanna Bald","Ozone","Graham",35.2578000008897,-83.7955
"3249",2024-03-06,38,"Joanna Bald","Ozone","Graham",35.2578000008897,-83.7955
"3250",2024-03-07,36,"Joanna Bald","Ozone","Graham",35.2578000008897,-83.7955
"3251",2024-03-08,37,"Joanna Bald","Ozone","Graham",35.2578000008897,-83.7955
"3252",2024-03-09,32,"Joanna Bald","Ozone","Graham",35.2578000008897,-83.7955
"3253",2024-03-10,39,"Joanna Bald","Ozone","Graham",35.2578000008897,-83.7955
"3254",2024-03-11,48,"Joanna Bald","Ozone","Graham",35.2578000008897,-83.7955
"3255",2024-03-12,49,"Joanna Bald","Ozone","Graham",35.2578000008897,-83.7955
"3256",2024-03-13,77,"Joanna Bald","Ozone","Graham",35.2578000008897,-83.7955
"3257",2024-03-14,58,"Joanna Bald","Ozone","Graham",35.2578000008897,-83.7955
"3258",2024-03-15,36,"Joanna Bald","Ozone","Graham",35.2578000008897,-83.7955
"3259",2024-03-16,44,"Joanna Bald","Ozone","Graham",35.2578000008897,-83.7955
"3260",2024-03-17,42,"Joanna Bald","Ozone","Graham",35.2578000008897,-83.7955
"3261",2024-03-18,41,"Joanna Bald","Ozone","Graham",35.2578000008897,-83.7955
"3262",2024-03-19,46,"Joanna Bald","Ozone","Graham",35.2578000008897,-83.7955
"3263",2024-03-20,54,"Joanna Bald","Ozone","Graham",35.2578000008897,-83.7955
"3264",2024-03-22,44,"Joanna Bald","Ozone","Graham",35.2578000008897,-83.7955
"3265",2024-03-23,51,"Joanna Bald","Ozone","Graham",35.2578000008897,-83.7955
"3266",2024-03-24,54,"Joanna Bald","Ozone","Graham",35.2578000008897,-83.7955
"3267",2024-03-25,51,"Joanna Bald","Ozone","Graham",35.2578000008897,-83.7955
"3268",2024-03-26,42,"Joanna Bald","Ozone","Graham",35.2578000008897,-83.7955
"3269",2024-03-27,40,"Joanna Bald","Ozone","Graham",35.2578000008897,-83.7955
"3270",2024-03-28,47,"Joanna Bald","Ozone","Graham",35.2578000008897,-83.7955
"3271",2024-03-29,54,"Joanna Bald","Ozone","Graham",35.2578000008897,-83.7955
"3272",2024-03-30,61,"Joanna Bald","Ozone","Graham",35.2578000008897,-83.7955
"3273",2024-03-31,47,"Joanna Bald","Ozone","Graham",35.2578000008897,-83.7955
"3274",2024-04-01,41,"Joanna Bald","Ozone","Graham",35.2578000008897,-83.7955
"3275",2024-04-02,40,"Joanna Bald","Ozone","Graham",35.2578000008897,-83.7955
"3276",2024-04-03,44,"Joanna Bald","Ozone","Graham",35.2578000008897,-83.7955
"3277",2024-04-04,40,"Joanna Bald","Ozone","Graham",35.2578000008897,-83.7955
"3278",2024-04-05,33,"Joanna Bald","Ozone","Graham",35.2578000008897,-83.7955
"3279",2024-04-06,44,"Joanna Bald","Ozone","Graham",35.2578000008897,-83.7955
"3280",2024-04-07,50,"Joanna Bald","Ozone","Graham",35.2578000008897,-83.7955
"3281",2024-04-08,54,"Joanna Bald","Ozone","Graham",35.2578000008897,-83.7955
"3282",2024-04-09,51,"Joanna Bald","Ozone","Graham",35.2578000008897,-83.7955
"3283",2024-04-10,44,"Joanna Bald","Ozone","Graham",35.2578000008897,-83.7955
"3284",2024-04-11,45,"Joanna Bald","Ozone","Graham",35.2578000008897,-83.7955
"3285",2024-04-12,44,"Joanna Bald","Ozone","Graham",35.2578000008897,-83.7955
"3286",2024-04-13,61,"Joanna Bald","Ozone","Graham",35.2578000008897,-83.7955
"3287",2024-04-14,71,"Joanna Bald","Ozone","Graham",35.2578000008897,-83.7955
"3288",2024-04-15,71,"Joanna Bald","Ozone","Graham",35.2578000008897,-83.7955
"3289",2024-04-16,67,"Joanna Bald","Ozone","Graham",35.2578000008897,-83.7955
"3290",2024-04-17,49,"Joanna Bald","Ozone","Graham",35.2578000008897,-83.7955
"3291",2024-04-18,47,"Joanna Bald","Ozone","Graham",35.2578000008897,-83.7955
"3292",2024-04-19,45,"Joanna Bald","Ozone","Graham",35.2578000008897,-83.7955
"3293",2024-04-20,44,"Joanna Bald","Ozone","Graham",35.2578000008897,-83.7955
"3294",2024-04-21,41,"Joanna Bald","Ozone","Graham",35.2578000008897,-83.7955
"3295",2024-04-22,49,"Joanna Bald","Ozone","Graham",35.2578000008897,-83.7955
"3296",2024-04-23,51,"Joanna Bald","Ozone","Graham",35.2578000008897,-83.7955
"3297",2024-04-24,54,"Joanna Bald","Ozone","Graham",35.2578000008897,-83.7955
"3298",2024-04-25,67,"Joanna Bald","Ozone","Graham",35.2578000008897,-83.7955
"3299",2024-04-26,47,"Joanna Bald","Ozone","Graham",35.2578000008897,-83.7955
"3300",2024-04-27,45,"Joanna Bald","Ozone","Graham",35.2578000008897,-83.7955
"3301",2024-04-28,44,"Joanna Bald","Ozone","Graham",35.2578000008897,-83.7955
"3302",2024-04-29,47,"Joanna Bald","Ozone","Graham",35.2578000008897,-83.7955
"3303",2024-04-30,50,"Joanna Bald","Ozone","Graham",35.2578000008897,-83.7955
"3304",2024-05-01,49,"Joanna Bald","Ozone","Graham",35.2578000008897,-83.7955
"3305",2024-05-02,54,"Joanna Bald","Ozone","Graham",35.2578000008897,-83.7955
"3306",2024-05-03,44,"Joanna Bald","Ozone","Graham",35.2578000008897,-83.7955
"3307",2024-05-04,41,"Joanna Bald","Ozone","Graham",35.2578000008897,-83.7955
"3308",2024-05-05,44,"Joanna Bald","Ozone","Graham",35.2578000008897,-83.7955
"3309",2024-05-06,39,"Joanna Bald","Ozone","Graham",35.2578000008897,-83.7955
"3310",2024-05-07,33,"Joanna Bald","Ozone","Graham",35.2578000008897,-83.7955
"3311",2024-05-08,49,"Joanna Bald","Ozone","Graham",35.2578000008897,-83.7955
"3312",2024-05-09,58,"Joanna Bald","Ozone","Graham",35.2578000008897,-83.7955
"3313",2024-05-10,44,"Joanna Bald","Ozone","Graham",35.2578000008897,-83.7955
"3314",2024-05-11,47,"Joanna Bald","Ozone","Graham",35.2578000008897,-83.7955
"3315",2024-05-12,51,"Joanna Bald","Ozone","Graham",35.2578000008897,-83.7955
"3316",2024-05-13,42,"Joanna Bald","Ozone","Graham",35.2578000008897,-83.7955
"3317",2024-05-14,46,"Joanna Bald","Ozone","Graham",35.2578000008897,-83.7955
"3318",2024-05-15,42,"Joanna Bald","Ozone","Graham",35.2578000008897,-83.7955
"3319",2024-05-16,44,"Joanna Bald","Ozone","Graham",35.2578000008897,-83.7955
"3320",2024-05-17,36,"Joanna Bald","Ozone","Graham",35.2578000008897,-83.7955
"3321",2024-05-18,64,"Joanna Bald","Ozone","Graham",35.2578000008897,-83.7955
"3322",2024-05-19,38,"Joanna Bald","Ozone","Graham",35.2578000008897,-83.7955
"3323",2024-05-20,44,"Joanna Bald","Ozone","Graham",35.2578000008897,-83.7955
"3324",2024-05-21,40,"Joanna Bald","Ozone","Graham",35.2578000008897,-83.7955
"3325",2024-05-22,58,"Joanna Bald","Ozone","Graham",35.2578000008897,-83.7955
"3326",2024-05-23,42,"Joanna Bald","Ozone","Graham",35.2578000008897,-83.7955
"3327",2024-05-24,44,"Joanna Bald","Ozone","Graham",35.2578000008897,-83.7955
"3328",2024-05-25,61,"Joanna Bald","Ozone","Graham",35.2578000008897,-83.7955
"3329",2024-05-26,36,"Joanna Bald","Ozone","Graham",35.2578000008897,-83.7955
"3330",2024-05-27,46,"Joanna Bald","Ozone","Graham",35.2578000008897,-83.7955
"3331",2024-05-28,50,"Joanna Bald","Ozone","Graham",35.2578000008897,-83.7955
"3332",2024-05-29,50,"Joanna Bald","Ozone","Graham",35.2578000008897,-83.7955
"3333",2024-05-30,46,"Joanna Bald","Ozone","Graham",35.2578000008897,-83.7955
"3334",2024-05-31,51,"Joanna Bald","Ozone","Graham",35.2578000008897,-83.7955
"3335",2024-06-01,50,"Joanna Bald","Ozone","Graham",35.2578000008897,-83.7955
"3336",2024-06-02,34,"Joanna Bald","Ozone","Graham",35.2578000008897,-83.7955
"3337",2024-06-03,37,"Joanna Bald","Ozone","Graham",35.2578000008897,-83.7955
"3338",2024-06-04,31,"Joanna Bald","Ozone","Graham",35.2578000008897,-83.7955
"3339",2024-06-05,38,"Joanna Bald","Ozone","Graham",35.2578000008897,-83.7955
"3340",2024-06-06,44,"Joanna Bald","Ozone","Graham",35.2578000008897,-83.7955
"3341",2024-06-07,49,"Joanna Bald","Ozone","Graham",35.2578000008897,-83.7955
"3342",2024-06-08,51,"Joanna Bald","Ozone","Graham",35.2578000008897,-83.7955
"3343",2024-06-09,41,"Joanna Bald","Ozone","Graham",35.2578000008897,-83.7955
"3344",2024-06-10,47,"Joanna Bald","Ozone","Graham",35.2578000008897,-83.7955
"3345",2024-06-11,50,"Joanna Bald","Ozone","Graham",35.2578000008897,-83.7955
"3346",2024-06-12,58,"Joanna Bald","Ozone","Graham",35.2578000008897,-83.7955
"3347",2024-06-13,54,"Joanna Bald","Ozone","Graham",35.2578000008897,-83.7955
"3348",2024-06-14,61,"Joanna Bald","Ozone","Graham",35.2578000008897,-83.7955
"3349",2024-06-15,50,"Joanna Bald","Ozone","Graham",35.2578000008897,-83.7955
"3350",2024-06-16,43,"Joanna Bald","Ozone","Graham",35.2578000008897,-83.7955
"3351",2024-06-17,38,"Joanna Bald","Ozone","Graham",35.2578000008897,-83.7955
"3352",2024-06-18,44,"Joanna Bald","Ozone","Graham",35.2578000008897,-83.7955
"3353",2024-06-19,48,"Joanna Bald","Ozone","Graham",35.2578000008897,-83.7955
"3354",2024-06-20,44,"Joanna Bald","Ozone","Graham",35.2578000008897,-83.7955
"3355",2024-06-21,46,"Joanna Bald","Ozone","Graham",35.2578000008897,-83.7955
"3356",2024-06-22,37,"Joanna Bald","Ozone","Graham",35.2578000008897,-83.7955
"3357",2024-06-23,42,"Joanna Bald","Ozone","Graham",35.2578000008897,-83.7955
"3358",2024-06-24,50,"Joanna Bald","Ozone","Graham",35.2578000008897,-83.7955
"3359",2024-06-25,50,"Joanna Bald","Ozone","Graham",35.2578000008897,-83.7955
"3360",2024-06-26,90,"Joanna Bald","Ozone","Graham",35.2578000008897,-83.7955
"3361",2024-06-27,41,"Joanna Bald","Ozone","Graham",35.2578000008897,-83.7955
"3362",2024-06-28,38,"Joanna Bald","Ozone","Graham",35.2578000008897,-83.7955
"3363",2024-06-29,33,"Joanna Bald","Ozone","Graham",35.2578000008897,-83.7955
"3364",2024-06-30,44,"Joanna Bald","Ozone","Graham",35.2578000008897,-83.7955
"3365",2024-07-01,44,"Joanna Bald","Ozone","Graham",35.2578000008897,-83.7955
"3366",2024-07-02,54,"Joanna Bald","Ozone","Graham",35.2578000008897,-83.7955
"3367",2024-07-03,36,"Joanna Bald","Ozone","Graham",35.2578000008897,-83.7955
"3368",2024-07-04,34,"Joanna Bald","Ozone","Graham",35.2578000008897,-83.7955
"3369",2024-07-05,37,"Joanna Bald","Ozone","Graham",35.2578000008897,-83.7955
"3370",2024-07-06,50,"Joanna Bald","Ozone","Graham",35.2578000008897,-83.7955
"3371",2024-07-07,32,"Joanna Bald","Ozone","Graham",35.2578000008897,-83.7955
"3372",2024-07-08,37,"Joanna Bald","Ozone","Graham",35.2578000008897,-83.7955
"3373",2024-07-09,25,"Joanna Bald","Ozone","Graham",35.2578000008897,-83.7955
"3374",2024-07-10,48,"Joanna Bald","Ozone","Graham",35.2578000008897,-83.7955
"3375",2024-07-11,51,"Joanna Bald","Ozone","Graham",35.2578000008897,-83.7955
"3376",2024-07-12,49,"Joanna Bald","Ozone","Graham",35.2578000008897,-83.7955
"3377",2024-07-13,67,"Joanna Bald","Ozone","Graham",35.2578000008897,-83.7955
"3378",2024-07-14,61,"Joanna Bald","Ozone","Graham",35.2578000008897,-83.7955
"3379",2024-07-15,44,"Joanna Bald","Ozone","Graham",35.2578000008897,-83.7955
"3380",2024-07-16,36,"Joanna Bald","Ozone","Graham",35.2578000008897,-83.7955
"3381",2024-07-17,41,"Joanna Bald","Ozone","Graham",35.2578000008897,-83.7955
"3382",2024-07-18,38,"Joanna Bald","Ozone","Graham",35.2578000008897,-83.7955
"3383",2024-07-19,34,"Joanna Bald","Ozone","Graham",35.2578000008897,-83.7955
"3384",2024-07-20,29,"Joanna Bald","Ozone","Graham",35.2578000008897,-83.7955
"3385",2024-07-21,30,"Joanna Bald","Ozone","Graham",35.2578000008897,-83.7955
"3386",2024-07-22,32,"Joanna Bald","Ozone","Graham",35.2578000008897,-83.7955
"3387",2024-07-23,32,"Joanna Bald","Ozone","Graham",35.2578000008897,-83.7955
"3388",2024-07-24,27,"Joanna Bald","Ozone","Graham",35.2578000008897,-83.7955
"3389",2024-07-25,26,"Joanna Bald","Ozone","Graham",35.2578000008897,-83.7955
"3390",2024-07-26,39,"Joanna Bald","Ozone","Graham",35.2578000008897,-83.7955
"3391",2024-07-27,32,"Joanna Bald","Ozone","Graham",35.2578000008897,-83.7955
"3392",2024-07-28,24,"Joanna Bald","Ozone","Graham",35.2578000008897,-83.7955
"3393",2024-07-30,80,"Joanna Bald","Ozone","Graham",35.2578000008897,-83.7955
"3394",2024-07-31,32,"Joanna Bald","Ozone","Graham",35.2578000008897,-83.7955
"3395",2024-08-01,23,"Joanna Bald","Ozone","Graham",35.2578000008897,-83.7955
"3396",2024-08-02,36,"Joanna Bald","Ozone","Graham",35.2578000008897,-83.7955
"3397",2024-08-03,58,"Joanna Bald","Ozone","Graham",35.2578000008897,-83.7955
"3398",2024-08-04,38,"Joanna Bald","Ozone","Graham",35.2578000008897,-83.7955
"3399",2024-08-05,35,"Joanna Bald","Ozone","Graham",35.2578000008897,-83.7955
"3400",2024-08-06,44,"Joanna Bald","Ozone","Graham",35.2578000008897,-83.7955
"3401",2024-08-07,43,"Joanna Bald","Ozone","Graham",35.2578000008897,-83.7955
"3402",2024-08-08,26,"Joanna Bald","Ozone","Graham",35.2578000008897,-83.7955
"3403",2024-08-09,44,"Joanna Bald","Ozone","Graham",35.2578000008897,-83.7955
"3404",2024-08-10,51,"Joanna Bald","Ozone","Graham",35.2578000008897,-83.7955
"3405",2024-08-11,50,"Joanna Bald","Ozone","Graham",35.2578000008897,-83.7955
"3406",2024-08-12,39,"Joanna Bald","Ozone","Graham",35.2578000008897,-83.7955
"3407",2024-08-13,48,"Joanna Bald","Ozone","Graham",35.2578000008897,-83.7955
"3408",2024-08-14,44,"Joanna Bald","Ozone","Graham",35.2578000008897,-83.7955
"3409",2024-08-15,36,"Joanna Bald","Ozone","Graham",35.2578000008897,-83.7955
"3410",2024-08-16,42,"Joanna Bald","Ozone","Graham",35.2578000008897,-83.7955
"3411",2024-08-17,45,"Joanna Bald","Ozone","Graham",35.2578000008897,-83.7955
"3412",2024-08-18,38,"Joanna Bald","Ozone","Graham",35.2578000008897,-83.7955
"3413",2024-08-19,31,"Joanna Bald","Ozone","Graham",35.2578000008897,-83.7955
"3414",2024-08-20,39,"Joanna Bald","Ozone","Graham",35.2578000008897,-83.7955
"3415",2024-08-21,37,"Joanna Bald","Ozone","Graham",35.2578000008897,-83.7955
"3416",2024-08-22,45,"Joanna Bald","Ozone","Graham",35.2578000008897,-83.7955
"3417",2024-08-25,50,"Joanna Bald","Ozone","Graham",35.2578000008897,-83.7955
"3418",2024-08-26,77,"Joanna Bald","Ozone","Graham",35.2578000008897,-83.7955
"3419",2024-08-27,54,"Joanna Bald","Ozone","Graham",35.2578000008897,-83.7955
"3420",2024-08-28,54,"Joanna Bald","Ozone","Graham",35.2578000008897,-83.7955
"3421",2024-08-29,54,"Joanna Bald","Ozone","Graham",35.2578000008897,-83.7955
"3422",2024-08-30,48,"Joanna Bald","Ozone","Graham",35.2578000008897,-83.7955
"3423",2024-08-31,46,"Joanna Bald","Ozone","Graham",35.2578000008897,-83.7955
"3424",2024-09-01,34,"Joanna Bald","Ozone","Graham",35.2578000008897,-83.7955
"3425",2024-09-02,35,"Joanna Bald","Ozone","Graham",35.2578000008897,-83.7955
"3426",2024-09-03,31,"Joanna Bald","Ozone","Graham",35.2578000008897,-83.7955
"3427",2024-09-04,32,"Joanna Bald","Ozone","Graham",35.2578000008897,-83.7955
"3428",2024-09-05,36,"Joanna Bald","Ozone","Graham",35.2578000008897,-83.7955
"3429",2024-09-06,43,"Joanna Bald","Ozone","Graham",35.2578000008897,-83.7955
"3430",2024-09-07,34,"Joanna Bald","Ozone","Graham",35.2578000008897,-83.7955
"3431",2024-09-08,38,"Joanna Bald","Ozone","Graham",35.2578000008897,-83.7955
"3432",2024-09-09,43,"Joanna Bald","Ozone","Graham",35.2578000008897,-83.7955
"3433",2024-09-10,49,"Joanna Bald","Ozone","Graham",35.2578000008897,-83.7955
"3434",2024-09-11,50,"Joanna Bald","Ozone","Graham",35.2578000008897,-83.7955
"3435",2024-09-12,43,"Joanna Bald","Ozone","Graham",35.2578000008897,-83.7955
"3436",2024-09-13,31,"Joanna Bald","Ozone","Graham",35.2578000008897,-83.7955
"3437",2024-09-14,32,"Joanna Bald","Ozone","Graham",35.2578000008897,-83.7955
"3438",2024-09-15,30,"Joanna Bald","Ozone","Graham",35.2578000008897,-83.7955
"3439",2024-09-16,39,"Joanna Bald","Ozone","Graham",35.2578000008897,-83.7955
"3440",2024-09-18,27,"Joanna Bald","Ozone","Graham",35.2578000008897,-83.7955
"3441",2024-09-19,38,"Joanna Bald","Ozone","Graham",35.2578000008897,-83.7955
"3442",2024-09-20,51,"Joanna Bald","Ozone","Graham",35.2578000008897,-83.7955
"3443",2024-09-21,50,"Joanna Bald","Ozone","Graham",35.2578000008897,-83.7955
"3444",2024-09-22,48,"Joanna Bald","Ozone","Graham",35.2578000008897,-83.7955
"3445",2024-09-23,38,"Joanna Bald","Ozone","Graham",35.2578000008897,-83.7955
"3446",2024-09-24,34,"Joanna Bald","Ozone","Graham",35.2578000008897,-83.7955
"3447",2024-10-08,49,"Joanna Bald","Ozone","Graham",35.2578000008897,-83.7955
"3448",2024-10-09,44,"Joanna Bald","Ozone","Graham",35.2578000008897,-83.7955
"3449",2024-10-10,48,"Joanna Bald","Ozone","Graham",35.2578000008897,-83.7955
"3450",2024-10-11,48,"Joanna Bald","Ozone","Graham",35.2578000008897,-83.7955
"3451",2024-10-12,61,"Joanna Bald","Ozone","Graham",35.2578000008897,-83.7955
"3452",2024-10-13,48,"Joanna Bald","Ozone","Graham",35.2578000008897,-83.7955
"3453",2024-10-14,35,"Joanna Bald","Ozone","Graham",35.2578000008897,-83.7955
"3454",2024-10-15,31,"Joanna Bald","Ozone","Graham",35.2578000008897,-83.7955
"3455",2024-10-16,31,"Joanna Bald","Ozone","Graham",35.2578000008897,-83.7955
"3456",2024-10-17,42,"Joanna Bald","Ozone","Graham",35.2578000008897,-83.7955
"3457",2024-10-18,48,"Joanna Bald","Ozone","Graham",35.2578000008897,-83.7955
"3458",2024-10-19,45,"Joanna Bald","Ozone","Graham",35.2578000008897,-83.7955
"3459",2024-10-20,42,"Joanna Bald","Ozone","Graham",35.2578000008897,-83.7955
"3460",2024-10-21,47,"Joanna Bald","Ozone","Graham",35.2578000008897,-83.7955
"3461",2024-10-22,47,"Joanna Bald","Ozone","Graham",35.2578000008897,-83.7955
"3462",2024-10-23,61,"Joanna Bald","Ozone","Graham",35.2578000008897,-83.7955
"3463",2024-10-24,71,"Joanna Bald","Ozone","Graham",35.2578000008897,-83.7955
"3464",2024-10-25,64,"Joanna Bald","Ozone","Graham",35.2578000008897,-83.7955
"3465",2024-10-26,49,"Joanna Bald","Ozone","Graham",35.2578000008897,-83.7955
"3466",2024-10-27,37,"Joanna Bald","Ozone","Graham",35.2578000008897,-83.7955
"3467",2024-10-28,41,"Joanna Bald","Ozone","Graham",35.2578000008897,-83.7955
"3468",2024-10-29,45,"Joanna Bald","Ozone","Graham",35.2578000008897,-83.7955
"3469",2024-10-30,38,"Joanna Bald","Ozone","Graham",35.2578000008897,-83.7955
"3470",2024-10-31,40,"Joanna Bald","Ozone","Graham",35.2578000008897,-83.7955
"3471",2024-11-01,37,"Joanna Bald","Ozone","Graham",35.2578000008897,-83.7955
"3472",2024-11-02,35,"Joanna Bald","Ozone","Graham",35.2578000008897,-83.7955
"3473",2024-11-03,36,"Joanna Bald","Ozone","Graham",35.2578000008897,-83.7955
"3474",2024-11-04,34,"Joanna Bald","Ozone","Graham",35.2578000008897,-83.7955
"3475",2024-11-05,33,"Joanna Bald","Ozone","Graham",35.2578000008897,-83.7955
"3476",2024-11-06,31,"Joanna Bald","Ozone","Graham",35.2578000008897,-83.7955
"3477",2024-11-07,35,"Joanna Bald","Ozone","Graham",35.2578000008897,-83.7955
"3478",2024-11-08,37,"Joanna Bald","Ozone","Graham",35.2578000008897,-83.7955
"3479",2024-11-09,37,"Joanna Bald","Ozone","Graham",35.2578000008897,-83.7955
"3480",2024-11-10,34,"Joanna Bald","Ozone","Graham",35.2578000008897,-83.7955
"3481",2024-11-11,41,"Joanna Bald","Ozone","Graham",35.2578000008897,-83.7955
"3482",2024-11-12,43,"Joanna Bald","Ozone","Graham",35.2578000008897,-83.7955
"3483",2024-11-13,37,"Joanna Bald","Ozone","Graham",35.2578000008897,-83.7955
"3484",2024-11-14,32,"Joanna Bald","Ozone","Graham",35.2578000008897,-83.7955
"3485",2024-11-15,47,"Joanna Bald","Ozone","Graham",35.2578000008897,-83.7955
"3486",2024-11-16,48,"Joanna Bald","Ozone","Graham",35.2578000008897,-83.7955
"3487",2024-11-17,44,"Joanna Bald","Ozone","Graham",35.2578000008897,-83.7955
"3488",2024-11-18,39,"Joanna Bald","Ozone","Graham",35.2578000008897,-83.7955
"3489",2024-11-19,35,"Joanna Bald","Ozone","Graham",35.2578000008897,-83.7955
"3490",2024-11-20,35,"Joanna Bald","Ozone","Graham",35.2578000008897,-83.7955
"3491",2024-11-27,39,"Joanna Bald","Ozone","Graham",35.2578000008897,-83.7955
"3492",2024-11-28,30,"Joanna Bald","Ozone","Graham",35.2578000008897,-83.7955
"3493",2024-11-29,34,"Joanna Bald","Ozone","Graham",35.2578000008897,-83.7955
"3494",2024-03-01,34,"Butner","Ozone","Granville",36.141111,-78.768056
"3495",2024-03-02,31,"Butner","Ozone","Granville",36.141111,-78.768056
"3496",2024-03-03,32,"Butner","Ozone","Granville",36.141111,-78.768056
"3497",2024-03-04,39,"Butner","Ozone","Granville",36.141111,-78.768056
"3498",2024-03-05,32,"Butner","Ozone","Granville",36.141111,-78.768056
"3499",2024-03-06,29,"Butner","Ozone","Granville",36.141111,-78.768056
"3500",2024-03-07,38,"Butner","Ozone","Granville",36.141111,-78.768056
"3501",2024-03-08,35,"Butner","Ozone","Granville",36.141111,-78.768056
"3502",2024-03-09,31,"Butner","Ozone","Granville",36.141111,-78.768056
"3503",2024-03-10,43,"Butner","Ozone","Granville",36.141111,-78.768056
"3504",2024-03-11,44,"Butner","Ozone","Granville",36.141111,-78.768056
"3505",2024-03-12,46,"Butner","Ozone","Granville",36.141111,-78.768056
"3506",2024-03-13,51,"Butner","Ozone","Granville",36.141111,-78.768056
"3507",2024-03-14,90,"Butner","Ozone","Granville",36.141111,-78.768056
"3508",2024-03-15,49,"Butner","Ozone","Granville",36.141111,-78.768056
"3509",2024-03-16,44,"Butner","Ozone","Granville",36.141111,-78.768056
"3510",2024-03-17,46,"Butner","Ozone","Granville",36.141111,-78.768056
"3511",2024-03-18,47,"Butner","Ozone","Granville",36.141111,-78.768056
"3512",2024-03-19,41,"Butner","Ozone","Granville",36.141111,-78.768056
"3513",2024-03-20,50,"Butner","Ozone","Granville",36.141111,-78.768056
"3514",2024-03-21,48,"Butner","Ozone","Granville",36.141111,-78.768056
"3515",2024-03-22,41,"Butner","Ozone","Granville",36.141111,-78.768056
"3516",2024-03-23,38,"Butner","Ozone","Granville",36.141111,-78.768056
"3517",2024-03-24,44,"Butner","Ozone","Granville",36.141111,-78.768056
"3518",2024-03-25,46,"Butner","Ozone","Granville",36.141111,-78.768056
"3519",2024-03-26,40,"Butner","Ozone","Granville",36.141111,-78.768056
"3520",2024-03-27,21,"Butner","Ozone","Granville",36.141111,-78.768056
"3521",2024-03-28,36,"Butner","Ozone","Granville",36.141111,-78.768056
"3522",2024-03-29,54,"Butner","Ozone","Granville",36.141111,-78.768056
"3523",2024-03-30,67,"Butner","Ozone","Granville",36.141111,-78.768056
"3524",2024-03-31,61,"Butner","Ozone","Granville",36.141111,-78.768056
"3525",2024-04-01,47,"Butner","Ozone","Granville",36.141111,-78.768056
"3526",2024-04-02,45,"Butner","Ozone","Granville",36.141111,-78.768056
"3527",2024-04-03,45,"Butner","Ozone","Granville",36.141111,-78.768056
"3528",2024-04-04,42,"Butner","Ozone","Granville",36.141111,-78.768056
"3529",2024-04-05,40,"Butner","Ozone","Granville",36.141111,-78.768056
"3530",2024-04-06,42,"Butner","Ozone","Granville",36.141111,-78.768056
"3531",2024-04-07,45,"Butner","Ozone","Granville",36.141111,-78.768056
"3532",2024-04-08,49,"Butner","Ozone","Granville",36.141111,-78.768056
"3533",2024-04-09,46,"Butner","Ozone","Granville",36.141111,-78.768056
"3534",2024-04-10,37,"Butner","Ozone","Granville",36.141111,-78.768056
"3535",2024-04-11,40,"Butner","Ozone","Granville",36.141111,-78.768056
"3536",2024-04-12,50,"Butner","Ozone","Granville",36.141111,-78.768056
"3537",2024-04-13,49,"Butner","Ozone","Granville",36.141111,-78.768056
"3538",2024-04-14,64,"Butner","Ozone","Granville",36.141111,-78.768056
"3539",2024-04-15,67,"Butner","Ozone","Granville",36.141111,-78.768056
"3540",2024-04-16,48,"Butner","Ozone","Granville",36.141111,-78.768056
"3541",2024-04-17,45,"Butner","Ozone","Granville",36.141111,-78.768056
"3542",2024-04-18,48,"Butner","Ozone","Granville",36.141111,-78.768056
"3543",2024-04-19,43,"Butner","Ozone","Granville",36.141111,-78.768056
"3544",2024-04-20,38,"Butner","Ozone","Granville",36.141111,-78.768056
"3545",2024-04-21,30,"Butner","Ozone","Granville",36.141111,-78.768056
"3546",2024-04-22,41,"Butner","Ozone","Granville",36.141111,-78.768056
"3547",2024-04-23,49,"Butner","Ozone","Granville",36.141111,-78.768056
"3548",2024-04-24,39,"Butner","Ozone","Granville",36.141111,-78.768056
"3549",2024-04-25,51,"Butner","Ozone","Granville",36.141111,-78.768056
"3550",2024-04-26,44,"Butner","Ozone","Granville",36.141111,-78.768056
"3551",2024-04-27,44,"Butner","Ozone","Granville",36.141111,-78.768056
"3552",2024-04-28,44,"Butner","Ozone","Granville",36.141111,-78.768056
"3553",2024-04-29,54,"Butner","Ozone","Granville",36.141111,-78.768056
"3554",2024-04-30,43,"Butner","Ozone","Granville",36.141111,-78.768056
"3555",2024-05-01,47,"Butner","Ozone","Granville",36.141111,-78.768056
"3556",2024-05-02,71,"Butner","Ozone","Granville",36.141111,-78.768056
"3557",2024-05-03,67,"Butner","Ozone","Granville",36.141111,-78.768056
"3558",2024-05-04,16,"Butner","Ozone","Granville",36.141111,-78.768056
"3559",2024-05-05,25,"Butner","Ozone","Granville",36.141111,-78.768056
"3560",2024-05-06,34,"Butner","Ozone","Granville",36.141111,-78.768056
"3561",2024-05-07,43,"Butner","Ozone","Granville",36.141111,-78.768056
"3562",2024-05-08,42,"Butner","Ozone","Granville",36.141111,-78.768056
"3563",2024-05-09,44,"Butner","Ozone","Granville",36.141111,-78.768056
"3564",2024-05-10,47,"Butner","Ozone","Granville",36.141111,-78.768056
"3565",2024-05-11,44,"Butner","Ozone","Granville",36.141111,-78.768056
"3566",2024-05-12,45,"Butner","Ozone","Granville",36.141111,-78.768056
"3567",2024-05-13,48,"Butner","Ozone","Granville",36.141111,-78.768056
"3568",2024-05-14,36,"Butner","Ozone","Granville",36.141111,-78.768056
"3569",2024-05-15,33,"Butner","Ozone","Granville",36.141111,-78.768056
"3570",2024-05-16,41,"Butner","Ozone","Granville",36.141111,-78.768056
"3571",2024-05-17,39,"Butner","Ozone","Granville",36.141111,-78.768056
"3572",2024-05-18,29,"Butner","Ozone","Granville",36.141111,-78.768056
"3573",2024-05-19,34,"Butner","Ozone","Granville",36.141111,-78.768056
"3574",2024-05-20,41,"Butner","Ozone","Granville",36.141111,-78.768056
"3575",2024-05-21,44,"Butner","Ozone","Granville",36.141111,-78.768056
"3576",2024-05-22,58,"Butner","Ozone","Granville",36.141111,-78.768056
"3577",2024-05-23,48,"Butner","Ozone","Granville",36.141111,-78.768056
"3578",2024-05-24,40,"Butner","Ozone","Granville",36.141111,-78.768056
"3579",2024-05-25,46,"Butner","Ozone","Granville",36.141111,-78.768056
"3580",2024-05-26,48,"Butner","Ozone","Granville",36.141111,-78.768056
"3581",2024-05-27,42,"Butner","Ozone","Granville",36.141111,-78.768056
"3582",2024-05-28,46,"Butner","Ozone","Granville",36.141111,-78.768056
"3583",2024-05-29,58,"Butner","Ozone","Granville",36.141111,-78.768056
"3584",2024-05-30,44,"Butner","Ozone","Granville",36.141111,-78.768056
"3585",2024-05-31,46,"Butner","Ozone","Granville",36.141111,-78.768056
"3586",2024-06-01,67,"Butner","Ozone","Granville",36.141111,-78.768056
"3587",2024-06-02,44,"Butner","Ozone","Granville",36.141111,-78.768056
"3588",2024-06-03,40,"Butner","Ozone","Granville",36.141111,-78.768056
"3589",2024-06-04,45,"Butner","Ozone","Granville",36.141111,-78.768056
"3590",2024-06-05,40,"Butner","Ozone","Granville",36.141111,-78.768056
"3591",2024-06-06,42,"Butner","Ozone","Granville",36.141111,-78.768056
"3592",2024-06-07,61,"Butner","Ozone","Granville",36.141111,-78.768056
"3593",2024-06-08,80,"Butner","Ozone","Granville",36.141111,-78.768056
"3594",2024-06-09,49,"Butner","Ozone","Granville",36.141111,-78.768056
"3595",2024-06-10,61,"Butner","Ozone","Granville",36.141111,-78.768056
"3596",2024-06-11,44,"Butner","Ozone","Granville",36.141111,-78.768056
"3597",2024-06-12,64,"Butner","Ozone","Granville",36.141111,-78.768056
"3598",2024-06-13,77,"Butner","Ozone","Granville",36.141111,-78.768056
"3599",2024-06-14,61,"Butner","Ozone","Granville",36.141111,-78.768056
"3600",2024-06-15,58,"Butner","Ozone","Granville",36.141111,-78.768056
"3601",2024-06-16,58,"Butner","Ozone","Granville",36.141111,-78.768056
"3602",2024-06-17,74,"Butner","Ozone","Granville",36.141111,-78.768056
"3603",2024-06-18,48,"Butner","Ozone","Granville",36.141111,-78.768056
"3604",2024-06-19,44,"Butner","Ozone","Granville",36.141111,-78.768056
"3605",2024-06-20,40,"Butner","Ozone","Granville",36.141111,-78.768056
"3606",2024-06-21,45,"Butner","Ozone","Granville",36.141111,-78.768056
"3607",2024-06-22,28,"Butner","Ozone","Granville",36.141111,-78.768056
"3608",2024-06-23,31,"Butner","Ozone","Granville",36.141111,-78.768056
"3609",2024-06-24,64,"Butner","Ozone","Granville",36.141111,-78.768056
"3610",2024-06-25,84,"Butner","Ozone","Granville",36.141111,-78.768056
"3611",2024-06-26,71,"Butner","Ozone","Granville",36.141111,-78.768056
"3612",2024-06-27,44,"Butner","Ozone","Granville",36.141111,-78.768056
"3613",2024-06-28,77,"Butner","Ozone","Granville",36.141111,-78.768056
"3614",2024-06-29,50,"Butner","Ozone","Granville",36.141111,-78.768056
"3615",2024-06-30,38,"Butner","Ozone","Granville",36.141111,-78.768056
"3616",2024-07-01,36,"Butner","Ozone","Granville",36.141111,-78.768056
"3617",2024-07-02,58,"Butner","Ozone","Granville",36.141111,-78.768056
"3618",2024-07-03,101,"Butner","Ozone","Granville",36.141111,-78.768056
"3619",2024-07-04,46,"Butner","Ozone","Granville",36.141111,-78.768056
"3620",2024-07-05,39,"Butner","Ozone","Granville",36.141111,-78.768056
"3621",2024-07-06,43,"Butner","Ozone","Granville",36.141111,-78.768056
"3622",2024-07-07,33,"Butner","Ozone","Granville",36.141111,-78.768056
"3623",2024-07-08,42,"Butner","Ozone","Granville",36.141111,-78.768056
"3624",2024-07-09,48,"Butner","Ozone","Granville",36.141111,-78.768056
"3625",2024-07-10,39,"Butner","Ozone","Granville",36.141111,-78.768056
"3626",2024-07-11,47,"Butner","Ozone","Granville",36.141111,-78.768056
"3627",2024-07-12,25,"Butner","Ozone","Granville",36.141111,-78.768056
"3628",2024-07-13,39,"Butner","Ozone","Granville",36.141111,-78.768056
"3629",2024-07-14,45,"Butner","Ozone","Granville",36.141111,-78.768056
"3630",2024-07-15,77,"Butner","Ozone","Granville",36.141111,-78.768056
"3631",2024-07-16,51,"Butner","Ozone","Granville",36.141111,-78.768056
"3632",2024-07-17,44,"Butner","Ozone","Granville",36.141111,-78.768056
"3633",2024-07-18,39,"Butner","Ozone","Granville",36.141111,-78.768056
"3634",2024-07-19,39,"Butner","Ozone","Granville",36.141111,-78.768056
"3635",2024-07-20,32,"Butner","Ozone","Granville",36.141111,-78.768056
"3636",2024-07-21,38,"Butner","Ozone","Granville",36.141111,-78.768056
"3637",2024-07-22,32,"Butner","Ozone","Granville",36.141111,-78.768056
"3638",2024-07-23,33,"Butner","Ozone","Granville",36.141111,-78.768056
"3639",2024-07-24,31,"Butner","Ozone","Granville",36.141111,-78.768056
"3640",2024-07-25,27,"Butner","Ozone","Granville",36.141111,-78.768056
"3641",2024-07-26,31,"Butner","Ozone","Granville",36.141111,-78.768056
"3642",2024-07-27,44,"Butner","Ozone","Granville",36.141111,-78.768056
"3643",2024-07-28,47,"Butner","Ozone","Granville",36.141111,-78.768056
"3644",2024-07-29,33,"Butner","Ozone","Granville",36.141111,-78.768056
"3645",2024-07-30,31,"Butner","Ozone","Granville",36.141111,-78.768056
"3646",2024-07-31,44,"Butner","Ozone","Granville",36.141111,-78.768056
"3647",2024-08-01,40,"Butner","Ozone","Granville",36.141111,-78.768056
"3648",2024-08-02,42,"Butner","Ozone","Granville",36.141111,-78.768056
"3649",2024-08-03,36,"Butner","Ozone","Granville",36.141111,-78.768056
"3650",2024-08-04,35,"Butner","Ozone","Granville",36.141111,-78.768056
"3651",2024-08-05,41,"Butner","Ozone","Granville",36.141111,-78.768056
"3652",2024-08-06,18,"Butner","Ozone","Granville",36.141111,-78.768056
"3653",2024-08-07,24,"Butner","Ozone","Granville",36.141111,-78.768056
"3654",2024-08-08,27,"Butner","Ozone","Granville",36.141111,-78.768056
"3655",2024-08-09,31,"Butner","Ozone","Granville",36.141111,-78.768056
"3656",2024-08-10,43,"Butner","Ozone","Granville",36.141111,-78.768056
"3657",2024-08-11,33,"Butner","Ozone","Granville",36.141111,-78.768056
"3658",2024-08-13,30,"Butner","Ozone","Granville",36.141111,-78.768056
"3659",2024-08-14,40,"Butner","Ozone","Granville",36.141111,-78.768056
"3660",2024-08-15,40,"Butner","Ozone","Granville",36.141111,-78.768056
"3661",2024-08-16,67,"Butner","Ozone","Granville",36.141111,-78.768056
"3662",2024-08-17,41,"Butner","Ozone","Granville",36.141111,-78.768056
"3663",2024-08-18,41,"Butner","Ozone","Granville",36.141111,-78.768056
"3664",2024-08-19,38,"Butner","Ozone","Granville",36.141111,-78.768056
"3665",2024-08-20,30,"Butner","Ozone","Granville",36.141111,-78.768056
"3666",2024-08-21,40,"Butner","Ozone","Granville",36.141111,-78.768056
"3667",2024-08-22,42,"Butner","Ozone","Granville",36.141111,-78.768056
"3668",2024-08-23,43,"Butner","Ozone","Granville",36.141111,-78.768056
"3669",2024-08-24,51,"Butner","Ozone","Granville",36.141111,-78.768056
"3670",2024-08-25,51,"Butner","Ozone","Granville",36.141111,-78.768056
"3671",2024-08-26,80,"Butner","Ozone","Granville",36.141111,-78.768056
"3672",2024-08-27,71,"Butner","Ozone","Granville",36.141111,-78.768056
"3673",2024-08-28,74,"Butner","Ozone","Granville",36.141111,-78.768056
"3674",2024-08-29,74,"Butner","Ozone","Granville",36.141111,-78.768056
"3675",2024-08-30,38,"Butner","Ozone","Granville",36.141111,-78.768056
"3676",2024-08-31,39,"Butner","Ozone","Granville",36.141111,-78.768056
"3677",2024-09-01,36,"Butner","Ozone","Granville",36.141111,-78.768056
"3678",2024-09-02,32,"Butner","Ozone","Granville",36.141111,-78.768056
"3679",2024-09-03,34,"Butner","Ozone","Granville",36.141111,-78.768056
"3680",2024-09-04,33,"Butner","Ozone","Granville",36.141111,-78.768056
"3681",2024-09-05,37,"Butner","Ozone","Granville",36.141111,-78.768056
"3682",2024-09-06,38,"Butner","Ozone","Granville",36.141111,-78.768056
"3683",2024-09-07,40,"Butner","Ozone","Granville",36.141111,-78.768056
"3684",2024-09-08,34,"Butner","Ozone","Granville",36.141111,-78.768056
"3685",2024-09-09,39,"Butner","Ozone","Granville",36.141111,-78.768056
"3686",2024-09-10,45,"Butner","Ozone","Granville",36.141111,-78.768056
"3687",2024-09-11,47,"Butner","Ozone","Granville",36.141111,-78.768056
"3688",2024-09-12,44,"Butner","Ozone","Granville",36.141111,-78.768056
"3689",2024-09-13,25,"Butner","Ozone","Granville",36.141111,-78.768056
"3690",2024-09-14,32,"Butner","Ozone","Granville",36.141111,-78.768056
"3691",2024-09-15,28,"Butner","Ozone","Granville",36.141111,-78.768056
"3692",2024-09-16,27,"Butner","Ozone","Granville",36.141111,-78.768056
"3693",2024-09-17,27,"Butner","Ozone","Granville",36.141111,-78.768056
"3694",2024-09-18,34,"Butner","Ozone","Granville",36.141111,-78.768056
"3695",2024-09-19,22,"Butner","Ozone","Granville",36.141111,-78.768056
"3696",2024-09-20,38,"Butner","Ozone","Granville",36.141111,-78.768056
"3697",2024-09-21,41,"Butner","Ozone","Granville",36.141111,-78.768056
"3698",2024-09-22,29,"Butner","Ozone","Granville",36.141111,-78.768056
"3699",2024-09-23,34,"Butner","Ozone","Granville",36.141111,-78.768056
"3700",2024-09-24,24,"Butner","Ozone","Granville",36.141111,-78.768056
"3701",2024-09-25,37,"Butner","Ozone","Granville",36.141111,-78.768056
"3702",2024-09-26,23,"Butner","Ozone","Granville",36.141111,-78.768056
"3703",2024-09-27,23,"Butner","Ozone","Granville",36.141111,-78.768056
"3704",2024-09-28,41,"Butner","Ozone","Granville",36.141111,-78.768056
"3705",2024-09-29,37,"Butner","Ozone","Granville",36.141111,-78.768056
"3706",2024-09-30,21,"Butner","Ozone","Granville",36.141111,-78.768056
"3707",2024-10-01,19,"Butner","Ozone","Granville",36.141111,-78.768056
"3708",2024-10-02,25,"Butner","Ozone","Granville",36.141111,-78.768056
"3709",2024-10-03,26,"Butner","Ozone","Granville",36.141111,-78.768056
"3710",2024-10-04,36,"Butner","Ozone","Granville",36.141111,-78.768056
"3711",2024-10-05,39,"Butner","Ozone","Granville",36.141111,-78.768056
"3712",2024-10-06,44,"Butner","Ozone","Granville",36.141111,-78.768056
"3713",2024-10-07,42,"Butner","Ozone","Granville",36.141111,-78.768056
"3714",2024-10-08,35,"Butner","Ozone","Granville",36.141111,-78.768056
"3715",2024-10-09,38,"Butner","Ozone","Granville",36.141111,-78.768056
"3716",2024-10-10,34,"Butner","Ozone","Granville",36.141111,-78.768056
"3717",2024-10-11,28,"Butner","Ozone","Granville",36.141111,-78.768056
"3718",2024-10-12,44,"Butner","Ozone","Granville",36.141111,-78.768056
"3719",2024-10-13,46,"Butner","Ozone","Granville",36.141111,-78.768056
"3720",2024-10-14,43,"Butner","Ozone","Granville",36.141111,-78.768056
"3721",2024-10-15,31,"Butner","Ozone","Granville",36.141111,-78.768056
"3722",2024-10-16,28,"Butner","Ozone","Granville",36.141111,-78.768056
"3723",2024-10-17,32,"Butner","Ozone","Granville",36.141111,-78.768056
"3724",2024-10-18,35,"Butner","Ozone","Granville",36.141111,-78.768056
"3725",2024-10-19,40,"Butner","Ozone","Granville",36.141111,-78.768056
"3726",2024-10-20,42,"Butner","Ozone","Granville",36.141111,-78.768056
"3727",2024-10-21,44,"Butner","Ozone","Granville",36.141111,-78.768056
"3728",2024-10-22,46,"Butner","Ozone","Granville",36.141111,-78.768056
"3729",2024-10-23,49,"Butner","Ozone","Granville",36.141111,-78.768056
"3730",2024-10-24,44,"Butner","Ozone","Granville",36.141111,-78.768056
"3731",2024-10-25,43,"Butner","Ozone","Granville",36.141111,-78.768056
"3732",2024-10-26,45,"Butner","Ozone","Granville",36.141111,-78.768056
"3733",2024-10-27,30,"Butner","Ozone","Granville",36.141111,-78.768056
"3734",2024-10-28,35,"Butner","Ozone","Granville",36.141111,-78.768056
"3735",2024-10-29,42,"Butner","Ozone","Granville",36.141111,-78.768056
"3736",2024-10-30,36,"Butner","Ozone","Granville",36.141111,-78.768056
"3737",2024-10-31,37,"Butner","Ozone","Granville",36.141111,-78.768056
"3738",2024-03-01,29,"Mendenhall School","Ozone","Guilford",36.1090060008986,-79.802314
"3739",2024-03-02,34,"Mendenhall School","Ozone","Guilford",36.1090060008986,-79.802314
"3740",2024-03-03,33,"Mendenhall School","Ozone","Guilford",36.1090060008986,-79.802314
"3741",2024-03-04,37,"Mendenhall School","Ozone","Guilford",36.1090060008986,-79.802314
"3742",2024-03-05,40,"Mendenhall School","Ozone","Guilford",36.1090060008986,-79.802314
"3743",2024-03-06,21,"Mendenhall School","Ozone","Guilford",36.1090060008986,-79.802314
"3744",2024-03-07,36,"Mendenhall School","Ozone","Guilford",36.1090060008986,-79.802314
"3745",2024-03-08,34,"Mendenhall School","Ozone","Guilford",36.1090060008986,-79.802314
"3746",2024-03-09,23,"Mendenhall School","Ozone","Guilford",36.1090060008986,-79.802314
"3747",2024-03-10,40,"Mendenhall School","Ozone","Guilford",36.1090060008986,-79.802314
"3748",2024-03-11,43,"Mendenhall School","Ozone","Guilford",36.1090060008986,-79.802314
"3749",2024-03-12,43,"Mendenhall School","Ozone","Guilford",36.1090060008986,-79.802314
"3750",2024-03-13,51,"Mendenhall School","Ozone","Guilford",36.1090060008986,-79.802314
"3751",2024-03-14,80,"Mendenhall School","Ozone","Guilford",36.1090060008986,-79.802314
"3752",2024-03-15,39,"Mendenhall School","Ozone","Guilford",36.1090060008986,-79.802314
"3753",2024-03-16,44,"Mendenhall School","Ozone","Guilford",36.1090060008986,-79.802314
"3754",2024-03-17,43,"Mendenhall School","Ozone","Guilford",36.1090060008986,-79.802314
"3755",2024-03-18,44,"Mendenhall School","Ozone","Guilford",36.1090060008986,-79.802314
"3756",2024-03-19,37,"Mendenhall School","Ozone","Guilford",36.1090060008986,-79.802314
"3757",2024-03-20,45,"Mendenhall School","Ozone","Guilford",36.1090060008986,-79.802314
"3758",2024-03-21,48,"Mendenhall School","Ozone","Guilford",36.1090060008986,-79.802314
"3759",2024-03-22,33,"Mendenhall School","Ozone","Guilford",36.1090060008986,-79.802314
"3760",2024-03-23,38,"Mendenhall School","Ozone","Guilford",36.1090060008986,-79.802314
"3761",2024-03-24,43,"Mendenhall School","Ozone","Guilford",36.1090060008986,-79.802314
"3762",2024-03-25,46,"Mendenhall School","Ozone","Guilford",36.1090060008986,-79.802314
"3763",2024-03-26,36,"Mendenhall School","Ozone","Guilford",36.1090060008986,-79.802314
"3764",2024-03-27,20,"Mendenhall School","Ozone","Guilford",36.1090060008986,-79.802314
"3765",2024-03-28,43,"Mendenhall School","Ozone","Guilford",36.1090060008986,-79.802314
"3766",2024-03-29,48,"Mendenhall School","Ozone","Guilford",36.1090060008986,-79.802314
"3767",2024-03-30,64,"Mendenhall School","Ozone","Guilford",36.1090060008986,-79.802314
"3768",2024-03-31,58,"Mendenhall School","Ozone","Guilford",36.1090060008986,-79.802314
"3769",2024-04-01,47,"Mendenhall School","Ozone","Guilford",36.1090060008986,-79.802314
"3770",2024-04-02,48,"Mendenhall School","Ozone","Guilford",36.1090060008986,-79.802314
"3771",2024-04-03,44,"Mendenhall School","Ozone","Guilford",36.1090060008986,-79.802314
"3772",2024-04-04,38,"Mendenhall School","Ozone","Guilford",36.1090060008986,-79.802314
"3773",2024-04-05,36,"Mendenhall School","Ozone","Guilford",36.1090060008986,-79.802314
"3774",2024-04-06,41,"Mendenhall School","Ozone","Guilford",36.1090060008986,-79.802314
"3775",2024-04-07,47,"Mendenhall School","Ozone","Guilford",36.1090060008986,-79.802314
"3776",2024-04-08,58,"Mendenhall School","Ozone","Guilford",36.1090060008986,-79.802314
"3777",2024-04-09,39,"Mendenhall School","Ozone","Guilford",36.1090060008986,-79.802314
"3778",2024-04-10,34,"Mendenhall School","Ozone","Guilford",36.1090060008986,-79.802314
"3779",2024-04-11,37,"Mendenhall School","Ozone","Guilford",36.1090060008986,-79.802314
"3780",2024-04-12,45,"Mendenhall School","Ozone","Guilford",36.1090060008986,-79.802314
"3781",2024-04-13,45,"Mendenhall School","Ozone","Guilford",36.1090060008986,-79.802314
"3782",2024-04-14,74,"Mendenhall School","Ozone","Guilford",36.1090060008986,-79.802314
"3783",2024-04-15,87,"Mendenhall School","Ozone","Guilford",36.1090060008986,-79.802314
"3784",2024-04-16,50,"Mendenhall School","Ozone","Guilford",36.1090060008986,-79.802314
"3785",2024-04-17,58,"Mendenhall School","Ozone","Guilford",36.1090060008986,-79.802314
"3786",2024-04-18,45,"Mendenhall School","Ozone","Guilford",36.1090060008986,-79.802314
"3787",2024-04-19,39,"Mendenhall School","Ozone","Guilford",36.1090060008986,-79.802314
"3788",2024-04-20,37,"Mendenhall School","Ozone","Guilford",36.1090060008986,-79.802314
"3789",2024-04-21,27,"Mendenhall School","Ozone","Guilford",36.1090060008986,-79.802314
"3790",2024-04-22,42,"Mendenhall School","Ozone","Guilford",36.1090060008986,-79.802314
"3791",2024-04-23,50,"Mendenhall School","Ozone","Guilford",36.1090060008986,-79.802314
"3792",2024-04-24,43,"Mendenhall School","Ozone","Guilford",36.1090060008986,-79.802314
"3793",2024-04-25,49,"Mendenhall School","Ozone","Guilford",36.1090060008986,-79.802314
"3794",2024-04-26,44,"Mendenhall School","Ozone","Guilford",36.1090060008986,-79.802314
"3795",2024-04-27,44,"Mendenhall School","Ozone","Guilford",36.1090060008986,-79.802314
"3796",2024-04-28,44,"Mendenhall School","Ozone","Guilford",36.1090060008986,-79.802314
"3797",2024-04-29,58,"Mendenhall School","Ozone","Guilford",36.1090060008986,-79.802314
"3798",2024-04-30,43,"Mendenhall School","Ozone","Guilford",36.1090060008986,-79.802314
"3799",2024-05-01,47,"Mendenhall School","Ozone","Guilford",36.1090060008986,-79.802314
"3800",2024-05-02,90,"Mendenhall School","Ozone","Guilford",36.1090060008986,-79.802314
"3801",2024-05-03,61,"Mendenhall School","Ozone","Guilford",36.1090060008986,-79.802314
"3802",2024-05-04,11,"Mendenhall School","Ozone","Guilford",36.1090060008986,-79.802314
"3803",2024-05-05,18,"Mendenhall School","Ozone","Guilford",36.1090060008986,-79.802314
"3804",2024-05-06,32,"Mendenhall School","Ozone","Guilford",36.1090060008986,-79.802314
"3805",2024-05-07,38,"Mendenhall School","Ozone","Guilford",36.1090060008986,-79.802314
"3806",2024-05-08,37,"Mendenhall School","Ozone","Guilford",36.1090060008986,-79.802314
"3807",2024-05-09,45,"Mendenhall School","Ozone","Guilford",36.1090060008986,-79.802314
"3808",2024-05-10,43,"Mendenhall School","Ozone","Guilford",36.1090060008986,-79.802314
"3809",2024-05-11,42,"Mendenhall School","Ozone","Guilford",36.1090060008986,-79.802314
"3810",2024-05-12,44,"Mendenhall School","Ozone","Guilford",36.1090060008986,-79.802314
"3811",2024-05-13,43,"Mendenhall School","Ozone","Guilford",36.1090060008986,-79.802314
"3812",2024-05-14,29,"Mendenhall School","Ozone","Guilford",36.1090060008986,-79.802314
"3813",2024-05-15,30,"Mendenhall School","Ozone","Guilford",36.1090060008986,-79.802314
"3814",2024-05-16,42,"Mendenhall School","Ozone","Guilford",36.1090060008986,-79.802314
"3815",2024-05-17,33,"Mendenhall School","Ozone","Guilford",36.1090060008986,-79.802314
"3816",2024-05-18,31,"Mendenhall School","Ozone","Guilford",36.1090060008986,-79.802314
"3817",2024-05-19,33,"Mendenhall School","Ozone","Guilford",36.1090060008986,-79.802314
"3818",2024-05-20,39,"Mendenhall School","Ozone","Guilford",36.1090060008986,-79.802314
"3819",2024-05-21,58,"Mendenhall School","Ozone","Guilford",36.1090060008986,-79.802314
"3820",2024-05-22,49,"Mendenhall School","Ozone","Guilford",36.1090060008986,-79.802314
"3821",2024-05-23,46,"Mendenhall School","Ozone","Guilford",36.1090060008986,-79.802314
"3822",2024-05-24,41,"Mendenhall School","Ozone","Guilford",36.1090060008986,-79.802314
"3823",2024-05-25,47,"Mendenhall School","Ozone","Guilford",36.1090060008986,-79.802314
"3824",2024-05-26,46,"Mendenhall School","Ozone","Guilford",36.1090060008986,-79.802314
"3825",2024-05-27,49,"Mendenhall School","Ozone","Guilford",36.1090060008986,-79.802314
"3826",2024-05-28,46,"Mendenhall School","Ozone","Guilford",36.1090060008986,-79.802314
"3827",2024-05-29,50,"Mendenhall School","Ozone","Guilford",36.1090060008986,-79.802314
"3828",2024-05-30,40,"Mendenhall School","Ozone","Guilford",36.1090060008986,-79.802314
"3829",2024-05-31,46,"Mendenhall School","Ozone","Guilford",36.1090060008986,-79.802314
"3830",2024-06-01,50,"Mendenhall School","Ozone","Guilford",36.1090060008986,-79.802314
"3831",2024-06-02,44,"Mendenhall School","Ozone","Guilford",36.1090060008986,-79.802314
"3832",2024-06-03,40,"Mendenhall School","Ozone","Guilford",36.1090060008986,-79.802314
"3833",2024-06-04,42,"Mendenhall School","Ozone","Guilford",36.1090060008986,-79.802314
"3834",2024-06-05,37,"Mendenhall School","Ozone","Guilford",36.1090060008986,-79.802314
"3835",2024-06-06,41,"Mendenhall School","Ozone","Guilford",36.1090060008986,-79.802314
"3836",2024-06-07,51,"Mendenhall School","Ozone","Guilford",36.1090060008986,-79.802314
"3837",2024-06-08,71,"Mendenhall School","Ozone","Guilford",36.1090060008986,-79.802314
"3838",2024-06-09,45,"Mendenhall School","Ozone","Guilford",36.1090060008986,-79.802314
"3839",2024-06-10,49,"Mendenhall School","Ozone","Guilford",36.1090060008986,-79.802314
"3840",2024-06-11,40,"Mendenhall School","Ozone","Guilford",36.1090060008986,-79.802314
"3841",2024-06-12,50,"Mendenhall School","Ozone","Guilford",36.1090060008986,-79.802314
"3842",2024-06-13,61,"Mendenhall School","Ozone","Guilford",36.1090060008986,-79.802314
"3843",2024-06-14,64,"Mendenhall School","Ozone","Guilford",36.1090060008986,-79.802314
"3844",2024-06-15,58,"Mendenhall School","Ozone","Guilford",36.1090060008986,-79.802314
"3845",2024-06-16,43,"Mendenhall School","Ozone","Guilford",36.1090060008986,-79.802314
"3846",2024-06-17,45,"Mendenhall School","Ozone","Guilford",36.1090060008986,-79.802314
"3847",2024-06-18,47,"Mendenhall School","Ozone","Guilford",36.1090060008986,-79.802314
"3848",2024-06-19,51,"Mendenhall School","Ozone","Guilford",36.1090060008986,-79.802314
"3849",2024-06-20,44,"Mendenhall School","Ozone","Guilford",36.1090060008986,-79.802314
"3850",2024-06-21,51,"Mendenhall School","Ozone","Guilford",36.1090060008986,-79.802314
"3851",2024-06-22,31,"Mendenhall School","Ozone","Guilford",36.1090060008986,-79.802314
"3852",2024-06-23,34,"Mendenhall School","Ozone","Guilford",36.1090060008986,-79.802314
"3853",2024-06-24,50,"Mendenhall School","Ozone","Guilford",36.1090060008986,-79.802314
"3854",2024-06-25,67,"Mendenhall School","Ozone","Guilford",36.1090060008986,-79.802314
"3855",2024-06-26,84,"Mendenhall School","Ozone","Guilford",36.1090060008986,-79.802314
"3856",2024-06-27,46,"Mendenhall School","Ozone","Guilford",36.1090060008986,-79.802314
"3857",2024-06-28,74,"Mendenhall School","Ozone","Guilford",36.1090060008986,-79.802314
"3858",2024-06-29,37,"Mendenhall School","Ozone","Guilford",36.1090060008986,-79.802314
"3859",2024-06-30,42,"Mendenhall School","Ozone","Guilford",36.1090060008986,-79.802314
"3860",2024-07-01,42,"Mendenhall School","Ozone","Guilford",36.1090060008986,-79.802314
"3861",2024-07-02,58,"Mendenhall School","Ozone","Guilford",36.1090060008986,-79.802314
"3862",2024-07-03,51,"Mendenhall School","Ozone","Guilford",36.1090060008986,-79.802314
"3863",2024-07-04,46,"Mendenhall School","Ozone","Guilford",36.1090060008986,-79.802314
"3864",2024-07-05,41,"Mendenhall School","Ozone","Guilford",36.1090060008986,-79.802314
"3865",2024-07-06,51,"Mendenhall School","Ozone","Guilford",36.1090060008986,-79.802314
"3866",2024-07-07,29,"Mendenhall School","Ozone","Guilford",36.1090060008986,-79.802314
"3867",2024-07-08,47,"Mendenhall School","Ozone","Guilford",36.1090060008986,-79.802314
"3868",2024-07-09,43,"Mendenhall School","Ozone","Guilford",36.1090060008986,-79.802314
"3869",2024-07-10,40,"Mendenhall School","Ozone","Guilford",36.1090060008986,-79.802314
"3870",2024-07-11,49,"Mendenhall School","Ozone","Guilford",36.1090060008986,-79.802314
"3871",2024-07-12,30,"Mendenhall School","Ozone","Guilford",36.1090060008986,-79.802314
"3872",2024-07-13,44,"Mendenhall School","Ozone","Guilford",36.1090060008986,-79.802314
"3873",2024-07-14,58,"Mendenhall School","Ozone","Guilford",36.1090060008986,-79.802314
"3874",2024-07-15,100,"Mendenhall School","Ozone","Guilford",36.1090060008986,-79.802314
"3875",2024-07-16,64,"Mendenhall School","Ozone","Guilford",36.1090060008986,-79.802314
"3876",2024-07-17,51,"Mendenhall School","Ozone","Guilford",36.1090060008986,-79.802314
"3877",2024-07-18,46,"Mendenhall School","Ozone","Guilford",36.1090060008986,-79.802314
"3878",2024-07-19,42,"Mendenhall School","Ozone","Guilford",36.1090060008986,-79.802314
"3879",2024-07-20,33,"Mendenhall School","Ozone","Guilford",36.1090060008986,-79.802314
"3880",2024-07-21,44,"Mendenhall School","Ozone","Guilford",36.1090060008986,-79.802314
"3881",2024-07-22,39,"Mendenhall School","Ozone","Guilford",36.1090060008986,-79.802314
"3882",2024-07-23,39,"Mendenhall School","Ozone","Guilford",36.1090060008986,-79.802314
"3883",2024-07-24,40,"Mendenhall School","Ozone","Guilford",36.1090060008986,-79.802314
"3884",2024-07-25,27,"Mendenhall School","Ozone","Guilford",36.1090060008986,-79.802314
"3885",2024-07-26,33,"Mendenhall School","Ozone","Guilford",36.1090060008986,-79.802314
"3886",2024-07-27,47,"Mendenhall School","Ozone","Guilford",36.1090060008986,-79.802314
"3887",2024-07-28,46,"Mendenhall School","Ozone","Guilford",36.1090060008986,-79.802314
"3888",2024-07-29,33,"Mendenhall School","Ozone","Guilford",36.1090060008986,-79.802314
"3889",2024-07-30,48,"Mendenhall School","Ozone","Guilford",36.1090060008986,-79.802314
"3890",2024-07-31,51,"Mendenhall School","Ozone","Guilford",36.1090060008986,-79.802314
"3891",2024-08-01,45,"Mendenhall School","Ozone","Guilford",36.1090060008986,-79.802314
"3892",2024-08-02,38,"Mendenhall School","Ozone","Guilford",36.1090060008986,-79.802314
"3893",2024-08-03,34,"Mendenhall School","Ozone","Guilford",36.1090060008986,-79.802314
"3894",2024-08-04,44,"Mendenhall School","Ozone","Guilford",36.1090060008986,-79.802314
"3895",2024-08-05,42,"Mendenhall School","Ozone","Guilford",36.1090060008986,-79.802314
"3896",2024-08-06,20,"Mendenhall School","Ozone","Guilford",36.1090060008986,-79.802314
"3897",2024-08-07,22,"Mendenhall School","Ozone","Guilford",36.1090060008986,-79.802314
"3898",2024-08-08,27,"Mendenhall School","Ozone","Guilford",36.1090060008986,-79.802314
"3899",2024-08-09,34,"Mendenhall School","Ozone","Guilford",36.1090060008986,-79.802314
"3900",2024-08-10,43,"Mendenhall School","Ozone","Guilford",36.1090060008986,-79.802314
"3901",2024-08-11,38,"Mendenhall School","Ozone","Guilford",36.1090060008986,-79.802314
"3902",2024-08-12,36,"Mendenhall School","Ozone","Guilford",36.1090060008986,-79.802314
"3903",2024-08-13,21,"Mendenhall School","Ozone","Guilford",36.1090060008986,-79.802314
"3904",2024-08-14,37,"Mendenhall School","Ozone","Guilford",36.1090060008986,-79.802314
"3905",2024-08-15,45,"Mendenhall School","Ozone","Guilford",36.1090060008986,-79.802314
"3906",2024-08-16,47,"Mendenhall School","Ozone","Guilford",36.1090060008986,-79.802314
"3907",2024-08-17,41,"Mendenhall School","Ozone","Guilford",36.1090060008986,-79.802314
"3908",2024-08-18,43,"Mendenhall School","Ozone","Guilford",36.1090060008986,-79.802314
"3909",2024-08-19,34,"Mendenhall School","Ozone","Guilford",36.1090060008986,-79.802314
"3910",2024-08-20,36,"Mendenhall School","Ozone","Guilford",36.1090060008986,-79.802314
"3911",2024-08-21,41,"Mendenhall School","Ozone","Guilford",36.1090060008986,-79.802314
"3912",2024-08-22,43,"Mendenhall School","Ozone","Guilford",36.1090060008986,-79.802314
"3913",2024-08-23,42,"Mendenhall School","Ozone","Guilford",36.1090060008986,-79.802314
"3914",2024-08-24,45,"Mendenhall School","Ozone","Guilford",36.1090060008986,-79.802314
"3915",2024-08-25,46,"Mendenhall School","Ozone","Guilford",36.1090060008986,-79.802314
"3916",2024-08-26,122,"Mendenhall School","Ozone","Guilford",36.1090060008986,-79.802314
"3917",2024-08-27,54,"Mendenhall School","Ozone","Guilford",36.1090060008986,-79.802314
"3918",2024-08-28,87,"Mendenhall School","Ozone","Guilford",36.1090060008986,-79.802314
"3919",2024-08-29,67,"Mendenhall School","Ozone","Guilford",36.1090060008986,-79.802314
"3920",2024-08-30,51,"Mendenhall School","Ozone","Guilford",36.1090060008986,-79.802314
"3921",2024-08-31,45,"Mendenhall School","Ozone","Guilford",36.1090060008986,-79.802314
"3922",2024-09-01,39,"Mendenhall School","Ozone","Guilford",36.1090060008986,-79.802314
"3923",2024-09-02,33,"Mendenhall School","Ozone","Guilford",36.1090060008986,-79.802314
"3924",2024-09-03,30,"Mendenhall School","Ozone","Guilford",36.1090060008986,-79.802314
"3925",2024-09-04,32,"Mendenhall School","Ozone","Guilford",36.1090060008986,-79.802314
"3926",2024-09-05,37,"Mendenhall School","Ozone","Guilford",36.1090060008986,-79.802314
"3927",2024-09-06,45,"Mendenhall School","Ozone","Guilford",36.1090060008986,-79.802314
"3928",2024-09-07,36,"Mendenhall School","Ozone","Guilford",36.1090060008986,-79.802314
"3929",2024-09-08,37,"Mendenhall School","Ozone","Guilford",36.1090060008986,-79.802314
"3930",2024-09-09,44,"Mendenhall School","Ozone","Guilford",36.1090060008986,-79.802314
"3931",2024-09-10,45,"Mendenhall School","Ozone","Guilford",36.1090060008986,-79.802314
"3932",2024-09-11,49,"Mendenhall School","Ozone","Guilford",36.1090060008986,-79.802314
"3933",2024-09-12,45,"Mendenhall School","Ozone","Guilford",36.1090060008986,-79.802314
"3934",2024-09-13,24,"Mendenhall School","Ozone","Guilford",36.1090060008986,-79.802314
"3935",2024-09-14,29,"Mendenhall School","Ozone","Guilford",36.1090060008986,-79.802314
"3936",2024-09-15,25,"Mendenhall School","Ozone","Guilford",36.1090060008986,-79.802314
"3937",2024-09-16,26,"Mendenhall School","Ozone","Guilford",36.1090060008986,-79.802314
"3938",2024-09-17,21,"Mendenhall School","Ozone","Guilford",36.1090060008986,-79.802314
"3939",2024-09-18,33,"Mendenhall School","Ozone","Guilford",36.1090060008986,-79.802314
"3940",2024-09-19,25,"Mendenhall School","Ozone","Guilford",36.1090060008986,-79.802314
"3941",2024-09-20,30,"Mendenhall School","Ozone","Guilford",36.1090060008986,-79.802314
"3942",2024-09-21,44,"Mendenhall School","Ozone","Guilford",36.1090060008986,-79.802314
"3943",2024-09-22,39,"Mendenhall School","Ozone","Guilford",36.1090060008986,-79.802314
"3944",2024-09-23,19,"Mendenhall School","Ozone","Guilford",36.1090060008986,-79.802314
"3945",2024-09-24,22,"Mendenhall School","Ozone","Guilford",36.1090060008986,-79.802314
"3946",2024-09-25,34,"Mendenhall School","Ozone","Guilford",36.1090060008986,-79.802314
"3947",2024-09-26,19,"Mendenhall School","Ozone","Guilford",36.1090060008986,-79.802314
"3948",2024-09-27,24,"Mendenhall School","Ozone","Guilford",36.1090060008986,-79.802314
"3949",2024-09-28,40,"Mendenhall School","Ozone","Guilford",36.1090060008986,-79.802314
"3950",2024-09-29,32,"Mendenhall School","Ozone","Guilford",36.1090060008986,-79.802314
"3951",2024-09-30,25,"Mendenhall School","Ozone","Guilford",36.1090060008986,-79.802314
"3952",2024-10-01,21,"Mendenhall School","Ozone","Guilford",36.1090060008986,-79.802314
"3953",2024-10-02,29,"Mendenhall School","Ozone","Guilford",36.1090060008986,-79.802314
"3954",2024-10-03,29,"Mendenhall School","Ozone","Guilford",36.1090060008986,-79.802314
"3955",2024-10-04,31,"Mendenhall School","Ozone","Guilford",36.1090060008986,-79.802314
"3956",2024-10-05,50,"Mendenhall School","Ozone","Guilford",36.1090060008986,-79.802314
"3957",2024-10-06,39,"Mendenhall School","Ozone","Guilford",36.1090060008986,-79.802314
"3958",2024-10-07,42,"Mendenhall School","Ozone","Guilford",36.1090060008986,-79.802314
"3959",2024-10-08,34,"Mendenhall School","Ozone","Guilford",36.1090060008986,-79.802314
"3960",2024-10-09,43,"Mendenhall School","Ozone","Guilford",36.1090060008986,-79.802314
"3961",2024-10-10,35,"Mendenhall School","Ozone","Guilford",36.1090060008986,-79.802314
"3962",2024-10-11,34,"Mendenhall School","Ozone","Guilford",36.1090060008986,-79.802314
"3963",2024-10-12,44,"Mendenhall School","Ozone","Guilford",36.1090060008986,-79.802314
"3964",2024-10-13,47,"Mendenhall School","Ozone","Guilford",36.1090060008986,-79.802314
"3965",2024-10-14,39,"Mendenhall School","Ozone","Guilford",36.1090060008986,-79.802314
"3966",2024-10-15,29,"Mendenhall School","Ozone","Guilford",36.1090060008986,-79.802314
"3967",2024-10-16,25,"Mendenhall School","Ozone","Guilford",36.1090060008986,-79.802314
"3968",2024-10-17,32,"Mendenhall School","Ozone","Guilford",36.1090060008986,-79.802314
"3969",2024-10-18,35,"Mendenhall School","Ozone","Guilford",36.1090060008986,-79.802314
"3970",2024-10-19,40,"Mendenhall School","Ozone","Guilford",36.1090060008986,-79.802314
"3971",2024-10-20,40,"Mendenhall School","Ozone","Guilford",36.1090060008986,-79.802314
"3972",2024-10-21,41,"Mendenhall School","Ozone","Guilford",36.1090060008986,-79.802314
"3973",2024-10-22,54,"Mendenhall School","Ozone","Guilford",36.1090060008986,-79.802314
"3974",2024-10-23,51,"Mendenhall School","Ozone","Guilford",36.1090060008986,-79.802314
"3975",2024-10-24,44,"Mendenhall School","Ozone","Guilford",36.1090060008986,-79.802314
"3976",2024-10-25,50,"Mendenhall School","Ozone","Guilford",36.1090060008986,-79.802314
"3977",2024-10-26,43,"Mendenhall School","Ozone","Guilford",36.1090060008986,-79.802314
"3978",2024-10-27,26,"Mendenhall School","Ozone","Guilford",36.1090060008986,-79.802314
"3979",2024-10-28,36,"Mendenhall School","Ozone","Guilford",36.1090060008986,-79.802314
"3980",2024-10-29,42,"Mendenhall School","Ozone","Guilford",36.1090060008986,-79.802314
"3981",2024-10-30,38,"Mendenhall School","Ozone","Guilford",36.1090060008986,-79.802314
"3982",2024-10-31,38,"Mendenhall School","Ozone","Guilford",36.1090060008986,-79.802314
"3983",2024-03-01,28,"Waynesville School","Ozone","Haywood",35.507224,-82.963625
"3984",2024-03-02,37,"Waynesville School","Ozone","Haywood",35.507224,-82.963625
"3985",2024-03-03,36,"Waynesville School","Ozone","Haywood",35.507224,-82.963625
"3986",2024-03-04,33,"Waynesville School","Ozone","Haywood",35.507224,-82.963625
"3987",2024-03-05,40,"Waynesville School","Ozone","Haywood",35.507224,-82.963625
"3988",2024-03-06,37,"Waynesville School","Ozone","Haywood",35.507224,-82.963625
"3989",2024-03-07,39,"Waynesville School","Ozone","Haywood",35.507224,-82.963625
"3990",2024-03-08,37,"Waynesville School","Ozone","Haywood",35.507224,-82.963625
"3991",2024-03-09,33,"Waynesville School","Ozone","Haywood",35.507224,-82.963625
"3992",2024-03-10,42,"Waynesville School","Ozone","Haywood",35.507224,-82.963625
"3993",2024-03-11,44,"Waynesville School","Ozone","Haywood",35.507224,-82.963625
"3994",2024-03-12,42,"Waynesville School","Ozone","Haywood",35.507224,-82.963625
"3995",2024-03-13,49,"Waynesville School","Ozone","Haywood",35.507224,-82.963625
"3996",2024-03-14,51,"Waynesville School","Ozone","Haywood",35.507224,-82.963625
"3997",2024-03-15,35,"Waynesville School","Ozone","Haywood",35.507224,-82.963625
"3998",2024-03-16,42,"Waynesville School","Ozone","Haywood",35.507224,-82.963625
"3999",2024-03-17,42,"Waynesville School","Ozone","Haywood",35.507224,-82.963625
"4000",2024-03-18,41,"Waynesville School","Ozone","Haywood",35.507224,-82.963625
"4001",2024-03-19,41,"Waynesville School","Ozone","Haywood",35.507224,-82.963625
"4002",2024-03-20,46,"Waynesville School","Ozone","Haywood",35.507224,-82.963625
"4003",2024-03-21,47,"Waynesville School","Ozone","Haywood",35.507224,-82.963625
"4004",2024-03-22,48,"Waynesville School","Ozone","Haywood",35.507224,-82.963625
"4005",2024-03-23,40,"Waynesville School","Ozone","Haywood",35.507224,-82.963625
"4006",2024-03-24,49,"Waynesville School","Ozone","Haywood",35.507224,-82.963625
"4007",2024-03-25,49,"Waynesville School","Ozone","Haywood",35.507224,-82.963625
"4008",2024-03-26,38,"Waynesville School","Ozone","Haywood",35.507224,-82.963625
"4009",2024-03-27,40,"Waynesville School","Ozone","Haywood",35.507224,-82.963625
"4010",2024-03-28,44,"Waynesville School","Ozone","Haywood",35.507224,-82.963625
"4011",2024-03-29,48,"Waynesville School","Ozone","Haywood",35.507224,-82.963625
"4012",2024-03-30,54,"Waynesville School","Ozone","Haywood",35.507224,-82.963625
"4013",2024-03-31,48,"Waynesville School","Ozone","Haywood",35.507224,-82.963625
"4014",2024-04-01,44,"Waynesville School","Ozone","Haywood",35.507224,-82.963625
"4015",2024-04-02,48,"Waynesville School","Ozone","Haywood",35.507224,-82.963625
"4016",2024-04-03,44,"Waynesville School","Ozone","Haywood",35.507224,-82.963625
"4017",2024-04-04,39,"Waynesville School","Ozone","Haywood",35.507224,-82.963625
"4018",2024-04-05,34,"Waynesville School","Ozone","Haywood",35.507224,-82.963625
"4019",2024-04-06,43,"Waynesville School","Ozone","Haywood",35.507224,-82.963625
"4020",2024-04-07,45,"Waynesville School","Ozone","Haywood",35.507224,-82.963625
"4021",2024-04-08,49,"Waynesville School","Ozone","Haywood",35.507224,-82.963625
"4022",2024-04-09,47,"Waynesville School","Ozone","Haywood",35.507224,-82.963625
"4023",2024-04-10,46,"Waynesville School","Ozone","Haywood",35.507224,-82.963625
"4024",2024-04-11,45,"Waynesville School","Ozone","Haywood",35.507224,-82.963625
"4025",2024-04-12,44,"Waynesville School","Ozone","Haywood",35.507224,-82.963625
"4026",2024-04-13,49,"Waynesville School","Ozone","Haywood",35.507224,-82.963625
"4027",2024-04-14,67,"Waynesville School","Ozone","Haywood",35.507224,-82.963625
"4028",2024-04-15,50,"Waynesville School","Ozone","Haywood",35.507224,-82.963625
"4029",2024-04-16,50,"Waynesville School","Ozone","Haywood",35.507224,-82.963625
"4030",2024-04-17,50,"Waynesville School","Ozone","Haywood",35.507224,-82.963625
"4031",2024-04-18,49,"Waynesville School","Ozone","Haywood",35.507224,-82.963625
"4032",2024-04-19,47,"Waynesville School","Ozone","Haywood",35.507224,-82.963625
"4033",2024-04-20,35,"Waynesville School","Ozone","Haywood",35.507224,-82.963625
"4034",2024-04-21,35,"Waynesville School","Ozone","Haywood",35.507224,-82.963625
"4035",2024-04-22,47,"Waynesville School","Ozone","Haywood",35.507224,-82.963625
"4036",2024-04-23,49,"Waynesville School","Ozone","Haywood",35.507224,-82.963625
"4037",2024-04-24,48,"Waynesville School","Ozone","Haywood",35.507224,-82.963625
"4038",2024-04-25,58,"Waynesville School","Ozone","Haywood",35.507224,-82.963625
"4039",2024-04-26,31,"Waynesville School","Ozone","Haywood",35.507224,-82.963625
"4040",2024-04-27,48,"Waynesville School","Ozone","Haywood",35.507224,-82.963625
"4041",2024-04-28,44,"Waynesville School","Ozone","Haywood",35.507224,-82.963625
"4042",2024-04-29,47,"Waynesville School","Ozone","Haywood",35.507224,-82.963625
"4043",2024-04-30,46,"Waynesville School","Ozone","Haywood",35.507224,-82.963625
"4044",2024-05-01,46,"Waynesville School","Ozone","Haywood",35.507224,-82.963625
"4045",2024-05-02,61,"Waynesville School","Ozone","Haywood",35.507224,-82.963625
"4046",2024-05-03,35,"Waynesville School","Ozone","Haywood",35.507224,-82.963625
"4047",2024-05-04,28,"Waynesville School","Ozone","Haywood",35.507224,-82.963625
"4048",2024-05-05,44,"Waynesville School","Ozone","Haywood",35.507224,-82.963625
"4049",2024-05-06,38,"Waynesville School","Ozone","Haywood",35.507224,-82.963625
"4050",2024-05-07,37,"Waynesville School","Ozone","Haywood",35.507224,-82.963625
"4051",2024-05-08,40,"Waynesville School","Ozone","Haywood",35.507224,-82.963625
"4052",2024-05-09,49,"Waynesville School","Ozone","Haywood",35.507224,-82.963625
"4053",2024-05-10,45,"Waynesville School","Ozone","Haywood",35.507224,-82.963625
"4054",2024-05-11,42,"Waynesville School","Ozone","Haywood",35.507224,-82.963625
"4055",2024-05-12,48,"Waynesville School","Ozone","Haywood",35.507224,-82.963625
"4056",2024-05-13,38,"Waynesville School","Ozone","Haywood",35.507224,-82.963625
"4057",2024-05-15,41,"Waynesville School","Ozone","Haywood",35.507224,-82.963625
"4058",2024-05-16,44,"Waynesville School","Ozone","Haywood",35.507224,-82.963625
"4059",2024-05-17,33,"Waynesville School","Ozone","Haywood",35.507224,-82.963625
"4060",2024-05-18,43,"Waynesville School","Ozone","Haywood",35.507224,-82.963625
"4061",2024-05-19,35,"Waynesville School","Ozone","Haywood",35.507224,-82.963625
"4062",2024-05-20,43,"Waynesville School","Ozone","Haywood",35.507224,-82.963625
"4063",2024-05-21,44,"Waynesville School","Ozone","Haywood",35.507224,-82.963625
"4064",2024-05-22,44,"Waynesville School","Ozone","Haywood",35.507224,-82.963625
"4065",2024-05-23,40,"Waynesville School","Ozone","Haywood",35.507224,-82.963625
"4066",2024-05-24,45,"Waynesville School","Ozone","Haywood",35.507224,-82.963625
"4067",2024-05-25,43,"Waynesville School","Ozone","Haywood",35.507224,-82.963625
"4068",2024-05-26,37,"Waynesville School","Ozone","Haywood",35.507224,-82.963625
"4069",2024-05-27,46,"Waynesville School","Ozone","Haywood",35.507224,-82.963625
"4070",2024-05-28,48,"Waynesville School","Ozone","Haywood",35.507224,-82.963625
"4071",2024-05-29,58,"Waynesville School","Ozone","Haywood",35.507224,-82.963625
"4072",2024-05-30,44,"Waynesville School","Ozone","Haywood",35.507224,-82.963625
"4073",2024-05-31,44,"Waynesville School","Ozone","Haywood",35.507224,-82.963625
"4074",2024-06-01,49,"Waynesville School","Ozone","Haywood",35.507224,-82.963625
"4075",2024-06-02,35,"Waynesville School","Ozone","Haywood",35.507224,-82.963625
"4076",2024-06-03,39,"Waynesville School","Ozone","Haywood",35.507224,-82.963625
"4077",2024-06-04,36,"Waynesville School","Ozone","Haywood",35.507224,-82.963625
"4078",2024-06-05,36,"Waynesville School","Ozone","Haywood",35.507224,-82.963625
"4079",2024-06-06,44,"Waynesville School","Ozone","Haywood",35.507224,-82.963625
"4080",2024-06-07,51,"Waynesville School","Ozone","Haywood",35.507224,-82.963625
"4081",2024-06-08,58,"Waynesville School","Ozone","Haywood",35.507224,-82.963625
"4082",2024-06-09,40,"Waynesville School","Ozone","Haywood",35.507224,-82.963625
"4083",2024-06-10,49,"Waynesville School","Ozone","Haywood",35.507224,-82.963625
"4084",2024-06-11,45,"Waynesville School","Ozone","Haywood",35.507224,-82.963625
"4085",2024-06-12,46,"Waynesville School","Ozone","Haywood",35.507224,-82.963625
"4086",2024-06-13,49,"Waynesville School","Ozone","Haywood",35.507224,-82.963625
"4087",2024-06-14,49,"Waynesville School","Ozone","Haywood",35.507224,-82.963625
"4088",2024-06-15,46,"Waynesville School","Ozone","Haywood",35.507224,-82.963625
"4089",2024-06-16,39,"Waynesville School","Ozone","Haywood",35.507224,-82.963625
"4090",2024-06-17,36,"Waynesville School","Ozone","Haywood",35.507224,-82.963625
"4091",2024-06-18,45,"Waynesville School","Ozone","Haywood",35.507224,-82.963625
"4092",2024-06-19,40,"Waynesville School","Ozone","Haywood",35.507224,-82.963625
"4093",2024-06-20,45,"Waynesville School","Ozone","Haywood",35.507224,-82.963625
"4094",2024-06-21,43,"Waynesville School","Ozone","Haywood",35.507224,-82.963625
"4095",2024-06-22,43,"Waynesville School","Ozone","Haywood",35.507224,-82.963625
"4096",2024-06-23,44,"Waynesville School","Ozone","Haywood",35.507224,-82.963625
"4097",2024-06-24,58,"Waynesville School","Ozone","Haywood",35.507224,-82.963625
"4098",2024-06-25,50,"Waynesville School","Ozone","Haywood",35.507224,-82.963625
"4099",2024-06-26,50,"Waynesville School","Ozone","Haywood",35.507224,-82.963625
"4100",2024-06-27,38,"Waynesville School","Ozone","Haywood",35.507224,-82.963625
"4101",2024-06-28,38,"Waynesville School","Ozone","Haywood",35.507224,-82.963625
"4102",2024-06-29,29,"Waynesville School","Ozone","Haywood",35.507224,-82.963625
"4103",2024-06-30,40,"Waynesville School","Ozone","Haywood",35.507224,-82.963625
"4104",2024-07-01,46,"Waynesville School","Ozone","Haywood",35.507224,-82.963625
"4105",2024-07-02,41,"Waynesville School","Ozone","Haywood",35.507224,-82.963625
"4106",2024-07-03,42,"Waynesville School","Ozone","Haywood",35.507224,-82.963625
"4107",2024-07-04,37,"Waynesville School","Ozone","Haywood",35.507224,-82.963625
"4108",2024-07-05,29,"Waynesville School","Ozone","Haywood",35.507224,-82.963625
"4109",2024-07-06,39,"Waynesville School","Ozone","Haywood",35.507224,-82.963625
"4110",2024-07-07,28,"Waynesville School","Ozone","Haywood",35.507224,-82.963625
"4111",2024-07-08,38,"Waynesville School","Ozone","Haywood",35.507224,-82.963625
"4112",2024-07-09,32,"Waynesville School","Ozone","Haywood",35.507224,-82.963625
"4113",2024-07-10,42,"Waynesville School","Ozone","Haywood",35.507224,-82.963625
"4114",2024-07-11,51,"Waynesville School","Ozone","Haywood",35.507224,-82.963625
"4115",2024-07-12,50,"Waynesville School","Ozone","Haywood",35.507224,-82.963625
"4116",2024-07-13,47,"Waynesville School","Ozone","Haywood",35.507224,-82.963625
"4117",2024-07-14,41,"Waynesville School","Ozone","Haywood",35.507224,-82.963625
"4118",2024-07-15,43,"Waynesville School","Ozone","Haywood",35.507224,-82.963625
"4119",2024-07-16,32,"Waynesville School","Ozone","Haywood",35.507224,-82.963625
"4120",2024-07-17,33,"Waynesville School","Ozone","Haywood",35.507224,-82.963625
"4121",2024-07-18,41,"Waynesville School","Ozone","Haywood",35.507224,-82.963625
"4122",2024-07-19,32,"Waynesville School","Ozone","Haywood",35.507224,-82.963625
"4123",2024-07-20,33,"Waynesville School","Ozone","Haywood",35.507224,-82.963625
"4124",2024-07-21,29,"Waynesville School","Ozone","Haywood",35.507224,-82.963625
"4125",2024-07-22,38,"Waynesville School","Ozone","Haywood",35.507224,-82.963625
"4126",2024-07-23,35,"Waynesville School","Ozone","Haywood",35.507224,-82.963625
"4127",2024-07-24,31,"Waynesville School","Ozone","Haywood",35.507224,-82.963625
"4128",2024-07-25,25,"Waynesville School","Ozone","Haywood",35.507224,-82.963625
"4129",2024-07-26,39,"Waynesville School","Ozone","Haywood",35.507224,-82.963625
"4130",2024-07-27,41,"Waynesville School","Ozone","Haywood",35.507224,-82.963625
"4131",2024-07-28,30,"Waynesville School","Ozone","Haywood",35.507224,-82.963625
"4132",2024-07-29,30,"Waynesville School","Ozone","Haywood",35.507224,-82.963625
"4133",2024-07-30,32,"Waynesville School","Ozone","Haywood",35.507224,-82.963625
"4134",2024-07-31,41,"Waynesville School","Ozone","Haywood",35.507224,-82.963625
"4135",2024-08-01,28,"Waynesville School","Ozone","Haywood",35.507224,-82.963625
"4136",2024-08-02,31,"Waynesville School","Ozone","Haywood",35.507224,-82.963625
"4137",2024-08-03,43,"Waynesville School","Ozone","Haywood",35.507224,-82.963625
"4138",2024-08-04,45,"Waynesville School","Ozone","Haywood",35.507224,-82.963625
"4139",2024-08-05,45,"Waynesville School","Ozone","Haywood",35.507224,-82.963625
"4140",2024-08-06,32,"Waynesville School","Ozone","Haywood",35.507224,-82.963625
"4141",2024-08-07,35,"Waynesville School","Ozone","Haywood",35.507224,-82.963625
"4142",2024-08-08,28,"Waynesville School","Ozone","Haywood",35.507224,-82.963625
"4143",2024-08-09,43,"Waynesville School","Ozone","Haywood",35.507224,-82.963625
"4144",2024-08-10,43,"Waynesville School","Ozone","Haywood",35.507224,-82.963625
"4145",2024-08-11,33,"Waynesville School","Ozone","Haywood",35.507224,-82.963625
"4146",2024-08-12,38,"Waynesville School","Ozone","Haywood",35.507224,-82.963625
"4147",2024-08-13,44,"Waynesville School","Ozone","Haywood",35.507224,-82.963625
"4148",2024-08-14,43,"Waynesville School","Ozone","Haywood",35.507224,-82.963625
"4149",2024-08-15,40,"Waynesville School","Ozone","Haywood",35.507224,-82.963625
"4150",2024-08-16,39,"Waynesville School","Ozone","Haywood",35.507224,-82.963625
"4151",2024-08-17,40,"Waynesville School","Ozone","Haywood",35.507224,-82.963625
"4152",2024-08-18,39,"Waynesville School","Ozone","Haywood",35.507224,-82.963625
"4153",2024-08-19,34,"Waynesville School","Ozone","Haywood",35.507224,-82.963625
"4154",2024-08-20,43,"Waynesville School","Ozone","Haywood",35.507224,-82.963625
"4155",2024-08-21,42,"Waynesville School","Ozone","Haywood",35.507224,-82.963625
"4156",2024-08-22,44,"Waynesville School","Ozone","Haywood",35.507224,-82.963625
"4157",2024-08-23,58,"Waynesville School","Ozone","Haywood",35.507224,-82.963625
"4158",2024-08-24,45,"Waynesville School","Ozone","Haywood",35.507224,-82.963625
"4159",2024-08-25,49,"Waynesville School","Ozone","Haywood",35.507224,-82.963625
"4160",2024-08-26,51,"Waynesville School","Ozone","Haywood",35.507224,-82.963625
"4161",2024-08-27,49,"Waynesville School","Ozone","Haywood",35.507224,-82.963625
"4162",2024-08-28,51,"Waynesville School","Ozone","Haywood",35.507224,-82.963625
"4163",2024-08-29,54,"Waynesville School","Ozone","Haywood",35.507224,-82.963625
"4164",2024-08-30,44,"Waynesville School","Ozone","Haywood",35.507224,-82.963625
"4165",2024-08-31,41,"Waynesville School","Ozone","Haywood",35.507224,-82.963625
"4166",2024-09-01,30,"Waynesville School","Ozone","Haywood",35.507224,-82.963625
"4167",2024-09-02,41,"Waynesville School","Ozone","Haywood",35.507224,-82.963625
"4168",2024-09-03,36,"Waynesville School","Ozone","Haywood",35.507224,-82.963625
"4169",2024-09-04,39,"Waynesville School","Ozone","Haywood",35.507224,-82.963625
"4170",2024-09-05,38,"Waynesville School","Ozone","Haywood",35.507224,-82.963625
"4171",2024-09-06,42,"Waynesville School","Ozone","Haywood",35.507224,-82.963625
"4172",2024-09-07,34,"Waynesville School","Ozone","Haywood",35.507224,-82.963625
"4173",2024-09-08,33,"Waynesville School","Ozone","Haywood",35.507224,-82.963625
"4174",2024-09-09,39,"Waynesville School","Ozone","Haywood",35.507224,-82.963625
"4175",2024-09-10,45,"Waynesville School","Ozone","Haywood",35.507224,-82.963625
"4176",2024-09-11,49,"Waynesville School","Ozone","Haywood",35.507224,-82.963625
"4177",2024-09-12,45,"Waynesville School","Ozone","Haywood",35.507224,-82.963625
"4178",2024-09-13,34,"Waynesville School","Ozone","Haywood",35.507224,-82.963625
"4179",2024-09-14,31,"Waynesville School","Ozone","Haywood",35.507224,-82.963625
"4180",2024-09-15,31,"Waynesville School","Ozone","Haywood",35.507224,-82.963625
"4181",2024-09-16,41,"Waynesville School","Ozone","Haywood",35.507224,-82.963625
"4182",2024-09-17,20,"Waynesville School","Ozone","Haywood",35.507224,-82.963625
"4183",2024-09-18,25,"Waynesville School","Ozone","Haywood",35.507224,-82.963625
"4184",2024-09-19,33,"Waynesville School","Ozone","Haywood",35.507224,-82.963625
"4185",2024-09-20,45,"Waynesville School","Ozone","Haywood",35.507224,-82.963625
"4186",2024-09-21,35,"Waynesville School","Ozone","Haywood",35.507224,-82.963625
"4187",2024-09-22,40,"Waynesville School","Ozone","Haywood",35.507224,-82.963625
"4188",2024-09-23,40,"Waynesville School","Ozone","Haywood",35.507224,-82.963625
"4189",2024-09-24,36,"Waynesville School","Ozone","Haywood",35.507224,-82.963625
"4190",2024-09-25,31,"Waynesville School","Ozone","Haywood",35.507224,-82.963625
"4191",2024-09-26,28,"Waynesville School","Ozone","Haywood",35.507224,-82.963625
"4192",2024-09-27,40,"Waynesville School","Ozone","Haywood",35.507224,-82.963625
"4193",2024-09-28,34,"Waynesville School","Ozone","Haywood",35.507224,-82.963625
"4194",2024-09-29,28,"Waynesville School","Ozone","Haywood",35.507224,-82.963625
"4195",2024-09-30,28,"Waynesville School","Ozone","Haywood",35.507224,-82.963625
"4196",2024-10-01,26,"Waynesville School","Ozone","Haywood",35.507224,-82.963625
"4197",2024-10-02,37,"Waynesville School","Ozone","Haywood",35.507224,-82.963625
"4198",2024-10-03,28,"Waynesville School","Ozone","Haywood",35.507224,-82.963625
"4199",2024-10-04,31,"Waynesville School","Ozone","Haywood",35.507224,-82.963625
"4200",2024-10-05,43,"Waynesville School","Ozone","Haywood",35.507224,-82.963625
"4201",2024-10-06,44,"Waynesville School","Ozone","Haywood",35.507224,-82.963625
"4202",2024-10-07,45,"Waynesville School","Ozone","Haywood",35.507224,-82.963625
"4203",2024-10-08,39,"Waynesville School","Ozone","Haywood",35.507224,-82.963625
"4204",2024-10-09,40,"Waynesville School","Ozone","Haywood",35.507224,-82.963625
"4205",2024-10-10,44,"Waynesville School","Ozone","Haywood",35.507224,-82.963625
"4206",2024-10-11,39,"Waynesville School","Ozone","Haywood",35.507224,-82.963625
"4207",2024-10-12,42,"Waynesville School","Ozone","Haywood",35.507224,-82.963625
"4208",2024-10-13,48,"Waynesville School","Ozone","Haywood",35.507224,-82.963625
"4209",2024-10-14,40,"Waynesville School","Ozone","Haywood",35.507224,-82.963625
"4210",2024-10-15,32,"Waynesville School","Ozone","Haywood",35.507224,-82.963625
"4211",2024-10-16,31,"Waynesville School","Ozone","Haywood",35.507224,-82.963625
"4212",2024-10-17,35,"Waynesville School","Ozone","Haywood",35.507224,-82.963625
"4213",2024-10-18,42,"Waynesville School","Ozone","Haywood",35.507224,-82.963625
"4214",2024-10-19,41,"Waynesville School","Ozone","Haywood",35.507224,-82.963625
"4215",2024-10-20,39,"Waynesville School","Ozone","Haywood",35.507224,-82.963625
"4216",2024-10-21,43,"Waynesville School","Ozone","Haywood",35.507224,-82.963625
"4217",2024-10-22,44,"Waynesville School","Ozone","Haywood",35.507224,-82.963625
"4218",2024-10-23,42,"Waynesville School","Ozone","Haywood",35.507224,-82.963625
"4219",2024-10-24,50,"Waynesville School","Ozone","Haywood",35.507224,-82.963625
"4220",2024-10-25,44,"Waynesville School","Ozone","Haywood",35.507224,-82.963625
"4221",2024-10-26,41,"Waynesville School","Ozone","Haywood",35.507224,-82.963625
"4222",2024-10-27,33,"Waynesville School","Ozone","Haywood",35.507224,-82.963625
"4223",2024-10-28,35,"Waynesville School","Ozone","Haywood",35.507224,-82.963625
"4224",2024-10-29,39,"Waynesville School","Ozone","Haywood",35.507224,-82.963625
"4225",2024-10-30,40,"Waynesville School","Ozone","Haywood",35.507224,-82.963625
"4226",2024-10-31,40,"Waynesville School","Ozone","Haywood",35.507224,-82.963625
"4227",2024-03-01,42,"Frying Pan Mountain","Ozone","Haywood",35.379167,-82.7925
"4228",2024-03-02,49,"Frying Pan Mountain","Ozone","Haywood",35.379167,-82.7925
"4229",2024-03-03,44,"Frying Pan Mountain","Ozone","Haywood",35.379167,-82.7925
"4230",2024-03-04,34,"Frying Pan Mountain","Ozone","Haywood",35.379167,-82.7925
"4231",2024-03-05,40,"Frying Pan Mountain","Ozone","Haywood",35.379167,-82.7925
"4232",2024-03-06,40,"Frying Pan Mountain","Ozone","Haywood",35.379167,-82.7925
"4233",2024-03-07,38,"Frying Pan Mountain","Ozone","Haywood",35.379167,-82.7925
"4234",2024-03-08,35,"Frying Pan Mountain","Ozone","Haywood",35.379167,-82.7925
"4235",2024-03-09,38,"Frying Pan Mountain","Ozone","Haywood",35.379167,-82.7925
"4236",2024-03-10,42,"Frying Pan Mountain","Ozone","Haywood",35.379167,-82.7925
"4237",2024-03-11,47,"Frying Pan Mountain","Ozone","Haywood",35.379167,-82.7925
"4238",2024-03-12,48,"Frying Pan Mountain","Ozone","Haywood",35.379167,-82.7925
"4239",2024-03-13,58,"Frying Pan Mountain","Ozone","Haywood",35.379167,-82.7925
"4240",2024-03-14,77,"Frying Pan Mountain","Ozone","Haywood",35.379167,-82.7925
"4241",2024-03-15,36,"Frying Pan Mountain","Ozone","Haywood",35.379167,-82.7925
"4242",2024-03-16,43,"Frying Pan Mountain","Ozone","Haywood",35.379167,-82.7925
"4243",2024-03-17,42,"Frying Pan Mountain","Ozone","Haywood",35.379167,-82.7925
"4244",2024-03-18,42,"Frying Pan Mountain","Ozone","Haywood",35.379167,-82.7925
"4245",2024-03-19,44,"Frying Pan Mountain","Ozone","Haywood",35.379167,-82.7925
"4246",2024-03-20,48,"Frying Pan Mountain","Ozone","Haywood",35.379167,-82.7925
"4247",2024-03-21,54,"Frying Pan Mountain","Ozone","Haywood",35.379167,-82.7925
"4248",2024-03-22,51,"Frying Pan Mountain","Ozone","Haywood",35.379167,-82.7925
"4249",2024-03-23,61,"Frying Pan Mountain","Ozone","Haywood",35.379167,-82.7925
"4250",2024-03-24,64,"Frying Pan Mountain","Ozone","Haywood",35.379167,-82.7925
"4251",2024-03-26,41,"Frying Pan Mountain","Ozone","Haywood",35.379167,-82.7925
"4252",2024-03-27,42,"Frying Pan Mountain","Ozone","Haywood",35.379167,-82.7925
"4253",2024-03-28,46,"Frying Pan Mountain","Ozone","Haywood",35.379167,-82.7925
"4254",2024-03-29,50,"Frying Pan Mountain","Ozone","Haywood",35.379167,-82.7925
"4255",2024-03-30,61,"Frying Pan Mountain","Ozone","Haywood",35.379167,-82.7925
"4256",2024-03-31,48,"Frying Pan Mountain","Ozone","Haywood",35.379167,-82.7925
"4257",2024-04-01,46,"Frying Pan Mountain","Ozone","Haywood",35.379167,-82.7925
"4258",2024-04-02,54,"Frying Pan Mountain","Ozone","Haywood",35.379167,-82.7925
"4259",2024-04-03,45,"Frying Pan Mountain","Ozone","Haywood",35.379167,-82.7925
"4260",2024-04-04,40,"Frying Pan Mountain","Ozone","Haywood",35.379167,-82.7925
"4261",2024-04-05,36,"Frying Pan Mountain","Ozone","Haywood",35.379167,-82.7925
"4262",2024-04-06,44,"Frying Pan Mountain","Ozone","Haywood",35.379167,-82.7925
"4263",2024-04-07,61,"Frying Pan Mountain","Ozone","Haywood",35.379167,-82.7925
"4264",2024-04-08,54,"Frying Pan Mountain","Ozone","Haywood",35.379167,-82.7925
"4265",2024-04-09,54,"Frying Pan Mountain","Ozone","Haywood",35.379167,-82.7925
"4266",2024-04-10,43,"Frying Pan Mountain","Ozone","Haywood",35.379167,-82.7925
"4267",2024-04-11,45,"Frying Pan Mountain","Ozone","Haywood",35.379167,-82.7925
"4268",2024-04-12,44,"Frying Pan Mountain","Ozone","Haywood",35.379167,-82.7925
"4269",2024-04-13,58,"Frying Pan Mountain","Ozone","Haywood",35.379167,-82.7925
"4270",2024-04-14,71,"Frying Pan Mountain","Ozone","Haywood",35.379167,-82.7925
"4271",2024-04-15,58,"Frying Pan Mountain","Ozone","Haywood",35.379167,-82.7925
"4272",2024-04-16,67,"Frying Pan Mountain","Ozone","Haywood",35.379167,-82.7925
"4273",2024-04-17,54,"Frying Pan Mountain","Ozone","Haywood",35.379167,-82.7925
"4274",2024-04-18,54,"Frying Pan Mountain","Ozone","Haywood",35.379167,-82.7925
"4275",2024-04-19,49,"Frying Pan Mountain","Ozone","Haywood",35.379167,-82.7925
"4276",2024-04-20,44,"Frying Pan Mountain","Ozone","Haywood",35.379167,-82.7925
"4277",2024-04-21,40,"Frying Pan Mountain","Ozone","Haywood",35.379167,-82.7925
"4278",2024-04-22,48,"Frying Pan Mountain","Ozone","Haywood",35.379167,-82.7925
"4279",2024-04-23,61,"Frying Pan Mountain","Ozone","Haywood",35.379167,-82.7925
"4280",2024-04-24,58,"Frying Pan Mountain","Ozone","Haywood",35.379167,-82.7925
"4281",2024-04-25,64,"Frying Pan Mountain","Ozone","Haywood",35.379167,-82.7925
"4282",2024-04-26,44,"Frying Pan Mountain","Ozone","Haywood",35.379167,-82.7925
"4283",2024-04-27,46,"Frying Pan Mountain","Ozone","Haywood",35.379167,-82.7925
"4284",2024-04-28,43,"Frying Pan Mountain","Ozone","Haywood",35.379167,-82.7925
"4285",2024-04-29,44,"Frying Pan Mountain","Ozone","Haywood",35.379167,-82.7925
"4286",2024-04-30,49,"Frying Pan Mountain","Ozone","Haywood",35.379167,-82.7925
"4287",2024-05-01,48,"Frying Pan Mountain","Ozone","Haywood",35.379167,-82.7925
"4288",2024-05-02,74,"Frying Pan Mountain","Ozone","Haywood",35.379167,-82.7925
"4289",2024-05-03,44,"Frying Pan Mountain","Ozone","Haywood",35.379167,-82.7925
"4290",2024-05-04,44,"Frying Pan Mountain","Ozone","Haywood",35.379167,-82.7925
"4291",2024-05-05,47,"Frying Pan Mountain","Ozone","Haywood",35.379167,-82.7925
"4292",2024-05-06,41,"Frying Pan Mountain","Ozone","Haywood",35.379167,-82.7925
"4293",2024-05-07,37,"Frying Pan Mountain","Ozone","Haywood",35.379167,-82.7925
"4294",2024-05-08,47,"Frying Pan Mountain","Ozone","Haywood",35.379167,-82.7925
"4295",2024-05-09,64,"Frying Pan Mountain","Ozone","Haywood",35.379167,-82.7925
"4296",2024-05-10,44,"Frying Pan Mountain","Ozone","Haywood",35.379167,-82.7925
"4297",2024-05-11,44,"Frying Pan Mountain","Ozone","Haywood",35.379167,-82.7925
"4298",2024-05-12,48,"Frying Pan Mountain","Ozone","Haywood",35.379167,-82.7925
"4299",2024-05-13,41,"Frying Pan Mountain","Ozone","Haywood",35.379167,-82.7925
"4300",2024-05-14,44,"Frying Pan Mountain","Ozone","Haywood",35.379167,-82.7925
"4301",2024-05-15,46,"Frying Pan Mountain","Ozone","Haywood",35.379167,-82.7925
"4302",2024-05-16,48,"Frying Pan Mountain","Ozone","Haywood",35.379167,-82.7925
"4303",2024-05-17,41,"Frying Pan Mountain","Ozone","Haywood",35.379167,-82.7925
"4304",2024-05-18,44,"Frying Pan Mountain","Ozone","Haywood",35.379167,-82.7925
"4305",2024-05-19,43,"Frying Pan Mountain","Ozone","Haywood",35.379167,-82.7925
"4306",2024-05-20,43,"Frying Pan Mountain","Ozone","Haywood",35.379167,-82.7925
"4307",2024-05-21,46,"Frying Pan Mountain","Ozone","Haywood",35.379167,-82.7925
"4308",2024-05-22,61,"Frying Pan Mountain","Ozone","Haywood",35.379167,-82.7925
"4309",2024-05-23,44,"Frying Pan Mountain","Ozone","Haywood",35.379167,-82.7925
"4310",2024-05-24,48,"Frying Pan Mountain","Ozone","Haywood",35.379167,-82.7925
"4311",2024-05-25,58,"Frying Pan Mountain","Ozone","Haywood",35.379167,-82.7925
"4312",2024-05-26,39,"Frying Pan Mountain","Ozone","Haywood",35.379167,-82.7925
"4313",2024-05-27,46,"Frying Pan Mountain","Ozone","Haywood",35.379167,-82.7925
"4314",2024-05-28,46,"Frying Pan Mountain","Ozone","Haywood",35.379167,-82.7925
"4315",2024-05-29,51,"Frying Pan Mountain","Ozone","Haywood",35.379167,-82.7925
"4316",2024-05-30,44,"Frying Pan Mountain","Ozone","Haywood",35.379167,-82.7925
"4317",2024-05-31,48,"Frying Pan Mountain","Ozone","Haywood",35.379167,-82.7925
"4318",2024-06-01,54,"Frying Pan Mountain","Ozone","Haywood",35.379167,-82.7925
"4319",2024-06-02,41,"Frying Pan Mountain","Ozone","Haywood",35.379167,-82.7925
"4320",2024-06-03,42,"Frying Pan Mountain","Ozone","Haywood",35.379167,-82.7925
"4321",2024-06-04,35,"Frying Pan Mountain","Ozone","Haywood",35.379167,-82.7925
"4322",2024-06-05,44,"Frying Pan Mountain","Ozone","Haywood",35.379167,-82.7925
"4323",2024-06-06,47,"Frying Pan Mountain","Ozone","Haywood",35.379167,-82.7925
"4324",2024-06-07,49,"Frying Pan Mountain","Ozone","Haywood",35.379167,-82.7925
"4325",2024-06-08,49,"Frying Pan Mountain","Ozone","Haywood",35.379167,-82.7925
"4326",2024-06-09,42,"Frying Pan Mountain","Ozone","Haywood",35.379167,-82.7925
"4327",2024-06-10,46,"Frying Pan Mountain","Ozone","Haywood",35.379167,-82.7925
"4328",2024-06-11,43,"Frying Pan Mountain","Ozone","Haywood",35.379167,-82.7925
"4329",2024-06-12,40,"Frying Pan Mountain","Ozone","Haywood",35.379167,-82.7925
"4330",2024-06-13,47,"Frying Pan Mountain","Ozone","Haywood",35.379167,-82.7925
"4331",2024-06-14,47,"Frying Pan Mountain","Ozone","Haywood",35.379167,-82.7925
"4332",2024-06-15,44,"Frying Pan Mountain","Ozone","Haywood",35.379167,-82.7925
"4333",2024-06-16,34,"Frying Pan Mountain","Ozone","Haywood",35.379167,-82.7925
"4334",2024-06-17,35,"Frying Pan Mountain","Ozone","Haywood",35.379167,-82.7925
"4335",2024-06-18,43,"Frying Pan Mountain","Ozone","Haywood",35.379167,-82.7925
"4336",2024-06-19,44,"Frying Pan Mountain","Ozone","Haywood",35.379167,-82.7925
"4337",2024-06-20,46,"Frying Pan Mountain","Ozone","Haywood",35.379167,-82.7925
"4338",2024-06-21,47,"Frying Pan Mountain","Ozone","Haywood",35.379167,-82.7925
"4339",2024-06-23,43,"Frying Pan Mountain","Ozone","Haywood",35.379167,-82.7925
"4340",2024-06-25,54,"Frying Pan Mountain","Ozone","Haywood",35.379167,-82.7925
"4341",2024-06-26,90,"Frying Pan Mountain","Ozone","Haywood",35.379167,-82.7925
"4342",2024-06-27,38,"Frying Pan Mountain","Ozone","Haywood",35.379167,-82.7925
"4343",2024-06-28,39,"Frying Pan Mountain","Ozone","Haywood",35.379167,-82.7925
"4344",2024-06-29,33,"Frying Pan Mountain","Ozone","Haywood",35.379167,-82.7925
"4345",2024-07-01,44,"Frying Pan Mountain","Ozone","Haywood",35.379167,-82.7925
"4346",2024-07-02,44,"Frying Pan Mountain","Ozone","Haywood",35.379167,-82.7925
"4347",2024-07-03,38,"Frying Pan Mountain","Ozone","Haywood",35.379167,-82.7925
"4348",2024-07-04,31,"Frying Pan Mountain","Ozone","Haywood",35.379167,-82.7925
"4349",2024-07-05,42,"Frying Pan Mountain","Ozone","Haywood",35.379167,-82.7925
"4350",2024-07-06,44,"Frying Pan Mountain","Ozone","Haywood",35.379167,-82.7925
"4351",2024-07-07,34,"Frying Pan Mountain","Ozone","Haywood",35.379167,-82.7925
"4352",2024-07-08,36,"Frying Pan Mountain","Ozone","Haywood",35.379167,-82.7925
"4353",2024-07-09,26,"Frying Pan Mountain","Ozone","Haywood",35.379167,-82.7925
"4354",2024-07-10,50,"Frying Pan Mountain","Ozone","Haywood",35.379167,-82.7925
"4355",2024-07-11,58,"Frying Pan Mountain","Ozone","Haywood",35.379167,-82.7925
"4356",2024-07-12,45,"Frying Pan Mountain","Ozone","Haywood",35.379167,-82.7925
"4357",2024-07-13,58,"Frying Pan Mountain","Ozone","Haywood",35.379167,-82.7925
"4358",2024-07-14,61,"Frying Pan Mountain","Ozone","Haywood",35.379167,-82.7925
"4359",2024-07-15,42,"Frying Pan Mountain","Ozone","Haywood",35.379167,-82.7925
"4360",2024-07-17,43,"Frying Pan Mountain","Ozone","Haywood",35.379167,-82.7925
"4361",2024-07-18,39,"Frying Pan Mountain","Ozone","Haywood",35.379167,-82.7925
"4362",2024-07-19,41,"Frying Pan Mountain","Ozone","Haywood",35.379167,-82.7925
"4363",2024-07-20,31,"Frying Pan Mountain","Ozone","Haywood",35.379167,-82.7925
"4364",2024-07-21,35,"Frying Pan Mountain","Ozone","Haywood",35.379167,-82.7925
"4365",2024-07-22,36,"Frying Pan Mountain","Ozone","Haywood",35.379167,-82.7925
"4366",2024-07-23,36,"Frying Pan Mountain","Ozone","Haywood",35.379167,-82.7925
"4367",2024-07-24,30,"Frying Pan Mountain","Ozone","Haywood",35.379167,-82.7925
"4368",2024-07-25,31,"Frying Pan Mountain","Ozone","Haywood",35.379167,-82.7925
"4369",2024-07-26,42,"Frying Pan Mountain","Ozone","Haywood",35.379167,-82.7925
"4370",2024-07-27,32,"Frying Pan Mountain","Ozone","Haywood",35.379167,-82.7925
"4371",2024-07-28,28,"Frying Pan Mountain","Ozone","Haywood",35.379167,-82.7925
"4372",2024-07-29,35,"Frying Pan Mountain","Ozone","Haywood",35.379167,-82.7925
"4373",2024-07-30,51,"Frying Pan Mountain","Ozone","Haywood",35.379167,-82.7925
"4374",2024-07-31,44,"Frying Pan Mountain","Ozone","Haywood",35.379167,-82.7925
"4375",2024-08-01,27,"Frying Pan Mountain","Ozone","Haywood",35.379167,-82.7925
"4376",2024-08-02,43,"Frying Pan Mountain","Ozone","Haywood",35.379167,-82.7925
"4377",2024-08-03,42,"Frying Pan Mountain","Ozone","Haywood",35.379167,-82.7925
"4378",2024-08-04,41,"Frying Pan Mountain","Ozone","Haywood",35.379167,-82.7925
"4379",2024-08-05,37,"Frying Pan Mountain","Ozone","Haywood",35.379167,-82.7925
"4380",2024-08-06,27,"Frying Pan Mountain","Ozone","Haywood",35.379167,-82.7925
"4381",2024-08-07,31,"Frying Pan Mountain","Ozone","Haywood",35.379167,-82.7925
"4382",2024-08-08,31,"Frying Pan Mountain","Ozone","Haywood",35.379167,-82.7925
"4383",2024-08-09,37,"Frying Pan Mountain","Ozone","Haywood",35.379167,-82.7925
"4384",2024-08-10,41,"Frying Pan Mountain","Ozone","Haywood",35.379167,-82.7925
"4385",2024-08-11,44,"Frying Pan Mountain","Ozone","Haywood",35.379167,-82.7925
"4386",2024-08-12,32,"Frying Pan Mountain","Ozone","Haywood",35.379167,-82.7925
"4387",2024-08-13,45,"Frying Pan Mountain","Ozone","Haywood",35.379167,-82.7925
"4388",2024-08-14,34,"Frying Pan Mountain","Ozone","Haywood",35.379167,-82.7925
"4389",2024-08-15,42,"Frying Pan Mountain","Ozone","Haywood",35.379167,-82.7925
"4390",2024-08-16,41,"Frying Pan Mountain","Ozone","Haywood",35.379167,-82.7925
"4391",2024-08-17,44,"Frying Pan Mountain","Ozone","Haywood",35.379167,-82.7925
"4392",2024-08-18,43,"Frying Pan Mountain","Ozone","Haywood",35.379167,-82.7925
"4393",2024-08-19,33,"Frying Pan Mountain","Ozone","Haywood",35.379167,-82.7925
"4394",2024-08-20,40,"Frying Pan Mountain","Ozone","Haywood",35.379167,-82.7925
"4395",2024-08-21,32,"Frying Pan Mountain","Ozone","Haywood",35.379167,-82.7925
"4396",2024-08-22,44,"Frying Pan Mountain","Ozone","Haywood",35.379167,-82.7925
"4397",2024-08-23,49,"Frying Pan Mountain","Ozone","Haywood",35.379167,-82.7925
"4398",2024-08-24,50,"Frying Pan Mountain","Ozone","Haywood",35.379167,-82.7925
"4399",2024-08-25,74,"Frying Pan Mountain","Ozone","Haywood",35.379167,-82.7925
"4400",2024-08-26,54,"Frying Pan Mountain","Ozone","Haywood",35.379167,-82.7925
"4401",2024-08-27,61,"Frying Pan Mountain","Ozone","Haywood",35.379167,-82.7925
"4402",2024-08-28,48,"Frying Pan Mountain","Ozone","Haywood",35.379167,-82.7925
"4403",2024-08-29,50,"Frying Pan Mountain","Ozone","Haywood",35.379167,-82.7925
"4404",2024-08-30,42,"Frying Pan Mountain","Ozone","Haywood",35.379167,-82.7925
"4405",2024-08-31,40,"Frying Pan Mountain","Ozone","Haywood",35.379167,-82.7925
"4406",2024-09-01,36,"Frying Pan Mountain","Ozone","Haywood",35.379167,-82.7925
"4407",2024-09-02,39,"Frying Pan Mountain","Ozone","Haywood",35.379167,-82.7925
"4408",2024-09-03,30,"Frying Pan Mountain","Ozone","Haywood",35.379167,-82.7925
"4409",2024-09-04,32,"Frying Pan Mountain","Ozone","Haywood",35.379167,-82.7925
"4410",2024-09-05,43,"Frying Pan Mountain","Ozone","Haywood",35.379167,-82.7925
"4411",2024-09-06,38,"Frying Pan Mountain","Ozone","Haywood",35.379167,-82.7925
"4412",2024-09-07,33,"Frying Pan Mountain","Ozone","Haywood",35.379167,-82.7925
"4413",2024-09-08,31,"Frying Pan Mountain","Ozone","Haywood",35.379167,-82.7925
"4414",2024-09-09,37,"Frying Pan Mountain","Ozone","Haywood",35.379167,-82.7925
"4415",2024-09-10,58,"Frying Pan Mountain","Ozone","Haywood",35.379167,-82.7925
"4416",2024-09-11,46,"Frying Pan Mountain","Ozone","Haywood",35.379167,-82.7925
"4417",2024-09-12,42,"Frying Pan Mountain","Ozone","Haywood",35.379167,-82.7925
"4418",2024-09-13,31,"Frying Pan Mountain","Ozone","Haywood",35.379167,-82.7925
"4419",2024-09-14,30,"Frying Pan Mountain","Ozone","Haywood",35.379167,-82.7925
"4420",2024-09-15,31,"Frying Pan Mountain","Ozone","Haywood",35.379167,-82.7925
"4421",2024-09-16,37,"Frying Pan Mountain","Ozone","Haywood",35.379167,-82.7925
"4422",2024-09-17,27,"Frying Pan Mountain","Ozone","Haywood",35.379167,-82.7925
"4423",2024-09-18,35,"Frying Pan Mountain","Ozone","Haywood",35.379167,-82.7925
"4424",2024-09-19,35,"Frying Pan Mountain","Ozone","Haywood",35.379167,-82.7925
"4425",2024-09-20,50,"Frying Pan Mountain","Ozone","Haywood",35.379167,-82.7925
"4426",2024-09-21,47,"Frying Pan Mountain","Ozone","Haywood",35.379167,-82.7925
"4427",2024-09-22,45,"Frying Pan Mountain","Ozone","Haywood",35.379167,-82.7925
"4428",2024-09-23,41,"Frying Pan Mountain","Ozone","Haywood",35.379167,-82.7925
"4429",2024-09-24,37,"Frying Pan Mountain","Ozone","Haywood",35.379167,-82.7925
"4430",2024-10-18,47,"Frying Pan Mountain","Ozone","Haywood",35.379167,-82.7925
"4431",2024-10-19,47,"Frying Pan Mountain","Ozone","Haywood",35.379167,-82.7925
"4432",2024-10-20,44,"Frying Pan Mountain","Ozone","Haywood",35.379167,-82.7925
"4433",2024-10-21,48,"Frying Pan Mountain","Ozone","Haywood",35.379167,-82.7925
"4434",2024-10-22,45,"Frying Pan Mountain","Ozone","Haywood",35.379167,-82.7925
"4435",2024-10-23,48,"Frying Pan Mountain","Ozone","Haywood",35.379167,-82.7925
"4436",2024-10-24,64,"Frying Pan Mountain","Ozone","Haywood",35.379167,-82.7925
"4437",2024-10-25,49,"Frying Pan Mountain","Ozone","Haywood",35.379167,-82.7925
"4438",2024-10-26,48,"Frying Pan Mountain","Ozone","Haywood",35.379167,-82.7925
"4439",2024-10-27,38,"Frying Pan Mountain","Ozone","Haywood",35.379167,-82.7925
"4440",2024-10-28,58,"Frying Pan Mountain","Ozone","Haywood",35.379167,-82.7925
"4441",2024-10-29,44,"Frying Pan Mountain","Ozone","Haywood",35.379167,-82.7925
"4442",2024-10-30,33,"Frying Pan Mountain","Ozone","Haywood",35.379167,-82.7925
"4443",2024-10-31,38,"Frying Pan Mountain","Ozone","Haywood",35.379167,-82.7925
"4444",2024-11-01,33,"Frying Pan Mountain","Ozone","Haywood",35.379167,-82.7925
"4445",2024-11-02,30,"Frying Pan Mountain","Ozone","Haywood",35.379167,-82.7925
"4446",2024-11-03,38,"Frying Pan Mountain","Ozone","Haywood",35.379167,-82.7925
"4447",2024-11-04,35,"Frying Pan Mountain","Ozone","Haywood",35.379167,-82.7925
"4448",2024-11-05,29,"Frying Pan Mountain","Ozone","Haywood",35.379167,-82.7925
"4449",2024-11-06,28,"Frying Pan Mountain","Ozone","Haywood",35.379167,-82.7925
"4450",2024-11-07,31,"Frying Pan Mountain","Ozone","Haywood",35.379167,-82.7925
"4451",2024-11-08,33,"Frying Pan Mountain","Ozone","Haywood",35.379167,-82.7925
"4452",2024-11-09,36,"Frying Pan Mountain","Ozone","Haywood",35.379167,-82.7925
"4453",2024-11-10,35,"Frying Pan Mountain","Ozone","Haywood",35.379167,-82.7925
"4454",2024-11-11,39,"Frying Pan Mountain","Ozone","Haywood",35.379167,-82.7925
"4455",2024-11-12,44,"Frying Pan Mountain","Ozone","Haywood",35.379167,-82.7925
"4456",2024-11-13,31,"Frying Pan Mountain","Ozone","Haywood",35.379167,-82.7925
"4457",2024-11-14,33,"Frying Pan Mountain","Ozone","Haywood",35.379167,-82.7925
"4458",2024-11-15,42,"Frying Pan Mountain","Ozone","Haywood",35.379167,-82.7925
"4459",2024-11-16,61,"Frying Pan Mountain","Ozone","Haywood",35.379167,-82.7925
"4460",2024-11-17,48,"Frying Pan Mountain","Ozone","Haywood",35.379167,-82.7925
"4461",2024-11-18,45,"Frying Pan Mountain","Ozone","Haywood",35.379167,-82.7925
"4462",2024-11-19,40,"Frying Pan Mountain","Ozone","Haywood",35.379167,-82.7925
"4463",2024-11-20,34,"Frying Pan Mountain","Ozone","Haywood",35.379167,-82.7925
"4464",2024-11-21,35,"Frying Pan Mountain","Ozone","Haywood",35.379167,-82.7925
"4465",2024-11-22,25,"Frying Pan Mountain","Ozone","Haywood",35.379167,-82.7925
"4466",2024-11-23,44,"Frying Pan Mountain","Ozone","Haywood",35.379167,-82.7925
"4467",2024-11-24,46,"Frying Pan Mountain","Ozone","Haywood",35.379167,-82.7925
"4468",2024-11-25,43,"Frying Pan Mountain","Ozone","Haywood",35.379167,-82.7925
"4469",2024-11-26,40,"Frying Pan Mountain","Ozone","Haywood",35.379167,-82.7925
"4470",2024-11-28,31,"Frying Pan Mountain","Ozone","Haywood",35.379167,-82.7925
"4471",2024-11-29,34,"Frying Pan Mountain","Ozone","Haywood",35.379167,-82.7925
"4472",2024-03-01,39,"Purchase Knob","Ozone","Haywood",35.587144,-83.074156
"4473",2024-03-02,45,"Purchase Knob","Ozone","Haywood",35.587144,-83.074156
"4474",2024-03-03,47,"Purchase Knob","Ozone","Haywood",35.587144,-83.074156
"4475",2024-03-04,37,"Purchase Knob","Ozone","Haywood",35.587144,-83.074156
"4476",2024-03-05,42,"Purchase Knob","Ozone","Haywood",35.587144,-83.074156
"4477",2024-03-06,41,"Purchase Knob","Ozone","Haywood",35.587144,-83.074156
"4478",2024-03-07,40,"Purchase Knob","Ozone","Haywood",35.587144,-83.074156
"4479",2024-03-08,38,"Purchase Knob","Ozone","Haywood",35.587144,-83.074156
"4480",2024-03-09,34,"Purchase Knob","Ozone","Haywood",35.587144,-83.074156
"4481",2024-03-10,44,"Purchase Knob","Ozone","Haywood",35.587144,-83.074156
"4482",2024-03-11,45,"Purchase Knob","Ozone","Haywood",35.587144,-83.074156
"4483",2024-03-12,47,"Purchase Knob","Ozone","Haywood",35.587144,-83.074156
"4484",2024-03-13,61,"Purchase Knob","Ozone","Haywood",35.587144,-83.074156
"4485",2024-03-14,54,"Purchase Knob","Ozone","Haywood",35.587144,-83.074156
"4486",2024-03-15,37,"Purchase Knob","Ozone","Haywood",35.587144,-83.074156
"4487",2024-03-16,41,"Purchase Knob","Ozone","Haywood",35.587144,-83.074156
"4488",2024-03-17,43,"Purchase Knob","Ozone","Haywood",35.587144,-83.074156
"4489",2024-03-18,43,"Purchase Knob","Ozone","Haywood",35.587144,-83.074156
"4490",2024-03-19,46,"Purchase Knob","Ozone","Haywood",35.587144,-83.074156
"4491",2024-03-20,49,"Purchase Knob","Ozone","Haywood",35.587144,-83.074156
"4492",2024-03-21,64,"Purchase Knob","Ozone","Haywood",35.587144,-83.074156
"4493",2024-03-22,71,"Purchase Knob","Ozone","Haywood",35.587144,-83.074156
"4494",2024-03-23,74,"Purchase Knob","Ozone","Haywood",35.587144,-83.074156
"4495",2024-03-24,74,"Purchase Knob","Ozone","Haywood",35.587144,-83.074156
"4496",2024-03-25,54,"Purchase Knob","Ozone","Haywood",35.587144,-83.074156
"4497",2024-03-26,44,"Purchase Knob","Ozone","Haywood",35.587144,-83.074156
"4498",2024-03-27,43,"Purchase Knob","Ozone","Haywood",35.587144,-83.074156
"4499",2024-03-28,48,"Purchase Knob","Ozone","Haywood",35.587144,-83.074156
"4500",2024-03-29,51,"Purchase Knob","Ozone","Haywood",35.587144,-83.074156
"4501",2024-03-30,64,"Purchase Knob","Ozone","Haywood",35.587144,-83.074156
"4502",2024-03-31,48,"Purchase Knob","Ozone","Haywood",35.587144,-83.074156
"4503",2024-04-01,46,"Purchase Knob","Ozone","Haywood",35.587144,-83.074156
"4504",2024-04-02,49,"Purchase Knob","Ozone","Haywood",35.587144,-83.074156
"4505",2024-04-03,44,"Purchase Knob","Ozone","Haywood",35.587144,-83.074156
"4506",2024-04-04,41,"Purchase Knob","Ozone","Haywood",35.587144,-83.074156
"4507",2024-04-05,36,"Purchase Knob","Ozone","Haywood",35.587144,-83.074156
"4508",2024-04-06,45,"Purchase Knob","Ozone","Haywood",35.587144,-83.074156
"4509",2024-04-07,50,"Purchase Knob","Ozone","Haywood",35.587144,-83.074156
"4510",2024-04-08,54,"Purchase Knob","Ozone","Haywood",35.587144,-83.074156
"4511",2024-04-09,51,"Purchase Knob","Ozone","Haywood",35.587144,-83.074156
"4512",2024-04-10,47,"Purchase Knob","Ozone","Haywood",35.587144,-83.074156
"4513",2024-04-11,46,"Purchase Knob","Ozone","Haywood",35.587144,-83.074156
"4514",2024-04-12,46,"Purchase Knob","Ozone","Haywood",35.587144,-83.074156
"4515",2024-04-13,64,"Purchase Knob","Ozone","Haywood",35.587144,-83.074156
"4516",2024-04-14,77,"Purchase Knob","Ozone","Haywood",35.587144,-83.074156
"4517",2024-04-15,61,"Purchase Knob","Ozone","Haywood",35.587144,-83.074156
"4518",2024-04-16,67,"Purchase Knob","Ozone","Haywood",35.587144,-83.074156
"4519",2024-04-17,51,"Purchase Knob","Ozone","Haywood",35.587144,-83.074156
"4520",2024-04-18,58,"Purchase Knob","Ozone","Haywood",35.587144,-83.074156
"4521",2024-04-19,49,"Purchase Knob","Ozone","Haywood",35.587144,-83.074156
"4522",2024-04-20,43,"Purchase Knob","Ozone","Haywood",35.587144,-83.074156
"4523",2024-04-21,38,"Purchase Knob","Ozone","Haywood",35.587144,-83.074156
"4524",2024-04-22,50,"Purchase Knob","Ozone","Haywood",35.587144,-83.074156
"4525",2024-04-23,54,"Purchase Knob","Ozone","Haywood",35.587144,-83.074156
"4526",2024-04-24,64,"Purchase Knob","Ozone","Haywood",35.587144,-83.074156
"4527",2024-04-25,67,"Purchase Knob","Ozone","Haywood",35.587144,-83.074156
"4528",2024-04-26,50,"Purchase Knob","Ozone","Haywood",35.587144,-83.074156
"4529",2024-04-27,50,"Purchase Knob","Ozone","Haywood",35.587144,-83.074156
"4530",2024-04-28,46,"Purchase Knob","Ozone","Haywood",35.587144,-83.074156
"4531",2024-04-29,50,"Purchase Knob","Ozone","Haywood",35.587144,-83.074156
"4532",2024-04-30,50,"Purchase Knob","Ozone","Haywood",35.587144,-83.074156
"4533",2024-05-01,50,"Purchase Knob","Ozone","Haywood",35.587144,-83.074156
"4534",2024-05-02,64,"Purchase Knob","Ozone","Haywood",35.587144,-83.074156
"4535",2024-05-03,45,"Purchase Knob","Ozone","Haywood",35.587144,-83.074156
"4536",2024-05-04,40,"Purchase Knob","Ozone","Haywood",35.587144,-83.074156
"4537",2024-05-05,47,"Purchase Knob","Ozone","Haywood",35.587144,-83.074156
"4538",2024-05-06,42,"Purchase Knob","Ozone","Haywood",35.587144,-83.074156
"4539",2024-05-07,37,"Purchase Knob","Ozone","Haywood",35.587144,-83.074156
"4540",2024-05-08,44,"Purchase Knob","Ozone","Haywood",35.587144,-83.074156
"4541",2024-05-09,64,"Purchase Knob","Ozone","Haywood",35.587144,-83.074156
"4542",2024-05-10,45,"Purchase Knob","Ozone","Haywood",35.587144,-83.074156
"4543",2024-05-11,48,"Purchase Knob","Ozone","Haywood",35.587144,-83.074156
"4544",2024-05-12,51,"Purchase Knob","Ozone","Haywood",35.587144,-83.074156
"4545",2024-05-13,42,"Purchase Knob","Ozone","Haywood",35.587144,-83.074156
"4546",2024-05-14,42,"Purchase Knob","Ozone","Haywood",35.587144,-83.074156
"4547",2024-05-15,44,"Purchase Knob","Ozone","Haywood",35.587144,-83.074156
"4548",2024-05-16,47,"Purchase Knob","Ozone","Haywood",35.587144,-83.074156
"4549",2024-05-17,41,"Purchase Knob","Ozone","Haywood",35.587144,-83.074156
"4550",2024-05-18,48,"Purchase Knob","Ozone","Haywood",35.587144,-83.074156
"4551",2024-05-19,49,"Purchase Knob","Ozone","Haywood",35.587144,-83.074156
"4552",2024-05-20,47,"Purchase Knob","Ozone","Haywood",35.587144,-83.074156
"4553",2024-05-21,43,"Purchase Knob","Ozone","Haywood",35.587144,-83.074156
"4554",2024-05-22,48,"Purchase Knob","Ozone","Haywood",35.587144,-83.074156
"4555",2024-05-23,44,"Purchase Knob","Ozone","Haywood",35.587144,-83.074156
"4556",2024-05-24,44,"Purchase Knob","Ozone","Haywood",35.587144,-83.074156
"4557",2024-05-25,64,"Purchase Knob","Ozone","Haywood",35.587144,-83.074156
"4558",2024-05-26,44,"Purchase Knob","Ozone","Haywood",35.587144,-83.074156
"4559",2024-05-27,46,"Purchase Knob","Ozone","Haywood",35.587144,-83.074156
"4560",2024-05-28,49,"Purchase Knob","Ozone","Haywood",35.587144,-83.074156
"4561",2024-05-29,58,"Purchase Knob","Ozone","Haywood",35.587144,-83.074156
"4562",2024-05-30,46,"Purchase Knob","Ozone","Haywood",35.587144,-83.074156
"4563",2024-05-31,48,"Purchase Knob","Ozone","Haywood",35.587144,-83.074156
"4564",2024-06-01,50,"Purchase Knob","Ozone","Haywood",35.587144,-83.074156
"4565",2024-06-02,34,"Purchase Knob","Ozone","Haywood",35.587144,-83.074156
"4566",2024-06-03,35,"Purchase Knob","Ozone","Haywood",35.587144,-83.074156
"4567",2024-06-04,34,"Purchase Knob","Ozone","Haywood",35.587144,-83.074156
"4568",2024-06-05,40,"Purchase Knob","Ozone","Haywood",35.587144,-83.074156
"4569",2024-06-06,51,"Purchase Knob","Ozone","Haywood",35.587144,-83.074156
"4570",2024-06-07,54,"Purchase Knob","Ozone","Haywood",35.587144,-83.074156
"4571",2024-06-08,54,"Purchase Knob","Ozone","Haywood",35.587144,-83.074156
"4572",2024-06-09,42,"Purchase Knob","Ozone","Haywood",35.587144,-83.074156
"4573",2024-06-10,48,"Purchase Knob","Ozone","Haywood",35.587144,-83.074156
"4574",2024-06-11,46,"Purchase Knob","Ozone","Haywood",35.587144,-83.074156
"4575",2024-06-12,48,"Purchase Knob","Ozone","Haywood",35.587144,-83.074156
"4576",2024-06-13,51,"Purchase Knob","Ozone","Haywood",35.587144,-83.074156
"4577",2024-06-14,54,"Purchase Knob","Ozone","Haywood",35.587144,-83.074156
"4578",2024-06-15,61,"Purchase Knob","Ozone","Haywood",35.587144,-83.074156
"4579",2024-06-16,41,"Purchase Knob","Ozone","Haywood",35.587144,-83.074156
"4580",2024-06-17,37,"Purchase Knob","Ozone","Haywood",35.587144,-83.074156
"4581",2024-06-18,49,"Purchase Knob","Ozone","Haywood",35.587144,-83.074156
"4582",2024-06-19,49,"Purchase Knob","Ozone","Haywood",35.587144,-83.074156
"4583",2024-06-20,49,"Purchase Knob","Ozone","Haywood",35.587144,-83.074156
"4584",2024-06-21,45,"Purchase Knob","Ozone","Haywood",35.587144,-83.074156
"4585",2024-06-22,42,"Purchase Knob","Ozone","Haywood",35.587144,-83.074156
"4586",2024-06-23,46,"Purchase Knob","Ozone","Haywood",35.587144,-83.074156
"4587",2024-06-24,54,"Purchase Knob","Ozone","Haywood",35.587144,-83.074156
"4588",2024-06-25,46,"Purchase Knob","Ozone","Haywood",35.587144,-83.074156
"4589",2024-06-26,61,"Purchase Knob","Ozone","Haywood",35.587144,-83.074156
"4590",2024-06-27,37,"Purchase Knob","Ozone","Haywood",35.587144,-83.074156
"4591",2024-06-28,43,"Purchase Knob","Ozone","Haywood",35.587144,-83.074156
"4592",2024-06-29,29,"Purchase Knob","Ozone","Haywood",35.587144,-83.074156
"4593",2024-06-30,43,"Purchase Knob","Ozone","Haywood",35.587144,-83.074156
"4594",2024-07-01,49,"Purchase Knob","Ozone","Haywood",35.587144,-83.074156
"4595",2024-07-02,44,"Purchase Knob","Ozone","Haywood",35.587144,-83.074156
"4596",2024-07-03,37,"Purchase Knob","Ozone","Haywood",35.587144,-83.074156
"4597",2024-07-04,34,"Purchase Knob","Ozone","Haywood",35.587144,-83.074156
"4598",2024-07-05,34,"Purchase Knob","Ozone","Haywood",35.587144,-83.074156
"4599",2024-07-06,48,"Purchase Knob","Ozone","Haywood",35.587144,-83.074156
"4600",2024-07-07,31,"Purchase Knob","Ozone","Haywood",35.587144,-83.074156
"4601",2024-07-08,35,"Purchase Knob","Ozone","Haywood",35.587144,-83.074156
"4602",2024-07-09,31,"Purchase Knob","Ozone","Haywood",35.587144,-83.074156
"4603",2024-07-10,50,"Purchase Knob","Ozone","Haywood",35.587144,-83.074156
"4604",2024-07-11,74,"Purchase Knob","Ozone","Haywood",35.587144,-83.074156
"4605",2024-07-12,77,"Purchase Knob","Ozone","Haywood",35.587144,-83.074156
"4606",2024-07-13,51,"Purchase Knob","Ozone","Haywood",35.587144,-83.074156
"4607",2024-07-14,61,"Purchase Knob","Ozone","Haywood",35.587144,-83.074156
"4608",2024-07-15,41,"Purchase Knob","Ozone","Haywood",35.587144,-83.074156
"4609",2024-07-17,40,"Purchase Knob","Ozone","Haywood",35.587144,-83.074156
"4610",2024-07-18,38,"Purchase Knob","Ozone","Haywood",35.587144,-83.074156
"4611",2024-07-19,37,"Purchase Knob","Ozone","Haywood",35.587144,-83.074156
"4612",2024-07-20,31,"Purchase Knob","Ozone","Haywood",35.587144,-83.074156
"4613",2024-07-21,33,"Purchase Knob","Ozone","Haywood",35.587144,-83.074156
"4614",2024-07-22,31,"Purchase Knob","Ozone","Haywood",35.587144,-83.074156
"4615",2024-07-23,31,"Purchase Knob","Ozone","Haywood",35.587144,-83.074156
"4616",2024-07-24,28,"Purchase Knob","Ozone","Haywood",35.587144,-83.074156
"4617",2024-07-25,36,"Purchase Knob","Ozone","Haywood",35.587144,-83.074156
"4618",2024-07-26,50,"Purchase Knob","Ozone","Haywood",35.587144,-83.074156
"4619",2024-07-27,40,"Purchase Knob","Ozone","Haywood",35.587144,-83.074156
"4620",2024-07-28,31,"Purchase Knob","Ozone","Haywood",35.587144,-83.074156
"4621",2024-07-29,33,"Purchase Knob","Ozone","Haywood",35.587144,-83.074156
"4622",2024-07-30,58,"Purchase Knob","Ozone","Haywood",35.587144,-83.074156
"4623",2024-07-31,45,"Purchase Knob","Ozone","Haywood",35.587144,-83.074156
"4624",2024-08-01,24,"Purchase Knob","Ozone","Haywood",35.587144,-83.074156
"4625",2024-08-02,34,"Purchase Knob","Ozone","Haywood",35.587144,-83.074156
"4626",2024-08-03,48,"Purchase Knob","Ozone","Haywood",35.587144,-83.074156
"4627",2024-08-04,44,"Purchase Knob","Ozone","Haywood",35.587144,-83.074156
"4628",2024-08-05,44,"Purchase Knob","Ozone","Haywood",35.587144,-83.074156
"4629",2024-08-06,46,"Purchase Knob","Ozone","Haywood",35.587144,-83.074156
"4630",2024-08-07,40,"Purchase Knob","Ozone","Haywood",35.587144,-83.074156
"4631",2024-08-08,32,"Purchase Knob","Ozone","Haywood",35.587144,-83.074156
"4632",2024-08-09,40,"Purchase Knob","Ozone","Haywood",35.587144,-83.074156
"4633",2024-08-10,40,"Purchase Knob","Ozone","Haywood",35.587144,-83.074156
"4634",2024-08-11,43,"Purchase Knob","Ozone","Haywood",35.587144,-83.074156
"4635",2024-08-12,41,"Purchase Knob","Ozone","Haywood",35.587144,-83.074156
"4636",2024-08-13,45,"Purchase Knob","Ozone","Haywood",35.587144,-83.074156
"4637",2024-08-14,41,"Purchase Knob","Ozone","Haywood",35.587144,-83.074156
"4638",2024-08-15,39,"Purchase Knob","Ozone","Haywood",35.587144,-83.074156
"4639",2024-08-16,39,"Purchase Knob","Ozone","Haywood",35.587144,-83.074156
"4640",2024-08-17,43,"Purchase Knob","Ozone","Haywood",35.587144,-83.074156
"4641",2024-08-18,42,"Purchase Knob","Ozone","Haywood",35.587144,-83.074156
"4642",2024-08-19,31,"Purchase Knob","Ozone","Haywood",35.587144,-83.074156
"4643",2024-08-20,39,"Purchase Knob","Ozone","Haywood",35.587144,-83.074156
"4644",2024-08-21,42,"Purchase Knob","Ozone","Haywood",35.587144,-83.074156
"4645",2024-08-22,44,"Purchase Knob","Ozone","Haywood",35.587144,-83.074156
"4646",2024-08-23,50,"Purchase Knob","Ozone","Haywood",35.587144,-83.074156
"4647",2024-08-24,46,"Purchase Knob","Ozone","Haywood",35.587144,-83.074156
"4648",2024-08-25,77,"Purchase Knob","Ozone","Haywood",35.587144,-83.074156
"4649",2024-08-26,49,"Purchase Knob","Ozone","Haywood",35.587144,-83.074156
"4650",2024-08-27,49,"Purchase Knob","Ozone","Haywood",35.587144,-83.074156
"4651",2024-08-28,101,"Purchase Knob","Ozone","Haywood",35.587144,-83.074156
"4652",2024-08-29,71,"Purchase Knob","Ozone","Haywood",35.587144,-83.074156
"4653",2024-08-30,48,"Purchase Knob","Ozone","Haywood",35.587144,-83.074156
"4654",2024-08-31,41,"Purchase Knob","Ozone","Haywood",35.587144,-83.074156
"4655",2024-09-01,36,"Purchase Knob","Ozone","Haywood",35.587144,-83.074156
"4656",2024-09-02,40,"Purchase Knob","Ozone","Haywood",35.587144,-83.074156
"4657",2024-09-03,37,"Purchase Knob","Ozone","Haywood",35.587144,-83.074156
"4658",2024-09-04,37,"Purchase Knob","Ozone","Haywood",35.587144,-83.074156
"4659",2024-09-05,39,"Purchase Knob","Ozone","Haywood",35.587144,-83.074156
"4660",2024-09-06,44,"Purchase Knob","Ozone","Haywood",35.587144,-83.074156
"4661",2024-09-07,33,"Purchase Knob","Ozone","Haywood",35.587144,-83.074156
"4662",2024-09-08,35,"Purchase Knob","Ozone","Haywood",35.587144,-83.074156
"4663",2024-09-09,37,"Purchase Knob","Ozone","Haywood",35.587144,-83.074156
"4664",2024-09-10,50,"Purchase Knob","Ozone","Haywood",35.587144,-83.074156
"4665",2024-09-11,58,"Purchase Knob","Ozone","Haywood",35.587144,-83.074156
"4666",2024-09-12,46,"Purchase Knob","Ozone","Haywood",35.587144,-83.074156
"4667",2024-09-13,35,"Purchase Knob","Ozone","Haywood",35.587144,-83.074156
"4668",2024-09-14,33,"Purchase Knob","Ozone","Haywood",35.587144,-83.074156
"4669",2024-09-15,32,"Purchase Knob","Ozone","Haywood",35.587144,-83.074156
"4670",2024-09-16,40,"Purchase Knob","Ozone","Haywood",35.587144,-83.074156
"4671",2024-09-17,27,"Purchase Knob","Ozone","Haywood",35.587144,-83.074156
"4672",2024-09-18,31,"Purchase Knob","Ozone","Haywood",35.587144,-83.074156
"4673",2024-09-19,37,"Purchase Knob","Ozone","Haywood",35.587144,-83.074156
"4674",2024-09-20,67,"Purchase Knob","Ozone","Haywood",35.587144,-83.074156
"4675",2024-09-21,58,"Purchase Knob","Ozone","Haywood",35.587144,-83.074156
"4676",2024-09-22,50,"Purchase Knob","Ozone","Haywood",35.587144,-83.074156
"4677",2024-09-23,39,"Purchase Knob","Ozone","Haywood",35.587144,-83.074156
"4678",2024-09-24,36,"Purchase Knob","Ozone","Haywood",35.587144,-83.074156
"4679",2024-10-07,45,"Purchase Knob","Ozone","Haywood",35.587144,-83.074156
"4680",2024-10-08,45,"Purchase Knob","Ozone","Haywood",35.587144,-83.074156
"4681",2024-10-09,50,"Purchase Knob","Ozone","Haywood",35.587144,-83.074156
"4682",2024-10-10,46,"Purchase Knob","Ozone","Haywood",35.587144,-83.074156
"4683",2024-10-11,44,"Purchase Knob","Ozone","Haywood",35.587144,-83.074156
"4684",2024-10-12,48,"Purchase Knob","Ozone","Haywood",35.587144,-83.074156
"4685",2024-10-13,49,"Purchase Knob","Ozone","Haywood",35.587144,-83.074156
"4686",2024-10-14,43,"Purchase Knob","Ozone","Haywood",35.587144,-83.074156
"4687",2024-10-15,33,"Purchase Knob","Ozone","Haywood",35.587144,-83.074156
"4688",2024-10-16,32,"Purchase Knob","Ozone","Haywood",35.587144,-83.074156
"4689",2024-10-17,49,"Purchase Knob","Ozone","Haywood",35.587144,-83.074156
"4690",2024-10-18,48,"Purchase Knob","Ozone","Haywood",35.587144,-83.074156
"4691",2024-10-19,46,"Purchase Knob","Ozone","Haywood",35.587144,-83.074156
"4692",2024-10-20,46,"Purchase Knob","Ozone","Haywood",35.587144,-83.074156
"4693",2024-10-21,48,"Purchase Knob","Ozone","Haywood",35.587144,-83.074156
"4694",2024-10-22,49,"Purchase Knob","Ozone","Haywood",35.587144,-83.074156
"4695",2024-10-23,54,"Purchase Knob","Ozone","Haywood",35.587144,-83.074156
"4696",2024-10-24,71,"Purchase Knob","Ozone","Haywood",35.587144,-83.074156
"4697",2024-10-25,51,"Purchase Knob","Ozone","Haywood",35.587144,-83.074156
"4698",2024-10-26,48,"Purchase Knob","Ozone","Haywood",35.587144,-83.074156
"4699",2024-10-27,31,"Purchase Knob","Ozone","Haywood",35.587144,-83.074156
"4700",2024-10-28,45,"Purchase Knob","Ozone","Haywood",35.587144,-83.074156
"4701",2024-10-29,47,"Purchase Knob","Ozone","Haywood",35.587144,-83.074156
"4702",2024-10-30,41,"Purchase Knob","Ozone","Haywood",35.587144,-83.074156
"4703",2024-10-31,39,"Purchase Knob","Ozone","Haywood",35.587144,-83.074156
"4704",2024-11-01,34,"Purchase Knob","Ozone","Haywood",35.587144,-83.074156
"4705",2024-11-02,34,"Purchase Knob","Ozone","Haywood",35.587144,-83.074156
"4706",2024-11-03,39,"Purchase Knob","Ozone","Haywood",35.587144,-83.074156
"4707",2024-11-04,35,"Purchase Knob","Ozone","Haywood",35.587144,-83.074156
"4708",2024-11-05,32,"Purchase Knob","Ozone","Haywood",35.587144,-83.074156
"4709",2024-11-06,32,"Purchase Knob","Ozone","Haywood",35.587144,-83.074156
"4710",2024-11-07,33,"Purchase Knob","Ozone","Haywood",35.587144,-83.074156
"4711",2024-11-08,35,"Purchase Knob","Ozone","Haywood",35.587144,-83.074156
"4712",2024-11-09,39,"Purchase Knob","Ozone","Haywood",35.587144,-83.074156
"4713",2024-11-10,35,"Purchase Knob","Ozone","Haywood",35.587144,-83.074156
"4714",2024-11-11,42,"Purchase Knob","Ozone","Haywood",35.587144,-83.074156
"4715",2024-11-12,42,"Purchase Knob","Ozone","Haywood",35.587144,-83.074156
"4716",2024-11-13,34,"Purchase Knob","Ozone","Haywood",35.587144,-83.074156
"4717",2024-11-14,35,"Purchase Knob","Ozone","Haywood",35.587144,-83.074156
"4718",2024-11-15,42,"Purchase Knob","Ozone","Haywood",35.587144,-83.074156
"4719",2024-11-16,64,"Purchase Knob","Ozone","Haywood",35.587144,-83.074156
"4720",2024-11-17,46,"Purchase Knob","Ozone","Haywood",35.587144,-83.074156
"4721",2024-11-18,43,"Purchase Knob","Ozone","Haywood",35.587144,-83.074156
"4722",2024-11-19,39,"Purchase Knob","Ozone","Haywood",35.587144,-83.074156
"4723",2024-11-20,36,"Purchase Knob","Ozone","Haywood",35.587144,-83.074156
"4724",2024-11-21,35,"Purchase Knob","Ozone","Haywood",35.587144,-83.074156
"4725",2024-11-22,30,"Purchase Knob","Ozone","Haywood",35.587144,-83.074156
"4726",2024-11-23,44,"Purchase Knob","Ozone","Haywood",35.587144,-83.074156
"4727",2024-11-24,48,"Purchase Knob","Ozone","Haywood",35.587144,-83.074156
"4728",2024-11-25,44,"Purchase Knob","Ozone","Haywood",35.587144,-83.074156
"4729",2024-11-26,42,"Purchase Knob","Ozone","Haywood",35.587144,-83.074156
"4730",2024-11-27,43,"Purchase Knob","Ozone","Haywood",35.587144,-83.074156
"4731",2024-11-28,30,"Purchase Knob","Ozone","Haywood",35.587144,-83.074156
"4732",2024-11-29,38,"Purchase Knob","Ozone","Haywood",35.587144,-83.074156
"4733",2024-03-01,36,"West Johnston Co.","Ozone","Johnston",35.59095,-78.4622
"4734",2024-03-02,33,"West Johnston Co.","Ozone","Johnston",35.59095,-78.4622
"4735",2024-03-03,31,"West Johnston Co.","Ozone","Johnston",35.59095,-78.4622
"4736",2024-03-04,36,"West Johnston Co.","Ozone","Johnston",35.59095,-78.4622
"4737",2024-03-05,35,"West Johnston Co.","Ozone","Johnston",35.59095,-78.4622
"4738",2024-03-06,27,"West Johnston Co.","Ozone","Johnston",35.59095,-78.4622
"4739",2024-03-07,39,"West Johnston Co.","Ozone","Johnston",35.59095,-78.4622
"4740",2024-03-08,36,"West Johnston Co.","Ozone","Johnston",35.59095,-78.4622
"4741",2024-03-09,28,"West Johnston Co.","Ozone","Johnston",35.59095,-78.4622
"4742",2024-03-10,43,"West Johnston Co.","Ozone","Johnston",35.59095,-78.4622
"4743",2024-03-11,44,"West Johnston Co.","Ozone","Johnston",35.59095,-78.4622
"4744",2024-03-12,43,"West Johnston Co.","Ozone","Johnston",35.59095,-78.4622
"4745",2024-03-13,51,"West Johnston Co.","Ozone","Johnston",35.59095,-78.4622
"4746",2024-03-14,80,"West Johnston Co.","Ozone","Johnston",35.59095,-78.4622
"4747",2024-03-15,47,"West Johnston Co.","Ozone","Johnston",35.59095,-78.4622
"4748",2024-03-16,42,"West Johnston Co.","Ozone","Johnston",35.59095,-78.4622
"4749",2024-03-17,43,"West Johnston Co.","Ozone","Johnston",35.59095,-78.4622
"4750",2024-03-18,45,"West Johnston Co.","Ozone","Johnston",35.59095,-78.4622
"4751",2024-03-19,37,"West Johnston Co.","Ozone","Johnston",35.59095,-78.4622
"4752",2024-03-20,49,"West Johnston Co.","Ozone","Johnston",35.59095,-78.4622
"4753",2024-03-21,47,"West Johnston Co.","Ozone","Johnston",35.59095,-78.4622
"4754",2024-03-22,40,"West Johnston Co.","Ozone","Johnston",35.59095,-78.4622
"4755",2024-03-23,36,"West Johnston Co.","Ozone","Johnston",35.59095,-78.4622
"4756",2024-03-24,44,"West Johnston Co.","Ozone","Johnston",35.59095,-78.4622
"4757",2024-03-25,47,"West Johnston Co.","Ozone","Johnston",35.59095,-78.4622
"4758",2024-03-26,41,"West Johnston Co.","Ozone","Johnston",35.59095,-78.4622
"4759",2024-03-27,20,"West Johnston Co.","Ozone","Johnston",35.59095,-78.4622
"4760",2024-03-28,26,"West Johnston Co.","Ozone","Johnston",35.59095,-78.4622
"4761",2024-03-29,50,"West Johnston Co.","Ozone","Johnston",35.59095,-78.4622
"4762",2024-03-30,54,"West Johnston Co.","Ozone","Johnston",35.59095,-78.4622
"4763",2024-03-31,58,"West Johnston Co.","Ozone","Johnston",35.59095,-78.4622
"4764",2024-04-01,48,"West Johnston Co.","Ozone","Johnston",35.59095,-78.4622
"4765",2024-04-02,45,"West Johnston Co.","Ozone","Johnston",35.59095,-78.4622
"4766",2024-04-03,42,"West Johnston Co.","Ozone","Johnston",35.59095,-78.4622
"4767",2024-04-04,41,"West Johnston Co.","Ozone","Johnston",35.59095,-78.4622
"4768",2024-04-05,43,"West Johnston Co.","Ozone","Johnston",35.59095,-78.4622
"4769",2024-04-06,42,"West Johnston Co.","Ozone","Johnston",35.59095,-78.4622
"4770",2024-04-07,46,"West Johnston Co.","Ozone","Johnston",35.59095,-78.4622
"4771",2024-04-08,48,"West Johnston Co.","Ozone","Johnston",35.59095,-78.4622
"4772",2024-04-09,41,"West Johnston Co.","Ozone","Johnston",35.59095,-78.4622
"4773",2024-04-10,40,"West Johnston Co.","Ozone","Johnston",35.59095,-78.4622
"4774",2024-04-11,38,"West Johnston Co.","Ozone","Johnston",35.59095,-78.4622
"4775",2024-04-12,48,"West Johnston Co.","Ozone","Johnston",35.59095,-78.4622
"4776",2024-04-13,47,"West Johnston Co.","Ozone","Johnston",35.59095,-78.4622
"4777",2024-04-14,54,"West Johnston Co.","Ozone","Johnston",35.59095,-78.4622
"4778",2024-04-15,61,"West Johnston Co.","Ozone","Johnston",35.59095,-78.4622
"4779",2024-04-16,48,"West Johnston Co.","Ozone","Johnston",35.59095,-78.4622
"4780",2024-04-17,46,"West Johnston Co.","Ozone","Johnston",35.59095,-78.4622
"4781",2024-04-18,49,"West Johnston Co.","Ozone","Johnston",35.59095,-78.4622
"4782",2024-04-19,36,"West Johnston Co.","Ozone","Johnston",35.59095,-78.4622
"4783",2024-04-20,39,"West Johnston Co.","Ozone","Johnston",35.59095,-78.4622
"4784",2024-04-21,28,"West Johnston Co.","Ozone","Johnston",35.59095,-78.4622
"4785",2024-04-22,38,"West Johnston Co.","Ozone","Johnston",35.59095,-78.4622
"4786",2024-04-23,49,"West Johnston Co.","Ozone","Johnston",35.59095,-78.4622
"4787",2024-04-24,42,"West Johnston Co.","Ozone","Johnston",35.59095,-78.4622
"4788",2024-04-25,50,"West Johnston Co.","Ozone","Johnston",35.59095,-78.4622
"4789",2024-04-26,45,"West Johnston Co.","Ozone","Johnston",35.59095,-78.4622
"4790",2024-04-27,43,"West Johnston Co.","Ozone","Johnston",35.59095,-78.4622
"4791",2024-04-28,44,"West Johnston Co.","Ozone","Johnston",35.59095,-78.4622
"4792",2024-04-29,49,"West Johnston Co.","Ozone","Johnston",35.59095,-78.4622
"4793",2024-04-30,42,"West Johnston Co.","Ozone","Johnston",35.59095,-78.4622
"4794",2024-05-01,54,"West Johnston Co.","Ozone","Johnston",35.59095,-78.4622
"4795",2024-05-02,64,"West Johnston Co.","Ozone","Johnston",35.59095,-78.4622
"4796",2024-05-03,54,"West Johnston Co.","Ozone","Johnston",35.59095,-78.4622
"4797",2024-05-04,31,"West Johnston Co.","Ozone","Johnston",35.59095,-78.4622
"4798",2024-05-05,24,"West Johnston Co.","Ozone","Johnston",35.59095,-78.4622
"4799",2024-05-06,28,"West Johnston Co.","Ozone","Johnston",35.59095,-78.4622
"4800",2024-05-07,39,"West Johnston Co.","Ozone","Johnston",35.59095,-78.4622
"4801",2024-05-08,33,"West Johnston Co.","Ozone","Johnston",35.59095,-78.4622
"4802",2024-05-09,42,"West Johnston Co.","Ozone","Johnston",35.59095,-78.4622
"4803",2024-05-10,39,"West Johnston Co.","Ozone","Johnston",35.59095,-78.4622
"4804",2024-05-11,41,"West Johnston Co.","Ozone","Johnston",35.59095,-78.4622
"4805",2024-05-12,48,"West Johnston Co.","Ozone","Johnston",35.59095,-78.4622
"4806",2024-05-13,44,"West Johnston Co.","Ozone","Johnston",35.59095,-78.4622
"4807",2024-05-14,36,"West Johnston Co.","Ozone","Johnston",35.59095,-78.4622
"4808",2024-05-15,32,"West Johnston Co.","Ozone","Johnston",35.59095,-78.4622
"4809",2024-05-16,44,"West Johnston Co.","Ozone","Johnston",35.59095,-78.4622
"4810",2024-05-17,41,"West Johnston Co.","Ozone","Johnston",35.59095,-78.4622
"4811",2024-05-18,32,"West Johnston Co.","Ozone","Johnston",35.59095,-78.4622
"4812",2024-05-19,34,"West Johnston Co.","Ozone","Johnston",35.59095,-78.4622
"4813",2024-05-20,37,"West Johnston Co.","Ozone","Johnston",35.59095,-78.4622
"4814",2024-05-21,43,"West Johnston Co.","Ozone","Johnston",35.59095,-78.4622
"4815",2024-05-22,48,"West Johnston Co.","Ozone","Johnston",35.59095,-78.4622
"4816",2024-05-23,45,"West Johnston Co.","Ozone","Johnston",35.59095,-78.4622
"4817",2024-05-24,42,"West Johnston Co.","Ozone","Johnston",35.59095,-78.4622
"4818",2024-05-25,45,"West Johnston Co.","Ozone","Johnston",35.59095,-78.4622
"4819",2024-05-26,46,"West Johnston Co.","Ozone","Johnston",35.59095,-78.4622
"4820",2024-05-27,32,"West Johnston Co.","Ozone","Johnston",35.59095,-78.4622
"4821",2024-05-28,51,"West Johnston Co.","Ozone","Johnston",35.59095,-78.4622
"4822",2024-05-29,61,"West Johnston Co.","Ozone","Johnston",35.59095,-78.4622
"4823",2024-05-30,45,"West Johnston Co.","Ozone","Johnston",35.59095,-78.4622
"4824",2024-05-31,47,"West Johnston Co.","Ozone","Johnston",35.59095,-78.4622
"4825",2024-06-01,51,"West Johnston Co.","Ozone","Johnston",35.59095,-78.4622
"4826",2024-06-02,45,"West Johnston Co.","Ozone","Johnston",35.59095,-78.4622
"4827",2024-06-03,39,"West Johnston Co.","Ozone","Johnston",35.59095,-78.4622
"4828",2024-06-04,44,"West Johnston Co.","Ozone","Johnston",35.59095,-78.4622
"4829",2024-06-05,38,"West Johnston Co.","Ozone","Johnston",35.59095,-78.4622
"4830",2024-06-06,39,"West Johnston Co.","Ozone","Johnston",35.59095,-78.4622
"4831",2024-06-07,64,"West Johnston Co.","Ozone","Johnston",35.59095,-78.4622
"4832",2024-06-08,84,"West Johnston Co.","Ozone","Johnston",35.59095,-78.4622
"4833",2024-06-09,49,"West Johnston Co.","Ozone","Johnston",35.59095,-78.4622
"4834",2024-06-10,67,"West Johnston Co.","Ozone","Johnston",35.59095,-78.4622
"4835",2024-06-11,48,"West Johnston Co.","Ozone","Johnston",35.59095,-78.4622
"4836",2024-06-12,61,"West Johnston Co.","Ozone","Johnston",35.59095,-78.4622
"4837",2024-06-13,61,"West Johnston Co.","Ozone","Johnston",35.59095,-78.4622
"4838",2024-06-14,71,"West Johnston Co.","Ozone","Johnston",35.59095,-78.4622
"4839",2024-06-15,71,"West Johnston Co.","Ozone","Johnston",35.59095,-78.4622
"4840",2024-06-16,64,"West Johnston Co.","Ozone","Johnston",35.59095,-78.4622
"4841",2024-06-17,48,"West Johnston Co.","Ozone","Johnston",35.59095,-78.4622
"4842",2024-06-18,48,"West Johnston Co.","Ozone","Johnston",35.59095,-78.4622
"4843",2024-06-19,43,"West Johnston Co.","Ozone","Johnston",35.59095,-78.4622
"4844",2024-06-20,40,"West Johnston Co.","Ozone","Johnston",35.59095,-78.4622
"4845",2024-06-21,44,"West Johnston Co.","Ozone","Johnston",35.59095,-78.4622
"4846",2024-06-22,30,"West Johnston Co.","Ozone","Johnston",35.59095,-78.4622
"4847",2024-06-23,31,"West Johnston Co.","Ozone","Johnston",35.59095,-78.4622
"4848",2024-06-24,64,"West Johnston Co.","Ozone","Johnston",35.59095,-78.4622
"4849",2024-06-25,77,"West Johnston Co.","Ozone","Johnston",35.59095,-78.4622
"4850",2024-06-26,84,"West Johnston Co.","Ozone","Johnston",35.59095,-78.4622
"4851",2024-06-28,64,"West Johnston Co.","Ozone","Johnston",35.59095,-78.4622
"4852",2024-06-29,42,"West Johnston Co.","Ozone","Johnston",35.59095,-78.4622
"4853",2024-06-30,32,"West Johnston Co.","Ozone","Johnston",35.59095,-78.4622
"4854",2024-07-01,36,"West Johnston Co.","Ozone","Johnston",35.59095,-78.4622
"4855",2024-07-02,54,"West Johnston Co.","Ozone","Johnston",35.59095,-78.4622
"4856",2024-07-03,77,"West Johnston Co.","Ozone","Johnston",35.59095,-78.4622
"4857",2024-07-04,45,"West Johnston Co.","Ozone","Johnston",35.59095,-78.4622
"4858",2024-07-05,42,"West Johnston Co.","Ozone","Johnston",35.59095,-78.4622
"4859",2024-07-06,40,"West Johnston Co.","Ozone","Johnston",35.59095,-78.4622
"4860",2024-07-07,31,"West Johnston Co.","Ozone","Johnston",35.59095,-78.4622
"4861",2024-07-08,39,"West Johnston Co.","Ozone","Johnston",35.59095,-78.4622
"4862",2024-07-09,39,"West Johnston Co.","Ozone","Johnston",35.59095,-78.4622
"4863",2024-07-10,37,"West Johnston Co.","Ozone","Johnston",35.59095,-78.4622
"4864",2024-07-11,42,"West Johnston Co.","Ozone","Johnston",35.59095,-78.4622
"4865",2024-07-12,21,"West Johnston Co.","Ozone","Johnston",35.59095,-78.4622
"4866",2024-07-13,31,"West Johnston Co.","Ozone","Johnston",35.59095,-78.4622
"4867",2024-07-14,46,"West Johnston Co.","Ozone","Johnston",35.59095,-78.4622
"4868",2024-07-15,51,"West Johnston Co.","Ozone","Johnston",35.59095,-78.4622
"4869",2024-07-16,67,"West Johnston Co.","Ozone","Johnston",35.59095,-78.4622
"4870",2024-07-17,43,"West Johnston Co.","Ozone","Johnston",35.59095,-78.4622
"4871",2024-07-18,39,"West Johnston Co.","Ozone","Johnston",35.59095,-78.4622
"4872",2024-07-19,36,"West Johnston Co.","Ozone","Johnston",35.59095,-78.4622
"4873",2024-07-20,32,"West Johnston Co.","Ozone","Johnston",35.59095,-78.4622
"4874",2024-07-21,31,"West Johnston Co.","Ozone","Johnston",35.59095,-78.4622
"4875",2024-07-22,27,"West Johnston Co.","Ozone","Johnston",35.59095,-78.4622
"4876",2024-07-23,28,"West Johnston Co.","Ozone","Johnston",35.59095,-78.4622
"4877",2024-07-24,30,"West Johnston Co.","Ozone","Johnston",35.59095,-78.4622
"4878",2024-07-25,27,"West Johnston Co.","Ozone","Johnston",35.59095,-78.4622
"4879",2024-07-26,26,"West Johnston Co.","Ozone","Johnston",35.59095,-78.4622
"4880",2024-07-27,42,"West Johnston Co.","Ozone","Johnston",35.59095,-78.4622
"4881",2024-07-28,50,"West Johnston Co.","Ozone","Johnston",35.59095,-78.4622
"4882",2024-07-29,29,"West Johnston Co.","Ozone","Johnston",35.59095,-78.4622
"4883",2024-07-30,38,"West Johnston Co.","Ozone","Johnston",35.59095,-78.4622
"4884",2024-07-31,43,"West Johnston Co.","Ozone","Johnston",35.59095,-78.4622
"4885",2024-08-01,47,"West Johnston Co.","Ozone","Johnston",35.59095,-78.4622
"4886",2024-08-02,33,"West Johnston Co.","Ozone","Johnston",35.59095,-78.4622
"4887",2024-08-04,32,"West Johnston Co.","Ozone","Johnston",35.59095,-78.4622
"4888",2024-08-05,24,"West Johnston Co.","Ozone","Johnston",35.59095,-78.4622
"4889",2024-08-06,17,"West Johnston Co.","Ozone","Johnston",35.59095,-78.4622
"4890",2024-08-07,28,"West Johnston Co.","Ozone","Johnston",35.59095,-78.4622
"4891",2024-08-08,30,"West Johnston Co.","Ozone","Johnston",35.59095,-78.4622
"4892",2024-08-09,31,"West Johnston Co.","Ozone","Johnston",35.59095,-78.4622
"4893",2024-08-10,38,"West Johnston Co.","Ozone","Johnston",35.59095,-78.4622
"4894",2024-08-11,31,"West Johnston Co.","Ozone","Johnston",35.59095,-78.4622
"4895",2024-08-12,32,"West Johnston Co.","Ozone","Johnston",35.59095,-78.4622
"4896",2024-08-13,37,"West Johnston Co.","Ozone","Johnston",35.59095,-78.4622
"4897",2024-08-14,46,"West Johnston Co.","Ozone","Johnston",35.59095,-78.4622
"4898",2024-08-15,42,"West Johnston Co.","Ozone","Johnston",35.59095,-78.4622
"4899",2024-08-16,46,"West Johnston Co.","Ozone","Johnston",35.59095,-78.4622
"4900",2024-08-17,43,"West Johnston Co.","Ozone","Johnston",35.59095,-78.4622
"4901",2024-08-18,44,"West Johnston Co.","Ozone","Johnston",35.59095,-78.4622
"4902",2024-08-19,43,"West Johnston Co.","Ozone","Johnston",35.59095,-78.4622
"4903",2024-08-20,32,"West Johnston Co.","Ozone","Johnston",35.59095,-78.4622
"4904",2024-08-21,41,"West Johnston Co.","Ozone","Johnston",35.59095,-78.4622
"4905",2024-08-22,43,"West Johnston Co.","Ozone","Johnston",35.59095,-78.4622
"4906",2024-08-23,44,"West Johnston Co.","Ozone","Johnston",35.59095,-78.4622
"4907",2024-08-24,46,"West Johnston Co.","Ozone","Johnston",35.59095,-78.4622
"4908",2024-08-25,44,"West Johnston Co.","Ozone","Johnston",35.59095,-78.4622
"4909",2024-08-26,46,"West Johnston Co.","Ozone","Johnston",35.59095,-78.4622
"4910",2024-08-28,48,"West Johnston Co.","Ozone","Johnston",35.59095,-78.4622
"4911",2024-08-29,49,"West Johnston Co.","Ozone","Johnston",35.59095,-78.4622
"4912",2024-08-30,35,"West Johnston Co.","Ozone","Johnston",35.59095,-78.4622
"4913",2024-08-31,43,"West Johnston Co.","Ozone","Johnston",35.59095,-78.4622
"4914",2024-09-01,31,"West Johnston Co.","Ozone","Johnston",35.59095,-78.4622
"4915",2024-09-02,29,"West Johnston Co.","Ozone","Johnston",35.59095,-78.4622
"4916",2024-09-03,35,"West Johnston Co.","Ozone","Johnston",35.59095,-78.4622
"4917",2024-09-04,35,"West Johnston Co.","Ozone","Johnston",35.59095,-78.4622
"4918",2024-09-05,33,"West Johnston Co.","Ozone","Johnston",35.59095,-78.4622
"4919",2024-09-06,38,"West Johnston Co.","Ozone","Johnston",35.59095,-78.4622
"4920",2024-09-07,37,"West Johnston Co.","Ozone","Johnston",35.59095,-78.4622
"4921",2024-09-08,34,"West Johnston Co.","Ozone","Johnston",35.59095,-78.4622
"4922",2024-09-09,36,"West Johnston Co.","Ozone","Johnston",35.59095,-78.4622
"4923",2024-09-10,48,"West Johnston Co.","Ozone","Johnston",35.59095,-78.4622
"4924",2024-09-11,46,"West Johnston Co.","Ozone","Johnston",35.59095,-78.4622
"4925",2024-09-12,43,"West Johnston Co.","Ozone","Johnston",35.59095,-78.4622
"4926",2024-09-13,27,"West Johnston Co.","Ozone","Johnston",35.59095,-78.4622
"4927",2024-09-14,32,"West Johnston Co.","Ozone","Johnston",35.59095,-78.4622
"4928",2024-09-15,30,"West Johnston Co.","Ozone","Johnston",35.59095,-78.4622
"4929",2024-09-16,30,"West Johnston Co.","Ozone","Johnston",35.59095,-78.4622
"4930",2024-09-17,25,"West Johnston Co.","Ozone","Johnston",35.59095,-78.4622
"4931",2024-09-20,39,"West Johnston Co.","Ozone","Johnston",35.59095,-78.4622
"4932",2024-09-21,41,"West Johnston Co.","Ozone","Johnston",35.59095,-78.4622
"4933",2024-09-22,33,"West Johnston Co.","Ozone","Johnston",35.59095,-78.4622
"4934",2024-09-23,33,"West Johnston Co.","Ozone","Johnston",35.59095,-78.4622
"4935",2024-09-24,24,"West Johnston Co.","Ozone","Johnston",35.59095,-78.4622
"4936",2024-09-25,33,"West Johnston Co.","Ozone","Johnston",35.59095,-78.4622
"4937",2024-09-26,19,"West Johnston Co.","Ozone","Johnston",35.59095,-78.4622
"4938",2024-09-27,24,"West Johnston Co.","Ozone","Johnston",35.59095,-78.4622
"4939",2024-09-28,40,"West Johnston Co.","Ozone","Johnston",35.59095,-78.4622
"4940",2024-09-29,31,"West Johnston Co.","Ozone","Johnston",35.59095,-78.4622
"4941",2024-09-30,31,"West Johnston Co.","Ozone","Johnston",35.59095,-78.4622
"4942",2024-10-01,20,"West Johnston Co.","Ozone","Johnston",35.59095,-78.4622
"4943",2024-10-02,23,"West Johnston Co.","Ozone","Johnston",35.59095,-78.4622
"4944",2024-10-03,30,"West Johnston Co.","Ozone","Johnston",35.59095,-78.4622
"4945",2024-10-04,34,"West Johnston Co.","Ozone","Johnston",35.59095,-78.4622
"4946",2024-10-05,31,"West Johnston Co.","Ozone","Johnston",35.59095,-78.4622
"4947",2024-10-06,45,"West Johnston Co.","Ozone","Johnston",35.59095,-78.4622
"4948",2024-10-07,42,"West Johnston Co.","Ozone","Johnston",35.59095,-78.4622
"4949",2024-10-08,35,"West Johnston Co.","Ozone","Johnston",35.59095,-78.4622
"4950",2024-10-09,39,"West Johnston Co.","Ozone","Johnston",35.59095,-78.4622
"4951",2024-10-10,35,"West Johnston Co.","Ozone","Johnston",35.59095,-78.4622
"4952",2024-10-11,31,"West Johnston Co.","Ozone","Johnston",35.59095,-78.4622
"4953",2024-10-12,41,"West Johnston Co.","Ozone","Johnston",35.59095,-78.4622
"4954",2024-10-13,46,"West Johnston Co.","Ozone","Johnston",35.59095,-78.4622
"4955",2024-10-14,46,"West Johnston Co.","Ozone","Johnston",35.59095,-78.4622
"4956",2024-10-15,33,"West Johnston Co.","Ozone","Johnston",35.59095,-78.4622
"4957",2024-10-16,29,"West Johnston Co.","Ozone","Johnston",35.59095,-78.4622
"4958",2024-10-17,32,"West Johnston Co.","Ozone","Johnston",35.59095,-78.4622
"4959",2024-10-18,35,"West Johnston Co.","Ozone","Johnston",35.59095,-78.4622
"4960",2024-10-19,39,"West Johnston Co.","Ozone","Johnston",35.59095,-78.4622
"4961",2024-10-20,39,"West Johnston Co.","Ozone","Johnston",35.59095,-78.4622
"4962",2024-10-21,45,"West Johnston Co.","Ozone","Johnston",35.59095,-78.4622
"4963",2024-10-22,47,"West Johnston Co.","Ozone","Johnston",35.59095,-78.4622
"4964",2024-10-23,44,"West Johnston Co.","Ozone","Johnston",35.59095,-78.4622
"4965",2024-10-24,45,"West Johnston Co.","Ozone","Johnston",35.59095,-78.4622
"4966",2024-10-25,43,"West Johnston Co.","Ozone","Johnston",35.59095,-78.4622
"4967",2024-10-26,43,"West Johnston Co.","Ozone","Johnston",35.59095,-78.4622
"4968",2024-10-27,30,"West Johnston Co.","Ozone","Johnston",35.59095,-78.4622
"4969",2024-10-28,39,"West Johnston Co.","Ozone","Johnston",35.59095,-78.4622
"4970",2024-10-29,35,"West Johnston Co.","Ozone","Johnston",35.59095,-78.4622
"4971",2024-10-30,37,"West Johnston Co.","Ozone","Johnston",35.59095,-78.4622
"4972",2024-10-31,37,"West Johnston Co.","Ozone","Johnston",35.59095,-78.4622
"4973",2024-03-01,38,"Lenoir Co. Comm. Coll.","Ozone","Lenoir",35.2318,-77.5669
"4974",2024-03-02,33,"Lenoir Co. Comm. Coll.","Ozone","Lenoir",35.2318,-77.5669
"4975",2024-03-03,29,"Lenoir Co. Comm. Coll.","Ozone","Lenoir",35.2318,-77.5669
"4976",2024-03-04,31,"Lenoir Co. Comm. Coll.","Ozone","Lenoir",35.2318,-77.5669
"4977",2024-03-05,30,"Lenoir Co. Comm. Coll.","Ozone","Lenoir",35.2318,-77.5669
"4978",2024-03-06,19,"Lenoir Co. Comm. Coll.","Ozone","Lenoir",35.2318,-77.5669
"4979",2024-03-07,36,"Lenoir Co. Comm. Coll.","Ozone","Lenoir",35.2318,-77.5669
"4980",2024-03-08,34,"Lenoir Co. Comm. Coll.","Ozone","Lenoir",35.2318,-77.5669
"4981",2024-03-09,30,"Lenoir Co. Comm. Coll.","Ozone","Lenoir",35.2318,-77.5669
"4982",2024-03-10,41,"Lenoir Co. Comm. Coll.","Ozone","Lenoir",35.2318,-77.5669
"4983",2024-03-11,42,"Lenoir Co. Comm. Coll.","Ozone","Lenoir",35.2318,-77.5669
"4984",2024-03-12,45,"Lenoir Co. Comm. Coll.","Ozone","Lenoir",35.2318,-77.5669
"4985",2024-03-13,58,"Lenoir Co. Comm. Coll.","Ozone","Lenoir",35.2318,-77.5669
"4986",2024-03-14,74,"Lenoir Co. Comm. Coll.","Ozone","Lenoir",35.2318,-77.5669
"4987",2024-03-15,58,"Lenoir Co. Comm. Coll.","Ozone","Lenoir",35.2318,-77.5669
"4988",2024-03-16,36,"Lenoir Co. Comm. Coll.","Ozone","Lenoir",35.2318,-77.5669
"4989",2024-03-17,41,"Lenoir Co. Comm. Coll.","Ozone","Lenoir",35.2318,-77.5669
"4990",2024-03-18,43,"Lenoir Co. Comm. Coll.","Ozone","Lenoir",35.2318,-77.5669
"4991",2024-03-19,37,"Lenoir Co. Comm. Coll.","Ozone","Lenoir",35.2318,-77.5669
"4992",2024-03-20,48,"Lenoir Co. Comm. Coll.","Ozone","Lenoir",35.2318,-77.5669
"4993",2024-03-21,42,"Lenoir Co. Comm. Coll.","Ozone","Lenoir",35.2318,-77.5669
"4994",2024-03-22,43,"Lenoir Co. Comm. Coll.","Ozone","Lenoir",35.2318,-77.5669
"4995",2024-03-23,34,"Lenoir Co. Comm. Coll.","Ozone","Lenoir",35.2318,-77.5669
"4996",2024-03-24,42,"Lenoir Co. Comm. Coll.","Ozone","Lenoir",35.2318,-77.5669
"4997",2024-03-25,43,"Lenoir Co. Comm. Coll.","Ozone","Lenoir",35.2318,-77.5669
"4998",2024-03-26,38,"Lenoir Co. Comm. Coll.","Ozone","Lenoir",35.2318,-77.5669
"4999",2024-03-27,24,"Lenoir Co. Comm. Coll.","Ozone","Lenoir",35.2318,-77.5669
"5000",2024-03-28,27,"Lenoir Co. Comm. Coll.","Ozone","Lenoir",35.2318,-77.5669
"5001",2024-03-29,49,"Lenoir Co. Comm. Coll.","Ozone","Lenoir",35.2318,-77.5669
"5002",2024-03-30,51,"Lenoir Co. Comm. Coll.","Ozone","Lenoir",35.2318,-77.5669
"5003",2024-03-31,51,"Lenoir Co. Comm. Coll.","Ozone","Lenoir",35.2318,-77.5669
"5004",2024-04-01,43,"Lenoir Co. Comm. Coll.","Ozone","Lenoir",35.2318,-77.5669
"5005",2024-04-02,40,"Lenoir Co. Comm. Coll.","Ozone","Lenoir",35.2318,-77.5669
"5006",2024-04-03,36,"Lenoir Co. Comm. Coll.","Ozone","Lenoir",35.2318,-77.5669
"5007",2024-04-04,41,"Lenoir Co. Comm. Coll.","Ozone","Lenoir",35.2318,-77.5669
"5008",2024-04-05,43,"Lenoir Co. Comm. Coll.","Ozone","Lenoir",35.2318,-77.5669
"5009",2024-04-06,41,"Lenoir Co. Comm. Coll.","Ozone","Lenoir",35.2318,-77.5669
"5010",2024-04-07,42,"Lenoir Co. Comm. Coll.","Ozone","Lenoir",35.2318,-77.5669
"5011",2024-04-08,44,"Lenoir Co. Comm. Coll.","Ozone","Lenoir",35.2318,-77.5669
"5012",2024-04-09,43,"Lenoir Co. Comm. Coll.","Ozone","Lenoir",35.2318,-77.5669
"5013",2024-04-10,44,"Lenoir Co. Comm. Coll.","Ozone","Lenoir",35.2318,-77.5669
"5014",2024-04-11,37,"Lenoir Co. Comm. Coll.","Ozone","Lenoir",35.2318,-77.5669
"5015",2024-04-12,46,"Lenoir Co. Comm. Coll.","Ozone","Lenoir",35.2318,-77.5669
"5016",2024-04-13,46,"Lenoir Co. Comm. Coll.","Ozone","Lenoir",35.2318,-77.5669
"5017",2024-04-14,48,"Lenoir Co. Comm. Coll.","Ozone","Lenoir",35.2318,-77.5669
"5018",2024-04-15,58,"Lenoir Co. Comm. Coll.","Ozone","Lenoir",35.2318,-77.5669
"5019",2024-04-16,45,"Lenoir Co. Comm. Coll.","Ozone","Lenoir",35.2318,-77.5669
"5020",2024-04-17,48,"Lenoir Co. Comm. Coll.","Ozone","Lenoir",35.2318,-77.5669
"5021",2024-04-18,49,"Lenoir Co. Comm. Coll.","Ozone","Lenoir",35.2318,-77.5669
"5022",2024-04-19,43,"Lenoir Co. Comm. Coll.","Ozone","Lenoir",35.2318,-77.5669
"5023",2024-04-20,33,"Lenoir Co. Comm. Coll.","Ozone","Lenoir",35.2318,-77.5669
"5024",2024-04-21,29,"Lenoir Co. Comm. Coll.","Ozone","Lenoir",35.2318,-77.5669
"5025",2024-04-22,35,"Lenoir Co. Comm. Coll.","Ozone","Lenoir",35.2318,-77.5669
"5026",2024-04-23,49,"Lenoir Co. Comm. Coll.","Ozone","Lenoir",35.2318,-77.5669
"5027",2024-04-24,47,"Lenoir Co. Comm. Coll.","Ozone","Lenoir",35.2318,-77.5669
"5028",2024-04-25,49,"Lenoir Co. Comm. Coll.","Ozone","Lenoir",35.2318,-77.5669
"5029",2024-04-26,43,"Lenoir Co. Comm. Coll.","Ozone","Lenoir",35.2318,-77.5669
"5030",2024-04-27,41,"Lenoir Co. Comm. Coll.","Ozone","Lenoir",35.2318,-77.5669
"5031",2024-04-28,44,"Lenoir Co. Comm. Coll.","Ozone","Lenoir",35.2318,-77.5669
"5032",2024-04-29,45,"Lenoir Co. Comm. Coll.","Ozone","Lenoir",35.2318,-77.5669
"5033",2024-04-30,38,"Lenoir Co. Comm. Coll.","Ozone","Lenoir",35.2318,-77.5669
"5034",2024-05-01,41,"Lenoir Co. Comm. Coll.","Ozone","Lenoir",35.2318,-77.5669
"5035",2024-05-02,45,"Lenoir Co. Comm. Coll.","Ozone","Lenoir",35.2318,-77.5669
"5036",2024-05-03,46,"Lenoir Co. Comm. Coll.","Ozone","Lenoir",35.2318,-77.5669
"5037",2024-05-04,31,"Lenoir Co. Comm. Coll.","Ozone","Lenoir",35.2318,-77.5669
"5038",2024-05-05,26,"Lenoir Co. Comm. Coll.","Ozone","Lenoir",35.2318,-77.5669
"5039",2024-05-06,31,"Lenoir Co. Comm. Coll.","Ozone","Lenoir",35.2318,-77.5669
"5040",2024-05-07,43,"Lenoir Co. Comm. Coll.","Ozone","Lenoir",35.2318,-77.5669
"5041",2024-05-08,41,"Lenoir Co. Comm. Coll.","Ozone","Lenoir",35.2318,-77.5669
"5042",2024-05-09,45,"Lenoir Co. Comm. Coll.","Ozone","Lenoir",35.2318,-77.5669
"5043",2024-05-10,38,"Lenoir Co. Comm. Coll.","Ozone","Lenoir",35.2318,-77.5669
"5044",2024-05-11,34,"Lenoir Co. Comm. Coll.","Ozone","Lenoir",35.2318,-77.5669
"5045",2024-05-12,48,"Lenoir Co. Comm. Coll.","Ozone","Lenoir",35.2318,-77.5669
"5046",2024-05-13,42,"Lenoir Co. Comm. Coll.","Ozone","Lenoir",35.2318,-77.5669
"5047",2024-05-14,37,"Lenoir Co. Comm. Coll.","Ozone","Lenoir",35.2318,-77.5669
"5048",2024-05-15,31,"Lenoir Co. Comm. Coll.","Ozone","Lenoir",35.2318,-77.5669
"5049",2024-05-16,39,"Lenoir Co. Comm. Coll.","Ozone","Lenoir",35.2318,-77.5669
"5050",2024-05-17,37,"Lenoir Co. Comm. Coll.","Ozone","Lenoir",35.2318,-77.5669
"5051",2024-05-18,35,"Lenoir Co. Comm. Coll.","Ozone","Lenoir",35.2318,-77.5669
"5052",2024-05-19,31,"Lenoir Co. Comm. Coll.","Ozone","Lenoir",35.2318,-77.5669
"5053",2024-05-20,33,"Lenoir Co. Comm. Coll.","Ozone","Lenoir",35.2318,-77.5669
"5054",2024-05-21,32,"Lenoir Co. Comm. Coll.","Ozone","Lenoir",35.2318,-77.5669
"5055",2024-05-22,38,"Lenoir Co. Comm. Coll.","Ozone","Lenoir",35.2318,-77.5669
"5056",2024-05-23,43,"Lenoir Co. Comm. Coll.","Ozone","Lenoir",35.2318,-77.5669
"5057",2024-05-24,39,"Lenoir Co. Comm. Coll.","Ozone","Lenoir",35.2318,-77.5669
"5058",2024-05-25,44,"Lenoir Co. Comm. Coll.","Ozone","Lenoir",35.2318,-77.5669
"5059",2024-05-26,42,"Lenoir Co. Comm. Coll.","Ozone","Lenoir",35.2318,-77.5669
"5060",2024-05-27,31,"Lenoir Co. Comm. Coll.","Ozone","Lenoir",35.2318,-77.5669
"5061",2024-05-28,50,"Lenoir Co. Comm. Coll.","Ozone","Lenoir",35.2318,-77.5669
"5062",2024-05-29,54,"Lenoir Co. Comm. Coll.","Ozone","Lenoir",35.2318,-77.5669
"5063",2024-05-30,43,"Lenoir Co. Comm. Coll.","Ozone","Lenoir",35.2318,-77.5669
"5064",2024-05-31,46,"Lenoir Co. Comm. Coll.","Ozone","Lenoir",35.2318,-77.5669
"5065",2024-06-01,50,"Lenoir Co. Comm. Coll.","Ozone","Lenoir",35.2318,-77.5669
"5066",2024-06-02,47,"Lenoir Co. Comm. Coll.","Ozone","Lenoir",35.2318,-77.5669
"5067",2024-06-03,41,"Lenoir Co. Comm. Coll.","Ozone","Lenoir",35.2318,-77.5669
"5068",2024-06-04,42,"Lenoir Co. Comm. Coll.","Ozone","Lenoir",35.2318,-77.5669
"5069",2024-06-05,31,"Lenoir Co. Comm. Coll.","Ozone","Lenoir",35.2318,-77.5669
"5070",2024-06-06,41,"Lenoir Co. Comm. Coll.","Ozone","Lenoir",35.2318,-77.5669
"5071",2024-06-07,71,"Lenoir Co. Comm. Coll.","Ozone","Lenoir",35.2318,-77.5669
"5072",2024-06-08,71,"Lenoir Co. Comm. Coll.","Ozone","Lenoir",35.2318,-77.5669
"5073",2024-06-09,54,"Lenoir Co. Comm. Coll.","Ozone","Lenoir",35.2318,-77.5669
"5074",2024-06-10,44,"Lenoir Co. Comm. Coll.","Ozone","Lenoir",35.2318,-77.5669
"5075",2024-06-11,58,"Lenoir Co. Comm. Coll.","Ozone","Lenoir",35.2318,-77.5669
"5076",2024-06-12,48,"Lenoir Co. Comm. Coll.","Ozone","Lenoir",35.2318,-77.5669
"5077",2024-06-13,46,"Lenoir Co. Comm. Coll.","Ozone","Lenoir",35.2318,-77.5669
"5078",2024-06-14,64,"Lenoir Co. Comm. Coll.","Ozone","Lenoir",35.2318,-77.5669
"5079",2024-06-15,77,"Lenoir Co. Comm. Coll.","Ozone","Lenoir",35.2318,-77.5669
"5080",2024-06-16,49,"Lenoir Co. Comm. Coll.","Ozone","Lenoir",35.2318,-77.5669
"5081",2024-06-17,46,"Lenoir Co. Comm. Coll.","Ozone","Lenoir",35.2318,-77.5669
"5082",2024-06-18,40,"Lenoir Co. Comm. Coll.","Ozone","Lenoir",35.2318,-77.5669
"5083",2024-06-19,42,"Lenoir Co. Comm. Coll.","Ozone","Lenoir",35.2318,-77.5669
"5084",2024-06-20,36,"Lenoir Co. Comm. Coll.","Ozone","Lenoir",35.2318,-77.5669
"5085",2024-06-21,30,"Lenoir Co. Comm. Coll.","Ozone","Lenoir",35.2318,-77.5669
"5086",2024-06-22,24,"Lenoir Co. Comm. Coll.","Ozone","Lenoir",35.2318,-77.5669
"5087",2024-06-23,26,"Lenoir Co. Comm. Coll.","Ozone","Lenoir",35.2318,-77.5669
"5088",2024-06-24,33,"Lenoir Co. Comm. Coll.","Ozone","Lenoir",35.2318,-77.5669
"5089",2024-06-25,47,"Lenoir Co. Comm. Coll.","Ozone","Lenoir",35.2318,-77.5669
"5090",2024-06-26,37,"Lenoir Co. Comm. Coll.","Ozone","Lenoir",35.2318,-77.5669
"5091",2024-06-27,41,"Lenoir Co. Comm. Coll.","Ozone","Lenoir",35.2318,-77.5669
"5092",2024-06-28,48,"Lenoir Co. Comm. Coll.","Ozone","Lenoir",35.2318,-77.5669
"5093",2024-06-29,31,"Lenoir Co. Comm. Coll.","Ozone","Lenoir",35.2318,-77.5669
"5094",2024-06-30,29,"Lenoir Co. Comm. Coll.","Ozone","Lenoir",35.2318,-77.5669
"5095",2024-07-01,34,"Lenoir Co. Comm. Coll.","Ozone","Lenoir",35.2318,-77.5669
"5096",2024-07-02,43,"Lenoir Co. Comm. Coll.","Ozone","Lenoir",35.2318,-77.5669
"5097",2024-07-03,44,"Lenoir Co. Comm. Coll.","Ozone","Lenoir",35.2318,-77.5669
"5098",2024-07-04,40,"Lenoir Co. Comm. Coll.","Ozone","Lenoir",35.2318,-77.5669
"5099",2024-07-05,36,"Lenoir Co. Comm. Coll.","Ozone","Lenoir",35.2318,-77.5669
"5100",2024-07-06,32,"Lenoir Co. Comm. Coll.","Ozone","Lenoir",35.2318,-77.5669
"5101",2024-07-07,31,"Lenoir Co. Comm. Coll.","Ozone","Lenoir",35.2318,-77.5669
"5102",2024-07-08,28,"Lenoir Co. Comm. Coll.","Ozone","Lenoir",35.2318,-77.5669
"5103",2024-07-09,27,"Lenoir Co. Comm. Coll.","Ozone","Lenoir",35.2318,-77.5669
"5104",2024-07-10,28,"Lenoir Co. Comm. Coll.","Ozone","Lenoir",35.2318,-77.5669
"5105",2024-07-11,18,"Lenoir Co. Comm. Coll.","Ozone","Lenoir",35.2318,-77.5669
"5106",2024-07-12,23,"Lenoir Co. Comm. Coll.","Ozone","Lenoir",35.2318,-77.5669
"5107",2024-07-13,31,"Lenoir Co. Comm. Coll.","Ozone","Lenoir",35.2318,-77.5669
"5108",2024-07-14,44,"Lenoir Co. Comm. Coll.","Ozone","Lenoir",35.2318,-77.5669
"5109",2024-07-15,42,"Lenoir Co. Comm. Coll.","Ozone","Lenoir",35.2318,-77.5669
"5110",2024-07-16,40,"Lenoir Co. Comm. Coll.","Ozone","Lenoir",35.2318,-77.5669
"5111",2024-07-17,33,"Lenoir Co. Comm. Coll.","Ozone","Lenoir",35.2318,-77.5669
"5112",2024-07-18,33,"Lenoir Co. Comm. Coll.","Ozone","Lenoir",35.2318,-77.5669
"5113",2024-07-19,36,"Lenoir Co. Comm. Coll.","Ozone","Lenoir",35.2318,-77.5669
"5114",2024-07-20,30,"Lenoir Co. Comm. Coll.","Ozone","Lenoir",35.2318,-77.5669
"5115",2024-07-21,26,"Lenoir Co. Comm. Coll.","Ozone","Lenoir",35.2318,-77.5669
"5116",2024-07-22,20,"Lenoir Co. Comm. Coll.","Ozone","Lenoir",35.2318,-77.5669
"5117",2024-07-23,24,"Lenoir Co. Comm. Coll.","Ozone","Lenoir",35.2318,-77.5669
"5118",2024-07-24,22,"Lenoir Co. Comm. Coll.","Ozone","Lenoir",35.2318,-77.5669
"5119",2024-07-25,21,"Lenoir Co. Comm. Coll.","Ozone","Lenoir",35.2318,-77.5669
"5120",2024-07-26,19,"Lenoir Co. Comm. Coll.","Ozone","Lenoir",35.2318,-77.5669
"5121",2024-07-27,38,"Lenoir Co. Comm. Coll.","Ozone","Lenoir",35.2318,-77.5669
"5122",2024-07-28,44,"Lenoir Co. Comm. Coll.","Ozone","Lenoir",35.2318,-77.5669
"5123",2024-07-29,38,"Lenoir Co. Comm. Coll.","Ozone","Lenoir",35.2318,-77.5669
"5124",2024-07-30,37,"Lenoir Co. Comm. Coll.","Ozone","Lenoir",35.2318,-77.5669
"5125",2024-07-31,42,"Lenoir Co. Comm. Coll.","Ozone","Lenoir",35.2318,-77.5669
"5126",2024-08-01,43,"Lenoir Co. Comm. Coll.","Ozone","Lenoir",35.2318,-77.5669
"5127",2024-08-02,30,"Lenoir Co. Comm. Coll.","Ozone","Lenoir",35.2318,-77.5669
"5128",2024-08-03,24,"Lenoir Co. Comm. Coll.","Ozone","Lenoir",35.2318,-77.5669
"5129",2024-08-04,23,"Lenoir Co. Comm. Coll.","Ozone","Lenoir",35.2318,-77.5669
"5130",2024-08-05,17,"Lenoir Co. Comm. Coll.","Ozone","Lenoir",35.2318,-77.5669
"5131",2024-08-06,16,"Lenoir Co. Comm. Coll.","Ozone","Lenoir",35.2318,-77.5669
"5132",2024-08-07,27,"Lenoir Co. Comm. Coll.","Ozone","Lenoir",35.2318,-77.5669
"5133",2024-08-08,34,"Lenoir Co. Comm. Coll.","Ozone","Lenoir",35.2318,-77.5669
"5134",2024-08-09,30,"Lenoir Co. Comm. Coll.","Ozone","Lenoir",35.2318,-77.5669
"5135",2024-08-10,30,"Lenoir Co. Comm. Coll.","Ozone","Lenoir",35.2318,-77.5669
"5136",2024-08-11,26,"Lenoir Co. Comm. Coll.","Ozone","Lenoir",35.2318,-77.5669
"5137",2024-08-12,28,"Lenoir Co. Comm. Coll.","Ozone","Lenoir",35.2318,-77.5669
"5138",2024-08-13,36,"Lenoir Co. Comm. Coll.","Ozone","Lenoir",35.2318,-77.5669
"5139",2024-08-14,40,"Lenoir Co. Comm. Coll.","Ozone","Lenoir",35.2318,-77.5669
"5140",2024-08-15,46,"Lenoir Co. Comm. Coll.","Ozone","Lenoir",35.2318,-77.5669
"5141",2024-08-16,49,"Lenoir Co. Comm. Coll.","Ozone","Lenoir",35.2318,-77.5669
"5142",2024-08-17,39,"Lenoir Co. Comm. Coll.","Ozone","Lenoir",35.2318,-77.5669
"5143",2024-08-18,41,"Lenoir Co. Comm. Coll.","Ozone","Lenoir",35.2318,-77.5669
"5144",2024-08-19,39,"Lenoir Co. Comm. Coll.","Ozone","Lenoir",35.2318,-77.5669
"5145",2024-08-20,31,"Lenoir Co. Comm. Coll.","Ozone","Lenoir",35.2318,-77.5669
"5146",2024-08-21,39,"Lenoir Co. Comm. Coll.","Ozone","Lenoir",35.2318,-77.5669
"5147",2024-08-22,39,"Lenoir Co. Comm. Coll.","Ozone","Lenoir",35.2318,-77.5669
"5148",2024-08-23,41,"Lenoir Co. Comm. Coll.","Ozone","Lenoir",35.2318,-77.5669
"5149",2024-08-24,34,"Lenoir Co. Comm. Coll.","Ozone","Lenoir",35.2318,-77.5669
"5150",2024-08-25,31,"Lenoir Co. Comm. Coll.","Ozone","Lenoir",35.2318,-77.5669
"5151",2024-08-26,36,"Lenoir Co. Comm. Coll.","Ozone","Lenoir",35.2318,-77.5669
"5152",2024-08-27,37,"Lenoir Co. Comm. Coll.","Ozone","Lenoir",35.2318,-77.5669
"5153",2024-08-28,45,"Lenoir Co. Comm. Coll.","Ozone","Lenoir",35.2318,-77.5669
"5154",2024-08-29,39,"Lenoir Co. Comm. Coll.","Ozone","Lenoir",35.2318,-77.5669
"5155",2024-08-30,31,"Lenoir Co. Comm. Coll.","Ozone","Lenoir",35.2318,-77.5669
"5156",2024-08-31,37,"Lenoir Co. Comm. Coll.","Ozone","Lenoir",35.2318,-77.5669
"5157",2024-09-01,32,"Lenoir Co. Comm. Coll.","Ozone","Lenoir",35.2318,-77.5669
"5158",2024-09-02,30,"Lenoir Co. Comm. Coll.","Ozone","Lenoir",35.2318,-77.5669
"5159",2024-09-03,33,"Lenoir Co. Comm. Coll.","Ozone","Lenoir",35.2318,-77.5669
"5160",2024-09-04,31,"Lenoir Co. Comm. Coll.","Ozone","Lenoir",35.2318,-77.5669
"5161",2024-09-05,32,"Lenoir Co. Comm. Coll.","Ozone","Lenoir",35.2318,-77.5669
"5162",2024-09-06,31,"Lenoir Co. Comm. Coll.","Ozone","Lenoir",35.2318,-77.5669
"5163",2024-09-07,25,"Lenoir Co. Comm. Coll.","Ozone","Lenoir",35.2318,-77.5669
"5164",2024-09-08,26,"Lenoir Co. Comm. Coll.","Ozone","Lenoir",35.2318,-77.5669
"5165",2024-09-09,35,"Lenoir Co. Comm. Coll.","Ozone","Lenoir",35.2318,-77.5669
"5166",2024-09-10,38,"Lenoir Co. Comm. Coll.","Ozone","Lenoir",35.2318,-77.5669
"5167",2024-09-11,39,"Lenoir Co. Comm. Coll.","Ozone","Lenoir",35.2318,-77.5669
"5168",2024-09-12,39,"Lenoir Co. Comm. Coll.","Ozone","Lenoir",35.2318,-77.5669
"5169",2024-09-13,25,"Lenoir Co. Comm. Coll.","Ozone","Lenoir",35.2318,-77.5669
"5170",2024-09-14,27,"Lenoir Co. Comm. Coll.","Ozone","Lenoir",35.2318,-77.5669
"5171",2024-09-15,29,"Lenoir Co. Comm. Coll.","Ozone","Lenoir",35.2318,-77.5669
"5172",2024-09-16,29,"Lenoir Co. Comm. Coll.","Ozone","Lenoir",35.2318,-77.5669
"5173",2024-09-17,23,"Lenoir Co. Comm. Coll.","Ozone","Lenoir",35.2318,-77.5669
"5174",2024-09-18,36,"Lenoir Co. Comm. Coll.","Ozone","Lenoir",35.2318,-77.5669
"5175",2024-09-19,24,"Lenoir Co. Comm. Coll.","Ozone","Lenoir",35.2318,-77.5669
"5176",2024-09-20,44,"Lenoir Co. Comm. Coll.","Ozone","Lenoir",35.2318,-77.5669
"5177",2024-09-21,37,"Lenoir Co. Comm. Coll.","Ozone","Lenoir",35.2318,-77.5669
"5178",2024-09-22,36,"Lenoir Co. Comm. Coll.","Ozone","Lenoir",35.2318,-77.5669
"5179",2024-09-23,34,"Lenoir Co. Comm. Coll.","Ozone","Lenoir",35.2318,-77.5669
"5180",2024-09-24,26,"Lenoir Co. Comm. Coll.","Ozone","Lenoir",35.2318,-77.5669
"5181",2024-09-25,31,"Lenoir Co. Comm. Coll.","Ozone","Lenoir",35.2318,-77.5669
"5182",2024-09-26,22,"Lenoir Co. Comm. Coll.","Ozone","Lenoir",35.2318,-77.5669
"5183",2024-09-27,23,"Lenoir Co. Comm. Coll.","Ozone","Lenoir",35.2318,-77.5669
"5184",2024-09-28,37,"Lenoir Co. Comm. Coll.","Ozone","Lenoir",35.2318,-77.5669
"5185",2024-09-29,31,"Lenoir Co. Comm. Coll.","Ozone","Lenoir",35.2318,-77.5669
"5186",2024-09-30,30,"Lenoir Co. Comm. Coll.","Ozone","Lenoir",35.2318,-77.5669
"5187",2024-10-01,28,"Lenoir Co. Comm. Coll.","Ozone","Lenoir",35.2318,-77.5669
"5188",2024-10-02,24,"Lenoir Co. Comm. Coll.","Ozone","Lenoir",35.2318,-77.5669
"5189",2024-10-03,29,"Lenoir Co. Comm. Coll.","Ozone","Lenoir",35.2318,-77.5669
"5190",2024-10-04,32,"Lenoir Co. Comm. Coll.","Ozone","Lenoir",35.2318,-77.5669
"5191",2024-10-05,33,"Lenoir Co. Comm. Coll.","Ozone","Lenoir",35.2318,-77.5669
"5192",2024-10-06,44,"Lenoir Co. Comm. Coll.","Ozone","Lenoir",35.2318,-77.5669
"5193",2024-10-07,44,"Lenoir Co. Comm. Coll.","Ozone","Lenoir",35.2318,-77.5669
"5194",2024-10-08,34,"Lenoir Co. Comm. Coll.","Ozone","Lenoir",35.2318,-77.5669
"5195",2024-10-09,37,"Lenoir Co. Comm. Coll.","Ozone","Lenoir",35.2318,-77.5669
"5196",2024-10-10,33,"Lenoir Co. Comm. Coll.","Ozone","Lenoir",35.2318,-77.5669
"5197",2024-10-11,28,"Lenoir Co. Comm. Coll.","Ozone","Lenoir",35.2318,-77.5669
"5198",2024-10-12,40,"Lenoir Co. Comm. Coll.","Ozone","Lenoir",35.2318,-77.5669
"5199",2024-10-13,44,"Lenoir Co. Comm. Coll.","Ozone","Lenoir",35.2318,-77.5669
"5200",2024-10-14,46,"Lenoir Co. Comm. Coll.","Ozone","Lenoir",35.2318,-77.5669
"5201",2024-10-15,32,"Lenoir Co. Comm. Coll.","Ozone","Lenoir",35.2318,-77.5669
"5202",2024-10-16,26,"Lenoir Co. Comm. Coll.","Ozone","Lenoir",35.2318,-77.5669
"5203",2024-10-17,32,"Lenoir Co. Comm. Coll.","Ozone","Lenoir",35.2318,-77.5669
"5204",2024-10-18,34,"Lenoir Co. Comm. Coll.","Ozone","Lenoir",35.2318,-77.5669
"5205",2024-10-19,34,"Lenoir Co. Comm. Coll.","Ozone","Lenoir",35.2318,-77.5669
"5206",2024-10-20,33,"Lenoir Co. Comm. Coll.","Ozone","Lenoir",35.2318,-77.5669
"5207",2024-10-21,43,"Lenoir Co. Comm. Coll.","Ozone","Lenoir",35.2318,-77.5669
"5208",2024-10-22,43,"Lenoir Co. Comm. Coll.","Ozone","Lenoir",35.2318,-77.5669
"5209",2024-10-23,38,"Lenoir Co. Comm. Coll.","Ozone","Lenoir",35.2318,-77.5669
"5210",2024-10-24,44,"Lenoir Co. Comm. Coll.","Ozone","Lenoir",35.2318,-77.5669
"5211",2024-10-25,40,"Lenoir Co. Comm. Coll.","Ozone","Lenoir",35.2318,-77.5669
"5212",2024-10-26,43,"Lenoir Co. Comm. Coll.","Ozone","Lenoir",35.2318,-77.5669
"5213",2024-10-27,27,"Lenoir Co. Comm. Coll.","Ozone","Lenoir",35.2318,-77.5669
"5214",2024-10-28,36,"Lenoir Co. Comm. Coll.","Ozone","Lenoir",35.2318,-77.5669
"5215",2024-10-29,33,"Lenoir Co. Comm. Coll.","Ozone","Lenoir",35.2318,-77.5669
"5216",2024-10-30,35,"Lenoir Co. Comm. Coll.","Ozone","Lenoir",35.2318,-77.5669
"5217",2024-10-31,35,"Lenoir Co. Comm. Coll.","Ozone","Lenoir",35.2318,-77.5669
"5218",2024-11-01,34,"Lenoir Co. Comm. Coll.","Ozone","Lenoir",35.2318,-77.5669
"5219",2024-11-02,30,"Lenoir Co. Comm. Coll.","Ozone","Lenoir",35.2318,-77.5669
"5220",2024-11-03,35,"Lenoir Co. Comm. Coll.","Ozone","Lenoir",35.2318,-77.5669
"5221",2024-03-01,24,"Crouse","Ozone","Lincoln",35.438556,-81.27675
"5222",2024-03-02,31,"Crouse","Ozone","Lincoln",35.438556,-81.27675
"5223",2024-03-03,24,"Crouse","Ozone","Lincoln",35.438556,-81.27675
"5224",2024-03-04,37,"Crouse","Ozone","Lincoln",35.438556,-81.27675
"5225",2024-03-05,41,"Crouse","Ozone","Lincoln",35.438556,-81.27675
"5226",2024-03-06,29,"Crouse","Ozone","Lincoln",35.438556,-81.27675
"5227",2024-03-07,38,"Crouse","Ozone","Lincoln",35.438556,-81.27675
"5228",2024-03-08,24,"Crouse","Ozone","Lincoln",35.438556,-81.27675
"5229",2024-03-09,24,"Crouse","Ozone","Lincoln",35.438556,-81.27675
"5230",2024-03-10,40,"Crouse","Ozone","Lincoln",35.438556,-81.27675
"5231",2024-03-11,44,"Crouse","Ozone","Lincoln",35.438556,-81.27675
"5232",2024-03-12,43,"Crouse","Ozone","Lincoln",35.438556,-81.27675
"5233",2024-03-13,61,"Crouse","Ozone","Lincoln",35.438556,-81.27675
"5234",2024-03-14,74,"Crouse","Ozone","Lincoln",35.438556,-81.27675
"5235",2024-03-15,36,"Crouse","Ozone","Lincoln",35.438556,-81.27675
"5236",2024-03-16,40,"Crouse","Ozone","Lincoln",35.438556,-81.27675
"5237",2024-03-17,40,"Crouse","Ozone","Lincoln",35.438556,-81.27675
"5238",2024-03-18,41,"Crouse","Ozone","Lincoln",35.438556,-81.27675
"5239",2024-03-20,46,"Crouse","Ozone","Lincoln",35.438556,-81.27675
"5240",2024-03-21,49,"Crouse","Ozone","Lincoln",35.438556,-81.27675
"5241",2024-03-22,31,"Crouse","Ozone","Lincoln",35.438556,-81.27675
"5242",2024-03-23,40,"Crouse","Ozone","Lincoln",35.438556,-81.27675
"5243",2024-03-24,44,"Crouse","Ozone","Lincoln",35.438556,-81.27675
"5244",2024-03-25,44,"Crouse","Ozone","Lincoln",35.438556,-81.27675
"5245",2024-03-27,24,"Crouse","Ozone","Lincoln",35.438556,-81.27675
"5246",2024-03-28,44,"Crouse","Ozone","Lincoln",35.438556,-81.27675
"5247",2024-03-29,48,"Crouse","Ozone","Lincoln",35.438556,-81.27675
"5248",2024-03-30,61,"Crouse","Ozone","Lincoln",35.438556,-81.27675
"5249",2024-03-31,48,"Crouse","Ozone","Lincoln",35.438556,-81.27675
"5250",2024-04-01,44,"Crouse","Ozone","Lincoln",35.438556,-81.27675
"5251",2024-04-02,44,"Crouse","Ozone","Lincoln",35.438556,-81.27675
"5252",2024-04-03,44,"Crouse","Ozone","Lincoln",35.438556,-81.27675
"5253",2024-04-04,40,"Crouse","Ozone","Lincoln",35.438556,-81.27675
"5254",2024-04-05,34,"Crouse","Ozone","Lincoln",35.438556,-81.27675
"5255",2024-04-06,42,"Crouse","Ozone","Lincoln",35.438556,-81.27675
"5256",2024-04-07,44,"Crouse","Ozone","Lincoln",35.438556,-81.27675
"5257",2024-04-08,44,"Crouse","Ozone","Lincoln",35.438556,-81.27675
"5258",2024-04-09,34,"Crouse","Ozone","Lincoln",35.438556,-81.27675
"5259",2024-04-10,32,"Crouse","Ozone","Lincoln",35.438556,-81.27675
"5260",2024-04-11,35,"Crouse","Ozone","Lincoln",35.438556,-81.27675
"5261",2024-04-12,44,"Crouse","Ozone","Lincoln",35.438556,-81.27675
"5262",2024-04-13,48,"Crouse","Ozone","Lincoln",35.438556,-81.27675
"5263",2024-04-14,54,"Crouse","Ozone","Lincoln",35.438556,-81.27675
"5264",2024-04-15,51,"Crouse","Ozone","Lincoln",35.438556,-81.27675
"5265",2024-04-16,51,"Crouse","Ozone","Lincoln",35.438556,-81.27675
"5266",2024-04-17,51,"Crouse","Ozone","Lincoln",35.438556,-81.27675
"5267",2024-04-18,44,"Crouse","Ozone","Lincoln",35.438556,-81.27675
"5268",2024-04-19,46,"Crouse","Ozone","Lincoln",35.438556,-81.27675
"5269",2024-04-20,38,"Crouse","Ozone","Lincoln",35.438556,-81.27675
"5270",2024-04-21,30,"Crouse","Ozone","Lincoln",35.438556,-81.27675
"5271",2024-04-22,40,"Crouse","Ozone","Lincoln",35.438556,-81.27675
"5272",2024-04-23,45,"Crouse","Ozone","Lincoln",35.438556,-81.27675
"5273",2024-04-24,40,"Crouse","Ozone","Lincoln",35.438556,-81.27675
"5274",2024-04-25,50,"Crouse","Ozone","Lincoln",35.438556,-81.27675
"5275",2024-04-26,33,"Crouse","Ozone","Lincoln",35.438556,-81.27675
"5276",2024-04-27,42,"Crouse","Ozone","Lincoln",35.438556,-81.27675
"5277",2024-04-28,40,"Crouse","Ozone","Lincoln",35.438556,-81.27675
"5278",2024-04-29,44,"Crouse","Ozone","Lincoln",35.438556,-81.27675
"5279",2024-04-30,37,"Crouse","Ozone","Lincoln",35.438556,-81.27675
"5280",2024-05-01,45,"Crouse","Ozone","Lincoln",35.438556,-81.27675
"5281",2024-05-02,77,"Crouse","Ozone","Lincoln",35.438556,-81.27675
"5282",2024-05-03,37,"Crouse","Ozone","Lincoln",35.438556,-81.27675
"5283",2024-05-04,27,"Crouse","Ozone","Lincoln",35.438556,-81.27675
"5284",2024-05-05,25,"Crouse","Ozone","Lincoln",35.438556,-81.27675
"5285",2024-05-06,32,"Crouse","Ozone","Lincoln",35.438556,-81.27675
"5286",2024-05-07,32,"Crouse","Ozone","Lincoln",35.438556,-81.27675
"5287",2024-05-08,27,"Crouse","Ozone","Lincoln",35.438556,-81.27675
"5288",2024-05-09,37,"Crouse","Ozone","Lincoln",35.438556,-81.27675
"5289",2024-05-10,43,"Crouse","Ozone","Lincoln",35.438556,-81.27675
"5290",2024-05-11,40,"Crouse","Ozone","Lincoln",35.438556,-81.27675
"5291",2024-05-12,44,"Crouse","Ozone","Lincoln",35.438556,-81.27675
"5292",2024-05-13,38,"Crouse","Ozone","Lincoln",35.438556,-81.27675
"5293",2024-05-14,20,"Crouse","Ozone","Lincoln",35.438556,-81.27675
"5294",2024-05-15,31,"Crouse","Ozone","Lincoln",35.438556,-81.27675
"5295",2024-05-16,37,"Crouse","Ozone","Lincoln",35.438556,-81.27675
"5296",2024-05-17,34,"Crouse","Ozone","Lincoln",35.438556,-81.27675
"5297",2024-05-18,31,"Crouse","Ozone","Lincoln",35.438556,-81.27675
"5298",2024-05-19,31,"Crouse","Ozone","Lincoln",35.438556,-81.27675
"5299",2024-05-20,42,"Crouse","Ozone","Lincoln",35.438556,-81.27675
"5300",2024-05-21,45,"Crouse","Ozone","Lincoln",35.438556,-81.27675
"5301",2024-05-22,40,"Crouse","Ozone","Lincoln",35.438556,-81.27675
"5302",2024-05-23,45,"Crouse","Ozone","Lincoln",35.438556,-81.27675
"5303",2024-05-24,42,"Crouse","Ozone","Lincoln",35.438556,-81.27675
"5304",2024-05-25,38,"Crouse","Ozone","Lincoln",35.438556,-81.27675
"5305",2024-05-26,38,"Crouse","Ozone","Lincoln",35.438556,-81.27675
"5306",2024-05-27,44,"Crouse","Ozone","Lincoln",35.438556,-81.27675
"5307",2024-05-28,41,"Crouse","Ozone","Lincoln",35.438556,-81.27675
"5308",2024-05-29,46,"Crouse","Ozone","Lincoln",35.438556,-81.27675
"5309",2024-05-30,42,"Crouse","Ozone","Lincoln",35.438556,-81.27675
"5310",2024-05-31,47,"Crouse","Ozone","Lincoln",35.438556,-81.27675
"5311",2024-06-01,54,"Crouse","Ozone","Lincoln",35.438556,-81.27675
"5312",2024-06-02,35,"Crouse","Ozone","Lincoln",35.438556,-81.27675
"5313",2024-06-03,34,"Crouse","Ozone","Lincoln",35.438556,-81.27675
"5314",2024-06-04,35,"Crouse","Ozone","Lincoln",35.438556,-81.27675
"5315",2024-06-05,28,"Crouse","Ozone","Lincoln",35.438556,-81.27675
"5316",2024-06-06,38,"Crouse","Ozone","Lincoln",35.438556,-81.27675
"5317",2024-06-07,47,"Crouse","Ozone","Lincoln",35.438556,-81.27675
"5318",2024-06-08,54,"Crouse","Ozone","Lincoln",35.438556,-81.27675
"5319",2024-06-09,36,"Crouse","Ozone","Lincoln",35.438556,-81.27675
"5320",2024-06-10,47,"Crouse","Ozone","Lincoln",35.438556,-81.27675
"5321",2024-06-11,47,"Crouse","Ozone","Lincoln",35.438556,-81.27675
"5322",2024-06-12,61,"Crouse","Ozone","Lincoln",35.438556,-81.27675
"5323",2024-06-13,80,"Crouse","Ozone","Lincoln",35.438556,-81.27675
"5324",2024-06-14,48,"Crouse","Ozone","Lincoln",35.438556,-81.27675
"5325",2024-06-15,61,"Crouse","Ozone","Lincoln",35.438556,-81.27675
"5326",2024-06-16,40,"Crouse","Ozone","Lincoln",35.438556,-81.27675
"5327",2024-06-17,42,"Crouse","Ozone","Lincoln",35.438556,-81.27675
"5328",2024-06-18,44,"Crouse","Ozone","Lincoln",35.438556,-81.27675
"5329",2024-06-19,44,"Crouse","Ozone","Lincoln",35.438556,-81.27675
"5330",2024-06-20,42,"Crouse","Ozone","Lincoln",35.438556,-81.27675
"5331",2024-06-21,46,"Crouse","Ozone","Lincoln",35.438556,-81.27675
"5332",2024-06-22,27,"Crouse","Ozone","Lincoln",35.438556,-81.27675
"5333",2024-06-23,34,"Crouse","Ozone","Lincoln",35.438556,-81.27675
"5334",2024-06-24,51,"Crouse","Ozone","Lincoln",35.438556,-81.27675
"5335",2024-06-25,64,"Crouse","Ozone","Lincoln",35.438556,-81.27675
"5336",2024-06-26,74,"Crouse","Ozone","Lincoln",35.438556,-81.27675
"5337",2024-06-27,43,"Crouse","Ozone","Lincoln",35.438556,-81.27675
"5338",2024-06-28,54,"Crouse","Ozone","Lincoln",35.438556,-81.27675
"5339",2024-06-29,32,"Crouse","Ozone","Lincoln",35.438556,-81.27675
"5340",2024-06-30,34,"Crouse","Ozone","Lincoln",35.438556,-81.27675
"5341",2024-07-01,47,"Crouse","Ozone","Lincoln",35.438556,-81.27675
"5342",2024-07-02,54,"Crouse","Ozone","Lincoln",35.438556,-81.27675
"5343",2024-07-03,49,"Crouse","Ozone","Lincoln",35.438556,-81.27675
"5344",2024-07-04,38,"Crouse","Ozone","Lincoln",35.438556,-81.27675
"5345",2024-07-05,35,"Crouse","Ozone","Lincoln",35.438556,-81.27675
"5346",2024-07-06,41,"Crouse","Ozone","Lincoln",35.438556,-81.27675
"5347",2024-07-07,31,"Crouse","Ozone","Lincoln",35.438556,-81.27675
"5348",2024-07-08,41,"Crouse","Ozone","Lincoln",35.438556,-81.27675
"5349",2024-07-09,39,"Crouse","Ozone","Lincoln",35.438556,-81.27675
"5350",2024-07-10,40,"Crouse","Ozone","Lincoln",35.438556,-81.27675
"5351",2024-07-11,50,"Crouse","Ozone","Lincoln",35.438556,-81.27675
"5352",2024-07-12,40,"Crouse","Ozone","Lincoln",35.438556,-81.27675
"5353",2024-07-13,44,"Crouse","Ozone","Lincoln",35.438556,-81.27675
"5354",2024-07-14,49,"Crouse","Ozone","Lincoln",35.438556,-81.27675
"5355",2024-07-15,46,"Crouse","Ozone","Lincoln",35.438556,-81.27675
"5356",2024-07-16,42,"Crouse","Ozone","Lincoln",35.438556,-81.27675
"5357",2024-07-17,37,"Crouse","Ozone","Lincoln",35.438556,-81.27675
"5358",2024-07-18,39,"Crouse","Ozone","Lincoln",35.438556,-81.27675
"5359",2024-07-19,31,"Crouse","Ozone","Lincoln",35.438556,-81.27675
"5360",2024-07-20,36,"Crouse","Ozone","Lincoln",35.438556,-81.27675
"5361",2024-07-21,23,"Crouse","Ozone","Lincoln",35.438556,-81.27675
"5362",2024-07-22,31,"Crouse","Ozone","Lincoln",35.438556,-81.27675
"5363",2024-07-23,34,"Crouse","Ozone","Lincoln",35.438556,-81.27675
"5364",2024-07-24,33,"Crouse","Ozone","Lincoln",35.438556,-81.27675
"5365",2024-07-25,24,"Crouse","Ozone","Lincoln",35.438556,-81.27675
"5366",2024-07-26,37,"Crouse","Ozone","Lincoln",35.438556,-81.27675
"5367",2024-07-27,38,"Crouse","Ozone","Lincoln",35.438556,-81.27675
"5368",2024-07-28,37,"Crouse","Ozone","Lincoln",35.438556,-81.27675
"5369",2024-07-29,28,"Crouse","Ozone","Lincoln",35.438556,-81.27675
"5370",2024-07-30,35,"Crouse","Ozone","Lincoln",35.438556,-81.27675
"5371",2024-07-31,37,"Crouse","Ozone","Lincoln",35.438556,-81.27675
"5372",2024-08-01,37,"Crouse","Ozone","Lincoln",35.438556,-81.27675
"5373",2024-08-02,32,"Crouse","Ozone","Lincoln",35.438556,-81.27675
"5374",2024-08-03,33,"Crouse","Ozone","Lincoln",35.438556,-81.27675
"5375",2024-08-04,41,"Crouse","Ozone","Lincoln",35.438556,-81.27675
"5376",2024-08-05,33,"Crouse","Ozone","Lincoln",35.438556,-81.27675
"5377",2024-08-06,20,"Crouse","Ozone","Lincoln",35.438556,-81.27675
"5378",2024-08-07,24,"Crouse","Ozone","Lincoln",35.438556,-81.27675
"5379",2024-08-08,30,"Crouse","Ozone","Lincoln",35.438556,-81.27675
"5380",2024-08-09,33,"Crouse","Ozone","Lincoln",35.438556,-81.27675
"5381",2024-08-10,37,"Crouse","Ozone","Lincoln",35.438556,-81.27675
"5382",2024-08-11,43,"Crouse","Ozone","Lincoln",35.438556,-81.27675
"5383",2024-08-12,41,"Crouse","Ozone","Lincoln",35.438556,-81.27675
"5384",2024-08-13,30,"Crouse","Ozone","Lincoln",35.438556,-81.27675
"5385",2024-08-14,45,"Crouse","Ozone","Lincoln",35.438556,-81.27675
"5386",2024-08-15,46,"Crouse","Ozone","Lincoln",35.438556,-81.27675
"5387",2024-08-16,44,"Crouse","Ozone","Lincoln",35.438556,-81.27675
"5388",2024-08-17,32,"Crouse","Ozone","Lincoln",35.438556,-81.27675
"5389",2024-08-18,37,"Crouse","Ozone","Lincoln",35.438556,-81.27675
"5390",2024-08-19,30,"Crouse","Ozone","Lincoln",35.438556,-81.27675
"5391",2024-08-20,37,"Crouse","Ozone","Lincoln",35.438556,-81.27675
"5392",2024-08-21,39,"Crouse","Ozone","Lincoln",35.438556,-81.27675
"5393",2024-08-22,45,"Crouse","Ozone","Lincoln",35.438556,-81.27675
"5394",2024-08-23,46,"Crouse","Ozone","Lincoln",35.438556,-81.27675
"5395",2024-08-24,46,"Crouse","Ozone","Lincoln",35.438556,-81.27675
"5396",2024-08-25,50,"Crouse","Ozone","Lincoln",35.438556,-81.27675
"5397",2024-08-26,64,"Crouse","Ozone","Lincoln",35.438556,-81.27675
"5398",2024-08-27,64,"Crouse","Ozone","Lincoln",35.438556,-81.27675
"5399",2024-08-28,46,"Crouse","Ozone","Lincoln",35.438556,-81.27675
"5400",2024-08-29,49,"Crouse","Ozone","Lincoln",35.438556,-81.27675
"5401",2024-08-30,41,"Crouse","Ozone","Lincoln",35.438556,-81.27675
"5402",2024-08-31,40,"Crouse","Ozone","Lincoln",35.438556,-81.27675
"5403",2024-09-01,33,"Crouse","Ozone","Lincoln",35.438556,-81.27675
"5404",2024-09-02,36,"Crouse","Ozone","Lincoln",35.438556,-81.27675
"5405",2024-09-03,36,"Crouse","Ozone","Lincoln",35.438556,-81.27675
"5406",2024-09-04,38,"Crouse","Ozone","Lincoln",35.438556,-81.27675
"5407",2024-09-05,35,"Crouse","Ozone","Lincoln",35.438556,-81.27675
"5408",2024-09-06,44,"Crouse","Ozone","Lincoln",35.438556,-81.27675
"5409",2024-09-07,33,"Crouse","Ozone","Lincoln",35.438556,-81.27675
"5410",2024-09-08,35,"Crouse","Ozone","Lincoln",35.438556,-81.27675
"5411",2024-09-09,41,"Crouse","Ozone","Lincoln",35.438556,-81.27675
"5412",2024-09-10,46,"Crouse","Ozone","Lincoln",35.438556,-81.27675
"5413",2024-09-11,46,"Crouse","Ozone","Lincoln",35.438556,-81.27675
"5414",2024-09-12,44,"Crouse","Ozone","Lincoln",35.438556,-81.27675
"5415",2024-09-13,28,"Crouse","Ozone","Lincoln",35.438556,-81.27675
"5416",2024-09-14,31,"Crouse","Ozone","Lincoln",35.438556,-81.27675
"5417",2024-09-15,27,"Crouse","Ozone","Lincoln",35.438556,-81.27675
"5418",2024-09-16,25,"Crouse","Ozone","Lincoln",35.438556,-81.27675
"5419",2024-09-17,19,"Crouse","Ozone","Lincoln",35.438556,-81.27675
"5420",2024-09-18,22,"Crouse","Ozone","Lincoln",35.438556,-81.27675
"5421",2024-09-19,27,"Crouse","Ozone","Lincoln",35.438556,-81.27675
"5422",2024-09-20,38,"Crouse","Ozone","Lincoln",35.438556,-81.27675
"5423",2024-09-21,41,"Crouse","Ozone","Lincoln",35.438556,-81.27675
"5424",2024-09-22,43,"Crouse","Ozone","Lincoln",35.438556,-81.27675
"5425",2024-09-23,27,"Crouse","Ozone","Lincoln",35.438556,-81.27675
"5426",2024-09-24,26,"Crouse","Ozone","Lincoln",35.438556,-81.27675
"5427",2024-09-25,30,"Crouse","Ozone","Lincoln",35.438556,-81.27675
"5428",2024-09-26,25,"Crouse","Ozone","Lincoln",35.438556,-81.27675
"5429",2024-09-27,26,"Crouse","Ozone","Lincoln",35.438556,-81.27675
"5430",2024-09-28,32,"Crouse","Ozone","Lincoln",35.438556,-81.27675
"5431",2024-09-29,33,"Crouse","Ozone","Lincoln",35.438556,-81.27675
"5432",2024-09-30,35,"Crouse","Ozone","Lincoln",35.438556,-81.27675
"5433",2024-10-01,23,"Crouse","Ozone","Lincoln",35.438556,-81.27675
"5434",2024-10-02,34,"Crouse","Ozone","Lincoln",35.438556,-81.27675
"5435",2024-10-03,43,"Crouse","Ozone","Lincoln",35.438556,-81.27675
"5436",2024-10-04,33,"Crouse","Ozone","Lincoln",35.438556,-81.27675
"5437",2024-10-05,45,"Crouse","Ozone","Lincoln",35.438556,-81.27675
"5438",2024-10-06,41,"Crouse","Ozone","Lincoln",35.438556,-81.27675
"5439",2024-10-07,36,"Crouse","Ozone","Lincoln",35.438556,-81.27675
"5440",2024-10-08,40,"Crouse","Ozone","Lincoln",35.438556,-81.27675
"5441",2024-10-09,43,"Crouse","Ozone","Lincoln",35.438556,-81.27675
"5442",2024-10-10,38,"Crouse","Ozone","Lincoln",35.438556,-81.27675
"5443",2024-10-11,34,"Crouse","Ozone","Lincoln",35.438556,-81.27675
"5444",2024-10-12,42,"Crouse","Ozone","Lincoln",35.438556,-81.27675
"5445",2024-10-13,42,"Crouse","Ozone","Lincoln",35.438556,-81.27675
"5446",2024-10-14,41,"Crouse","Ozone","Lincoln",35.438556,-81.27675
"5447",2024-10-15,29,"Crouse","Ozone","Lincoln",35.438556,-81.27675
"5448",2024-10-16,28,"Crouse","Ozone","Lincoln",35.438556,-81.27675
"5449",2024-10-17,33,"Crouse","Ozone","Lincoln",35.438556,-81.27675
"5450",2024-10-18,36,"Crouse","Ozone","Lincoln",35.438556,-81.27675
"5451",2024-10-19,40,"Crouse","Ozone","Lincoln",35.438556,-81.27675
"5452",2024-10-20,41,"Crouse","Ozone","Lincoln",35.438556,-81.27675
"5453",2024-10-21,43,"Crouse","Ozone","Lincoln",35.438556,-81.27675
"5454",2024-10-22,42,"Crouse","Ozone","Lincoln",35.438556,-81.27675
"5455",2024-10-23,41,"Crouse","Ozone","Lincoln",35.438556,-81.27675
"5456",2024-10-24,44,"Crouse","Ozone","Lincoln",35.438556,-81.27675
"5457",2024-10-25,47,"Crouse","Ozone","Lincoln",35.438556,-81.27675
"5458",2024-10-26,39,"Crouse","Ozone","Lincoln",35.438556,-81.27675
"5459",2024-10-27,28,"Crouse","Ozone","Lincoln",35.438556,-81.27675
"5460",2024-10-28,30,"Crouse","Ozone","Lincoln",35.438556,-81.27675
"5461",2024-10-29,41,"Crouse","Ozone","Lincoln",35.438556,-81.27675
"5462",2024-10-30,32,"Crouse","Ozone","Lincoln",35.438556,-81.27675
"5463",2024-10-31,34,"Crouse","Ozone","Lincoln",35.438556,-81.27675
"5464",2024-01-01,30,"Coweeta","Ozone","Macon",35.0608,-83.4306
"5465",2024-01-02,24,"Coweeta","Ozone","Macon",35.0608,-83.4306
"5466",2024-01-05,31,"Coweeta","Ozone","Macon",35.0608,-83.4306
"5467",2024-01-06,32,"Coweeta","Ozone","Macon",35.0608,-83.4306
"5468",2024-01-07,31,"Coweeta","Ozone","Macon",35.0608,-83.4306
"5469",2024-01-08,31,"Coweeta","Ozone","Macon",35.0608,-83.4306
"5470",2024-01-09,36,"Coweeta","Ozone","Macon",35.0608,-83.4306
"5471",2024-01-10,31,"Coweeta","Ozone","Macon",35.0608,-83.4306
"5472",2024-01-11,29,"Coweeta","Ozone","Macon",35.0608,-83.4306
"5473",2024-01-12,37,"Coweeta","Ozone","Macon",35.0608,-83.4306
"5474",2024-01-13,32,"Coweeta","Ozone","Macon",35.0608,-83.4306
"5475",2024-01-14,37,"Coweeta","Ozone","Macon",35.0608,-83.4306
"5476",2024-01-15,32,"Coweeta","Ozone","Macon",35.0608,-83.4306
"5477",2024-01-16,36,"Coweeta","Ozone","Macon",35.0608,-83.4306
"5478",2024-01-17,34,"Coweeta","Ozone","Macon",35.0608,-83.4306
"5479",2024-01-18,34,"Coweeta","Ozone","Macon",35.0608,-83.4306
"5480",2024-01-19,36,"Coweeta","Ozone","Macon",35.0608,-83.4306
"5481",2024-01-20,35,"Coweeta","Ozone","Macon",35.0608,-83.4306
"5482",2024-01-21,32,"Coweeta","Ozone","Macon",35.0608,-83.4306
"5483",2024-01-22,35,"Coweeta","Ozone","Macon",35.0608,-83.4306
"5484",2024-01-23,19,"Coweeta","Ozone","Macon",35.0608,-83.4306
"5485",2024-01-24,31,"Coweeta","Ozone","Macon",35.0608,-83.4306
"5486",2024-01-25,25,"Coweeta","Ozone","Macon",35.0608,-83.4306
"5487",2024-01-26,26,"Coweeta","Ozone","Macon",35.0608,-83.4306
"5488",2024-01-27,31,"Coweeta","Ozone","Macon",35.0608,-83.4306
"5489",2024-01-28,25,"Coweeta","Ozone","Macon",35.0608,-83.4306
"5490",2024-01-29,32,"Coweeta","Ozone","Macon",35.0608,-83.4306
"5491",2024-01-30,34,"Coweeta","Ozone","Macon",35.0608,-83.4306
"5492",2024-01-31,29,"Coweeta","Ozone","Macon",35.0608,-83.4306
"5493",2024-02-01,26,"Coweeta","Ozone","Macon",35.0608,-83.4306
"5494",2024-02-02,38,"Coweeta","Ozone","Macon",35.0608,-83.4306
"5495",2024-02-03,32,"Coweeta","Ozone","Macon",35.0608,-83.4306
"5496",2024-02-04,39,"Coweeta","Ozone","Macon",35.0608,-83.4306
"5497",2024-02-05,39,"Coweeta","Ozone","Macon",35.0608,-83.4306
"5498",2024-02-06,35,"Coweeta","Ozone","Macon",35.0608,-83.4306
"5499",2024-02-07,35,"Coweeta","Ozone","Macon",35.0608,-83.4306
"5500",2024-02-08,40,"Coweeta","Ozone","Macon",35.0608,-83.4306
"5501",2024-02-09,33,"Coweeta","Ozone","Macon",35.0608,-83.4306
"5502",2024-02-10,37,"Coweeta","Ozone","Macon",35.0608,-83.4306
"5503",2024-02-11,30,"Coweeta","Ozone","Macon",35.0608,-83.4306
"5504",2024-02-12,37,"Coweeta","Ozone","Macon",35.0608,-83.4306
"5505",2024-02-13,37,"Coweeta","Ozone","Macon",35.0608,-83.4306
"5506",2024-02-14,34,"Coweeta","Ozone","Macon",35.0608,-83.4306
"5507",2024-02-15,38,"Coweeta","Ozone","Macon",35.0608,-83.4306
"5508",2024-02-16,44,"Coweeta","Ozone","Macon",35.0608,-83.4306
"5509",2024-02-17,38,"Coweeta","Ozone","Macon",35.0608,-83.4306
"5510",2024-02-18,33,"Coweeta","Ozone","Macon",35.0608,-83.4306
"5511",2024-02-19,38,"Coweeta","Ozone","Macon",35.0608,-83.4306
"5512",2024-02-20,44,"Coweeta","Ozone","Macon",35.0608,-83.4306
"5513",2024-02-21,49,"Coweeta","Ozone","Macon",35.0608,-83.4306
"5514",2024-02-22,71,"Coweeta","Ozone","Macon",35.0608,-83.4306
"5515",2024-02-23,42,"Coweeta","Ozone","Macon",35.0608,-83.4306
"5516",2024-02-24,40,"Coweeta","Ozone","Macon",35.0608,-83.4306
"5517",2024-02-25,37,"Coweeta","Ozone","Macon",35.0608,-83.4306
"5518",2024-02-26,64,"Coweeta","Ozone","Macon",35.0608,-83.4306
"5519",2024-02-27,39,"Coweeta","Ozone","Macon",35.0608,-83.4306
"5520",2024-02-28,37,"Coweeta","Ozone","Macon",35.0608,-83.4306
"5521",2024-02-29,36,"Coweeta","Ozone","Macon",35.0608,-83.4306
"5522",2024-03-01,33,"Coweeta","Ozone","Macon",35.0608,-83.4306
"5523",2024-03-02,32,"Coweeta","Ozone","Macon",35.0608,-83.4306
"5524",2024-03-03,31,"Coweeta","Ozone","Macon",35.0608,-83.4306
"5525",2024-03-04,31,"Coweeta","Ozone","Macon",35.0608,-83.4306
"5526",2024-03-05,37,"Coweeta","Ozone","Macon",35.0608,-83.4306
"5527",2024-03-06,34,"Coweeta","Ozone","Macon",35.0608,-83.4306
"5528",2024-03-07,38,"Coweeta","Ozone","Macon",35.0608,-83.4306
"5529",2024-03-08,36,"Coweeta","Ozone","Macon",35.0608,-83.4306
"5530",2024-03-09,36,"Coweeta","Ozone","Macon",35.0608,-83.4306
"5531",2024-03-10,44,"Coweeta","Ozone","Macon",35.0608,-83.4306
"5532",2024-03-11,44,"Coweeta","Ozone","Macon",35.0608,-83.4306
"5533",2024-03-12,40,"Coweeta","Ozone","Macon",35.0608,-83.4306
"5534",2024-03-13,47,"Coweeta","Ozone","Macon",35.0608,-83.4306
"5535",2024-03-14,51,"Coweeta","Ozone","Macon",35.0608,-83.4306
"5536",2024-03-15,35,"Coweeta","Ozone","Macon",35.0608,-83.4306
"5537",2024-03-16,41,"Coweeta","Ozone","Macon",35.0608,-83.4306
"5538",2024-03-17,43,"Coweeta","Ozone","Macon",35.0608,-83.4306
"5539",2024-03-18,43,"Coweeta","Ozone","Macon",35.0608,-83.4306
"5540",2024-03-19,48,"Coweeta","Ozone","Macon",35.0608,-83.4306
"5541",2024-03-20,50,"Coweeta","Ozone","Macon",35.0608,-83.4306
"5542",2024-03-21,46,"Coweeta","Ozone","Macon",35.0608,-83.4306
"5543",2024-03-22,51,"Coweeta","Ozone","Macon",35.0608,-83.4306
"5544",2024-03-23,44,"Coweeta","Ozone","Macon",35.0608,-83.4306
"5545",2024-03-24,48,"Coweeta","Ozone","Macon",35.0608,-83.4306
"5546",2024-03-25,58,"Coweeta","Ozone","Macon",35.0608,-83.4306
"5547",2024-03-26,40,"Coweeta","Ozone","Macon",35.0608,-83.4306
"5548",2024-03-27,39,"Coweeta","Ozone","Macon",35.0608,-83.4306
"5549",2024-03-28,46,"Coweeta","Ozone","Macon",35.0608,-83.4306
"5550",2024-03-29,46,"Coweeta","Ozone","Macon",35.0608,-83.4306
"5551",2024-03-30,54,"Coweeta","Ozone","Macon",35.0608,-83.4306
"5552",2024-03-31,47,"Coweeta","Ozone","Macon",35.0608,-83.4306
"5553",2024-04-01,45,"Coweeta","Ozone","Macon",35.0608,-83.4306
"5554",2024-04-02,44,"Coweeta","Ozone","Macon",35.0608,-83.4306
"5555",2024-04-03,45,"Coweeta","Ozone","Macon",35.0608,-83.4306
"5556",2024-04-04,42,"Coweeta","Ozone","Macon",35.0608,-83.4306
"5557",2024-04-05,35,"Coweeta","Ozone","Macon",35.0608,-83.4306
"5558",2024-04-06,43,"Coweeta","Ozone","Macon",35.0608,-83.4306
"5559",2024-04-07,44,"Coweeta","Ozone","Macon",35.0608,-83.4306
"5560",2024-04-08,58,"Coweeta","Ozone","Macon",35.0608,-83.4306
"5561",2024-04-09,44,"Coweeta","Ozone","Macon",35.0608,-83.4306
"5562",2024-04-10,43,"Coweeta","Ozone","Macon",35.0608,-83.4306
"5563",2024-04-11,44,"Coweeta","Ozone","Macon",35.0608,-83.4306
"5564",2024-04-13,49,"Coweeta","Ozone","Macon",35.0608,-83.4306
"5565",2024-04-14,61,"Coweeta","Ozone","Macon",35.0608,-83.4306
"5566",2024-04-15,49,"Coweeta","Ozone","Macon",35.0608,-83.4306
"5567",2024-04-16,58,"Coweeta","Ozone","Macon",35.0608,-83.4306
"5568",2024-04-17,51,"Coweeta","Ozone","Macon",35.0608,-83.4306
"5569",2024-04-18,48,"Coweeta","Ozone","Macon",35.0608,-83.4306
"5570",2024-04-19,44,"Coweeta","Ozone","Macon",35.0608,-83.4306
"5571",2024-04-20,43,"Coweeta","Ozone","Macon",35.0608,-83.4306
"5572",2024-04-21,31,"Coweeta","Ozone","Macon",35.0608,-83.4306
"5573",2024-04-22,43,"Coweeta","Ozone","Macon",35.0608,-83.4306
"5574",2024-04-23,51,"Coweeta","Ozone","Macon",35.0608,-83.4306
"5575",2024-04-24,47,"Coweeta","Ozone","Macon",35.0608,-83.4306
"5576",2024-04-25,58,"Coweeta","Ozone","Macon",35.0608,-83.4306
"5577",2024-04-26,41,"Coweeta","Ozone","Macon",35.0608,-83.4306
"5578",2024-04-27,45,"Coweeta","Ozone","Macon",35.0608,-83.4306
"5579",2024-04-28,44,"Coweeta","Ozone","Macon",35.0608,-83.4306
"5580",2024-04-29,46,"Coweeta","Ozone","Macon",35.0608,-83.4306
"5581",2024-04-30,43,"Coweeta","Ozone","Macon",35.0608,-83.4306
"5582",2024-05-01,44,"Coweeta","Ozone","Macon",35.0608,-83.4306
"5583",2024-05-02,51,"Coweeta","Ozone","Macon",35.0608,-83.4306
"5584",2024-05-03,26,"Coweeta","Ozone","Macon",35.0608,-83.4306
"5585",2024-05-04,23,"Coweeta","Ozone","Macon",35.0608,-83.4306
"5586",2024-05-05,30,"Coweeta","Ozone","Macon",35.0608,-83.4306
"5587",2024-05-06,25,"Coweeta","Ozone","Macon",35.0608,-83.4306
"5588",2024-05-07,29,"Coweeta","Ozone","Macon",35.0608,-83.4306
"5589",2024-05-08,31,"Coweeta","Ozone","Macon",35.0608,-83.4306
"5590",2024-05-09,40,"Coweeta","Ozone","Macon",35.0608,-83.4306
"5591",2024-05-10,46,"Coweeta","Ozone","Macon",35.0608,-83.4306
"5592",2024-05-11,42,"Coweeta","Ozone","Macon",35.0608,-83.4306
"5593",2024-05-12,44,"Coweeta","Ozone","Macon",35.0608,-83.4306
"5594",2024-05-13,33,"Coweeta","Ozone","Macon",35.0608,-83.4306
"5595",2024-05-14,28,"Coweeta","Ozone","Macon",35.0608,-83.4306
"5596",2024-05-15,41,"Coweeta","Ozone","Macon",35.0608,-83.4306
"5597",2024-05-16,40,"Coweeta","Ozone","Macon",35.0608,-83.4306
"5598",2024-05-17,31,"Coweeta","Ozone","Macon",35.0608,-83.4306
"5599",2024-05-18,33,"Coweeta","Ozone","Macon",35.0608,-83.4306
"5600",2024-05-19,31,"Coweeta","Ozone","Macon",35.0608,-83.4306
"5601",2024-05-20,32,"Coweeta","Ozone","Macon",35.0608,-83.4306
"5602",2024-05-21,36,"Coweeta","Ozone","Macon",35.0608,-83.4306
"5603",2024-05-22,44,"Coweeta","Ozone","Macon",35.0608,-83.4306
"5604",2024-05-23,26,"Coweeta","Ozone","Macon",35.0608,-83.4306
"5605",2024-05-24,34,"Coweeta","Ozone","Macon",35.0608,-83.4306
"5606",2024-05-25,36,"Coweeta","Ozone","Macon",35.0608,-83.4306
"5607",2024-05-26,25,"Coweeta","Ozone","Macon",35.0608,-83.4306
"5608",2024-05-27,41,"Coweeta","Ozone","Macon",35.0608,-83.4306
"5609",2024-05-28,44,"Coweeta","Ozone","Macon",35.0608,-83.4306
"5610",2024-05-29,50,"Coweeta","Ozone","Macon",35.0608,-83.4306
"5611",2024-05-30,40,"Coweeta","Ozone","Macon",35.0608,-83.4306
"5612",2024-05-31,36,"Coweeta","Ozone","Macon",35.0608,-83.4306
"5613",2024-06-01,46,"Coweeta","Ozone","Macon",35.0608,-83.4306
"5614",2024-06-02,27,"Coweeta","Ozone","Macon",35.0608,-83.4306
"5615",2024-06-03,24,"Coweeta","Ozone","Macon",35.0608,-83.4306
"5616",2024-06-04,30,"Coweeta","Ozone","Macon",35.0608,-83.4306
"5617",2024-06-05,27,"Coweeta","Ozone","Macon",35.0608,-83.4306
"5618",2024-06-06,35,"Coweeta","Ozone","Macon",35.0608,-83.4306
"5619",2024-06-07,47,"Coweeta","Ozone","Macon",35.0608,-83.4306
"5620",2024-06-08,44,"Coweeta","Ozone","Macon",35.0608,-83.4306
"5621",2024-06-09,38,"Coweeta","Ozone","Macon",35.0608,-83.4306
"5622",2024-06-10,47,"Coweeta","Ozone","Macon",35.0608,-83.4306
"5623",2024-06-11,38,"Coweeta","Ozone","Macon",35.0608,-83.4306
"5624",2024-06-12,45,"Coweeta","Ozone","Macon",35.0608,-83.4306
"5625",2024-06-13,44,"Coweeta","Ozone","Macon",35.0608,-83.4306
"5626",2024-06-14,43,"Coweeta","Ozone","Macon",35.0608,-83.4306
"5627",2024-06-15,39,"Coweeta","Ozone","Macon",35.0608,-83.4306
"5628",2024-06-16,38,"Coweeta","Ozone","Macon",35.0608,-83.4306
"5629",2024-06-17,37,"Coweeta","Ozone","Macon",35.0608,-83.4306
"5630",2024-06-18,38,"Coweeta","Ozone","Macon",35.0608,-83.4306
"5631",2024-06-19,37,"Coweeta","Ozone","Macon",35.0608,-83.4306
"5632",2024-06-20,38,"Coweeta","Ozone","Macon",35.0608,-83.4306
"5633",2024-06-21,38,"Coweeta","Ozone","Macon",35.0608,-83.4306
"5634",2024-06-22,36,"Coweeta","Ozone","Macon",35.0608,-83.4306
"5635",2024-06-23,41,"Coweeta","Ozone","Macon",35.0608,-83.4306
"5636",2024-06-24,54,"Coweeta","Ozone","Macon",35.0608,-83.4306
"5637",2024-06-25,41,"Coweeta","Ozone","Macon",35.0608,-83.4306
"5638",2024-06-26,47,"Coweeta","Ozone","Macon",35.0608,-83.4306
"5639",2024-06-27,30,"Coweeta","Ozone","Macon",35.0608,-83.4306
"5640",2024-06-28,32,"Coweeta","Ozone","Macon",35.0608,-83.4306
"5641",2024-06-29,23,"Coweeta","Ozone","Macon",35.0608,-83.4306
"5642",2024-06-30,28,"Coweeta","Ozone","Macon",35.0608,-83.4306
"5643",2024-07-01,44,"Coweeta","Ozone","Macon",35.0608,-83.4306
"5644",2024-07-02,44,"Coweeta","Ozone","Macon",35.0608,-83.4306
"5645",2024-07-03,37,"Coweeta","Ozone","Macon",35.0608,-83.4306
"5646",2024-07-04,30,"Coweeta","Ozone","Macon",35.0608,-83.4306
"5647",2024-07-05,23,"Coweeta","Ozone","Macon",35.0608,-83.4306
"5648",2024-07-06,22,"Coweeta","Ozone","Macon",35.0608,-83.4306
"5649",2024-07-07,23,"Coweeta","Ozone","Macon",35.0608,-83.4306
"5650",2024-07-08,23,"Coweeta","Ozone","Macon",35.0608,-83.4306
"5651",2024-07-09,29,"Coweeta","Ozone","Macon",35.0608,-83.4306
"5652",2024-07-10,37,"Coweeta","Ozone","Macon",35.0608,-83.4306
"5653",2024-07-11,42,"Coweeta","Ozone","Macon",35.0608,-83.4306
"5654",2024-07-12,39,"Coweeta","Ozone","Macon",35.0608,-83.4306
"5655",2024-07-13,36,"Coweeta","Ozone","Macon",35.0608,-83.4306
"5656",2024-07-14,27,"Coweeta","Ozone","Macon",35.0608,-83.4306
"5657",2024-07-15,25,"Coweeta","Ozone","Macon",35.0608,-83.4306
"5658",2024-07-16,26,"Coweeta","Ozone","Macon",35.0608,-83.4306
"5659",2024-07-17,24,"Coweeta","Ozone","Macon",35.0608,-83.4306
"5660",2024-07-18,32,"Coweeta","Ozone","Macon",35.0608,-83.4306
"5661",2024-07-19,23,"Coweeta","Ozone","Macon",35.0608,-83.4306
"5662",2024-07-20,21,"Coweeta","Ozone","Macon",35.0608,-83.4306
"5663",2024-07-21,17,"Coweeta","Ozone","Macon",35.0608,-83.4306
"5664",2024-07-22,25,"Coweeta","Ozone","Macon",35.0608,-83.4306
"5665",2024-07-23,17,"Coweeta","Ozone","Macon",35.0608,-83.4306
"5666",2024-07-24,18,"Coweeta","Ozone","Macon",35.0608,-83.4306
"5667",2024-07-25,17,"Coweeta","Ozone","Macon",35.0608,-83.4306
"5668",2024-07-26,18,"Coweeta","Ozone","Macon",35.0608,-83.4306
"5669",2024-07-27,25,"Coweeta","Ozone","Macon",35.0608,-83.4306
"5670",2024-07-28,30,"Coweeta","Ozone","Macon",35.0608,-83.4306
"5671",2024-07-29,22,"Coweeta","Ozone","Macon",35.0608,-83.4306
"5672",2024-07-30,23,"Coweeta","Ozone","Macon",35.0608,-83.4306
"5673",2024-07-31,25,"Coweeta","Ozone","Macon",35.0608,-83.4306
"5674",2024-08-01,19,"Coweeta","Ozone","Macon",35.0608,-83.4306
"5675",2024-08-02,20,"Coweeta","Ozone","Macon",35.0608,-83.4306
"5676",2024-08-03,33,"Coweeta","Ozone","Macon",35.0608,-83.4306
"5677",2024-08-04,38,"Coweeta","Ozone","Macon",35.0608,-83.4306
"5678",2024-08-05,30,"Coweeta","Ozone","Macon",35.0608,-83.4306
"5679",2024-08-06,24,"Coweeta","Ozone","Macon",35.0608,-83.4306
"5680",2024-08-07,31,"Coweeta","Ozone","Macon",35.0608,-83.4306
"5681",2024-08-08,26,"Coweeta","Ozone","Macon",35.0608,-83.4306
"5682",2024-08-09,29,"Coweeta","Ozone","Macon",35.0608,-83.4306
"5683",2024-08-10,31,"Coweeta","Ozone","Macon",35.0608,-83.4306
"5684",2024-08-11,25,"Coweeta","Ozone","Macon",35.0608,-83.4306
"5685",2024-08-12,30,"Coweeta","Ozone","Macon",35.0608,-83.4306
"5686",2024-08-13,27,"Coweeta","Ozone","Macon",35.0608,-83.4306
"5687",2024-08-14,38,"Coweeta","Ozone","Macon",35.0608,-83.4306
"5688",2024-08-15,31,"Coweeta","Ozone","Macon",35.0608,-83.4306
"5689",2024-08-16,30,"Coweeta","Ozone","Macon",35.0608,-83.4306
"5690",2024-08-17,28,"Coweeta","Ozone","Macon",35.0608,-83.4306
"5691",2024-08-18,33,"Coweeta","Ozone","Macon",35.0608,-83.4306
"5692",2024-08-19,33,"Coweeta","Ozone","Macon",35.0608,-83.4306
"5693",2024-08-20,33,"Coweeta","Ozone","Macon",35.0608,-83.4306
"5694",2024-08-21,35,"Coweeta","Ozone","Macon",35.0608,-83.4306
"5695",2024-08-22,43,"Coweeta","Ozone","Macon",35.0608,-83.4306
"5696",2024-08-23,41,"Coweeta","Ozone","Macon",35.0608,-83.4306
"5697",2024-08-24,39,"Coweeta","Ozone","Macon",35.0608,-83.4306
"5698",2024-08-25,40,"Coweeta","Ozone","Macon",35.0608,-83.4306
"5699",2024-08-26,42,"Coweeta","Ozone","Macon",35.0608,-83.4306
"5700",2024-08-27,39,"Coweeta","Ozone","Macon",35.0608,-83.4306
"5701",2024-08-28,39,"Coweeta","Ozone","Macon",35.0608,-83.4306
"5702",2024-08-29,38,"Coweeta","Ozone","Macon",35.0608,-83.4306
"5703",2024-08-30,38,"Coweeta","Ozone","Macon",35.0608,-83.4306
"5704",2024-08-31,27,"Coweeta","Ozone","Macon",35.0608,-83.4306
"5705",2024-09-01,19,"Coweeta","Ozone","Macon",35.0608,-83.4306
"5706",2024-09-02,23,"Coweeta","Ozone","Macon",35.0608,-83.4306
"5707",2024-09-03,27,"Coweeta","Ozone","Macon",35.0608,-83.4306
"5708",2024-09-04,28,"Coweeta","Ozone","Macon",35.0608,-83.4306
"5709",2024-09-05,31,"Coweeta","Ozone","Macon",35.0608,-83.4306
"5710",2024-09-06,22,"Coweeta","Ozone","Macon",35.0608,-83.4306
"5711",2024-09-07,31,"Coweeta","Ozone","Macon",35.0608,-83.4306
"5712",2024-09-08,30,"Coweeta","Ozone","Macon",35.0608,-83.4306
"5713",2024-09-09,30,"Coweeta","Ozone","Macon",35.0608,-83.4306
"5714",2024-09-10,31,"Coweeta","Ozone","Macon",35.0608,-83.4306
"5715",2024-09-11,43,"Coweeta","Ozone","Macon",35.0608,-83.4306
"5716",2024-09-12,38,"Coweeta","Ozone","Macon",35.0608,-83.4306
"5717",2024-09-13,14,"Coweeta","Ozone","Macon",35.0608,-83.4306
"5718",2024-09-14,21,"Coweeta","Ozone","Macon",35.0608,-83.4306
"5719",2024-09-15,27,"Coweeta","Ozone","Macon",35.0608,-83.4306
"5720",2024-09-16,33,"Coweeta","Ozone","Macon",35.0608,-83.4306
"5721",2024-09-17,20,"Coweeta","Ozone","Macon",35.0608,-83.4306
"5722",2024-09-18,18,"Coweeta","Ozone","Macon",35.0608,-83.4306
"5723",2024-09-19,23,"Coweeta","Ozone","Macon",35.0608,-83.4306
"5724",2024-09-20,28,"Coweeta","Ozone","Macon",35.0608,-83.4306
"5725",2024-09-21,24,"Coweeta","Ozone","Macon",35.0608,-83.4306
"5726",2024-09-22,22,"Coweeta","Ozone","Macon",35.0608,-83.4306
"5727",2024-09-23,28,"Coweeta","Ozone","Macon",35.0608,-83.4306
"5728",2024-09-24,26,"Coweeta","Ozone","Macon",35.0608,-83.4306
"5729",2024-09-25,27,"Coweeta","Ozone","Macon",35.0608,-83.4306
"5730",2024-09-26,20,"Coweeta","Ozone","Macon",35.0608,-83.4306
"5731",2024-09-27,32,"Coweeta","Ozone","Macon",35.0608,-83.4306
"5732",2024-09-30,19,"Coweeta","Ozone","Macon",35.0608,-83.4306
"5733",2024-10-01,16,"Coweeta","Ozone","Macon",35.0608,-83.4306
"5734",2024-10-02,24,"Coweeta","Ozone","Macon",35.0608,-83.4306
"5735",2024-10-03,29,"Coweeta","Ozone","Macon",35.0608,-83.4306
"5736",2024-10-04,25,"Coweeta","Ozone","Macon",35.0608,-83.4306
"5737",2024-10-05,25,"Coweeta","Ozone","Macon",35.0608,-83.4306
"5738",2024-10-06,35,"Coweeta","Ozone","Macon",35.0608,-83.4306
"5739",2024-10-07,35,"Coweeta","Ozone","Macon",35.0608,-83.4306
"5740",2024-10-08,31,"Coweeta","Ozone","Macon",35.0608,-83.4306
"5741",2024-10-09,27,"Coweeta","Ozone","Macon",35.0608,-83.4306
"5742",2024-10-10,40,"Coweeta","Ozone","Macon",35.0608,-83.4306
"5743",2024-10-11,32,"Coweeta","Ozone","Macon",35.0608,-83.4306
"5744",2024-10-12,29,"Coweeta","Ozone","Macon",35.0608,-83.4306
"5745",2024-10-13,34,"Coweeta","Ozone","Macon",35.0608,-83.4306
"5746",2024-10-14,42,"Coweeta","Ozone","Macon",35.0608,-83.4306
"5747",2024-10-15,31,"Coweeta","Ozone","Macon",35.0608,-83.4306
"5748",2024-10-16,31,"Coweeta","Ozone","Macon",35.0608,-83.4306
"5749",2024-10-17,36,"Coweeta","Ozone","Macon",35.0608,-83.4306
"5750",2024-10-18,32,"Coweeta","Ozone","Macon",35.0608,-83.4306
"5751",2024-10-19,31,"Coweeta","Ozone","Macon",35.0608,-83.4306
"5752",2024-10-20,29,"Coweeta","Ozone","Macon",35.0608,-83.4306
"5753",2024-10-21,32,"Coweeta","Ozone","Macon",35.0608,-83.4306
"5754",2024-10-22,38,"Coweeta","Ozone","Macon",35.0608,-83.4306
"5755",2024-10-23,31,"Coweeta","Ozone","Macon",35.0608,-83.4306
"5756",2024-10-24,44,"Coweeta","Ozone","Macon",35.0608,-83.4306
"5757",2024-10-25,38,"Coweeta","Ozone","Macon",35.0608,-83.4306
"5758",2024-10-26,28,"Coweeta","Ozone","Macon",35.0608,-83.4306
"5759",2024-10-27,32,"Coweeta","Ozone","Macon",35.0608,-83.4306
"5760",2024-10-28,34,"Coweeta","Ozone","Macon",35.0608,-83.4306
"5761",2024-10-29,41,"Coweeta","Ozone","Macon",35.0608,-83.4306
"5762",2024-10-30,38,"Coweeta","Ozone","Macon",35.0608,-83.4306
"5763",2024-10-31,39,"Coweeta","Ozone","Macon",35.0608,-83.4306
"5764",2024-11-01,28,"Coweeta","Ozone","Macon",35.0608,-83.4306
"5765",2024-11-02,29,"Coweeta","Ozone","Macon",35.0608,-83.4306
"5766",2024-11-03,40,"Coweeta","Ozone","Macon",35.0608,-83.4306
"5767",2024-11-04,30,"Coweeta","Ozone","Macon",35.0608,-83.4306
"5768",2024-11-05,29,"Coweeta","Ozone","Macon",35.0608,-83.4306
"5769",2024-11-06,27,"Coweeta","Ozone","Macon",35.0608,-83.4306
"5770",2024-11-07,24,"Coweeta","Ozone","Macon",35.0608,-83.4306
"5771",2024-11-08,23,"Coweeta","Ozone","Macon",35.0608,-83.4306
"5772",2024-11-09,41,"Coweeta","Ozone","Macon",35.0608,-83.4306
"5773",2024-11-10,34,"Coweeta","Ozone","Macon",35.0608,-83.4306
"5774",2024-11-11,23,"Coweeta","Ozone","Macon",35.0608,-83.4306
"5775",2024-11-12,27,"Coweeta","Ozone","Macon",35.0608,-83.4306
"5776",2024-11-13,34,"Coweeta","Ozone","Macon",35.0608,-83.4306
"5777",2024-11-14,31,"Coweeta","Ozone","Macon",35.0608,-83.4306
"5778",2024-11-15,29,"Coweeta","Ozone","Macon",35.0608,-83.4306
"5779",2024-11-16,20,"Coweeta","Ozone","Macon",35.0608,-83.4306
"5780",2024-11-17,23,"Coweeta","Ozone","Macon",35.0608,-83.4306
"5781",2024-11-18,31,"Coweeta","Ozone","Macon",35.0608,-83.4306
"5782",2024-11-19,28,"Coweeta","Ozone","Macon",35.0608,-83.4306
"5783",2024-11-20,35,"Coweeta","Ozone","Macon",35.0608,-83.4306
"5784",2024-11-21,36,"Coweeta","Ozone","Macon",35.0608,-83.4306
"5785",2024-11-22,26,"Coweeta","Ozone","Macon",35.0608,-83.4306
"5786",2024-11-23,27,"Coweeta","Ozone","Macon",35.0608,-83.4306
"5787",2024-11-24,27,"Coweeta","Ozone","Macon",35.0608,-83.4306
"5788",2024-11-25,33,"Coweeta","Ozone","Macon",35.0608,-83.4306
"5789",2024-11-26,31,"Coweeta","Ozone","Macon",35.0608,-83.4306
"5790",2024-11-27,30,"Coweeta","Ozone","Macon",35.0608,-83.4306
"5791",2024-11-28,29,"Coweeta","Ozone","Macon",35.0608,-83.4306
"5792",2024-11-29,34,"Coweeta","Ozone","Macon",35.0608,-83.4306
"5793",2024-11-30,36,"Coweeta","Ozone","Macon",35.0608,-83.4306
"5794",2024-12-01,35,"Coweeta","Ozone","Macon",35.0608,-83.4306
"5795",2024-12-02,37,"Coweeta","Ozone","Macon",35.0608,-83.4306
"5796",2024-12-03,31,"Coweeta","Ozone","Macon",35.0608,-83.4306
"5797",2024-12-04,40,"Coweeta","Ozone","Macon",35.0608,-83.4306
"5798",2024-12-05,37,"Coweeta","Ozone","Macon",35.0608,-83.4306
"5799",2024-12-06,30,"Coweeta","Ozone","Macon",35.0608,-83.4306
"5800",2024-12-07,31,"Coweeta","Ozone","Macon",35.0608,-83.4306
"5801",2024-12-08,34,"Coweeta","Ozone","Macon",35.0608,-83.4306
"5802",2024-12-10,27,"Coweeta","Ozone","Macon",35.0608,-83.4306
"5803",2024-12-11,34,"Coweeta","Ozone","Macon",35.0608,-83.4306
"5804",2024-12-12,35,"Coweeta","Ozone","Macon",35.0608,-83.4306
"5805",2024-12-13,26,"Coweeta","Ozone","Macon",35.0608,-83.4306
"5806",2024-12-14,39,"Coweeta","Ozone","Macon",35.0608,-83.4306
"5807",2024-12-15,33,"Coweeta","Ozone","Macon",35.0608,-83.4306
"5808",2024-12-16,27,"Coweeta","Ozone","Macon",35.0608,-83.4306
"5809",2024-12-17,22,"Coweeta","Ozone","Macon",35.0608,-83.4306
"5810",2024-12-18,31,"Coweeta","Ozone","Macon",35.0608,-83.4306
"5811",2024-12-19,28,"Coweeta","Ozone","Macon",35.0608,-83.4306
"5812",2024-12-20,30,"Coweeta","Ozone","Macon",35.0608,-83.4306
"5813",2024-12-21,24,"Coweeta","Ozone","Macon",35.0608,-83.4306
"5814",2024-12-22,22,"Coweeta","Ozone","Macon",35.0608,-83.4306
"5815",2024-12-23,31,"Coweeta","Ozone","Macon",35.0608,-83.4306
"5816",2024-12-24,28,"Coweeta","Ozone","Macon",35.0608,-83.4306
"5817",2024-12-25,32,"Coweeta","Ozone","Macon",35.0608,-83.4306
"5818",2024-12-26,32,"Coweeta","Ozone","Macon",35.0608,-83.4306
"5819",2024-12-27,34,"Coweeta","Ozone","Macon",35.0608,-83.4306
"5820",2024-12-28,30,"Coweeta","Ozone","Macon",35.0608,-83.4306
"5821",2024-12-29,41,"Coweeta","Ozone","Macon",35.0608,-83.4306
"5822",2024-12-30,30,"Coweeta","Ozone","Macon",35.0608,-83.4306
"5823",2024-03-01,35,"Jamesville School","Ozone","Martin",35.81066,-76.9063
"5824",2024-03-02,28,"Jamesville School","Ozone","Martin",35.81066,-76.9063
"5825",2024-03-03,32,"Jamesville School","Ozone","Martin",35.81066,-76.9063
"5826",2024-03-04,27,"Jamesville School","Ozone","Martin",35.81066,-76.9063
"5827",2024-03-05,25,"Jamesville School","Ozone","Martin",35.81066,-76.9063
"5828",2024-03-06,21,"Jamesville School","Ozone","Martin",35.81066,-76.9063
"5829",2024-03-07,31,"Jamesville School","Ozone","Martin",35.81066,-76.9063
"5830",2024-03-08,32,"Jamesville School","Ozone","Martin",35.81066,-76.9063
"5831",2024-03-09,26,"Jamesville School","Ozone","Martin",35.81066,-76.9063
"5832",2024-03-10,40,"Jamesville School","Ozone","Martin",35.81066,-76.9063
"5833",2024-03-11,40,"Jamesville School","Ozone","Martin",35.81066,-76.9063
"5834",2024-03-12,43,"Jamesville School","Ozone","Martin",35.81066,-76.9063
"5835",2024-03-13,46,"Jamesville School","Ozone","Martin",35.81066,-76.9063
"5836",2024-03-14,61,"Jamesville School","Ozone","Martin",35.81066,-76.9063
"5837",2024-03-15,47,"Jamesville School","Ozone","Martin",35.81066,-76.9063
"5838",2024-03-16,35,"Jamesville School","Ozone","Martin",35.81066,-76.9063
"5839",2024-03-17,39,"Jamesville School","Ozone","Martin",35.81066,-76.9063
"5840",2024-03-18,41,"Jamesville School","Ozone","Martin",35.81066,-76.9063
"5841",2024-03-19,35,"Jamesville School","Ozone","Martin",35.81066,-76.9063
"5842",2024-03-20,45,"Jamesville School","Ozone","Martin",35.81066,-76.9063
"5843",2024-03-21,39,"Jamesville School","Ozone","Martin",35.81066,-76.9063
"5844",2024-03-22,35,"Jamesville School","Ozone","Martin",35.81066,-76.9063
"5845",2024-03-23,34,"Jamesville School","Ozone","Martin",35.81066,-76.9063
"5846",2024-03-24,41,"Jamesville School","Ozone","Martin",35.81066,-76.9063
"5847",2024-03-25,40,"Jamesville School","Ozone","Martin",35.81066,-76.9063
"5848",2024-03-26,31,"Jamesville School","Ozone","Martin",35.81066,-76.9063
"5849",2024-03-27,22,"Jamesville School","Ozone","Martin",35.81066,-76.9063
"5850",2024-03-28,24,"Jamesville School","Ozone","Martin",35.81066,-76.9063
"5851",2024-03-29,45,"Jamesville School","Ozone","Martin",35.81066,-76.9063
"5852",2024-03-30,48,"Jamesville School","Ozone","Martin",35.81066,-76.9063
"5853",2024-03-31,44,"Jamesville School","Ozone","Martin",35.81066,-76.9063
"5854",2024-04-01,37,"Jamesville School","Ozone","Martin",35.81066,-76.9063
"5855",2024-04-02,31,"Jamesville School","Ozone","Martin",35.81066,-76.9063
"5856",2024-04-03,29,"Jamesville School","Ozone","Martin",35.81066,-76.9063
"5857",2024-04-04,39,"Jamesville School","Ozone","Martin",35.81066,-76.9063
"5858",2024-04-05,41,"Jamesville School","Ozone","Martin",35.81066,-76.9063
"5859",2024-04-06,36,"Jamesville School","Ozone","Martin",35.81066,-76.9063
"5860",2024-04-07,39,"Jamesville School","Ozone","Martin",35.81066,-76.9063
"5861",2024-04-08,42,"Jamesville School","Ozone","Martin",35.81066,-76.9063
"5862",2024-04-09,36,"Jamesville School","Ozone","Martin",35.81066,-76.9063
"5863",2024-04-10,32,"Jamesville School","Ozone","Martin",35.81066,-76.9063
"5864",2024-04-11,30,"Jamesville School","Ozone","Martin",35.81066,-76.9063
"5865",2024-04-12,45,"Jamesville School","Ozone","Martin",35.81066,-76.9063
"5866",2024-04-13,43,"Jamesville School","Ozone","Martin",35.81066,-76.9063
"5867",2024-04-14,45,"Jamesville School","Ozone","Martin",35.81066,-76.9063
"5868",2024-04-15,47,"Jamesville School","Ozone","Martin",35.81066,-76.9063
"5869",2024-04-16,46,"Jamesville School","Ozone","Martin",35.81066,-76.9063
"5870",2024-04-17,37,"Jamesville School","Ozone","Martin",35.81066,-76.9063
"5871",2024-04-18,40,"Jamesville School","Ozone","Martin",35.81066,-76.9063
"5872",2024-04-19,30,"Jamesville School","Ozone","Martin",35.81066,-76.9063
"5873",2024-04-20,23,"Jamesville School","Ozone","Martin",35.81066,-76.9063
"5874",2024-04-21,26,"Jamesville School","Ozone","Martin",35.81066,-76.9063
"5875",2024-04-22,36,"Jamesville School","Ozone","Martin",35.81066,-76.9063
"5876",2024-04-23,45,"Jamesville School","Ozone","Martin",35.81066,-76.9063
"5877",2024-04-24,38,"Jamesville School","Ozone","Martin",35.81066,-76.9063
"5878",2024-04-25,42,"Jamesville School","Ozone","Martin",35.81066,-76.9063
"5879",2024-04-26,38,"Jamesville School","Ozone","Martin",35.81066,-76.9063
"5880",2024-04-27,35,"Jamesville School","Ozone","Martin",35.81066,-76.9063
"5881",2024-04-28,35,"Jamesville School","Ozone","Martin",35.81066,-76.9063
"5882",2024-04-29,41,"Jamesville School","Ozone","Martin",35.81066,-76.9063
"5883",2024-04-30,32,"Jamesville School","Ozone","Martin",35.81066,-76.9063
"5884",2024-05-01,33,"Jamesville School","Ozone","Martin",35.81066,-76.9063
"5885",2024-05-02,44,"Jamesville School","Ozone","Martin",35.81066,-76.9063
"5886",2024-05-03,39,"Jamesville School","Ozone","Martin",35.81066,-76.9063
"5887",2024-05-04,27,"Jamesville School","Ozone","Martin",35.81066,-76.9063
"5888",2024-05-05,26,"Jamesville School","Ozone","Martin",35.81066,-76.9063
"5889",2024-05-06,24,"Jamesville School","Ozone","Martin",35.81066,-76.9063
"5890",2024-05-07,34,"Jamesville School","Ozone","Martin",35.81066,-76.9063
"5891",2024-05-08,34,"Jamesville School","Ozone","Martin",35.81066,-76.9063
"5892",2024-05-09,39,"Jamesville School","Ozone","Martin",35.81066,-76.9063
"5893",2024-05-10,35,"Jamesville School","Ozone","Martin",35.81066,-76.9063
"5894",2024-05-11,28,"Jamesville School","Ozone","Martin",35.81066,-76.9063
"5895",2024-05-12,41,"Jamesville School","Ozone","Martin",35.81066,-76.9063
"5896",2024-05-13,37,"Jamesville School","Ozone","Martin",35.81066,-76.9063
"5897",2024-05-14,31,"Jamesville School","Ozone","Martin",35.81066,-76.9063
"5898",2024-05-15,26,"Jamesville School","Ozone","Martin",35.81066,-76.9063
"5899",2024-05-16,33,"Jamesville School","Ozone","Martin",35.81066,-76.9063
"5900",2024-05-17,31,"Jamesville School","Ozone","Martin",35.81066,-76.9063
"5901",2024-05-18,27,"Jamesville School","Ozone","Martin",35.81066,-76.9063
"5902",2024-05-19,24,"Jamesville School","Ozone","Martin",35.81066,-76.9063
"5903",2024-05-20,31,"Jamesville School","Ozone","Martin",35.81066,-76.9063
"5904",2024-05-21,25,"Jamesville School","Ozone","Martin",35.81066,-76.9063
"5905",2024-05-22,31,"Jamesville School","Ozone","Martin",35.81066,-76.9063
"5906",2024-05-23,37,"Jamesville School","Ozone","Martin",35.81066,-76.9063
"5907",2024-05-24,31,"Jamesville School","Ozone","Martin",35.81066,-76.9063
"5908",2024-05-25,26,"Jamesville School","Ozone","Martin",35.81066,-76.9063
"5909",2024-05-26,37,"Jamesville School","Ozone","Martin",35.81066,-76.9063
"5910",2024-05-27,25,"Jamesville School","Ozone","Martin",35.81066,-76.9063
"5911",2024-05-28,34,"Jamesville School","Ozone","Martin",35.81066,-76.9063
"5912",2024-05-29,44,"Jamesville School","Ozone","Martin",35.81066,-76.9063
"5913",2024-05-30,34,"Jamesville School","Ozone","Martin",35.81066,-76.9063
"5914",2024-05-31,41,"Jamesville School","Ozone","Martin",35.81066,-76.9063
"5915",2024-06-01,46,"Jamesville School","Ozone","Martin",35.81066,-76.9063
"5916",2024-06-02,38,"Jamesville School","Ozone","Martin",35.81066,-76.9063
"5917",2024-06-03,31,"Jamesville School","Ozone","Martin",35.81066,-76.9063
"5918",2024-06-04,31,"Jamesville School","Ozone","Martin",35.81066,-76.9063
"5919",2024-06-05,27,"Jamesville School","Ozone","Martin",35.81066,-76.9063
"5920",2024-06-06,32,"Jamesville School","Ozone","Martin",35.81066,-76.9063
"5921",2024-06-07,44,"Jamesville School","Ozone","Martin",35.81066,-76.9063
"5922",2024-06-08,49,"Jamesville School","Ozone","Martin",35.81066,-76.9063
"5923",2024-06-09,44,"Jamesville School","Ozone","Martin",35.81066,-76.9063
"5924",2024-06-10,43,"Jamesville School","Ozone","Martin",35.81066,-76.9063
"5925",2024-06-11,42,"Jamesville School","Ozone","Martin",35.81066,-76.9063
"5926",2024-06-12,39,"Jamesville School","Ozone","Martin",35.81066,-76.9063
"5927",2024-06-13,36,"Jamesville School","Ozone","Martin",35.81066,-76.9063
"5928",2024-06-15,45,"Jamesville School","Ozone","Martin",35.81066,-76.9063
"5929",2024-06-16,43,"Jamesville School","Ozone","Martin",35.81066,-76.9063
"5930",2024-06-17,34,"Jamesville School","Ozone","Martin",35.81066,-76.9063
"5931",2024-06-18,32,"Jamesville School","Ozone","Martin",35.81066,-76.9063
"5932",2024-06-19,31,"Jamesville School","Ozone","Martin",35.81066,-76.9063
"5933",2024-06-20,29,"Jamesville School","Ozone","Martin",35.81066,-76.9063
"5934",2024-06-21,30,"Jamesville School","Ozone","Martin",35.81066,-76.9063
"5935",2024-06-22,22,"Jamesville School","Ozone","Martin",35.81066,-76.9063
"5936",2024-06-23,23,"Jamesville School","Ozone","Martin",35.81066,-76.9063
"5937",2024-06-24,31,"Jamesville School","Ozone","Martin",35.81066,-76.9063
"5938",2024-06-25,43,"Jamesville School","Ozone","Martin",35.81066,-76.9063
"5939",2024-06-26,36,"Jamesville School","Ozone","Martin",35.81066,-76.9063
"5940",2024-06-27,32,"Jamesville School","Ozone","Martin",35.81066,-76.9063
"5941",2024-06-28,45,"Jamesville School","Ozone","Martin",35.81066,-76.9063
"5942",2024-06-29,30,"Jamesville School","Ozone","Martin",35.81066,-76.9063
"5943",2024-06-30,24,"Jamesville School","Ozone","Martin",35.81066,-76.9063
"5944",2024-07-01,29,"Jamesville School","Ozone","Martin",35.81066,-76.9063
"5945",2024-07-02,39,"Jamesville School","Ozone","Martin",35.81066,-76.9063
"5946",2024-07-03,43,"Jamesville School","Ozone","Martin",35.81066,-76.9063
"5947",2024-07-04,36,"Jamesville School","Ozone","Martin",35.81066,-76.9063
"5948",2024-07-05,31,"Jamesville School","Ozone","Martin",35.81066,-76.9063
"5949",2024-07-06,31,"Jamesville School","Ozone","Martin",35.81066,-76.9063
"5950",2024-07-07,32,"Jamesville School","Ozone","Martin",35.81066,-76.9063
"5951",2024-07-08,26,"Jamesville School","Ozone","Martin",35.81066,-76.9063
"5952",2024-07-09,24,"Jamesville School","Ozone","Martin",35.81066,-76.9063
"5953",2024-07-10,20,"Jamesville School","Ozone","Martin",35.81066,-76.9063
"5954",2024-07-11,20,"Jamesville School","Ozone","Martin",35.81066,-76.9063
"5955",2024-07-12,22,"Jamesville School","Ozone","Martin",35.81066,-76.9063
"5956",2024-07-13,24,"Jamesville School","Ozone","Martin",35.81066,-76.9063
"5957",2024-07-14,37,"Jamesville School","Ozone","Martin",35.81066,-76.9063
"5958",2024-07-15,38,"Jamesville School","Ozone","Martin",35.81066,-76.9063
"5959",2024-07-16,34,"Jamesville School","Ozone","Martin",35.81066,-76.9063
"5960",2024-07-17,26,"Jamesville School","Ozone","Martin",35.81066,-76.9063
"5961",2024-07-18,30,"Jamesville School","Ozone","Martin",35.81066,-76.9063
"5962",2024-07-19,28,"Jamesville School","Ozone","Martin",35.81066,-76.9063
"5963",2024-07-20,27,"Jamesville School","Ozone","Martin",35.81066,-76.9063
"5964",2024-07-21,25,"Jamesville School","Ozone","Martin",35.81066,-76.9063
"5965",2024-07-22,20,"Jamesville School","Ozone","Martin",35.81066,-76.9063
"5966",2024-07-23,20,"Jamesville School","Ozone","Martin",35.81066,-76.9063
"5967",2024-07-24,21,"Jamesville School","Ozone","Martin",35.81066,-76.9063
"5968",2024-07-25,21,"Jamesville School","Ozone","Martin",35.81066,-76.9063
"5969",2024-07-26,30,"Jamesville School","Ozone","Martin",35.81066,-76.9063
"5970",2024-07-27,35,"Jamesville School","Ozone","Martin",35.81066,-76.9063
"5971",2024-07-28,40,"Jamesville School","Ozone","Martin",35.81066,-76.9063
"5972",2024-07-29,33,"Jamesville School","Ozone","Martin",35.81066,-76.9063
"5973",2024-07-30,31,"Jamesville School","Ozone","Martin",35.81066,-76.9063
"5974",2024-07-31,34,"Jamesville School","Ozone","Martin",35.81066,-76.9063
"5975",2024-08-01,37,"Jamesville School","Ozone","Martin",35.81066,-76.9063
"5976",2024-08-02,29,"Jamesville School","Ozone","Martin",35.81066,-76.9063
"5977",2024-08-03,22,"Jamesville School","Ozone","Martin",35.81066,-76.9063
"5978",2024-08-04,25,"Jamesville School","Ozone","Martin",35.81066,-76.9063
"5979",2024-08-05,16,"Jamesville School","Ozone","Martin",35.81066,-76.9063
"5980",2024-08-06,16,"Jamesville School","Ozone","Martin",35.81066,-76.9063
"5981",2024-08-07,18,"Jamesville School","Ozone","Martin",35.81066,-76.9063
"5982",2024-08-08,31,"Jamesville School","Ozone","Martin",35.81066,-76.9063
"5983",2024-08-09,27,"Jamesville School","Ozone","Martin",35.81066,-76.9063
"5984",2024-08-10,20,"Jamesville School","Ozone","Martin",35.81066,-76.9063
"5985",2024-08-11,29,"Jamesville School","Ozone","Martin",35.81066,-76.9063
"5986",2024-08-12,31,"Jamesville School","Ozone","Martin",35.81066,-76.9063
"5987",2024-08-13,41,"Jamesville School","Ozone","Martin",35.81066,-76.9063
"5988",2024-08-14,38,"Jamesville School","Ozone","Martin",35.81066,-76.9063
"5989",2024-08-15,43,"Jamesville School","Ozone","Martin",35.81066,-76.9063
"5990",2024-08-16,43,"Jamesville School","Ozone","Martin",35.81066,-76.9063
"5991",2024-08-17,35,"Jamesville School","Ozone","Martin",35.81066,-76.9063
"5992",2024-08-18,34,"Jamesville School","Ozone","Martin",35.81066,-76.9063
"5993",2024-08-19,29,"Jamesville School","Ozone","Martin",35.81066,-76.9063
"5994",2024-08-20,26,"Jamesville School","Ozone","Martin",35.81066,-76.9063
"5995",2024-08-21,36,"Jamesville School","Ozone","Martin",35.81066,-76.9063
"5996",2024-08-22,38,"Jamesville School","Ozone","Martin",35.81066,-76.9063
"5997",2024-08-23,42,"Jamesville School","Ozone","Martin",35.81066,-76.9063
"5998",2024-08-24,35,"Jamesville School","Ozone","Martin",35.81066,-76.9063
"5999",2024-08-25,32,"Jamesville School","Ozone","Martin",35.81066,-76.9063
"6000",2024-08-26,38,"Jamesville School","Ozone","Martin",35.81066,-76.9063
"6001",2024-08-27,39,"Jamesville School","Ozone","Martin",35.81066,-76.9063
"6002",2024-08-28,47,"Jamesville School","Ozone","Martin",35.81066,-76.9063
"6003",2024-08-29,35,"Jamesville School","Ozone","Martin",35.81066,-76.9063
"6004",2024-08-30,40,"Jamesville School","Ozone","Martin",35.81066,-76.9063
"6005",2024-08-31,31,"Jamesville School","Ozone","Martin",35.81066,-76.9063
"6006",2024-09-01,28,"Jamesville School","Ozone","Martin",35.81066,-76.9063
"6007",2024-09-02,26,"Jamesville School","Ozone","Martin",35.81066,-76.9063
"6008",2024-09-03,31,"Jamesville School","Ozone","Martin",35.81066,-76.9063
"6009",2024-09-04,31,"Jamesville School","Ozone","Martin",35.81066,-76.9063
"6010",2024-09-05,30,"Jamesville School","Ozone","Martin",35.81066,-76.9063
"6011",2024-09-06,25,"Jamesville School","Ozone","Martin",35.81066,-76.9063
"6012",2024-09-07,24,"Jamesville School","Ozone","Martin",35.81066,-76.9063
"6013",2024-09-08,26,"Jamesville School","Ozone","Martin",35.81066,-76.9063
"6014",2024-09-09,36,"Jamesville School","Ozone","Martin",35.81066,-76.9063
"6015",2024-09-10,37,"Jamesville School","Ozone","Martin",35.81066,-76.9063
"6016",2024-09-11,45,"Jamesville School","Ozone","Martin",35.81066,-76.9063
"6017",2024-09-12,36,"Jamesville School","Ozone","Martin",35.81066,-76.9063
"6018",2024-09-13,23,"Jamesville School","Ozone","Martin",35.81066,-76.9063
"6019",2024-09-14,27,"Jamesville School","Ozone","Martin",35.81066,-76.9063
"6020",2024-09-15,26,"Jamesville School","Ozone","Martin",35.81066,-76.9063
"6021",2024-09-16,25,"Jamesville School","Ozone","Martin",35.81066,-76.9063
"6022",2024-09-17,22,"Jamesville School","Ozone","Martin",35.81066,-76.9063
"6023",2024-09-18,19,"Jamesville School","Ozone","Martin",35.81066,-76.9063
"6024",2024-09-19,22,"Jamesville School","Ozone","Martin",35.81066,-76.9063
"6025",2024-09-20,37,"Jamesville School","Ozone","Martin",35.81066,-76.9063
"6026",2024-09-21,35,"Jamesville School","Ozone","Martin",35.81066,-76.9063
"6027",2024-09-22,31,"Jamesville School","Ozone","Martin",35.81066,-76.9063
"6028",2024-09-23,34,"Jamesville School","Ozone","Martin",35.81066,-76.9063
"6029",2024-09-24,22,"Jamesville School","Ozone","Martin",35.81066,-76.9063
"6030",2024-09-25,24,"Jamesville School","Ozone","Martin",35.81066,-76.9063
"6031",2024-09-26,20,"Jamesville School","Ozone","Martin",35.81066,-76.9063
"6032",2024-09-27,18,"Jamesville School","Ozone","Martin",35.81066,-76.9063
"6033",2024-09-28,31,"Jamesville School","Ozone","Martin",35.81066,-76.9063
"6034",2024-09-29,30,"Jamesville School","Ozone","Martin",35.81066,-76.9063
"6035",2024-09-30,24,"Jamesville School","Ozone","Martin",35.81066,-76.9063
"6036",2024-10-01,25,"Jamesville School","Ozone","Martin",35.81066,-76.9063
"6037",2024-10-02,23,"Jamesville School","Ozone","Martin",35.81066,-76.9063
"6038",2024-10-03,30,"Jamesville School","Ozone","Martin",35.81066,-76.9063
"6039",2024-10-04,33,"Jamesville School","Ozone","Martin",35.81066,-76.9063
"6040",2024-10-05,29,"Jamesville School","Ozone","Martin",35.81066,-76.9063
"6041",2024-10-06,42,"Jamesville School","Ozone","Martin",35.81066,-76.9063
"6042",2024-10-07,34,"Jamesville School","Ozone","Martin",35.81066,-76.9063
"6043",2024-10-08,31,"Jamesville School","Ozone","Martin",35.81066,-76.9063
"6044",2024-10-09,11,"Jamesville School","Ozone","Martin",35.81066,-76.9063
"6045",2024-10-10,28,"Jamesville School","Ozone","Martin",35.81066,-76.9063
"6046",2024-10-11,26,"Jamesville School","Ozone","Martin",35.81066,-76.9063
"6047",2024-10-12,37,"Jamesville School","Ozone","Martin",35.81066,-76.9063
"6048",2024-10-13,40,"Jamesville School","Ozone","Martin",35.81066,-76.9063
"6049",2024-10-14,42,"Jamesville School","Ozone","Martin",35.81066,-76.9063
"6050",2024-10-15,31,"Jamesville School","Ozone","Martin",35.81066,-76.9063
"6051",2024-10-16,28,"Jamesville School","Ozone","Martin",35.81066,-76.9063
"6052",2024-10-17,31,"Jamesville School","Ozone","Martin",35.81066,-76.9063
"6053",2024-10-18,33,"Jamesville School","Ozone","Martin",35.81066,-76.9063
"6054",2024-10-19,33,"Jamesville School","Ozone","Martin",35.81066,-76.9063
"6055",2024-10-20,28,"Jamesville School","Ozone","Martin",35.81066,-76.9063
"6056",2024-10-21,40,"Jamesville School","Ozone","Martin",35.81066,-76.9063
"6057",2024-10-22,45,"Jamesville School","Ozone","Martin",35.81066,-76.9063
"6058",2024-10-23,31,"Jamesville School","Ozone","Martin",35.81066,-76.9063
"6059",2024-10-24,43,"Jamesville School","Ozone","Martin",35.81066,-76.9063
"6060",2024-10-25,35,"Jamesville School","Ozone","Martin",35.81066,-76.9063
"6061",2024-10-26,39,"Jamesville School","Ozone","Martin",35.81066,-76.9063
"6062",2024-10-27,20,"Jamesville School","Ozone","Martin",35.81066,-76.9063
"6063",2024-10-28,37,"Jamesville School","Ozone","Martin",35.81066,-76.9063
"6064",2024-10-29,31,"Jamesville School","Ozone","Martin",35.81066,-76.9063
"6065",2024-10-30,28,"Jamesville School","Ozone","Martin",35.81066,-76.9063
"6066",2024-10-31,29,"Jamesville School","Ozone","Martin",35.81066,-76.9063
"6067",2024-11-01,29,"Jamesville School","Ozone","Martin",35.81066,-76.9063
"6068",2024-11-02,32,"Jamesville School","Ozone","Martin",35.81066,-76.9063
"6069",2024-11-03,35,"Jamesville School","Ozone","Martin",35.81066,-76.9063
"6070",2024-01-01,28,"Garinger High School","Ozone","Mecklenburg",35.2401000008895,-80.785683
"6071",2024-01-02,23,"Garinger High School","Ozone","Mecklenburg",35.2401000008895,-80.785683
"6072",2024-01-03,21,"Garinger High School","Ozone","Mecklenburg",35.2401000008895,-80.785683
"6073",2024-01-04,29,"Garinger High School","Ozone","Mecklenburg",35.2401000008895,-80.785683
"6074",2024-01-05,25,"Garinger High School","Ozone","Mecklenburg",35.2401000008895,-80.785683
"6075",2024-01-06,21,"Garinger High School","Ozone","Mecklenburg",35.2401000008895,-80.785683
"6076",2024-01-07,31,"Garinger High School","Ozone","Mecklenburg",35.2401000008895,-80.785683
"6077",2024-01-08,29,"Garinger High School","Ozone","Mecklenburg",35.2401000008895,-80.785683
"6078",2024-01-09,34,"Garinger High School","Ozone","Mecklenburg",35.2401000008895,-80.785683
"6079",2024-01-10,23,"Garinger High School","Ozone","Mecklenburg",35.2401000008895,-80.785683
"6080",2024-01-11,28,"Garinger High School","Ozone","Mecklenburg",35.2401000008895,-80.785683
"6081",2024-01-12,29,"Garinger High School","Ozone","Mecklenburg",35.2401000008895,-80.785683
"6082",2024-01-13,31,"Garinger High School","Ozone","Mecklenburg",35.2401000008895,-80.785683
"6083",2024-01-14,38,"Garinger High School","Ozone","Mecklenburg",35.2401000008895,-80.785683
"6084",2024-01-15,25,"Garinger High School","Ozone","Mecklenburg",35.2401000008895,-80.785683
"6085",2024-01-16,31,"Garinger High School","Ozone","Mecklenburg",35.2401000008895,-80.785683
"6086",2024-01-17,30,"Garinger High School","Ozone","Mecklenburg",35.2401000008895,-80.785683
"6087",2024-01-18,33,"Garinger High School","Ozone","Mecklenburg",35.2401000008895,-80.785683
"6088",2024-01-19,33,"Garinger High School","Ozone","Mecklenburg",35.2401000008895,-80.785683
"6089",2024-01-20,32,"Garinger High School","Ozone","Mecklenburg",35.2401000008895,-80.785683
"6090",2024-01-21,31,"Garinger High School","Ozone","Mecklenburg",35.2401000008895,-80.785683
"6091",2024-01-22,33,"Garinger High School","Ozone","Mecklenburg",35.2401000008895,-80.785683
"6092",2024-01-24,26,"Garinger High School","Ozone","Mecklenburg",35.2401000008895,-80.785683
"6093",2024-01-25,22,"Garinger High School","Ozone","Mecklenburg",35.2401000008895,-80.785683
"6094",2024-01-26,27,"Garinger High School","Ozone","Mecklenburg",35.2401000008895,-80.785683
"6095",2024-01-27,24,"Garinger High School","Ozone","Mecklenburg",35.2401000008895,-80.785683
"6096",2024-01-28,23,"Garinger High School","Ozone","Mecklenburg",35.2401000008895,-80.785683
"6097",2024-01-29,32,"Garinger High School","Ozone","Mecklenburg",35.2401000008895,-80.785683
"6098",2024-01-30,31,"Garinger High School","Ozone","Mecklenburg",35.2401000008895,-80.785683
"6099",2024-01-31,28,"Garinger High School","Ozone","Mecklenburg",35.2401000008895,-80.785683
"6100",2024-02-01,30,"Garinger High School","Ozone","Mecklenburg",35.2401000008895,-80.785683
"6101",2024-02-02,37,"Garinger High School","Ozone","Mecklenburg",35.2401000008895,-80.785683
"6102",2024-02-03,29,"Garinger High School","Ozone","Mecklenburg",35.2401000008895,-80.785683
"6103",2024-02-04,33,"Garinger High School","Ozone","Mecklenburg",35.2401000008895,-80.785683
"6104",2024-02-05,37,"Garinger High School","Ozone","Mecklenburg",35.2401000008895,-80.785683
"6105",2024-02-06,32,"Garinger High School","Ozone","Mecklenburg",35.2401000008895,-80.785683
"6106",2024-02-07,35,"Garinger High School","Ozone","Mecklenburg",35.2401000008895,-80.785683
"6107",2024-02-08,36,"Garinger High School","Ozone","Mecklenburg",35.2401000008895,-80.785683
"6108",2024-02-09,30,"Garinger High School","Ozone","Mecklenburg",35.2401000008895,-80.785683
"6109",2024-02-10,34,"Garinger High School","Ozone","Mecklenburg",35.2401000008895,-80.785683
"6110",2024-02-11,25,"Garinger High School","Ozone","Mecklenburg",35.2401000008895,-80.785683
"6111",2024-02-12,33,"Garinger High School","Ozone","Mecklenburg",35.2401000008895,-80.785683
"6112",2024-02-13,37,"Garinger High School","Ozone","Mecklenburg",35.2401000008895,-80.785683
"6113",2024-02-14,39,"Garinger High School","Ozone","Mecklenburg",35.2401000008895,-80.785683
"6114",2024-02-15,43,"Garinger High School","Ozone","Mecklenburg",35.2401000008895,-80.785683
"6115",2024-02-16,36,"Garinger High School","Ozone","Mecklenburg",35.2401000008895,-80.785683
"6116",2024-02-17,36,"Garinger High School","Ozone","Mecklenburg",35.2401000008895,-80.785683
"6117",2024-02-18,34,"Garinger High School","Ozone","Mecklenburg",35.2401000008895,-80.785683
"6118",2024-02-19,39,"Garinger High School","Ozone","Mecklenburg",35.2401000008895,-80.785683
"6119",2024-02-20,44,"Garinger High School","Ozone","Mecklenburg",35.2401000008895,-80.785683
"6120",2024-02-21,40,"Garinger High School","Ozone","Mecklenburg",35.2401000008895,-80.785683
"6121",2024-02-22,64,"Garinger High School","Ozone","Mecklenburg",35.2401000008895,-80.785683
"6122",2024-02-23,36,"Garinger High School","Ozone","Mecklenburg",35.2401000008895,-80.785683
"6123",2024-02-24,36,"Garinger High School","Ozone","Mecklenburg",35.2401000008895,-80.785683
"6124",2024-02-25,39,"Garinger High School","Ozone","Mecklenburg",35.2401000008895,-80.785683
"6125",2024-02-26,48,"Garinger High School","Ozone","Mecklenburg",35.2401000008895,-80.785683
"6126",2024-02-27,40,"Garinger High School","Ozone","Mecklenburg",35.2401000008895,-80.785683
"6127",2024-02-28,38,"Garinger High School","Ozone","Mecklenburg",35.2401000008895,-80.785683
"6128",2024-02-29,33,"Garinger High School","Ozone","Mecklenburg",35.2401000008895,-80.785683
"6129",2024-03-01,23,"Garinger High School","Ozone","Mecklenburg",35.2401000008895,-80.785683
"6130",2024-03-02,31,"Garinger High School","Ozone","Mecklenburg",35.2401000008895,-80.785683
"6131",2024-03-03,31,"Garinger High School","Ozone","Mecklenburg",35.2401000008895,-80.785683
"6132",2024-03-04,36,"Garinger High School","Ozone","Mecklenburg",35.2401000008895,-80.785683
"6133",2024-03-05,42,"Garinger High School","Ozone","Mecklenburg",35.2401000008895,-80.785683
"6134",2024-03-06,29,"Garinger High School","Ozone","Mecklenburg",35.2401000008895,-80.785683
"6135",2024-03-07,40,"Garinger High School","Ozone","Mecklenburg",35.2401000008895,-80.785683
"6136",2024-03-08,30,"Garinger High School","Ozone","Mecklenburg",35.2401000008895,-80.785683
"6137",2024-03-09,22,"Garinger High School","Ozone","Mecklenburg",35.2401000008895,-80.785683
"6138",2024-03-10,41,"Garinger High School","Ozone","Mecklenburg",35.2401000008895,-80.785683
"6139",2024-03-11,43,"Garinger High School","Ozone","Mecklenburg",35.2401000008895,-80.785683
"6140",2024-03-12,43,"Garinger High School","Ozone","Mecklenburg",35.2401000008895,-80.785683
"6141",2024-03-13,58,"Garinger High School","Ozone","Mecklenburg",35.2401000008895,-80.785683
"6142",2024-03-14,80,"Garinger High School","Ozone","Mecklenburg",35.2401000008895,-80.785683
"6143",2024-03-15,33,"Garinger High School","Ozone","Mecklenburg",35.2401000008895,-80.785683
"6144",2024-03-16,42,"Garinger High School","Ozone","Mecklenburg",35.2401000008895,-80.785683
"6145",2024-03-17,41,"Garinger High School","Ozone","Mecklenburg",35.2401000008895,-80.785683
"6146",2024-03-18,42,"Garinger High School","Ozone","Mecklenburg",35.2401000008895,-80.785683
"6147",2024-03-19,37,"Garinger High School","Ozone","Mecklenburg",35.2401000008895,-80.785683
"6148",2024-03-20,48,"Garinger High School","Ozone","Mecklenburg",35.2401000008895,-80.785683
"6149",2024-03-21,47,"Garinger High School","Ozone","Mecklenburg",35.2401000008895,-80.785683
"6150",2024-03-22,33,"Garinger High School","Ozone","Mecklenburg",35.2401000008895,-80.785683
"6151",2024-03-23,42,"Garinger High School","Ozone","Mecklenburg",35.2401000008895,-80.785683
"6152",2024-03-24,44,"Garinger High School","Ozone","Mecklenburg",35.2401000008895,-80.785683
"6153",2024-03-25,46,"Garinger High School","Ozone","Mecklenburg",35.2401000008895,-80.785683
"6154",2024-03-26,37,"Garinger High School","Ozone","Mecklenburg",35.2401000008895,-80.785683
"6155",2024-03-27,19,"Garinger High School","Ozone","Mecklenburg",35.2401000008895,-80.785683
"6156",2024-03-28,42,"Garinger High School","Ozone","Mecklenburg",35.2401000008895,-80.785683
"6157",2024-03-29,47,"Garinger High School","Ozone","Mecklenburg",35.2401000008895,-80.785683
"6158",2024-03-30,54,"Garinger High School","Ozone","Mecklenburg",35.2401000008895,-80.785683
"6159",2024-03-31,50,"Garinger High School","Ozone","Mecklenburg",35.2401000008895,-80.785683
"6160",2024-04-01,43,"Garinger High School","Ozone","Mecklenburg",35.2401000008895,-80.785683
"6161",2024-04-02,41,"Garinger High School","Ozone","Mecklenburg",35.2401000008895,-80.785683
"6162",2024-04-03,43,"Garinger High School","Ozone","Mecklenburg",35.2401000008895,-80.785683
"6163",2024-04-04,38,"Garinger High School","Ozone","Mecklenburg",35.2401000008895,-80.785683
"6164",2024-04-05,36,"Garinger High School","Ozone","Mecklenburg",35.2401000008895,-80.785683
"6165",2024-04-06,43,"Garinger High School","Ozone","Mecklenburg",35.2401000008895,-80.785683
"6166",2024-04-07,47,"Garinger High School","Ozone","Mecklenburg",35.2401000008895,-80.785683
"6167",2024-04-08,45,"Garinger High School","Ozone","Mecklenburg",35.2401000008895,-80.785683
"6168",2024-04-09,32,"Garinger High School","Ozone","Mecklenburg",35.2401000008895,-80.785683
"6169",2024-04-10,37,"Garinger High School","Ozone","Mecklenburg",35.2401000008895,-80.785683
"6170",2024-04-11,36,"Garinger High School","Ozone","Mecklenburg",35.2401000008895,-80.785683
"6171",2024-04-12,44,"Garinger High School","Ozone","Mecklenburg",35.2401000008895,-80.785683
"6172",2024-04-13,47,"Garinger High School","Ozone","Mecklenburg",35.2401000008895,-80.785683
"6173",2024-04-14,54,"Garinger High School","Ozone","Mecklenburg",35.2401000008895,-80.785683
"6174",2024-04-15,61,"Garinger High School","Ozone","Mecklenburg",35.2401000008895,-80.785683
"6175",2024-04-16,61,"Garinger High School","Ozone","Mecklenburg",35.2401000008895,-80.785683
"6176",2024-04-17,45,"Garinger High School","Ozone","Mecklenburg",35.2401000008895,-80.785683
"6177",2024-04-18,50,"Garinger High School","Ozone","Mecklenburg",35.2401000008895,-80.785683
"6178",2024-04-19,74,"Garinger High School","Ozone","Mecklenburg",35.2401000008895,-80.785683
"6179",2024-04-20,40,"Garinger High School","Ozone","Mecklenburg",35.2401000008895,-80.785683
"6180",2024-04-21,33,"Garinger High School","Ozone","Mecklenburg",35.2401000008895,-80.785683
"6181",2024-04-22,39,"Garinger High School","Ozone","Mecklenburg",35.2401000008895,-80.785683
"6182",2024-04-23,43,"Garinger High School","Ozone","Mecklenburg",35.2401000008895,-80.785683
"6183",2024-04-24,46,"Garinger High School","Ozone","Mecklenburg",35.2401000008895,-80.785683
"6184",2024-04-25,71,"Garinger High School","Ozone","Mecklenburg",35.2401000008895,-80.785683
"6185",2024-04-26,38,"Garinger High School","Ozone","Mecklenburg",35.2401000008895,-80.785683
"6186",2024-04-27,44,"Garinger High School","Ozone","Mecklenburg",35.2401000008895,-80.785683
"6187",2024-04-28,41,"Garinger High School","Ozone","Mecklenburg",35.2401000008895,-80.785683
"6188",2024-04-29,45,"Garinger High School","Ozone","Mecklenburg",35.2401000008895,-80.785683
"6189",2024-04-30,38,"Garinger High School","Ozone","Mecklenburg",35.2401000008895,-80.785683
"6190",2024-05-01,50,"Garinger High School","Ozone","Mecklenburg",35.2401000008895,-80.785683
"6191",2024-05-02,67,"Garinger High School","Ozone","Mecklenburg",35.2401000008895,-80.785683
"6192",2024-05-03,46,"Garinger High School","Ozone","Mecklenburg",35.2401000008895,-80.785683
"6193",2024-05-04,28,"Garinger High School","Ozone","Mecklenburg",35.2401000008895,-80.785683
"6194",2024-05-05,34,"Garinger High School","Ozone","Mecklenburg",35.2401000008895,-80.785683
"6195",2024-05-06,31,"Garinger High School","Ozone","Mecklenburg",35.2401000008895,-80.785683
"6196",2024-05-07,32,"Garinger High School","Ozone","Mecklenburg",35.2401000008895,-80.785683
"6197",2024-05-08,35,"Garinger High School","Ozone","Mecklenburg",35.2401000008895,-80.785683
"6198",2024-05-09,38,"Garinger High School","Ozone","Mecklenburg",35.2401000008895,-80.785683
"6199",2024-05-10,43,"Garinger High School","Ozone","Mecklenburg",35.2401000008895,-80.785683
"6200",2024-05-11,44,"Garinger High School","Ozone","Mecklenburg",35.2401000008895,-80.785683
"6201",2024-05-12,46,"Garinger High School","Ozone","Mecklenburg",35.2401000008895,-80.785683
"6202",2024-05-13,43,"Garinger High School","Ozone","Mecklenburg",35.2401000008895,-80.785683
"6203",2024-05-14,20,"Garinger High School","Ozone","Mecklenburg",35.2401000008895,-80.785683
"6204",2024-05-15,32,"Garinger High School","Ozone","Mecklenburg",35.2401000008895,-80.785683
"6205",2024-05-16,44,"Garinger High School","Ozone","Mecklenburg",35.2401000008895,-80.785683
"6206",2024-05-17,38,"Garinger High School","Ozone","Mecklenburg",35.2401000008895,-80.785683
"6207",2024-05-18,32,"Garinger High School","Ozone","Mecklenburg",35.2401000008895,-80.785683
"6208",2024-05-19,38,"Garinger High School","Ozone","Mecklenburg",35.2401000008895,-80.785683
"6209",2024-05-20,47,"Garinger High School","Ozone","Mecklenburg",35.2401000008895,-80.785683
"6210",2024-05-21,61,"Garinger High School","Ozone","Mecklenburg",35.2401000008895,-80.785683
"6211",2024-05-22,51,"Garinger High School","Ozone","Mecklenburg",35.2401000008895,-80.785683
"6212",2024-05-23,46,"Garinger High School","Ozone","Mecklenburg",35.2401000008895,-80.785683
"6213",2024-05-24,47,"Garinger High School","Ozone","Mecklenburg",35.2401000008895,-80.785683
"6214",2024-05-25,46,"Garinger High School","Ozone","Mecklenburg",35.2401000008895,-80.785683
"6215",2024-05-26,46,"Garinger High School","Ozone","Mecklenburg",35.2401000008895,-80.785683
"6216",2024-05-27,47,"Garinger High School","Ozone","Mecklenburg",35.2401000008895,-80.785683
"6217",2024-05-28,47,"Garinger High School","Ozone","Mecklenburg",35.2401000008895,-80.785683
"6218",2024-05-29,51,"Garinger High School","Ozone","Mecklenburg",35.2401000008895,-80.785683
"6219",2024-05-30,46,"Garinger High School","Ozone","Mecklenburg",35.2401000008895,-80.785683
"6220",2024-05-31,74,"Garinger High School","Ozone","Mecklenburg",35.2401000008895,-80.785683
"6221",2024-06-01,58,"Garinger High School","Ozone","Mecklenburg",35.2401000008895,-80.785683
"6222",2024-06-02,42,"Garinger High School","Ozone","Mecklenburg",35.2401000008895,-80.785683
"6223",2024-06-03,42,"Garinger High School","Ozone","Mecklenburg",35.2401000008895,-80.785683
"6224",2024-06-04,44,"Garinger High School","Ozone","Mecklenburg",35.2401000008895,-80.785683
"6225",2024-06-05,31,"Garinger High School","Ozone","Mecklenburg",35.2401000008895,-80.785683
"6226",2024-06-06,36,"Garinger High School","Ozone","Mecklenburg",35.2401000008895,-80.785683
"6227",2024-06-07,51,"Garinger High School","Ozone","Mecklenburg",35.2401000008895,-80.785683
"6228",2024-06-08,97,"Garinger High School","Ozone","Mecklenburg",35.2401000008895,-80.785683
"6229",2024-06-09,46,"Garinger High School","Ozone","Mecklenburg",35.2401000008895,-80.785683
"6230",2024-06-10,54,"Garinger High School","Ozone","Mecklenburg",35.2401000008895,-80.785683
"6231",2024-06-11,51,"Garinger High School","Ozone","Mecklenburg",35.2401000008895,-80.785683
"6232",2024-06-12,71,"Garinger High School","Ozone","Mecklenburg",35.2401000008895,-80.785683
"6233",2024-06-13,58,"Garinger High School","Ozone","Mecklenburg",35.2401000008895,-80.785683
"6234",2024-06-14,93,"Garinger High School","Ozone","Mecklenburg",35.2401000008895,-80.785683
"6235",2024-06-15,64,"Garinger High School","Ozone","Mecklenburg",35.2401000008895,-80.785683
"6236",2024-06-16,44,"Garinger High School","Ozone","Mecklenburg",35.2401000008895,-80.785683
"6237",2024-06-17,46,"Garinger High School","Ozone","Mecklenburg",35.2401000008895,-80.785683
"6238",2024-06-18,44,"Garinger High School","Ozone","Mecklenburg",35.2401000008895,-80.785683
"6239",2024-06-19,42,"Garinger High School","Ozone","Mecklenburg",35.2401000008895,-80.785683
"6240",2024-06-20,40,"Garinger High School","Ozone","Mecklenburg",35.2401000008895,-80.785683
"6241",2024-06-21,45,"Garinger High School","Ozone","Mecklenburg",35.2401000008895,-80.785683
"6242",2024-06-22,28,"Garinger High School","Ozone","Mecklenburg",35.2401000008895,-80.785683
"6243",2024-06-23,32,"Garinger High School","Ozone","Mecklenburg",35.2401000008895,-80.785683
"6244",2024-06-24,64,"Garinger High School","Ozone","Mecklenburg",35.2401000008895,-80.785683
"6245",2024-06-25,115,"Garinger High School","Ozone","Mecklenburg",35.2401000008895,-80.785683
"6246",2024-06-26,74,"Garinger High School","Ozone","Mecklenburg",35.2401000008895,-80.785683
"6247",2024-06-27,51,"Garinger High School","Ozone","Mecklenburg",35.2401000008895,-80.785683
"6248",2024-06-28,51,"Garinger High School","Ozone","Mecklenburg",35.2401000008895,-80.785683
"6249",2024-06-29,35,"Garinger High School","Ozone","Mecklenburg",35.2401000008895,-80.785683
"6250",2024-06-30,42,"Garinger High School","Ozone","Mecklenburg",35.2401000008895,-80.785683
"6251",2024-07-01,50,"Garinger High School","Ozone","Mecklenburg",35.2401000008895,-80.785683
"6252",2024-07-02,49,"Garinger High School","Ozone","Mecklenburg",35.2401000008895,-80.785683
"6253",2024-07-03,74,"Garinger High School","Ozone","Mecklenburg",35.2401000008895,-80.785683
"6254",2024-07-04,39,"Garinger High School","Ozone","Mecklenburg",35.2401000008895,-80.785683
"6255",2024-07-05,37,"Garinger High School","Ozone","Mecklenburg",35.2401000008895,-80.785683
"6256",2024-07-06,45,"Garinger High School","Ozone","Mecklenburg",35.2401000008895,-80.785683
"6257",2024-07-07,35,"Garinger High School","Ozone","Mecklenburg",35.2401000008895,-80.785683
"6258",2024-07-08,74,"Garinger High School","Ozone","Mecklenburg",35.2401000008895,-80.785683
"6259",2024-07-09,45,"Garinger High School","Ozone","Mecklenburg",35.2401000008895,-80.785683
"6260",2024-07-10,41,"Garinger High School","Ozone","Mecklenburg",35.2401000008895,-80.785683
"6261",2024-07-11,74,"Garinger High School","Ozone","Mecklenburg",35.2401000008895,-80.785683
"6262",2024-07-12,32,"Garinger High School","Ozone","Mecklenburg",35.2401000008895,-80.785683
"6263",2024-07-13,77,"Garinger High School","Ozone","Mecklenburg",35.2401000008895,-80.785683
"6264",2024-07-14,50,"Garinger High School","Ozone","Mecklenburg",35.2401000008895,-80.785683
"6265",2024-07-15,80,"Garinger High School","Ozone","Mecklenburg",35.2401000008895,-80.785683
"6266",2024-07-16,49,"Garinger High School","Ozone","Mecklenburg",35.2401000008895,-80.785683
"6267",2024-07-17,46,"Garinger High School","Ozone","Mecklenburg",35.2401000008895,-80.785683
"6268",2024-07-18,47,"Garinger High School","Ozone","Mecklenburg",35.2401000008895,-80.785683
"6269",2024-07-19,32,"Garinger High School","Ozone","Mecklenburg",35.2401000008895,-80.785683
"6270",2024-07-20,33,"Garinger High School","Ozone","Mecklenburg",35.2401000008895,-80.785683
"6271",2024-07-21,24,"Garinger High School","Ozone","Mecklenburg",35.2401000008895,-80.785683
"6272",2024-07-22,33,"Garinger High School","Ozone","Mecklenburg",35.2401000008895,-80.785683
"6273",2024-07-23,31,"Garinger High School","Ozone","Mecklenburg",35.2401000008895,-80.785683
"6274",2024-07-24,37,"Garinger High School","Ozone","Mecklenburg",35.2401000008895,-80.785683
"6275",2024-07-25,29,"Garinger High School","Ozone","Mecklenburg",35.2401000008895,-80.785683
"6276",2024-07-26,36,"Garinger High School","Ozone","Mecklenburg",35.2401000008895,-80.785683
"6277",2024-07-27,42,"Garinger High School","Ozone","Mecklenburg",35.2401000008895,-80.785683
"6278",2024-07-28,44,"Garinger High School","Ozone","Mecklenburg",35.2401000008895,-80.785683
"6279",2024-07-30,34,"Garinger High School","Ozone","Mecklenburg",35.2401000008895,-80.785683
"6280",2024-07-31,54,"Garinger High School","Ozone","Mecklenburg",35.2401000008895,-80.785683
"6281",2024-08-01,77,"Garinger High School","Ozone","Mecklenburg",35.2401000008895,-80.785683
"6282",2024-08-02,31,"Garinger High School","Ozone","Mecklenburg",35.2401000008895,-80.785683
"6283",2024-08-03,32,"Garinger High School","Ozone","Mecklenburg",35.2401000008895,-80.785683
"6284",2024-08-04,44,"Garinger High School","Ozone","Mecklenburg",35.2401000008895,-80.785683
"6285",2024-08-05,24,"Garinger High School","Ozone","Mecklenburg",35.2401000008895,-80.785683
"6286",2024-08-06,17,"Garinger High School","Ozone","Mecklenburg",35.2401000008895,-80.785683
"6287",2024-08-07,28,"Garinger High School","Ozone","Mecklenburg",35.2401000008895,-80.785683
"6288",2024-08-08,27,"Garinger High School","Ozone","Mecklenburg",35.2401000008895,-80.785683
"6289",2024-08-09,47,"Garinger High School","Ozone","Mecklenburg",35.2401000008895,-80.785683
"6290",2024-08-10,47,"Garinger High School","Ozone","Mecklenburg",35.2401000008895,-80.785683
"6291",2024-08-11,43,"Garinger High School","Ozone","Mecklenburg",35.2401000008895,-80.785683
"6292",2024-08-12,42,"Garinger High School","Ozone","Mecklenburg",35.2401000008895,-80.785683
"6293",2024-08-13,32,"Garinger High School","Ozone","Mecklenburg",35.2401000008895,-80.785683
"6294",2024-08-14,51,"Garinger High School","Ozone","Mecklenburg",35.2401000008895,-80.785683
"6295",2024-08-15,44,"Garinger High School","Ozone","Mecklenburg",35.2401000008895,-80.785683
"6296",2024-08-16,42,"Garinger High School","Ozone","Mecklenburg",35.2401000008895,-80.785683
"6297",2024-08-17,41,"Garinger High School","Ozone","Mecklenburg",35.2401000008895,-80.785683
"6298",2024-08-18,44,"Garinger High School","Ozone","Mecklenburg",35.2401000008895,-80.785683
"6299",2024-08-19,40,"Garinger High School","Ozone","Mecklenburg",35.2401000008895,-80.785683
"6300",2024-08-20,44,"Garinger High School","Ozone","Mecklenburg",35.2401000008895,-80.785683
"6301",2024-08-21,44,"Garinger High School","Ozone","Mecklenburg",35.2401000008895,-80.785683
"6302",2024-08-22,42,"Garinger High School","Ozone","Mecklenburg",35.2401000008895,-80.785683
"6303",2024-08-23,42,"Garinger High School","Ozone","Mecklenburg",35.2401000008895,-80.785683
"6304",2024-08-24,47,"Garinger High School","Ozone","Mecklenburg",35.2401000008895,-80.785683
"6305",2024-08-25,48,"Garinger High School","Ozone","Mecklenburg",35.2401000008895,-80.785683
"6306",2024-08-26,71,"Garinger High School","Ozone","Mecklenburg",35.2401000008895,-80.785683
"6307",2024-08-27,136,"Garinger High School","Ozone","Mecklenburg",35.2401000008895,-80.785683
"6308",2024-08-28,71,"Garinger High School","Ozone","Mecklenburg",35.2401000008895,-80.785683
"6309",2024-08-29,93,"Garinger High School","Ozone","Mecklenburg",35.2401000008895,-80.785683
"6310",2024-08-30,44,"Garinger High School","Ozone","Mecklenburg",35.2401000008895,-80.785683
"6311",2024-08-31,51,"Garinger High School","Ozone","Mecklenburg",35.2401000008895,-80.785683
"6312",2024-09-01,31,"Garinger High School","Ozone","Mecklenburg",35.2401000008895,-80.785683
"6313",2024-09-02,40,"Garinger High School","Ozone","Mecklenburg",35.2401000008895,-80.785683
"6314",2024-09-03,38,"Garinger High School","Ozone","Mecklenburg",35.2401000008895,-80.785683
"6315",2024-09-04,38,"Garinger High School","Ozone","Mecklenburg",35.2401000008895,-80.785683
"6316",2024-09-05,44,"Garinger High School","Ozone","Mecklenburg",35.2401000008895,-80.785683
"6317",2024-09-06,43,"Garinger High School","Ozone","Mecklenburg",35.2401000008895,-80.785683
"6318",2024-09-07,42,"Garinger High School","Ozone","Mecklenburg",35.2401000008895,-80.785683
"6319",2024-09-08,33,"Garinger High School","Ozone","Mecklenburg",35.2401000008895,-80.785683
"6320",2024-09-09,42,"Garinger High School","Ozone","Mecklenburg",35.2401000008895,-80.785683
"6321",2024-09-10,51,"Garinger High School","Ozone","Mecklenburg",35.2401000008895,-80.785683
"6322",2024-09-11,42,"Garinger High School","Ozone","Mecklenburg",35.2401000008895,-80.785683
"6323",2024-09-12,45,"Garinger High School","Ozone","Mecklenburg",35.2401000008895,-80.785683
"6324",2024-09-13,31,"Garinger High School","Ozone","Mecklenburg",35.2401000008895,-80.785683
"6325",2024-09-14,32,"Garinger High School","Ozone","Mecklenburg",35.2401000008895,-80.785683
"6326",2024-09-15,28,"Garinger High School","Ozone","Mecklenburg",35.2401000008895,-80.785683
"6327",2024-09-16,27,"Garinger High School","Ozone","Mecklenburg",35.2401000008895,-80.785683
"6328",2024-09-17,19,"Garinger High School","Ozone","Mecklenburg",35.2401000008895,-80.785683
"6329",2024-09-18,30,"Garinger High School","Ozone","Mecklenburg",35.2401000008895,-80.785683
"6330",2024-09-19,31,"Garinger High School","Ozone","Mecklenburg",35.2401000008895,-80.785683
"6331",2024-09-20,44,"Garinger High School","Ozone","Mecklenburg",35.2401000008895,-80.785683
"6332",2024-09-21,46,"Garinger High School","Ozone","Mecklenburg",35.2401000008895,-80.785683
"6333",2024-09-22,48,"Garinger High School","Ozone","Mecklenburg",35.2401000008895,-80.785683
"6334",2024-09-23,19,"Garinger High School","Ozone","Mecklenburg",35.2401000008895,-80.785683
"6335",2024-09-24,33,"Garinger High School","Ozone","Mecklenburg",35.2401000008895,-80.785683
"6336",2024-09-25,37,"Garinger High School","Ozone","Mecklenburg",35.2401000008895,-80.785683
"6337",2024-09-26,26,"Garinger High School","Ozone","Mecklenburg",35.2401000008895,-80.785683
"6338",2024-09-28,36,"Garinger High School","Ozone","Mecklenburg",35.2401000008895,-80.785683
"6339",2024-09-29,34,"Garinger High School","Ozone","Mecklenburg",35.2401000008895,-80.785683
"6340",2024-09-30,34,"Garinger High School","Ozone","Mecklenburg",35.2401000008895,-80.785683
"6341",2024-10-01,28,"Garinger High School","Ozone","Mecklenburg",35.2401000008895,-80.785683
"6342",2024-10-02,35,"Garinger High School","Ozone","Mecklenburg",35.2401000008895,-80.785683
"6343",2024-10-03,36,"Garinger High School","Ozone","Mecklenburg",35.2401000008895,-80.785683
"6344",2024-10-04,36,"Garinger High School","Ozone","Mecklenburg",35.2401000008895,-80.785683
"6345",2024-10-05,50,"Garinger High School","Ozone","Mecklenburg",35.2401000008895,-80.785683
"6346",2024-10-06,36,"Garinger High School","Ozone","Mecklenburg",35.2401000008895,-80.785683
"6347",2024-10-07,47,"Garinger High School","Ozone","Mecklenburg",35.2401000008895,-80.785683
"6348",2024-10-08,41,"Garinger High School","Ozone","Mecklenburg",35.2401000008895,-80.785683
"6349",2024-10-09,43,"Garinger High School","Ozone","Mecklenburg",35.2401000008895,-80.785683
"6350",2024-10-10,41,"Garinger High School","Ozone","Mecklenburg",35.2401000008895,-80.785683
"6351",2024-10-11,32,"Garinger High School","Ozone","Mecklenburg",35.2401000008895,-80.785683
"6352",2024-10-12,43,"Garinger High School","Ozone","Mecklenburg",35.2401000008895,-80.785683
"6353",2024-10-13,44,"Garinger High School","Ozone","Mecklenburg",35.2401000008895,-80.785683
"6354",2024-10-14,43,"Garinger High School","Ozone","Mecklenburg",35.2401000008895,-80.785683
"6355",2024-10-15,30,"Garinger High School","Ozone","Mecklenburg",35.2401000008895,-80.785683
"6356",2024-10-16,26,"Garinger High School","Ozone","Mecklenburg",35.2401000008895,-80.785683
"6357",2024-10-17,33,"Garinger High School","Ozone","Mecklenburg",35.2401000008895,-80.785683
"6358",2024-10-18,35,"Garinger High School","Ozone","Mecklenburg",35.2401000008895,-80.785683
"6359",2024-10-19,42,"Garinger High School","Ozone","Mecklenburg",35.2401000008895,-80.785683
"6360",2024-10-20,44,"Garinger High School","Ozone","Mecklenburg",35.2401000008895,-80.785683
"6361",2024-10-21,44,"Garinger High School","Ozone","Mecklenburg",35.2401000008895,-80.785683
"6362",2024-10-22,47,"Garinger High School","Ozone","Mecklenburg",35.2401000008895,-80.785683
"6363",2024-10-23,44,"Garinger High School","Ozone","Mecklenburg",35.2401000008895,-80.785683
"6364",2024-10-24,50,"Garinger High School","Ozone","Mecklenburg",35.2401000008895,-80.785683
"6365",2024-10-25,49,"Garinger High School","Ozone","Mecklenburg",35.2401000008895,-80.785683
"6366",2024-10-26,50,"Garinger High School","Ozone","Mecklenburg",35.2401000008895,-80.785683
"6367",2024-10-27,30,"Garinger High School","Ozone","Mecklenburg",35.2401000008895,-80.785683
"6368",2024-10-28,41,"Garinger High School","Ozone","Mecklenburg",35.2401000008895,-80.785683
"6369",2024-10-29,37,"Garinger High School","Ozone","Mecklenburg",35.2401000008895,-80.785683
"6370",2024-10-30,37,"Garinger High School","Ozone","Mecklenburg",35.2401000008895,-80.785683
"6371",2024-10-31,35,"Garinger High School","Ozone","Mecklenburg",35.2401000008895,-80.785683
"6372",2024-11-01,27,"Garinger High School","Ozone","Mecklenburg",35.2401000008895,-80.785683
"6373",2024-11-02,31,"Garinger High School","Ozone","Mecklenburg",35.2401000008895,-80.785683
"6374",2024-11-03,36,"Garinger High School","Ozone","Mecklenburg",35.2401000008895,-80.785683
"6375",2024-11-04,30,"Garinger High School","Ozone","Mecklenburg",35.2401000008895,-80.785683
"6376",2024-11-05,20,"Garinger High School","Ozone","Mecklenburg",35.2401000008895,-80.785683
"6377",2024-11-06,23,"Garinger High School","Ozone","Mecklenburg",35.2401000008895,-80.785683
"6378",2024-11-07,24,"Garinger High School","Ozone","Mecklenburg",35.2401000008895,-80.785683
"6379",2024-11-08,27,"Garinger High School","Ozone","Mecklenburg",35.2401000008895,-80.785683
"6380",2024-11-09,37,"Garinger High School","Ozone","Mecklenburg",35.2401000008895,-80.785683
"6381",2024-11-10,23,"Garinger High School","Ozone","Mecklenburg",35.2401000008895,-80.785683
"6382",2024-11-11,14,"Garinger High School","Ozone","Mecklenburg",35.2401000008895,-80.785683
"6383",2024-11-12,35,"Garinger High School","Ozone","Mecklenburg",35.2401000008895,-80.785683
"6384",2024-11-13,31,"Garinger High School","Ozone","Mecklenburg",35.2401000008895,-80.785683
"6385",2024-11-14,19,"Garinger High School","Ozone","Mecklenburg",35.2401000008895,-80.785683
"6386",2024-11-15,24,"Garinger High School","Ozone","Mecklenburg",35.2401000008895,-80.785683
"6387",2024-11-16,27,"Garinger High School","Ozone","Mecklenburg",35.2401000008895,-80.785683
"6388",2024-11-17,33,"Garinger High School","Ozone","Mecklenburg",35.2401000008895,-80.785683
"6389",2024-11-18,33,"Garinger High School","Ozone","Mecklenburg",35.2401000008895,-80.785683
"6390",2024-11-19,27,"Garinger High School","Ozone","Mecklenburg",35.2401000008895,-80.785683
"6391",2024-11-20,23,"Garinger High School","Ozone","Mecklenburg",35.2401000008895,-80.785683
"6392",2024-11-21,31,"Garinger High School","Ozone","Mecklenburg",35.2401000008895,-80.785683
"6393",2024-11-22,18,"Garinger High School","Ozone","Mecklenburg",35.2401000008895,-80.785683
"6394",2024-11-23,23,"Garinger High School","Ozone","Mecklenburg",35.2401000008895,-80.785683
"6395",2024-11-24,29,"Garinger High School","Ozone","Mecklenburg",35.2401000008895,-80.785683
"6396",2024-11-25,32,"Garinger High School","Ozone","Mecklenburg",35.2401000008895,-80.785683
"6397",2024-11-26,27,"Garinger High School","Ozone","Mecklenburg",35.2401000008895,-80.785683
"6398",2024-11-27,26,"Garinger High School","Ozone","Mecklenburg",35.2401000008895,-80.785683
"6399",2024-11-28,26,"Garinger High School","Ozone","Mecklenburg",35.2401000008895,-80.785683
"6400",2024-11-29,29,"Garinger High School","Ozone","Mecklenburg",35.2401000008895,-80.785683
"6401",2024-11-30,33,"Garinger High School","Ozone","Mecklenburg",35.2401000008895,-80.785683
"6402",2024-12-01,30,"Garinger High School","Ozone","Mecklenburg",35.2401000008895,-80.785683
"6403",2024-12-02,32,"Garinger High School","Ozone","Mecklenburg",35.2401000008895,-80.785683
"6404",2024-12-03,26,"Garinger High School","Ozone","Mecklenburg",35.2401000008895,-80.785683
"6405",2024-12-04,32,"Garinger High School","Ozone","Mecklenburg",35.2401000008895,-80.785683
"6406",2024-12-05,35,"Garinger High School","Ozone","Mecklenburg",35.2401000008895,-80.785683
"6407",2024-12-06,30,"Garinger High School","Ozone","Mecklenburg",35.2401000008895,-80.785683
"6408",2024-12-07,31,"Garinger High School","Ozone","Mecklenburg",35.2401000008895,-80.785683
"6409",2024-12-08,34,"Garinger High School","Ozone","Mecklenburg",35.2401000008895,-80.785683
"6410",2024-12-09,19,"Garinger High School","Ozone","Mecklenburg",35.2401000008895,-80.785683
"6411",2024-12-10,27,"Garinger High School","Ozone","Mecklenburg",35.2401000008895,-80.785683
"6412",2024-12-11,26,"Garinger High School","Ozone","Mecklenburg",35.2401000008895,-80.785683
"6413",2024-12-12,31,"Garinger High School","Ozone","Mecklenburg",35.2401000008895,-80.785683
"6414",2024-12-13,24,"Garinger High School","Ozone","Mecklenburg",35.2401000008895,-80.785683
"6415",2024-12-14,23,"Garinger High School","Ozone","Mecklenburg",35.2401000008895,-80.785683
"6416",2024-12-15,21,"Garinger High School","Ozone","Mecklenburg",35.2401000008895,-80.785683
"6417",2024-12-16,14,"Garinger High School","Ozone","Mecklenburg",35.2401000008895,-80.785683
"6418",2024-12-17,23,"Garinger High School","Ozone","Mecklenburg",35.2401000008895,-80.785683
"6419",2024-12-18,25,"Garinger High School","Ozone","Mecklenburg",35.2401000008895,-80.785683
"6420",2024-12-19,26,"Garinger High School","Ozone","Mecklenburg",35.2401000008895,-80.785683
"6421",2024-12-20,21,"Garinger High School","Ozone","Mecklenburg",35.2401000008895,-80.785683
"6422",2024-12-21,28,"Garinger High School","Ozone","Mecklenburg",35.2401000008895,-80.785683
"6423",2024-12-22,32,"Garinger High School","Ozone","Mecklenburg",35.2401000008895,-80.785683
"6424",2024-12-23,32,"Garinger High School","Ozone","Mecklenburg",35.2401000008895,-80.785683
"6425",2024-12-24,27,"Garinger High School","Ozone","Mecklenburg",35.2401000008895,-80.785683
"6426",2024-12-25,34,"Garinger High School","Ozone","Mecklenburg",35.2401000008895,-80.785683
"6427",2024-12-26,29,"Garinger High School","Ozone","Mecklenburg",35.2401000008895,-80.785683
"6428",2024-12-27,20,"Garinger High School","Ozone","Mecklenburg",35.2401000008895,-80.785683
"6429",2024-12-28,16,"Garinger High School","Ozone","Mecklenburg",35.2401000008895,-80.785683
"6430",2024-12-29,34,"Garinger High School","Ozone","Mecklenburg",35.2401000008895,-80.785683
"6431",2024-12-30,29,"Garinger High School","Ozone","Mecklenburg",35.2401000008895,-80.785683
"6432",2024-03-01,20,"University Meadows","Ozone","Mecklenburg",35.314158,-80.713469
"6433",2024-03-02,31,"University Meadows","Ozone","Mecklenburg",35.314158,-80.713469
"6434",2024-03-03,31,"University Meadows","Ozone","Mecklenburg",35.314158,-80.713469
"6435",2024-03-04,32,"University Meadows","Ozone","Mecklenburg",35.314158,-80.713469
"6436",2024-03-05,41,"University Meadows","Ozone","Mecklenburg",35.314158,-80.713469
"6437",2024-03-06,26,"University Meadows","Ozone","Mecklenburg",35.314158,-80.713469
"6438",2024-03-07,37,"University Meadows","Ozone","Mecklenburg",35.314158,-80.713469
"6439",2024-03-08,28,"University Meadows","Ozone","Mecklenburg",35.314158,-80.713469
"6440",2024-03-09,22,"University Meadows","Ozone","Mecklenburg",35.314158,-80.713469
"6441",2024-03-10,43,"University Meadows","Ozone","Mecklenburg",35.314158,-80.713469
"6442",2024-03-11,44,"University Meadows","Ozone","Mecklenburg",35.314158,-80.713469
"6443",2024-03-12,43,"University Meadows","Ozone","Mecklenburg",35.314158,-80.713469
"6444",2024-03-13,54,"University Meadows","Ozone","Mecklenburg",35.314158,-80.713469
"6445",2024-03-14,80,"University Meadows","Ozone","Mecklenburg",35.314158,-80.713469
"6446",2024-03-15,36,"University Meadows","Ozone","Mecklenburg",35.314158,-80.713469
"6447",2024-03-16,43,"University Meadows","Ozone","Mecklenburg",35.314158,-80.713469
"6448",2024-03-17,44,"University Meadows","Ozone","Mecklenburg",35.314158,-80.713469
"6449",2024-03-18,44,"University Meadows","Ozone","Mecklenburg",35.314158,-80.713469
"6450",2024-03-19,37,"University Meadows","Ozone","Mecklenburg",35.314158,-80.713469
"6451",2024-03-20,47,"University Meadows","Ozone","Mecklenburg",35.314158,-80.713469
"6452",2024-03-21,46,"University Meadows","Ozone","Mecklenburg",35.314158,-80.713469
"6453",2024-03-22,31,"University Meadows","Ozone","Mecklenburg",35.314158,-80.713469
"6454",2024-03-23,42,"University Meadows","Ozone","Mecklenburg",35.314158,-80.713469
"6455",2024-03-24,44,"University Meadows","Ozone","Mecklenburg",35.314158,-80.713469
"6456",2024-03-25,46,"University Meadows","Ozone","Mecklenburg",35.314158,-80.713469
"6457",2024-03-26,35,"University Meadows","Ozone","Mecklenburg",35.314158,-80.713469
"6458",2024-03-27,19,"University Meadows","Ozone","Mecklenburg",35.314158,-80.713469
"6459",2024-03-28,44,"University Meadows","Ozone","Mecklenburg",35.314158,-80.713469
"6460",2024-03-29,50,"University Meadows","Ozone","Mecklenburg",35.314158,-80.713469
"6461",2024-03-30,61,"University Meadows","Ozone","Mecklenburg",35.314158,-80.713469
"6462",2024-03-31,54,"University Meadows","Ozone","Mecklenburg",35.314158,-80.713469
"6463",2024-04-01,44,"University Meadows","Ozone","Mecklenburg",35.314158,-80.713469
"6464",2024-04-02,43,"University Meadows","Ozone","Mecklenburg",35.314158,-80.713469
"6465",2024-04-03,44,"University Meadows","Ozone","Mecklenburg",35.314158,-80.713469
"6466",2024-04-04,41,"University Meadows","Ozone","Mecklenburg",35.314158,-80.713469
"6467",2024-04-05,38,"University Meadows","Ozone","Mecklenburg",35.314158,-80.713469
"6468",2024-04-06,44,"University Meadows","Ozone","Mecklenburg",35.314158,-80.713469
"6469",2024-04-07,48,"University Meadows","Ozone","Mecklenburg",35.314158,-80.713469
"6470",2024-04-08,47,"University Meadows","Ozone","Mecklenburg",35.314158,-80.713469
"6471",2024-04-09,38,"University Meadows","Ozone","Mecklenburg",35.314158,-80.713469
"6472",2024-04-10,38,"University Meadows","Ozone","Mecklenburg",35.314158,-80.713469
"6473",2024-04-11,37,"University Meadows","Ozone","Mecklenburg",35.314158,-80.713469
"6474",2024-04-12,48,"University Meadows","Ozone","Mecklenburg",35.314158,-80.713469
"6475",2024-04-13,50,"University Meadows","Ozone","Mecklenburg",35.314158,-80.713469
"6476",2024-04-14,64,"University Meadows","Ozone","Mecklenburg",35.314158,-80.713469
"6477",2024-04-15,67,"University Meadows","Ozone","Mecklenburg",35.314158,-80.713469
"6478",2024-04-16,54,"University Meadows","Ozone","Mecklenburg",35.314158,-80.713469
"6479",2024-04-17,48,"University Meadows","Ozone","Mecklenburg",35.314158,-80.713469
"6480",2024-04-18,50,"University Meadows","Ozone","Mecklenburg",35.314158,-80.713469
"6481",2024-04-19,77,"University Meadows","Ozone","Mecklenburg",35.314158,-80.713469
"6482",2024-04-20,44,"University Meadows","Ozone","Mecklenburg",35.314158,-80.713469
"6483",2024-04-21,33,"University Meadows","Ozone","Mecklenburg",35.314158,-80.713469
"6484",2024-04-22,40,"University Meadows","Ozone","Mecklenburg",35.314158,-80.713469
"6485",2024-04-23,44,"University Meadows","Ozone","Mecklenburg",35.314158,-80.713469
"6486",2024-04-24,48,"University Meadows","Ozone","Mecklenburg",35.314158,-80.713469
"6487",2024-04-25,67,"University Meadows","Ozone","Mecklenburg",35.314158,-80.713469
"6488",2024-04-26,38,"University Meadows","Ozone","Mecklenburg",35.314158,-80.713469
"6489",2024-04-27,45,"University Meadows","Ozone","Mecklenburg",35.314158,-80.713469
"6490",2024-04-28,44,"University Meadows","Ozone","Mecklenburg",35.314158,-80.713469
"6491",2024-04-29,49,"University Meadows","Ozone","Mecklenburg",35.314158,-80.713469
"6492",2024-04-30,41,"University Meadows","Ozone","Mecklenburg",35.314158,-80.713469
"6493",2024-05-01,49,"University Meadows","Ozone","Mecklenburg",35.314158,-80.713469
"6494",2024-05-02,71,"University Meadows","Ozone","Mecklenburg",35.314158,-80.713469
"6495",2024-05-03,50,"University Meadows","Ozone","Mecklenburg",35.314158,-80.713469
"6496",2024-05-04,26,"University Meadows","Ozone","Mecklenburg",35.314158,-80.713469
"6497",2024-05-05,36,"University Meadows","Ozone","Mecklenburg",35.314158,-80.713469
"6498",2024-05-06,34,"University Meadows","Ozone","Mecklenburg",35.314158,-80.713469
"6499",2024-05-07,36,"University Meadows","Ozone","Mecklenburg",35.314158,-80.713469
"6500",2024-05-08,44,"University Meadows","Ozone","Mecklenburg",35.314158,-80.713469
"6501",2024-05-09,42,"University Meadows","Ozone","Mecklenburg",35.314158,-80.713469
"6502",2024-05-10,47,"University Meadows","Ozone","Mecklenburg",35.314158,-80.713469
"6503",2024-05-11,45,"University Meadows","Ozone","Mecklenburg",35.314158,-80.713469
"6504",2024-05-12,48,"University Meadows","Ozone","Mecklenburg",35.314158,-80.713469
"6505",2024-05-13,44,"University Meadows","Ozone","Mecklenburg",35.314158,-80.713469
"6506",2024-05-14,21,"University Meadows","Ozone","Mecklenburg",35.314158,-80.713469
"6507",2024-05-15,32,"University Meadows","Ozone","Mecklenburg",35.314158,-80.713469
"6508",2024-05-16,45,"University Meadows","Ozone","Mecklenburg",35.314158,-80.713469
"6509",2024-05-17,41,"University Meadows","Ozone","Mecklenburg",35.314158,-80.713469
"6510",2024-05-18,36,"University Meadows","Ozone","Mecklenburg",35.314158,-80.713469
"6511",2024-05-19,38,"University Meadows","Ozone","Mecklenburg",35.314158,-80.713469
"6512",2024-05-20,47,"University Meadows","Ozone","Mecklenburg",35.314158,-80.713469
"6513",2024-05-21,54,"University Meadows","Ozone","Mecklenburg",35.314158,-80.713469
"6514",2024-05-22,58,"University Meadows","Ozone","Mecklenburg",35.314158,-80.713469
"6515",2024-05-23,58,"University Meadows","Ozone","Mecklenburg",35.314158,-80.713469
"6516",2024-05-24,51,"University Meadows","Ozone","Mecklenburg",35.314158,-80.713469
"6517",2024-05-25,51,"University Meadows","Ozone","Mecklenburg",35.314158,-80.713469
"6518",2024-05-26,47,"University Meadows","Ozone","Mecklenburg",35.314158,-80.713469
"6519",2024-05-27,50,"University Meadows","Ozone","Mecklenburg",35.314158,-80.713469
"6520",2024-05-28,51,"University Meadows","Ozone","Mecklenburg",35.314158,-80.713469
"6521",2024-05-29,58,"University Meadows","Ozone","Mecklenburg",35.314158,-80.713469
"6522",2024-05-30,47,"University Meadows","Ozone","Mecklenburg",35.314158,-80.713469
"6523",2024-05-31,67,"University Meadows","Ozone","Mecklenburg",35.314158,-80.713469
"6524",2024-06-01,67,"University Meadows","Ozone","Mecklenburg",35.314158,-80.713469
"6525",2024-06-02,44,"University Meadows","Ozone","Mecklenburg",35.314158,-80.713469
"6526",2024-06-03,46,"University Meadows","Ozone","Mecklenburg",35.314158,-80.713469
"6527",2024-06-04,45,"University Meadows","Ozone","Mecklenburg",35.314158,-80.713469
"6528",2024-06-05,34,"University Meadows","Ozone","Mecklenburg",35.314158,-80.713469
"6529",2024-06-06,41,"University Meadows","Ozone","Mecklenburg",35.314158,-80.713469
"6530",2024-06-07,61,"University Meadows","Ozone","Mecklenburg",35.314158,-80.713469
"6531",2024-06-08,100,"University Meadows","Ozone","Mecklenburg",35.314158,-80.713469
"6532",2024-06-09,50,"University Meadows","Ozone","Mecklenburg",35.314158,-80.713469
"6533",2024-06-10,67,"University Meadows","Ozone","Mecklenburg",35.314158,-80.713469
"6534",2024-06-11,51,"University Meadows","Ozone","Mecklenburg",35.314158,-80.713469
"6535",2024-06-12,71,"University Meadows","Ozone","Mecklenburg",35.314158,-80.713469
"6536",2024-06-13,64,"University Meadows","Ozone","Mecklenburg",35.314158,-80.713469
"6537",2024-06-14,101,"University Meadows","Ozone","Mecklenburg",35.314158,-80.713469
"6538",2024-06-15,80,"University Meadows","Ozone","Mecklenburg",35.314158,-80.713469
"6539",2024-06-16,46,"University Meadows","Ozone","Mecklenburg",35.314158,-80.713469
"6540",2024-06-17,49,"University Meadows","Ozone","Mecklenburg",35.314158,-80.713469
"6541",2024-06-18,42,"University Meadows","Ozone","Mecklenburg",35.314158,-80.713469
"6542",2024-06-19,41,"University Meadows","Ozone","Mecklenburg",35.314158,-80.713469
"6543",2024-06-20,39,"University Meadows","Ozone","Mecklenburg",35.314158,-80.713469
"6544",2024-06-21,44,"University Meadows","Ozone","Mecklenburg",35.314158,-80.713469
"6545",2024-06-22,30,"University Meadows","Ozone","Mecklenburg",35.314158,-80.713469
"6546",2024-06-23,35,"University Meadows","Ozone","Mecklenburg",35.314158,-80.713469
"6547",2024-06-24,84,"University Meadows","Ozone","Mecklenburg",35.314158,-80.713469
"6548",2024-06-25,101,"University Meadows","Ozone","Mecklenburg",35.314158,-80.713469
"6549",2024-06-26,87,"University Meadows","Ozone","Mecklenburg",35.314158,-80.713469
"6550",2024-06-27,50,"University Meadows","Ozone","Mecklenburg",35.314158,-80.713469
"6551",2024-06-28,50,"University Meadows","Ozone","Mecklenburg",35.314158,-80.713469
"6552",2024-06-29,37,"University Meadows","Ozone","Mecklenburg",35.314158,-80.713469
"6553",2024-06-30,41,"University Meadows","Ozone","Mecklenburg",35.314158,-80.713469
"6554",2024-07-01,50,"University Meadows","Ozone","Mecklenburg",35.314158,-80.713469
"6555",2024-07-02,48,"University Meadows","Ozone","Mecklenburg",35.314158,-80.713469
"6556",2024-07-03,100,"University Meadows","Ozone","Mecklenburg",35.314158,-80.713469
"6557",2024-07-04,43,"University Meadows","Ozone","Mecklenburg",35.314158,-80.713469
"6558",2024-07-05,40,"University Meadows","Ozone","Mecklenburg",35.314158,-80.713469
"6559",2024-07-06,44,"University Meadows","Ozone","Mecklenburg",35.314158,-80.713469
"6560",2024-07-07,37,"University Meadows","Ozone","Mecklenburg",35.314158,-80.713469
"6561",2024-07-08,49,"University Meadows","Ozone","Mecklenburg",35.314158,-80.713469
"6562",2024-07-09,58,"University Meadows","Ozone","Mecklenburg",35.314158,-80.713469
"6563",2024-07-10,47,"University Meadows","Ozone","Mecklenburg",35.314158,-80.713469
"6564",2024-07-11,77,"University Meadows","Ozone","Mecklenburg",35.314158,-80.713469
"6565",2024-07-12,30,"University Meadows","Ozone","Mecklenburg",35.314158,-80.713469
"6566",2024-07-13,71,"University Meadows","Ozone","Mecklenburg",35.314158,-80.713469
"6567",2024-07-14,74,"University Meadows","Ozone","Mecklenburg",35.314158,-80.713469
"6568",2024-07-15,84,"University Meadows","Ozone","Mecklenburg",35.314158,-80.713469
"6569",2024-07-16,67,"University Meadows","Ozone","Mecklenburg",35.314158,-80.713469
"6570",2024-07-17,58,"University Meadows","Ozone","Mecklenburg",35.314158,-80.713469
"6571",2024-07-18,54,"University Meadows","Ozone","Mecklenburg",35.314158,-80.713469
"6572",2024-07-19,31,"University Meadows","Ozone","Mecklenburg",35.314158,-80.713469
"6573",2024-07-20,39,"University Meadows","Ozone","Mecklenburg",35.314158,-80.713469
"6574",2024-07-22,38,"University Meadows","Ozone","Mecklenburg",35.314158,-80.713469
"6575",2024-07-23,37,"University Meadows","Ozone","Mecklenburg",35.314158,-80.713469
"6576",2024-07-24,46,"University Meadows","Ozone","Mecklenburg",35.314158,-80.713469
"6577",2024-07-25,31,"University Meadows","Ozone","Mecklenburg",35.314158,-80.713469
"6578",2024-07-26,34,"University Meadows","Ozone","Mecklenburg",35.314158,-80.713469
"6579",2024-07-27,42,"University Meadows","Ozone","Mecklenburg",35.314158,-80.713469
"6580",2024-07-28,47,"University Meadows","Ozone","Mecklenburg",35.314158,-80.713469
"6581",2024-07-29,29,"University Meadows","Ozone","Mecklenburg",35.314158,-80.713469
"6582",2024-07-30,43,"University Meadows","Ozone","Mecklenburg",35.314158,-80.713469
"6583",2024-07-31,58,"University Meadows","Ozone","Mecklenburg",35.314158,-80.713469
"6584",2024-08-01,80,"University Meadows","Ozone","Mecklenburg",35.314158,-80.713469
"6585",2024-08-02,35,"University Meadows","Ozone","Mecklenburg",35.314158,-80.713469
"6586",2024-08-03,35,"University Meadows","Ozone","Mecklenburg",35.314158,-80.713469
"6587",2024-08-04,45,"University Meadows","Ozone","Mecklenburg",35.314158,-80.713469
"6588",2024-08-05,26,"University Meadows","Ozone","Mecklenburg",35.314158,-80.713469
"6589",2024-08-06,17,"University Meadows","Ozone","Mecklenburg",35.314158,-80.713469
"6590",2024-08-07,30,"University Meadows","Ozone","Mecklenburg",35.314158,-80.713469
"6591",2024-08-08,28,"University Meadows","Ozone","Mecklenburg",35.314158,-80.713469
"6592",2024-08-09,48,"University Meadows","Ozone","Mecklenburg",35.314158,-80.713469
"6593",2024-08-10,51,"University Meadows","Ozone","Mecklenburg",35.314158,-80.713469
"6594",2024-08-11,44,"University Meadows","Ozone","Mecklenburg",35.314158,-80.713469
"6595",2024-08-12,43,"University Meadows","Ozone","Mecklenburg",35.314158,-80.713469
"6596",2024-08-13,32,"University Meadows","Ozone","Mecklenburg",35.314158,-80.713469
"6597",2024-08-14,50,"University Meadows","Ozone","Mecklenburg",35.314158,-80.713469
"6598",2024-08-15,44,"University Meadows","Ozone","Mecklenburg",35.314158,-80.713469
"6599",2024-08-16,47,"University Meadows","Ozone","Mecklenburg",35.314158,-80.713469
"6600",2024-08-17,44,"University Meadows","Ozone","Mecklenburg",35.314158,-80.713469
"6601",2024-08-18,46,"University Meadows","Ozone","Mecklenburg",35.314158,-80.713469
"6602",2024-08-19,43,"University Meadows","Ozone","Mecklenburg",35.314158,-80.713469
"6603",2024-08-20,43,"University Meadows","Ozone","Mecklenburg",35.314158,-80.713469
"6604",2024-08-21,43,"University Meadows","Ozone","Mecklenburg",35.314158,-80.713469
"6605",2024-08-22,41,"University Meadows","Ozone","Mecklenburg",35.314158,-80.713469
"6606",2024-08-23,42,"University Meadows","Ozone","Mecklenburg",35.314158,-80.713469
"6607",2024-08-24,47,"University Meadows","Ozone","Mecklenburg",35.314158,-80.713469
"6608",2024-08-25,49,"University Meadows","Ozone","Mecklenburg",35.314158,-80.713469
"6609",2024-08-26,64,"University Meadows","Ozone","Mecklenburg",35.314158,-80.713469
"6610",2024-08-27,156,"University Meadows","Ozone","Mecklenburg",35.314158,-80.713469
"6611",2024-08-28,108,"University Meadows","Ozone","Mecklenburg",35.314158,-80.713469
"6612",2024-08-29,100,"University Meadows","Ozone","Mecklenburg",35.314158,-80.713469
"6613",2024-08-30,50,"University Meadows","Ozone","Mecklenburg",35.314158,-80.713469
"6614",2024-08-31,61,"University Meadows","Ozone","Mecklenburg",35.314158,-80.713469
"6615",2024-09-01,34,"University Meadows","Ozone","Mecklenburg",35.314158,-80.713469
"6616",2024-09-03,37,"University Meadows","Ozone","Mecklenburg",35.314158,-80.713469
"6617",2024-09-04,37,"University Meadows","Ozone","Mecklenburg",35.314158,-80.713469
"6618",2024-09-05,43,"University Meadows","Ozone","Mecklenburg",35.314158,-80.713469
"6619",2024-09-06,41,"University Meadows","Ozone","Mecklenburg",35.314158,-80.713469
"6620",2024-09-07,42,"University Meadows","Ozone","Mecklenburg",35.314158,-80.713469
"6621",2024-09-08,34,"University Meadows","Ozone","Mecklenburg",35.314158,-80.713469
"6622",2024-09-09,40,"University Meadows","Ozone","Mecklenburg",35.314158,-80.713469
"6623",2024-09-10,51,"University Meadows","Ozone","Mecklenburg",35.314158,-80.713469
"6624",2024-09-11,41,"University Meadows","Ozone","Mecklenburg",35.314158,-80.713469
"6625",2024-09-12,44,"University Meadows","Ozone","Mecklenburg",35.314158,-80.713469
"6626",2024-09-13,30,"University Meadows","Ozone","Mecklenburg",35.314158,-80.713469
"6627",2024-09-14,33,"University Meadows","Ozone","Mecklenburg",35.314158,-80.713469
"6628",2024-09-15,28,"University Meadows","Ozone","Mecklenburg",35.314158,-80.713469
"6629",2024-09-16,27,"University Meadows","Ozone","Mecklenburg",35.314158,-80.713469
"6630",2024-09-17,19,"University Meadows","Ozone","Mecklenburg",35.314158,-80.713469
"6631",2024-09-18,33,"University Meadows","Ozone","Mecklenburg",35.314158,-80.713469
"6632",2024-09-19,30,"University Meadows","Ozone","Mecklenburg",35.314158,-80.713469
"6633",2024-09-20,43,"University Meadows","Ozone","Mecklenburg",35.314158,-80.713469
"6634",2024-09-21,61,"University Meadows","Ozone","Mecklenburg",35.314158,-80.713469
"6635",2024-09-22,50,"University Meadows","Ozone","Mecklenburg",35.314158,-80.713469
"6636",2024-09-23,18,"University Meadows","Ozone","Mecklenburg",35.314158,-80.713469
"6637",2024-09-24,36,"University Meadows","Ozone","Mecklenburg",35.314158,-80.713469
"6638",2024-09-25,38,"University Meadows","Ozone","Mecklenburg",35.314158,-80.713469
"6639",2024-09-26,25,"University Meadows","Ozone","Mecklenburg",35.314158,-80.713469
"6640",2024-09-27,28,"University Meadows","Ozone","Mecklenburg",35.314158,-80.713469
"6641",2024-09-28,39,"University Meadows","Ozone","Mecklenburg",35.314158,-80.713469
"6642",2024-09-29,37,"University Meadows","Ozone","Mecklenburg",35.314158,-80.713469
"6643",2024-09-30,38,"University Meadows","Ozone","Mecklenburg",35.314158,-80.713469
"6644",2024-10-01,28,"University Meadows","Ozone","Mecklenburg",35.314158,-80.713469
"6645",2024-10-02,35,"University Meadows","Ozone","Mecklenburg",35.314158,-80.713469
"6646",2024-10-03,35,"University Meadows","Ozone","Mecklenburg",35.314158,-80.713469
"6647",2024-10-04,36,"University Meadows","Ozone","Mecklenburg",35.314158,-80.713469
"6648",2024-10-05,51,"University Meadows","Ozone","Mecklenburg",35.314158,-80.713469
"6649",2024-10-06,35,"University Meadows","Ozone","Mecklenburg",35.314158,-80.713469
"6650",2024-10-07,51,"University Meadows","Ozone","Mecklenburg",35.314158,-80.713469
"6651",2024-10-08,41,"University Meadows","Ozone","Mecklenburg",35.314158,-80.713469
"6652",2024-10-09,41,"University Meadows","Ozone","Mecklenburg",35.314158,-80.713469
"6653",2024-10-10,40,"University Meadows","Ozone","Mecklenburg",35.314158,-80.713469
"6654",2024-10-11,35,"University Meadows","Ozone","Mecklenburg",35.314158,-80.713469
"6655",2024-10-12,47,"University Meadows","Ozone","Mecklenburg",35.314158,-80.713469
"6656",2024-10-13,46,"University Meadows","Ozone","Mecklenburg",35.314158,-80.713469
"6657",2024-10-14,44,"University Meadows","Ozone","Mecklenburg",35.314158,-80.713469
"6658",2024-10-15,31,"University Meadows","Ozone","Mecklenburg",35.314158,-80.713469
"6659",2024-10-16,26,"University Meadows","Ozone","Mecklenburg",35.314158,-80.713469
"6660",2024-10-17,33,"University Meadows","Ozone","Mecklenburg",35.314158,-80.713469
"6661",2024-10-18,35,"University Meadows","Ozone","Mecklenburg",35.314158,-80.713469
"6662",2024-10-19,43,"University Meadows","Ozone","Mecklenburg",35.314158,-80.713469
"6663",2024-10-20,44,"University Meadows","Ozone","Mecklenburg",35.314158,-80.713469
"6664",2024-10-21,41,"University Meadows","Ozone","Mecklenburg",35.314158,-80.713469
"6665",2024-10-22,46,"University Meadows","Ozone","Mecklenburg",35.314158,-80.713469
"6666",2024-10-23,46,"University Meadows","Ozone","Mecklenburg",35.314158,-80.713469
"6667",2024-10-24,48,"University Meadows","Ozone","Mecklenburg",35.314158,-80.713469
"6668",2024-10-25,51,"University Meadows","Ozone","Mecklenburg",35.314158,-80.713469
"6669",2024-10-26,50,"University Meadows","Ozone","Mecklenburg",35.314158,-80.713469
"6670",2024-10-27,31,"University Meadows","Ozone","Mecklenburg",35.314158,-80.713469
"6671",2024-10-28,39,"University Meadows","Ozone","Mecklenburg",35.314158,-80.713469
"6672",2024-10-29,38,"University Meadows","Ozone","Mecklenburg",35.314158,-80.713469
"6673",2024-10-30,38,"University Meadows","Ozone","Mecklenburg",35.314158,-80.713469
"6674",2024-01-02,26,"Candor","Ozone","Montgomery",35.2632,-79.8365
"6675",2024-01-03,23,"Candor","Ozone","Montgomery",35.2632,-79.8365
"6676",2024-01-04,29,"Candor","Ozone","Montgomery",35.2632,-79.8365
"6677",2024-01-05,30,"Candor","Ozone","Montgomery",35.2632,-79.8365
"6678",2024-01-06,24,"Candor","Ozone","Montgomery",35.2632,-79.8365
"6679",2024-01-07,32,"Candor","Ozone","Montgomery",35.2632,-79.8365
"6680",2024-01-08,30,"Candor","Ozone","Montgomery",35.2632,-79.8365
"6681",2024-01-09,34,"Candor","Ozone","Montgomery",35.2632,-79.8365
"6682",2024-01-10,22,"Candor","Ozone","Montgomery",35.2632,-79.8365
"6683",2024-01-11,30,"Candor","Ozone","Montgomery",35.2632,-79.8365
"6684",2024-01-12,33,"Candor","Ozone","Montgomery",35.2632,-79.8365
"6685",2024-01-13,31,"Candor","Ozone","Montgomery",35.2632,-79.8365
"6686",2024-01-14,36,"Candor","Ozone","Montgomery",35.2632,-79.8365
"6687",2024-01-15,30,"Candor","Ozone","Montgomery",35.2632,-79.8365
"6688",2024-01-16,31,"Candor","Ozone","Montgomery",35.2632,-79.8365
"6689",2024-01-17,31,"Candor","Ozone","Montgomery",35.2632,-79.8365
"6690",2024-01-18,33,"Candor","Ozone","Montgomery",35.2632,-79.8365
"6691",2024-01-19,37,"Candor","Ozone","Montgomery",35.2632,-79.8365
"6692",2024-01-20,33,"Candor","Ozone","Montgomery",35.2632,-79.8365
"6693",2024-01-21,35,"Candor","Ozone","Montgomery",35.2632,-79.8365
"6694",2024-01-22,36,"Candor","Ozone","Montgomery",35.2632,-79.8365
"6695",2024-01-23,22,"Candor","Ozone","Montgomery",35.2632,-79.8365
"6696",2024-01-24,32,"Candor","Ozone","Montgomery",35.2632,-79.8365
"6697",2024-01-25,21,"Candor","Ozone","Montgomery",35.2632,-79.8365
"6698",2024-01-26,23,"Candor","Ozone","Montgomery",35.2632,-79.8365
"6699",2024-01-27,26,"Candor","Ozone","Montgomery",35.2632,-79.8365
"6700",2024-01-28,24,"Candor","Ozone","Montgomery",35.2632,-79.8365
"6701",2024-01-29,33,"Candor","Ozone","Montgomery",35.2632,-79.8365
"6702",2024-01-30,31,"Candor","Ozone","Montgomery",35.2632,-79.8365
"6703",2024-01-31,22,"Candor","Ozone","Montgomery",35.2632,-79.8365
"6704",2024-02-01,29,"Candor","Ozone","Montgomery",35.2632,-79.8365
"6705",2024-02-02,37,"Candor","Ozone","Montgomery",35.2632,-79.8365
"6706",2024-02-03,29,"Candor","Ozone","Montgomery",35.2632,-79.8365
"6707",2024-02-04,33,"Candor","Ozone","Montgomery",35.2632,-79.8365
"6708",2024-02-05,39,"Candor","Ozone","Montgomery",35.2632,-79.8365
"6709",2024-02-06,34,"Candor","Ozone","Montgomery",35.2632,-79.8365
"6710",2024-02-07,37,"Candor","Ozone","Montgomery",35.2632,-79.8365
"6711",2024-02-08,37,"Candor","Ozone","Montgomery",35.2632,-79.8365
"6712",2024-02-09,30,"Candor","Ozone","Montgomery",35.2632,-79.8365
"6713",2024-02-10,35,"Candor","Ozone","Montgomery",35.2632,-79.8365
"6714",2024-02-11,24,"Candor","Ozone","Montgomery",35.2632,-79.8365
"6715",2024-02-12,32,"Candor","Ozone","Montgomery",35.2632,-79.8365
"6716",2024-02-13,38,"Candor","Ozone","Montgomery",35.2632,-79.8365
"6717",2024-02-14,41,"Candor","Ozone","Montgomery",35.2632,-79.8365
"6718",2024-02-15,42,"Candor","Ozone","Montgomery",35.2632,-79.8365
"6719",2024-02-16,34,"Candor","Ozone","Montgomery",35.2632,-79.8365
"6720",2024-02-17,36,"Candor","Ozone","Montgomery",35.2632,-79.8365
"6721",2024-02-18,36,"Candor","Ozone","Montgomery",35.2632,-79.8365
"6722",2024-02-19,42,"Candor","Ozone","Montgomery",35.2632,-79.8365
"6723",2024-02-20,44,"Candor","Ozone","Montgomery",35.2632,-79.8365
"6724",2024-02-21,45,"Candor","Ozone","Montgomery",35.2632,-79.8365
"6725",2024-02-22,71,"Candor","Ozone","Montgomery",35.2632,-79.8365
"6726",2024-02-23,34,"Candor","Ozone","Montgomery",35.2632,-79.8365
"6727",2024-02-24,37,"Candor","Ozone","Montgomery",35.2632,-79.8365
"6728",2024-02-25,35,"Candor","Ozone","Montgomery",35.2632,-79.8365
"6729",2024-02-26,49,"Candor","Ozone","Montgomery",35.2632,-79.8365
"6730",2024-02-27,44,"Candor","Ozone","Montgomery",35.2632,-79.8365
"6731",2024-02-28,39,"Candor","Ozone","Montgomery",35.2632,-79.8365
"6732",2024-02-29,34,"Candor","Ozone","Montgomery",35.2632,-79.8365
"6733",2024-03-01,31,"Candor","Ozone","Montgomery",35.2632,-79.8365
"6734",2024-03-02,26,"Candor","Ozone","Montgomery",35.2632,-79.8365
"6735",2024-03-03,28,"Candor","Ozone","Montgomery",35.2632,-79.8365
"6736",2024-03-04,35,"Candor","Ozone","Montgomery",35.2632,-79.8365
"6737",2024-03-06,24,"Candor","Ozone","Montgomery",35.2632,-79.8365
"6738",2024-03-07,35,"Candor","Ozone","Montgomery",35.2632,-79.8365
"6739",2024-03-08,35,"Candor","Ozone","Montgomery",35.2632,-79.8365
"6740",2024-03-09,28,"Candor","Ozone","Montgomery",35.2632,-79.8365
"6741",2024-03-10,42,"Candor","Ozone","Montgomery",35.2632,-79.8365
"6742",2024-03-11,43,"Candor","Ozone","Montgomery",35.2632,-79.8365
"6743",2024-03-12,47,"Candor","Ozone","Montgomery",35.2632,-79.8365
"6744",2024-03-13,54,"Candor","Ozone","Montgomery",35.2632,-79.8365
"6745",2024-03-14,71,"Candor","Ozone","Montgomery",35.2632,-79.8365
"6746",2024-03-15,42,"Candor","Ozone","Montgomery",35.2632,-79.8365
"6747",2024-03-16,37,"Candor","Ozone","Montgomery",35.2632,-79.8365
"6748",2024-03-17,38,"Candor","Ozone","Montgomery",35.2632,-79.8365
"6749",2024-03-18,44,"Candor","Ozone","Montgomery",35.2632,-79.8365
"6750",2024-03-20,50,"Candor","Ozone","Montgomery",35.2632,-79.8365
"6751",2024-03-21,46,"Candor","Ozone","Montgomery",35.2632,-79.8365
"6752",2024-03-22,36,"Candor","Ozone","Montgomery",35.2632,-79.8365
"6753",2024-03-23,38,"Candor","Ozone","Montgomery",35.2632,-79.8365
"6754",2024-03-24,43,"Candor","Ozone","Montgomery",35.2632,-79.8365
"6755",2024-03-25,47,"Candor","Ozone","Montgomery",35.2632,-79.8365
"6756",2024-03-26,44,"Candor","Ozone","Montgomery",35.2632,-79.8365
"6757",2024-03-27,21,"Candor","Ozone","Montgomery",35.2632,-79.8365
"6758",2024-03-28,44,"Candor","Ozone","Montgomery",35.2632,-79.8365
"6759",2024-03-29,50,"Candor","Ozone","Montgomery",35.2632,-79.8365
"6760",2024-03-30,51,"Candor","Ozone","Montgomery",35.2632,-79.8365
"6761",2024-03-31,50,"Candor","Ozone","Montgomery",35.2632,-79.8365
"6762",2024-04-01,40,"Candor","Ozone","Montgomery",35.2632,-79.8365
"6763",2024-04-02,42,"Candor","Ozone","Montgomery",35.2632,-79.8365
"6764",2024-04-03,44,"Candor","Ozone","Montgomery",35.2632,-79.8365
"6765",2024-04-04,40,"Candor","Ozone","Montgomery",35.2632,-79.8365
"6766",2024-04-05,41,"Candor","Ozone","Montgomery",35.2632,-79.8365
"6767",2024-04-06,44,"Candor","Ozone","Montgomery",35.2632,-79.8365
"6768",2024-04-07,43,"Candor","Ozone","Montgomery",35.2632,-79.8365
"6769",2024-04-08,45,"Candor","Ozone","Montgomery",35.2632,-79.8365
"6770",2024-04-09,32,"Candor","Ozone","Montgomery",35.2632,-79.8365
"6771",2024-04-10,38,"Candor","Ozone","Montgomery",35.2632,-79.8365
"6772",2024-04-11,39,"Candor","Ozone","Montgomery",35.2632,-79.8365
"6773",2024-04-12,46,"Candor","Ozone","Montgomery",35.2632,-79.8365
"6774",2024-04-13,49,"Candor","Ozone","Montgomery",35.2632,-79.8365
"6775",2024-04-14,51,"Candor","Ozone","Montgomery",35.2632,-79.8365
"6776",2024-04-15,50,"Candor","Ozone","Montgomery",35.2632,-79.8365
"6777",2024-04-16,64,"Candor","Ozone","Montgomery",35.2632,-79.8365
"6778",2024-04-17,46,"Candor","Ozone","Montgomery",35.2632,-79.8365
"6779",2024-04-18,48,"Candor","Ozone","Montgomery",35.2632,-79.8365
"6780",2024-04-19,42,"Candor","Ozone","Montgomery",35.2632,-79.8365
"6781",2024-04-20,33,"Candor","Ozone","Montgomery",35.2632,-79.8365
"6782",2024-04-21,32,"Candor","Ozone","Montgomery",35.2632,-79.8365
"6783",2024-04-22,36,"Candor","Ozone","Montgomery",35.2632,-79.8365
"6784",2024-04-23,43,"Candor","Ozone","Montgomery",35.2632,-79.8365
"6785",2024-04-24,44,"Candor","Ozone","Montgomery",35.2632,-79.8365
"6786",2024-04-25,61,"Candor","Ozone","Montgomery",35.2632,-79.8365
"6787",2024-04-26,43,"Candor","Ozone","Montgomery",35.2632,-79.8365
"6788",2024-04-27,42,"Candor","Ozone","Montgomery",35.2632,-79.8365
"6789",2024-04-28,38,"Candor","Ozone","Montgomery",35.2632,-79.8365
"6790",2024-04-29,44,"Candor","Ozone","Montgomery",35.2632,-79.8365
"6791",2024-05-01,46,"Candor","Ozone","Montgomery",35.2632,-79.8365
"6792",2024-05-02,49,"Candor","Ozone","Montgomery",35.2632,-79.8365
"6793",2024-05-03,44,"Candor","Ozone","Montgomery",35.2632,-79.8365
"6794",2024-05-04,24,"Candor","Ozone","Montgomery",35.2632,-79.8365
"6795",2024-05-05,27,"Candor","Ozone","Montgomery",35.2632,-79.8365
"6796",2024-05-06,24,"Candor","Ozone","Montgomery",35.2632,-79.8365
"6797",2024-05-07,31,"Candor","Ozone","Montgomery",35.2632,-79.8365
"6798",2024-05-09,32,"Candor","Ozone","Montgomery",35.2632,-79.8365
"6799",2024-05-10,42,"Candor","Ozone","Montgomery",35.2632,-79.8365
"6800",2024-05-11,41,"Candor","Ozone","Montgomery",35.2632,-79.8365
"6801",2024-05-12,46,"Candor","Ozone","Montgomery",35.2632,-79.8365
"6802",2024-05-13,37,"Candor","Ozone","Montgomery",35.2632,-79.8365
"6803",2024-05-14,29,"Candor","Ozone","Montgomery",35.2632,-79.8365
"6804",2024-05-15,25,"Candor","Ozone","Montgomery",35.2632,-79.8365
"6805",2024-05-16,35,"Candor","Ozone","Montgomery",35.2632,-79.8365
"6806",2024-05-17,30,"Candor","Ozone","Montgomery",35.2632,-79.8365
"6807",2024-05-18,31,"Candor","Ozone","Montgomery",35.2632,-79.8365
"6808",2024-05-19,31,"Candor","Ozone","Montgomery",35.2632,-79.8365
"6809",2024-05-20,39,"Candor","Ozone","Montgomery",35.2632,-79.8365
"6810",2024-05-21,39,"Candor","Ozone","Montgomery",35.2632,-79.8365
"6811",2024-05-22,40,"Candor","Ozone","Montgomery",35.2632,-79.8365
"6812",2024-05-23,36,"Candor","Ozone","Montgomery",35.2632,-79.8365
"6813",2024-05-24,45,"Candor","Ozone","Montgomery",35.2632,-79.8365
"6814",2024-05-25,42,"Candor","Ozone","Montgomery",35.2632,-79.8365
"6815",2024-05-26,41,"Candor","Ozone","Montgomery",35.2632,-79.8365
"6816",2024-05-27,34,"Candor","Ozone","Montgomery",35.2632,-79.8365
"6817",2024-05-28,47,"Candor","Ozone","Montgomery",35.2632,-79.8365
"6818",2024-05-29,58,"Candor","Ozone","Montgomery",35.2632,-79.8365
"6819",2024-05-30,45,"Candor","Ozone","Montgomery",35.2632,-79.8365
"6820",2024-05-31,48,"Candor","Ozone","Montgomery",35.2632,-79.8365
"6821",2024-06-01,45,"Candor","Ozone","Montgomery",35.2632,-79.8365
"6822",2024-06-02,30,"Candor","Ozone","Montgomery",35.2632,-79.8365
"6823",2024-06-03,29,"Candor","Ozone","Montgomery",35.2632,-79.8365
"6824",2024-06-04,31,"Candor","Ozone","Montgomery",35.2632,-79.8365
"6825",2024-06-05,26,"Candor","Ozone","Montgomery",35.2632,-79.8365
"6826",2024-06-06,30,"Candor","Ozone","Montgomery",35.2632,-79.8365
"6827",2024-06-07,50,"Candor","Ozone","Montgomery",35.2632,-79.8365
"6828",2024-06-08,48,"Candor","Ozone","Montgomery",35.2632,-79.8365
"6829",2024-06-09,42,"Candor","Ozone","Montgomery",35.2632,-79.8365
"6830",2024-06-10,45,"Candor","Ozone","Montgomery",35.2632,-79.8365
"6831",2024-06-11,42,"Candor","Ozone","Montgomery",35.2632,-79.8365
"6832",2024-06-12,45,"Candor","Ozone","Montgomery",35.2632,-79.8365
"6833",2024-06-13,43,"Candor","Ozone","Montgomery",35.2632,-79.8365
"6834",2024-06-14,45,"Candor","Ozone","Montgomery",35.2632,-79.8365
"6835",2024-06-15,45,"Candor","Ozone","Montgomery",35.2632,-79.8365
"6836",2024-06-16,43,"Candor","Ozone","Montgomery",35.2632,-79.8365
"6837",2024-06-17,44,"Candor","Ozone","Montgomery",35.2632,-79.8365
"6838",2024-06-18,44,"Candor","Ozone","Montgomery",35.2632,-79.8365
"6839",2024-06-19,41,"Candor","Ozone","Montgomery",35.2632,-79.8365
"6840",2024-06-20,40,"Candor","Ozone","Montgomery",35.2632,-79.8365
"6841",2024-06-21,39,"Candor","Ozone","Montgomery",35.2632,-79.8365
"6842",2024-06-22,25,"Candor","Ozone","Montgomery",35.2632,-79.8365
"6843",2024-06-23,28,"Candor","Ozone","Montgomery",35.2632,-79.8365
"6844",2024-06-24,51,"Candor","Ozone","Montgomery",35.2632,-79.8365
"6845",2024-06-25,58,"Candor","Ozone","Montgomery",35.2632,-79.8365
"6846",2024-06-26,50,"Candor","Ozone","Montgomery",35.2632,-79.8365
"6847",2024-06-27,42,"Candor","Ozone","Montgomery",35.2632,-79.8365
"6848",2024-06-28,54,"Candor","Ozone","Montgomery",35.2632,-79.8365
"6849",2024-06-29,28,"Candor","Ozone","Montgomery",35.2632,-79.8365
"6850",2024-06-30,30,"Candor","Ozone","Montgomery",35.2632,-79.8365
"6851",2024-07-01,41,"Candor","Ozone","Montgomery",35.2632,-79.8365
"6852",2024-07-02,61,"Candor","Ozone","Montgomery",35.2632,-79.8365
"6853",2024-07-03,47,"Candor","Ozone","Montgomery",35.2632,-79.8365
"6854",2024-07-04,40,"Candor","Ozone","Montgomery",35.2632,-79.8365
"6855",2024-07-05,35,"Candor","Ozone","Montgomery",35.2632,-79.8365
"6856",2024-07-06,34,"Candor","Ozone","Montgomery",35.2632,-79.8365
"6857",2024-07-07,33,"Candor","Ozone","Montgomery",35.2632,-79.8365
"6858",2024-07-08,38,"Candor","Ozone","Montgomery",35.2632,-79.8365
"6859",2024-07-09,43,"Candor","Ozone","Montgomery",35.2632,-79.8365
"6860",2024-07-10,35,"Candor","Ozone","Montgomery",35.2632,-79.8365
"6861",2024-07-11,58,"Candor","Ozone","Montgomery",35.2632,-79.8365
"6862",2024-07-12,26,"Candor","Ozone","Montgomery",35.2632,-79.8365
"6863",2024-07-13,33,"Candor","Ozone","Montgomery",35.2632,-79.8365
"6864",2024-07-14,40,"Candor","Ozone","Montgomery",35.2632,-79.8365
"6865",2024-07-15,44,"Candor","Ozone","Montgomery",35.2632,-79.8365
"6866",2024-07-16,41,"Candor","Ozone","Montgomery",35.2632,-79.8365
"6867",2024-07-17,37,"Candor","Ozone","Montgomery",35.2632,-79.8365
"6868",2024-07-18,45,"Candor","Ozone","Montgomery",35.2632,-79.8365
"6869",2024-07-19,31,"Candor","Ozone","Montgomery",35.2632,-79.8365
"6870",2024-07-20,29,"Candor","Ozone","Montgomery",35.2632,-79.8365
"6871",2024-07-23,26,"Candor","Ozone","Montgomery",35.2632,-79.8365
"6872",2024-07-24,25,"Candor","Ozone","Montgomery",35.2632,-79.8365
"6873",2024-07-25,25,"Candor","Ozone","Montgomery",35.2632,-79.8365
"6874",2024-07-26,29,"Candor","Ozone","Montgomery",35.2632,-79.8365
"6875",2024-07-27,43,"Candor","Ozone","Montgomery",35.2632,-79.8365
"6876",2024-07-28,38,"Candor","Ozone","Montgomery",35.2632,-79.8365
"6877",2024-07-29,28,"Candor","Ozone","Montgomery",35.2632,-79.8365
"6878",2024-07-30,25,"Candor","Ozone","Montgomery",35.2632,-79.8365
"6879",2024-07-31,42,"Candor","Ozone","Montgomery",35.2632,-79.8365
"6880",2024-08-01,42,"Candor","Ozone","Montgomery",35.2632,-79.8365
"6881",2024-08-02,28,"Candor","Ozone","Montgomery",35.2632,-79.8365
"6882",2024-08-03,26,"Candor","Ozone","Montgomery",35.2632,-79.8365
"6883",2024-08-04,30,"Candor","Ozone","Montgomery",35.2632,-79.8365
"6884",2024-08-05,17,"Candor","Ozone","Montgomery",35.2632,-79.8365
"6885",2024-08-06,14,"Candor","Ozone","Montgomery",35.2632,-79.8365
"6886",2024-08-07,29,"Candor","Ozone","Montgomery",35.2632,-79.8365
"6887",2024-08-08,26,"Candor","Ozone","Montgomery",35.2632,-79.8365
"6888",2024-08-09,21,"Candor","Ozone","Montgomery",35.2632,-79.8365
"6889",2024-08-10,37,"Candor","Ozone","Montgomery",35.2632,-79.8365
"6890",2024-08-11,35,"Candor","Ozone","Montgomery",35.2632,-79.8365
"6891",2024-08-12,31,"Candor","Ozone","Montgomery",35.2632,-79.8365
"6892",2024-08-13,25,"Candor","Ozone","Montgomery",35.2632,-79.8365
"6893",2024-08-14,42,"Candor","Ozone","Montgomery",35.2632,-79.8365
"6894",2024-08-15,39,"Candor","Ozone","Montgomery",35.2632,-79.8365
"6895",2024-08-16,38,"Candor","Ozone","Montgomery",35.2632,-79.8365
"6896",2024-08-17,31,"Candor","Ozone","Montgomery",35.2632,-79.8365
"6897",2024-08-18,32,"Candor","Ozone","Montgomery",35.2632,-79.8365
"6898",2024-08-19,34,"Candor","Ozone","Montgomery",35.2632,-79.8365
"6899",2024-08-20,38,"Candor","Ozone","Montgomery",35.2632,-79.8365
"6900",2024-08-21,37,"Candor","Ozone","Montgomery",35.2632,-79.8365
"6901",2024-08-22,42,"Candor","Ozone","Montgomery",35.2632,-79.8365
"6902",2024-08-23,44,"Candor","Ozone","Montgomery",35.2632,-79.8365
"6903",2024-08-24,44,"Candor","Ozone","Montgomery",35.2632,-79.8365
"6904",2024-08-25,44,"Candor","Ozone","Montgomery",35.2632,-79.8365
"6905",2024-08-26,46,"Candor","Ozone","Montgomery",35.2632,-79.8365
"6906",2024-08-27,67,"Candor","Ozone","Montgomery",35.2632,-79.8365
"6907",2024-08-28,46,"Candor","Ozone","Montgomery",35.2632,-79.8365
"6908",2024-08-29,40,"Candor","Ozone","Montgomery",35.2632,-79.8365
"6909",2024-08-30,31,"Candor","Ozone","Montgomery",35.2632,-79.8365
"6910",2024-08-31,33,"Candor","Ozone","Montgomery",35.2632,-79.8365
"6911",2024-09-01,27,"Candor","Ozone","Montgomery",35.2632,-79.8365
"6912",2024-09-02,30,"Candor","Ozone","Montgomery",35.2632,-79.8365
"6913",2024-09-03,34,"Candor","Ozone","Montgomery",35.2632,-79.8365
"6914",2024-09-04,32,"Candor","Ozone","Montgomery",35.2632,-79.8365
"6915",2024-09-05,34,"Candor","Ozone","Montgomery",35.2632,-79.8365
"6916",2024-09-06,32,"Candor","Ozone","Montgomery",35.2632,-79.8365
"6917",2024-09-07,36,"Candor","Ozone","Montgomery",35.2632,-79.8365
"6918",2024-09-08,31,"Candor","Ozone","Montgomery",35.2632,-79.8365
"6919",2024-09-09,35,"Candor","Ozone","Montgomery",35.2632,-79.8365
"6920",2024-09-10,41,"Candor","Ozone","Montgomery",35.2632,-79.8365
"6921",2024-09-11,42,"Candor","Ozone","Montgomery",35.2632,-79.8365
"6922",2024-09-12,44,"Candor","Ozone","Montgomery",35.2632,-79.8365
"6923",2024-09-13,30,"Candor","Ozone","Montgomery",35.2632,-79.8365
"6924",2024-09-14,31,"Candor","Ozone","Montgomery",35.2632,-79.8365
"6925",2024-09-15,28,"Candor","Ozone","Montgomery",35.2632,-79.8365
"6926",2024-09-16,27,"Candor","Ozone","Montgomery",35.2632,-79.8365
"6927",2024-09-17,22,"Candor","Ozone","Montgomery",35.2632,-79.8365
"6928",2024-09-18,29,"Candor","Ozone","Montgomery",35.2632,-79.8365
"6929",2024-09-19,23,"Candor","Ozone","Montgomery",35.2632,-79.8365
"6930",2024-09-20,25,"Candor","Ozone","Montgomery",35.2632,-79.8365
"6931",2024-09-21,32,"Candor","Ozone","Montgomery",35.2632,-79.8365
"6932",2024-09-22,37,"Candor","Ozone","Montgomery",35.2632,-79.8365
"6933",2024-09-23,25,"Candor","Ozone","Montgomery",35.2632,-79.8365
"6934",2024-09-24,27,"Candor","Ozone","Montgomery",35.2632,-79.8365
"6935",2024-09-25,31,"Candor","Ozone","Montgomery",35.2632,-79.8365
"6936",2024-09-26,21,"Candor","Ozone","Montgomery",35.2632,-79.8365
"6937",2024-09-27,19,"Candor","Ozone","Montgomery",35.2632,-79.8365
"6938",2024-09-28,34,"Candor","Ozone","Montgomery",35.2632,-79.8365
"6939",2024-09-29,25,"Candor","Ozone","Montgomery",35.2632,-79.8365
"6940",2024-09-30,29,"Candor","Ozone","Montgomery",35.2632,-79.8365
"6941",2024-10-01,23,"Candor","Ozone","Montgomery",35.2632,-79.8365
"6942",2024-10-02,30,"Candor","Ozone","Montgomery",35.2632,-79.8365
"6943",2024-10-03,30,"Candor","Ozone","Montgomery",35.2632,-79.8365
"6944",2024-10-04,28,"Candor","Ozone","Montgomery",35.2632,-79.8365
"6945",2024-10-05,43,"Candor","Ozone","Montgomery",35.2632,-79.8365
"6946",2024-10-06,35,"Candor","Ozone","Montgomery",35.2632,-79.8365
"6947",2024-10-07,37,"Candor","Ozone","Montgomery",35.2632,-79.8365
"6948",2024-10-08,35,"Candor","Ozone","Montgomery",35.2632,-79.8365
"6949",2024-10-09,35,"Candor","Ozone","Montgomery",35.2632,-79.8365
"6950",2024-10-10,36,"Candor","Ozone","Montgomery",35.2632,-79.8365
"6951",2024-10-11,29,"Candor","Ozone","Montgomery",35.2632,-79.8365
"6952",2024-10-12,38,"Candor","Ozone","Montgomery",35.2632,-79.8365
"6953",2024-10-13,36,"Candor","Ozone","Montgomery",35.2632,-79.8365
"6954",2024-10-14,45,"Candor","Ozone","Montgomery",35.2632,-79.8365
"6955",2024-10-15,31,"Candor","Ozone","Montgomery",35.2632,-79.8365
"6956",2024-10-16,26,"Candor","Ozone","Montgomery",35.2632,-79.8365
"6957",2024-10-17,32,"Candor","Ozone","Montgomery",35.2632,-79.8365
"6958",2024-10-18,36,"Candor","Ozone","Montgomery",35.2632,-79.8365
"6959",2024-10-19,40,"Candor","Ozone","Montgomery",35.2632,-79.8365
"6960",2024-10-20,39,"Candor","Ozone","Montgomery",35.2632,-79.8365
"6961",2024-10-21,43,"Candor","Ozone","Montgomery",35.2632,-79.8365
"6962",2024-10-22,42,"Candor","Ozone","Montgomery",35.2632,-79.8365
"6963",2024-10-23,44,"Candor","Ozone","Montgomery",35.2632,-79.8365
"6964",2024-10-24,49,"Candor","Ozone","Montgomery",35.2632,-79.8365
"6965",2024-10-25,41,"Candor","Ozone","Montgomery",35.2632,-79.8365
"6966",2024-10-26,44,"Candor","Ozone","Montgomery",35.2632,-79.8365
"6967",2024-10-27,31,"Candor","Ozone","Montgomery",35.2632,-79.8365
"6968",2024-10-28,36,"Candor","Ozone","Montgomery",35.2632,-79.8365
"6969",2024-10-29,33,"Candor","Ozone","Montgomery",35.2632,-79.8365
"6970",2024-10-30,33,"Candor","Ozone","Montgomery",35.2632,-79.8365
"6971",2024-10-31,32,"Candor","Ozone","Montgomery",35.2632,-79.8365
"6972",2024-11-01,31,"Candor","Ozone","Montgomery",35.2632,-79.8365
"6973",2024-11-02,31,"Candor","Ozone","Montgomery",35.2632,-79.8365
"6974",2024-11-03,37,"Candor","Ozone","Montgomery",35.2632,-79.8365
"6975",2024-11-04,31,"Candor","Ozone","Montgomery",35.2632,-79.8365
"6976",2024-11-05,35,"Candor","Ozone","Montgomery",35.2632,-79.8365
"6977",2024-11-06,30,"Candor","Ozone","Montgomery",35.2632,-79.8365
"6978",2024-11-07,23,"Candor","Ozone","Montgomery",35.2632,-79.8365
"6979",2024-11-08,21,"Candor","Ozone","Montgomery",35.2632,-79.8365
"6980",2024-11-09,36,"Candor","Ozone","Montgomery",35.2632,-79.8365
"6981",2024-11-10,22,"Candor","Ozone","Montgomery",35.2632,-79.8365
"6982",2024-11-11,16,"Candor","Ozone","Montgomery",35.2632,-79.8365
"6983",2024-11-12,35,"Candor","Ozone","Montgomery",35.2632,-79.8365
"6984",2024-11-13,31,"Candor","Ozone","Montgomery",35.2632,-79.8365
"6985",2024-11-14,24,"Candor","Ozone","Montgomery",35.2632,-79.8365
"6986",2024-11-15,25,"Candor","Ozone","Montgomery",35.2632,-79.8365
"6987",2024-11-16,29,"Candor","Ozone","Montgomery",35.2632,-79.8365
"6988",2024-11-17,31,"Candor","Ozone","Montgomery",35.2632,-79.8365
"6989",2024-11-18,34,"Candor","Ozone","Montgomery",35.2632,-79.8365
"6990",2024-11-19,23,"Candor","Ozone","Montgomery",35.2632,-79.8365
"6991",2024-11-20,29,"Candor","Ozone","Montgomery",35.2632,-79.8365
"6992",2024-11-21,34,"Candor","Ozone","Montgomery",35.2632,-79.8365
"6993",2024-11-22,19,"Candor","Ozone","Montgomery",35.2632,-79.8365
"6994",2024-11-23,22,"Candor","Ozone","Montgomery",35.2632,-79.8365
"6995",2024-11-24,27,"Candor","Ozone","Montgomery",35.2632,-79.8365
"6996",2024-11-25,33,"Candor","Ozone","Montgomery",35.2632,-79.8365
"6997",2024-11-26,29,"Candor","Ozone","Montgomery",35.2632,-79.8365
"6998",2024-11-27,29,"Candor","Ozone","Montgomery",35.2632,-79.8365
"6999",2024-11-28,30,"Candor","Ozone","Montgomery",35.2632,-79.8365
"7000",2024-11-29,31,"Candor","Ozone","Montgomery",35.2632,-79.8365
"7001",2024-11-30,37,"Candor","Ozone","Montgomery",35.2632,-79.8365
"7002",2024-12-01,33,"Candor","Ozone","Montgomery",35.2632,-79.8365
"7003",2024-12-02,36,"Candor","Ozone","Montgomery",35.2632,-79.8365
"7004",2024-12-03,27,"Candor","Ozone","Montgomery",35.2632,-79.8365
"7005",2024-12-04,32,"Candor","Ozone","Montgomery",35.2632,-79.8365
"7006",2024-12-05,39,"Candor","Ozone","Montgomery",35.2632,-79.8365
"7007",2024-12-06,31,"Candor","Ozone","Montgomery",35.2632,-79.8365
"7008",2024-12-07,34,"Candor","Ozone","Montgomery",35.2632,-79.8365
"7009",2024-12-09,24,"Candor","Ozone","Montgomery",35.2632,-79.8365
"7010",2024-12-10,27,"Candor","Ozone","Montgomery",35.2632,-79.8365
"7011",2024-12-11,29,"Candor","Ozone","Montgomery",35.2632,-79.8365
"7012",2024-12-12,33,"Candor","Ozone","Montgomery",35.2632,-79.8365
"7013",2024-12-13,31,"Candor","Ozone","Montgomery",35.2632,-79.8365
"7014",2024-12-14,24,"Candor","Ozone","Montgomery",35.2632,-79.8365
"7015",2024-12-15,26,"Candor","Ozone","Montgomery",35.2632,-79.8365
"7016",2024-12-16,19,"Candor","Ozone","Montgomery",35.2632,-79.8365
"7017",2024-12-17,26,"Candor","Ozone","Montgomery",35.2632,-79.8365
"7018",2024-12-18,23,"Candor","Ozone","Montgomery",35.2632,-79.8365
"7019",2024-12-19,24,"Candor","Ozone","Montgomery",35.2632,-79.8365
"7020",2024-12-20,22,"Candor","Ozone","Montgomery",35.2632,-79.8365
"7021",2024-12-21,27,"Candor","Ozone","Montgomery",35.2632,-79.8365
"7022",2024-12-22,34,"Candor","Ozone","Montgomery",35.2632,-79.8365
"7023",2024-12-23,35,"Candor","Ozone","Montgomery",35.2632,-79.8365
"7024",2024-12-24,37,"Candor","Ozone","Montgomery",35.2632,-79.8365
"7025",2024-12-25,31,"Candor","Ozone","Montgomery",35.2632,-79.8365
"7026",2024-12-26,29,"Candor","Ozone","Montgomery",35.2632,-79.8365
"7027",2024-12-27,23,"Candor","Ozone","Montgomery",35.2632,-79.8365
"7028",2024-12-28,30,"Candor","Ozone","Montgomery",35.2632,-79.8365
"7029",2024-12-29,36,"Candor","Ozone","Montgomery",35.2632,-79.8365
"7030",2024-12-30,30,"Candor","Ozone","Montgomery",35.2632,-79.8365
"7031",2024-03-01,41,"Castle Hayne","Ozone","New Hanover",34.364167,-77.838611
"7032",2024-03-02,34,"Castle Hayne","Ozone","New Hanover",34.364167,-77.838611
"7033",2024-03-03,29,"Castle Hayne","Ozone","New Hanover",34.364167,-77.838611
"7034",2024-03-04,33,"Castle Hayne","Ozone","New Hanover",34.364167,-77.838611
"7035",2024-03-05,41,"Castle Hayne","Ozone","New Hanover",34.364167,-77.838611
"7036",2024-03-06,26,"Castle Hayne","Ozone","New Hanover",34.364167,-77.838611
"7037",2024-03-07,34,"Castle Hayne","Ozone","New Hanover",34.364167,-77.838611
"7038",2024-03-08,36,"Castle Hayne","Ozone","New Hanover",34.364167,-77.838611
"7039",2024-03-09,34,"Castle Hayne","Ozone","New Hanover",34.364167,-77.838611
"7040",2024-03-10,42,"Castle Hayne","Ozone","New Hanover",34.364167,-77.838611
"7041",2024-03-11,43,"Castle Hayne","Ozone","New Hanover",34.364167,-77.838611
"7042",2024-03-12,50,"Castle Hayne","Ozone","New Hanover",34.364167,-77.838611
"7043",2024-03-13,67,"Castle Hayne","Ozone","New Hanover",34.364167,-77.838611
"7044",2024-03-14,97,"Castle Hayne","Ozone","New Hanover",34.364167,-77.838611
"7045",2024-03-15,54,"Castle Hayne","Ozone","New Hanover",34.364167,-77.838611
"7046",2024-03-16,40,"Castle Hayne","Ozone","New Hanover",34.364167,-77.838611
"7047",2024-03-17,41,"Castle Hayne","Ozone","New Hanover",34.364167,-77.838611
"7048",2024-03-18,42,"Castle Hayne","Ozone","New Hanover",34.364167,-77.838611
"7049",2024-03-19,37,"Castle Hayne","Ozone","New Hanover",34.364167,-77.838611
"7050",2024-03-20,49,"Castle Hayne","Ozone","New Hanover",34.364167,-77.838611
"7051",2024-03-21,43,"Castle Hayne","Ozone","New Hanover",34.364167,-77.838611
"7052",2024-03-22,44,"Castle Hayne","Ozone","New Hanover",34.364167,-77.838611
"7053",2024-03-23,34,"Castle Hayne","Ozone","New Hanover",34.364167,-77.838611
"7054",2024-03-24,44,"Castle Hayne","Ozone","New Hanover",34.364167,-77.838611
"7055",2024-03-25,42,"Castle Hayne","Ozone","New Hanover",34.364167,-77.838611
"7056",2024-03-26,39,"Castle Hayne","Ozone","New Hanover",34.364167,-77.838611
"7057",2024-03-27,35,"Castle Hayne","Ozone","New Hanover",34.364167,-77.838611
"7058",2024-03-28,28,"Castle Hayne","Ozone","New Hanover",34.364167,-77.838611
"7059",2024-03-29,48,"Castle Hayne","Ozone","New Hanover",34.364167,-77.838611
"7060",2024-03-30,64,"Castle Hayne","Ozone","New Hanover",34.364167,-77.838611
"7061",2024-03-31,61,"Castle Hayne","Ozone","New Hanover",34.364167,-77.838611
"7062",2024-04-01,42,"Castle Hayne","Ozone","New Hanover",34.364167,-77.838611
"7063",2024-04-02,43,"Castle Hayne","Ozone","New Hanover",34.364167,-77.838611
"7064",2024-04-03,37,"Castle Hayne","Ozone","New Hanover",34.364167,-77.838611
"7065",2024-04-04,42,"Castle Hayne","Ozone","New Hanover",34.364167,-77.838611
"7066",2024-04-05,43,"Castle Hayne","Ozone","New Hanover",34.364167,-77.838611
"7067",2024-04-06,44,"Castle Hayne","Ozone","New Hanover",34.364167,-77.838611
"7068",2024-04-07,43,"Castle Hayne","Ozone","New Hanover",34.364167,-77.838611
"7069",2024-04-08,46,"Castle Hayne","Ozone","New Hanover",34.364167,-77.838611
"7070",2024-04-09,42,"Castle Hayne","Ozone","New Hanover",34.364167,-77.838611
"7071",2024-04-10,46,"Castle Hayne","Ozone","New Hanover",34.364167,-77.838611
"7072",2024-04-11,40,"Castle Hayne","Ozone","New Hanover",34.364167,-77.838611
"7073",2024-04-12,48,"Castle Hayne","Ozone","New Hanover",34.364167,-77.838611
"7074",2024-04-13,46,"Castle Hayne","Ozone","New Hanover",34.364167,-77.838611
"7075",2024-04-14,58,"Castle Hayne","Ozone","New Hanover",34.364167,-77.838611
"7076",2024-04-15,74,"Castle Hayne","Ozone","New Hanover",34.364167,-77.838611
"7077",2024-04-16,61,"Castle Hayne","Ozone","New Hanover",34.364167,-77.838611
"7078",2024-04-17,49,"Castle Hayne","Ozone","New Hanover",34.364167,-77.838611
"7079",2024-04-18,45,"Castle Hayne","Ozone","New Hanover",34.364167,-77.838611
"7080",2024-04-19,40,"Castle Hayne","Ozone","New Hanover",34.364167,-77.838611
"7081",2024-04-20,38,"Castle Hayne","Ozone","New Hanover",34.364167,-77.838611
"7082",2024-04-21,27,"Castle Hayne","Ozone","New Hanover",34.364167,-77.838611
"7083",2024-04-22,37,"Castle Hayne","Ozone","New Hanover",34.364167,-77.838611
"7084",2024-04-23,51,"Castle Hayne","Ozone","New Hanover",34.364167,-77.838611
"7085",2024-04-24,54,"Castle Hayne","Ozone","New Hanover",34.364167,-77.838611
"7086",2024-04-25,50,"Castle Hayne","Ozone","New Hanover",34.364167,-77.838611
"7087",2024-04-26,47,"Castle Hayne","Ozone","New Hanover",34.364167,-77.838611
"7088",2024-04-27,44,"Castle Hayne","Ozone","New Hanover",34.364167,-77.838611
"7089",2024-04-28,47,"Castle Hayne","Ozone","New Hanover",34.364167,-77.838611
"7090",2024-04-29,44,"Castle Hayne","Ozone","New Hanover",34.364167,-77.838611
"7091",2024-04-30,38,"Castle Hayne","Ozone","New Hanover",34.364167,-77.838611
"7092",2024-05-01,37,"Castle Hayne","Ozone","New Hanover",34.364167,-77.838611
"7093",2024-05-02,41,"Castle Hayne","Ozone","New Hanover",34.364167,-77.838611
"7094",2024-05-03,38,"Castle Hayne","Ozone","New Hanover",34.364167,-77.838611
"7095",2024-05-04,30,"Castle Hayne","Ozone","New Hanover",34.364167,-77.838611
"7096",2024-05-05,29,"Castle Hayne","Ozone","New Hanover",34.364167,-77.838611
"7097",2024-05-06,31,"Castle Hayne","Ozone","New Hanover",34.364167,-77.838611
"7098",2024-05-07,34,"Castle Hayne","Ozone","New Hanover",34.364167,-77.838611
"7099",2024-05-08,36,"Castle Hayne","Ozone","New Hanover",34.364167,-77.838611
"7100",2024-05-09,39,"Castle Hayne","Ozone","New Hanover",34.364167,-77.838611
"7101",2024-05-10,37,"Castle Hayne","Ozone","New Hanover",34.364167,-77.838611
"7102",2024-05-11,33,"Castle Hayne","Ozone","New Hanover",34.364167,-77.838611
"7103",2024-05-12,45,"Castle Hayne","Ozone","New Hanover",34.364167,-77.838611
"7104",2024-05-13,44,"Castle Hayne","Ozone","New Hanover",34.364167,-77.838611
"7105",2024-05-14,43,"Castle Hayne","Ozone","New Hanover",34.364167,-77.838611
"7106",2024-05-15,40,"Castle Hayne","Ozone","New Hanover",34.364167,-77.838611
"7107",2024-05-16,36,"Castle Hayne","Ozone","New Hanover",34.364167,-77.838611
"7108",2024-05-17,37,"Castle Hayne","Ozone","New Hanover",34.364167,-77.838611
"7109",2024-05-18,33,"Castle Hayne","Ozone","New Hanover",34.364167,-77.838611
"7110",2024-05-19,25,"Castle Hayne","Ozone","New Hanover",34.364167,-77.838611
"7111",2024-05-20,29,"Castle Hayne","Ozone","New Hanover",34.364167,-77.838611
"7112",2024-05-21,31,"Castle Hayne","Ozone","New Hanover",34.364167,-77.838611
"7113",2024-05-22,31,"Castle Hayne","Ozone","New Hanover",34.364167,-77.838611
"7114",2024-05-23,42,"Castle Hayne","Ozone","New Hanover",34.364167,-77.838611
"7115",2024-05-24,36,"Castle Hayne","Ozone","New Hanover",34.364167,-77.838611
"7116",2024-05-25,44,"Castle Hayne","Ozone","New Hanover",34.364167,-77.838611
"7117",2024-05-26,44,"Castle Hayne","Ozone","New Hanover",34.364167,-77.838611
"7118",2024-05-27,31,"Castle Hayne","Ozone","New Hanover",34.364167,-77.838611
"7119",2024-05-28,41,"Castle Hayne","Ozone","New Hanover",34.364167,-77.838611
"7120",2024-05-29,48,"Castle Hayne","Ozone","New Hanover",34.364167,-77.838611
"7121",2024-05-30,47,"Castle Hayne","Ozone","New Hanover",34.364167,-77.838611
"7122",2024-05-31,46,"Castle Hayne","Ozone","New Hanover",34.364167,-77.838611
"7123",2024-06-01,51,"Castle Hayne","Ozone","New Hanover",34.364167,-77.838611
"7124",2024-06-02,50,"Castle Hayne","Ozone","New Hanover",34.364167,-77.838611
"7125",2024-06-03,43,"Castle Hayne","Ozone","New Hanover",34.364167,-77.838611
"7126",2024-06-04,41,"Castle Hayne","Ozone","New Hanover",34.364167,-77.838611
"7127",2024-06-05,36,"Castle Hayne","Ozone","New Hanover",34.364167,-77.838611
"7128",2024-06-06,34,"Castle Hayne","Ozone","New Hanover",34.364167,-77.838611
"7129",2024-06-07,42,"Castle Hayne","Ozone","New Hanover",34.364167,-77.838611
"7130",2024-06-08,51,"Castle Hayne","Ozone","New Hanover",34.364167,-77.838611
"7131",2024-06-09,61,"Castle Hayne","Ozone","New Hanover",34.364167,-77.838611
"7132",2024-06-10,31,"Castle Hayne","Ozone","New Hanover",34.364167,-77.838611
"7133",2024-06-11,67,"Castle Hayne","Ozone","New Hanover",34.364167,-77.838611
"7134",2024-06-12,48,"Castle Hayne","Ozone","New Hanover",34.364167,-77.838611
"7135",2024-06-13,47,"Castle Hayne","Ozone","New Hanover",34.364167,-77.838611
"7136",2024-06-14,49,"Castle Hayne","Ozone","New Hanover",34.364167,-77.838611
"7137",2024-06-15,50,"Castle Hayne","Ozone","New Hanover",34.364167,-77.838611
"7138",2024-06-16,64,"Castle Hayne","Ozone","New Hanover",34.364167,-77.838611
"7139",2024-06-17,44,"Castle Hayne","Ozone","New Hanover",34.364167,-77.838611
"7140",2024-06-18,40,"Castle Hayne","Ozone","New Hanover",34.364167,-77.838611
"7141",2024-06-19,41,"Castle Hayne","Ozone","New Hanover",34.364167,-77.838611
"7142",2024-06-20,39,"Castle Hayne","Ozone","New Hanover",34.364167,-77.838611
"7143",2024-06-21,19,"Castle Hayne","Ozone","New Hanover",34.364167,-77.838611
"7144",2024-06-22,19,"Castle Hayne","Ozone","New Hanover",34.364167,-77.838611
"7145",2024-06-23,26,"Castle Hayne","Ozone","New Hanover",34.364167,-77.838611
"7146",2024-06-24,38,"Castle Hayne","Ozone","New Hanover",34.364167,-77.838611
"7147",2024-06-25,43,"Castle Hayne","Ozone","New Hanover",34.364167,-77.838611
"7148",2024-06-26,30,"Castle Hayne","Ozone","New Hanover",34.364167,-77.838611
"7149",2024-06-27,39,"Castle Hayne","Ozone","New Hanover",34.364167,-77.838611
"7150",2024-06-28,45,"Castle Hayne","Ozone","New Hanover",34.364167,-77.838611
"7151",2024-06-29,30,"Castle Hayne","Ozone","New Hanover",34.364167,-77.838611
"7152",2024-06-30,24,"Castle Hayne","Ozone","New Hanover",34.364167,-77.838611
"7153",2024-07-01,30,"Castle Hayne","Ozone","New Hanover",34.364167,-77.838611
"7154",2024-07-02,41,"Castle Hayne","Ozone","New Hanover",34.364167,-77.838611
"7155",2024-07-03,38,"Castle Hayne","Ozone","New Hanover",34.364167,-77.838611
"7156",2024-07-04,37,"Castle Hayne","Ozone","New Hanover",34.364167,-77.838611
"7157",2024-07-05,35,"Castle Hayne","Ozone","New Hanover",34.364167,-77.838611
"7158",2024-07-06,34,"Castle Hayne","Ozone","New Hanover",34.364167,-77.838611
"7159",2024-07-07,31,"Castle Hayne","Ozone","New Hanover",34.364167,-77.838611
"7160",2024-07-08,27,"Castle Hayne","Ozone","New Hanover",34.364167,-77.838611
"7161",2024-07-09,24,"Castle Hayne","Ozone","New Hanover",34.364167,-77.838611
"7162",2024-07-10,29,"Castle Hayne","Ozone","New Hanover",34.364167,-77.838611
"7163",2024-07-11,26,"Castle Hayne","Ozone","New Hanover",34.364167,-77.838611
"7164",2024-07-12,29,"Castle Hayne","Ozone","New Hanover",34.364167,-77.838611
"7165",2024-07-13,35,"Castle Hayne","Ozone","New Hanover",34.364167,-77.838611
"7166",2024-07-14,44,"Castle Hayne","Ozone","New Hanover",34.364167,-77.838611
"7167",2024-07-15,41,"Castle Hayne","Ozone","New Hanover",34.364167,-77.838611
"7168",2024-07-16,40,"Castle Hayne","Ozone","New Hanover",34.364167,-77.838611
"7169",2024-07-17,33,"Castle Hayne","Ozone","New Hanover",34.364167,-77.838611
"7170",2024-07-18,29,"Castle Hayne","Ozone","New Hanover",34.364167,-77.838611
"7171",2024-07-19,22,"Castle Hayne","Ozone","New Hanover",34.364167,-77.838611
"7172",2024-07-20,20,"Castle Hayne","Ozone","New Hanover",34.364167,-77.838611
"7173",2024-07-21,26,"Castle Hayne","Ozone","New Hanover",34.364167,-77.838611
"7174",2024-07-22,18,"Castle Hayne","Ozone","New Hanover",34.364167,-77.838611
"7175",2024-07-23,23,"Castle Hayne","Ozone","New Hanover",34.364167,-77.838611
"7176",2024-07-24,26,"Castle Hayne","Ozone","New Hanover",34.364167,-77.838611
"7177",2024-07-25,18,"Castle Hayne","Ozone","New Hanover",34.364167,-77.838611
"7178",2024-07-26,23,"Castle Hayne","Ozone","New Hanover",34.364167,-77.838611
"7179",2024-07-27,41,"Castle Hayne","Ozone","New Hanover",34.364167,-77.838611
"7180",2024-07-28,45,"Castle Hayne","Ozone","New Hanover",34.364167,-77.838611
"7181",2024-07-29,38,"Castle Hayne","Ozone","New Hanover",34.364167,-77.838611
"7182",2024-07-30,40,"Castle Hayne","Ozone","New Hanover",34.364167,-77.838611
"7183",2024-07-31,44,"Castle Hayne","Ozone","New Hanover",34.364167,-77.838611
"7184",2024-08-01,41,"Castle Hayne","Ozone","New Hanover",34.364167,-77.838611
"7185",2024-08-02,33,"Castle Hayne","Ozone","New Hanover",34.364167,-77.838611
"7186",2024-08-03,19,"Castle Hayne","Ozone","New Hanover",34.364167,-77.838611
"7187",2024-08-04,23,"Castle Hayne","Ozone","New Hanover",34.364167,-77.838611
"7188",2024-08-06,24,"Castle Hayne","Ozone","New Hanover",34.364167,-77.838611
"7189",2024-08-07,37,"Castle Hayne","Ozone","New Hanover",34.364167,-77.838611
"7190",2024-08-08,39,"Castle Hayne","Ozone","New Hanover",34.364167,-77.838611
"7191",2024-08-09,36,"Castle Hayne","Ozone","New Hanover",34.364167,-77.838611
"7192",2024-08-10,37,"Castle Hayne","Ozone","New Hanover",34.364167,-77.838611
"7193",2024-08-11,30,"Castle Hayne","Ozone","New Hanover",34.364167,-77.838611
"7194",2024-08-12,31,"Castle Hayne","Ozone","New Hanover",34.364167,-77.838611
"7195",2024-08-13,43,"Castle Hayne","Ozone","New Hanover",34.364167,-77.838611
"7196",2024-08-15,44,"Castle Hayne","Ozone","New Hanover",34.364167,-77.838611
"7197",2024-08-16,49,"Castle Hayne","Ozone","New Hanover",34.364167,-77.838611
"7198",2024-08-17,44,"Castle Hayne","Ozone","New Hanover",34.364167,-77.838611
"7199",2024-08-18,40,"Castle Hayne","Ozone","New Hanover",34.364167,-77.838611
"7200",2024-08-19,37,"Castle Hayne","Ozone","New Hanover",34.364167,-77.838611
"7201",2024-08-20,32,"Castle Hayne","Ozone","New Hanover",34.364167,-77.838611
"7202",2024-08-21,39,"Castle Hayne","Ozone","New Hanover",34.364167,-77.838611
"7203",2024-08-22,40,"Castle Hayne","Ozone","New Hanover",34.364167,-77.838611
"7204",2024-08-23,35,"Castle Hayne","Ozone","New Hanover",34.364167,-77.838611
"7205",2024-08-24,34,"Castle Hayne","Ozone","New Hanover",34.364167,-77.838611
"7206",2024-08-25,27,"Castle Hayne","Ozone","New Hanover",34.364167,-77.838611
"7207",2024-08-26,23,"Castle Hayne","Ozone","New Hanover",34.364167,-77.838611
"7208",2024-08-27,28,"Castle Hayne","Ozone","New Hanover",34.364167,-77.838611
"7209",2024-08-28,34,"Castle Hayne","Ozone","New Hanover",34.364167,-77.838611
"7210",2024-08-29,34,"Castle Hayne","Ozone","New Hanover",34.364167,-77.838611
"7211",2024-08-30,24,"Castle Hayne","Ozone","New Hanover",34.364167,-77.838611
"7212",2024-08-31,34,"Castle Hayne","Ozone","New Hanover",34.364167,-77.838611
"7213",2024-09-01,26,"Castle Hayne","Ozone","New Hanover",34.364167,-77.838611
"7214",2024-09-02,22,"Castle Hayne","Ozone","New Hanover",34.364167,-77.838611
"7215",2024-09-03,32,"Castle Hayne","Ozone","New Hanover",34.364167,-77.838611
"7216",2024-09-04,32,"Castle Hayne","Ozone","New Hanover",34.364167,-77.838611
"7217",2024-09-05,29,"Castle Hayne","Ozone","New Hanover",34.364167,-77.838611
"7218",2024-09-06,25,"Castle Hayne","Ozone","New Hanover",34.364167,-77.838611
"7219",2024-09-07,22,"Castle Hayne","Ozone","New Hanover",34.364167,-77.838611
"7220",2024-09-08,19,"Castle Hayne","Ozone","New Hanover",34.364167,-77.838611
"7221",2024-09-09,37,"Castle Hayne","Ozone","New Hanover",34.364167,-77.838611
"7222",2024-09-10,40,"Castle Hayne","Ozone","New Hanover",34.364167,-77.838611
"7223",2024-09-11,42,"Castle Hayne","Ozone","New Hanover",34.364167,-77.838611
"7224",2024-09-12,40,"Castle Hayne","Ozone","New Hanover",34.364167,-77.838611
"7225",2024-09-13,24,"Castle Hayne","Ozone","New Hanover",34.364167,-77.838611
"7226",2024-09-14,24,"Castle Hayne","Ozone","New Hanover",34.364167,-77.838611
"7227",2024-09-15,27,"Castle Hayne","Ozone","New Hanover",34.364167,-77.838611
"7228",2024-09-16,32,"Castle Hayne","Ozone","New Hanover",34.364167,-77.838611
"7229",2024-09-17,31,"Castle Hayne","Ozone","New Hanover",34.364167,-77.838611
"7230",2024-09-19,28,"Castle Hayne","Ozone","New Hanover",34.364167,-77.838611
"7231",2024-09-20,35,"Castle Hayne","Ozone","New Hanover",34.364167,-77.838611
"7232",2024-09-21,37,"Castle Hayne","Ozone","New Hanover",34.364167,-77.838611
"7233",2024-09-22,31,"Castle Hayne","Ozone","New Hanover",34.364167,-77.838611
"7234",2024-09-23,35,"Castle Hayne","Ozone","New Hanover",34.364167,-77.838611
"7235",2024-09-24,32,"Castle Hayne","Ozone","New Hanover",34.364167,-77.838611
"7236",2024-09-25,36,"Castle Hayne","Ozone","New Hanover",34.364167,-77.838611
"7237",2024-09-26,28,"Castle Hayne","Ozone","New Hanover",34.364167,-77.838611
"7238",2024-09-28,41,"Castle Hayne","Ozone","New Hanover",34.364167,-77.838611
"7239",2024-09-29,36,"Castle Hayne","Ozone","New Hanover",34.364167,-77.838611
"7240",2024-09-30,36,"Castle Hayne","Ozone","New Hanover",34.364167,-77.838611
"7241",2024-10-01,33,"Castle Hayne","Ozone","New Hanover",34.364167,-77.838611
"7242",2024-10-02,23,"Castle Hayne","Ozone","New Hanover",34.364167,-77.838611
"7243",2024-10-03,28,"Castle Hayne","Ozone","New Hanover",34.364167,-77.838611
"7244",2024-10-04,35,"Castle Hayne","Ozone","New Hanover",34.364167,-77.838611
"7245",2024-10-05,33,"Castle Hayne","Ozone","New Hanover",34.364167,-77.838611
"7246",2024-10-06,44,"Castle Hayne","Ozone","New Hanover",34.364167,-77.838611
"7247",2024-10-07,48,"Castle Hayne","Ozone","New Hanover",34.364167,-77.838611
"7248",2024-10-08,35,"Castle Hayne","Ozone","New Hanover",34.364167,-77.838611
"7249",2024-10-09,33,"Castle Hayne","Ozone","New Hanover",34.364167,-77.838611
"7250",2024-10-10,33,"Castle Hayne","Ozone","New Hanover",34.364167,-77.838611
"7251",2024-10-11,27,"Castle Hayne","Ozone","New Hanover",34.364167,-77.838611
"7252",2024-10-12,38,"Castle Hayne","Ozone","New Hanover",34.364167,-77.838611
"7253",2024-10-13,46,"Castle Hayne","Ozone","New Hanover",34.364167,-77.838611
"7254",2024-10-14,44,"Castle Hayne","Ozone","New Hanover",34.364167,-77.838611
"7255",2024-10-15,31,"Castle Hayne","Ozone","New Hanover",34.364167,-77.838611
"7256",2024-10-16,23,"Castle Hayne","Ozone","New Hanover",34.364167,-77.838611
"7257",2024-10-17,32,"Castle Hayne","Ozone","New Hanover",34.364167,-77.838611
"7258",2024-10-18,34,"Castle Hayne","Ozone","New Hanover",34.364167,-77.838611
"7259",2024-10-19,33,"Castle Hayne","Ozone","New Hanover",34.364167,-77.838611
"7260",2024-10-20,30,"Castle Hayne","Ozone","New Hanover",34.364167,-77.838611
"7261",2024-10-21,36,"Castle Hayne","Ozone","New Hanover",34.364167,-77.838611
"7262",2024-10-22,35,"Castle Hayne","Ozone","New Hanover",34.364167,-77.838611
"7263",2024-10-23,33,"Castle Hayne","Ozone","New Hanover",34.364167,-77.838611
"7264",2024-10-24,47,"Castle Hayne","Ozone","New Hanover",34.364167,-77.838611
"7265",2024-10-25,42,"Castle Hayne","Ozone","New Hanover",34.364167,-77.838611
"7266",2024-10-26,44,"Castle Hayne","Ozone","New Hanover",34.364167,-77.838611
"7267",2024-10-27,29,"Castle Hayne","Ozone","New Hanover",34.364167,-77.838611
"7268",2024-10-28,35,"Castle Hayne","Ozone","New Hanover",34.364167,-77.838611
"7269",2024-10-29,31,"Castle Hayne","Ozone","New Hanover",34.364167,-77.838611
"7270",2024-10-30,40,"Castle Hayne","Ozone","New Hanover",34.364167,-77.838611
"7271",2024-10-31,36,"Castle Hayne","Ozone","New Hanover",34.364167,-77.838611
"7272",2024-03-01,32,"Bushy Fork","Ozone","Person",36.306965,-79.09197
"7273",2024-03-02,30,"Bushy Fork","Ozone","Person",36.306965,-79.09197
"7274",2024-03-03,34,"Bushy Fork","Ozone","Person",36.306965,-79.09197
"7275",2024-03-04,39,"Bushy Fork","Ozone","Person",36.306965,-79.09197
"7276",2024-03-05,35,"Bushy Fork","Ozone","Person",36.306965,-79.09197
"7277",2024-03-06,30,"Bushy Fork","Ozone","Person",36.306965,-79.09197
"7278",2024-03-07,37,"Bushy Fork","Ozone","Person",36.306965,-79.09197
"7279",2024-03-08,34,"Bushy Fork","Ozone","Person",36.306965,-79.09197
"7280",2024-03-09,27,"Bushy Fork","Ozone","Person",36.306965,-79.09197
"7281",2024-03-10,41,"Bushy Fork","Ozone","Person",36.306965,-79.09197
"7282",2024-03-11,43,"Bushy Fork","Ozone","Person",36.306965,-79.09197
"7283",2024-03-12,44,"Bushy Fork","Ozone","Person",36.306965,-79.09197
"7284",2024-03-13,50,"Bushy Fork","Ozone","Person",36.306965,-79.09197
"7285",2024-03-14,77,"Bushy Fork","Ozone","Person",36.306965,-79.09197
"7286",2024-03-15,46,"Bushy Fork","Ozone","Person",36.306965,-79.09197
"7287",2024-03-16,40,"Bushy Fork","Ozone","Person",36.306965,-79.09197
"7288",2024-03-17,44,"Bushy Fork","Ozone","Person",36.306965,-79.09197
"7289",2024-03-18,44,"Bushy Fork","Ozone","Person",36.306965,-79.09197
"7290",2024-03-19,39,"Bushy Fork","Ozone","Person",36.306965,-79.09197
"7291",2024-03-20,47,"Bushy Fork","Ozone","Person",36.306965,-79.09197
"7292",2024-03-21,46,"Bushy Fork","Ozone","Person",36.306965,-79.09197
"7293",2024-03-22,39,"Bushy Fork","Ozone","Person",36.306965,-79.09197
"7294",2024-03-23,38,"Bushy Fork","Ozone","Person",36.306965,-79.09197
"7295",2024-03-24,43,"Bushy Fork","Ozone","Person",36.306965,-79.09197
"7296",2024-03-25,45,"Bushy Fork","Ozone","Person",36.306965,-79.09197
"7297",2024-03-26,41,"Bushy Fork","Ozone","Person",36.306965,-79.09197
"7298",2024-03-27,22,"Bushy Fork","Ozone","Person",36.306965,-79.09197
"7299",2024-03-28,42,"Bushy Fork","Ozone","Person",36.306965,-79.09197
"7300",2024-03-29,50,"Bushy Fork","Ozone","Person",36.306965,-79.09197
"7301",2024-03-30,64,"Bushy Fork","Ozone","Person",36.306965,-79.09197
"7302",2024-03-31,54,"Bushy Fork","Ozone","Person",36.306965,-79.09197
"7303",2024-04-01,46,"Bushy Fork","Ozone","Person",36.306965,-79.09197
"7304",2024-04-02,44,"Bushy Fork","Ozone","Person",36.306965,-79.09197
"7305",2024-04-03,45,"Bushy Fork","Ozone","Person",36.306965,-79.09197
"7306",2024-04-04,39,"Bushy Fork","Ozone","Person",36.306965,-79.09197
"7307",2024-04-05,37,"Bushy Fork","Ozone","Person",36.306965,-79.09197
"7308",2024-04-06,40,"Bushy Fork","Ozone","Person",36.306965,-79.09197
"7309",2024-04-07,44,"Bushy Fork","Ozone","Person",36.306965,-79.09197
"7310",2024-04-08,49,"Bushy Fork","Ozone","Person",36.306965,-79.09197
"7311",2024-04-09,42,"Bushy Fork","Ozone","Person",36.306965,-79.09197
"7312",2024-04-10,33,"Bushy Fork","Ozone","Person",36.306965,-79.09197
"7313",2024-04-11,37,"Bushy Fork","Ozone","Person",36.306965,-79.09197
"7314",2024-04-12,46,"Bushy Fork","Ozone","Person",36.306965,-79.09197
"7315",2024-04-13,47,"Bushy Fork","Ozone","Person",36.306965,-79.09197
"7316",2024-04-14,64,"Bushy Fork","Ozone","Person",36.306965,-79.09197
"7317",2024-04-15,71,"Bushy Fork","Ozone","Person",36.306965,-79.09197
"7318",2024-04-16,45,"Bushy Fork","Ozone","Person",36.306965,-79.09197
"7319",2024-04-17,46,"Bushy Fork","Ozone","Person",36.306965,-79.09197
"7320",2024-04-18,45,"Bushy Fork","Ozone","Person",36.306965,-79.09197
"7321",2024-04-19,34,"Bushy Fork","Ozone","Person",36.306965,-79.09197
"7322",2024-04-20,36,"Bushy Fork","Ozone","Person",36.306965,-79.09197
"7323",2024-04-21,27,"Bushy Fork","Ozone","Person",36.306965,-79.09197
"7324",2024-04-22,41,"Bushy Fork","Ozone","Person",36.306965,-79.09197
"7325",2024-04-23,47,"Bushy Fork","Ozone","Person",36.306965,-79.09197
"7326",2024-04-24,41,"Bushy Fork","Ozone","Person",36.306965,-79.09197
"7327",2024-04-25,47,"Bushy Fork","Ozone","Person",36.306965,-79.09197
"7328",2024-04-26,42,"Bushy Fork","Ozone","Person",36.306965,-79.09197
"7329",2024-04-27,40,"Bushy Fork","Ozone","Person",36.306965,-79.09197
"7330",2024-04-28,42,"Bushy Fork","Ozone","Person",36.306965,-79.09197
"7331",2024-04-29,50,"Bushy Fork","Ozone","Person",36.306965,-79.09197
"7332",2024-04-30,41,"Bushy Fork","Ozone","Person",36.306965,-79.09197
"7333",2024-05-01,44,"Bushy Fork","Ozone","Person",36.306965,-79.09197
"7334",2024-05-03,50,"Bushy Fork","Ozone","Person",36.306965,-79.09197
"7335",2024-05-04,15,"Bushy Fork","Ozone","Person",36.306965,-79.09197
"7336",2024-05-05,19,"Bushy Fork","Ozone","Person",36.306965,-79.09197
"7337",2024-05-06,34,"Bushy Fork","Ozone","Person",36.306965,-79.09197
"7338",2024-05-07,39,"Bushy Fork","Ozone","Person",36.306965,-79.09197
"7339",2024-05-08,38,"Bushy Fork","Ozone","Person",36.306965,-79.09197
"7340",2024-05-09,44,"Bushy Fork","Ozone","Person",36.306965,-79.09197
"7341",2024-05-10,44,"Bushy Fork","Ozone","Person",36.306965,-79.09197
"7342",2024-05-11,41,"Bushy Fork","Ozone","Person",36.306965,-79.09197
"7343",2024-05-12,43,"Bushy Fork","Ozone","Person",36.306965,-79.09197
"7344",2024-05-13,42,"Bushy Fork","Ozone","Person",36.306965,-79.09197
"7345",2024-05-14,34,"Bushy Fork","Ozone","Person",36.306965,-79.09197
"7346",2024-05-15,33,"Bushy Fork","Ozone","Person",36.306965,-79.09197
"7347",2024-05-16,37,"Bushy Fork","Ozone","Person",36.306965,-79.09197
"7348",2024-05-17,35,"Bushy Fork","Ozone","Person",36.306965,-79.09197
"7349",2024-05-18,28,"Bushy Fork","Ozone","Person",36.306965,-79.09197
"7350",2024-05-19,31,"Bushy Fork","Ozone","Person",36.306965,-79.09197
"7351",2024-05-20,38,"Bushy Fork","Ozone","Person",36.306965,-79.09197
"7352",2024-05-21,40,"Bushy Fork","Ozone","Person",36.306965,-79.09197
"7353",2024-05-22,45,"Bushy Fork","Ozone","Person",36.306965,-79.09197
"7354",2024-05-23,45,"Bushy Fork","Ozone","Person",36.306965,-79.09197
"7355",2024-05-24,33,"Bushy Fork","Ozone","Person",36.306965,-79.09197
"7356",2024-05-25,40,"Bushy Fork","Ozone","Person",36.306965,-79.09197
"7357",2024-05-26,42,"Bushy Fork","Ozone","Person",36.306965,-79.09197
"7358",2024-05-27,43,"Bushy Fork","Ozone","Person",36.306965,-79.09197
"7359",2024-05-28,44,"Bushy Fork","Ozone","Person",36.306965,-79.09197
"7360",2024-05-29,49,"Bushy Fork","Ozone","Person",36.306965,-79.09197
"7361",2024-05-30,40,"Bushy Fork","Ozone","Person",36.306965,-79.09197
"7362",2024-05-31,49,"Bushy Fork","Ozone","Person",36.306965,-79.09197
"7363",2024-06-01,49,"Bushy Fork","Ozone","Person",36.306965,-79.09197
"7364",2024-06-02,42,"Bushy Fork","Ozone","Person",36.306965,-79.09197
"7365",2024-06-03,41,"Bushy Fork","Ozone","Person",36.306965,-79.09197
"7366",2024-06-04,39,"Bushy Fork","Ozone","Person",36.306965,-79.09197
"7367",2024-06-05,33,"Bushy Fork","Ozone","Person",36.306965,-79.09197
"7368",2024-06-07,49,"Bushy Fork","Ozone","Person",36.306965,-79.09197
"7369",2024-06-08,61,"Bushy Fork","Ozone","Person",36.306965,-79.09197
"7370",2024-06-09,45,"Bushy Fork","Ozone","Person",36.306965,-79.09197
"7371",2024-06-10,50,"Bushy Fork","Ozone","Person",36.306965,-79.09197
"7372",2024-06-11,41,"Bushy Fork","Ozone","Person",36.306965,-79.09197
"7373",2024-06-12,54,"Bushy Fork","Ozone","Person",36.306965,-79.09197
"7374",2024-06-13,54,"Bushy Fork","Ozone","Person",36.306965,-79.09197
"7375",2024-06-14,54,"Bushy Fork","Ozone","Person",36.306965,-79.09197
"7376",2024-06-15,58,"Bushy Fork","Ozone","Person",36.306965,-79.09197
"7377",2024-06-16,48,"Bushy Fork","Ozone","Person",36.306965,-79.09197
"7378",2024-06-17,43,"Bushy Fork","Ozone","Person",36.306965,-79.09197
"7379",2024-06-18,44,"Bushy Fork","Ozone","Person",36.306965,-79.09197
"7380",2024-06-19,39,"Bushy Fork","Ozone","Person",36.306965,-79.09197
"7381",2024-06-20,37,"Bushy Fork","Ozone","Person",36.306965,-79.09197
"7382",2024-06-21,42,"Bushy Fork","Ozone","Person",36.306965,-79.09197
"7383",2024-06-22,26,"Bushy Fork","Ozone","Person",36.306965,-79.09197
"7384",2024-06-23,28,"Bushy Fork","Ozone","Person",36.306965,-79.09197
"7385",2024-06-24,49,"Bushy Fork","Ozone","Person",36.306965,-79.09197
"7386",2024-06-25,58,"Bushy Fork","Ozone","Person",36.306965,-79.09197
"7387",2024-06-26,61,"Bushy Fork","Ozone","Person",36.306965,-79.09197
"7388",2024-06-27,43,"Bushy Fork","Ozone","Person",36.306965,-79.09197
"7389",2024-06-28,64,"Bushy Fork","Ozone","Person",36.306965,-79.09197
"7390",2024-06-29,41,"Bushy Fork","Ozone","Person",36.306965,-79.09197
"7391",2024-07-01,39,"Bushy Fork","Ozone","Person",36.306965,-79.09197
"7392",2024-07-02,48,"Bushy Fork","Ozone","Person",36.306965,-79.09197
"7393",2024-07-03,46,"Bushy Fork","Ozone","Person",36.306965,-79.09197
"7394",2024-07-04,44,"Bushy Fork","Ozone","Person",36.306965,-79.09197
"7395",2024-07-05,39,"Bushy Fork","Ozone","Person",36.306965,-79.09197
"7396",2024-07-06,39,"Bushy Fork","Ozone","Person",36.306965,-79.09197
"7397",2024-07-07,31,"Bushy Fork","Ozone","Person",36.306965,-79.09197
"7398",2024-07-08,39,"Bushy Fork","Ozone","Person",36.306965,-79.09197
"7399",2024-07-09,42,"Bushy Fork","Ozone","Person",36.306965,-79.09197
"7400",2024-07-10,36,"Bushy Fork","Ozone","Person",36.306965,-79.09197
"7401",2024-07-11,51,"Bushy Fork","Ozone","Person",36.306965,-79.09197
"7402",2024-07-12,22,"Bushy Fork","Ozone","Person",36.306965,-79.09197
"7403",2024-07-13,33,"Bushy Fork","Ozone","Person",36.306965,-79.09197
"7404",2024-07-14,50,"Bushy Fork","Ozone","Person",36.306965,-79.09197
"7405",2024-07-15,46,"Bushy Fork","Ozone","Person",36.306965,-79.09197
"7406",2024-07-16,47,"Bushy Fork","Ozone","Person",36.306965,-79.09197
"7407",2024-07-17,45,"Bushy Fork","Ozone","Person",36.306965,-79.09197
"7408",2024-07-18,39,"Bushy Fork","Ozone","Person",36.306965,-79.09197
"7409",2024-07-19,40,"Bushy Fork","Ozone","Person",36.306965,-79.09197
"7410",2024-07-20,31,"Bushy Fork","Ozone","Person",36.306965,-79.09197
"7411",2024-07-21,37,"Bushy Fork","Ozone","Person",36.306965,-79.09197
"7412",2024-07-22,29,"Bushy Fork","Ozone","Person",36.306965,-79.09197
"7413",2024-07-23,33,"Bushy Fork","Ozone","Person",36.306965,-79.09197
"7414",2024-07-24,36,"Bushy Fork","Ozone","Person",36.306965,-79.09197
"7415",2024-07-25,27,"Bushy Fork","Ozone","Person",36.306965,-79.09197
"7416",2024-07-26,28,"Bushy Fork","Ozone","Person",36.306965,-79.09197
"7417",2024-07-27,40,"Bushy Fork","Ozone","Person",36.306965,-79.09197
"7418",2024-07-28,44,"Bushy Fork","Ozone","Person",36.306965,-79.09197
"7419",2024-07-29,33,"Bushy Fork","Ozone","Person",36.306965,-79.09197
"7420",2024-07-30,32,"Bushy Fork","Ozone","Person",36.306965,-79.09197
"7421",2024-07-31,41,"Bushy Fork","Ozone","Person",36.306965,-79.09197
"7422",2024-08-01,38,"Bushy Fork","Ozone","Person",36.306965,-79.09197
"7423",2024-08-02,38,"Bushy Fork","Ozone","Person",36.306965,-79.09197
"7424",2024-08-03,30,"Bushy Fork","Ozone","Person",36.306965,-79.09197
"7425",2024-08-04,38,"Bushy Fork","Ozone","Person",36.306965,-79.09197
"7426",2024-08-05,37,"Bushy Fork","Ozone","Person",36.306965,-79.09197
"7427",2024-08-06,18,"Bushy Fork","Ozone","Person",36.306965,-79.09197
"7428",2024-08-07,20,"Bushy Fork","Ozone","Person",36.306965,-79.09197
"7429",2024-08-08,26,"Bushy Fork","Ozone","Person",36.306965,-79.09197
"7430",2024-08-09,31,"Bushy Fork","Ozone","Person",36.306965,-79.09197
"7431",2024-08-10,42,"Bushy Fork","Ozone","Person",36.306965,-79.09197
"7432",2024-08-11,43,"Bushy Fork","Ozone","Person",36.306965,-79.09197
"7433",2024-08-12,37,"Bushy Fork","Ozone","Person",36.306965,-79.09197
"7434",2024-08-13,26,"Bushy Fork","Ozone","Person",36.306965,-79.09197
"7435",2024-08-14,39,"Bushy Fork","Ozone","Person",36.306965,-79.09197
"7436",2024-08-15,43,"Bushy Fork","Ozone","Person",36.306965,-79.09197
"7437",2024-08-16,42,"Bushy Fork","Ozone","Person",36.306965,-79.09197
"7438",2024-08-17,36,"Bushy Fork","Ozone","Person",36.306965,-79.09197
"7439",2024-08-18,39,"Bushy Fork","Ozone","Person",36.306965,-79.09197
"7440",2024-08-19,34,"Bushy Fork","Ozone","Person",36.306965,-79.09197
"7441",2024-08-20,33,"Bushy Fork","Ozone","Person",36.306965,-79.09197
"7442",2024-08-21,39,"Bushy Fork","Ozone","Person",36.306965,-79.09197
"7443",2024-08-22,42,"Bushy Fork","Ozone","Person",36.306965,-79.09197
"7444",2024-08-23,39,"Bushy Fork","Ozone","Person",36.306965,-79.09197
"7445",2024-08-24,47,"Bushy Fork","Ozone","Person",36.306965,-79.09197
"7446",2024-08-25,44,"Bushy Fork","Ozone","Person",36.306965,-79.09197
"7447",2024-08-26,54,"Bushy Fork","Ozone","Person",36.306965,-79.09197
"7448",2024-08-27,54,"Bushy Fork","Ozone","Person",36.306965,-79.09197
"7449",2024-08-28,77,"Bushy Fork","Ozone","Person",36.306965,-79.09197
"7450",2024-08-29,48,"Bushy Fork","Ozone","Person",36.306965,-79.09197
"7451",2024-08-30,29,"Bushy Fork","Ozone","Person",36.306965,-79.09197
"7452",2024-08-31,36,"Bushy Fork","Ozone","Person",36.306965,-79.09197
"7453",2024-09-01,36,"Bushy Fork","Ozone","Person",36.306965,-79.09197
"7454",2024-09-02,32,"Bushy Fork","Ozone","Person",36.306965,-79.09197
"7455",2024-09-03,31,"Bushy Fork","Ozone","Person",36.306965,-79.09197
"7456",2024-09-04,30,"Bushy Fork","Ozone","Person",36.306965,-79.09197
"7457",2024-09-05,35,"Bushy Fork","Ozone","Person",36.306965,-79.09197
"7458",2024-09-06,35,"Bushy Fork","Ozone","Person",36.306965,-79.09197
"7459",2024-09-07,39,"Bushy Fork","Ozone","Person",36.306965,-79.09197
"7460",2024-09-08,32,"Bushy Fork","Ozone","Person",36.306965,-79.09197
"7461",2024-09-09,33,"Bushy Fork","Ozone","Person",36.306965,-79.09197
"7462",2024-09-10,38,"Bushy Fork","Ozone","Person",36.306965,-79.09197
"7463",2024-09-11,44,"Bushy Fork","Ozone","Person",36.306965,-79.09197
"7464",2024-09-12,44,"Bushy Fork","Ozone","Person",36.306965,-79.09197
"7465",2024-09-13,23,"Bushy Fork","Ozone","Person",36.306965,-79.09197
"7466",2024-09-14,31,"Bushy Fork","Ozone","Person",36.306965,-79.09197
"7467",2024-09-15,26,"Bushy Fork","Ozone","Person",36.306965,-79.09197
"7468",2024-09-16,25,"Bushy Fork","Ozone","Person",36.306965,-79.09197
"7469",2024-09-17,26,"Bushy Fork","Ozone","Person",36.306965,-79.09197
"7470",2024-09-18,31,"Bushy Fork","Ozone","Person",36.306965,-79.09197
"7471",2024-09-19,21,"Bushy Fork","Ozone","Person",36.306965,-79.09197
"7472",2024-09-20,31,"Bushy Fork","Ozone","Person",36.306965,-79.09197
"7473",2024-09-21,37,"Bushy Fork","Ozone","Person",36.306965,-79.09197
"7474",2024-09-22,29,"Bushy Fork","Ozone","Person",36.306965,-79.09197
"7475",2024-09-23,24,"Bushy Fork","Ozone","Person",36.306965,-79.09197
"7476",2024-09-24,24,"Bushy Fork","Ozone","Person",36.306965,-79.09197
"7477",2024-09-25,33,"Bushy Fork","Ozone","Person",36.306965,-79.09197
"7478",2024-09-26,20,"Bushy Fork","Ozone","Person",36.306965,-79.09197
"7479",2024-09-27,20,"Bushy Fork","Ozone","Person",36.306965,-79.09197
"7480",2024-09-28,37,"Bushy Fork","Ozone","Person",36.306965,-79.09197
"7481",2024-09-29,31,"Bushy Fork","Ozone","Person",36.306965,-79.09197
"7482",2024-09-30,22,"Bushy Fork","Ozone","Person",36.306965,-79.09197
"7483",2024-10-01,16,"Bushy Fork","Ozone","Person",36.306965,-79.09197
"7484",2024-10-02,23,"Bushy Fork","Ozone","Person",36.306965,-79.09197
"7485",2024-10-03,24,"Bushy Fork","Ozone","Person",36.306965,-79.09197
"7486",2024-10-04,31,"Bushy Fork","Ozone","Person",36.306965,-79.09197
"7487",2024-10-05,44,"Bushy Fork","Ozone","Person",36.306965,-79.09197
"7488",2024-10-06,37,"Bushy Fork","Ozone","Person",36.306965,-79.09197
"7489",2024-10-07,39,"Bushy Fork","Ozone","Person",36.306965,-79.09197
"7490",2024-10-08,32,"Bushy Fork","Ozone","Person",36.306965,-79.09197
"7491",2024-10-09,40,"Bushy Fork","Ozone","Person",36.306965,-79.09197
"7492",2024-10-10,34,"Bushy Fork","Ozone","Person",36.306965,-79.09197
"7493",2024-10-11,27,"Bushy Fork","Ozone","Person",36.306965,-79.09197
"7494",2024-10-12,38,"Bushy Fork","Ozone","Person",36.306965,-79.09197
"7495",2024-10-13,44,"Bushy Fork","Ozone","Person",36.306965,-79.09197
"7496",2024-10-14,39,"Bushy Fork","Ozone","Person",36.306965,-79.09197
"7497",2024-10-15,30,"Bushy Fork","Ozone","Person",36.306965,-79.09197
"7498",2024-10-16,25,"Bushy Fork","Ozone","Person",36.306965,-79.09197
"7499",2024-10-17,32,"Bushy Fork","Ozone","Person",36.306965,-79.09197
"7500",2024-10-18,33,"Bushy Fork","Ozone","Person",36.306965,-79.09197
"7501",2024-10-19,38,"Bushy Fork","Ozone","Person",36.306965,-79.09197
"7502",2024-10-20,41,"Bushy Fork","Ozone","Person",36.306965,-79.09197
"7503",2024-10-21,40,"Bushy Fork","Ozone","Person",36.306965,-79.09197
"7504",2024-10-22,43,"Bushy Fork","Ozone","Person",36.306965,-79.09197
"7505",2024-10-23,46,"Bushy Fork","Ozone","Person",36.306965,-79.09197
"7506",2024-10-24,44,"Bushy Fork","Ozone","Person",36.306965,-79.09197
"7507",2024-10-25,44,"Bushy Fork","Ozone","Person",36.306965,-79.09197
"7508",2024-10-26,44,"Bushy Fork","Ozone","Person",36.306965,-79.09197
"7509",2024-10-27,30,"Bushy Fork","Ozone","Person",36.306965,-79.09197
"7510",2024-10-28,35,"Bushy Fork","Ozone","Person",36.306965,-79.09197
"7511",2024-10-29,41,"Bushy Fork","Ozone","Person",36.306965,-79.09197
"7512",2024-10-30,36,"Bushy Fork","Ozone","Person",36.306965,-79.09197
"7513",2024-10-31,35,"Bushy Fork","Ozone","Person",36.306965,-79.09197
"7514",2024-03-01,39,"Pitt Agri. Center","Ozone","Pitt",35.6412760008938,-77.360126
"7515",2024-03-02,31,"Pitt Agri. Center","Ozone","Pitt",35.6412760008938,-77.360126
"7516",2024-03-03,31,"Pitt Agri. Center","Ozone","Pitt",35.6412760008938,-77.360126
"7517",2024-03-04,30,"Pitt Agri. Center","Ozone","Pitt",35.6412760008938,-77.360126
"7518",2024-03-05,28,"Pitt Agri. Center","Ozone","Pitt",35.6412760008938,-77.360126
"7519",2024-03-06,19,"Pitt Agri. Center","Ozone","Pitt",35.6412760008938,-77.360126
"7520",2024-03-07,35,"Pitt Agri. Center","Ozone","Pitt",35.6412760008938,-77.360126
"7521",2024-03-08,34,"Pitt Agri. Center","Ozone","Pitt",35.6412760008938,-77.360126
"7522",2024-03-09,29,"Pitt Agri. Center","Ozone","Pitt",35.6412760008938,-77.360126
"7523",2024-03-10,41,"Pitt Agri. Center","Ozone","Pitt",35.6412760008938,-77.360126
"7524",2024-03-11,42,"Pitt Agri. Center","Ozone","Pitt",35.6412760008938,-77.360126
"7525",2024-03-12,44,"Pitt Agri. Center","Ozone","Pitt",35.6412760008938,-77.360126
"7526",2024-03-13,54,"Pitt Agri. Center","Ozone","Pitt",35.6412760008938,-77.360126
"7527",2024-03-14,74,"Pitt Agri. Center","Ozone","Pitt",35.6412760008938,-77.360126
"7528",2024-03-15,54,"Pitt Agri. Center","Ozone","Pitt",35.6412760008938,-77.360126
"7529",2024-03-16,39,"Pitt Agri. Center","Ozone","Pitt",35.6412760008938,-77.360126
"7530",2024-03-17,42,"Pitt Agri. Center","Ozone","Pitt",35.6412760008938,-77.360126
"7531",2024-03-18,43,"Pitt Agri. Center","Ozone","Pitt",35.6412760008938,-77.360126
"7532",2024-03-19,36,"Pitt Agri. Center","Ozone","Pitt",35.6412760008938,-77.360126
"7533",2024-03-20,48,"Pitt Agri. Center","Ozone","Pitt",35.6412760008938,-77.360126
"7534",2024-03-21,44,"Pitt Agri. Center","Ozone","Pitt",35.6412760008938,-77.360126
"7535",2024-03-22,39,"Pitt Agri. Center","Ozone","Pitt",35.6412760008938,-77.360126
"7536",2024-03-23,34,"Pitt Agri. Center","Ozone","Pitt",35.6412760008938,-77.360126
"7537",2024-03-24,42,"Pitt Agri. Center","Ozone","Pitt",35.6412760008938,-77.360126
"7538",2024-03-25,43,"Pitt Agri. Center","Ozone","Pitt",35.6412760008938,-77.360126
"7539",2024-03-26,36,"Pitt Agri. Center","Ozone","Pitt",35.6412760008938,-77.360126
"7540",2024-03-27,23,"Pitt Agri. Center","Ozone","Pitt",35.6412760008938,-77.360126
"7541",2024-03-28,24,"Pitt Agri. Center","Ozone","Pitt",35.6412760008938,-77.360126
"7542",2024-03-29,49,"Pitt Agri. Center","Ozone","Pitt",35.6412760008938,-77.360126
"7543",2024-03-30,54,"Pitt Agri. Center","Ozone","Pitt",35.6412760008938,-77.360126
"7544",2024-03-31,51,"Pitt Agri. Center","Ozone","Pitt",35.6412760008938,-77.360126
"7545",2024-04-01,44,"Pitt Agri. Center","Ozone","Pitt",35.6412760008938,-77.360126
"7546",2024-04-02,39,"Pitt Agri. Center","Ozone","Pitt",35.6412760008938,-77.360126
"7547",2024-04-03,29,"Pitt Agri. Center","Ozone","Pitt",35.6412760008938,-77.360126
"7548",2024-04-04,41,"Pitt Agri. Center","Ozone","Pitt",35.6412760008938,-77.360126
"7549",2024-04-05,44,"Pitt Agri. Center","Ozone","Pitt",35.6412760008938,-77.360126
"7550",2024-04-06,39,"Pitt Agri. Center","Ozone","Pitt",35.6412760008938,-77.360126
"7551",2024-04-07,42,"Pitt Agri. Center","Ozone","Pitt",35.6412760008938,-77.360126
"7552",2024-04-08,45,"Pitt Agri. Center","Ozone","Pitt",35.6412760008938,-77.360126
"7553",2024-04-09,44,"Pitt Agri. Center","Ozone","Pitt",35.6412760008938,-77.360126
"7554",2024-04-10,41,"Pitt Agri. Center","Ozone","Pitt",35.6412760008938,-77.360126
"7555",2024-04-11,37,"Pitt Agri. Center","Ozone","Pitt",35.6412760008938,-77.360126
"7556",2024-04-12,48,"Pitt Agri. Center","Ozone","Pitt",35.6412760008938,-77.360126
"7557",2024-04-13,46,"Pitt Agri. Center","Ozone","Pitt",35.6412760008938,-77.360126
"7558",2024-04-14,49,"Pitt Agri. Center","Ozone","Pitt",35.6412760008938,-77.360126
"7559",2024-04-15,58,"Pitt Agri. Center","Ozone","Pitt",35.6412760008938,-77.360126
"7560",2024-04-16,46,"Pitt Agri. Center","Ozone","Pitt",35.6412760008938,-77.360126
"7561",2024-04-17,49,"Pitt Agri. Center","Ozone","Pitt",35.6412760008938,-77.360126
"7562",2024-04-18,45,"Pitt Agri. Center","Ozone","Pitt",35.6412760008938,-77.360126
"7563",2024-04-19,37,"Pitt Agri. Center","Ozone","Pitt",35.6412760008938,-77.360126
"7564",2024-04-20,31,"Pitt Agri. Center","Ozone","Pitt",35.6412760008938,-77.360126
"7565",2024-04-21,29,"Pitt Agri. Center","Ozone","Pitt",35.6412760008938,-77.360126
"7566",2024-04-22,34,"Pitt Agri. Center","Ozone","Pitt",35.6412760008938,-77.360126
"7567",2024-04-23,48,"Pitt Agri. Center","Ozone","Pitt",35.6412760008938,-77.360126
"7568",2024-04-24,44,"Pitt Agri. Center","Ozone","Pitt",35.6412760008938,-77.360126
"7569",2024-04-25,46,"Pitt Agri. Center","Ozone","Pitt",35.6412760008938,-77.360126
"7570",2024-04-26,43,"Pitt Agri. Center","Ozone","Pitt",35.6412760008938,-77.360126
"7571",2024-04-27,38,"Pitt Agri. Center","Ozone","Pitt",35.6412760008938,-77.360126
"7572",2024-04-28,43,"Pitt Agri. Center","Ozone","Pitt",35.6412760008938,-77.360126
"7573",2024-04-29,48,"Pitt Agri. Center","Ozone","Pitt",35.6412760008938,-77.360126
"7574",2024-04-30,40,"Pitt Agri. Center","Ozone","Pitt",35.6412760008938,-77.360126
"7575",2024-05-01,44,"Pitt Agri. Center","Ozone","Pitt",35.6412760008938,-77.360126
"7576",2024-05-02,46,"Pitt Agri. Center","Ozone","Pitt",35.6412760008938,-77.360126
"7577",2024-05-03,49,"Pitt Agri. Center","Ozone","Pitt",35.6412760008938,-77.360126
"7578",2024-05-04,30,"Pitt Agri. Center","Ozone","Pitt",35.6412760008938,-77.360126
"7579",2024-05-05,28,"Pitt Agri. Center","Ozone","Pitt",35.6412760008938,-77.360126
"7580",2024-05-06,32,"Pitt Agri. Center","Ozone","Pitt",35.6412760008938,-77.360126
"7581",2024-05-07,40,"Pitt Agri. Center","Ozone","Pitt",35.6412760008938,-77.360126
"7582",2024-05-08,39,"Pitt Agri. Center","Ozone","Pitt",35.6412760008938,-77.360126
"7583",2024-05-09,44,"Pitt Agri. Center","Ozone","Pitt",35.6412760008938,-77.360126
"7584",2024-05-10,43,"Pitt Agri. Center","Ozone","Pitt",35.6412760008938,-77.360126
"7585",2024-05-11,32,"Pitt Agri. Center","Ozone","Pitt",35.6412760008938,-77.360126
"7586",2024-05-12,44,"Pitt Agri. Center","Ozone","Pitt",35.6412760008938,-77.360126
"7587",2024-05-13,42,"Pitt Agri. Center","Ozone","Pitt",35.6412760008938,-77.360126
"7588",2024-05-14,34,"Pitt Agri. Center","Ozone","Pitt",35.6412760008938,-77.360126
"7589",2024-05-15,32,"Pitt Agri. Center","Ozone","Pitt",35.6412760008938,-77.360126
"7590",2024-05-16,38,"Pitt Agri. Center","Ozone","Pitt",35.6412760008938,-77.360126
"7591",2024-05-17,34,"Pitt Agri. Center","Ozone","Pitt",35.6412760008938,-77.360126
"7592",2024-05-18,29,"Pitt Agri. Center","Ozone","Pitt",35.6412760008938,-77.360126
"7593",2024-05-19,31,"Pitt Agri. Center","Ozone","Pitt",35.6412760008938,-77.360126
"7594",2024-05-20,35,"Pitt Agri. Center","Ozone","Pitt",35.6412760008938,-77.360126
"7595",2024-05-21,30,"Pitt Agri. Center","Ozone","Pitt",35.6412760008938,-77.360126
"7596",2024-05-22,43,"Pitt Agri. Center","Ozone","Pitt",35.6412760008938,-77.360126
"7597",2024-05-23,47,"Pitt Agri. Center","Ozone","Pitt",35.6412760008938,-77.360126
"7598",2024-05-24,40,"Pitt Agri. Center","Ozone","Pitt",35.6412760008938,-77.360126
"7599",2024-05-25,38,"Pitt Agri. Center","Ozone","Pitt",35.6412760008938,-77.360126
"7600",2024-05-26,44,"Pitt Agri. Center","Ozone","Pitt",35.6412760008938,-77.360126
"7601",2024-05-27,29,"Pitt Agri. Center","Ozone","Pitt",35.6412760008938,-77.360126
"7602",2024-05-28,45,"Pitt Agri. Center","Ozone","Pitt",35.6412760008938,-77.360126
"7603",2024-05-29,50,"Pitt Agri. Center","Ozone","Pitt",35.6412760008938,-77.360126
"7604",2024-05-30,39,"Pitt Agri. Center","Ozone","Pitt",35.6412760008938,-77.360126
"7605",2024-05-31,46,"Pitt Agri. Center","Ozone","Pitt",35.6412760008938,-77.360126
"7606",2024-06-01,64,"Pitt Agri. Center","Ozone","Pitt",35.6412760008938,-77.360126
"7607",2024-06-02,47,"Pitt Agri. Center","Ozone","Pitt",35.6412760008938,-77.360126
"7608",2024-06-03,37,"Pitt Agri. Center","Ozone","Pitt",35.6412760008938,-77.360126
"7609",2024-06-04,43,"Pitt Agri. Center","Ozone","Pitt",35.6412760008938,-77.360126
"7610",2024-06-05,34,"Pitt Agri. Center","Ozone","Pitt",35.6412760008938,-77.360126
"7611",2024-06-06,41,"Pitt Agri. Center","Ozone","Pitt",35.6412760008938,-77.360126
"7612",2024-06-07,64,"Pitt Agri. Center","Ozone","Pitt",35.6412760008938,-77.360126
"7613",2024-06-08,74,"Pitt Agri. Center","Ozone","Pitt",35.6412760008938,-77.360126
"7614",2024-06-09,51,"Pitt Agri. Center","Ozone","Pitt",35.6412760008938,-77.360126
"7615",2024-06-10,50,"Pitt Agri. Center","Ozone","Pitt",35.6412760008938,-77.360126
"7616",2024-06-11,48,"Pitt Agri. Center","Ozone","Pitt",35.6412760008938,-77.360126
"7617",2024-06-12,47,"Pitt Agri. Center","Ozone","Pitt",35.6412760008938,-77.360126
"7618",2024-06-13,45,"Pitt Agri. Center","Ozone","Pitt",35.6412760008938,-77.360126
"7619",2024-06-14,51,"Pitt Agri. Center","Ozone","Pitt",35.6412760008938,-77.360126
"7620",2024-06-15,64,"Pitt Agri. Center","Ozone","Pitt",35.6412760008938,-77.360126
"7621",2024-06-16,48,"Pitt Agri. Center","Ozone","Pitt",35.6412760008938,-77.360126
"7622",2024-06-17,42,"Pitt Agri. Center","Ozone","Pitt",35.6412760008938,-77.360126
"7623",2024-06-18,39,"Pitt Agri. Center","Ozone","Pitt",35.6412760008938,-77.360126
"7624",2024-06-19,39,"Pitt Agri. Center","Ozone","Pitt",35.6412760008938,-77.360126
"7625",2024-06-20,33,"Pitt Agri. Center","Ozone","Pitt",35.6412760008938,-77.360126
"7626",2024-06-21,34,"Pitt Agri. Center","Ozone","Pitt",35.6412760008938,-77.360126
"7627",2024-06-22,26,"Pitt Agri. Center","Ozone","Pitt",35.6412760008938,-77.360126
"7628",2024-06-23,27,"Pitt Agri. Center","Ozone","Pitt",35.6412760008938,-77.360126
"7629",2024-06-24,42,"Pitt Agri. Center","Ozone","Pitt",35.6412760008938,-77.360126
"7630",2024-06-25,48,"Pitt Agri. Center","Ozone","Pitt",35.6412760008938,-77.360126
"7631",2024-06-26,46,"Pitt Agri. Center","Ozone","Pitt",35.6412760008938,-77.360126
"7632",2024-06-27,43,"Pitt Agri. Center","Ozone","Pitt",35.6412760008938,-77.360126
"7633",2024-06-28,49,"Pitt Agri. Center","Ozone","Pitt",35.6412760008938,-77.360126
"7634",2024-06-29,33,"Pitt Agri. Center","Ozone","Pitt",35.6412760008938,-77.360126
"7635",2024-06-30,31,"Pitt Agri. Center","Ozone","Pitt",35.6412760008938,-77.360126
"7636",2024-07-01,33,"Pitt Agri. Center","Ozone","Pitt",35.6412760008938,-77.360126
"7637",2024-07-02,44,"Pitt Agri. Center","Ozone","Pitt",35.6412760008938,-77.360126
"7638",2024-07-03,47,"Pitt Agri. Center","Ozone","Pitt",35.6412760008938,-77.360126
"7639",2024-07-04,45,"Pitt Agri. Center","Ozone","Pitt",35.6412760008938,-77.360126
"7640",2024-07-05,41,"Pitt Agri. Center","Ozone","Pitt",35.6412760008938,-77.360126
"7641",2024-07-06,40,"Pitt Agri. Center","Ozone","Pitt",35.6412760008938,-77.360126
"7642",2024-07-07,38,"Pitt Agri. Center","Ozone","Pitt",35.6412760008938,-77.360126
"7643",2024-07-08,33,"Pitt Agri. Center","Ozone","Pitt",35.6412760008938,-77.360126
"7644",2024-07-09,30,"Pitt Agri. Center","Ozone","Pitt",35.6412760008938,-77.360126
"7645",2024-07-10,27,"Pitt Agri. Center","Ozone","Pitt",35.6412760008938,-77.360126
"7646",2024-07-11,20,"Pitt Agri. Center","Ozone","Pitt",35.6412760008938,-77.360126
"7647",2024-07-12,22,"Pitt Agri. Center","Ozone","Pitt",35.6412760008938,-77.360126
"7648",2024-07-13,31,"Pitt Agri. Center","Ozone","Pitt",35.6412760008938,-77.360126
"7649",2024-07-14,47,"Pitt Agri. Center","Ozone","Pitt",35.6412760008938,-77.360126
"7650",2024-07-15,49,"Pitt Agri. Center","Ozone","Pitt",35.6412760008938,-77.360126
"7651",2024-07-16,44,"Pitt Agri. Center","Ozone","Pitt",35.6412760008938,-77.360126
"7652",2024-07-17,35,"Pitt Agri. Center","Ozone","Pitt",35.6412760008938,-77.360126
"7653",2024-07-18,34,"Pitt Agri. Center","Ozone","Pitt",35.6412760008938,-77.360126
"7654",2024-07-19,33,"Pitt Agri. Center","Ozone","Pitt",35.6412760008938,-77.360126
"7655",2024-07-20,32,"Pitt Agri. Center","Ozone","Pitt",35.6412760008938,-77.360126
"7656",2024-07-21,32,"Pitt Agri. Center","Ozone","Pitt",35.6412760008938,-77.360126
"7657",2024-07-22,25,"Pitt Agri. Center","Ozone","Pitt",35.6412760008938,-77.360126
"7658",2024-07-23,26,"Pitt Agri. Center","Ozone","Pitt",35.6412760008938,-77.360126
"7659",2024-07-24,25,"Pitt Agri. Center","Ozone","Pitt",35.6412760008938,-77.360126
"7660",2024-07-25,24,"Pitt Agri. Center","Ozone","Pitt",35.6412760008938,-77.360126
"7661",2024-07-26,24,"Pitt Agri. Center","Ozone","Pitt",35.6412760008938,-77.360126
"7662",2024-07-27,43,"Pitt Agri. Center","Ozone","Pitt",35.6412760008938,-77.360126
"7663",2024-07-28,46,"Pitt Agri. Center","Ozone","Pitt",35.6412760008938,-77.360126
"7664",2024-07-29,40,"Pitt Agri. Center","Ozone","Pitt",35.6412760008938,-77.360126
"7665",2024-07-30,38,"Pitt Agri. Center","Ozone","Pitt",35.6412760008938,-77.360126
"7666",2024-07-31,42,"Pitt Agri. Center","Ozone","Pitt",35.6412760008938,-77.360126
"7667",2024-08-01,44,"Pitt Agri. Center","Ozone","Pitt",35.6412760008938,-77.360126
"7668",2024-08-02,33,"Pitt Agri. Center","Ozone","Pitt",35.6412760008938,-77.360126
"7669",2024-08-03,27,"Pitt Agri. Center","Ozone","Pitt",35.6412760008938,-77.360126
"7670",2024-08-04,30,"Pitt Agri. Center","Ozone","Pitt",35.6412760008938,-77.360126
"7671",2024-08-05,19,"Pitt Agri. Center","Ozone","Pitt",35.6412760008938,-77.360126
"7672",2024-08-06,14,"Pitt Agri. Center","Ozone","Pitt",35.6412760008938,-77.360126
"7673",2024-08-07,19,"Pitt Agri. Center","Ozone","Pitt",35.6412760008938,-77.360126
"7674",2024-08-08,33,"Pitt Agri. Center","Ozone","Pitt",35.6412760008938,-77.360126
"7675",2024-08-09,31,"Pitt Agri. Center","Ozone","Pitt",35.6412760008938,-77.360126
"7676",2024-08-10,27,"Pitt Agri. Center","Ozone","Pitt",35.6412760008938,-77.360126
"7677",2024-08-11,31,"Pitt Agri. Center","Ozone","Pitt",35.6412760008938,-77.360126
"7678",2024-08-12,31,"Pitt Agri. Center","Ozone","Pitt",35.6412760008938,-77.360126
"7679",2024-08-13,41,"Pitt Agri. Center","Ozone","Pitt",35.6412760008938,-77.360126
"7680",2024-08-14,36,"Pitt Agri. Center","Ozone","Pitt",35.6412760008938,-77.360126
"7681",2024-08-15,48,"Pitt Agri. Center","Ozone","Pitt",35.6412760008938,-77.360126
"7682",2024-08-16,46,"Pitt Agri. Center","Ozone","Pitt",35.6412760008938,-77.360126
"7683",2024-08-17,41,"Pitt Agri. Center","Ozone","Pitt",35.6412760008938,-77.360126
"7684",2024-08-18,41,"Pitt Agri. Center","Ozone","Pitt",35.6412760008938,-77.360126
"7685",2024-08-19,36,"Pitt Agri. Center","Ozone","Pitt",35.6412760008938,-77.360126
"7686",2024-08-20,30,"Pitt Agri. Center","Ozone","Pitt",35.6412760008938,-77.360126
"7687",2024-08-21,37,"Pitt Agri. Center","Ozone","Pitt",35.6412760008938,-77.360126
"7688",2024-08-22,39,"Pitt Agri. Center","Ozone","Pitt",35.6412760008938,-77.360126
"7689",2024-08-23,43,"Pitt Agri. Center","Ozone","Pitt",35.6412760008938,-77.360126
"7690",2024-08-24,36,"Pitt Agri. Center","Ozone","Pitt",35.6412760008938,-77.360126
"7691",2024-08-25,32,"Pitt Agri. Center","Ozone","Pitt",35.6412760008938,-77.360126
"7692",2024-08-26,41,"Pitt Agri. Center","Ozone","Pitt",35.6412760008938,-77.360126
"7693",2024-08-27,47,"Pitt Agri. Center","Ozone","Pitt",35.6412760008938,-77.360126
"7694",2024-08-28,67,"Pitt Agri. Center","Ozone","Pitt",35.6412760008938,-77.360126
"7695",2024-08-29,45,"Pitt Agri. Center","Ozone","Pitt",35.6412760008938,-77.360126
"7696",2024-08-30,35,"Pitt Agri. Center","Ozone","Pitt",35.6412760008938,-77.360126
"7697",2024-08-31,38,"Pitt Agri. Center","Ozone","Pitt",35.6412760008938,-77.360126
"7698",2024-09-01,33,"Pitt Agri. Center","Ozone","Pitt",35.6412760008938,-77.360126
"7699",2024-09-02,26,"Pitt Agri. Center","Ozone","Pitt",35.6412760008938,-77.360126
"7700",2024-09-03,33,"Pitt Agri. Center","Ozone","Pitt",35.6412760008938,-77.360126
"7701",2024-09-04,30,"Pitt Agri. Center","Ozone","Pitt",35.6412760008938,-77.360126
"7702",2024-09-05,32,"Pitt Agri. Center","Ozone","Pitt",35.6412760008938,-77.360126
"7703",2024-09-06,31,"Pitt Agri. Center","Ozone","Pitt",35.6412760008938,-77.360126
"7704",2024-09-07,23,"Pitt Agri. Center","Ozone","Pitt",35.6412760008938,-77.360126
"7705",2024-09-08,28,"Pitt Agri. Center","Ozone","Pitt",35.6412760008938,-77.360126
"7706",2024-09-09,34,"Pitt Agri. Center","Ozone","Pitt",35.6412760008938,-77.360126
"7707",2024-09-10,38,"Pitt Agri. Center","Ozone","Pitt",35.6412760008938,-77.360126
"7708",2024-09-11,42,"Pitt Agri. Center","Ozone","Pitt",35.6412760008938,-77.360126
"7709",2024-09-12,38,"Pitt Agri. Center","Ozone","Pitt",35.6412760008938,-77.360126
"7710",2024-09-13,23,"Pitt Agri. Center","Ozone","Pitt",35.6412760008938,-77.360126
"7711",2024-09-14,27,"Pitt Agri. Center","Ozone","Pitt",35.6412760008938,-77.360126
"7712",2024-09-15,28,"Pitt Agri. Center","Ozone","Pitt",35.6412760008938,-77.360126
"7713",2024-09-16,27,"Pitt Agri. Center","Ozone","Pitt",35.6412760008938,-77.360126
"7714",2024-09-17,24,"Pitt Agri. Center","Ozone","Pitt",35.6412760008938,-77.360126
"7715",2024-09-18,28,"Pitt Agri. Center","Ozone","Pitt",35.6412760008938,-77.360126
"7716",2024-09-19,24,"Pitt Agri. Center","Ozone","Pitt",35.6412760008938,-77.360126
"7717",2024-09-20,41,"Pitt Agri. Center","Ozone","Pitt",35.6412760008938,-77.360126
"7718",2024-09-21,39,"Pitt Agri. Center","Ozone","Pitt",35.6412760008938,-77.360126
"7719",2024-09-22,32,"Pitt Agri. Center","Ozone","Pitt",35.6412760008938,-77.360126
"7720",2024-09-23,33,"Pitt Agri. Center","Ozone","Pitt",35.6412760008938,-77.360126
"7721",2024-09-24,26,"Pitt Agri. Center","Ozone","Pitt",35.6412760008938,-77.360126
"7722",2024-09-25,30,"Pitt Agri. Center","Ozone","Pitt",35.6412760008938,-77.360126
"7723",2024-09-26,24,"Pitt Agri. Center","Ozone","Pitt",35.6412760008938,-77.360126
"7724",2024-09-27,22,"Pitt Agri. Center","Ozone","Pitt",35.6412760008938,-77.360126
"7725",2024-09-28,36,"Pitt Agri. Center","Ozone","Pitt",35.6412760008938,-77.360126
"7726",2024-09-29,31,"Pitt Agri. Center","Ozone","Pitt",35.6412760008938,-77.360126
"7727",2024-09-30,25,"Pitt Agri. Center","Ozone","Pitt",35.6412760008938,-77.360126
"7728",2024-10-01,26,"Pitt Agri. Center","Ozone","Pitt",35.6412760008938,-77.360126
"7729",2024-10-02,22,"Pitt Agri. Center","Ozone","Pitt",35.6412760008938,-77.360126
"7730",2024-10-03,28,"Pitt Agri. Center","Ozone","Pitt",35.6412760008938,-77.360126
"7731",2024-10-04,31,"Pitt Agri. Center","Ozone","Pitt",35.6412760008938,-77.360126
"7732",2024-10-05,31,"Pitt Agri. Center","Ozone","Pitt",35.6412760008938,-77.360126
"7733",2024-10-06,43,"Pitt Agri. Center","Ozone","Pitt",35.6412760008938,-77.360126
"7734",2024-10-07,43,"Pitt Agri. Center","Ozone","Pitt",35.6412760008938,-77.360126
"7735",2024-10-08,31,"Pitt Agri. Center","Ozone","Pitt",35.6412760008938,-77.360126
"7736",2024-10-09,36,"Pitt Agri. Center","Ozone","Pitt",35.6412760008938,-77.360126
"7737",2024-10-10,32,"Pitt Agri. Center","Ozone","Pitt",35.6412760008938,-77.360126
"7738",2024-10-11,27,"Pitt Agri. Center","Ozone","Pitt",35.6412760008938,-77.360126
"7739",2024-10-12,42,"Pitt Agri. Center","Ozone","Pitt",35.6412760008938,-77.360126
"7740",2024-10-13,44,"Pitt Agri. Center","Ozone","Pitt",35.6412760008938,-77.360126
"7741",2024-10-14,44,"Pitt Agri. Center","Ozone","Pitt",35.6412760008938,-77.360126
"7742",2024-10-15,31,"Pitt Agri. Center","Ozone","Pitt",35.6412760008938,-77.360126
"7743",2024-10-16,26,"Pitt Agri. Center","Ozone","Pitt",35.6412760008938,-77.360126
"7744",2024-10-17,31,"Pitt Agri. Center","Ozone","Pitt",35.6412760008938,-77.360126
"7745",2024-10-18,32,"Pitt Agri. Center","Ozone","Pitt",35.6412760008938,-77.360126
"7746",2024-10-19,34,"Pitt Agri. Center","Ozone","Pitt",35.6412760008938,-77.360126
"7747",2024-10-20,32,"Pitt Agri. Center","Ozone","Pitt",35.6412760008938,-77.360126
"7748",2024-10-21,44,"Pitt Agri. Center","Ozone","Pitt",35.6412760008938,-77.360126
"7749",2024-10-22,44,"Pitt Agri. Center","Ozone","Pitt",35.6412760008938,-77.360126
"7750",2024-10-23,35,"Pitt Agri. Center","Ozone","Pitt",35.6412760008938,-77.360126
"7751",2024-10-24,41,"Pitt Agri. Center","Ozone","Pitt",35.6412760008938,-77.360126
"7752",2024-10-25,42,"Pitt Agri. Center","Ozone","Pitt",35.6412760008938,-77.360126
"7753",2024-10-26,41,"Pitt Agri. Center","Ozone","Pitt",35.6412760008938,-77.360126
"7754",2024-10-27,25,"Pitt Agri. Center","Ozone","Pitt",35.6412760008938,-77.360126
"7755",2024-10-28,37,"Pitt Agri. Center","Ozone","Pitt",35.6412760008938,-77.360126
"7756",2024-10-29,33,"Pitt Agri. Center","Ozone","Pitt",35.6412760008938,-77.360126
"7757",2024-10-30,31,"Pitt Agri. Center","Ozone","Pitt",35.6412760008938,-77.360126
"7758",2024-10-31,34,"Pitt Agri. Center","Ozone","Pitt",35.6412760008938,-77.360126
"7759",2024-11-01,34,"Pitt Agri. Center","Ozone","Pitt",35.6412760008938,-77.360126
"7760",2024-11-02,31,"Pitt Agri. Center","Ozone","Pitt",35.6412760008938,-77.360126
"7761",2024-11-03,36,"Pitt Agri. Center","Ozone","Pitt",35.6412760008938,-77.360126
"7762",2024-03-01,29,"Bethany sch.","Ozone","Rockingham",36.308889,-79.859167
"7763",2024-03-02,32,"Bethany sch.","Ozone","Rockingham",36.308889,-79.859167
"7764",2024-03-03,35,"Bethany sch.","Ozone","Rockingham",36.308889,-79.859167
"7765",2024-03-04,38,"Bethany sch.","Ozone","Rockingham",36.308889,-79.859167
"7766",2024-03-05,44,"Bethany sch.","Ozone","Rockingham",36.308889,-79.859167
"7767",2024-03-06,24,"Bethany sch.","Ozone","Rockingham",36.308889,-79.859167
"7768",2024-03-07,38,"Bethany sch.","Ozone","Rockingham",36.308889,-79.859167
"7769",2024-03-08,34,"Bethany sch.","Ozone","Rockingham",36.308889,-79.859167
"7770",2024-03-09,25,"Bethany sch.","Ozone","Rockingham",36.308889,-79.859167
"7771",2024-03-10,41,"Bethany sch.","Ozone","Rockingham",36.308889,-79.859167
"7772",2024-03-11,44,"Bethany sch.","Ozone","Rockingham",36.308889,-79.859167
"7773",2024-03-12,44,"Bethany sch.","Ozone","Rockingham",36.308889,-79.859167
"7774",2024-03-13,51,"Bethany sch.","Ozone","Rockingham",36.308889,-79.859167
"7775",2024-03-14,87,"Bethany sch.","Ozone","Rockingham",36.308889,-79.859167
"7776",2024-03-15,42,"Bethany sch.","Ozone","Rockingham",36.308889,-79.859167
"7777",2024-03-16,44,"Bethany sch.","Ozone","Rockingham",36.308889,-79.859167
"7778",2024-03-17,43,"Bethany sch.","Ozone","Rockingham",36.308889,-79.859167
"7779",2024-03-18,44,"Bethany sch.","Ozone","Rockingham",36.308889,-79.859167
"7780",2024-03-19,39,"Bethany sch.","Ozone","Rockingham",36.308889,-79.859167
"7781",2024-03-20,46,"Bethany sch.","Ozone","Rockingham",36.308889,-79.859167
"7782",2024-03-21,48,"Bethany sch.","Ozone","Rockingham",36.308889,-79.859167
"7783",2024-03-22,36,"Bethany sch.","Ozone","Rockingham",36.308889,-79.859167
"7784",2024-03-23,39,"Bethany sch.","Ozone","Rockingham",36.308889,-79.859167
"7785",2024-03-24,44,"Bethany sch.","Ozone","Rockingham",36.308889,-79.859167
"7786",2024-03-25,46,"Bethany sch.","Ozone","Rockingham",36.308889,-79.859167
"7787",2024-03-26,34,"Bethany sch.","Ozone","Rockingham",36.308889,-79.859167
"7788",2024-03-27,24,"Bethany sch.","Ozone","Rockingham",36.308889,-79.859167
"7789",2024-03-28,45,"Bethany sch.","Ozone","Rockingham",36.308889,-79.859167
"7790",2024-03-29,50,"Bethany sch.","Ozone","Rockingham",36.308889,-79.859167
"7791",2024-03-30,64,"Bethany sch.","Ozone","Rockingham",36.308889,-79.859167
"7792",2024-03-31,51,"Bethany sch.","Ozone","Rockingham",36.308889,-79.859167
"7793",2024-04-01,48,"Bethany sch.","Ozone","Rockingham",36.308889,-79.859167
"7794",2024-04-02,49,"Bethany sch.","Ozone","Rockingham",36.308889,-79.859167
"7795",2024-04-03,44,"Bethany sch.","Ozone","Rockingham",36.308889,-79.859167
"7796",2024-04-04,38,"Bethany sch.","Ozone","Rockingham",36.308889,-79.859167
"7797",2024-04-05,38,"Bethany sch.","Ozone","Rockingham",36.308889,-79.859167
"7798",2024-04-06,41,"Bethany sch.","Ozone","Rockingham",36.308889,-79.859167
"7799",2024-04-07,46,"Bethany sch.","Ozone","Rockingham",36.308889,-79.859167
"7800",2024-04-08,61,"Bethany sch.","Ozone","Rockingham",36.308889,-79.859167
"7801",2024-04-09,38,"Bethany sch.","Ozone","Rockingham",36.308889,-79.859167
"7802",2024-04-10,33,"Bethany sch.","Ozone","Rockingham",36.308889,-79.859167
"7803",2024-04-11,39,"Bethany sch.","Ozone","Rockingham",36.308889,-79.859167
"7804",2024-04-12,45,"Bethany sch.","Ozone","Rockingham",36.308889,-79.859167
"7805",2024-04-13,48,"Bethany sch.","Ozone","Rockingham",36.308889,-79.859167
"7806",2024-04-14,67,"Bethany sch.","Ozone","Rockingham",36.308889,-79.859167
"7807",2024-04-15,77,"Bethany sch.","Ozone","Rockingham",36.308889,-79.859167
"7808",2024-04-16,49,"Bethany sch.","Ozone","Rockingham",36.308889,-79.859167
"7809",2024-04-17,64,"Bethany sch.","Ozone","Rockingham",36.308889,-79.859167
"7810",2024-04-18,44,"Bethany sch.","Ozone","Rockingham",36.308889,-79.859167
"7811",2024-04-19,36,"Bethany sch.","Ozone","Rockingham",36.308889,-79.859167
"7812",2024-04-20,39,"Bethany sch.","Ozone","Rockingham",36.308889,-79.859167
"7813",2024-04-21,29,"Bethany sch.","Ozone","Rockingham",36.308889,-79.859167
"7814",2024-04-22,44,"Bethany sch.","Ozone","Rockingham",36.308889,-79.859167
"7815",2024-04-23,50,"Bethany sch.","Ozone","Rockingham",36.308889,-79.859167
"7816",2024-04-25,50,"Bethany sch.","Ozone","Rockingham",36.308889,-79.859167
"7817",2024-04-26,41,"Bethany sch.","Ozone","Rockingham",36.308889,-79.859167
"7818",2024-04-27,50,"Bethany sch.","Ozone","Rockingham",36.308889,-79.859167
"7819",2024-04-28,47,"Bethany sch.","Ozone","Rockingham",36.308889,-79.859167
"7820",2024-04-29,71,"Bethany sch.","Ozone","Rockingham",36.308889,-79.859167
"7821",2024-04-30,45,"Bethany sch.","Ozone","Rockingham",36.308889,-79.859167
"7822",2024-05-01,50,"Bethany sch.","Ozone","Rockingham",36.308889,-79.859167
"7823",2024-05-02,90,"Bethany sch.","Ozone","Rockingham",36.308889,-79.859167
"7824",2024-05-03,64,"Bethany sch.","Ozone","Rockingham",36.308889,-79.859167
"7825",2024-05-04,17,"Bethany sch.","Ozone","Rockingham",36.308889,-79.859167
"7826",2024-05-05,17,"Bethany sch.","Ozone","Rockingham",36.308889,-79.859167
"7827",2024-05-06,36,"Bethany sch.","Ozone","Rockingham",36.308889,-79.859167
"7828",2024-05-07,39,"Bethany sch.","Ozone","Rockingham",36.308889,-79.859167
"7829",2024-05-08,34,"Bethany sch.","Ozone","Rockingham",36.308889,-79.859167
"7830",2024-05-09,46,"Bethany sch.","Ozone","Rockingham",36.308889,-79.859167
"7831",2024-05-10,45,"Bethany sch.","Ozone","Rockingham",36.308889,-79.859167
"7832",2024-05-11,43,"Bethany sch.","Ozone","Rockingham",36.308889,-79.859167
"7833",2024-05-12,45,"Bethany sch.","Ozone","Rockingham",36.308889,-79.859167
"7834",2024-05-13,43,"Bethany sch.","Ozone","Rockingham",36.308889,-79.859167
"7835",2024-05-14,34,"Bethany sch.","Ozone","Rockingham",36.308889,-79.859167
"7836",2024-05-15,34,"Bethany sch.","Ozone","Rockingham",36.308889,-79.859167
"7837",2024-05-16,42,"Bethany sch.","Ozone","Rockingham",36.308889,-79.859167
"7838",2024-05-17,33,"Bethany sch.","Ozone","Rockingham",36.308889,-79.859167
"7839",2024-05-18,30,"Bethany sch.","Ozone","Rockingham",36.308889,-79.859167
"7840",2024-05-19,37,"Bethany sch.","Ozone","Rockingham",36.308889,-79.859167
"7841",2024-05-20,42,"Bethany sch.","Ozone","Rockingham",36.308889,-79.859167
"7842",2024-05-21,47,"Bethany sch.","Ozone","Rockingham",36.308889,-79.859167
"7843",2024-05-22,61,"Bethany sch.","Ozone","Rockingham",36.308889,-79.859167
"7844",2024-05-23,44,"Bethany sch.","Ozone","Rockingham",36.308889,-79.859167
"7845",2024-05-24,39,"Bethany sch.","Ozone","Rockingham",36.308889,-79.859167
"7846",2024-05-25,48,"Bethany sch.","Ozone","Rockingham",36.308889,-79.859167
"7847",2024-05-26,48,"Bethany sch.","Ozone","Rockingham",36.308889,-79.859167
"7848",2024-05-27,50,"Bethany sch.","Ozone","Rockingham",36.308889,-79.859167
"7849",2024-05-28,46,"Bethany sch.","Ozone","Rockingham",36.308889,-79.859167
"7850",2024-05-29,50,"Bethany sch.","Ozone","Rockingham",36.308889,-79.859167
"7851",2024-05-30,42,"Bethany sch.","Ozone","Rockingham",36.308889,-79.859167
"7852",2024-05-31,50,"Bethany sch.","Ozone","Rockingham",36.308889,-79.859167
"7853",2024-06-01,61,"Bethany sch.","Ozone","Rockingham",36.308889,-79.859167
"7854",2024-06-02,45,"Bethany sch.","Ozone","Rockingham",36.308889,-79.859167
"7855",2024-06-03,40,"Bethany sch.","Ozone","Rockingham",36.308889,-79.859167
"7856",2024-06-04,44,"Bethany sch.","Ozone","Rockingham",36.308889,-79.859167
"7857",2024-06-05,40,"Bethany sch.","Ozone","Rockingham",36.308889,-79.859167
"7858",2024-06-06,39,"Bethany sch.","Ozone","Rockingham",36.308889,-79.859167
"7859",2024-06-07,51,"Bethany sch.","Ozone","Rockingham",36.308889,-79.859167
"7860",2024-06-08,61,"Bethany sch.","Ozone","Rockingham",36.308889,-79.859167
"7861",2024-06-09,44,"Bethany sch.","Ozone","Rockingham",36.308889,-79.859167
"7862",2024-06-10,49,"Bethany sch.","Ozone","Rockingham",36.308889,-79.859167
"7863",2024-06-11,44,"Bethany sch.","Ozone","Rockingham",36.308889,-79.859167
"7864",2024-06-12,54,"Bethany sch.","Ozone","Rockingham",36.308889,-79.859167
"7865",2024-06-13,71,"Bethany sch.","Ozone","Rockingham",36.308889,-79.859167
"7866",2024-06-14,58,"Bethany sch.","Ozone","Rockingham",36.308889,-79.859167
"7867",2024-06-15,71,"Bethany sch.","Ozone","Rockingham",36.308889,-79.859167
"7868",2024-06-16,42,"Bethany sch.","Ozone","Rockingham",36.308889,-79.859167
"7869",2024-06-17,48,"Bethany sch.","Ozone","Rockingham",36.308889,-79.859167
"7870",2024-06-18,46,"Bethany sch.","Ozone","Rockingham",36.308889,-79.859167
"7871",2024-06-19,43,"Bethany sch.","Ozone","Rockingham",36.308889,-79.859167
"7872",2024-06-20,40,"Bethany sch.","Ozone","Rockingham",36.308889,-79.859167
"7873",2024-06-21,64,"Bethany sch.","Ozone","Rockingham",36.308889,-79.859167
"7874",2024-06-22,38,"Bethany sch.","Ozone","Rockingham",36.308889,-79.859167
"7875",2024-06-23,37,"Bethany sch.","Ozone","Rockingham",36.308889,-79.859167
"7876",2024-06-24,54,"Bethany sch.","Ozone","Rockingham",36.308889,-79.859167
"7877",2024-06-25,90,"Bethany sch.","Ozone","Rockingham",36.308889,-79.859167
"7878",2024-06-26,100,"Bethany sch.","Ozone","Rockingham",36.308889,-79.859167
"7879",2024-06-27,46,"Bethany sch.","Ozone","Rockingham",36.308889,-79.859167
"7880",2024-06-28,64,"Bethany sch.","Ozone","Rockingham",36.308889,-79.859167
"7881",2024-06-29,41,"Bethany sch.","Ozone","Rockingham",36.308889,-79.859167
"7882",2024-06-30,41,"Bethany sch.","Ozone","Rockingham",36.308889,-79.859167
"7883",2024-07-01,44,"Bethany sch.","Ozone","Rockingham",36.308889,-79.859167
"7884",2024-07-02,61,"Bethany sch.","Ozone","Rockingham",36.308889,-79.859167
"7885",2024-07-03,64,"Bethany sch.","Ozone","Rockingham",36.308889,-79.859167
"7886",2024-07-04,49,"Bethany sch.","Ozone","Rockingham",36.308889,-79.859167
"7887",2024-07-05,45,"Bethany sch.","Ozone","Rockingham",36.308889,-79.859167
"7888",2024-07-06,48,"Bethany sch.","Ozone","Rockingham",36.308889,-79.859167
"7889",2024-07-07,34,"Bethany sch.","Ozone","Rockingham",36.308889,-79.859167
"7890",2024-07-08,61,"Bethany sch.","Ozone","Rockingham",36.308889,-79.859167
"7891",2024-07-09,64,"Bethany sch.","Ozone","Rockingham",36.308889,-79.859167
"7892",2024-07-10,45,"Bethany sch.","Ozone","Rockingham",36.308889,-79.859167
"7893",2024-07-11,61,"Bethany sch.","Ozone","Rockingham",36.308889,-79.859167
"7894",2024-07-12,32,"Bethany sch.","Ozone","Rockingham",36.308889,-79.859167
"7895",2024-07-13,46,"Bethany sch.","Ozone","Rockingham",36.308889,-79.859167
"7896",2024-07-14,61,"Bethany sch.","Ozone","Rockingham",36.308889,-79.859167
"7897",2024-07-15,87,"Bethany sch.","Ozone","Rockingham",36.308889,-79.859167
"7898",2024-07-16,58,"Bethany sch.","Ozone","Rockingham",36.308889,-79.859167
"7899",2024-07-17,58,"Bethany sch.","Ozone","Rockingham",36.308889,-79.859167
"7900",2024-07-18,50,"Bethany sch.","Ozone","Rockingham",36.308889,-79.859167
"7901",2024-07-19,49,"Bethany sch.","Ozone","Rockingham",36.308889,-79.859167
"7902",2024-07-20,35,"Bethany sch.","Ozone","Rockingham",36.308889,-79.859167
"7903",2024-07-21,43,"Bethany sch.","Ozone","Rockingham",36.308889,-79.859167
"7904",2024-07-22,43,"Bethany sch.","Ozone","Rockingham",36.308889,-79.859167
"7905",2024-07-23,44,"Bethany sch.","Ozone","Rockingham",36.308889,-79.859167
"7906",2024-07-24,40,"Bethany sch.","Ozone","Rockingham",36.308889,-79.859167
"7907",2024-07-25,27,"Bethany sch.","Ozone","Rockingham",36.308889,-79.859167
"7908",2024-07-26,36,"Bethany sch.","Ozone","Rockingham",36.308889,-79.859167
"7909",2024-07-27,47,"Bethany sch.","Ozone","Rockingham",36.308889,-79.859167
"7910",2024-07-28,47,"Bethany sch.","Ozone","Rockingham",36.308889,-79.859167
"7911",2024-07-29,38,"Bethany sch.","Ozone","Rockingham",36.308889,-79.859167
"7912",2024-07-30,47,"Bethany sch.","Ozone","Rockingham",36.308889,-79.859167
"7913",2024-07-31,51,"Bethany sch.","Ozone","Rockingham",36.308889,-79.859167
"7914",2024-08-01,44,"Bethany sch.","Ozone","Rockingham",36.308889,-79.859167
"7915",2024-08-02,40,"Bethany sch.","Ozone","Rockingham",36.308889,-79.859167
"7916",2024-08-03,37,"Bethany sch.","Ozone","Rockingham",36.308889,-79.859167
"7917",2024-08-04,44,"Bethany sch.","Ozone","Rockingham",36.308889,-79.859167
"7918",2024-08-05,40,"Bethany sch.","Ozone","Rockingham",36.308889,-79.859167
"7919",2024-08-06,23,"Bethany sch.","Ozone","Rockingham",36.308889,-79.859167
"7920",2024-08-07,23,"Bethany sch.","Ozone","Rockingham",36.308889,-79.859167
"7921",2024-08-08,31,"Bethany sch.","Ozone","Rockingham",36.308889,-79.859167
"7922",2024-08-09,35,"Bethany sch.","Ozone","Rockingham",36.308889,-79.859167
"7923",2024-08-10,44,"Bethany sch.","Ozone","Rockingham",36.308889,-79.859167
"7924",2024-08-11,45,"Bethany sch.","Ozone","Rockingham",36.308889,-79.859167
"7925",2024-08-12,39,"Bethany sch.","Ozone","Rockingham",36.308889,-79.859167
"7926",2024-08-13,33,"Bethany sch.","Ozone","Rockingham",36.308889,-79.859167
"7927",2024-08-14,43,"Bethany sch.","Ozone","Rockingham",36.308889,-79.859167
"7928",2024-08-15,41,"Bethany sch.","Ozone","Rockingham",36.308889,-79.859167
"7929",2024-08-16,47,"Bethany sch.","Ozone","Rockingham",36.308889,-79.859167
"7930",2024-08-17,43,"Bethany sch.","Ozone","Rockingham",36.308889,-79.859167
"7931",2024-08-18,39,"Bethany sch.","Ozone","Rockingham",36.308889,-79.859167
"7932",2024-08-19,31,"Bethany sch.","Ozone","Rockingham",36.308889,-79.859167
"7933",2024-08-20,38,"Bethany sch.","Ozone","Rockingham",36.308889,-79.859167
"7934",2024-08-21,44,"Bethany sch.","Ozone","Rockingham",36.308889,-79.859167
"7935",2024-08-22,43,"Bethany sch.","Ozone","Rockingham",36.308889,-79.859167
"7936",2024-08-23,44,"Bethany sch.","Ozone","Rockingham",36.308889,-79.859167
"7937",2024-08-24,45,"Bethany sch.","Ozone","Rockingham",36.308889,-79.859167
"7938",2024-08-25,48,"Bethany sch.","Ozone","Rockingham",36.308889,-79.859167
"7939",2024-08-26,97,"Bethany sch.","Ozone","Rockingham",36.308889,-79.859167
"7940",2024-08-27,49,"Bethany sch.","Ozone","Rockingham",36.308889,-79.859167
"7941",2024-08-28,84,"Bethany sch.","Ozone","Rockingham",36.308889,-79.859167
"7942",2024-08-29,50,"Bethany sch.","Ozone","Rockingham",36.308889,-79.859167
"7943",2024-08-30,45,"Bethany sch.","Ozone","Rockingham",36.308889,-79.859167
"7944",2024-08-31,44,"Bethany sch.","Ozone","Rockingham",36.308889,-79.859167
"7945",2024-09-01,38,"Bethany sch.","Ozone","Rockingham",36.308889,-79.859167
"7946",2024-09-02,36,"Bethany sch.","Ozone","Rockingham",36.308889,-79.859167
"7947",2024-09-03,34,"Bethany sch.","Ozone","Rockingham",36.308889,-79.859167
"7948",2024-09-04,40,"Bethany sch.","Ozone","Rockingham",36.308889,-79.859167
"7949",2024-09-05,41,"Bethany sch.","Ozone","Rockingham",36.308889,-79.859167
"7950",2024-09-06,43,"Bethany sch.","Ozone","Rockingham",36.308889,-79.859167
"7951",2024-09-07,37,"Bethany sch.","Ozone","Rockingham",36.308889,-79.859167
"7952",2024-09-08,38,"Bethany sch.","Ozone","Rockingham",36.308889,-79.859167
"7953",2024-09-09,39,"Bethany sch.","Ozone","Rockingham",36.308889,-79.859167
"7954",2024-09-10,45,"Bethany sch.","Ozone","Rockingham",36.308889,-79.859167
"7955",2024-09-11,49,"Bethany sch.","Ozone","Rockingham",36.308889,-79.859167
"7956",2024-09-12,49,"Bethany sch.","Ozone","Rockingham",36.308889,-79.859167
"7957",2024-09-13,31,"Bethany sch.","Ozone","Rockingham",36.308889,-79.859167
"7958",2024-09-14,32,"Bethany sch.","Ozone","Rockingham",36.308889,-79.859167
"7959",2024-09-15,31,"Bethany sch.","Ozone","Rockingham",36.308889,-79.859167
"7960",2024-09-16,31,"Bethany sch.","Ozone","Rockingham",36.308889,-79.859167
"7961",2024-09-17,26,"Bethany sch.","Ozone","Rockingham",36.308889,-79.859167
"7962",2024-09-18,35,"Bethany sch.","Ozone","Rockingham",36.308889,-79.859167
"7963",2024-09-19,29,"Bethany sch.","Ozone","Rockingham",36.308889,-79.859167
"7964",2024-09-20,32,"Bethany sch.","Ozone","Rockingham",36.308889,-79.859167
"7965",2024-09-21,44,"Bethany sch.","Ozone","Rockingham",36.308889,-79.859167
"7966",2024-09-22,41,"Bethany sch.","Ozone","Rockingham",36.308889,-79.859167
"7967",2024-09-23,20,"Bethany sch.","Ozone","Rockingham",36.308889,-79.859167
"7968",2024-09-24,26,"Bethany sch.","Ozone","Rockingham",36.308889,-79.859167
"7969",2024-09-25,35,"Bethany sch.","Ozone","Rockingham",36.308889,-79.859167
"7970",2024-09-26,23,"Bethany sch.","Ozone","Rockingham",36.308889,-79.859167
"7971",2024-09-27,27,"Bethany sch.","Ozone","Rockingham",36.308889,-79.859167
"7972",2024-09-28,41,"Bethany sch.","Ozone","Rockingham",36.308889,-79.859167
"7973",2024-09-29,35,"Bethany sch.","Ozone","Rockingham",36.308889,-79.859167
"7974",2024-09-30,30,"Bethany sch.","Ozone","Rockingham",36.308889,-79.859167
"7975",2024-10-01,26,"Bethany sch.","Ozone","Rockingham",36.308889,-79.859167
"7976",2024-10-02,31,"Bethany sch.","Ozone","Rockingham",36.308889,-79.859167
"7977",2024-10-03,27,"Bethany sch.","Ozone","Rockingham",36.308889,-79.859167
"7978",2024-10-04,30,"Bethany sch.","Ozone","Rockingham",36.308889,-79.859167
"7979",2024-10-05,61,"Bethany sch.","Ozone","Rockingham",36.308889,-79.859167
"7980",2024-10-06,41,"Bethany sch.","Ozone","Rockingham",36.308889,-79.859167
"7981",2024-10-07,42,"Bethany sch.","Ozone","Rockingham",36.308889,-79.859167
"7982",2024-10-08,36,"Bethany sch.","Ozone","Rockingham",36.308889,-79.859167
"7983",2024-10-09,45,"Bethany sch.","Ozone","Rockingham",36.308889,-79.859167
"7984",2024-10-10,38,"Bethany sch.","Ozone","Rockingham",36.308889,-79.859167
"7985",2024-10-11,29,"Bethany sch.","Ozone","Rockingham",36.308889,-79.859167
"7986",2024-10-12,39,"Bethany sch.","Ozone","Rockingham",36.308889,-79.859167
"7987",2024-10-13,54,"Bethany sch.","Ozone","Rockingham",36.308889,-79.859167
"7988",2024-10-14,40,"Bethany sch.","Ozone","Rockingham",36.308889,-79.859167
"7989",2024-10-15,31,"Bethany sch.","Ozone","Rockingham",36.308889,-79.859167
"7990",2024-10-16,29,"Bethany sch.","Ozone","Rockingham",36.308889,-79.859167
"7991",2024-10-17,35,"Bethany sch.","Ozone","Rockingham",36.308889,-79.859167
"7992",2024-10-18,38,"Bethany sch.","Ozone","Rockingham",36.308889,-79.859167
"7993",2024-10-19,43,"Bethany sch.","Ozone","Rockingham",36.308889,-79.859167
"7994",2024-10-20,42,"Bethany sch.","Ozone","Rockingham",36.308889,-79.859167
"7995",2024-10-21,44,"Bethany sch.","Ozone","Rockingham",36.308889,-79.859167
"7996",2024-10-22,49,"Bethany sch.","Ozone","Rockingham",36.308889,-79.859167
"7997",2024-10-23,46,"Bethany sch.","Ozone","Rockingham",36.308889,-79.859167
"7998",2024-10-24,47,"Bethany sch.","Ozone","Rockingham",36.308889,-79.859167
"7999",2024-10-25,54,"Bethany sch.","Ozone","Rockingham",36.308889,-79.859167
"8000",2024-10-26,45,"Bethany sch.","Ozone","Rockingham",36.308889,-79.859167
"8001",2024-10-27,31,"Bethany sch.","Ozone","Rockingham",36.308889,-79.859167
"8002",2024-10-28,37,"Bethany sch.","Ozone","Rockingham",36.308889,-79.859167
"8003",2024-10-29,47,"Bethany sch.","Ozone","Rockingham",36.308889,-79.859167
"8004",2024-10-30,40,"Bethany sch.","Ozone","Rockingham",36.308889,-79.859167
"8005",2024-10-31,40,"Bethany sch.","Ozone","Rockingham",36.308889,-79.859167
"8006",2024-01-01,27,"Rockwell","Ozone","Rowan",35.551868,-80.395039
"8007",2024-01-02,26,"Rockwell","Ozone","Rowan",35.551868,-80.395039
"8008",2024-01-03,24,"Rockwell","Ozone","Rowan",35.551868,-80.395039
"8009",2024-01-04,28,"Rockwell","Ozone","Rowan",35.551868,-80.395039
"8010",2024-01-05,25,"Rockwell","Ozone","Rowan",35.551868,-80.395039
"8011",2024-01-06,22,"Rockwell","Ozone","Rowan",35.551868,-80.395039
"8012",2024-01-07,32,"Rockwell","Ozone","Rowan",35.551868,-80.395039
"8013",2024-01-08,30,"Rockwell","Ozone","Rowan",35.551868,-80.395039
"8014",2024-01-09,34,"Rockwell","Ozone","Rowan",35.551868,-80.395039
"8015",2024-01-12,31,"Rockwell","Ozone","Rowan",35.551868,-80.395039
"8016",2024-01-13,32,"Rockwell","Ozone","Rowan",35.551868,-80.395039
"8017",2024-01-14,36,"Rockwell","Ozone","Rowan",35.551868,-80.395039
"8018",2024-01-15,19,"Rockwell","Ozone","Rowan",35.551868,-80.395039
"8019",2024-01-16,30,"Rockwell","Ozone","Rowan",35.551868,-80.395039
"8020",2024-01-17,31,"Rockwell","Ozone","Rowan",35.551868,-80.395039
"8021",2024-01-18,32,"Rockwell","Ozone","Rowan",35.551868,-80.395039
"8022",2024-01-19,33,"Rockwell","Ozone","Rowan",35.551868,-80.395039
"8023",2024-01-20,31,"Rockwell","Ozone","Rowan",35.551868,-80.395039
"8024",2024-01-21,32,"Rockwell","Ozone","Rowan",35.551868,-80.395039
"8025",2024-01-22,34,"Rockwell","Ozone","Rowan",35.551868,-80.395039
"8026",2024-01-23,15,"Rockwell","Ozone","Rowan",35.551868,-80.395039
"8027",2024-01-24,26,"Rockwell","Ozone","Rowan",35.551868,-80.395039
"8028",2024-01-25,22,"Rockwell","Ozone","Rowan",35.551868,-80.395039
"8029",2024-01-26,26,"Rockwell","Ozone","Rowan",35.551868,-80.395039
"8030",2024-01-27,25,"Rockwell","Ozone","Rowan",35.551868,-80.395039
"8031",2024-01-28,24,"Rockwell","Ozone","Rowan",35.551868,-80.395039
"8032",2024-01-29,33,"Rockwell","Ozone","Rowan",35.551868,-80.395039
"8033",2024-01-30,31,"Rockwell","Ozone","Rowan",35.551868,-80.395039
"8034",2024-01-31,25,"Rockwell","Ozone","Rowan",35.551868,-80.395039
"8035",2024-02-01,26,"Rockwell","Ozone","Rowan",35.551868,-80.395039
"8036",2024-02-02,37,"Rockwell","Ozone","Rowan",35.551868,-80.395039
"8037",2024-02-03,28,"Rockwell","Ozone","Rowan",35.551868,-80.395039
"8038",2024-02-04,33,"Rockwell","Ozone","Rowan",35.551868,-80.395039
"8039",2024-02-05,37,"Rockwell","Ozone","Rowan",35.551868,-80.395039
"8040",2024-02-06,31,"Rockwell","Ozone","Rowan",35.551868,-80.395039
"8041",2024-02-07,35,"Rockwell","Ozone","Rowan",35.551868,-80.395039
"8042",2024-02-08,39,"Rockwell","Ozone","Rowan",35.551868,-80.395039
"8043",2024-02-09,27,"Rockwell","Ozone","Rowan",35.551868,-80.395039
"8044",2024-02-10,34,"Rockwell","Ozone","Rowan",35.551868,-80.395039
"8045",2024-02-11,21,"Rockwell","Ozone","Rowan",35.551868,-80.395039
"8046",2024-02-12,32,"Rockwell","Ozone","Rowan",35.551868,-80.395039
"8047",2024-02-13,36,"Rockwell","Ozone","Rowan",35.551868,-80.395039
"8048",2024-02-14,39,"Rockwell","Ozone","Rowan",35.551868,-80.395039
"8049",2024-02-16,35,"Rockwell","Ozone","Rowan",35.551868,-80.395039
"8050",2024-02-17,36,"Rockwell","Ozone","Rowan",35.551868,-80.395039
"8051",2024-02-18,33,"Rockwell","Ozone","Rowan",35.551868,-80.395039
"8052",2024-02-19,41,"Rockwell","Ozone","Rowan",35.551868,-80.395039
"8053",2024-02-20,42,"Rockwell","Ozone","Rowan",35.551868,-80.395039
"8054",2024-02-21,44,"Rockwell","Ozone","Rowan",35.551868,-80.395039
"8055",2024-02-22,58,"Rockwell","Ozone","Rowan",35.551868,-80.395039
"8056",2024-02-23,35,"Rockwell","Ozone","Rowan",35.551868,-80.395039
"8057",2024-02-24,35,"Rockwell","Ozone","Rowan",35.551868,-80.395039
"8058",2024-02-25,37,"Rockwell","Ozone","Rowan",35.551868,-80.395039
"8059",2024-02-26,47,"Rockwell","Ozone","Rowan",35.551868,-80.395039
"8060",2024-02-27,39,"Rockwell","Ozone","Rowan",35.551868,-80.395039
"8061",2024-02-28,36,"Rockwell","Ozone","Rowan",35.551868,-80.395039
"8062",2024-02-29,35,"Rockwell","Ozone","Rowan",35.551868,-80.395039
"8063",2024-03-01,27,"Rockwell","Ozone","Rowan",35.551868,-80.395039
"8064",2024-03-02,33,"Rockwell","Ozone","Rowan",35.551868,-80.395039
"8065",2024-03-03,32,"Rockwell","Ozone","Rowan",35.551868,-80.395039
"8066",2024-03-04,37,"Rockwell","Ozone","Rowan",35.551868,-80.395039
"8067",2024-03-05,38,"Rockwell","Ozone","Rowan",35.551868,-80.395039
"8068",2024-03-06,27,"Rockwell","Ozone","Rowan",35.551868,-80.395039
"8069",2024-03-07,37,"Rockwell","Ozone","Rowan",35.551868,-80.395039
"8070",2024-03-08,31,"Rockwell","Ozone","Rowan",35.551868,-80.395039
"8071",2024-03-09,23,"Rockwell","Ozone","Rowan",35.551868,-80.395039
"8072",2024-03-10,40,"Rockwell","Ozone","Rowan",35.551868,-80.395039
"8073",2024-03-11,42,"Rockwell","Ozone","Rowan",35.551868,-80.395039
"8074",2024-03-12,42,"Rockwell","Ozone","Rowan",35.551868,-80.395039
"8075",2024-03-13,54,"Rockwell","Ozone","Rowan",35.551868,-80.395039
"8076",2024-03-14,77,"Rockwell","Ozone","Rowan",35.551868,-80.395039
"8077",2024-03-15,34,"Rockwell","Ozone","Rowan",35.551868,-80.395039
"8078",2024-03-16,40,"Rockwell","Ozone","Rowan",35.551868,-80.395039
"8079",2024-03-17,41,"Rockwell","Ozone","Rowan",35.551868,-80.395039
"8080",2024-03-18,42,"Rockwell","Ozone","Rowan",35.551868,-80.395039
"8081",2024-03-19,37,"Rockwell","Ozone","Rowan",35.551868,-80.395039
"8082",2024-03-20,46,"Rockwell","Ozone","Rowan",35.551868,-80.395039
"8083",2024-03-21,47,"Rockwell","Ozone","Rowan",35.551868,-80.395039
"8084",2024-03-22,31,"Rockwell","Ozone","Rowan",35.551868,-80.395039
"8085",2024-03-23,39,"Rockwell","Ozone","Rowan",35.551868,-80.395039
"8086",2024-03-24,43,"Rockwell","Ozone","Rowan",35.551868,-80.395039
"8087",2024-03-25,45,"Rockwell","Ozone","Rowan",35.551868,-80.395039
"8088",2024-03-26,34,"Rockwell","Ozone","Rowan",35.551868,-80.395039
"8089",2024-03-27,22,"Rockwell","Ozone","Rowan",35.551868,-80.395039
"8090",2024-03-28,43,"Rockwell","Ozone","Rowan",35.551868,-80.395039
"8091",2024-03-29,47,"Rockwell","Ozone","Rowan",35.551868,-80.395039
"8092",2024-03-30,54,"Rockwell","Ozone","Rowan",35.551868,-80.395039
"8093",2024-03-31,50,"Rockwell","Ozone","Rowan",35.551868,-80.395039
"8094",2024-04-01,43,"Rockwell","Ozone","Rowan",35.551868,-80.395039
"8095",2024-04-02,42,"Rockwell","Ozone","Rowan",35.551868,-80.395039
"8096",2024-04-03,44,"Rockwell","Ozone","Rowan",35.551868,-80.395039
"8097",2024-04-04,38,"Rockwell","Ozone","Rowan",35.551868,-80.395039
"8098",2024-04-05,37,"Rockwell","Ozone","Rowan",35.551868,-80.395039
"8099",2024-04-06,42,"Rockwell","Ozone","Rowan",35.551868,-80.395039
"8100",2024-04-07,44,"Rockwell","Ozone","Rowan",35.551868,-80.395039
"8101",2024-04-08,47,"Rockwell","Ozone","Rowan",35.551868,-80.395039
"8102",2024-04-09,37,"Rockwell","Ozone","Rowan",35.551868,-80.395039
"8103",2024-04-10,34,"Rockwell","Ozone","Rowan",35.551868,-80.395039
"8104",2024-04-11,33,"Rockwell","Ozone","Rowan",35.551868,-80.395039
"8105",2024-04-12,45,"Rockwell","Ozone","Rowan",35.551868,-80.395039
"8106",2024-04-13,46,"Rockwell","Ozone","Rowan",35.551868,-80.395039
"8107",2024-04-14,58,"Rockwell","Ozone","Rowan",35.551868,-80.395039
"8108",2024-04-15,64,"Rockwell","Ozone","Rowan",35.551868,-80.395039
"8109",2024-04-16,54,"Rockwell","Ozone","Rowan",35.551868,-80.395039
"8110",2024-04-17,47,"Rockwell","Ozone","Rowan",35.551868,-80.395039
"8111",2024-04-18,45,"Rockwell","Ozone","Rowan",35.551868,-80.395039
"8112",2024-04-19,50,"Rockwell","Ozone","Rowan",35.551868,-80.395039
"8113",2024-04-20,35,"Rockwell","Ozone","Rowan",35.551868,-80.395039
"8114",2024-04-21,31,"Rockwell","Ozone","Rowan",35.551868,-80.395039
"8115",2024-04-22,38,"Rockwell","Ozone","Rowan",35.551868,-80.395039
"8116",2024-04-23,44,"Rockwell","Ozone","Rowan",35.551868,-80.395039
"8117",2024-04-24,42,"Rockwell","Ozone","Rowan",35.551868,-80.395039
"8118",2024-04-25,54,"Rockwell","Ozone","Rowan",35.551868,-80.395039
"8119",2024-04-26,36,"Rockwell","Ozone","Rowan",35.551868,-80.395039
"8120",2024-04-27,41,"Rockwell","Ozone","Rowan",35.551868,-80.395039
"8121",2024-04-28,42,"Rockwell","Ozone","Rowan",35.551868,-80.395039
"8122",2024-04-29,48,"Rockwell","Ozone","Rowan",35.551868,-80.395039
"8123",2024-04-30,40,"Rockwell","Ozone","Rowan",35.551868,-80.395039
"8124",2024-05-01,46,"Rockwell","Ozone","Rowan",35.551868,-80.395039
"8125",2024-05-02,58,"Rockwell","Ozone","Rowan",35.551868,-80.395039
"8126",2024-05-03,48,"Rockwell","Ozone","Rowan",35.551868,-80.395039
"8127",2024-05-04,22,"Rockwell","Ozone","Rowan",35.551868,-80.395039
"8128",2024-05-05,28,"Rockwell","Ozone","Rowan",35.551868,-80.395039
"8129",2024-05-06,32,"Rockwell","Ozone","Rowan",35.551868,-80.395039
"8130",2024-05-07,40,"Rockwell","Ozone","Rowan",35.551868,-80.395039
"8131",2024-05-08,34,"Rockwell","Ozone","Rowan",35.551868,-80.395039
"8132",2024-05-09,42,"Rockwell","Ozone","Rowan",35.551868,-80.395039
"8133",2024-05-10,44,"Rockwell","Ozone","Rowan",35.551868,-80.395039
"8134",2024-05-11,42,"Rockwell","Ozone","Rowan",35.551868,-80.395039
"8135",2024-05-12,46,"Rockwell","Ozone","Rowan",35.551868,-80.395039
"8136",2024-05-13,41,"Rockwell","Ozone","Rowan",35.551868,-80.395039
"8137",2024-05-14,23,"Rockwell","Ozone","Rowan",35.551868,-80.395039
"8138",2024-05-15,34,"Rockwell","Ozone","Rowan",35.551868,-80.395039
"8139",2024-05-16,39,"Rockwell","Ozone","Rowan",35.551868,-80.395039
"8140",2024-05-17,35,"Rockwell","Ozone","Rowan",35.551868,-80.395039
"8141",2024-05-18,34,"Rockwell","Ozone","Rowan",35.551868,-80.395039
"8142",2024-05-19,36,"Rockwell","Ozone","Rowan",35.551868,-80.395039
"8143",2024-05-20,44,"Rockwell","Ozone","Rowan",35.551868,-80.395039
"8144",2024-05-21,44,"Rockwell","Ozone","Rowan",35.551868,-80.395039
"8145",2024-05-22,46,"Rockwell","Ozone","Rowan",35.551868,-80.395039
"8146",2024-05-23,58,"Rockwell","Ozone","Rowan",35.551868,-80.395039
"8147",2024-05-24,44,"Rockwell","Ozone","Rowan",35.551868,-80.395039
"8148",2024-05-25,54,"Rockwell","Ozone","Rowan",35.551868,-80.395039
"8149",2024-05-26,43,"Rockwell","Ozone","Rowan",35.551868,-80.395039
"8150",2024-05-27,46,"Rockwell","Ozone","Rowan",35.551868,-80.395039
"8151",2024-05-28,46,"Rockwell","Ozone","Rowan",35.551868,-80.395039
"8152",2024-05-29,50,"Rockwell","Ozone","Rowan",35.551868,-80.395039
"8153",2024-05-30,44,"Rockwell","Ozone","Rowan",35.551868,-80.395039
"8154",2024-05-31,50,"Rockwell","Ozone","Rowan",35.551868,-80.395039
"8155",2024-06-01,48,"Rockwell","Ozone","Rowan",35.551868,-80.395039
"8156",2024-06-02,40,"Rockwell","Ozone","Rowan",35.551868,-80.395039
"8157",2024-06-03,44,"Rockwell","Ozone","Rowan",35.551868,-80.395039
"8158",2024-06-04,38,"Rockwell","Ozone","Rowan",35.551868,-80.395039
"8159",2024-06-05,31,"Rockwell","Ozone","Rowan",35.551868,-80.395039
"8160",2024-06-06,41,"Rockwell","Ozone","Rowan",35.551868,-80.395039
"8161",2024-06-07,61,"Rockwell","Ozone","Rowan",35.551868,-80.395039
"8162",2024-06-08,74,"Rockwell","Ozone","Rowan",35.551868,-80.395039
"8163",2024-06-09,44,"Rockwell","Ozone","Rowan",35.551868,-80.395039
"8164",2024-06-10,50,"Rockwell","Ozone","Rowan",35.551868,-80.395039
"8165",2024-06-11,46,"Rockwell","Ozone","Rowan",35.551868,-80.395039
"8166",2024-06-12,51,"Rockwell","Ozone","Rowan",35.551868,-80.395039
"8167",2024-06-13,48,"Rockwell","Ozone","Rowan",35.551868,-80.395039
"8168",2024-06-14,77,"Rockwell","Ozone","Rowan",35.551868,-80.395039
"8169",2024-06-15,64,"Rockwell","Ozone","Rowan",35.551868,-80.395039
"8170",2024-06-16,41,"Rockwell","Ozone","Rowan",35.551868,-80.395039
"8171",2024-06-17,38,"Rockwell","Ozone","Rowan",35.551868,-80.395039
"8172",2024-06-18,38,"Rockwell","Ozone","Rowan",35.551868,-80.395039
"8173",2024-06-21,38,"Rockwell","Ozone","Rowan",35.551868,-80.395039
"8174",2024-06-22,28,"Rockwell","Ozone","Rowan",35.551868,-80.395039
"8175",2024-06-23,31,"Rockwell","Ozone","Rowan",35.551868,-80.395039
"8176",2024-06-24,51,"Rockwell","Ozone","Rowan",35.551868,-80.395039
"8177",2024-06-25,64,"Rockwell","Ozone","Rowan",35.551868,-80.395039
"8178",2024-06-26,67,"Rockwell","Ozone","Rowan",35.551868,-80.395039
"8179",2024-06-27,45,"Rockwell","Ozone","Rowan",35.551868,-80.395039
"8180",2024-06-28,48,"Rockwell","Ozone","Rowan",35.551868,-80.395039
"8181",2024-06-29,34,"Rockwell","Ozone","Rowan",35.551868,-80.395039
"8182",2024-06-30,37,"Rockwell","Ozone","Rowan",35.551868,-80.395039
"8183",2024-07-01,47,"Rockwell","Ozone","Rowan",35.551868,-80.395039
"8184",2024-07-02,47,"Rockwell","Ozone","Rowan",35.551868,-80.395039
"8185",2024-07-03,74,"Rockwell","Ozone","Rowan",35.551868,-80.395039
"8186",2024-07-04,41,"Rockwell","Ozone","Rowan",35.551868,-80.395039
"8187",2024-07-05,39,"Rockwell","Ozone","Rowan",35.551868,-80.395039
"8188",2024-07-06,40,"Rockwell","Ozone","Rowan",35.551868,-80.395039
"8189",2024-07-07,36,"Rockwell","Ozone","Rowan",35.551868,-80.395039
"8190",2024-07-08,39,"Rockwell","Ozone","Rowan",35.551868,-80.395039
"8191",2024-07-09,45,"Rockwell","Ozone","Rowan",35.551868,-80.395039
"8192",2024-07-10,44,"Rockwell","Ozone","Rowan",35.551868,-80.395039
"8193",2024-07-11,67,"Rockwell","Ozone","Rowan",35.551868,-80.395039
"8194",2024-07-12,29,"Rockwell","Ozone","Rowan",35.551868,-80.395039
"8195",2024-07-13,47,"Rockwell","Ozone","Rowan",35.551868,-80.395039
"8196",2024-07-14,48,"Rockwell","Ozone","Rowan",35.551868,-80.395039
"8197",2024-07-15,61,"Rockwell","Ozone","Rowan",35.551868,-80.395039
"8198",2024-07-16,46,"Rockwell","Ozone","Rowan",35.551868,-80.395039
"8199",2024-07-17,50,"Rockwell","Ozone","Rowan",35.551868,-80.395039
"8200",2024-07-18,46,"Rockwell","Ozone","Rowan",35.551868,-80.395039
"8201",2024-07-19,36,"Rockwell","Ozone","Rowan",35.551868,-80.395039
"8202",2024-07-20,38,"Rockwell","Ozone","Rowan",35.551868,-80.395039
"8203",2024-07-21,29,"Rockwell","Ozone","Rowan",35.551868,-80.395039
"8204",2024-07-22,32,"Rockwell","Ozone","Rowan",35.551868,-80.395039
"8205",2024-07-23,35,"Rockwell","Ozone","Rowan",35.551868,-80.395039
"8206",2024-07-24,40,"Rockwell","Ozone","Rowan",35.551868,-80.395039
"8207",2024-07-25,31,"Rockwell","Ozone","Rowan",35.551868,-80.395039
"8208",2024-07-26,31,"Rockwell","Ozone","Rowan",35.551868,-80.395039
"8209",2024-07-27,42,"Rockwell","Ozone","Rowan",35.551868,-80.395039
"8210",2024-07-28,40,"Rockwell","Ozone","Rowan",35.551868,-80.395039
"8211",2024-07-29,23,"Rockwell","Ozone","Rowan",35.551868,-80.395039
"8212",2024-07-30,43,"Rockwell","Ozone","Rowan",35.551868,-80.395039
"8213",2024-07-31,48,"Rockwell","Ozone","Rowan",35.551868,-80.395039
"8214",2024-08-01,46,"Rockwell","Ozone","Rowan",35.551868,-80.395039
"8215",2024-08-02,35,"Rockwell","Ozone","Rowan",35.551868,-80.395039
"8216",2024-08-03,31,"Rockwell","Ozone","Rowan",35.551868,-80.395039
"8217",2024-08-04,41,"Rockwell","Ozone","Rowan",35.551868,-80.395039
"8218",2024-08-05,31,"Rockwell","Ozone","Rowan",35.551868,-80.395039
"8219",2024-08-06,17,"Rockwell","Ozone","Rowan",35.551868,-80.395039
"8220",2024-08-07,29,"Rockwell","Ozone","Rowan",35.551868,-80.395039
"8221",2024-08-08,27,"Rockwell","Ozone","Rowan",35.551868,-80.395039
"8222",2024-08-09,39,"Rockwell","Ozone","Rowan",35.551868,-80.395039
"8223",2024-08-10,44,"Rockwell","Ozone","Rowan",35.551868,-80.395039
"8224",2024-08-11,42,"Rockwell","Ozone","Rowan",35.551868,-80.395039
"8225",2024-08-12,43,"Rockwell","Ozone","Rowan",35.551868,-80.395039
"8226",2024-08-13,30,"Rockwell","Ozone","Rowan",35.551868,-80.395039
"8227",2024-08-14,44,"Rockwell","Ozone","Rowan",35.551868,-80.395039
"8228",2024-08-15,39,"Rockwell","Ozone","Rowan",35.551868,-80.395039
"8229",2024-08-16,51,"Rockwell","Ozone","Rowan",35.551868,-80.395039
"8230",2024-08-17,38,"Rockwell","Ozone","Rowan",35.551868,-80.395039
"8231",2024-08-18,41,"Rockwell","Ozone","Rowan",35.551868,-80.395039
"8232",2024-08-19,37,"Rockwell","Ozone","Rowan",35.551868,-80.395039
"8233",2024-08-20,40,"Rockwell","Ozone","Rowan",35.551868,-80.395039
"8234",2024-08-21,41,"Rockwell","Ozone","Rowan",35.551868,-80.395039
"8235",2024-08-22,38,"Rockwell","Ozone","Rowan",35.551868,-80.395039
"8236",2024-08-23,41,"Rockwell","Ozone","Rowan",35.551868,-80.395039
"8237",2024-08-24,44,"Rockwell","Ozone","Rowan",35.551868,-80.395039
"8238",2024-08-25,45,"Rockwell","Ozone","Rowan",35.551868,-80.395039
"8239",2024-08-26,49,"Rockwell","Ozone","Rowan",35.551868,-80.395039
"8240",2024-08-27,97,"Rockwell","Ozone","Rowan",35.551868,-80.395039
"8241",2024-08-28,90,"Rockwell","Ozone","Rowan",35.551868,-80.395039
"8242",2024-08-29,71,"Rockwell","Ozone","Rowan",35.551868,-80.395039
"8243",2024-08-30,50,"Rockwell","Ozone","Rowan",35.551868,-80.395039
"8244",2024-08-31,42,"Rockwell","Ozone","Rowan",35.551868,-80.395039
"8245",2024-09-01,36,"Rockwell","Ozone","Rowan",35.551868,-80.395039
"8246",2024-09-02,37,"Rockwell","Ozone","Rowan",35.551868,-80.395039
"8247",2024-09-03,36,"Rockwell","Ozone","Rowan",35.551868,-80.395039
"8248",2024-09-05,42,"Rockwell","Ozone","Rowan",35.551868,-80.395039
"8249",2024-09-06,36,"Rockwell","Ozone","Rowan",35.551868,-80.395039
"8250",2024-09-07,38,"Rockwell","Ozone","Rowan",35.551868,-80.395039
"8251",2024-09-08,34,"Rockwell","Ozone","Rowan",35.551868,-80.395039
"8252",2024-09-09,35,"Rockwell","Ozone","Rowan",35.551868,-80.395039
"8253",2024-09-13,29,"Rockwell","Ozone","Rowan",35.551868,-80.395039
"8254",2024-09-14,31,"Rockwell","Ozone","Rowan",35.551868,-80.395039
"8255",2024-09-15,28,"Rockwell","Ozone","Rowan",35.551868,-80.395039
"8256",2024-09-16,26,"Rockwell","Ozone","Rowan",35.551868,-80.395039
"8257",2024-09-17,24,"Rockwell","Ozone","Rowan",35.551868,-80.395039
"8258",2024-09-18,31,"Rockwell","Ozone","Rowan",35.551868,-80.395039
"8259",2024-09-19,29,"Rockwell","Ozone","Rowan",35.551868,-80.395039
"8260",2024-09-20,36,"Rockwell","Ozone","Rowan",35.551868,-80.395039
"8261",2024-09-21,44,"Rockwell","Ozone","Rowan",35.551868,-80.395039
"8262",2024-09-22,46,"Rockwell","Ozone","Rowan",35.551868,-80.395039
"8263",2024-09-23,19,"Rockwell","Ozone","Rowan",35.551868,-80.395039
"8264",2024-09-24,30,"Rockwell","Ozone","Rowan",35.551868,-80.395039
"8265",2024-09-25,35,"Rockwell","Ozone","Rowan",35.551868,-80.395039
"8266",2024-09-26,24,"Rockwell","Ozone","Rowan",35.551868,-80.395039
"8267",2024-09-27,25,"Rockwell","Ozone","Rowan",35.551868,-80.395039
"8268",2024-09-28,37,"Rockwell","Ozone","Rowan",35.551868,-80.395039
"8269",2024-09-29,34,"Rockwell","Ozone","Rowan",35.551868,-80.395039
"8270",2024-09-30,28,"Rockwell","Ozone","Rowan",35.551868,-80.395039
"8271",2024-10-01,29,"Rockwell","Ozone","Rowan",35.551868,-80.395039
"8272",2024-10-02,35,"Rockwell","Ozone","Rowan",35.551868,-80.395039
"8273",2024-10-03,31,"Rockwell","Ozone","Rowan",35.551868,-80.395039
"8274",2024-10-04,30,"Rockwell","Ozone","Rowan",35.551868,-80.395039
"8275",2024-10-05,48,"Rockwell","Ozone","Rowan",35.551868,-80.395039
"8276",2024-10-06,28,"Rockwell","Ozone","Rowan",35.551868,-80.395039
"8277",2024-10-07,44,"Rockwell","Ozone","Rowan",35.551868,-80.395039
"8278",2024-10-08,42,"Rockwell","Ozone","Rowan",35.551868,-80.395039
"8279",2024-10-09,45,"Rockwell","Ozone","Rowan",35.551868,-80.395039
"8280",2024-10-10,40,"Rockwell","Ozone","Rowan",35.551868,-80.395039
"8281",2024-10-11,33,"Rockwell","Ozone","Rowan",35.551868,-80.395039
"8282",2024-10-12,47,"Rockwell","Ozone","Rowan",35.551868,-80.395039
"8283",2024-10-13,47,"Rockwell","Ozone","Rowan",35.551868,-80.395039
"8284",2024-10-14,44,"Rockwell","Ozone","Rowan",35.551868,-80.395039
"8285",2024-10-15,31,"Rockwell","Ozone","Rowan",35.551868,-80.395039
"8286",2024-10-16,26,"Rockwell","Ozone","Rowan",35.551868,-80.395039
"8287",2024-10-17,33,"Rockwell","Ozone","Rowan",35.551868,-80.395039
"8288",2024-10-18,38,"Rockwell","Ozone","Rowan",35.551868,-80.395039
"8289",2024-10-19,41,"Rockwell","Ozone","Rowan",35.551868,-80.395039
"8290",2024-10-20,43,"Rockwell","Ozone","Rowan",35.551868,-80.395039
"8291",2024-10-21,43,"Rockwell","Ozone","Rowan",35.551868,-80.395039
"8292",2024-10-22,44,"Rockwell","Ozone","Rowan",35.551868,-80.395039
"8293",2024-10-23,44,"Rockwell","Ozone","Rowan",35.551868,-80.395039
"8294",2024-10-24,46,"Rockwell","Ozone","Rowan",35.551868,-80.395039
"8295",2024-10-25,54,"Rockwell","Ozone","Rowan",35.551868,-80.395039
"8296",2024-10-26,44,"Rockwell","Ozone","Rowan",35.551868,-80.395039
"8297",2024-10-27,29,"Rockwell","Ozone","Rowan",35.551868,-80.395039
"8298",2024-10-28,34,"Rockwell","Ozone","Rowan",35.551868,-80.395039
"8299",2024-10-29,37,"Rockwell","Ozone","Rowan",35.551868,-80.395039
"8300",2024-10-30,37,"Rockwell","Ozone","Rowan",35.551868,-80.395039
"8301",2024-10-31,37,"Rockwell","Ozone","Rowan",35.551868,-80.395039
"8302",2024-11-01,27,"Rockwell","Ozone","Rowan",35.551868,-80.395039
"8303",2024-11-02,33,"Rockwell","Ozone","Rowan",35.551868,-80.395039
"8304",2024-11-03,37,"Rockwell","Ozone","Rowan",35.551868,-80.395039
"8305",2024-11-04,30,"Rockwell","Ozone","Rowan",35.551868,-80.395039
"8306",2024-11-05,31,"Rockwell","Ozone","Rowan",35.551868,-80.395039
"8307",2024-11-06,28,"Rockwell","Ozone","Rowan",35.551868,-80.395039
"8308",2024-11-07,28,"Rockwell","Ozone","Rowan",35.551868,-80.395039
"8309",2024-11-08,27,"Rockwell","Ozone","Rowan",35.551868,-80.395039
"8310",2024-11-09,37,"Rockwell","Ozone","Rowan",35.551868,-80.395039
"8311",2024-11-10,24,"Rockwell","Ozone","Rowan",35.551868,-80.395039
"8312",2024-11-11,18,"Rockwell","Ozone","Rowan",35.551868,-80.395039
"8313",2024-11-12,35,"Rockwell","Ozone","Rowan",35.551868,-80.395039
"8314",2024-11-13,31,"Rockwell","Ozone","Rowan",35.551868,-80.395039
"8315",2024-11-14,21,"Rockwell","Ozone","Rowan",35.551868,-80.395039
"8316",2024-11-15,28,"Rockwell","Ozone","Rowan",35.551868,-80.395039
"8317",2024-11-16,31,"Rockwell","Ozone","Rowan",35.551868,-80.395039
"8318",2024-11-17,36,"Rockwell","Ozone","Rowan",35.551868,-80.395039
"8319",2024-11-18,33,"Rockwell","Ozone","Rowan",35.551868,-80.395039
"8320",2024-11-19,31,"Rockwell","Ozone","Rowan",35.551868,-80.395039
"8321",2024-11-20,29,"Rockwell","Ozone","Rowan",35.551868,-80.395039
"8322",2024-11-21,32,"Rockwell","Ozone","Rowan",35.551868,-80.395039
"8323",2024-11-22,19,"Rockwell","Ozone","Rowan",35.551868,-80.395039
"8324",2024-11-23,22,"Rockwell","Ozone","Rowan",35.551868,-80.395039
"8325",2024-11-24,29,"Rockwell","Ozone","Rowan",35.551868,-80.395039
"8326",2024-11-25,34,"Rockwell","Ozone","Rowan",35.551868,-80.395039
"8327",2024-11-26,31,"Rockwell","Ozone","Rowan",35.551868,-80.395039
"8328",2024-11-27,30,"Rockwell","Ozone","Rowan",35.551868,-80.395039
"8329",2024-11-28,31,"Rockwell","Ozone","Rowan",35.551868,-80.395039
"8330",2024-11-29,31,"Rockwell","Ozone","Rowan",35.551868,-80.395039
"8331",2024-11-30,36,"Rockwell","Ozone","Rowan",35.551868,-80.395039
"8332",2024-12-01,34,"Rockwell","Ozone","Rowan",35.551868,-80.395039
"8333",2024-12-02,35,"Rockwell","Ozone","Rowan",35.551868,-80.395039
"8334",2024-12-03,28,"Rockwell","Ozone","Rowan",35.551868,-80.395039
"8335",2024-12-04,33,"Rockwell","Ozone","Rowan",35.551868,-80.395039
"8336",2024-12-05,37,"Rockwell","Ozone","Rowan",35.551868,-80.395039
"8337",2024-12-06,31,"Rockwell","Ozone","Rowan",35.551868,-80.395039
"8338",2024-12-07,31,"Rockwell","Ozone","Rowan",35.551868,-80.395039
"8339",2024-12-08,37,"Rockwell","Ozone","Rowan",35.551868,-80.395039
"8340",2024-12-09,23,"Rockwell","Ozone","Rowan",35.551868,-80.395039
"8341",2024-12-10,28,"Rockwell","Ozone","Rowan",35.551868,-80.395039
"8342",2024-12-11,27,"Rockwell","Ozone","Rowan",35.551868,-80.395039
"8343",2024-12-14,24,"Rockwell","Ozone","Rowan",35.551868,-80.395039
"8344",2024-12-15,24,"Rockwell","Ozone","Rowan",35.551868,-80.395039
"8345",2024-12-16,19,"Rockwell","Ozone","Rowan",35.551868,-80.395039
"8346",2024-12-18,28,"Rockwell","Ozone","Rowan",35.551868,-80.395039
"8347",2024-12-19,27,"Rockwell","Ozone","Rowan",35.551868,-80.395039
"8348",2024-12-20,21,"Rockwell","Ozone","Rowan",35.551868,-80.395039
"8349",2024-12-21,29,"Rockwell","Ozone","Rowan",35.551868,-80.395039
"8350",2024-12-22,33,"Rockwell","Ozone","Rowan",35.551868,-80.395039
"8351",2024-12-23,33,"Rockwell","Ozone","Rowan",35.551868,-80.395039
"8352",2024-12-24,31,"Rockwell","Ozone","Rowan",35.551868,-80.395039
"8353",2024-12-25,33,"Rockwell","Ozone","Rowan",35.551868,-80.395039
"8354",2024-12-26,29,"Rockwell","Ozone","Rowan",35.551868,-80.395039
"8355",2024-12-27,22,"Rockwell","Ozone","Rowan",35.551868,-80.395039
"8356",2024-12-28,19,"Rockwell","Ozone","Rowan",35.551868,-80.395039
"8357",2024-12-29,34,"Rockwell","Ozone","Rowan",35.551868,-80.395039
"8358",2024-12-30,32,"Rockwell","Ozone","Rowan",35.551868,-80.395039
"8359",2024-03-01,31,"Bryson City","Ozone","Swain",35.434767,-83.442133
"8360",2024-03-02,34,"Bryson City","Ozone","Swain",35.434767,-83.442133
"8361",2024-03-03,35,"Bryson City","Ozone","Swain",35.434767,-83.442133
"8362",2024-03-04,31,"Bryson City","Ozone","Swain",35.434767,-83.442133
"8363",2024-03-05,36,"Bryson City","Ozone","Swain",35.434767,-83.442133
"8364",2024-03-06,31,"Bryson City","Ozone","Swain",35.434767,-83.442133
"8365",2024-03-07,35,"Bryson City","Ozone","Swain",35.434767,-83.442133
"8366",2024-03-08,32,"Bryson City","Ozone","Swain",35.434767,-83.442133
"8367",2024-03-09,29,"Bryson City","Ozone","Swain",35.434767,-83.442133
"8368",2024-03-10,40,"Bryson City","Ozone","Swain",35.434767,-83.442133
"8369",2024-03-11,44,"Bryson City","Ozone","Swain",35.434767,-83.442133
"8370",2024-03-12,39,"Bryson City","Ozone","Swain",35.434767,-83.442133
"8371",2024-03-13,47,"Bryson City","Ozone","Swain",35.434767,-83.442133
"8372",2024-03-14,61,"Bryson City","Ozone","Swain",35.434767,-83.442133
"8373",2024-03-15,33,"Bryson City","Ozone","Swain",35.434767,-83.442133
"8374",2024-03-16,38,"Bryson City","Ozone","Swain",35.434767,-83.442133
"8375",2024-03-17,42,"Bryson City","Ozone","Swain",35.434767,-83.442133
"8376",2024-03-18,40,"Bryson City","Ozone","Swain",35.434767,-83.442133
"8377",2024-03-19,45,"Bryson City","Ozone","Swain",35.434767,-83.442133
"8378",2024-03-20,47,"Bryson City","Ozone","Swain",35.434767,-83.442133
"8379",2024-03-21,44,"Bryson City","Ozone","Swain",35.434767,-83.442133
"8380",2024-03-22,49,"Bryson City","Ozone","Swain",35.434767,-83.442133
"8381",2024-03-23,39,"Bryson City","Ozone","Swain",35.434767,-83.442133
"8382",2024-03-24,44,"Bryson City","Ozone","Swain",35.434767,-83.442133
"8383",2024-03-25,51,"Bryson City","Ozone","Swain",35.434767,-83.442133
"8384",2024-03-26,34,"Bryson City","Ozone","Swain",35.434767,-83.442133
"8385",2024-03-27,40,"Bryson City","Ozone","Swain",35.434767,-83.442133
"8386",2024-03-28,45,"Bryson City","Ozone","Swain",35.434767,-83.442133
"8387",2024-03-29,46,"Bryson City","Ozone","Swain",35.434767,-83.442133
"8388",2024-03-30,54,"Bryson City","Ozone","Swain",35.434767,-83.442133
"8389",2024-03-31,46,"Bryson City","Ozone","Swain",35.434767,-83.442133
"8390",2024-04-01,42,"Bryson City","Ozone","Swain",35.434767,-83.442133
"8391",2024-04-02,44,"Bryson City","Ozone","Swain",35.434767,-83.442133
"8392",2024-04-03,42,"Bryson City","Ozone","Swain",35.434767,-83.442133
"8393",2024-04-04,37,"Bryson City","Ozone","Swain",35.434767,-83.442133
"8394",2024-04-05,32,"Bryson City","Ozone","Swain",35.434767,-83.442133
"8395",2024-04-06,41,"Bryson City","Ozone","Swain",35.434767,-83.442133
"8396",2024-04-07,44,"Bryson City","Ozone","Swain",35.434767,-83.442133
"8397",2024-04-08,50,"Bryson City","Ozone","Swain",35.434767,-83.442133
"8398",2024-04-09,39,"Bryson City","Ozone","Swain",35.434767,-83.442133
"8399",2024-04-10,43,"Bryson City","Ozone","Swain",35.434767,-83.442133
"8400",2024-04-11,41,"Bryson City","Ozone","Swain",35.434767,-83.442133
"8401",2024-04-12,43,"Bryson City","Ozone","Swain",35.434767,-83.442133
"8402",2024-04-13,48,"Bryson City","Ozone","Swain",35.434767,-83.442133
"8403",2024-04-14,71,"Bryson City","Ozone","Swain",35.434767,-83.442133
"8404",2024-04-15,48,"Bryson City","Ozone","Swain",35.434767,-83.442133
"8405",2024-04-17,49,"Bryson City","Ozone","Swain",35.434767,-83.442133
"8406",2024-04-18,47,"Bryson City","Ozone","Swain",35.434767,-83.442133
"8407",2024-04-19,47,"Bryson City","Ozone","Swain",35.434767,-83.442133
"8408",2024-04-20,36,"Bryson City","Ozone","Swain",35.434767,-83.442133
"8409",2024-04-21,32,"Bryson City","Ozone","Swain",35.434767,-83.442133
"8410",2024-04-22,43,"Bryson City","Ozone","Swain",35.434767,-83.442133
"8411",2024-04-23,48,"Bryson City","Ozone","Swain",35.434767,-83.442133
"8412",2024-04-24,48,"Bryson City","Ozone","Swain",35.434767,-83.442133
"8413",2024-04-25,50,"Bryson City","Ozone","Swain",35.434767,-83.442133
"8414",2024-04-26,29,"Bryson City","Ozone","Swain",35.434767,-83.442133
"8415",2024-04-27,43,"Bryson City","Ozone","Swain",35.434767,-83.442133
"8416",2024-04-28,44,"Bryson City","Ozone","Swain",35.434767,-83.442133
"8417",2024-04-29,46,"Bryson City","Ozone","Swain",35.434767,-83.442133
"8418",2024-04-30,43,"Bryson City","Ozone","Swain",35.434767,-83.442133
"8419",2024-05-01,41,"Bryson City","Ozone","Swain",35.434767,-83.442133
"8420",2024-05-02,48,"Bryson City","Ozone","Swain",35.434767,-83.442133
"8421",2024-05-03,31,"Bryson City","Ozone","Swain",35.434767,-83.442133
"8422",2024-05-04,26,"Bryson City","Ozone","Swain",35.434767,-83.442133
"8423",2024-05-05,38,"Bryson City","Ozone","Swain",35.434767,-83.442133
"8424",2024-05-06,32,"Bryson City","Ozone","Swain",35.434767,-83.442133
"8425",2024-05-07,32,"Bryson City","Ozone","Swain",35.434767,-83.442133
"8426",2024-05-08,39,"Bryson City","Ozone","Swain",35.434767,-83.442133
"8427",2024-05-09,43,"Bryson City","Ozone","Swain",35.434767,-83.442133
"8428",2024-05-10,44,"Bryson City","Ozone","Swain",35.434767,-83.442133
"8429",2024-05-11,41,"Bryson City","Ozone","Swain",35.434767,-83.442133
"8430",2024-05-12,45,"Bryson City","Ozone","Swain",35.434767,-83.442133
"8431",2024-05-13,29,"Bryson City","Ozone","Swain",35.434767,-83.442133
"8432",2024-05-14,26,"Bryson City","Ozone","Swain",35.434767,-83.442133
"8433",2024-05-15,38,"Bryson City","Ozone","Swain",35.434767,-83.442133
"8434",2024-05-16,43,"Bryson City","Ozone","Swain",35.434767,-83.442133
"8435",2024-05-17,19,"Bryson City","Ozone","Swain",35.434767,-83.442133
"8436",2024-05-18,36,"Bryson City","Ozone","Swain",35.434767,-83.442133
"8437",2024-05-19,36,"Bryson City","Ozone","Swain",35.434767,-83.442133
"8438",2024-05-20,38,"Bryson City","Ozone","Swain",35.434767,-83.442133
"8439",2024-05-21,37,"Bryson City","Ozone","Swain",35.434767,-83.442133
"8440",2024-05-22,44,"Bryson City","Ozone","Swain",35.434767,-83.442133
"8441",2024-05-23,35,"Bryson City","Ozone","Swain",35.434767,-83.442133
"8442",2024-05-24,36,"Bryson City","Ozone","Swain",35.434767,-83.442133
"8443",2024-05-25,38,"Bryson City","Ozone","Swain",35.434767,-83.442133
"8444",2024-05-26,31,"Bryson City","Ozone","Swain",35.434767,-83.442133
"8445",2024-05-27,44,"Bryson City","Ozone","Swain",35.434767,-83.442133
"8446",2024-05-28,46,"Bryson City","Ozone","Swain",35.434767,-83.442133
"8447",2024-05-29,48,"Bryson City","Ozone","Swain",35.434767,-83.442133
"8448",2024-05-30,39,"Bryson City","Ozone","Swain",35.434767,-83.442133
"8449",2024-05-31,37,"Bryson City","Ozone","Swain",35.434767,-83.442133
"8450",2024-06-01,44,"Bryson City","Ozone","Swain",35.434767,-83.442133
"8451",2024-06-02,24,"Bryson City","Ozone","Swain",35.434767,-83.442133
"8452",2024-06-03,33,"Bryson City","Ozone","Swain",35.434767,-83.442133
"8453",2024-06-04,32,"Bryson City","Ozone","Swain",35.434767,-83.442133
"8454",2024-06-05,28,"Bryson City","Ozone","Swain",35.434767,-83.442133
"8455",2024-06-06,38,"Bryson City","Ozone","Swain",35.434767,-83.442133
"8456",2024-06-07,49,"Bryson City","Ozone","Swain",35.434767,-83.442133
"8457",2024-06-08,45,"Bryson City","Ozone","Swain",35.434767,-83.442133
"8458",2024-06-09,38,"Bryson City","Ozone","Swain",35.434767,-83.442133
"8459",2024-06-10,46,"Bryson City","Ozone","Swain",35.434767,-83.442133
"8460",2024-06-11,38,"Bryson City","Ozone","Swain",35.434767,-83.442133
"8461",2024-06-12,44,"Bryson City","Ozone","Swain",35.434767,-83.442133
"8462",2024-06-13,49,"Bryson City","Ozone","Swain",35.434767,-83.442133
"8463",2024-06-14,45,"Bryson City","Ozone","Swain",35.434767,-83.442133
"8464",2024-06-15,44,"Bryson City","Ozone","Swain",35.434767,-83.442133
"8465",2024-06-16,40,"Bryson City","Ozone","Swain",35.434767,-83.442133
"8466",2024-06-17,32,"Bryson City","Ozone","Swain",35.434767,-83.442133
"8467",2024-06-18,40,"Bryson City","Ozone","Swain",35.434767,-83.442133
"8468",2024-06-19,33,"Bryson City","Ozone","Swain",35.434767,-83.442133
"8469",2024-06-20,38,"Bryson City","Ozone","Swain",35.434767,-83.442133
"8470",2024-06-21,35,"Bryson City","Ozone","Swain",35.434767,-83.442133
"8471",2024-06-22,37,"Bryson City","Ozone","Swain",35.434767,-83.442133
"8472",2024-06-23,43,"Bryson City","Ozone","Swain",35.434767,-83.442133
"8473",2024-06-24,51,"Bryson City","Ozone","Swain",35.434767,-83.442133
"8474",2024-06-25,41,"Bryson City","Ozone","Swain",35.434767,-83.442133
"8475",2024-06-26,48,"Bryson City","Ozone","Swain",35.434767,-83.442133
"8476",2024-06-27,34,"Bryson City","Ozone","Swain",35.434767,-83.442133
"8477",2024-06-28,35,"Bryson City","Ozone","Swain",35.434767,-83.442133
"8478",2024-06-29,29,"Bryson City","Ozone","Swain",35.434767,-83.442133
"8479",2024-06-30,32,"Bryson City","Ozone","Swain",35.434767,-83.442133
"8480",2024-07-01,42,"Bryson City","Ozone","Swain",35.434767,-83.442133
"8481",2024-07-02,41,"Bryson City","Ozone","Swain",35.434767,-83.442133
"8482",2024-07-03,39,"Bryson City","Ozone","Swain",35.434767,-83.442133
"8483",2024-07-04,36,"Bryson City","Ozone","Swain",35.434767,-83.442133
"8484",2024-07-05,23,"Bryson City","Ozone","Swain",35.434767,-83.442133
"8485",2024-07-06,32,"Bryson City","Ozone","Swain",35.434767,-83.442133
"8486",2024-07-07,26,"Bryson City","Ozone","Swain",35.434767,-83.442133
"8487",2024-07-08,31,"Bryson City","Ozone","Swain",35.434767,-83.442133
"8488",2024-07-09,25,"Bryson City","Ozone","Swain",35.434767,-83.442133
"8489",2024-07-10,36,"Bryson City","Ozone","Swain",35.434767,-83.442133
"8490",2024-07-11,41,"Bryson City","Ozone","Swain",35.434767,-83.442133
"8491",2024-07-12,42,"Bryson City","Ozone","Swain",35.434767,-83.442133
"8492",2024-07-13,44,"Bryson City","Ozone","Swain",35.434767,-83.442133
"8493",2024-07-14,40,"Bryson City","Ozone","Swain",35.434767,-83.442133
"8494",2024-07-15,38,"Bryson City","Ozone","Swain",35.434767,-83.442133
"8495",2024-07-16,29,"Bryson City","Ozone","Swain",35.434767,-83.442133
"8496",2024-07-17,30,"Bryson City","Ozone","Swain",35.434767,-83.442133
"8497",2024-07-18,40,"Bryson City","Ozone","Swain",35.434767,-83.442133
"8498",2024-07-19,27,"Bryson City","Ozone","Swain",35.434767,-83.442133
"8499",2024-07-20,28,"Bryson City","Ozone","Swain",35.434767,-83.442133
"8500",2024-07-21,27,"Bryson City","Ozone","Swain",35.434767,-83.442133
"8501",2024-07-22,30,"Bryson City","Ozone","Swain",35.434767,-83.442133
"8502",2024-07-23,27,"Bryson City","Ozone","Swain",35.434767,-83.442133
"8503",2024-07-24,26,"Bryson City","Ozone","Swain",35.434767,-83.442133
"8504",2024-07-25,19,"Bryson City","Ozone","Swain",35.434767,-83.442133
"8505",2024-07-26,24,"Bryson City","Ozone","Swain",35.434767,-83.442133
"8506",2024-07-27,31,"Bryson City","Ozone","Swain",35.434767,-83.442133
"8507",2024-07-28,25,"Bryson City","Ozone","Swain",35.434767,-83.442133
"8508",2024-07-29,26,"Bryson City","Ozone","Swain",35.434767,-83.442133
"8509",2024-07-30,24,"Bryson City","Ozone","Swain",35.434767,-83.442133
"8510",2024-07-31,28,"Bryson City","Ozone","Swain",35.434767,-83.442133
"8511",2024-08-01,21,"Bryson City","Ozone","Swain",35.434767,-83.442133
"8512",2024-08-02,27,"Bryson City","Ozone","Swain",35.434767,-83.442133
"8513",2024-08-03,42,"Bryson City","Ozone","Swain",35.434767,-83.442133
"8514",2024-08-04,37,"Bryson City","Ozone","Swain",35.434767,-83.442133
"8515",2024-08-05,42,"Bryson City","Ozone","Swain",35.434767,-83.442133
"8516",2024-08-06,31,"Bryson City","Ozone","Swain",35.434767,-83.442133
"8517",2024-08-07,35,"Bryson City","Ozone","Swain",35.434767,-83.442133
"8518",2024-08-08,22,"Bryson City","Ozone","Swain",35.434767,-83.442133
"8519",2024-08-09,42,"Bryson City","Ozone","Swain",35.434767,-83.442133
"8520",2024-08-10,38,"Bryson City","Ozone","Swain",35.434767,-83.442133
"8521",2024-08-11,36,"Bryson City","Ozone","Swain",35.434767,-83.442133
"8522",2024-08-12,32,"Bryson City","Ozone","Swain",35.434767,-83.442133
"8523",2024-08-13,39,"Bryson City","Ozone","Swain",35.434767,-83.442133
"8524",2024-08-14,36,"Bryson City","Ozone","Swain",35.434767,-83.442133
"8525",2024-08-15,39,"Bryson City","Ozone","Swain",35.434767,-83.442133
"8526",2024-08-16,34,"Bryson City","Ozone","Swain",35.434767,-83.442133
"8527",2024-08-17,36,"Bryson City","Ozone","Swain",35.434767,-83.442133
"8528",2024-08-18,34,"Bryson City","Ozone","Swain",35.434767,-83.442133
"8529",2024-08-19,29,"Bryson City","Ozone","Swain",35.434767,-83.442133
"8530",2024-08-20,37,"Bryson City","Ozone","Swain",35.434767,-83.442133
"8531",2024-08-21,37,"Bryson City","Ozone","Swain",35.434767,-83.442133
"8532",2024-08-22,43,"Bryson City","Ozone","Swain",35.434767,-83.442133
"8533",2024-08-23,46,"Bryson City","Ozone","Swain",35.434767,-83.442133
"8534",2024-08-24,37,"Bryson City","Ozone","Swain",35.434767,-83.442133
"8535",2024-08-25,41,"Bryson City","Ozone","Swain",35.434767,-83.442133
"8536",2024-08-26,44,"Bryson City","Ozone","Swain",35.434767,-83.442133
"8537",2024-08-27,44,"Bryson City","Ozone","Swain",35.434767,-83.442133
"8538",2024-08-28,42,"Bryson City","Ozone","Swain",35.434767,-83.442133
"8539",2024-08-29,46,"Bryson City","Ozone","Swain",35.434767,-83.442133
"8540",2024-08-30,39,"Bryson City","Ozone","Swain",35.434767,-83.442133
"8541",2024-08-31,32,"Bryson City","Ozone","Swain",35.434767,-83.442133
"8542",2024-09-01,30,"Bryson City","Ozone","Swain",35.434767,-83.442133
"8543",2024-09-02,29,"Bryson City","Ozone","Swain",35.434767,-83.442133
"8544",2024-09-03,31,"Bryson City","Ozone","Swain",35.434767,-83.442133
"8545",2024-09-04,30,"Bryson City","Ozone","Swain",35.434767,-83.442133
"8546",2024-09-05,34,"Bryson City","Ozone","Swain",35.434767,-83.442133
"8547",2024-09-06,30,"Bryson City","Ozone","Swain",35.434767,-83.442133
"8548",2024-09-07,33,"Bryson City","Ozone","Swain",35.434767,-83.442133
"8549",2024-09-08,31,"Bryson City","Ozone","Swain",35.434767,-83.442133
"8550",2024-09-09,31,"Bryson City","Ozone","Swain",35.434767,-83.442133
"8551",2024-09-10,33,"Bryson City","Ozone","Swain",35.434767,-83.442133
"8552",2024-09-11,44,"Bryson City","Ozone","Swain",35.434767,-83.442133
"8553",2024-09-12,38,"Bryson City","Ozone","Swain",35.434767,-83.442133
"8554",2024-09-13,31,"Bryson City","Ozone","Swain",35.434767,-83.442133
"8555",2024-09-14,31,"Bryson City","Ozone","Swain",35.434767,-83.442133
"8556",2024-09-15,30,"Bryson City","Ozone","Swain",35.434767,-83.442133
"8557",2024-09-18,19,"Bryson City","Ozone","Swain",35.434767,-83.442133
"8558",2024-09-19,24,"Bryson City","Ozone","Swain",35.434767,-83.442133
"8559",2024-09-20,32,"Bryson City","Ozone","Swain",35.434767,-83.442133
"8560",2024-09-21,40,"Bryson City","Ozone","Swain",35.434767,-83.442133
"8561",2024-09-22,39,"Bryson City","Ozone","Swain",35.434767,-83.442133
"8562",2024-09-23,38,"Bryson City","Ozone","Swain",35.434767,-83.442133
"8563",2024-09-24,30,"Bryson City","Ozone","Swain",35.434767,-83.442133
"8564",2024-09-25,26,"Bryson City","Ozone","Swain",35.434767,-83.442133
"8565",2024-09-26,22,"Bryson City","Ozone","Swain",35.434767,-83.442133
"8566",2024-09-28,28,"Bryson City","Ozone","Swain",35.434767,-83.442133
"8567",2024-09-29,18,"Bryson City","Ozone","Swain",35.434767,-83.442133
"8568",2024-09-30,19,"Bryson City","Ozone","Swain",35.434767,-83.442133
"8569",2024-10-01,21,"Bryson City","Ozone","Swain",35.434767,-83.442133
"8570",2024-10-02,28,"Bryson City","Ozone","Swain",35.434767,-83.442133
"8571",2024-10-03,26,"Bryson City","Ozone","Swain",35.434767,-83.442133
"8572",2024-10-04,27,"Bryson City","Ozone","Swain",35.434767,-83.442133
"8573",2024-10-05,33,"Bryson City","Ozone","Swain",35.434767,-83.442133
"8574",2024-10-06,38,"Bryson City","Ozone","Swain",35.434767,-83.442133
"8575",2024-10-07,37,"Bryson City","Ozone","Swain",35.434767,-83.442133
"8576",2024-10-08,38,"Bryson City","Ozone","Swain",35.434767,-83.442133
"8577",2024-10-09,32,"Bryson City","Ozone","Swain",35.434767,-83.442133
"8578",2024-10-10,44,"Bryson City","Ozone","Swain",35.434767,-83.442133
"8579",2024-10-11,36,"Bryson City","Ozone","Swain",35.434767,-83.442133
"8580",2024-10-12,34,"Bryson City","Ozone","Swain",35.434767,-83.442133
"8581",2024-10-13,36,"Bryson City","Ozone","Swain",35.434767,-83.442133
"8582",2024-10-14,34,"Bryson City","Ozone","Swain",35.434767,-83.442133
"8583",2024-10-15,29,"Bryson City","Ozone","Swain",35.434767,-83.442133
"8584",2024-10-16,30,"Bryson City","Ozone","Swain",35.434767,-83.442133
"8585",2024-10-17,30,"Bryson City","Ozone","Swain",35.434767,-83.442133
"8586",2024-10-18,32,"Bryson City","Ozone","Swain",35.434767,-83.442133
"8587",2024-10-19,32,"Bryson City","Ozone","Swain",35.434767,-83.442133
"8588",2024-10-20,31,"Bryson City","Ozone","Swain",35.434767,-83.442133
"8589",2024-10-21,32,"Bryson City","Ozone","Swain",35.434767,-83.442133
"8590",2024-10-22,39,"Bryson City","Ozone","Swain",35.434767,-83.442133
"8591",2024-10-23,36,"Bryson City","Ozone","Swain",35.434767,-83.442133
"8592",2024-10-24,42,"Bryson City","Ozone","Swain",35.434767,-83.442133
"8593",2024-10-25,41,"Bryson City","Ozone","Swain",35.434767,-83.442133
"8594",2024-10-26,42,"Bryson City","Ozone","Swain",35.434767,-83.442133
"8595",2024-10-27,31,"Bryson City","Ozone","Swain",35.434767,-83.442133
"8596",2024-10-28,37,"Bryson City","Ozone","Swain",35.434767,-83.442133
"8597",2024-10-29,37,"Bryson City","Ozone","Swain",35.434767,-83.442133
"8598",2024-10-30,35,"Bryson City","Ozone","Swain",35.434767,-83.442133
"8599",2024-10-31,36,"Bryson City","Ozone","Swain",35.434767,-83.442133
"8600",2024-07-09,25,"Old High School","Ozone","Swain",35.498711,-83.310242
"8601",2024-07-10,36,"Old High School","Ozone","Swain",35.498711,-83.310242
"8602",2024-07-11,44,"Old High School","Ozone","Swain",35.498711,-83.310242
"8603",2024-07-12,37,"Old High School","Ozone","Swain",35.498711,-83.310242
"8604",2024-07-13,39,"Old High School","Ozone","Swain",35.498711,-83.310242
"8605",2024-07-14,35,"Old High School","Ozone","Swain",35.498711,-83.310242
"8606",2024-07-15,31,"Old High School","Ozone","Swain",35.498711,-83.310242
"8607",2024-07-16,25,"Old High School","Ozone","Swain",35.498711,-83.310242
"8608",2024-07-17,30,"Old High School","Ozone","Swain",35.498711,-83.310242
"8609",2024-07-18,36,"Old High School","Ozone","Swain",35.498711,-83.310242
"8610",2024-07-19,29,"Old High School","Ozone","Swain",35.498711,-83.310242
"8611",2024-07-20,31,"Old High School","Ozone","Swain",35.498711,-83.310242
"8612",2024-07-21,26,"Old High School","Ozone","Swain",35.498711,-83.310242
"8613",2024-07-22,31,"Old High School","Ozone","Swain",35.498711,-83.310242
"8614",2024-07-23,28,"Old High School","Ozone","Swain",35.498711,-83.310242
"8615",2024-07-24,29,"Old High School","Ozone","Swain",35.498711,-83.310242
"8616",2024-07-25,17,"Old High School","Ozone","Swain",35.498711,-83.310242
"8617",2024-07-26,23,"Old High School","Ozone","Swain",35.498711,-83.310242
"8618",2024-07-27,33,"Old High School","Ozone","Swain",35.498711,-83.310242
"8619",2024-07-28,29,"Old High School","Ozone","Swain",35.498711,-83.310242
"8620",2024-07-29,23,"Old High School","Ozone","Swain",35.498711,-83.310242
"8621",2024-07-30,25,"Old High School","Ozone","Swain",35.498711,-83.310242
"8622",2024-07-31,27,"Old High School","Ozone","Swain",35.498711,-83.310242
"8623",2024-08-01,20,"Old High School","Ozone","Swain",35.498711,-83.310242
"8624",2024-08-02,28,"Old High School","Ozone","Swain",35.498711,-83.310242
"8625",2024-08-03,39,"Old High School","Ozone","Swain",35.498711,-83.310242
"8626",2024-08-04,40,"Old High School","Ozone","Swain",35.498711,-83.310242
"8627",2024-08-05,37,"Old High School","Ozone","Swain",35.498711,-83.310242
"8628",2024-08-06,28,"Old High School","Ozone","Swain",35.498711,-83.310242
"8629",2024-08-07,35,"Old High School","Ozone","Swain",35.498711,-83.310242
"8630",2024-08-08,19,"Old High School","Ozone","Swain",35.498711,-83.310242
"8631",2024-08-09,27,"Old High School","Ozone","Swain",35.498711,-83.310242
"8632",2024-08-10,32,"Old High School","Ozone","Swain",35.498711,-83.310242
"8633",2024-08-11,33,"Old High School","Ozone","Swain",35.498711,-83.310242
"8634",2024-08-12,34,"Old High School","Ozone","Swain",35.498711,-83.310242
"8635",2024-08-13,34,"Old High School","Ozone","Swain",35.498711,-83.310242
"8636",2024-08-14,34,"Old High School","Ozone","Swain",35.498711,-83.310242
"8637",2024-08-15,40,"Old High School","Ozone","Swain",35.498711,-83.310242
"8638",2024-08-16,34,"Old High School","Ozone","Swain",35.498711,-83.310242
"8639",2024-08-17,36,"Old High School","Ozone","Swain",35.498711,-83.310242
"8640",2024-08-18,31,"Old High School","Ozone","Swain",35.498711,-83.310242
"8641",2024-08-19,28,"Old High School","Ozone","Swain",35.498711,-83.310242
"8642",2024-08-20,37,"Old High School","Ozone","Swain",35.498711,-83.310242
"8643",2024-08-21,37,"Old High School","Ozone","Swain",35.498711,-83.310242
"8644",2024-08-22,43,"Old High School","Ozone","Swain",35.498711,-83.310242
"8645",2024-08-23,44,"Old High School","Ozone","Swain",35.498711,-83.310242
"8646",2024-08-24,38,"Old High School","Ozone","Swain",35.498711,-83.310242
"8647",2024-08-25,39,"Old High School","Ozone","Swain",35.498711,-83.310242
"8648",2024-08-26,43,"Old High School","Ozone","Swain",35.498711,-83.310242
"8649",2024-08-27,45,"Old High School","Ozone","Swain",35.498711,-83.310242
"8650",2024-08-28,38,"Old High School","Ozone","Swain",35.498711,-83.310242
"8651",2024-08-29,44,"Old High School","Ozone","Swain",35.498711,-83.310242
"8652",2024-08-30,35,"Old High School","Ozone","Swain",35.498711,-83.310242
"8653",2024-08-31,36,"Old High School","Ozone","Swain",35.498711,-83.310242
"8654",2024-09-01,31,"Old High School","Ozone","Swain",35.498711,-83.310242
"8655",2024-09-02,33,"Old High School","Ozone","Swain",35.498711,-83.310242
"8656",2024-09-03,26,"Old High School","Ozone","Swain",35.498711,-83.310242
"8657",2024-09-04,28,"Old High School","Ozone","Swain",35.498711,-83.310242
"8658",2024-09-05,36,"Old High School","Ozone","Swain",35.498711,-83.310242
"8659",2024-09-06,31,"Old High School","Ozone","Swain",35.498711,-83.310242
"8660",2024-09-07,33,"Old High School","Ozone","Swain",35.498711,-83.310242
"8661",2024-09-08,33,"Old High School","Ozone","Swain",35.498711,-83.310242
"8662",2024-09-09,33,"Old High School","Ozone","Swain",35.498711,-83.310242
"8663",2024-09-10,36,"Old High School","Ozone","Swain",35.498711,-83.310242
"8664",2024-09-11,46,"Old High School","Ozone","Swain",35.498711,-83.310242
"8665",2024-09-12,33,"Old High School","Ozone","Swain",35.498711,-83.310242
"8666",2024-09-13,26,"Old High School","Ozone","Swain",35.498711,-83.310242
"8667",2024-09-14,31,"Old High School","Ozone","Swain",35.498711,-83.310242
"8668",2024-09-15,31,"Old High School","Ozone","Swain",35.498711,-83.310242
"8669",2024-09-16,42,"Old High School","Ozone","Swain",35.498711,-83.310242
"8670",2024-09-17,21,"Old High School","Ozone","Swain",35.498711,-83.310242
"8671",2024-09-18,20,"Old High School","Ozone","Swain",35.498711,-83.310242
"8672",2024-09-19,26,"Old High School","Ozone","Swain",35.498711,-83.310242
"8673",2024-09-20,37,"Old High School","Ozone","Swain",35.498711,-83.310242
"8674",2024-09-21,37,"Old High School","Ozone","Swain",35.498711,-83.310242
"8675",2024-09-22,32,"Old High School","Ozone","Swain",35.498711,-83.310242
"8676",2024-09-23,37,"Old High School","Ozone","Swain",35.498711,-83.310242
"8677",2024-09-24,32,"Old High School","Ozone","Swain",35.498711,-83.310242
"8678",2024-09-25,30,"Old High School","Ozone","Swain",35.498711,-83.310242
"8679",2024-09-26,15,"Old High School","Ozone","Swain",35.498711,-83.310242
"8680",2024-09-27,41,"Old High School","Ozone","Swain",35.498711,-83.310242
"8681",2024-09-28,32,"Old High School","Ozone","Swain",35.498711,-83.310242
"8682",2024-09-29,19,"Old High School","Ozone","Swain",35.498711,-83.310242
"8683",2024-09-30,24,"Old High School","Ozone","Swain",35.498711,-83.310242
"8684",2024-10-01,21,"Old High School","Ozone","Swain",35.498711,-83.310242
"8685",2024-10-02,26,"Old High School","Ozone","Swain",35.498711,-83.310242
"8686",2024-10-03,31,"Old High School","Ozone","Swain",35.498711,-83.310242
"8687",2024-10-04,26,"Old High School","Ozone","Swain",35.498711,-83.310242
"8688",2024-10-05,35,"Old High School","Ozone","Swain",35.498711,-83.310242
"8689",2024-10-06,38,"Old High School","Ozone","Swain",35.498711,-83.310242
"8690",2024-10-07,41,"Old High School","Ozone","Swain",35.498711,-83.310242
"8691",2024-10-08,49,"Old High School","Ozone","Swain",35.498711,-83.310242
"8692",2024-10-09,37,"Old High School","Ozone","Swain",35.498711,-83.310242
"8693",2024-10-10,46,"Old High School","Ozone","Swain",35.498711,-83.310242
"8694",2024-10-11,38,"Old High School","Ozone","Swain",35.498711,-83.310242
"8695",2024-10-12,38,"Old High School","Ozone","Swain",35.498711,-83.310242
"8696",2024-10-13,43,"Old High School","Ozone","Swain",35.498711,-83.310242
"8697",2024-10-14,39,"Old High School","Ozone","Swain",35.498711,-83.310242
"8698",2024-10-15,31,"Old High School","Ozone","Swain",35.498711,-83.310242
"8699",2024-10-16,32,"Old High School","Ozone","Swain",35.498711,-83.310242
"8700",2024-10-17,32,"Old High School","Ozone","Swain",35.498711,-83.310242
"8701",2024-10-18,40,"Old High School","Ozone","Swain",35.498711,-83.310242
"8702",2024-10-19,39,"Old High School","Ozone","Swain",35.498711,-83.310242
"8703",2024-10-20,36,"Old High School","Ozone","Swain",35.498711,-83.310242
"8704",2024-10-21,38,"Old High School","Ozone","Swain",35.498711,-83.310242
"8705",2024-10-22,44,"Old High School","Ozone","Swain",35.498711,-83.310242
"8706",2024-10-23,39,"Old High School","Ozone","Swain",35.498711,-83.310242
"8707",2024-10-24,48,"Old High School","Ozone","Swain",35.498711,-83.310242
"8708",2024-10-25,43,"Old High School","Ozone","Swain",35.498711,-83.310242
"8709",2024-10-26,38,"Old High School","Ozone","Swain",35.498711,-83.310242
"8710",2024-10-27,33,"Old High School","Ozone","Swain",35.498711,-83.310242
"8711",2024-10-28,39,"Old High School","Ozone","Swain",35.498711,-83.310242
"8712",2024-10-29,43,"Old High School","Ozone","Swain",35.498711,-83.310242
"8713",2024-10-30,41,"Old High School","Ozone","Swain",35.498711,-83.310242
"8714",2024-03-01,24,"Monroe School","Ozone","Union",34.974038917,-80.54062183
"8715",2024-03-02,30,"Monroe School","Ozone","Union",34.974038917,-80.54062183
"8716",2024-03-03,31,"Monroe School","Ozone","Union",34.974038917,-80.54062183
"8717",2024-03-04,36,"Monroe School","Ozone","Union",34.974038917,-80.54062183
"8718",2024-03-05,39,"Monroe School","Ozone","Union",34.974038917,-80.54062183
"8719",2024-03-06,26,"Monroe School","Ozone","Union",34.974038917,-80.54062183
"8720",2024-03-07,38,"Monroe School","Ozone","Union",34.974038917,-80.54062183
"8721",2024-03-08,31,"Monroe School","Ozone","Union",34.974038917,-80.54062183
"8722",2024-03-09,23,"Monroe School","Ozone","Union",34.974038917,-80.54062183
"8723",2024-03-10,42,"Monroe School","Ozone","Union",34.974038917,-80.54062183
"8724",2024-03-11,44,"Monroe School","Ozone","Union",34.974038917,-80.54062183
"8725",2024-03-12,48,"Monroe School","Ozone","Union",34.974038917,-80.54062183
"8726",2024-03-13,54,"Monroe School","Ozone","Union",34.974038917,-80.54062183
"8727",2024-03-14,71,"Monroe School","Ozone","Union",34.974038917,-80.54062183
"8728",2024-03-15,40,"Monroe School","Ozone","Union",34.974038917,-80.54062183
"8729",2024-03-16,38,"Monroe School","Ozone","Union",34.974038917,-80.54062183
"8730",2024-03-17,38,"Monroe School","Ozone","Union",34.974038917,-80.54062183
"8731",2024-03-18,44,"Monroe School","Ozone","Union",34.974038917,-80.54062183
"8732",2024-03-19,40,"Monroe School","Ozone","Union",34.974038917,-80.54062183
"8733",2024-03-20,54,"Monroe School","Ozone","Union",34.974038917,-80.54062183
"8734",2024-03-21,47,"Monroe School","Ozone","Union",34.974038917,-80.54062183
"8735",2024-03-22,31,"Monroe School","Ozone","Union",34.974038917,-80.54062183
"8736",2024-03-23,41,"Monroe School","Ozone","Union",34.974038917,-80.54062183
"8737",2024-03-24,44,"Monroe School","Ozone","Union",34.974038917,-80.54062183
"8738",2024-03-25,44,"Monroe School","Ozone","Union",34.974038917,-80.54062183
"8739",2024-03-26,38,"Monroe School","Ozone","Union",34.974038917,-80.54062183
"8740",2024-03-27,23,"Monroe School","Ozone","Union",34.974038917,-80.54062183
"8741",2024-03-28,43,"Monroe School","Ozone","Union",34.974038917,-80.54062183
"8742",2024-03-29,49,"Monroe School","Ozone","Union",34.974038917,-80.54062183
"8743",2024-03-30,54,"Monroe School","Ozone","Union",34.974038917,-80.54062183
"8744",2024-03-31,50,"Monroe School","Ozone","Union",34.974038917,-80.54062183
"8745",2024-04-01,42,"Monroe School","Ozone","Union",34.974038917,-80.54062183
"8746",2024-04-02,40,"Monroe School","Ozone","Union",34.974038917,-80.54062183
"8747",2024-04-03,44,"Monroe School","Ozone","Union",34.974038917,-80.54062183
"8748",2024-04-04,41,"Monroe School","Ozone","Union",34.974038917,-80.54062183
"8749",2024-04-05,41,"Monroe School","Ozone","Union",34.974038917,-80.54062183
"8750",2024-04-06,44,"Monroe School","Ozone","Union",34.974038917,-80.54062183
"8751",2024-04-07,45,"Monroe School","Ozone","Union",34.974038917,-80.54062183
"8752",2024-04-08,49,"Monroe School","Ozone","Union",34.974038917,-80.54062183
"8753",2024-04-09,36,"Monroe School","Ozone","Union",34.974038917,-80.54062183
"8754",2024-04-10,41,"Monroe School","Ozone","Union",34.974038917,-80.54062183
"8755",2024-04-11,38,"Monroe School","Ozone","Union",34.974038917,-80.54062183
"8756",2024-04-12,46,"Monroe School","Ozone","Union",34.974038917,-80.54062183
"8757",2024-04-13,48,"Monroe School","Ozone","Union",34.974038917,-80.54062183
"8758",2024-04-14,58,"Monroe School","Ozone","Union",34.974038917,-80.54062183
"8759",2024-04-15,51,"Monroe School","Ozone","Union",34.974038917,-80.54062183
"8760",2024-04-16,64,"Monroe School","Ozone","Union",34.974038917,-80.54062183
"8761",2024-04-17,47,"Monroe School","Ozone","Union",34.974038917,-80.54062183
"8762",2024-04-18,64,"Monroe School","Ozone","Union",34.974038917,-80.54062183
"8763",2024-04-19,48,"Monroe School","Ozone","Union",34.974038917,-80.54062183
"8764",2024-04-20,43,"Monroe School","Ozone","Union",34.974038917,-80.54062183
"8765",2024-04-21,33,"Monroe School","Ozone","Union",34.974038917,-80.54062183
"8766",2024-04-22,39,"Monroe School","Ozone","Union",34.974038917,-80.54062183
"8767",2024-04-23,44,"Monroe School","Ozone","Union",34.974038917,-80.54062183
"8768",2024-04-24,48,"Monroe School","Ozone","Union",34.974038917,-80.54062183
"8769",2024-04-25,71,"Monroe School","Ozone","Union",34.974038917,-80.54062183
"8770",2024-04-26,35,"Monroe School","Ozone","Union",34.974038917,-80.54062183
"8771",2024-04-27,43,"Monroe School","Ozone","Union",34.974038917,-80.54062183
"8772",2024-04-28,42,"Monroe School","Ozone","Union",34.974038917,-80.54062183
"8773",2024-04-29,43,"Monroe School","Ozone","Union",34.974038917,-80.54062183
"8774",2024-04-30,36,"Monroe School","Ozone","Union",34.974038917,-80.54062183
"8775",2024-05-01,51,"Monroe School","Ozone","Union",34.974038917,-80.54062183
"8776",2024-05-02,61,"Monroe School","Ozone","Union",34.974038917,-80.54062183
"8777",2024-05-03,45,"Monroe School","Ozone","Union",34.974038917,-80.54062183
"8778",2024-05-04,27,"Monroe School","Ozone","Union",34.974038917,-80.54062183
"8779",2024-05-05,36,"Monroe School","Ozone","Union",34.974038917,-80.54062183
"8780",2024-05-06,31,"Monroe School","Ozone","Union",34.974038917,-80.54062183
"8781",2024-05-07,32,"Monroe School","Ozone","Union",34.974038917,-80.54062183
"8782",2024-05-08,33,"Monroe School","Ozone","Union",34.974038917,-80.54062183
"8783",2024-05-09,38,"Monroe School","Ozone","Union",34.974038917,-80.54062183
"8784",2024-05-10,40,"Monroe School","Ozone","Union",34.974038917,-80.54062183
"8785",2024-05-11,44,"Monroe School","Ozone","Union",34.974038917,-80.54062183
"8786",2024-05-12,49,"Monroe School","Ozone","Union",34.974038917,-80.54062183
"8787",2024-05-13,43,"Monroe School","Ozone","Union",34.974038917,-80.54062183
"8788",2024-05-14,29,"Monroe School","Ozone","Union",34.974038917,-80.54062183
"8789",2024-05-15,40,"Monroe School","Ozone","Union",34.974038917,-80.54062183
"8790",2024-05-16,47,"Monroe School","Ozone","Union",34.974038917,-80.54062183
"8791",2024-05-17,37,"Monroe School","Ozone","Union",34.974038917,-80.54062183
"8792",2024-05-18,33,"Monroe School","Ozone","Union",34.974038917,-80.54062183
"8793",2024-05-19,31,"Monroe School","Ozone","Union",34.974038917,-80.54062183
"8794",2024-05-20,43,"Monroe School","Ozone","Union",34.974038917,-80.54062183
"8795",2024-05-21,45,"Monroe School","Ozone","Union",34.974038917,-80.54062183
"8796",2024-05-22,44,"Monroe School","Ozone","Union",34.974038917,-80.54062183
"8797",2024-05-23,44,"Monroe School","Ozone","Union",34.974038917,-80.54062183
"8798",2024-05-24,64,"Monroe School","Ozone","Union",34.974038917,-80.54062183
"8799",2024-05-25,44,"Monroe School","Ozone","Union",34.974038917,-80.54062183
"8800",2024-05-26,44,"Monroe School","Ozone","Union",34.974038917,-80.54062183
"8801",2024-05-27,44,"Monroe School","Ozone","Union",34.974038917,-80.54062183
"8802",2024-05-28,64,"Monroe School","Ozone","Union",34.974038917,-80.54062183
"8803",2024-05-29,71,"Monroe School","Ozone","Union",34.974038917,-80.54062183
"8804",2024-05-30,48,"Monroe School","Ozone","Union",34.974038917,-80.54062183
"8805",2024-05-31,51,"Monroe School","Ozone","Union",34.974038917,-80.54062183
"8806",2024-06-01,54,"Monroe School","Ozone","Union",34.974038917,-80.54062183
"8807",2024-06-02,38,"Monroe School","Ozone","Union",34.974038917,-80.54062183
"8808",2024-06-03,39,"Monroe School","Ozone","Union",34.974038917,-80.54062183
"8809",2024-06-04,38,"Monroe School","Ozone","Union",34.974038917,-80.54062183
"8810",2024-06-05,33,"Monroe School","Ozone","Union",34.974038917,-80.54062183
"8811",2024-06-06,34,"Monroe School","Ozone","Union",34.974038917,-80.54062183
"8812",2024-06-07,67,"Monroe School","Ozone","Union",34.974038917,-80.54062183
"8813",2024-06-08,84,"Monroe School","Ozone","Union",34.974038917,-80.54062183
"8814",2024-06-09,45,"Monroe School","Ozone","Union",34.974038917,-80.54062183
"8815",2024-06-10,80,"Monroe School","Ozone","Union",34.974038917,-80.54062183
"8816",2024-06-11,48,"Monroe School","Ozone","Union",34.974038917,-80.54062183
"8817",2024-06-12,61,"Monroe School","Ozone","Union",34.974038917,-80.54062183
"8818",2024-06-13,58,"Monroe School","Ozone","Union",34.974038917,-80.54062183
"8819",2024-06-14,74,"Monroe School","Ozone","Union",34.974038917,-80.54062183
"8820",2024-06-15,51,"Monroe School","Ozone","Union",34.974038917,-80.54062183
"8821",2024-06-16,47,"Monroe School","Ozone","Union",34.974038917,-80.54062183
"8822",2024-06-17,44,"Monroe School","Ozone","Union",34.974038917,-80.54062183
"8823",2024-06-18,44,"Monroe School","Ozone","Union",34.974038917,-80.54062183
"8824",2024-06-19,42,"Monroe School","Ozone","Union",34.974038917,-80.54062183
"8825",2024-06-20,40,"Monroe School","Ozone","Union",34.974038917,-80.54062183
"8826",2024-06-21,40,"Monroe School","Ozone","Union",34.974038917,-80.54062183
"8827",2024-06-22,28,"Monroe School","Ozone","Union",34.974038917,-80.54062183
"8828",2024-06-23,30,"Monroe School","Ozone","Union",34.974038917,-80.54062183
"8829",2024-06-24,97,"Monroe School","Ozone","Union",34.974038917,-80.54062183
"8830",2024-06-25,80,"Monroe School","Ozone","Union",34.974038917,-80.54062183
"8831",2024-06-26,64,"Monroe School","Ozone","Union",34.974038917,-80.54062183
"8832",2024-06-27,48,"Monroe School","Ozone","Union",34.974038917,-80.54062183
"8833",2024-06-28,58,"Monroe School","Ozone","Union",34.974038917,-80.54062183
"8834",2024-06-29,30,"Monroe School","Ozone","Union",34.974038917,-80.54062183
"8835",2024-06-30,32,"Monroe School","Ozone","Union",34.974038917,-80.54062183
"8836",2024-07-01,46,"Monroe School","Ozone","Union",34.974038917,-80.54062183
"8837",2024-07-02,50,"Monroe School","Ozone","Union",34.974038917,-80.54062183
"8838",2024-07-03,50,"Monroe School","Ozone","Union",34.974038917,-80.54062183
"8839",2024-07-04,37,"Monroe School","Ozone","Union",34.974038917,-80.54062183
"8840",2024-07-05,35,"Monroe School","Ozone","Union",34.974038917,-80.54062183
"8841",2024-07-06,35,"Monroe School","Ozone","Union",34.974038917,-80.54062183
"8842",2024-07-07,41,"Monroe School","Ozone","Union",34.974038917,-80.54062183
"8843",2024-07-08,44,"Monroe School","Ozone","Union",34.974038917,-80.54062183
"8844",2024-07-09,44,"Monroe School","Ozone","Union",34.974038917,-80.54062183
"8845",2024-07-10,36,"Monroe School","Ozone","Union",34.974038917,-80.54062183
"8846",2024-07-11,71,"Monroe School","Ozone","Union",34.974038917,-80.54062183
"8847",2024-07-12,31,"Monroe School","Ozone","Union",34.974038917,-80.54062183
"8848",2024-07-13,47,"Monroe School","Ozone","Union",34.974038917,-80.54062183
"8849",2024-07-14,47,"Monroe School","Ozone","Union",34.974038917,-80.54062183
"8850",2024-07-15,47,"Monroe School","Ozone","Union",34.974038917,-80.54062183
"8851",2024-07-16,40,"Monroe School","Ozone","Union",34.974038917,-80.54062183
"8852",2024-07-17,40,"Monroe School","Ozone","Union",34.974038917,-80.54062183
"8853",2024-07-18,43,"Monroe School","Ozone","Union",34.974038917,-80.54062183
"8854",2024-07-19,35,"Monroe School","Ozone","Union",34.974038917,-80.54062183
"8855",2024-07-20,31,"Monroe School","Ozone","Union",34.974038917,-80.54062183
"8856",2024-07-21,24,"Monroe School","Ozone","Union",34.974038917,-80.54062183
"8857",2024-07-22,31,"Monroe School","Ozone","Union",34.974038917,-80.54062183
"8858",2024-07-23,31,"Monroe School","Ozone","Union",34.974038917,-80.54062183
"8859",2024-07-24,31,"Monroe School","Ozone","Union",34.974038917,-80.54062183
"8860",2024-07-25,27,"Monroe School","Ozone","Union",34.974038917,-80.54062183
"8861",2024-07-26,31,"Monroe School","Ozone","Union",34.974038917,-80.54062183
"8862",2024-07-27,43,"Monroe School","Ozone","Union",34.974038917,-80.54062183
"8863",2024-07-28,44,"Monroe School","Ozone","Union",34.974038917,-80.54062183
"8864",2024-07-29,27,"Monroe School","Ozone","Union",34.974038917,-80.54062183
"8865",2024-07-30,36,"Monroe School","Ozone","Union",34.974038917,-80.54062183
"8866",2024-07-31,77,"Monroe School","Ozone","Union",34.974038917,-80.54062183
"8867",2024-08-01,84,"Monroe School","Ozone","Union",34.974038917,-80.54062183
"8868",2024-08-02,29,"Monroe School","Ozone","Union",34.974038917,-80.54062183
"8869",2024-08-03,30,"Monroe School","Ozone","Union",34.974038917,-80.54062183
"8870",2024-08-04,36,"Monroe School","Ozone","Union",34.974038917,-80.54062183
"8871",2024-08-05,20,"Monroe School","Ozone","Union",34.974038917,-80.54062183
"8872",2024-08-06,15,"Monroe School","Ozone","Union",34.974038917,-80.54062183
"8873",2024-08-07,31,"Monroe School","Ozone","Union",34.974038917,-80.54062183
"8874",2024-08-08,25,"Monroe School","Ozone","Union",34.974038917,-80.54062183
"8875",2024-08-09,31,"Monroe School","Ozone","Union",34.974038917,-80.54062183
"8876",2024-08-10,39,"Monroe School","Ozone","Union",34.974038917,-80.54062183
"8877",2024-08-11,35,"Monroe School","Ozone","Union",34.974038917,-80.54062183
"8878",2024-08-12,33,"Monroe School","Ozone","Union",34.974038917,-80.54062183
"8879",2024-08-13,29,"Monroe School","Ozone","Union",34.974038917,-80.54062183
"8880",2024-08-14,43,"Monroe School","Ozone","Union",34.974038917,-80.54062183
"8881",2024-08-15,43,"Monroe School","Ozone","Union",34.974038917,-80.54062183
"8882",2024-08-16,42,"Monroe School","Ozone","Union",34.974038917,-80.54062183
"8883",2024-08-17,36,"Monroe School","Ozone","Union",34.974038917,-80.54062183
"8884",2024-08-18,39,"Monroe School","Ozone","Union",34.974038917,-80.54062183
"8885",2024-08-19,48,"Monroe School","Ozone","Union",34.974038917,-80.54062183
"8886",2024-08-20,43,"Monroe School","Ozone","Union",34.974038917,-80.54062183
"8887",2024-08-21,40,"Monroe School","Ozone","Union",34.974038917,-80.54062183
"8888",2024-08-22,42,"Monroe School","Ozone","Union",34.974038917,-80.54062183
"8889",2024-08-23,45,"Monroe School","Ozone","Union",34.974038917,-80.54062183
"8890",2024-08-24,48,"Monroe School","Ozone","Union",34.974038917,-80.54062183
"8891",2024-08-25,47,"Monroe School","Ozone","Union",34.974038917,-80.54062183
"8892",2024-08-26,47,"Monroe School","Ozone","Union",34.974038917,-80.54062183
"8893",2024-08-27,64,"Monroe School","Ozone","Union",34.974038917,-80.54062183
"8894",2024-08-28,45,"Monroe School","Ozone","Union",34.974038917,-80.54062183
"8895",2024-08-29,44,"Monroe School","Ozone","Union",34.974038917,-80.54062183
"8896",2024-08-30,34,"Monroe School","Ozone","Union",34.974038917,-80.54062183
"8897",2024-08-31,43,"Monroe School","Ozone","Union",34.974038917,-80.54062183
"8898",2024-09-01,28,"Monroe School","Ozone","Union",34.974038917,-80.54062183
"8899",2024-09-02,33,"Monroe School","Ozone","Union",34.974038917,-80.54062183
"8900",2024-09-03,36,"Monroe School","Ozone","Union",34.974038917,-80.54062183
"8901",2024-09-04,31,"Monroe School","Ozone","Union",34.974038917,-80.54062183
"8902",2024-09-05,36,"Monroe School","Ozone","Union",34.974038917,-80.54062183
"8903",2024-09-06,35,"Monroe School","Ozone","Union",34.974038917,-80.54062183
"8904",2024-09-07,45,"Monroe School","Ozone","Union",34.974038917,-80.54062183
"8905",2024-09-08,32,"Monroe School","Ozone","Union",34.974038917,-80.54062183
"8906",2024-09-09,38,"Monroe School","Ozone","Union",34.974038917,-80.54062183
"8907",2024-09-10,44,"Monroe School","Ozone","Union",34.974038917,-80.54062183
"8908",2024-09-11,41,"Monroe School","Ozone","Union",34.974038917,-80.54062183
"8909",2024-09-12,44,"Monroe School","Ozone","Union",34.974038917,-80.54062183
"8910",2024-09-13,31,"Monroe School","Ozone","Union",34.974038917,-80.54062183
"8911",2024-09-14,32,"Monroe School","Ozone","Union",34.974038917,-80.54062183
"8912",2024-09-15,29,"Monroe School","Ozone","Union",34.974038917,-80.54062183
"8913",2024-09-16,27,"Monroe School","Ozone","Union",34.974038917,-80.54062183
"8914",2024-09-17,24,"Monroe School","Ozone","Union",34.974038917,-80.54062183
"8915",2024-09-18,32,"Monroe School","Ozone","Union",34.974038917,-80.54062183
"8916",2024-09-19,30,"Monroe School","Ozone","Union",34.974038917,-80.54062183
"8917",2024-09-20,37,"Monroe School","Ozone","Union",34.974038917,-80.54062183
"8918",2024-09-21,36,"Monroe School","Ozone","Union",34.974038917,-80.54062183
"8919",2024-09-22,48,"Monroe School","Ozone","Union",34.974038917,-80.54062183
"8920",2024-09-23,24,"Monroe School","Ozone","Union",34.974038917,-80.54062183
"8921",2024-09-24,34,"Monroe School","Ozone","Union",34.974038917,-80.54062183
"8922",2024-09-25,38,"Monroe School","Ozone","Union",34.974038917,-80.54062183
"8923",2024-09-26,26,"Monroe School","Ozone","Union",34.974038917,-80.54062183
"8924",2024-09-27,28,"Monroe School","Ozone","Union",34.974038917,-80.54062183
"8925",2024-09-28,39,"Monroe School","Ozone","Union",34.974038917,-80.54062183
"8926",2024-09-29,34,"Monroe School","Ozone","Union",34.974038917,-80.54062183
"8927",2024-09-30,34,"Monroe School","Ozone","Union",34.974038917,-80.54062183
"8928",2024-10-01,29,"Monroe School","Ozone","Union",34.974038917,-80.54062183
"8929",2024-10-02,34,"Monroe School","Ozone","Union",34.974038917,-80.54062183
"8930",2024-10-03,34,"Monroe School","Ozone","Union",34.974038917,-80.54062183
"8931",2024-10-04,31,"Monroe School","Ozone","Union",34.974038917,-80.54062183
"8932",2024-10-05,43,"Monroe School","Ozone","Union",34.974038917,-80.54062183
"8933",2024-10-06,30,"Monroe School","Ozone","Union",34.974038917,-80.54062183
"8934",2024-10-07,64,"Monroe School","Ozone","Union",34.974038917,-80.54062183
"8935",2024-10-08,38,"Monroe School","Ozone","Union",34.974038917,-80.54062183
"8936",2024-10-09,42,"Monroe School","Ozone","Union",34.974038917,-80.54062183
"8937",2024-10-10,41,"Monroe School","Ozone","Union",34.974038917,-80.54062183
"8938",2024-10-11,33,"Monroe School","Ozone","Union",34.974038917,-80.54062183
"8939",2024-10-12,44,"Monroe School","Ozone","Union",34.974038917,-80.54062183
"8940",2024-10-13,44,"Monroe School","Ozone","Union",34.974038917,-80.54062183
"8941",2024-10-14,46,"Monroe School","Ozone","Union",34.974038917,-80.54062183
"8942",2024-10-15,34,"Monroe School","Ozone","Union",34.974038917,-80.54062183
"8943",2024-10-16,28,"Monroe School","Ozone","Union",34.974038917,-80.54062183
"8944",2024-10-17,34,"Monroe School","Ozone","Union",34.974038917,-80.54062183
"8945",2024-10-18,42,"Monroe School","Ozone","Union",34.974038917,-80.54062183
"8946",2024-10-19,41,"Monroe School","Ozone","Union",34.974038917,-80.54062183
"8947",2024-10-20,44,"Monroe School","Ozone","Union",34.974038917,-80.54062183
"8948",2024-10-21,43,"Monroe School","Ozone","Union",34.974038917,-80.54062183
"8949",2024-10-22,44,"Monroe School","Ozone","Union",34.974038917,-80.54062183
"8950",2024-10-23,45,"Monroe School","Ozone","Union",34.974038917,-80.54062183
"8951",2024-10-24,50,"Monroe School","Ozone","Union",34.974038917,-80.54062183
"8952",2024-10-25,46,"Monroe School","Ozone","Union",34.974038917,-80.54062183
"8953",2024-10-26,54,"Monroe School","Ozone","Union",34.974038917,-80.54062183
"8954",2024-10-27,32,"Monroe School","Ozone","Union",34.974038917,-80.54062183
"8955",2024-10-28,38,"Monroe School","Ozone","Union",34.974038917,-80.54062183
"8956",2024-10-29,33,"Monroe School","Ozone","Union",34.974038917,-80.54062183
"8957",2024-10-30,33,"Monroe School","Ozone","Union",34.974038917,-80.54062183
"8958",2024-10-31,38,"Monroe School","Ozone","Union",34.974038917,-80.54062183
"8959",2024-01-01,25,"Millbrook School","Ozone","Wake",35.856111,-78.574167
"8960",2024-01-02,23,"Millbrook School","Ozone","Wake",35.856111,-78.574167
"8961",2024-01-03,21,"Millbrook School","Ozone","Wake",35.856111,-78.574167
"8962",2024-01-04,28,"Millbrook School","Ozone","Wake",35.856111,-78.574167
"8963",2024-01-05,30,"Millbrook School","Ozone","Wake",35.856111,-78.574167
"8964",2024-01-06,24,"Millbrook School","Ozone","Wake",35.856111,-78.574167
"8965",2024-01-07,30,"Millbrook School","Ozone","Wake",35.856111,-78.574167
"8966",2024-01-08,30,"Millbrook School","Ozone","Wake",35.856111,-78.574167
"8967",2024-01-10,21,"Millbrook School","Ozone","Wake",35.856111,-78.574167
"8968",2024-01-11,23,"Millbrook School","Ozone","Wake",35.856111,-78.574167
"8969",2024-01-12,34,"Millbrook School","Ozone","Wake",35.856111,-78.574167
"8970",2024-01-13,32,"Millbrook School","Ozone","Wake",35.856111,-78.574167
"8971",2024-01-14,33,"Millbrook School","Ozone","Wake",35.856111,-78.574167
"8972",2024-01-15,23,"Millbrook School","Ozone","Wake",35.856111,-78.574167
"8973",2024-01-16,29,"Millbrook School","Ozone","Wake",35.856111,-78.574167
"8974",2024-01-17,31,"Millbrook School","Ozone","Wake",35.856111,-78.574167
"8975",2024-01-18,32,"Millbrook School","Ozone","Wake",35.856111,-78.574167
"8976",2024-01-19,33,"Millbrook School","Ozone","Wake",35.856111,-78.574167
"8977",2024-01-20,31,"Millbrook School","Ozone","Wake",35.856111,-78.574167
"8978",2024-01-21,33,"Millbrook School","Ozone","Wake",35.856111,-78.574167
"8979",2024-01-22,32,"Millbrook School","Ozone","Wake",35.856111,-78.574167
"8980",2024-01-23,10,"Millbrook School","Ozone","Wake",35.856111,-78.574167
"8981",2024-01-24,32,"Millbrook School","Ozone","Wake",35.856111,-78.574167
"8982",2024-01-25,23,"Millbrook School","Ozone","Wake",35.856111,-78.574167
"8983",2024-01-26,22,"Millbrook School","Ozone","Wake",35.856111,-78.574167
"8984",2024-01-27,26,"Millbrook School","Ozone","Wake",35.856111,-78.574167
"8985",2024-01-28,24,"Millbrook School","Ozone","Wake",35.856111,-78.574167
"8986",2024-01-29,31,"Millbrook School","Ozone","Wake",35.856111,-78.574167
"8987",2024-01-30,29,"Millbrook School","Ozone","Wake",35.856111,-78.574167
"8988",2024-01-31,24,"Millbrook School","Ozone","Wake",35.856111,-78.574167
"8989",2024-02-01,25,"Millbrook School","Ozone","Wake",35.856111,-78.574167
"8990",2024-02-02,35,"Millbrook School","Ozone","Wake",35.856111,-78.574167
"8991",2024-02-03,26,"Millbrook School","Ozone","Wake",35.856111,-78.574167
"8992",2024-02-04,32,"Millbrook School","Ozone","Wake",35.856111,-78.574167
"8993",2024-02-05,39,"Millbrook School","Ozone","Wake",35.856111,-78.574167
"8994",2024-02-06,36,"Millbrook School","Ozone","Wake",35.856111,-78.574167
"8995",2024-02-07,35,"Millbrook School","Ozone","Wake",35.856111,-78.574167
"8996",2024-02-08,29,"Millbrook School","Ozone","Wake",35.856111,-78.574167
"8997",2024-02-09,27,"Millbrook School","Ozone","Wake",35.856111,-78.574167
"8998",2024-02-10,35,"Millbrook School","Ozone","Wake",35.856111,-78.574167
"8999",2024-02-11,22,"Millbrook School","Ozone","Wake",35.856111,-78.574167
"9000",2024-02-12,31,"Millbrook School","Ozone","Wake",35.856111,-78.574167
"9001",2024-02-13,36,"Millbrook School","Ozone","Wake",35.856111,-78.574167
"9002",2024-02-14,39,"Millbrook School","Ozone","Wake",35.856111,-78.574167
"9003",2024-02-15,41,"Millbrook School","Ozone","Wake",35.856111,-78.574167
"9004",2024-02-16,36,"Millbrook School","Ozone","Wake",35.856111,-78.574167
"9005",2024-02-17,37,"Millbrook School","Ozone","Wake",35.856111,-78.574167
"9006",2024-02-18,34,"Millbrook School","Ozone","Wake",35.856111,-78.574167
"9007",2024-02-19,41,"Millbrook School","Ozone","Wake",35.856111,-78.574167
"9008",2024-02-20,43,"Millbrook School","Ozone","Wake",35.856111,-78.574167
"9009",2024-02-21,43,"Millbrook School","Ozone","Wake",35.856111,-78.574167
"9010",2024-02-22,58,"Millbrook School","Ozone","Wake",35.856111,-78.574167
"9011",2024-02-23,29,"Millbrook School","Ozone","Wake",35.856111,-78.574167
"9012",2024-02-24,37,"Millbrook School","Ozone","Wake",35.856111,-78.574167
"9013",2024-02-25,35,"Millbrook School","Ozone","Wake",35.856111,-78.574167
"9014",2024-02-29,34,"Millbrook School","Ozone","Wake",35.856111,-78.574167
"9015",2024-03-01,33,"Millbrook School","Ozone","Wake",35.856111,-78.574167
"9016",2024-03-02,31,"Millbrook School","Ozone","Wake",35.856111,-78.574167
"9017",2024-03-03,31,"Millbrook School","Ozone","Wake",35.856111,-78.574167
"9018",2024-03-04,35,"Millbrook School","Ozone","Wake",35.856111,-78.574167
"9019",2024-03-05,29,"Millbrook School","Ozone","Wake",35.856111,-78.574167
"9020",2024-03-06,26,"Millbrook School","Ozone","Wake",35.856111,-78.574167
"9021",2024-03-07,37,"Millbrook School","Ozone","Wake",35.856111,-78.574167
"9022",2024-03-08,34,"Millbrook School","Ozone","Wake",35.856111,-78.574167
"9023",2024-03-09,28,"Millbrook School","Ozone","Wake",35.856111,-78.574167
"9024",2024-03-10,42,"Millbrook School","Ozone","Wake",35.856111,-78.574167
"9025",2024-03-11,43,"Millbrook School","Ozone","Wake",35.856111,-78.574167
"9026",2024-03-12,43,"Millbrook School","Ozone","Wake",35.856111,-78.574167
"9027",2024-03-13,50,"Millbrook School","Ozone","Wake",35.856111,-78.574167
"9028",2024-03-14,74,"Millbrook School","Ozone","Wake",35.856111,-78.574167
"9029",2024-03-15,44,"Millbrook School","Ozone","Wake",35.856111,-78.574167
"9030",2024-03-16,42,"Millbrook School","Ozone","Wake",35.856111,-78.574167
"9031",2024-03-17,43,"Millbrook School","Ozone","Wake",35.856111,-78.574167
"9032",2024-03-18,44,"Millbrook School","Ozone","Wake",35.856111,-78.574167
"9033",2024-03-19,37,"Millbrook School","Ozone","Wake",35.856111,-78.574167
"9034",2024-03-20,47,"Millbrook School","Ozone","Wake",35.856111,-78.574167
"9035",2024-03-21,44,"Millbrook School","Ozone","Wake",35.856111,-78.574167
"9036",2024-03-22,38,"Millbrook School","Ozone","Wake",35.856111,-78.574167
"9037",2024-03-23,37,"Millbrook School","Ozone","Wake",35.856111,-78.574167
"9038",2024-03-24,44,"Millbrook School","Ozone","Wake",35.856111,-78.574167
"9039",2024-03-25,44,"Millbrook School","Ozone","Wake",35.856111,-78.574167
"9040",2024-03-26,40,"Millbrook School","Ozone","Wake",35.856111,-78.574167
"9041",2024-03-27,18,"Millbrook School","Ozone","Wake",35.856111,-78.574167
"9042",2024-03-28,33,"Millbrook School","Ozone","Wake",35.856111,-78.574167
"9043",2024-03-29,50,"Millbrook School","Ozone","Wake",35.856111,-78.574167
"9044",2024-03-30,54,"Millbrook School","Ozone","Wake",35.856111,-78.574167
"9045",2024-03-31,51,"Millbrook School","Ozone","Wake",35.856111,-78.574167
"9046",2024-04-01,43,"Millbrook School","Ozone","Wake",35.856111,-78.574167
"9047",2024-04-02,44,"Millbrook School","Ozone","Wake",35.856111,-78.574167
"9048",2024-04-03,44,"Millbrook School","Ozone","Wake",35.856111,-78.574167
"9049",2024-04-04,40,"Millbrook School","Ozone","Wake",35.856111,-78.574167
"9050",2024-04-05,41,"Millbrook School","Ozone","Wake",35.856111,-78.574167
"9051",2024-04-06,41,"Millbrook School","Ozone","Wake",35.856111,-78.574167
"9052",2024-04-07,44,"Millbrook School","Ozone","Wake",35.856111,-78.574167
"9053",2024-04-08,47,"Millbrook School","Ozone","Wake",35.856111,-78.574167
"9054",2024-04-09,38,"Millbrook School","Ozone","Wake",35.856111,-78.574167
"9055",2024-04-10,37,"Millbrook School","Ozone","Wake",35.856111,-78.574167
"9056",2024-04-11,37,"Millbrook School","Ozone","Wake",35.856111,-78.574167
"9057",2024-04-12,49,"Millbrook School","Ozone","Wake",35.856111,-78.574167
"9058",2024-04-13,47,"Millbrook School","Ozone","Wake",35.856111,-78.574167
"9059",2024-04-14,51,"Millbrook School","Ozone","Wake",35.856111,-78.574167
"9060",2024-04-15,61,"Millbrook School","Ozone","Wake",35.856111,-78.574167
"9061",2024-04-16,47,"Millbrook School","Ozone","Wake",35.856111,-78.574167
"9062",2024-04-17,45,"Millbrook School","Ozone","Wake",35.856111,-78.574167
"9063",2024-04-18,46,"Millbrook School","Ozone","Wake",35.856111,-78.574167
"9064",2024-04-19,43,"Millbrook School","Ozone","Wake",35.856111,-78.574167
"9065",2024-04-20,37,"Millbrook School","Ozone","Wake",35.856111,-78.574167
"9066",2024-04-21,28,"Millbrook School","Ozone","Wake",35.856111,-78.574167
"9067",2024-04-22,39,"Millbrook School","Ozone","Wake",35.856111,-78.574167
"9068",2024-04-23,47,"Millbrook School","Ozone","Wake",35.856111,-78.574167
"9069",2024-04-24,36,"Millbrook School","Ozone","Wake",35.856111,-78.574167
"9070",2024-04-25,48,"Millbrook School","Ozone","Wake",35.856111,-78.574167
"9071",2024-04-26,44,"Millbrook School","Ozone","Wake",35.856111,-78.574167
"9072",2024-04-27,41,"Millbrook School","Ozone","Wake",35.856111,-78.574167
"9073",2024-04-28,42,"Millbrook School","Ozone","Wake",35.856111,-78.574167
"9074",2024-04-29,49,"Millbrook School","Ozone","Wake",35.856111,-78.574167
"9075",2024-04-30,42,"Millbrook School","Ozone","Wake",35.856111,-78.574167
"9076",2024-05-01,48,"Millbrook School","Ozone","Wake",35.856111,-78.574167
"9077",2024-05-02,61,"Millbrook School","Ozone","Wake",35.856111,-78.574167
"9078",2024-05-03,54,"Millbrook School","Ozone","Wake",35.856111,-78.574167
"9079",2024-05-04,23,"Millbrook School","Ozone","Wake",35.856111,-78.574167
"9080",2024-05-05,23,"Millbrook School","Ozone","Wake",35.856111,-78.574167
"9081",2024-05-06,31,"Millbrook School","Ozone","Wake",35.856111,-78.574167
"9082",2024-05-07,41,"Millbrook School","Ozone","Wake",35.856111,-78.574167
"9083",2024-05-08,38,"Millbrook School","Ozone","Wake",35.856111,-78.574167
"9084",2024-05-09,44,"Millbrook School","Ozone","Wake",35.856111,-78.574167
"9085",2024-05-10,47,"Millbrook School","Ozone","Wake",35.856111,-78.574167
"9086",2024-05-11,42,"Millbrook School","Ozone","Wake",35.856111,-78.574167
"9087",2024-05-12,45,"Millbrook School","Ozone","Wake",35.856111,-78.574167
"9088",2024-05-13,44,"Millbrook School","Ozone","Wake",35.856111,-78.574167
"9089",2024-05-14,34,"Millbrook School","Ozone","Wake",35.856111,-78.574167
"9090",2024-05-15,34,"Millbrook School","Ozone","Wake",35.856111,-78.574167
"9091",2024-05-16,40,"Millbrook School","Ozone","Wake",35.856111,-78.574167
"9092",2024-05-17,39,"Millbrook School","Ozone","Wake",35.856111,-78.574167
"9093",2024-05-18,31,"Millbrook School","Ozone","Wake",35.856111,-78.574167
"9094",2024-05-19,34,"Millbrook School","Ozone","Wake",35.856111,-78.574167
"9095",2024-05-20,38,"Millbrook School","Ozone","Wake",35.856111,-78.574167
"9096",2024-05-21,42,"Millbrook School","Ozone","Wake",35.856111,-78.574167
"9097",2024-05-22,50,"Millbrook School","Ozone","Wake",35.856111,-78.574167
"9098",2024-05-23,54,"Millbrook School","Ozone","Wake",35.856111,-78.574167
"9099",2024-05-24,41,"Millbrook School","Ozone","Wake",35.856111,-78.574167
"9100",2024-05-25,50,"Millbrook School","Ozone","Wake",35.856111,-78.574167
"9101",2024-05-26,48,"Millbrook School","Ozone","Wake",35.856111,-78.574167
"9102",2024-05-27,36,"Millbrook School","Ozone","Wake",35.856111,-78.574167
"9103",2024-05-28,46,"Millbrook School","Ozone","Wake",35.856111,-78.574167
"9104",2024-05-29,61,"Millbrook School","Ozone","Wake",35.856111,-78.574167
"9105",2024-05-30,42,"Millbrook School","Ozone","Wake",35.856111,-78.574167
"9106",2024-05-31,45,"Millbrook School","Ozone","Wake",35.856111,-78.574167
"9107",2024-06-01,51,"Millbrook School","Ozone","Wake",35.856111,-78.574167
"9108",2024-06-02,44,"Millbrook School","Ozone","Wake",35.856111,-78.574167
"9109",2024-06-03,35,"Millbrook School","Ozone","Wake",35.856111,-78.574167
"9110",2024-06-04,43,"Millbrook School","Ozone","Wake",35.856111,-78.574167
"9111",2024-06-05,38,"Millbrook School","Ozone","Wake",35.856111,-78.574167
"9112",2024-06-06,40,"Millbrook School","Ozone","Wake",35.856111,-78.574167
"9113",2024-06-07,74,"Millbrook School","Ozone","Wake",35.856111,-78.574167
"9114",2024-06-08,77,"Millbrook School","Ozone","Wake",35.856111,-78.574167
"9115",2024-06-09,49,"Millbrook School","Ozone","Wake",35.856111,-78.574167
"9116",2024-06-10,64,"Millbrook School","Ozone","Wake",35.856111,-78.574167
"9117",2024-06-11,44,"Millbrook School","Ozone","Wake",35.856111,-78.574167
"9118",2024-06-12,54,"Millbrook School","Ozone","Wake",35.856111,-78.574167
"9119",2024-06-13,58,"Millbrook School","Ozone","Wake",35.856111,-78.574167
"9120",2024-06-14,80,"Millbrook School","Ozone","Wake",35.856111,-78.574167
"9121",2024-06-15,71,"Millbrook School","Ozone","Wake",35.856111,-78.574167
"9122",2024-06-16,54,"Millbrook School","Ozone","Wake",35.856111,-78.574167
"9123",2024-06-17,54,"Millbrook School","Ozone","Wake",35.856111,-78.574167
"9124",2024-06-18,47,"Millbrook School","Ozone","Wake",35.856111,-78.574167
"9125",2024-06-19,43,"Millbrook School","Ozone","Wake",35.856111,-78.574167
"9126",2024-06-20,42,"Millbrook School","Ozone","Wake",35.856111,-78.574167
"9127",2024-06-21,46,"Millbrook School","Ozone","Wake",35.856111,-78.574167
"9128",2024-06-22,27,"Millbrook School","Ozone","Wake",35.856111,-78.574167
"9129",2024-06-23,30,"Millbrook School","Ozone","Wake",35.856111,-78.574167
"9130",2024-06-24,61,"Millbrook School","Ozone","Wake",35.856111,-78.574167
"9131",2024-06-25,80,"Millbrook School","Ozone","Wake",35.856111,-78.574167
"9132",2024-06-26,74,"Millbrook School","Ozone","Wake",35.856111,-78.574167
"9133",2024-06-27,45,"Millbrook School","Ozone","Wake",35.856111,-78.574167
"9134",2024-06-28,67,"Millbrook School","Ozone","Wake",35.856111,-78.574167
"9135",2024-06-29,45,"Millbrook School","Ozone","Wake",35.856111,-78.574167
"9136",2024-06-30,34,"Millbrook School","Ozone","Wake",35.856111,-78.574167
"9137",2024-07-01,37,"Millbrook School","Ozone","Wake",35.856111,-78.574167
"9138",2024-07-02,54,"Millbrook School","Ozone","Wake",35.856111,-78.574167
"9139",2024-07-03,71,"Millbrook School","Ozone","Wake",35.856111,-78.574167
"9140",2024-07-04,45,"Millbrook School","Ozone","Wake",35.856111,-78.574167
"9141",2024-07-05,41,"Millbrook School","Ozone","Wake",35.856111,-78.574167
"9142",2024-07-06,48,"Millbrook School","Ozone","Wake",35.856111,-78.574167
"9143",2024-07-07,28,"Millbrook School","Ozone","Wake",35.856111,-78.574167
"9144",2024-07-08,44,"Millbrook School","Ozone","Wake",35.856111,-78.574167
"9145",2024-07-09,42,"Millbrook School","Ozone","Wake",35.856111,-78.574167
"9146",2024-07-10,36,"Millbrook School","Ozone","Wake",35.856111,-78.574167
"9147",2024-07-11,44,"Millbrook School","Ozone","Wake",35.856111,-78.574167
"9148",2024-07-12,22,"Millbrook School","Ozone","Wake",35.856111,-78.574167
"9149",2024-07-13,36,"Millbrook School","Ozone","Wake",35.856111,-78.574167
"9150",2024-07-14,47,"Millbrook School","Ozone","Wake",35.856111,-78.574167
"9151",2024-07-15,93,"Millbrook School","Ozone","Wake",35.856111,-78.574167
"9152",2024-07-16,58,"Millbrook School","Ozone","Wake",35.856111,-78.574167
"9153",2024-07-19,35,"Millbrook School","Ozone","Wake",35.856111,-78.574167
"9154",2024-07-20,34,"Millbrook School","Ozone","Wake",35.856111,-78.574167
"9155",2024-07-21,40,"Millbrook School","Ozone","Wake",35.856111,-78.574167
"9156",2024-07-22,31,"Millbrook School","Ozone","Wake",35.856111,-78.574167
"9157",2024-07-23,32,"Millbrook School","Ozone","Wake",35.856111,-78.574167
"9158",2024-07-24,31,"Millbrook School","Ozone","Wake",35.856111,-78.574167
"9159",2024-07-25,24,"Millbrook School","Ozone","Wake",35.856111,-78.574167
"9160",2024-07-26,30,"Millbrook School","Ozone","Wake",35.856111,-78.574167
"9161",2024-07-27,40,"Millbrook School","Ozone","Wake",35.856111,-78.574167
"9162",2024-07-28,49,"Millbrook School","Ozone","Wake",35.856111,-78.574167
"9163",2024-07-29,29,"Millbrook School","Ozone","Wake",35.856111,-78.574167
"9164",2024-07-30,37,"Millbrook School","Ozone","Wake",35.856111,-78.574167
"9165",2024-07-31,50,"Millbrook School","Ozone","Wake",35.856111,-78.574167
"9166",2024-08-01,54,"Millbrook School","Ozone","Wake",35.856111,-78.574167
"9167",2024-08-02,39,"Millbrook School","Ozone","Wake",35.856111,-78.574167
"9168",2024-08-03,31,"Millbrook School","Ozone","Wake",35.856111,-78.574167
"9169",2024-08-04,31,"Millbrook School","Ozone","Wake",35.856111,-78.574167
"9170",2024-08-05,30,"Millbrook School","Ozone","Wake",35.856111,-78.574167
"9171",2024-08-06,15,"Millbrook School","Ozone","Wake",35.856111,-78.574167
"9172",2024-08-07,25,"Millbrook School","Ozone","Wake",35.856111,-78.574167
"9173",2024-08-08,27,"Millbrook School","Ozone","Wake",35.856111,-78.574167
"9174",2024-08-09,27,"Millbrook School","Ozone","Wake",35.856111,-78.574167
"9175",2024-08-10,40,"Millbrook School","Ozone","Wake",35.856111,-78.574167
"9176",2024-08-11,33,"Millbrook School","Ozone","Wake",35.856111,-78.574167
"9177",2024-08-12,33,"Millbrook School","Ozone","Wake",35.856111,-78.574167
"9178",2024-08-13,37,"Millbrook School","Ozone","Wake",35.856111,-78.574167
"9179",2024-08-14,43,"Millbrook School","Ozone","Wake",35.856111,-78.574167
"9180",2024-08-15,40,"Millbrook School","Ozone","Wake",35.856111,-78.574167
"9181",2024-08-16,61,"Millbrook School","Ozone","Wake",35.856111,-78.574167
"9182",2024-08-17,42,"Millbrook School","Ozone","Wake",35.856111,-78.574167
"9183",2024-08-18,41,"Millbrook School","Ozone","Wake",35.856111,-78.574167
"9184",2024-08-19,41,"Millbrook School","Ozone","Wake",35.856111,-78.574167
"9185",2024-08-20,31,"Millbrook School","Ozone","Wake",35.856111,-78.574167
"9186",2024-08-21,38,"Millbrook School","Ozone","Wake",35.856111,-78.574167
"9187",2024-08-22,41,"Millbrook School","Ozone","Wake",35.856111,-78.574167
"9188",2024-08-23,42,"Millbrook School","Ozone","Wake",35.856111,-78.574167
"9189",2024-08-24,43,"Millbrook School","Ozone","Wake",35.856111,-78.574167
"9190",2024-08-25,45,"Millbrook School","Ozone","Wake",35.856111,-78.574167
"9191",2024-08-26,61,"Millbrook School","Ozone","Wake",35.856111,-78.574167
"9192",2024-08-27,112,"Millbrook School","Ozone","Wake",35.856111,-78.574167
"9193",2024-08-28,97,"Millbrook School","Ozone","Wake",35.856111,-78.574167
"9194",2024-08-29,51,"Millbrook School","Ozone","Wake",35.856111,-78.574167
"9195",2024-08-30,43,"Millbrook School","Ozone","Wake",35.856111,-78.574167
"9196",2024-08-31,49,"Millbrook School","Ozone","Wake",35.856111,-78.574167
"9197",2024-09-01,32,"Millbrook School","Ozone","Wake",35.856111,-78.574167
"9198",2024-09-02,30,"Millbrook School","Ozone","Wake",35.856111,-78.574167
"9199",2024-09-03,34,"Millbrook School","Ozone","Wake",35.856111,-78.574167
"9200",2024-09-04,31,"Millbrook School","Ozone","Wake",35.856111,-78.574167
"9201",2024-09-05,33,"Millbrook School","Ozone","Wake",35.856111,-78.574167
"9202",2024-09-06,38,"Millbrook School","Ozone","Wake",35.856111,-78.574167
"9203",2024-09-07,38,"Millbrook School","Ozone","Wake",35.856111,-78.574167
"9204",2024-09-08,33,"Millbrook School","Ozone","Wake",35.856111,-78.574167
"9205",2024-09-09,35,"Millbrook School","Ozone","Wake",35.856111,-78.574167
"9206",2024-09-10,54,"Millbrook School","Ozone","Wake",35.856111,-78.574167
"9207",2024-09-11,46,"Millbrook School","Ozone","Wake",35.856111,-78.574167
"9208",2024-09-12,42,"Millbrook School","Ozone","Wake",35.856111,-78.574167
"9209",2024-09-13,24,"Millbrook School","Ozone","Wake",35.856111,-78.574167
"9210",2024-09-14,31,"Millbrook School","Ozone","Wake",35.856111,-78.574167
"9211",2024-09-15,29,"Millbrook School","Ozone","Wake",35.856111,-78.574167
"9212",2024-09-16,28,"Millbrook School","Ozone","Wake",35.856111,-78.574167
"9213",2024-09-17,21,"Millbrook School","Ozone","Wake",35.856111,-78.574167
"9214",2024-09-18,36,"Millbrook School","Ozone","Wake",35.856111,-78.574167
"9215",2024-09-19,21,"Millbrook School","Ozone","Wake",35.856111,-78.574167
"9216",2024-09-20,40,"Millbrook School","Ozone","Wake",35.856111,-78.574167
"9217",2024-09-21,42,"Millbrook School","Ozone","Wake",35.856111,-78.574167
"9218",2024-09-22,30,"Millbrook School","Ozone","Wake",35.856111,-78.574167
"9219",2024-09-23,35,"Millbrook School","Ozone","Wake",35.856111,-78.574167
"9220",2024-09-24,24,"Millbrook School","Ozone","Wake",35.856111,-78.574167
"9221",2024-09-25,32,"Millbrook School","Ozone","Wake",35.856111,-78.574167
"9222",2024-09-26,20,"Millbrook School","Ozone","Wake",35.856111,-78.574167
"9223",2024-09-27,22,"Millbrook School","Ozone","Wake",35.856111,-78.574167
"9224",2024-09-28,40,"Millbrook School","Ozone","Wake",35.856111,-78.574167
"9225",2024-09-29,34,"Millbrook School","Ozone","Wake",35.856111,-78.574167
"9226",2024-09-30,27,"Millbrook School","Ozone","Wake",35.856111,-78.574167
"9227",2024-10-01,20,"Millbrook School","Ozone","Wake",35.856111,-78.574167
"9228",2024-10-02,23,"Millbrook School","Ozone","Wake",35.856111,-78.574167
"9229",2024-10-03,27,"Millbrook School","Ozone","Wake",35.856111,-78.574167
"9230",2024-10-04,35,"Millbrook School","Ozone","Wake",35.856111,-78.574167
"9231",2024-10-05,30,"Millbrook School","Ozone","Wake",35.856111,-78.574167
"9232",2024-10-06,44,"Millbrook School","Ozone","Wake",35.856111,-78.574167
"9233",2024-10-07,43,"Millbrook School","Ozone","Wake",35.856111,-78.574167
"9234",2024-10-08,33,"Millbrook School","Ozone","Wake",35.856111,-78.574167
"9235",2024-10-09,38,"Millbrook School","Ozone","Wake",35.856111,-78.574167
"9236",2024-10-10,33,"Millbrook School","Ozone","Wake",35.856111,-78.574167
"9237",2024-10-11,28,"Millbrook School","Ozone","Wake",35.856111,-78.574167
"9238",2024-10-12,41,"Millbrook School","Ozone","Wake",35.856111,-78.574167
"9239",2024-10-13,45,"Millbrook School","Ozone","Wake",35.856111,-78.574167
"9240",2024-10-14,43,"Millbrook School","Ozone","Wake",35.856111,-78.574167
"9241",2024-10-15,31,"Millbrook School","Ozone","Wake",35.856111,-78.574167
"9242",2024-10-16,26,"Millbrook School","Ozone","Wake",35.856111,-78.574167
"9243",2024-10-17,31,"Millbrook School","Ozone","Wake",35.856111,-78.574167
"9244",2024-10-18,34,"Millbrook School","Ozone","Wake",35.856111,-78.574167
"9245",2024-10-19,39,"Millbrook School","Ozone","Wake",35.856111,-78.574167
"9246",2024-10-20,39,"Millbrook School","Ozone","Wake",35.856111,-78.574167
"9247",2024-10-21,42,"Millbrook School","Ozone","Wake",35.856111,-78.574167
"9248",2024-10-22,46,"Millbrook School","Ozone","Wake",35.856111,-78.574167
"9249",2024-10-23,43,"Millbrook School","Ozone","Wake",35.856111,-78.574167
"9250",2024-10-24,43,"Millbrook School","Ozone","Wake",35.856111,-78.574167
"9251",2024-10-25,40,"Millbrook School","Ozone","Wake",35.856111,-78.574167
"9252",2024-10-26,42,"Millbrook School","Ozone","Wake",35.856111,-78.574167
"9253",2024-10-27,27,"Millbrook School","Ozone","Wake",35.856111,-78.574167
"9254",2024-10-28,36,"Millbrook School","Ozone","Wake",35.856111,-78.574167
"9255",2024-10-29,36,"Millbrook School","Ozone","Wake",35.856111,-78.574167
"9256",2024-10-30,33,"Millbrook School","Ozone","Wake",35.856111,-78.574167
"9257",2024-10-31,34,"Millbrook School","Ozone","Wake",35.856111,-78.574167
"9258",2024-11-01,31,"Millbrook School","Ozone","Wake",35.856111,-78.574167
"9259",2024-11-02,34,"Millbrook School","Ozone","Wake",35.856111,-78.574167
"9260",2024-11-03,37,"Millbrook School","Ozone","Wake",35.856111,-78.574167
"9261",2024-11-04,31,"Millbrook School","Ozone","Wake",35.856111,-78.574167
"9262",2024-11-05,31,"Millbrook School","Ozone","Wake",35.856111,-78.574167
"9263",2024-11-06,29,"Millbrook School","Ozone","Wake",35.856111,-78.574167
"9264",2024-11-07,25,"Millbrook School","Ozone","Wake",35.856111,-78.574167
"9265",2024-11-08,27,"Millbrook School","Ozone","Wake",35.856111,-78.574167
"9266",2024-11-09,34,"Millbrook School","Ozone","Wake",35.856111,-78.574167
"9267",2024-11-10,26,"Millbrook School","Ozone","Wake",35.856111,-78.574167
"9268",2024-11-11,19,"Millbrook School","Ozone","Wake",35.856111,-78.574167
"9269",2024-11-12,33,"Millbrook School","Ozone","Wake",35.856111,-78.574167
"9270",2024-11-13,31,"Millbrook School","Ozone","Wake",35.856111,-78.574167
"9271",2024-11-14,24,"Millbrook School","Ozone","Wake",35.856111,-78.574167
"9272",2024-11-15,27,"Millbrook School","Ozone","Wake",35.856111,-78.574167
"9273",2024-11-16,28,"Millbrook School","Ozone","Wake",35.856111,-78.574167
"9274",2024-11-17,31,"Millbrook School","Ozone","Wake",35.856111,-78.574167
"9275",2024-11-18,32,"Millbrook School","Ozone","Wake",35.856111,-78.574167
"9276",2024-11-19,29,"Millbrook School","Ozone","Wake",35.856111,-78.574167
"9277",2024-11-20,31,"Millbrook School","Ozone","Wake",35.856111,-78.574167
"9278",2024-11-21,33,"Millbrook School","Ozone","Wake",35.856111,-78.574167
"9279",2024-11-22,18,"Millbrook School","Ozone","Wake",35.856111,-78.574167
"9280",2024-11-23,20,"Millbrook School","Ozone","Wake",35.856111,-78.574167
"9281",2024-11-24,24,"Millbrook School","Ozone","Wake",35.856111,-78.574167
"9282",2024-11-25,27,"Millbrook School","Ozone","Wake",35.856111,-78.574167
"9283",2024-11-26,28,"Millbrook School","Ozone","Wake",35.856111,-78.574167
"9284",2024-11-27,27,"Millbrook School","Ozone","Wake",35.856111,-78.574167
"9285",2024-11-28,28,"Millbrook School","Ozone","Wake",35.856111,-78.574167
"9286",2024-11-29,31,"Millbrook School","Ozone","Wake",35.856111,-78.574167
"9287",2024-11-30,34,"Millbrook School","Ozone","Wake",35.856111,-78.574167
"9288",2024-12-01,31,"Millbrook School","Ozone","Wake",35.856111,-78.574167
"9289",2024-12-02,33,"Millbrook School","Ozone","Wake",35.856111,-78.574167
"9290",2024-12-03,27,"Millbrook School","Ozone","Wake",35.856111,-78.574167
"9291",2024-12-04,31,"Millbrook School","Ozone","Wake",35.856111,-78.574167
"9292",2024-12-05,34,"Millbrook School","Ozone","Wake",35.856111,-78.574167
"9293",2024-12-06,28,"Millbrook School","Ozone","Wake",35.856111,-78.574167
"9294",2024-12-07,31,"Millbrook School","Ozone","Wake",35.856111,-78.574167
"9295",2024-12-08,35,"Millbrook School","Ozone","Wake",35.856111,-78.574167
"9296",2024-12-09,27,"Millbrook School","Ozone","Wake",35.856111,-78.574167
"9297",2024-12-10,26,"Millbrook School","Ozone","Wake",35.856111,-78.574167
"9298",2024-12-13,24,"Millbrook School","Ozone","Wake",35.856111,-78.574167
"9299",2024-12-14,26,"Millbrook School","Ozone","Wake",35.856111,-78.574167
"9300",2024-12-15,27,"Millbrook School","Ozone","Wake",35.856111,-78.574167
"9301",2024-12-16,9,"Millbrook School","Ozone","Wake",35.856111,-78.574167
"9302",2024-12-17,26,"Millbrook School","Ozone","Wake",35.856111,-78.574167
"9303",2024-12-18,21,"Millbrook School","Ozone","Wake",35.856111,-78.574167
"9304",2024-12-19,25,"Millbrook School","Ozone","Wake",35.856111,-78.574167
"9305",2024-12-20,19,"Millbrook School","Ozone","Wake",35.856111,-78.574167
"9306",2024-12-21,27,"Millbrook School","Ozone","Wake",35.856111,-78.574167
"9307",2024-12-22,33,"Millbrook School","Ozone","Wake",35.856111,-78.574167
"9308",2024-12-23,32,"Millbrook School","Ozone","Wake",35.856111,-78.574167
"9309",2024-12-24,30,"Millbrook School","Ozone","Wake",35.856111,-78.574167
"9310",2024-12-25,29,"Millbrook School","Ozone","Wake",35.856111,-78.574167
"9311",2024-12-26,28,"Millbrook School","Ozone","Wake",35.856111,-78.574167
"9312",2024-12-27,22,"Millbrook School","Ozone","Wake",35.856111,-78.574167
"9313",2024-12-28,30,"Millbrook School","Ozone","Wake",35.856111,-78.574167
"9314",2024-12-29,36,"Millbrook School","Ozone","Wake",35.856111,-78.574167
"9315",2024-12-30,32,"Millbrook School","Ozone","Wake",35.856111,-78.574167
"9316",2024-03-05,40,"Mt. Mitchell","Ozone","Yancey",35.765413,-82.264944
"9317",2024-03-06,39,"Mt. Mitchell","Ozone","Yancey",35.765413,-82.264944
"9318",2024-03-07,36,"Mt. Mitchell","Ozone","Yancey",35.765413,-82.264944
"9319",2024-03-08,35,"Mt. Mitchell","Ozone","Yancey",35.765413,-82.264944
"9320",2024-03-09,35,"Mt. Mitchell","Ozone","Yancey",35.765413,-82.264944
"9321",2024-03-10,41,"Mt. Mitchell","Ozone","Yancey",35.765413,-82.264944
"9322",2024-03-11,48,"Mt. Mitchell","Ozone","Yancey",35.765413,-82.264944
"9323",2024-03-12,47,"Mt. Mitchell","Ozone","Yancey",35.765413,-82.264944
"9324",2024-03-13,61,"Mt. Mitchell","Ozone","Yancey",35.765413,-82.264944
"9325",2024-03-14,67,"Mt. Mitchell","Ozone","Yancey",35.765413,-82.264944
"9326",2024-03-15,40,"Mt. Mitchell","Ozone","Yancey",35.765413,-82.264944
"9327",2024-03-16,39,"Mt. Mitchell","Ozone","Yancey",35.765413,-82.264944
"9328",2024-03-17,42,"Mt. Mitchell","Ozone","Yancey",35.765413,-82.264944
"9329",2024-03-18,42,"Mt. Mitchell","Ozone","Yancey",35.765413,-82.264944
"9330",2024-03-19,44,"Mt. Mitchell","Ozone","Yancey",35.765413,-82.264944
"9331",2024-03-20,48,"Mt. Mitchell","Ozone","Yancey",35.765413,-82.264944
"9332",2024-03-21,50,"Mt. Mitchell","Ozone","Yancey",35.765413,-82.264944
"9333",2024-03-22,48,"Mt. Mitchell","Ozone","Yancey",35.765413,-82.264944
"9334",2024-03-23,74,"Mt. Mitchell","Ozone","Yancey",35.765413,-82.264944
"9335",2024-03-24,80,"Mt. Mitchell","Ozone","Yancey",35.765413,-82.264944
"9336",2024-03-25,74,"Mt. Mitchell","Ozone","Yancey",35.765413,-82.264944
"9337",2024-03-26,44,"Mt. Mitchell","Ozone","Yancey",35.765413,-82.264944
"9338",2024-03-27,40,"Mt. Mitchell","Ozone","Yancey",35.765413,-82.264944
"9339",2024-03-28,46,"Mt. Mitchell","Ozone","Yancey",35.765413,-82.264944
"9340",2024-03-29,51,"Mt. Mitchell","Ozone","Yancey",35.765413,-82.264944
"9341",2024-03-30,58,"Mt. Mitchell","Ozone","Yancey",35.765413,-82.264944
"9342",2024-03-31,46,"Mt. Mitchell","Ozone","Yancey",35.765413,-82.264944
"9343",2024-04-01,42,"Mt. Mitchell","Ozone","Yancey",35.765413,-82.264944
"9344",2024-04-02,54,"Mt. Mitchell","Ozone","Yancey",35.765413,-82.264944
"9345",2024-04-03,43,"Mt. Mitchell","Ozone","Yancey",35.765413,-82.264944
"9346",2024-04-04,40,"Mt. Mitchell","Ozone","Yancey",35.765413,-82.264944
"9347",2024-04-05,37,"Mt. Mitchell","Ozone","Yancey",35.765413,-82.264944
"9348",2024-04-06,44,"Mt. Mitchell","Ozone","Yancey",35.765413,-82.264944
"9349",2024-04-07,58,"Mt. Mitchell","Ozone","Yancey",35.765413,-82.264944
"9350",2024-04-08,51,"Mt. Mitchell","Ozone","Yancey",35.765413,-82.264944
"9351",2024-04-09,61,"Mt. Mitchell","Ozone","Yancey",35.765413,-82.264944
"9352",2024-04-10,41,"Mt. Mitchell","Ozone","Yancey",35.765413,-82.264944
"9353",2024-04-11,46,"Mt. Mitchell","Ozone","Yancey",35.765413,-82.264944
"9354",2024-04-12,44,"Mt. Mitchell","Ozone","Yancey",35.765413,-82.264944
"9355",2024-04-13,58,"Mt. Mitchell","Ozone","Yancey",35.765413,-82.264944
"9356",2024-04-14,71,"Mt. Mitchell","Ozone","Yancey",35.765413,-82.264944
"9357",2024-04-15,49,"Mt. Mitchell","Ozone","Yancey",35.765413,-82.264944
"9358",2024-04-16,61,"Mt. Mitchell","Ozone","Yancey",35.765413,-82.264944
"9359",2024-04-17,51,"Mt. Mitchell","Ozone","Yancey",35.765413,-82.264944
"9360",2024-04-18,49,"Mt. Mitchell","Ozone","Yancey",35.765413,-82.264944
"9361",2024-04-19,44,"Mt. Mitchell","Ozone","Yancey",35.765413,-82.264944
"9362",2024-04-20,43,"Mt. Mitchell","Ozone","Yancey",35.765413,-82.264944
"9363",2024-04-21,42,"Mt. Mitchell","Ozone","Yancey",35.765413,-82.264944
"9364",2024-04-22,49,"Mt. Mitchell","Ozone","Yancey",35.765413,-82.264944
"9365",2024-04-23,54,"Mt. Mitchell","Ozone","Yancey",35.765413,-82.264944
"9366",2024-04-24,49,"Mt. Mitchell","Ozone","Yancey",35.765413,-82.264944
"9367",2024-04-25,61,"Mt. Mitchell","Ozone","Yancey",35.765413,-82.264944
"9368",2024-04-26,44,"Mt. Mitchell","Ozone","Yancey",35.765413,-82.264944
"9369",2024-04-27,46,"Mt. Mitchell","Ozone","Yancey",35.765413,-82.264944
"9370",2024-04-28,44,"Mt. Mitchell","Ozone","Yancey",35.765413,-82.264944
"9371",2024-04-29,48,"Mt. Mitchell","Ozone","Yancey",35.765413,-82.264944
"9372",2024-04-30,58,"Mt. Mitchell","Ozone","Yancey",35.765413,-82.264944
"9373",2024-05-01,48,"Mt. Mitchell","Ozone","Yancey",35.765413,-82.264944
"9374",2024-05-02,67,"Mt. Mitchell","Ozone","Yancey",35.765413,-82.264944
"9375",2024-05-03,41,"Mt. Mitchell","Ozone","Yancey",35.765413,-82.264944
"9376",2024-05-04,44,"Mt. Mitchell","Ozone","Yancey",35.765413,-82.264944
"9377",2024-05-05,44,"Mt. Mitchell","Ozone","Yancey",35.765413,-82.264944
"9378",2024-05-06,44,"Mt. Mitchell","Ozone","Yancey",35.765413,-82.264944
"9379",2024-05-07,37,"Mt. Mitchell","Ozone","Yancey",35.765413,-82.264944
"9380",2024-05-08,49,"Mt. Mitchell","Ozone","Yancey",35.765413,-82.264944
"9381",2024-05-09,51,"Mt. Mitchell","Ozone","Yancey",35.765413,-82.264944
"9382",2024-05-10,44,"Mt. Mitchell","Ozone","Yancey",35.765413,-82.264944
"9383",2024-05-11,44,"Mt. Mitchell","Ozone","Yancey",35.765413,-82.264944
"9384",2024-05-12,45,"Mt. Mitchell","Ozone","Yancey",35.765413,-82.264944
"9385",2024-05-13,41,"Mt. Mitchell","Ozone","Yancey",35.765413,-82.264944
"9386",2024-05-14,47,"Mt. Mitchell","Ozone","Yancey",35.765413,-82.264944
"9387",2024-05-15,50,"Mt. Mitchell","Ozone","Yancey",35.765413,-82.264944
"9388",2024-05-16,45,"Mt. Mitchell","Ozone","Yancey",35.765413,-82.264944
"9389",2024-05-17,44,"Mt. Mitchell","Ozone","Yancey",35.765413,-82.264944
"9390",2024-05-18,45,"Mt. Mitchell","Ozone","Yancey",35.765413,-82.264944
"9391",2024-05-19,38,"Mt. Mitchell","Ozone","Yancey",35.765413,-82.264944
"9392",2024-05-20,44,"Mt. Mitchell","Ozone","Yancey",35.765413,-82.264944
"9393",2024-05-21,47,"Mt. Mitchell","Ozone","Yancey",35.765413,-82.264944
"9394",2024-05-22,48,"Mt. Mitchell","Ozone","Yancey",35.765413,-82.264944
"9395",2024-05-23,45,"Mt. Mitchell","Ozone","Yancey",35.765413,-82.264944
"9396",2024-05-24,48,"Mt. Mitchell","Ozone","Yancey",35.765413,-82.264944
"9397",2024-05-25,49,"Mt. Mitchell","Ozone","Yancey",35.765413,-82.264944
"9398",2024-05-26,44,"Mt. Mitchell","Ozone","Yancey",35.765413,-82.264944
"9399",2024-05-27,46,"Mt. Mitchell","Ozone","Yancey",35.765413,-82.264944
"9400",2024-05-28,47,"Mt. Mitchell","Ozone","Yancey",35.765413,-82.264944
"9401",2024-05-29,48,"Mt. Mitchell","Ozone","Yancey",35.765413,-82.264944
"9402",2024-05-30,44,"Mt. Mitchell","Ozone","Yancey",35.765413,-82.264944
"9403",2024-05-31,50,"Mt. Mitchell","Ozone","Yancey",35.765413,-82.264944
"9404",2024-06-01,58,"Mt. Mitchell","Ozone","Yancey",35.765413,-82.264944
"9405",2024-06-02,38,"Mt. Mitchell","Ozone","Yancey",35.765413,-82.264944
"9406",2024-06-03,37,"Mt. Mitchell","Ozone","Yancey",35.765413,-82.264944
"9407",2024-06-04,36,"Mt. Mitchell","Ozone","Yancey",35.765413,-82.264944
"9408",2024-06-05,39,"Mt. Mitchell","Ozone","Yancey",35.765413,-82.264944
"9409",2024-06-06,44,"Mt. Mitchell","Ozone","Yancey",35.765413,-82.264944
"9410",2024-06-07,61,"Mt. Mitchell","Ozone","Yancey",35.765413,-82.264944
"9411",2024-06-08,54,"Mt. Mitchell","Ozone","Yancey",35.765413,-82.264944
"9412",2024-06-09,41,"Mt. Mitchell","Ozone","Yancey",35.765413,-82.264944
"9413",2024-06-10,44,"Mt. Mitchell","Ozone","Yancey",35.765413,-82.264944
"9414",2024-06-11,39,"Mt. Mitchell","Ozone","Yancey",35.765413,-82.264944
"9415",2024-06-12,46,"Mt. Mitchell","Ozone","Yancey",35.765413,-82.264944
"9416",2024-06-13,45,"Mt. Mitchell","Ozone","Yancey",35.765413,-82.264944
"9417",2024-06-14,48,"Mt. Mitchell","Ozone","Yancey",35.765413,-82.264944
"9418",2024-06-15,44,"Mt. Mitchell","Ozone","Yancey",35.765413,-82.264944
"9419",2024-06-16,37,"Mt. Mitchell","Ozone","Yancey",35.765413,-82.264944
"9420",2024-06-17,33,"Mt. Mitchell","Ozone","Yancey",35.765413,-82.264944
"9421",2024-06-18,37,"Mt. Mitchell","Ozone","Yancey",35.765413,-82.264944
"9422",2024-06-19,40,"Mt. Mitchell","Ozone","Yancey",35.765413,-82.264944
"9423",2024-06-20,39,"Mt. Mitchell","Ozone","Yancey",35.765413,-82.264944
"9424",2024-06-21,47,"Mt. Mitchell","Ozone","Yancey",35.765413,-82.264944
"9425",2024-06-22,44,"Mt. Mitchell","Ozone","Yancey",35.765413,-82.264944
"9426",2024-06-23,42,"Mt. Mitchell","Ozone","Yancey",35.765413,-82.264944
"9427",2024-06-24,49,"Mt. Mitchell","Ozone","Yancey",35.765413,-82.264944
"9428",2024-06-25,51,"Mt. Mitchell","Ozone","Yancey",35.765413,-82.264944
"9429",2024-06-26,51,"Mt. Mitchell","Ozone","Yancey",35.765413,-82.264944
"9430",2024-06-27,41,"Mt. Mitchell","Ozone","Yancey",35.765413,-82.264944
"9431",2024-06-28,41,"Mt. Mitchell","Ozone","Yancey",35.765413,-82.264944
"9432",2024-06-29,29,"Mt. Mitchell","Ozone","Yancey",35.765413,-82.264944
"9433",2024-06-30,46,"Mt. Mitchell","Ozone","Yancey",35.765413,-82.264944
"9434",2024-07-01,41,"Mt. Mitchell","Ozone","Yancey",35.765413,-82.264944
"9435",2024-07-02,45,"Mt. Mitchell","Ozone","Yancey",35.765413,-82.264944
"9436",2024-07-03,43,"Mt. Mitchell","Ozone","Yancey",35.765413,-82.264944
"9437",2024-07-04,35,"Mt. Mitchell","Ozone","Yancey",35.765413,-82.264944
"9438",2024-07-05,33,"Mt. Mitchell","Ozone","Yancey",35.765413,-82.264944
"9439",2024-07-06,34,"Mt. Mitchell","Ozone","Yancey",35.765413,-82.264944
"9440",2024-07-07,37,"Mt. Mitchell","Ozone","Yancey",35.765413,-82.264944
"9441",2024-07-08,34,"Mt. Mitchell","Ozone","Yancey",35.765413,-82.264944
"9442",2024-07-09,25,"Mt. Mitchell","Ozone","Yancey",35.765413,-82.264944
"9443",2024-07-10,48,"Mt. Mitchell","Ozone","Yancey",35.765413,-82.264944
"9444",2024-07-11,43,"Mt. Mitchell","Ozone","Yancey",35.765413,-82.264944
"9445",2024-07-12,50,"Mt. Mitchell","Ozone","Yancey",35.765413,-82.264944
"9446",2024-07-13,50,"Mt. Mitchell","Ozone","Yancey",35.765413,-82.264944
"9447",2024-07-14,47,"Mt. Mitchell","Ozone","Yancey",35.765413,-82.264944
"9448",2024-07-15,44,"Mt. Mitchell","Ozone","Yancey",35.765413,-82.264944
"9449",2024-07-16,38,"Mt. Mitchell","Ozone","Yancey",35.765413,-82.264944
"9450",2024-07-17,45,"Mt. Mitchell","Ozone","Yancey",35.765413,-82.264944
"9451",2024-07-18,40,"Mt. Mitchell","Ozone","Yancey",35.765413,-82.264944
"9452",2024-07-19,39,"Mt. Mitchell","Ozone","Yancey",35.765413,-82.264944
"9453",2024-07-20,34,"Mt. Mitchell","Ozone","Yancey",35.765413,-82.264944
"9454",2024-07-21,36,"Mt. Mitchell","Ozone","Yancey",35.765413,-82.264944
"9455",2024-07-22,36,"Mt. Mitchell","Ozone","Yancey",35.765413,-82.264944
"9456",2024-07-23,33,"Mt. Mitchell","Ozone","Yancey",35.765413,-82.264944
"9457",2024-07-24,31,"Mt. Mitchell","Ozone","Yancey",35.765413,-82.264944
"9458",2024-07-25,32,"Mt. Mitchell","Ozone","Yancey",35.765413,-82.264944
"9459",2024-07-26,45,"Mt. Mitchell","Ozone","Yancey",35.765413,-82.264944
"9460",2024-07-27,42,"Mt. Mitchell","Ozone","Yancey",35.765413,-82.264944
"9461",2024-07-28,29,"Mt. Mitchell","Ozone","Yancey",35.765413,-82.264944
"9462",2024-07-29,35,"Mt. Mitchell","Ozone","Yancey",35.765413,-82.264944
"9463",2024-07-30,64,"Mt. Mitchell","Ozone","Yancey",35.765413,-82.264944
"9464",2024-07-31,51,"Mt. Mitchell","Ozone","Yancey",35.765413,-82.264944
"9465",2024-08-01,26,"Mt. Mitchell","Ozone","Yancey",35.765413,-82.264944
"9466",2024-08-02,37,"Mt. Mitchell","Ozone","Yancey",35.765413,-82.264944
"9467",2024-08-03,44,"Mt. Mitchell","Ozone","Yancey",35.765413,-82.264944
"9468",2024-08-04,42,"Mt. Mitchell","Ozone","Yancey",35.765413,-82.264944
"9469",2024-08-05,40,"Mt. Mitchell","Ozone","Yancey",35.765413,-82.264944
"9470",2024-08-06,22,"Mt. Mitchell","Ozone","Yancey",35.765413,-82.264944
"9471",2024-08-07,31,"Mt. Mitchell","Ozone","Yancey",35.765413,-82.264944
"9472",2024-08-08,34,"Mt. Mitchell","Ozone","Yancey",35.765413,-82.264944
"9473",2024-08-09,37,"Mt. Mitchell","Ozone","Yancey",35.765413,-82.264944
"9474",2024-08-10,45,"Mt. Mitchell","Ozone","Yancey",35.765413,-82.264944
"9475",2024-08-11,51,"Mt. Mitchell","Ozone","Yancey",35.765413,-82.264944
"9476",2024-08-12,36,"Mt. Mitchell","Ozone","Yancey",35.765413,-82.264944
"9477",2024-08-13,35,"Mt. Mitchell","Ozone","Yancey",35.765413,-82.264944
"9478",2024-08-14,37,"Mt. Mitchell","Ozone","Yancey",35.765413,-82.264944
"9479",2024-08-15,39,"Mt. Mitchell","Ozone","Yancey",35.765413,-82.264944
"9480",2024-08-16,43,"Mt. Mitchell","Ozone","Yancey",35.765413,-82.264944
"9481",2024-08-17,42,"Mt. Mitchell","Ozone","Yancey",35.765413,-82.264944
"9482",2024-08-18,40,"Mt. Mitchell","Ozone","Yancey",35.765413,-82.264944
"9483",2024-08-19,39,"Mt. Mitchell","Ozone","Yancey",35.765413,-82.264944
"9484",2024-08-20,39,"Mt. Mitchell","Ozone","Yancey",35.765413,-82.264944
"9485",2024-08-21,34,"Mt. Mitchell","Ozone","Yancey",35.765413,-82.264944
"9486",2024-08-22,41,"Mt. Mitchell","Ozone","Yancey",35.765413,-82.264944
"9487",2024-08-23,38,"Mt. Mitchell","Ozone","Yancey",35.765413,-82.264944
"9488",2024-08-24,39,"Mt. Mitchell","Ozone","Yancey",35.765413,-82.264944
"9489",2024-08-25,47,"Mt. Mitchell","Ozone","Yancey",35.765413,-82.264944
"9490",2024-08-26,44,"Mt. Mitchell","Ozone","Yancey",35.765413,-82.264944
"9491",2024-08-27,43,"Mt. Mitchell","Ozone","Yancey",35.765413,-82.264944
"9492",2024-08-28,84,"Mt. Mitchell","Ozone","Yancey",35.765413,-82.264944
"9493",2024-08-29,45,"Mt. Mitchell","Ozone","Yancey",35.765413,-82.264944
"9494",2024-08-30,46,"Mt. Mitchell","Ozone","Yancey",35.765413,-82.264944
"9495",2024-08-31,40,"Mt. Mitchell","Ozone","Yancey",35.765413,-82.264944
"9496",2024-09-01,41,"Mt. Mitchell","Ozone","Yancey",35.765413,-82.264944
"9497",2024-09-02,32,"Mt. Mitchell","Ozone","Yancey",35.765413,-82.264944
"9498",2024-09-03,41,"Mt. Mitchell","Ozone","Yancey",35.765413,-82.264944
"9499",2024-09-04,33,"Mt. Mitchell","Ozone","Yancey",35.765413,-82.264944
"9500",2024-09-05,44,"Mt. Mitchell","Ozone","Yancey",35.765413,-82.264944
"9501",2024-09-06,43,"Mt. Mitchell","Ozone","Yancey",35.765413,-82.264944
"9502",2024-09-07,35,"Mt. Mitchell","Ozone","Yancey",35.765413,-82.264944
"9503",2024-09-08,31,"Mt. Mitchell","Ozone","Yancey",35.765413,-82.264944
"9504",2024-09-09,38,"Mt. Mitchell","Ozone","Yancey",35.765413,-82.264944
"9505",2024-09-10,44,"Mt. Mitchell","Ozone","Yancey",35.765413,-82.264944
"9506",2024-09-11,45,"Mt. Mitchell","Ozone","Yancey",35.765413,-82.264944
"9507",2024-09-12,44,"Mt. Mitchell","Ozone","Yancey",35.765413,-82.264944
"9508",2024-09-13,33,"Mt. Mitchell","Ozone","Yancey",35.765413,-82.264944
"9509",2024-09-14,31,"Mt. Mitchell","Ozone","Yancey",35.765413,-82.264944
"9510",2024-09-15,32,"Mt. Mitchell","Ozone","Yancey",35.765413,-82.264944
"9511",2024-09-16,37,"Mt. Mitchell","Ozone","Yancey",35.765413,-82.264944
"9512",2024-09-17,29,"Mt. Mitchell","Ozone","Yancey",35.765413,-82.264944
"9513",2024-09-18,33,"Mt. Mitchell","Ozone","Yancey",35.765413,-82.264944
"9514",2024-09-19,33,"Mt. Mitchell","Ozone","Yancey",35.765413,-82.264944
"9515",2024-09-20,61,"Mt. Mitchell","Ozone","Yancey",35.765413,-82.264944
"9516",2024-09-21,47,"Mt. Mitchell","Ozone","Yancey",35.765413,-82.264944
"9517",2024-09-22,46,"Mt. Mitchell","Ozone","Yancey",35.765413,-82.264944
"9518",2024-09-23,37,"Mt. Mitchell","Ozone","Yancey",35.765413,-82.264944
"9519",2024-09-24,37,"Mt. Mitchell","Ozone","Yancey",35.765413,-82.264944
