"","Date","Daily.AQI.Value","Local.Site.Name","AQS.Parameter.Description","County","Site.Latitude","Site.Longitude"
"1",2025-01-01,4,"Linville Falls","PM2.5","Avery",35.972347,-81.933072
"2",2025-01-04,7,"Linville Falls","PM2.5","Avery",35.972347,-81.933072
"3",2025-01-07,8,"Linville Falls","PM2.5","Avery",35.972347,-81.933072
"4",2025-01-10,23,"Linville Falls","PM2.5","Avery",35.972347,-81.933072
"5",2025-01-13,28,"Linville Falls","PM2.5","Avery",35.972347,-81.933072
"6",2025-01-19,47,"Linville Falls","PM2.5","Avery",35.972347,-81.933072
"7",2025-01-22,18,"Linville Falls","PM2.5","Avery",35.972347,-81.933072
"8",2025-01-25,18,"Linville Falls","PM2.5","Avery",35.972347,-81.933072
"9",2025-01-28,13,"Linville Falls","PM2.5","Avery",35.972347,-81.933072
"10",2025-01-31,41,"Linville Falls","PM2.5","Avery",35.972347,-81.933072
"11",2025-02-03,31,"Linville Falls","PM2.5","Avery",35.972347,-81.933072
"12",2025-02-06,39,"Linville Falls","PM2.5","Avery",35.972347,-81.933072
"13",2025-02-09,17,"Linville Falls","PM2.5","Avery",35.972347,-81.933072
"14",2025-02-12,18,"Linville Falls","PM2.5","Avery",35.972347,-81.933072
"15",2025-02-15,22,"Linville Falls","PM2.5","Avery",35.972347,-81.933072
"16",2025-02-18,14,"Linville Falls","PM2.5","Avery",35.972347,-81.933072
"17",2025-02-21,9,"Linville Falls","PM2.5","Avery",35.972347,-81.933072
"18",2025-02-24,14,"Linville Falls","PM2.5","Avery",35.972347,-81.933072
"19",2025-02-27,30,"Linville Falls","PM2.5","Avery",35.972347,-81.933072
"20",2025-03-02,23,"Linville Falls","PM2.5","Avery",35.972347,-81.933072
"21",2025-03-05,20,"Linville Falls","PM2.5","Avery",35.972347,-81.933072
"22",2025-03-08,26,"Linville Falls","PM2.5","Avery",35.972347,-81.933072
"23",2025-03-11,21,"Linville Falls","PM2.5","Avery",35.972347,-81.933072
"24",2025-03-14,57,"Linville Falls","PM2.5","Avery",35.972347,-81.933072
"25",2025-03-17,11,"Linville Falls","PM2.5","Avery",35.972347,-81.933072
"26",2025-03-20,51,"Linville Falls","PM2.5","Avery",35.972347,-81.933072
"27",2025-03-23,44,"Linville Falls","PM2.5","Avery",35.972347,-81.933072
"28",2025-03-26,14,"Linville Falls","PM2.5","Avery",35.972347,-81.933072
"29",2025-03-29,68,"Linville Falls","PM2.5","Avery",35.972347,-81.933072
"30",2025-04-01,4,"Linville Falls","PM2.5","Avery",35.972347,-81.933072
"31",2025-04-04,34,"Linville Falls","PM2.5","Avery",35.972347,-81.933072
"32",2025-04-07,8,"Linville Falls","PM2.5","Avery",35.972347,-81.933072
"33",2025-04-10,33,"Linville Falls","PM2.5","Avery",35.972347,-81.933072
"34",2025-04-13,18,"Linville Falls","PM2.5","Avery",35.972347,-81.933072
"35",2025-04-16,17,"Linville Falls","PM2.5","Avery",35.972347,-81.933072
"36",2025-04-19,54,"Linville Falls","PM2.5","Avery",35.972347,-81.933072
"37",2025-04-22,24,"Linville Falls","PM2.5","Avery",35.972347,-81.933072
"38",2025-04-25,32,"Linville Falls","PM2.5","Avery",35.972347,-81.933072
"39",2025-04-28,26,"Linville Falls","PM2.5","Avery",35.972347,-81.933072
"40",2025-05-01,41,"Linville Falls","PM2.5","Avery",35.972347,-81.933072
"41",2025-05-04,11,"Linville Falls","PM2.5","Avery",35.972347,-81.933072
"42",2025-05-07,20,"Linville Falls","PM2.5","Avery",35.972347,-81.933072
"43",2025-05-13,11,"Linville Falls","PM2.5","Avery",35.972347,-81.933072
"44",2025-05-16,51,"Linville Falls","PM2.5","Avery",35.972347,-81.933072
"45",2025-05-19,26,"Linville Falls","PM2.5","Avery",35.972347,-81.933072
"46",2025-05-22,12,"Linville Falls","PM2.5","Avery",35.972347,-81.933072
"47",2025-05-25,26,"Linville Falls","PM2.5","Avery",35.972347,-81.933072
"48",2025-05-28,12,"Linville Falls","PM2.5","Avery",35.972347,-81.933072
"49",2025-05-31,48,"Linville Falls","PM2.5","Avery",35.972347,-81.933072
"50",2025-06-03,55,"Linville Falls","PM2.5","Avery",35.972347,-81.933072
"51",2025-06-06,51,"Linville Falls","PM2.5","Avery",35.972347,-81.933072
"52",2025-06-09,26,"Linville Falls","PM2.5","Avery",35.972347,-81.933072
"53",2025-06-12,41,"Linville Falls","PM2.5","Avery",35.972347,-81.933072
"54",2025-06-15,18,"Linville Falls","PM2.5","Avery",35.972347,-81.933072
"55",2025-06-18,18,"Linville Falls","PM2.5","Avery",35.972347,-81.933072
"56",2025-06-21,32,"Linville Falls","PM2.5","Avery",35.972347,-81.933072
"57",2025-06-24,52,"Linville Falls","PM2.5","Avery",35.972347,-81.933072
"58",2025-07-03,31,"Linville Falls","PM2.5","Avery",35.972347,-81.933072
"59",2025-07-06,38,"Linville Falls","PM2.5","Avery",35.972347,-81.933072
"60",2025-07-09,39,"Linville Falls","PM2.5","Avery",35.972347,-81.933072
"61",2025-07-12,27,"Linville Falls","PM2.5","Avery",35.972347,-81.933072
"62",2025-07-15,28,"Linville Falls","PM2.5","Avery",35.972347,-81.933072
"63",2025-07-18,20,"Linville Falls","PM2.5","Avery",35.972347,-81.933072
"64",2025-07-21,47,"Linville Falls","PM2.5","Avery",35.972347,-81.933072
"65",2025-07-24,44,"Linville Falls","PM2.5","Avery",35.972347,-81.933072
"66",2025-07-27,22,"Linville Falls","PM2.5","Avery",35.972347,-81.933072
"67",2025-07-30,30,"Linville Falls","PM2.5","Avery",35.972347,-81.933072
"68",2025-08-02,2,"Linville Falls","PM2.5","Avery",35.972347,-81.933072
"69",2025-08-05,16,"Linville Falls","PM2.5","Avery",35.972347,-81.933072
"70",2025-08-08,65,"Linville Falls","PM2.5","Avery",35.972347,-81.933072
"71",2025-08-11,10,"Linville Falls","PM2.5","Avery",35.972347,-81.933072
"72",2025-08-14,19,"Linville Falls","PM2.5","Avery",35.972347,-81.933072
"73",2025-08-17,51,"Linville Falls","PM2.5","Avery",35.972347,-81.933072
"74",2025-08-20,38,"Linville Falls","PM2.5","Avery",35.972347,-81.933072
"75",2025-08-23,28,"Linville Falls","PM2.5","Avery",35.972347,-81.933072
"76",2025-08-26,24,"Linville Falls","PM2.5","Avery",35.972347,-81.933072
"77",2025-08-29,23,"Linville Falls","PM2.5","Avery",35.972347,-81.933072
"78",2025-09-01,21,"Linville Falls","PM2.5","Avery",35.972347,-81.933072
"79",2025-09-04,26,"Linville Falls","PM2.5","Avery",35.972347,-81.933072
"80",2025-09-07,19,"Linville Falls","PM2.5","Avery",35.972347,-81.933072
"81",2025-09-10,19,"Linville Falls","PM2.5","Avery",35.972347,-81.933072
"82",2025-09-13,31,"Linville Falls","PM2.5","Avery",35.972347,-81.933072
"83",2025-09-16,36,"Linville Falls","PM2.5","Avery",35.972347,-81.933072
"84",2025-09-19,34,"Linville Falls","PM2.5","Avery",35.972347,-81.933072
"85",2025-09-22,47,"Linville Falls","PM2.5","Avery",35.972347,-81.933072
"86",2025-09-25,19,"Linville Falls","PM2.5","Avery",35.972347,-81.933072
"87",2025-09-28,21,"Linville Falls","PM2.5","Avery",35.972347,-81.933072
"88",2025-01-01,10,"Board Of Ed. Bldg.","PM2.5","Buncombe",35.6062000008935,-82.5844
"89",2025-01-07,15,"Board Of Ed. Bldg.","PM2.5","Buncombe",35.6062000008935,-82.5844
"90",2025-01-13,43,"Board Of Ed. Bldg.","PM2.5","Buncombe",35.6062000008935,-82.5844
"91",2025-01-19,13,"Board Of Ed. Bldg.","PM2.5","Buncombe",35.6062000008935,-82.5844
"92",2025-01-25,58,"Board Of Ed. Bldg.","PM2.5","Buncombe",35.6062000008935,-82.5844
"93",2025-02-18,37,"Board Of Ed. Bldg.","PM2.5","Buncombe",35.6062000008935,-82.5844
"94",2025-02-24,45,"Board Of Ed. Bldg.","PM2.5","Buncombe",35.6062000008935,-82.5844
"95",2025-03-02,22,"Board Of Ed. Bldg.","PM2.5","Buncombe",35.6062000008935,-82.5844
"96",2025-03-08,42,"Board Of Ed. Bldg.","PM2.5","Buncombe",35.6062000008935,-82.5844
"97",2025-03-14,57,"Board Of Ed. Bldg.","PM2.5","Buncombe",35.6062000008935,-82.5844
"98",2025-03-20,37,"Board Of Ed. Bldg.","PM2.5","Buncombe",35.6062000008935,-82.5844
"99",2025-03-26,21,"Board Of Ed. Bldg.","PM2.5","Buncombe",35.6062000008935,-82.5844
"100",2025-04-01,11,"Board Of Ed. Bldg.","PM2.5","Buncombe",35.6062000008935,-82.5844
"101",2025-04-07,12,"Board Of Ed. Bldg.","PM2.5","Buncombe",35.6062000008935,-82.5844
"102",2025-04-19,60,"Board Of Ed. Bldg.","PM2.5","Buncombe",35.6062000008935,-82.5844
"103",2025-04-25,43,"Board Of Ed. Bldg.","PM2.5","Buncombe",35.6062000008935,-82.5844
"104",2025-05-01,54,"Board Of Ed. Bldg.","PM2.5","Buncombe",35.6062000008935,-82.5844
"105",2025-05-07,32,"Board Of Ed. Bldg.","PM2.5","Buncombe",35.6062000008935,-82.5844
"106",2025-05-13,22,"Board Of Ed. Bldg.","PM2.5","Buncombe",35.6062000008935,-82.5844
"107",2025-05-19,46,"Board Of Ed. Bldg.","PM2.5","Buncombe",35.6062000008935,-82.5844
"108",2025-05-25,47,"Board Of Ed. Bldg.","PM2.5","Buncombe",35.6062000008935,-82.5844
"109",2025-05-31,52,"Board Of Ed. Bldg.","PM2.5","Buncombe",35.6062000008935,-82.5844
"110",2025-06-06,41,"Board Of Ed. Bldg.","PM2.5","Buncombe",35.6062000008935,-82.5844
"111",2025-06-12,52,"Board Of Ed. Bldg.","PM2.5","Buncombe",35.6062000008935,-82.5844
"112",2025-06-18,34,"Board Of Ed. Bldg.","PM2.5","Buncombe",35.6062000008935,-82.5844
"113",2025-06-24,54,"Board Of Ed. Bldg.","PM2.5","Buncombe",35.6062000008935,-82.5844
"114",2025-06-30,41,"Board Of Ed. Bldg.","PM2.5","Buncombe",35.6062000008935,-82.5844
"115",2025-07-06,55,"Board Of Ed. Bldg.","PM2.5","Buncombe",35.6062000008935,-82.5844
"116",2025-07-18,23,"Board Of Ed. Bldg.","PM2.5","Buncombe",35.6062000008935,-82.5844
"117",2025-07-19,20,"Board Of Ed. Bldg.","PM2.5","Buncombe",35.6062000008935,-82.5844
"118",2025-07-24,58,"Board Of Ed. Bldg.","PM2.5","Buncombe",35.6062000008935,-82.5844
"119",2025-08-02,6,"Board Of Ed. Bldg.","PM2.5","Buncombe",35.6062000008935,-82.5844
"120",2025-08-05,21,"Board Of Ed. Bldg.","PM2.5","Buncombe",35.6062000008935,-82.5844
"121",2025-08-11,13,"Board Of Ed. Bldg.","PM2.5","Buncombe",35.6062000008935,-82.5844
"122",2025-08-17,44,"Board Of Ed. Bldg.","PM2.5","Buncombe",35.6062000008935,-82.5844
"123",2025-08-23,32,"Board Of Ed. Bldg.","PM2.5","Buncombe",35.6062000008935,-82.5844
"124",2025-08-29,37,"Board Of Ed. Bldg.","PM2.5","Buncombe",35.6062000008935,-82.5844
"125",2025-09-04,37,"Board Of Ed. Bldg.","PM2.5","Buncombe",35.6062000008935,-82.5844
"126",2025-09-10,33,"Board Of Ed. Bldg.","PM2.5","Buncombe",35.6062000008935,-82.5844
"127",2025-09-16,47,"Board Of Ed. Bldg.","PM2.5","Buncombe",35.6062000008935,-82.5844
"128",2025-09-22,55,"Board Of Ed. Bldg.","PM2.5","Buncombe",35.6062000008935,-82.5844
"129",2025-09-28,33,"Board Of Ed. Bldg.","PM2.5","Buncombe",35.6062000008935,-82.5844
"130",2025-10-04,50,"Board Of Ed. Bldg.","PM2.5","Buncombe",35.6062000008935,-82.5844
"131",2025-10-10,26,"Board Of Ed. Bldg.","PM2.5","Buncombe",35.6062000008935,-82.5844
"132",2025-10-16,26,"Board Of Ed. Bldg.","PM2.5","Buncombe",35.6062000008935,-82.5844
"133",2025-10-22,14,"Board Of Ed. Bldg.","PM2.5","Buncombe",35.6062000008935,-82.5844
"134",2025-10-28,10,"Board Of Ed. Bldg.","PM2.5","Buncombe",35.6062000008935,-82.5844
"135",2025-11-03,27,"Board Of Ed. Bldg.","PM2.5","Buncombe",35.6062000008935,-82.5844
"136",2025-11-09,36,"Board Of Ed. Bldg.","PM2.5","Buncombe",35.6062000008935,-82.5844
"137",2025-11-15,55,"Board Of Ed. Bldg.","PM2.5","Buncombe",35.6062000008935,-82.5844
"138",2025-11-21,57,"Board Of Ed. Bldg.","PM2.5","Buncombe",35.6062000008935,-82.5844
"139",2025-11-27,12,"Board Of Ed. Bldg.","PM2.5","Buncombe",35.6062000008935,-82.5844
"140",2025-12-03,22,"Board Of Ed. Bldg.","PM2.5","Buncombe",35.6062000008935,-82.5844
"141",2025-12-09,33,"Board Of Ed. Bldg.","PM2.5","Buncombe",35.6062000008935,-82.5844
"142",2025-12-15,31,"Board Of Ed. Bldg.","PM2.5","Buncombe",35.6062000008935,-82.5844
"143",2025-12-27,43,"Board Of Ed. Bldg.","PM2.5","Buncombe",35.6062000008935,-82.5844
"144",2025-01-01,9,"Board Of Ed. Bldg.","PM2.5","Buncombe",35.6062000008935,-82.5844
"145",2025-01-02,19,"Board Of Ed. Bldg.","PM2.5","Buncombe",35.6062000008935,-82.5844
"146",2025-01-03,47,"Board Of Ed. Bldg.","PM2.5","Buncombe",35.6062000008935,-82.5844
"147",2025-01-04,8,"Board Of Ed. Bldg.","PM2.5","Buncombe",35.6062000008935,-82.5844
"148",2025-01-05,28,"Board Of Ed. Bldg.","PM2.5","Buncombe",35.6062000008935,-82.5844
"149",2025-01-06,21,"Board Of Ed. Bldg.","PM2.5","Buncombe",35.6062000008935,-82.5844
"150",2025-01-07,10,"Board Of Ed. Bldg.","PM2.5","Buncombe",35.6062000008935,-82.5844
"151",2025-01-08,21,"Board Of Ed. Bldg.","PM2.5","Buncombe",35.6062000008935,-82.5844
"152",2025-01-09,31,"Board Of Ed. Bldg.","PM2.5","Buncombe",35.6062000008935,-82.5844
"153",2025-01-10,42,"Board Of Ed. Bldg.","PM2.5","Buncombe",35.6062000008935,-82.5844
"154",2025-01-11,18,"Board Of Ed. Bldg.","PM2.5","Buncombe",35.6062000008935,-82.5844
"155",2025-01-12,44,"Board Of Ed. Bldg.","PM2.5","Buncombe",35.6062000008935,-82.5844
"156",2025-01-13,51,"Board Of Ed. Bldg.","PM2.5","Buncombe",35.6062000008935,-82.5844
"157",2025-01-14,18,"Board Of Ed. Bldg.","PM2.5","Buncombe",35.6062000008935,-82.5844
"158",2025-01-15,22,"Board Of Ed. Bldg.","PM2.5","Buncombe",35.6062000008935,-82.5844
"159",2025-01-16,52,"Board Of Ed. Bldg.","PM2.5","Buncombe",35.6062000008935,-82.5844
"160",2025-01-17,27,"Board Of Ed. Bldg.","PM2.5","Buncombe",35.6062000008935,-82.5844
"161",2025-01-18,48,"Board Of Ed. Bldg.","PM2.5","Buncombe",35.6062000008935,-82.5844
"162",2025-01-19,7,"Board Of Ed. Bldg.","PM2.5","Buncombe",35.6062000008935,-82.5844
"163",2025-01-20,15,"Board Of Ed. Bldg.","PM2.5","Buncombe",35.6062000008935,-82.5844
"164",2025-01-21,22,"Board Of Ed. Bldg.","PM2.5","Buncombe",35.6062000008935,-82.5844
"165",2025-01-22,29,"Board Of Ed. Bldg.","PM2.5","Buncombe",35.6062000008935,-82.5844
"166",2025-01-23,48,"Board Of Ed. Bldg.","PM2.5","Buncombe",35.6062000008935,-82.5844
"167",2025-01-24,52,"Board Of Ed. Bldg.","PM2.5","Buncombe",35.6062000008935,-82.5844
"168",2025-01-25,58,"Board Of Ed. Bldg.","PM2.5","Buncombe",35.6062000008935,-82.5844
"169",2025-01-26,55,"Board Of Ed. Bldg.","PM2.5","Buncombe",35.6062000008935,-82.5844
"170",2025-01-27,32,"Board Of Ed. Bldg.","PM2.5","Buncombe",35.6062000008935,-82.5844
"171",2025-01-28,26,"Board Of Ed. Bldg.","PM2.5","Buncombe",35.6062000008935,-82.5844
"172",2025-01-29,27,"Board Of Ed. Bldg.","PM2.5","Buncombe",35.6062000008935,-82.5844
"173",2025-01-30,33,"Board Of Ed. Bldg.","PM2.5","Buncombe",35.6062000008935,-82.5844
"174",2025-01-31,43,"Board Of Ed. Bldg.","PM2.5","Buncombe",35.6062000008935,-82.5844
"175",2025-02-01,21,"Board Of Ed. Bldg.","PM2.5","Buncombe",35.6062000008935,-82.5844
"176",2025-02-02,37,"Board Of Ed. Bldg.","PM2.5","Buncombe",35.6062000008935,-82.5844
"177",2025-02-03,53,"Board Of Ed. Bldg.","PM2.5","Buncombe",35.6062000008935,-82.5844
"178",2025-02-04,52,"Board Of Ed. Bldg.","PM2.5","Buncombe",35.6062000008935,-82.5844
"179",2025-02-05,55,"Board Of Ed. Bldg.","PM2.5","Buncombe",35.6062000008935,-82.5844
"180",2025-02-06,53,"Board Of Ed. Bldg.","PM2.5","Buncombe",35.6062000008935,-82.5844
"181",2025-02-07,12,"Board Of Ed. Bldg.","PM2.5","Buncombe",35.6062000008935,-82.5844
"182",2025-02-08,43,"Board Of Ed. Bldg.","PM2.5","Buncombe",35.6062000008935,-82.5844
"183",2025-02-09,19,"Board Of Ed. Bldg.","PM2.5","Buncombe",35.6062000008935,-82.5844
"184",2025-02-10,19,"Board Of Ed. Bldg.","PM2.5","Buncombe",35.6062000008935,-82.5844
"185",2025-02-11,34,"Board Of Ed. Bldg.","PM2.5","Buncombe",35.6062000008935,-82.5844
"186",2025-02-12,31,"Board Of Ed. Bldg.","PM2.5","Buncombe",35.6062000008935,-82.5844
"187",2025-02-14,31,"Board Of Ed. Bldg.","PM2.5","Buncombe",35.6062000008935,-82.5844
"188",2025-02-15,20,"Board Of Ed. Bldg.","PM2.5","Buncombe",35.6062000008935,-82.5844
"189",2025-02-16,12,"Board Of Ed. Bldg.","PM2.5","Buncombe",35.6062000008935,-82.5844
"190",2025-02-17,18,"Board Of Ed. Bldg.","PM2.5","Buncombe",35.6062000008935,-82.5844
"191",2025-02-18,37,"Board Of Ed. Bldg.","PM2.5","Buncombe",35.6062000008935,-82.5844
"192",2025-02-19,49,"Board Of Ed. Bldg.","PM2.5","Buncombe",35.6062000008935,-82.5844
"193",2025-02-20,23,"Board Of Ed. Bldg.","PM2.5","Buncombe",35.6062000008935,-82.5844
"194",2025-02-21,18,"Board Of Ed. Bldg.","PM2.5","Buncombe",35.6062000008935,-82.5844
"195",2025-02-22,49,"Board Of Ed. Bldg.","PM2.5","Buncombe",35.6062000008935,-82.5844
"196",2025-02-23,40,"Board Of Ed. Bldg.","PM2.5","Buncombe",35.6062000008935,-82.5844
"197",2025-02-24,41,"Board Of Ed. Bldg.","PM2.5","Buncombe",35.6062000008935,-82.5844
"198",2025-02-25,44,"Board Of Ed. Bldg.","PM2.5","Buncombe",35.6062000008935,-82.5844
"199",2025-02-26,41,"Board Of Ed. Bldg.","PM2.5","Buncombe",35.6062000008935,-82.5844
"200",2025-02-27,48,"Board Of Ed. Bldg.","PM2.5","Buncombe",35.6062000008935,-82.5844
"201",2025-02-28,11,"Board Of Ed. Bldg.","PM2.5","Buncombe",35.6062000008935,-82.5844
"202",2025-03-01,37,"Board Of Ed. Bldg.","PM2.5","Buncombe",35.6062000008935,-82.5844
"203",2025-03-02,14,"Board Of Ed. Bldg.","PM2.5","Buncombe",35.6062000008935,-82.5844
"204",2025-03-03,34,"Board Of Ed. Bldg.","PM2.5","Buncombe",35.6062000008935,-82.5844
"205",2025-03-04,40,"Board Of Ed. Bldg.","PM2.5","Buncombe",35.6062000008935,-82.5844
"206",2025-03-05,23,"Board Of Ed. Bldg.","PM2.5","Buncombe",35.6062000008935,-82.5844
"207",2025-03-06,12,"Board Of Ed. Bldg.","PM2.5","Buncombe",35.6062000008935,-82.5844
"208",2025-03-07,24,"Board Of Ed. Bldg.","PM2.5","Buncombe",35.6062000008935,-82.5844
"209",2025-03-08,34,"Board Of Ed. Bldg.","PM2.5","Buncombe",35.6062000008935,-82.5844
"210",2025-03-09,24,"Board Of Ed. Bldg.","PM2.5","Buncombe",35.6062000008935,-82.5844
"211",2025-03-10,29,"Board Of Ed. Bldg.","PM2.5","Buncombe",35.6062000008935,-82.5844
"212",2025-03-11,35,"Board Of Ed. Bldg.","PM2.5","Buncombe",35.6062000008935,-82.5844
"213",2025-03-12,47,"Board Of Ed. Bldg.","PM2.5","Buncombe",35.6062000008935,-82.5844
"214",2025-03-13,58,"Board Of Ed. Bldg.","PM2.5","Buncombe",35.6062000008935,-82.5844
"215",2025-03-14,59,"Board Of Ed. Bldg.","PM2.5","Buncombe",35.6062000008935,-82.5844
"216",2025-03-15,52,"Board Of Ed. Bldg.","PM2.5","Buncombe",35.6062000008935,-82.5844
"217",2025-03-16,42,"Board Of Ed. Bldg.","PM2.5","Buncombe",35.6062000008935,-82.5844
"218",2025-03-17,16,"Board Of Ed. Bldg.","PM2.5","Buncombe",35.6062000008935,-82.5844
"219",2025-03-18,27,"Board Of Ed. Bldg.","PM2.5","Buncombe",35.6062000008935,-82.5844
"220",2025-03-19,44,"Board Of Ed. Bldg.","PM2.5","Buncombe",35.6062000008935,-82.5844
"221",2025-03-20,41,"Board Of Ed. Bldg.","PM2.5","Buncombe",35.6062000008935,-82.5844
"222",2025-03-21,16,"Board Of Ed. Bldg.","PM2.5","Buncombe",35.6062000008935,-82.5844
"223",2025-03-22,26,"Board Of Ed. Bldg.","PM2.5","Buncombe",35.6062000008935,-82.5844
"224",2025-03-23,52,"Board Of Ed. Bldg.","PM2.5","Buncombe",35.6062000008935,-82.5844
"225",2025-03-24,38,"Board Of Ed. Bldg.","PM2.5","Buncombe",35.6062000008935,-82.5844
"226",2025-03-25,14,"Board Of Ed. Bldg.","PM2.5","Buncombe",35.6062000008935,-82.5844
"227",2025-03-26,19,"Board Of Ed. Bldg.","PM2.5","Buncombe",35.6062000008935,-82.5844
"228",2025-03-27,47,"Board Of Ed. Bldg.","PM2.5","Buncombe",35.6062000008935,-82.5844
"229",2025-03-28,67,"Board Of Ed. Bldg.","PM2.5","Buncombe",35.6062000008935,-82.5844
"230",2025-03-29,78,"Board Of Ed. Bldg.","PM2.5","Buncombe",35.6062000008935,-82.5844
"231",2025-03-30,43,"Board Of Ed. Bldg.","PM2.5","Buncombe",35.6062000008935,-82.5844
"232",2025-03-31,12,"Board Of Ed. Bldg.","PM2.5","Buncombe",35.6062000008935,-82.5844
"233",2025-04-01,10,"Board Of Ed. Bldg.","PM2.5","Buncombe",35.6062000008935,-82.5844
"234",2025-04-02,34,"Board Of Ed. Bldg.","PM2.5","Buncombe",35.6062000008935,-82.5844
"235",2025-04-03,38,"Board Of Ed. Bldg.","PM2.5","Buncombe",35.6062000008935,-82.5844
"236",2025-04-04,47,"Board Of Ed. Bldg.","PM2.5","Buncombe",35.6062000008935,-82.5844
"237",2025-04-05,50,"Board Of Ed. Bldg.","PM2.5","Buncombe",35.6062000008935,-82.5844
"238",2025-04-06,22,"Board Of Ed. Bldg.","PM2.5","Buncombe",35.6062000008935,-82.5844
"239",2025-04-07,7,"Board Of Ed. Bldg.","PM2.5","Buncombe",35.6062000008935,-82.5844
"240",2025-04-08,19,"Board Of Ed. Bldg.","PM2.5","Buncombe",35.6062000008935,-82.5844
"241",2025-04-09,36,"Board Of Ed. Bldg.","PM2.5","Buncombe",35.6062000008935,-82.5844
"242",2025-04-10,47,"Board Of Ed. Bldg.","PM2.5","Buncombe",35.6062000008935,-82.5844
"243",2025-04-11,24,"Board Of Ed. Bldg.","PM2.5","Buncombe",35.6062000008935,-82.5844
"244",2025-04-12,32,"Board Of Ed. Bldg.","PM2.5","Buncombe",35.6062000008935,-82.5844
"245",2025-04-13,35,"Board Of Ed. Bldg.","PM2.5","Buncombe",35.6062000008935,-82.5844
"246",2025-04-14,45,"Board Of Ed. Bldg.","PM2.5","Buncombe",35.6062000008935,-82.5844
"247",2025-04-15,28,"Board Of Ed. Bldg.","PM2.5","Buncombe",35.6062000008935,-82.5844
"248",2025-04-16,20,"Board Of Ed. Bldg.","PM2.5","Buncombe",35.6062000008935,-82.5844
"249",2025-04-17,39,"Board Of Ed. Bldg.","PM2.5","Buncombe",35.6062000008935,-82.5844
"250",2025-04-18,60,"Board Of Ed. Bldg.","PM2.5","Buncombe",35.6062000008935,-82.5844
"251",2025-04-19,60,"Board Of Ed. Bldg.","PM2.5","Buncombe",35.6062000008935,-82.5844
"252",2025-04-20,64,"Board Of Ed. Bldg.","PM2.5","Buncombe",35.6062000008935,-82.5844
"253",2025-04-21,46,"Board Of Ed. Bldg.","PM2.5","Buncombe",35.6062000008935,-82.5844
"254",2025-04-22,41,"Board Of Ed. Bldg.","PM2.5","Buncombe",35.6062000008935,-82.5844
"255",2025-04-23,34,"Board Of Ed. Bldg.","PM2.5","Buncombe",35.6062000008935,-82.5844
"256",2025-04-24,53,"Board Of Ed. Bldg.","PM2.5","Buncombe",35.6062000008935,-82.5844
"257",2025-04-25,48,"Board Of Ed. Bldg.","PM2.5","Buncombe",35.6062000008935,-82.5844
"258",2025-04-26,31,"Board Of Ed. Bldg.","PM2.5","Buncombe",35.6062000008935,-82.5844
"259",2025-04-27,27,"Board Of Ed. Bldg.","PM2.5","Buncombe",35.6062000008935,-82.5844
"260",2025-04-28,34,"Board Of Ed. Bldg.","PM2.5","Buncombe",35.6062000008935,-82.5844
"261",2025-04-29,44,"Board Of Ed. Bldg.","PM2.5","Buncombe",35.6062000008935,-82.5844
"262",2025-04-30,44,"Board Of Ed. Bldg.","PM2.5","Buncombe",35.6062000008935,-82.5844
"263",2025-05-01,54,"Board Of Ed. Bldg.","PM2.5","Buncombe",35.6062000008935,-82.5844
"264",2025-05-02,41,"Board Of Ed. Bldg.","PM2.5","Buncombe",35.6062000008935,-82.5844
"265",2025-05-03,17,"Board Of Ed. Bldg.","PM2.5","Buncombe",35.6062000008935,-82.5844
"266",2025-05-04,17,"Board Of Ed. Bldg.","PM2.5","Buncombe",35.6062000008935,-82.5844
"267",2025-05-05,12,"Board Of Ed. Bldg.","PM2.5","Buncombe",35.6062000008935,-82.5844
"268",2025-05-06,23,"Board Of Ed. Bldg.","PM2.5","Buncombe",35.6062000008935,-82.5844
"269",2025-05-07,36,"Board Of Ed. Bldg.","PM2.5","Buncombe",35.6062000008935,-82.5844
"270",2025-05-08,37,"Board Of Ed. Bldg.","PM2.5","Buncombe",35.6062000008935,-82.5844
"271",2025-05-09,34,"Board Of Ed. Bldg.","PM2.5","Buncombe",35.6062000008935,-82.5844
"272",2025-05-10,31,"Board Of Ed. Bldg.","PM2.5","Buncombe",35.6062000008935,-82.5844
"273",2025-05-11,29,"Board Of Ed. Bldg.","PM2.5","Buncombe",35.6062000008935,-82.5844
"274",2025-05-12,12,"Board Of Ed. Bldg.","PM2.5","Buncombe",35.6062000008935,-82.5844
"275",2025-05-13,17,"Board Of Ed. Bldg.","PM2.5","Buncombe",35.6062000008935,-82.5844
"276",2025-05-14,30,"Board Of Ed. Bldg.","PM2.5","Buncombe",35.6062000008935,-82.5844
"277",2025-05-15,54,"Board Of Ed. Bldg.","PM2.5","Buncombe",35.6062000008935,-82.5844
"278",2025-05-16,57,"Board Of Ed. Bldg.","PM2.5","Buncombe",35.6062000008935,-82.5844
"279",2025-05-17,21,"Board Of Ed. Bldg.","PM2.5","Buncombe",35.6062000008935,-82.5844
"280",2025-05-18,24,"Board Of Ed. Bldg.","PM2.5","Buncombe",35.6062000008935,-82.5844
"281",2025-05-19,48,"Board Of Ed. Bldg.","PM2.5","Buncombe",35.6062000008935,-82.5844
"282",2025-05-20,46,"Board Of Ed. Bldg.","PM2.5","Buncombe",35.6062000008935,-82.5844
"283",2025-05-21,25,"Board Of Ed. Bldg.","PM2.5","Buncombe",35.6062000008935,-82.5844
"284",2025-05-22,13,"Board Of Ed. Bldg.","PM2.5","Buncombe",35.6062000008935,-82.5844
"285",2025-05-23,16,"Board Of Ed. Bldg.","PM2.5","Buncombe",35.6062000008935,-82.5844
"286",2025-05-24,31,"Board Of Ed. Bldg.","PM2.5","Buncombe",35.6062000008935,-82.5844
"287",2025-05-25,41,"Board Of Ed. Bldg.","PM2.5","Buncombe",35.6062000008935,-82.5844
"288",2025-05-26,27,"Board Of Ed. Bldg.","PM2.5","Buncombe",35.6062000008935,-82.5844
"289",2025-05-27,7,"Board Of Ed. Bldg.","PM2.5","Buncombe",35.6062000008935,-82.5844
"290",2025-05-28,16,"Board Of Ed. Bldg.","PM2.5","Buncombe",35.6062000008935,-82.5844
"291",2025-05-29,22,"Board Of Ed. Bldg.","PM2.5","Buncombe",35.6062000008935,-82.5844
"292",2025-05-30,12,"Board Of Ed. Bldg.","PM2.5","Buncombe",35.6062000008935,-82.5844
"293",2025-05-31,50,"Board Of Ed. Bldg.","PM2.5","Buncombe",35.6062000008935,-82.5844
"294",2025-06-01,51,"Board Of Ed. Bldg.","PM2.5","Buncombe",35.6062000008935,-82.5844
"295",2025-06-02,56,"Board Of Ed. Bldg.","PM2.5","Buncombe",35.6062000008935,-82.5844
"296",2025-06-03,63,"Board Of Ed. Bldg.","PM2.5","Buncombe",35.6062000008935,-82.5844
"297",2025-06-04,68,"Board Of Ed. Bldg.","PM2.5","Buncombe",35.6062000008935,-82.5844
"298",2025-06-05,59,"Board Of Ed. Bldg.","PM2.5","Buncombe",35.6062000008935,-82.5844
"299",2025-06-06,45,"Board Of Ed. Bldg.","PM2.5","Buncombe",35.6062000008935,-82.5844
"300",2025-06-07,20,"Board Of Ed. Bldg.","PM2.5","Buncombe",35.6062000008935,-82.5844
"301",2025-06-08,22,"Board Of Ed. Bldg.","PM2.5","Buncombe",35.6062000008935,-82.5844
"302",2025-06-09,25,"Board Of Ed. Bldg.","PM2.5","Buncombe",35.6062000008935,-82.5844
"303",2025-06-10,28,"Board Of Ed. Bldg.","PM2.5","Buncombe",35.6062000008935,-82.5844
"304",2025-06-11,54,"Board Of Ed. Bldg.","PM2.5","Buncombe",35.6062000008935,-82.5844
"305",2025-06-12,52,"Board Of Ed. Bldg.","PM2.5","Buncombe",35.6062000008935,-82.5844
"306",2025-06-13,16,"Board Of Ed. Bldg.","PM2.5","Buncombe",35.6062000008935,-82.5844
"307",2025-06-14,23,"Board Of Ed. Bldg.","PM2.5","Buncombe",35.6062000008935,-82.5844
"308",2025-06-15,31,"Board Of Ed. Bldg.","PM2.5","Buncombe",35.6062000008935,-82.5844
"309",2025-06-16,34,"Board Of Ed. Bldg.","PM2.5","Buncombe",35.6062000008935,-82.5844
"310",2025-06-17,24,"Board Of Ed. Bldg.","PM2.5","Buncombe",35.6062000008935,-82.5844
"311",2025-06-18,23,"Board Of Ed. Bldg.","PM2.5","Buncombe",35.6062000008935,-82.5844
"312",2025-06-19,27,"Board Of Ed. Bldg.","PM2.5","Buncombe",35.6062000008935,-82.5844
"313",2025-06-20,26,"Board Of Ed. Bldg.","PM2.5","Buncombe",35.6062000008935,-82.5844
"314",2025-06-21,40,"Board Of Ed. Bldg.","PM2.5","Buncombe",35.6062000008935,-82.5844
"315",2025-06-22,50,"Board Of Ed. Bldg.","PM2.5","Buncombe",35.6062000008935,-82.5844
"316",2025-06-23,53,"Board Of Ed. Bldg.","PM2.5","Buncombe",35.6062000008935,-82.5844
"317",2025-06-24,54,"Board Of Ed. Bldg.","PM2.5","Buncombe",35.6062000008935,-82.5844
"318",2025-06-25,52,"Board Of Ed. Bldg.","PM2.5","Buncombe",35.6062000008935,-82.5844
"319",2025-06-26,53,"Board Of Ed. Bldg.","PM2.5","Buncombe",35.6062000008935,-82.5844
"320",2025-06-27,44,"Board Of Ed. Bldg.","PM2.5","Buncombe",35.6062000008935,-82.5844
"321",2025-06-28,34,"Board Of Ed. Bldg.","PM2.5","Buncombe",35.6062000008935,-82.5844
"322",2025-06-29,39,"Board Of Ed. Bldg.","PM2.5","Buncombe",35.6062000008935,-82.5844
"323",2025-06-30,43,"Board Of Ed. Bldg.","PM2.5","Buncombe",35.6062000008935,-82.5844
"324",2025-07-01,27,"Board Of Ed. Bldg.","PM2.5","Buncombe",35.6062000008935,-82.5844
"325",2025-07-02,27,"Board Of Ed. Bldg.","PM2.5","Buncombe",35.6062000008935,-82.5844
"326",2025-07-03,44,"Board Of Ed. Bldg.","PM2.5","Buncombe",35.6062000008935,-82.5844
"327",2025-07-04,56,"Board Of Ed. Bldg.","PM2.5","Buncombe",35.6062000008935,-82.5844
"328",2025-07-05,69,"Board Of Ed. Bldg.","PM2.5","Buncombe",35.6062000008935,-82.5844
"329",2025-07-06,56,"Board Of Ed. Bldg.","PM2.5","Buncombe",35.6062000008935,-82.5844
"330",2025-07-07,55,"Board Of Ed. Bldg.","PM2.5","Buncombe",35.6062000008935,-82.5844
"331",2025-07-08,52,"Board Of Ed. Bldg.","PM2.5","Buncombe",35.6062000008935,-82.5844
"332",2025-07-09,46,"Board Of Ed. Bldg.","PM2.5","Buncombe",35.6062000008935,-82.5844
"333",2025-07-10,23,"Board Of Ed. Bldg.","PM2.5","Buncombe",35.6062000008935,-82.5844
"334",2025-07-11,36,"Board Of Ed. Bldg.","PM2.5","Buncombe",35.6062000008935,-82.5844
"335",2025-07-12,31,"Board Of Ed. Bldg.","PM2.5","Buncombe",35.6062000008935,-82.5844
"336",2025-07-13,38,"Board Of Ed. Bldg.","PM2.5","Buncombe",35.6062000008935,-82.5844
"337",2025-07-14,29,"Board Of Ed. Bldg.","PM2.5","Buncombe",35.6062000008935,-82.5844
"338",2025-07-15,32,"Board Of Ed. Bldg.","PM2.5","Buncombe",35.6062000008935,-82.5844
"339",2025-07-16,29,"Board Of Ed. Bldg.","PM2.5","Buncombe",35.6062000008935,-82.5844
"340",2025-07-17,39,"Board Of Ed. Bldg.","PM2.5","Buncombe",35.6062000008935,-82.5844
"341",2025-07-18,17,"Board Of Ed. Bldg.","PM2.5","Buncombe",35.6062000008935,-82.5844
"342",2025-07-19,14,"Board Of Ed. Bldg.","PM2.5","Buncombe",35.6062000008935,-82.5844
"343",2025-07-20,22,"Board Of Ed. Bldg.","PM2.5","Buncombe",35.6062000008935,-82.5844
"344",2025-07-21,46,"Board Of Ed. Bldg.","PM2.5","Buncombe",35.6062000008935,-82.5844
"345",2025-07-22,38,"Board Of Ed. Bldg.","PM2.5","Buncombe",35.6062000008935,-82.5844
"346",2025-07-23,52,"Board Of Ed. Bldg.","PM2.5","Buncombe",35.6062000008935,-82.5844
"347",2025-07-24,55,"Board Of Ed. Bldg.","PM2.5","Buncombe",35.6062000008935,-82.5844
"348",2025-07-25,52,"Board Of Ed. Bldg.","PM2.5","Buncombe",35.6062000008935,-82.5844
"349",2025-07-26,27,"Board Of Ed. Bldg.","PM2.5","Buncombe",35.6062000008935,-82.5844
"350",2025-07-27,22,"Board Of Ed. Bldg.","PM2.5","Buncombe",35.6062000008935,-82.5844
"351",2025-07-28,22,"Board Of Ed. Bldg.","PM2.5","Buncombe",35.6062000008935,-82.5844
"352",2025-07-29,22,"Board Of Ed. Bldg.","PM2.5","Buncombe",35.6062000008935,-82.5844
"353",2025-07-30,28,"Board Of Ed. Bldg.","PM2.5","Buncombe",35.6062000008935,-82.5844
"354",2025-07-31,31,"Board Of Ed. Bldg.","PM2.5","Buncombe",35.6062000008935,-82.5844
"355",2025-08-01,35,"Board Of Ed. Bldg.","PM2.5","Buncombe",35.6062000008935,-82.5844
"356",2025-08-02,1,"Board Of Ed. Bldg.","PM2.5","Buncombe",35.6062000008935,-82.5844
"357",2025-08-03,26,"Board Of Ed. Bldg.","PM2.5","Buncombe",35.6062000008935,-82.5844
"358",2025-08-04,38,"Board Of Ed. Bldg.","PM2.5","Buncombe",35.6062000008935,-82.5844
"359",2025-08-05,13,"Board Of Ed. Bldg.","PM2.5","Buncombe",35.6062000008935,-82.5844
"360",2025-08-06,27,"Board Of Ed. Bldg.","PM2.5","Buncombe",35.6062000008935,-82.5844
"361",2025-08-07,21,"Board Of Ed. Bldg.","PM2.5","Buncombe",35.6062000008935,-82.5844
"362",2025-08-08,58,"Board Of Ed. Bldg.","PM2.5","Buncombe",35.6062000008935,-82.5844
"363",2025-08-09,64,"Board Of Ed. Bldg.","PM2.5","Buncombe",35.6062000008935,-82.5844
"364",2025-08-10,52,"Board Of Ed. Bldg.","PM2.5","Buncombe",35.6062000008935,-82.5844
"365",2025-08-11,14,"Board Of Ed. Bldg.","PM2.5","Buncombe",35.6062000008935,-82.5844
"366",2025-08-12,22,"Board Of Ed. Bldg.","PM2.5","Buncombe",35.6062000008935,-82.5844
"367",2025-08-13,22,"Board Of Ed. Bldg.","PM2.5","Buncombe",35.6062000008935,-82.5844
"368",2025-08-14,22,"Board Of Ed. Bldg.","PM2.5","Buncombe",35.6062000008935,-82.5844
"369",2025-08-15,39,"Board Of Ed. Bldg.","PM2.5","Buncombe",35.6062000008935,-82.5844
"370",2025-08-16,39,"Board Of Ed. Bldg.","PM2.5","Buncombe",35.6062000008935,-82.5844
"371",2025-08-17,38,"Board Of Ed. Bldg.","PM2.5","Buncombe",35.6062000008935,-82.5844
"372",2025-08-23,31,"Board Of Ed. Bldg.","PM2.5","Buncombe",35.6062000008935,-82.5844
"373",2025-08-24,32,"Board Of Ed. Bldg.","PM2.5","Buncombe",35.6062000008935,-82.5844
"374",2025-08-25,25,"Board Of Ed. Bldg.","PM2.5","Buncombe",35.6062000008935,-82.5844
"375",2025-08-26,29,"Board Of Ed. Bldg.","PM2.5","Buncombe",35.6062000008935,-82.5844
"376",2025-08-27,19,"Board Of Ed. Bldg.","PM2.5","Buncombe",35.6062000008935,-82.5844
"377",2025-08-28,34,"Board Of Ed. Bldg.","PM2.5","Buncombe",35.6062000008935,-82.5844
"378",2025-08-29,34,"Board Of Ed. Bldg.","PM2.5","Buncombe",35.6062000008935,-82.5844
"379",2025-08-30,39,"Board Of Ed. Bldg.","PM2.5","Buncombe",35.6062000008935,-82.5844
"380",2025-08-31,49,"Board Of Ed. Bldg.","PM2.5","Buncombe",35.6062000008935,-82.5844
"381",2025-09-01,27,"Board Of Ed. Bldg.","PM2.5","Buncombe",35.6062000008935,-82.5844
"382",2025-09-02,27,"Board Of Ed. Bldg.","PM2.5","Buncombe",35.6062000008935,-82.5844
"383",2025-09-03,21,"Board Of Ed. Bldg.","PM2.5","Buncombe",35.6062000008935,-82.5844
"384",2025-09-04,38,"Board Of Ed. Bldg.","PM2.5","Buncombe",35.6062000008935,-82.5844
"385",2025-09-05,44,"Board Of Ed. Bldg.","PM2.5","Buncombe",35.6062000008935,-82.5844
"386",2025-09-06,47,"Board Of Ed. Bldg.","PM2.5","Buncombe",35.6062000008935,-82.5844
"387",2025-09-07,24,"Board Of Ed. Bldg.","PM2.5","Buncombe",35.6062000008935,-82.5844
"388",2025-09-08,26,"Board Of Ed. Bldg.","PM2.5","Buncombe",35.6062000008935,-82.5844
"389",2025-09-09,26,"Board Of Ed. Bldg.","PM2.5","Buncombe",35.6062000008935,-82.5844
"390",2025-09-10,34,"Board Of Ed. Bldg.","PM2.5","Buncombe",35.6062000008935,-82.5844
"391",2025-09-11,33,"Board Of Ed. Bldg.","PM2.5","Buncombe",35.6062000008935,-82.5844
"392",2025-09-12,38,"Board Of Ed. Bldg.","PM2.5","Buncombe",35.6062000008935,-82.5844
"393",2025-09-13,43,"Board Of Ed. Bldg.","PM2.5","Buncombe",35.6062000008935,-82.5844
"394",2025-09-14,45,"Board Of Ed. Bldg.","PM2.5","Buncombe",35.6062000008935,-82.5844
"395",2025-09-15,44,"Board Of Ed. Bldg.","PM2.5","Buncombe",35.6062000008935,-82.5844
"396",2025-09-16,44,"Board Of Ed. Bldg.","PM2.5","Buncombe",35.6062000008935,-82.5844
"397",2025-09-17,36,"Board Of Ed. Bldg.","PM2.5","Buncombe",35.6062000008935,-82.5844
"398",2025-09-18,47,"Board Of Ed. Bldg.","PM2.5","Buncombe",35.6062000008935,-82.5844
"399",2025-09-19,37,"Board Of Ed. Bldg.","PM2.5","Buncombe",35.6062000008935,-82.5844
"400",2025-09-20,29,"Board Of Ed. Bldg.","PM2.5","Buncombe",35.6062000008935,-82.5844
"401",2025-09-21,52,"Board Of Ed. Bldg.","PM2.5","Buncombe",35.6062000008935,-82.5844
"402",2025-09-22,54,"Board Of Ed. Bldg.","PM2.5","Buncombe",35.6062000008935,-82.5844
"403",2025-09-23,53,"Board Of Ed. Bldg.","PM2.5","Buncombe",35.6062000008935,-82.5844
"404",2025-09-24,53,"Board Of Ed. Bldg.","PM2.5","Buncombe",35.6062000008935,-82.5844
"405",2025-09-25,22,"Board Of Ed. Bldg.","PM2.5","Buncombe",35.6062000008935,-82.5844
"406",2025-09-26,20,"Board Of Ed. Bldg.","PM2.5","Buncombe",35.6062000008935,-82.5844
"407",2025-09-27,13,"Board Of Ed. Bldg.","PM2.5","Buncombe",35.6062000008935,-82.5844
"408",2025-09-28,21,"Board Of Ed. Bldg.","PM2.5","Buncombe",35.6062000008935,-82.5844
"409",2025-09-29,22,"Board Of Ed. Bldg.","PM2.5","Buncombe",35.6062000008935,-82.5844
"410",2025-09-30,9,"Board Of Ed. Bldg.","PM2.5","Buncombe",35.6062000008935,-82.5844
"411",2025-10-01,29,"Board Of Ed. Bldg.","PM2.5","Buncombe",35.6062000008935,-82.5844
"412",2025-10-02,37,"Board Of Ed. Bldg.","PM2.5","Buncombe",35.6062000008935,-82.5844
"413",2025-10-03,38,"Board Of Ed. Bldg.","PM2.5","Buncombe",35.6062000008935,-82.5844
"414",2025-10-04,34,"Board Of Ed. Bldg.","PM2.5","Buncombe",35.6062000008935,-82.5844
"415",2025-10-05,34,"Board Of Ed. Bldg.","PM2.5","Buncombe",35.6062000008935,-82.5844
"416",2025-10-06,21,"Board Of Ed. Bldg.","PM2.5","Buncombe",35.6062000008935,-82.5844
"417",2025-10-07,27,"Board Of Ed. Bldg.","PM2.5","Buncombe",35.6062000008935,-82.5844
"418",2025-10-08,23,"Board Of Ed. Bldg.","PM2.5","Buncombe",35.6062000008935,-82.5844
"419",2025-10-09,18,"Board Of Ed. Bldg.","PM2.5","Buncombe",35.6062000008935,-82.5844
"420",2025-10-10,21,"Board Of Ed. Bldg.","PM2.5","Buncombe",35.6062000008935,-82.5844
"421",2025-10-11,34,"Board Of Ed. Bldg.","PM2.5","Buncombe",35.6062000008935,-82.5844
"422",2025-10-12,20,"Board Of Ed. Bldg.","PM2.5","Buncombe",35.6062000008935,-82.5844
"423",2025-10-13,13,"Board Of Ed. Bldg.","PM2.5","Buncombe",35.6062000008935,-82.5844
"424",2025-10-14,10,"Board Of Ed. Bldg.","PM2.5","Buncombe",35.6062000008935,-82.5844
"425",2025-10-15,24,"Board Of Ed. Bldg.","PM2.5","Buncombe",35.6062000008935,-82.5844
"426",2025-10-16,18,"Board Of Ed. Bldg.","PM2.5","Buncombe",35.6062000008935,-82.5844
"427",2025-10-17,27,"Board Of Ed. Bldg.","PM2.5","Buncombe",35.6062000008935,-82.5844
"428",2025-10-18,53,"Board Of Ed. Bldg.","PM2.5","Buncombe",35.6062000008935,-82.5844
"429",2025-10-19,25,"Board Of Ed. Bldg.","PM2.5","Buncombe",35.6062000008935,-82.5844
"430",2025-10-20,18,"Board Of Ed. Bldg.","PM2.5","Buncombe",35.6062000008935,-82.5844
"431",2025-10-21,39,"Board Of Ed. Bldg.","PM2.5","Buncombe",35.6062000008935,-82.5844
"432",2025-10-22,12,"Board Of Ed. Bldg.","PM2.5","Buncombe",35.6062000008935,-82.5844
"433",2025-10-23,12,"Board Of Ed. Bldg.","PM2.5","Buncombe",35.6062000008935,-82.5844
"434",2025-10-24,18,"Board Of Ed. Bldg.","PM2.5","Buncombe",35.6062000008935,-82.5844
"435",2025-10-25,23,"Board Of Ed. Bldg.","PM2.5","Buncombe",35.6062000008935,-82.5844
"436",2025-10-26,29,"Board Of Ed. Bldg.","PM2.5","Buncombe",35.6062000008935,-82.5844
"437",2025-10-27,11,"Board Of Ed. Bldg.","PM2.5","Buncombe",35.6062000008935,-82.5844
"438",2025-10-28,7,"Board Of Ed. Bldg.","PM2.5","Buncombe",35.6062000008935,-82.5844
"439",2025-10-29,7,"Board Of Ed. Bldg.","PM2.5","Buncombe",35.6062000008935,-82.5844
"440",2025-10-30,12,"Board Of Ed. Bldg.","PM2.5","Buncombe",35.6062000008935,-82.5844
"441",2025-10-31,28,"Board Of Ed. Bldg.","PM2.5","Buncombe",35.6062000008935,-82.5844
"442",2025-11-01,28,"Board Of Ed. Bldg.","PM2.5","Buncombe",35.6062000008935,-82.5844
"443",2025-11-02,42,"Board Of Ed. Bldg.","PM2.5","Buncombe",35.6062000008935,-82.5844
"444",2025-11-03,31,"Board Of Ed. Bldg.","PM2.5","Buncombe",35.6062000008935,-82.5844
"445",2025-11-04,16,"Board Of Ed. Bldg.","PM2.5","Buncombe",35.6062000008935,-82.5844
"446",2025-11-05,42,"Board Of Ed. Bldg.","PM2.5","Buncombe",35.6062000008935,-82.5844
"447",2025-11-06,45,"Board Of Ed. Bldg.","PM2.5","Buncombe",35.6062000008935,-82.5844
"448",2025-11-07,56,"Board Of Ed. Bldg.","PM2.5","Buncombe",35.6062000008935,-82.5844
"449",2025-11-08,37,"Board Of Ed. Bldg.","PM2.5","Buncombe",35.6062000008935,-82.5844
"450",2025-11-09,34,"Board Of Ed. Bldg.","PM2.5","Buncombe",35.6062000008935,-82.5844
"451",2025-11-10,9,"Board Of Ed. Bldg.","PM2.5","Buncombe",35.6062000008935,-82.5844
"452",2025-11-11,19,"Board Of Ed. Bldg.","PM2.5","Buncombe",35.6062000008935,-82.5844
"453",2025-11-12,35,"Board Of Ed. Bldg.","PM2.5","Buncombe",35.6062000008935,-82.5844
"454",2025-11-13,28,"Board Of Ed. Bldg.","PM2.5","Buncombe",35.6062000008935,-82.5844
"455",2025-11-14,48,"Board Of Ed. Bldg.","PM2.5","Buncombe",35.6062000008935,-82.5844
"456",2025-11-15,56,"Board Of Ed. Bldg.","PM2.5","Buncombe",35.6062000008935,-82.5844
"457",2025-11-16,31,"Board Of Ed. Bldg.","PM2.5","Buncombe",35.6062000008935,-82.5844
"458",2025-11-17,13,"Board Of Ed. Bldg.","PM2.5","Buncombe",35.6062000008935,-82.5844
"459",2025-11-18,34,"Board Of Ed. Bldg.","PM2.5","Buncombe",35.6062000008935,-82.5844
"460",2025-11-19,55,"Board Of Ed. Bldg.","PM2.5","Buncombe",35.6062000008935,-82.5844
"461",2025-11-20,55,"Board Of Ed. Bldg.","PM2.5","Buncombe",35.6062000008935,-82.5844
"462",2025-11-21,57,"Board Of Ed. Bldg.","PM2.5","Buncombe",35.6062000008935,-82.5844
"463",2025-11-22,32,"Board Of Ed. Bldg.","PM2.5","Buncombe",35.6062000008935,-82.5844
"464",2025-11-23,20,"Board Of Ed. Bldg.","PM2.5","Buncombe",35.6062000008935,-82.5844
"465",2025-11-24,28,"Board Of Ed. Bldg.","PM2.5","Buncombe",35.6062000008935,-82.5844
"466",2025-11-25,36,"Board Of Ed. Bldg.","PM2.5","Buncombe",35.6062000008935,-82.5844
"467",2025-11-26,11,"Board Of Ed. Bldg.","PM2.5","Buncombe",35.6062000008935,-82.5844
"468",2025-11-27,14,"Board Of Ed. Bldg.","PM2.5","Buncombe",35.6062000008935,-82.5844
"469",2025-11-28,19,"Board Of Ed. Bldg.","PM2.5","Buncombe",35.6062000008935,-82.5844
"470",2025-11-29,30,"Board Of Ed. Bldg.","PM2.5","Buncombe",35.6062000008935,-82.5844
"471",2025-11-30,21,"Board Of Ed. Bldg.","PM2.5","Buncombe",35.6062000008935,-82.5844
"472",2025-12-01,19,"Board Of Ed. Bldg.","PM2.5","Buncombe",35.6062000008935,-82.5844
"473",2025-12-02,18,"Board Of Ed. Bldg.","PM2.5","Buncombe",35.6062000008935,-82.5844
"474",2025-12-03,20,"Board Of Ed. Bldg.","PM2.5","Buncombe",35.6062000008935,-82.5844
"475",2025-12-04,47,"Board Of Ed. Bldg.","PM2.5","Buncombe",35.6062000008935,-82.5844
"476",2025-12-05,34,"Board Of Ed. Bldg.","PM2.5","Buncombe",35.6062000008935,-82.5844
"477",2025-12-06,22,"Board Of Ed. Bldg.","PM2.5","Buncombe",35.6062000008935,-82.5844
"478",2025-12-07,51,"Board Of Ed. Bldg.","PM2.5","Buncombe",35.6062000008935,-82.5844
"479",2025-12-08,35,"Board Of Ed. Bldg.","PM2.5","Buncombe",35.6062000008935,-82.5844
"480",2025-12-09,29,"Board Of Ed. Bldg.","PM2.5","Buncombe",35.6062000008935,-82.5844
"481",2025-12-10,48,"Board Of Ed. Bldg.","PM2.5","Buncombe",35.6062000008935,-82.5844
"482",2025-12-11,16,"Board Of Ed. Bldg.","PM2.5","Buncombe",35.6062000008935,-82.5844
"483",2025-12-12,33,"Board Of Ed. Bldg.","PM2.5","Buncombe",35.6062000008935,-82.5844
"484",2025-12-13,57,"Board Of Ed. Bldg.","PM2.5","Buncombe",35.6062000008935,-82.5844
"485",2025-12-14,17,"Board Of Ed. Bldg.","PM2.5","Buncombe",35.6062000008935,-82.5844
"486",2025-12-15,24,"Board Of Ed. Bldg.","PM2.5","Buncombe",35.6062000008935,-82.5844
"487",2025-12-16,50,"Board Of Ed. Bldg.","PM2.5","Buncombe",35.6062000008935,-82.5844
"488",2025-12-17,57,"Board Of Ed. Bldg.","PM2.5","Buncombe",35.6062000008935,-82.5844
"489",2025-12-18,51,"Board Of Ed. Bldg.","PM2.5","Buncombe",35.6062000008935,-82.5844
"490",2025-12-19,10,"Board Of Ed. Bldg.","PM2.5","Buncombe",35.6062000008935,-82.5844
"491",2025-12-20,26,"Board Of Ed. Bldg.","PM2.5","Buncombe",35.6062000008935,-82.5844
"492",2025-12-21,41,"Board Of Ed. Bldg.","PM2.5","Buncombe",35.6062000008935,-82.5844
"493",2025-12-22,39,"Board Of Ed. Bldg.","PM2.5","Buncombe",35.6062000008935,-82.5844
"494",2025-12-23,42,"Board Of Ed. Bldg.","PM2.5","Buncombe",35.6062000008935,-82.5844
"495",2025-12-24,51,"Board Of Ed. Bldg.","PM2.5","Buncombe",35.6062000008935,-82.5844
"496",2025-12-25,51,"Board Of Ed. Bldg.","PM2.5","Buncombe",35.6062000008935,-82.5844
"497",2025-12-26,48,"Board Of Ed. Bldg.","PM2.5","Buncombe",35.6062000008935,-82.5844
"498",2025-12-27,39,"Board Of Ed. Bldg.","PM2.5","Buncombe",35.6062000008935,-82.5844
"499",2025-12-28,51,"Board Of Ed. Bldg.","PM2.5","Buncombe",35.6062000008935,-82.5844
"500",2025-12-29,13,"Board Of Ed. Bldg.","PM2.5","Buncombe",35.6062000008935,-82.5844
"501",2025-12-30,14,"Board Of Ed. Bldg.","PM2.5","Buncombe",35.6062000008935,-82.5844
"502",2025-12-31,15,"Board Of Ed. Bldg.","PM2.5","Buncombe",35.6062000008935,-82.5844
"503",2025-01-01,14,"Board Of Ed. Bldg.","PM2.5","Buncombe",35.6062000008935,-82.5844
"504",2025-01-02,37,"Board Of Ed. Bldg.","PM2.5","Buncombe",35.6062000008935,-82.5844
"505",2025-01-03,55,"Board Of Ed. Bldg.","PM2.5","Buncombe",35.6062000008935,-82.5844
"506",2025-01-04,21,"Board Of Ed. Bldg.","PM2.5","Buncombe",35.6062000008935,-82.5844
"507",2025-01-05,32,"Board Of Ed. Bldg.","PM2.5","Buncombe",35.6062000008935,-82.5844
"508",2025-01-06,23,"Board Of Ed. Bldg.","PM2.5","Buncombe",35.6062000008935,-82.5844
"509",2025-01-07,23,"Board Of Ed. Bldg.","PM2.5","Buncombe",35.6062000008935,-82.5844
"510",2025-01-08,35,"Board Of Ed. Bldg.","PM2.5","Buncombe",35.6062000008935,-82.5844
"511",2025-01-09,49,"Board Of Ed. Bldg.","PM2.5","Buncombe",35.6062000008935,-82.5844
"512",2025-01-10,53,"Board Of Ed. Bldg.","PM2.5","Buncombe",35.6062000008935,-82.5844
"513",2025-01-11,27,"Board Of Ed. Bldg.","PM2.5","Buncombe",35.6062000008935,-82.5844
"514",2025-01-12,57,"Board Of Ed. Bldg.","PM2.5","Buncombe",35.6062000008935,-82.5844
"515",2025-01-13,54,"Board Of Ed. Bldg.","PM2.5","Buncombe",35.6062000008935,-82.5844
"516",2025-01-14,24,"Board Of Ed. Bldg.","PM2.5","Buncombe",35.6062000008935,-82.5844
"517",2025-01-15,34,"Board Of Ed. Bldg.","PM2.5","Buncombe",35.6062000008935,-82.5844
"518",2025-01-16,57,"Board Of Ed. Bldg.","PM2.5","Buncombe",35.6062000008935,-82.5844
"519",2025-01-17,37,"Board Of Ed. Bldg.","PM2.5","Buncombe",35.6062000008935,-82.5844
"520",2025-01-18,56,"Board Of Ed. Bldg.","PM2.5","Buncombe",35.6062000008935,-82.5844
"521",2025-01-19,18,"Board Of Ed. Bldg.","PM2.5","Buncombe",35.6062000008935,-82.5844
"522",2025-01-20,26,"Board Of Ed. Bldg.","PM2.5","Buncombe",35.6062000008935,-82.5844
"523",2025-01-21,37,"Board Of Ed. Bldg.","PM2.5","Buncombe",35.6062000008935,-82.5844
"524",2025-01-22,37,"Board Of Ed. Bldg.","PM2.5","Buncombe",35.6062000008935,-82.5844
"525",2025-01-23,55,"Board Of Ed. Bldg.","PM2.5","Buncombe",35.6062000008935,-82.5844
"526",2025-01-24,57,"Board Of Ed. Bldg.","PM2.5","Buncombe",35.6062000008935,-82.5844
"527",2025-01-25,70,"Board Of Ed. Bldg.","PM2.5","Buncombe",35.6062000008935,-82.5844
"528",2025-01-26,61,"Board Of Ed. Bldg.","PM2.5","Buncombe",35.6062000008935,-82.5844
"529",2025-01-27,36,"Board Of Ed. Bldg.","PM2.5","Buncombe",35.6062000008935,-82.5844
"530",2025-01-28,33,"Board Of Ed. Bldg.","PM2.5","Buncombe",35.6062000008935,-82.5844
"531",2025-01-29,32,"Board Of Ed. Bldg.","PM2.5","Buncombe",35.6062000008935,-82.5844
"532",2025-01-30,38,"Board Of Ed. Bldg.","PM2.5","Buncombe",35.6062000008935,-82.5844
"533",2025-01-31,48,"Board Of Ed. Bldg.","PM2.5","Buncombe",35.6062000008935,-82.5844
"534",2025-02-01,32,"Board Of Ed. Bldg.","PM2.5","Buncombe",35.6062000008935,-82.5844
"535",2025-02-02,48,"Board Of Ed. Bldg.","PM2.5","Buncombe",35.6062000008935,-82.5844
"536",2025-02-03,61,"Board Of Ed. Bldg.","PM2.5","Buncombe",35.6062000008935,-82.5844
"537",2025-02-04,55,"Board Of Ed. Bldg.","PM2.5","Buncombe",35.6062000008935,-82.5844
"538",2025-02-05,60,"Board Of Ed. Bldg.","PM2.5","Buncombe",35.6062000008935,-82.5844
"539",2025-02-06,56,"Board Of Ed. Bldg.","PM2.5","Buncombe",35.6062000008935,-82.5844
"540",2025-02-07,18,"Board Of Ed. Bldg.","PM2.5","Buncombe",35.6062000008935,-82.5844
"541",2025-02-08,51,"Board Of Ed. Bldg.","PM2.5","Buncombe",35.6062000008935,-82.5844
"542",2025-02-09,27,"Board Of Ed. Bldg.","PM2.5","Buncombe",35.6062000008935,-82.5844
"543",2025-02-10,26,"Board Of Ed. Bldg.","PM2.5","Buncombe",35.6062000008935,-82.5844
"544",2025-02-11,43,"Board Of Ed. Bldg.","PM2.5","Buncombe",35.6062000008935,-82.5844
"545",2025-02-12,33,"Board Of Ed. Bldg.","PM2.5","Buncombe",35.6062000008935,-82.5844
"546",2025-02-13,22,"Board Of Ed. Bldg.","PM2.5","Buncombe",35.6062000008935,-82.5844
"547",2025-02-14,43,"Board Of Ed. Bldg.","PM2.5","Buncombe",35.6062000008935,-82.5844
"548",2025-02-15,25,"Board Of Ed. Bldg.","PM2.5","Buncombe",35.6062000008935,-82.5844
"549",2025-02-16,21,"Board Of Ed. Bldg.","PM2.5","Buncombe",35.6062000008935,-82.5844
"550",2025-02-17,34,"Board Of Ed. Bldg.","PM2.5","Buncombe",35.6062000008935,-82.5844
"551",2025-02-18,52,"Board Of Ed. Bldg.","PM2.5","Buncombe",35.6062000008935,-82.5844
"552",2025-02-19,53,"Board Of Ed. Bldg.","PM2.5","Buncombe",35.6062000008935,-82.5844
"553",2025-02-20,34,"Board Of Ed. Bldg.","PM2.5","Buncombe",35.6062000008935,-82.5844
"554",2025-02-21,27,"Board Of Ed. Bldg.","PM2.5","Buncombe",35.6062000008935,-82.5844
"555",2025-02-22,54,"Board Of Ed. Bldg.","PM2.5","Buncombe",35.6062000008935,-82.5844
"556",2025-02-23,47,"Board Of Ed. Bldg.","PM2.5","Buncombe",35.6062000008935,-82.5844
"557",2025-02-24,52,"Board Of Ed. Bldg.","PM2.5","Buncombe",35.6062000008935,-82.5844
"558",2025-02-25,53,"Board Of Ed. Bldg.","PM2.5","Buncombe",35.6062000008935,-82.5844
"559",2025-02-26,53,"Board Of Ed. Bldg.","PM2.5","Buncombe",35.6062000008935,-82.5844
"560",2025-02-27,55,"Board Of Ed. Bldg.","PM2.5","Buncombe",35.6062000008935,-82.5844
"561",2025-02-28,13,"Board Of Ed. Bldg.","PM2.5","Buncombe",35.6062000008935,-82.5844
"562",2025-03-01,44,"Board Of Ed. Bldg.","PM2.5","Buncombe",35.6062000008935,-82.5844
"563",2025-03-02,21,"Board Of Ed. Bldg.","PM2.5","Buncombe",35.6062000008935,-82.5844
"564",2025-03-03,47,"Board Of Ed. Bldg.","PM2.5","Buncombe",35.6062000008935,-82.5844
"565",2025-03-04,49,"Board Of Ed. Bldg.","PM2.5","Buncombe",35.6062000008935,-82.5844
"566",2025-03-05,33,"Board Of Ed. Bldg.","PM2.5","Buncombe",35.6062000008935,-82.5844
"567",2025-03-06,22,"Board Of Ed. Bldg.","PM2.5","Buncombe",35.6062000008935,-82.5844
"568",2025-03-07,33,"Board Of Ed. Bldg.","PM2.5","Buncombe",35.6062000008935,-82.5844
"569",2025-03-08,41,"Board Of Ed. Bldg.","PM2.5","Buncombe",35.6062000008935,-82.5844
"570",2025-03-09,28,"Board Of Ed. Bldg.","PM2.5","Buncombe",35.6062000008935,-82.5844
"571",2025-03-10,41,"Board Of Ed. Bldg.","PM2.5","Buncombe",35.6062000008935,-82.5844
"572",2025-03-11,43,"Board Of Ed. Bldg.","PM2.5","Buncombe",35.6062000008935,-82.5844
"573",2025-03-12,56,"Board Of Ed. Bldg.","PM2.5","Buncombe",35.6062000008935,-82.5844
"574",2025-03-13,63,"Board Of Ed. Bldg.","PM2.5","Buncombe",35.6062000008935,-82.5844
"575",2025-03-14,65,"Board Of Ed. Bldg.","PM2.5","Buncombe",35.6062000008935,-82.5844
"576",2025-03-15,57,"Board Of Ed. Bldg.","PM2.5","Buncombe",35.6062000008935,-82.5844
"577",2025-03-16,52,"Board Of Ed. Bldg.","PM2.5","Buncombe",35.6062000008935,-82.5844
"578",2025-03-17,28,"Board Of Ed. Bldg.","PM2.5","Buncombe",35.6062000008935,-82.5844
"579",2025-03-18,32,"Board Of Ed. Bldg.","PM2.5","Buncombe",35.6062000008935,-82.5844
"580",2025-03-19,52,"Board Of Ed. Bldg.","PM2.5","Buncombe",35.6062000008935,-82.5844
"581",2025-03-20,52,"Board Of Ed. Bldg.","PM2.5","Buncombe",35.6062000008935,-82.5844
"582",2025-03-21,25,"Board Of Ed. Bldg.","PM2.5","Buncombe",35.6062000008935,-82.5844
"583",2025-03-22,36,"Board Of Ed. Bldg.","PM2.5","Buncombe",35.6062000008935,-82.5844
"584",2025-03-23,59,"Board Of Ed. Bldg.","PM2.5","Buncombe",35.6062000008935,-82.5844
"585",2025-03-24,39,"Board Of Ed. Bldg.","PM2.5","Buncombe",35.6062000008935,-82.5844
"586",2025-03-25,22,"Board Of Ed. Bldg.","PM2.5","Buncombe",35.6062000008935,-82.5844
"587",2025-03-26,29,"Board Of Ed. Bldg.","PM2.5","Buncombe",35.6062000008935,-82.5844
"588",2025-03-27,56,"Board Of Ed. Bldg.","PM2.5","Buncombe",35.6062000008935,-82.5844
"589",2025-03-28,85,"Board Of Ed. Bldg.","PM2.5","Buncombe",35.6062000008935,-82.5844
"590",2025-03-29,97,"Board Of Ed. Bldg.","PM2.5","Buncombe",35.6062000008935,-82.5844
"591",2025-03-30,54,"Board Of Ed. Bldg.","PM2.5","Buncombe",35.6062000008935,-82.5844
"592",2025-03-31,19,"Board Of Ed. Bldg.","PM2.5","Buncombe",35.6062000008935,-82.5844
"593",2025-04-01,13,"Board Of Ed. Bldg.","PM2.5","Buncombe",35.6062000008935,-82.5844
"594",2025-04-02,39,"Board Of Ed. Bldg.","PM2.5","Buncombe",35.6062000008935,-82.5844
"595",2025-04-03,49,"Board Of Ed. Bldg.","PM2.5","Buncombe",35.6062000008935,-82.5844
"596",2025-04-04,52,"Board Of Ed. Bldg.","PM2.5","Buncombe",35.6062000008935,-82.5844
"597",2025-04-05,54,"Board Of Ed. Bldg.","PM2.5","Buncombe",35.6062000008935,-82.5844
"598",2025-04-06,27,"Board Of Ed. Bldg.","PM2.5","Buncombe",35.6062000008935,-82.5844
"599",2025-04-07,12,"Board Of Ed. Bldg.","PM2.5","Buncombe",35.6062000008935,-82.5844
"600",2025-04-08,30,"Board Of Ed. Bldg.","PM2.5","Buncombe",35.6062000008935,-82.5844
"601",2025-04-09,44,"Board Of Ed. Bldg.","PM2.5","Buncombe",35.6062000008935,-82.5844
"602",2025-04-10,54,"Board Of Ed. Bldg.","PM2.5","Buncombe",35.6062000008935,-82.5844
"603",2025-04-11,33,"Board Of Ed. Bldg.","PM2.5","Buncombe",35.6062000008935,-82.5844
"604",2025-04-12,50,"Board Of Ed. Bldg.","PM2.5","Buncombe",35.6062000008935,-82.5844
"605",2025-04-13,42,"Board Of Ed. Bldg.","PM2.5","Buncombe",35.6062000008935,-82.5844
"606",2025-04-14,55,"Board Of Ed. Bldg.","PM2.5","Buncombe",35.6062000008935,-82.5844
"607",2025-04-15,39,"Board Of Ed. Bldg.","PM2.5","Buncombe",35.6062000008935,-82.5844
"608",2025-04-16,31,"Board Of Ed. Bldg.","PM2.5","Buncombe",35.6062000008935,-82.5844
"609",2025-04-17,47,"Board Of Ed. Bldg.","PM2.5","Buncombe",35.6062000008935,-82.5844
"610",2025-04-18,65,"Board Of Ed. Bldg.","PM2.5","Buncombe",35.6062000008935,-82.5844
"611",2025-04-19,68,"Board Of Ed. Bldg.","PM2.5","Buncombe",35.6062000008935,-82.5844
"612",2025-04-20,74,"Board Of Ed. Bldg.","PM2.5","Buncombe",35.6062000008935,-82.5844
"613",2025-04-21,54,"Board Of Ed. Bldg.","PM2.5","Buncombe",35.6062000008935,-82.5844
"614",2025-04-24,55,"Board Of Ed. Bldg.","PM2.5","Buncombe",35.6062000008935,-82.5844
"615",2025-04-25,54,"Board Of Ed. Bldg.","PM2.5","Buncombe",35.6062000008935,-82.5844
"616",2025-04-26,43,"Board Of Ed. Bldg.","PM2.5","Buncombe",35.6062000008935,-82.5844
"617",2025-04-27,40,"Board Of Ed. Bldg.","PM2.5","Buncombe",35.6062000008935,-82.5844
"618",2025-04-28,42,"Board Of Ed. Bldg.","PM2.5","Buncombe",35.6062000008935,-82.5844
"619",2025-05-01,59,"Board Of Ed. Bldg.","PM2.5","Buncombe",35.6062000008935,-82.5844
"620",2025-05-02,49,"Board Of Ed. Bldg.","PM2.5","Buncombe",35.6062000008935,-82.5844
"621",2025-05-03,28,"Board Of Ed. Bldg.","PM2.5","Buncombe",35.6062000008935,-82.5844
"622",2025-05-04,20,"Board Of Ed. Bldg.","PM2.5","Buncombe",35.6062000008935,-82.5844
"623",2025-05-05,27,"Board Of Ed. Bldg.","PM2.5","Buncombe",35.6062000008935,-82.5844
"624",2025-05-06,33,"Board Of Ed. Bldg.","PM2.5","Buncombe",35.6062000008935,-82.5844
"625",2025-05-07,41,"Board Of Ed. Bldg.","PM2.5","Buncombe",35.6062000008935,-82.5844
"626",2025-05-08,47,"Board Of Ed. Bldg.","PM2.5","Buncombe",35.6062000008935,-82.5844
"627",2025-05-09,42,"Board Of Ed. Bldg.","PM2.5","Buncombe",35.6062000008935,-82.5844
"628",2025-05-10,36,"Board Of Ed. Bldg.","PM2.5","Buncombe",35.6062000008935,-82.5844
"629",2025-05-11,26,"Board Of Ed. Bldg.","PM2.5","Buncombe",35.6062000008935,-82.5844
"630",2025-05-12,12,"Board Of Ed. Bldg.","PM2.5","Buncombe",35.6062000008935,-82.5844
"631",2025-05-13,22,"Board Of Ed. Bldg.","PM2.5","Buncombe",35.6062000008935,-82.5844
"632",2025-05-14,31,"Board Of Ed. Bldg.","PM2.5","Buncombe",35.6062000008935,-82.5844
"633",2025-05-15,57,"Board Of Ed. Bldg.","PM2.5","Buncombe",35.6062000008935,-82.5844
"634",2025-05-16,59,"Board Of Ed. Bldg.","PM2.5","Buncombe",35.6062000008935,-82.5844
"635",2025-05-17,25,"Board Of Ed. Bldg.","PM2.5","Buncombe",35.6062000008935,-82.5844
"636",2025-05-18,27,"Board Of Ed. Bldg.","PM2.5","Buncombe",35.6062000008935,-82.5844
"637",2025-05-19,42,"Board Of Ed. Bldg.","PM2.5","Buncombe",35.6062000008935,-82.5844
"638",2025-05-20,52,"Board Of Ed. Bldg.","PM2.5","Buncombe",35.6062000008935,-82.5844
"639",2025-05-21,24,"Board Of Ed. Bldg.","PM2.5","Buncombe",35.6062000008935,-82.5844
"640",2025-05-22,14,"Board Of Ed. Bldg.","PM2.5","Buncombe",35.6062000008935,-82.5844
"641",2025-05-23,16,"Board Of Ed. Bldg.","PM2.5","Buncombe",35.6062000008935,-82.5844
"642",2025-05-24,27,"Board Of Ed. Bldg.","PM2.5","Buncombe",35.6062000008935,-82.5844
"643",2025-05-25,38,"Board Of Ed. Bldg.","PM2.5","Buncombe",35.6062000008935,-82.5844
"644",2025-05-26,26,"Board Of Ed. Bldg.","PM2.5","Buncombe",35.6062000008935,-82.5844
"645",2025-05-27,9,"Board Of Ed. Bldg.","PM2.5","Buncombe",35.6062000008935,-82.5844
"646",2025-05-28,19,"Board Of Ed. Bldg.","PM2.5","Buncombe",35.6062000008935,-82.5844
"647",2025-05-29,26,"Board Of Ed. Bldg.","PM2.5","Buncombe",35.6062000008935,-82.5844
"648",2025-05-30,17,"Board Of Ed. Bldg.","PM2.5","Buncombe",35.6062000008935,-82.5844
"649",2025-05-31,55,"Board Of Ed. Bldg.","PM2.5","Buncombe",35.6062000008935,-82.5844
"650",2025-06-02,62,"Board Of Ed. Bldg.","PM2.5","Buncombe",35.6062000008935,-82.5844
"651",2025-06-03,69,"Board Of Ed. Bldg.","PM2.5","Buncombe",35.6062000008935,-82.5844
"652",2025-06-04,73,"Board Of Ed. Bldg.","PM2.5","Buncombe",35.6062000008935,-82.5844
"653",2025-06-05,61,"Board Of Ed. Bldg.","PM2.5","Buncombe",35.6062000008935,-82.5844
"654",2025-06-06,45,"Board Of Ed. Bldg.","PM2.5","Buncombe",35.6062000008935,-82.5844
"655",2025-06-07,24,"Board Of Ed. Bldg.","PM2.5","Buncombe",35.6062000008935,-82.5844
"656",2025-06-08,24,"Board Of Ed. Bldg.","PM2.5","Buncombe",35.6062000008935,-82.5844
"657",2025-06-09,33,"Board Of Ed. Bldg.","PM2.5","Buncombe",35.6062000008935,-82.5844
"658",2025-06-10,33,"Board Of Ed. Bldg.","PM2.5","Buncombe",35.6062000008935,-82.5844
"659",2025-06-11,60,"Board Of Ed. Bldg.","PM2.5","Buncombe",35.6062000008935,-82.5844
"660",2025-06-12,54,"Board Of Ed. Bldg.","PM2.5","Buncombe",35.6062000008935,-82.5844
"661",2025-06-13,18,"Board Of Ed. Bldg.","PM2.5","Buncombe",35.6062000008935,-82.5844
"662",2025-06-14,26,"Board Of Ed. Bldg.","PM2.5","Buncombe",35.6062000008935,-82.5844
"663",2025-06-15,28,"Board Of Ed. Bldg.","PM2.5","Buncombe",35.6062000008935,-82.5844
"664",2025-06-16,29,"Board Of Ed. Bldg.","PM2.5","Buncombe",35.6062000008935,-82.5844
"665",2025-06-17,22,"Board Of Ed. Bldg.","PM2.5","Buncombe",35.6062000008935,-82.5844
"666",2025-06-18,27,"Board Of Ed. Bldg.","PM2.5","Buncombe",35.6062000008935,-82.5844
"667",2025-06-19,30,"Board Of Ed. Bldg.","PM2.5","Buncombe",35.6062000008935,-82.5844
"668",2025-06-20,29,"Board Of Ed. Bldg.","PM2.5","Buncombe",35.6062000008935,-82.5844
"669",2025-06-21,38,"Board Of Ed. Bldg.","PM2.5","Buncombe",35.6062000008935,-82.5844
"670",2025-06-22,48,"Board Of Ed. Bldg.","PM2.5","Buncombe",35.6062000008935,-82.5844
"671",2025-06-23,52,"Board Of Ed. Bldg.","PM2.5","Buncombe",35.6062000008935,-82.5844
"672",2025-06-24,53,"Board Of Ed. Bldg.","PM2.5","Buncombe",35.6062000008935,-82.5844
"673",2025-06-25,53,"Board Of Ed. Bldg.","PM2.5","Buncombe",35.6062000008935,-82.5844
"674",2025-06-26,53,"Board Of Ed. Bldg.","PM2.5","Buncombe",35.6062000008935,-82.5844
"675",2025-06-27,48,"Board Of Ed. Bldg.","PM2.5","Buncombe",35.6062000008935,-82.5844
"676",2025-06-28,39,"Board Of Ed. Bldg.","PM2.5","Buncombe",35.6062000008935,-82.5844
"677",2025-06-29,36,"Board Of Ed. Bldg.","PM2.5","Buncombe",35.6062000008935,-82.5844
"678",2025-06-30,37,"Board Of Ed. Bldg.","PM2.5","Buncombe",35.6062000008935,-82.5844
"679",2025-07-01,33,"Board Of Ed. Bldg.","PM2.5","Buncombe",35.6062000008935,-82.5844
"680",2025-07-02,27,"Board Of Ed. Bldg.","PM2.5","Buncombe",35.6062000008935,-82.5844
"681",2025-07-03,44,"Board Of Ed. Bldg.","PM2.5","Buncombe",35.6062000008935,-82.5844
"682",2025-07-04,58,"Board Of Ed. Bldg.","PM2.5","Buncombe",35.6062000008935,-82.5844
"683",2025-07-05,66,"Board Of Ed. Bldg.","PM2.5","Buncombe",35.6062000008935,-82.5844
"684",2025-07-06,58,"Board Of Ed. Bldg.","PM2.5","Buncombe",35.6062000008935,-82.5844
"685",2025-07-07,55,"Board Of Ed. Bldg.","PM2.5","Buncombe",35.6062000008935,-82.5844
"686",2025-07-08,51,"Board Of Ed. Bldg.","PM2.5","Buncombe",35.6062000008935,-82.5844
"687",2025-07-09,44,"Board Of Ed. Bldg.","PM2.5","Buncombe",35.6062000008935,-82.5844
"688",2025-07-10,27,"Board Of Ed. Bldg.","PM2.5","Buncombe",35.6062000008935,-82.5844
"689",2025-07-11,28,"Board Of Ed. Bldg.","PM2.5","Buncombe",35.6062000008935,-82.5844
"690",2025-07-12,26,"Board Of Ed. Bldg.","PM2.5","Buncombe",35.6062000008935,-82.5844
"691",2025-07-13,31,"Board Of Ed. Bldg.","PM2.5","Buncombe",35.6062000008935,-82.5844
"692",2025-07-14,28,"Board Of Ed. Bldg.","PM2.5","Buncombe",35.6062000008935,-82.5844
"693",2025-07-15,29,"Board Of Ed. Bldg.","PM2.5","Buncombe",35.6062000008935,-82.5844
"694",2025-07-26,20,"Board Of Ed. Bldg.","PM2.5","Buncombe",35.6062000008935,-82.5844
"695",2025-07-27,19,"Board Of Ed. Bldg.","PM2.5","Buncombe",35.6062000008935,-82.5844
"696",2025-07-28,19,"Board Of Ed. Bldg.","PM2.5","Buncombe",35.6062000008935,-82.5844
"697",2025-07-29,21,"Board Of Ed. Bldg.","PM2.5","Buncombe",35.6062000008935,-82.5844
"698",2025-07-30,25,"Board Of Ed. Bldg.","PM2.5","Buncombe",35.6062000008935,-82.5844
"699",2025-07-31,26,"Board Of Ed. Bldg.","PM2.5","Buncombe",35.6062000008935,-82.5844
"700",2025-08-01,29,"Board Of Ed. Bldg.","PM2.5","Buncombe",35.6062000008935,-82.5844
"701",2025-08-02,7,"Board Of Ed. Bldg.","PM2.5","Buncombe",35.6062000008935,-82.5844
"702",2025-08-03,29,"Board Of Ed. Bldg.","PM2.5","Buncombe",35.6062000008935,-82.5844
"703",2025-08-04,36,"Board Of Ed. Bldg.","PM2.5","Buncombe",35.6062000008935,-82.5844
"704",2025-08-05,17,"Board Of Ed. Bldg.","PM2.5","Buncombe",35.6062000008935,-82.5844
"705",2025-08-06,27,"Board Of Ed. Bldg.","PM2.5","Buncombe",35.6062000008935,-82.5844
"706",2025-08-07,25,"Board Of Ed. Bldg.","PM2.5","Buncombe",35.6062000008935,-82.5844
"707",2025-08-08,62,"Board Of Ed. Bldg.","PM2.5","Buncombe",35.6062000008935,-82.5844
"708",2025-08-09,66,"Board Of Ed. Bldg.","PM2.5","Buncombe",35.6062000008935,-82.5844
"709",2025-08-10,53,"Board Of Ed. Bldg.","PM2.5","Buncombe",35.6062000008935,-82.5844
"710",2025-08-11,12,"Board Of Ed. Bldg.","PM2.5","Buncombe",35.6062000008935,-82.5844
"711",2025-08-12,19,"Board Of Ed. Bldg.","PM2.5","Buncombe",35.6062000008935,-82.5844
"712",2025-08-15,35,"Board Of Ed. Bldg.","PM2.5","Buncombe",35.6062000008935,-82.5844
"713",2025-08-16,39,"Board Of Ed. Bldg.","PM2.5","Buncombe",35.6062000008935,-82.5844
"714",2025-08-17,38,"Board Of Ed. Bldg.","PM2.5","Buncombe",35.6062000008935,-82.5844
"715",2025-08-18,40,"Board Of Ed. Bldg.","PM2.5","Buncombe",35.6062000008935,-82.5844
"716",2025-08-19,36,"Board Of Ed. Bldg.","PM2.5","Buncombe",35.6062000008935,-82.5844
"717",2025-08-20,41,"Board Of Ed. Bldg.","PM2.5","Buncombe",35.6062000008935,-82.5844
"718",2025-08-21,34,"Board Of Ed. Bldg.","PM2.5","Buncombe",35.6062000008935,-82.5844
"719",2025-08-22,28,"Board Of Ed. Bldg.","PM2.5","Buncombe",35.6062000008935,-82.5844
"720",2025-08-23,31,"Board Of Ed. Bldg.","PM2.5","Buncombe",35.6062000008935,-82.5844
"721",2025-08-24,32,"Board Of Ed. Bldg.","PM2.5","Buncombe",35.6062000008935,-82.5844
"722",2025-08-25,27,"Board Of Ed. Bldg.","PM2.5","Buncombe",35.6062000008935,-82.5844
"723",2025-08-26,28,"Board Of Ed. Bldg.","PM2.5","Buncombe",35.6062000008935,-82.5844
"724",2025-08-27,21,"Board Of Ed. Bldg.","PM2.5","Buncombe",35.6062000008935,-82.5844
"725",2025-08-28,31,"Board Of Ed. Bldg.","PM2.5","Buncombe",35.6062000008935,-82.5844
"726",2025-08-29,35,"Board Of Ed. Bldg.","PM2.5","Buncombe",35.6062000008935,-82.5844
"727",2025-08-30,39,"Board Of Ed. Bldg.","PM2.5","Buncombe",35.6062000008935,-82.5844
"728",2025-08-31,47,"Board Of Ed. Bldg.","PM2.5","Buncombe",35.6062000008935,-82.5844
"729",2025-09-01,31,"Board Of Ed. Bldg.","PM2.5","Buncombe",35.6062000008935,-82.5844
"730",2025-09-02,27,"Board Of Ed. Bldg.","PM2.5","Buncombe",35.6062000008935,-82.5844
"731",2025-09-03,26,"Board Of Ed. Bldg.","PM2.5","Buncombe",35.6062000008935,-82.5844
"732",2025-09-04,38,"Board Of Ed. Bldg.","PM2.5","Buncombe",35.6062000008935,-82.5844
"733",2025-09-05,49,"Board Of Ed. Bldg.","PM2.5","Buncombe",35.6062000008935,-82.5844
"734",2025-09-06,51,"Board Of Ed. Bldg.","PM2.5","Buncombe",35.6062000008935,-82.5844
"735",2025-09-07,27,"Board Of Ed. Bldg.","PM2.5","Buncombe",35.6062000008935,-82.5844
"736",2025-09-08,27,"Board Of Ed. Bldg.","PM2.5","Buncombe",35.6062000008935,-82.5844
"737",2025-09-09,31,"Board Of Ed. Bldg.","PM2.5","Buncombe",35.6062000008935,-82.5844
"738",2025-09-10,34,"Board Of Ed. Bldg.","PM2.5","Buncombe",35.6062000008935,-82.5844
"739",2025-09-11,38,"Board Of Ed. Bldg.","PM2.5","Buncombe",35.6062000008935,-82.5844
"740",2025-09-12,41,"Board Of Ed. Bldg.","PM2.5","Buncombe",35.6062000008935,-82.5844
"741",2025-09-13,44,"Board Of Ed. Bldg.","PM2.5","Buncombe",35.6062000008935,-82.5844
"742",2025-09-14,49,"Board Of Ed. Bldg.","PM2.5","Buncombe",35.6062000008935,-82.5844
"743",2025-09-15,49,"Board Of Ed. Bldg.","PM2.5","Buncombe",35.6062000008935,-82.5844
"744",2025-09-16,48,"Board Of Ed. Bldg.","PM2.5","Buncombe",35.6062000008935,-82.5844
"745",2025-09-17,46,"Board Of Ed. Bldg.","PM2.5","Buncombe",35.6062000008935,-82.5844
"746",2025-09-18,45,"Board Of Ed. Bldg.","PM2.5","Buncombe",35.6062000008935,-82.5844
"747",2025-09-19,39,"Board Of Ed. Bldg.","PM2.5","Buncombe",35.6062000008935,-82.5844
"748",2025-09-20,31,"Board Of Ed. Bldg.","PM2.5","Buncombe",35.6062000008935,-82.5844
"749",2025-09-21,52,"Board Of Ed. Bldg.","PM2.5","Buncombe",35.6062000008935,-82.5844
"750",2025-09-23,54,"Board Of Ed. Bldg.","PM2.5","Buncombe",35.6062000008935,-82.5844
"751",2025-09-24,52,"Board Of Ed. Bldg.","PM2.5","Buncombe",35.6062000008935,-82.5844
"752",2025-09-25,22,"Board Of Ed. Bldg.","PM2.5","Buncombe",35.6062000008935,-82.5844
"753",2025-09-26,26,"Board Of Ed. Bldg.","PM2.5","Buncombe",35.6062000008935,-82.5844
"754",2025-09-27,24,"Board Of Ed. Bldg.","PM2.5","Buncombe",35.6062000008935,-82.5844
"755",2025-09-28,29,"Board Of Ed. Bldg.","PM2.5","Buncombe",35.6062000008935,-82.5844
"756",2025-09-29,22,"Board Of Ed. Bldg.","PM2.5","Buncombe",35.6062000008935,-82.5844
"757",2025-09-30,15,"Board Of Ed. Bldg.","PM2.5","Buncombe",35.6062000008935,-82.5844
"758",2025-10-01,40,"Board Of Ed. Bldg.","PM2.5","Buncombe",35.6062000008935,-82.5844
"759",2025-10-02,41,"Board Of Ed. Bldg.","PM2.5","Buncombe",35.6062000008935,-82.5844
"760",2025-10-03,35,"Board Of Ed. Bldg.","PM2.5","Buncombe",35.6062000008935,-82.5844
"761",2025-10-04,32,"Board Of Ed. Bldg.","PM2.5","Buncombe",35.6062000008935,-82.5844
"762",2025-10-05,33,"Board Of Ed. Bldg.","PM2.5","Buncombe",35.6062000008935,-82.5844
"763",2025-10-06,22,"Board Of Ed. Bldg.","PM2.5","Buncombe",35.6062000008935,-82.5844
"764",2025-10-07,28,"Board Of Ed. Bldg.","PM2.5","Buncombe",35.6062000008935,-82.5844
"765",2025-10-08,24,"Board Of Ed. Bldg.","PM2.5","Buncombe",35.6062000008935,-82.5844
"766",2025-10-09,21,"Board Of Ed. Bldg.","PM2.5","Buncombe",35.6062000008935,-82.5844
"767",2025-10-10,24,"Board Of Ed. Bldg.","PM2.5","Buncombe",35.6062000008935,-82.5844
"768",2025-10-11,36,"Board Of Ed. Bldg.","PM2.5","Buncombe",35.6062000008935,-82.5844
"769",2025-10-12,28,"Board Of Ed. Bldg.","PM2.5","Buncombe",35.6062000008935,-82.5844
"770",2025-10-13,17,"Board Of Ed. Bldg.","PM2.5","Buncombe",35.6062000008935,-82.5844
"771",2025-10-14,16,"Board Of Ed. Bldg.","PM2.5","Buncombe",35.6062000008935,-82.5844
"772",2025-10-15,26,"Board Of Ed. Bldg.","PM2.5","Buncombe",35.6062000008935,-82.5844
"773",2025-10-16,18,"Board Of Ed. Bldg.","PM2.5","Buncombe",35.6062000008935,-82.5844
"774",2025-10-17,28,"Board Of Ed. Bldg.","PM2.5","Buncombe",35.6062000008935,-82.5844
"775",2025-10-18,53,"Board Of Ed. Bldg.","PM2.5","Buncombe",35.6062000008935,-82.5844
"776",2025-10-19,26,"Board Of Ed. Bldg.","PM2.5","Buncombe",35.6062000008935,-82.5844
"777",2025-10-20,17,"Board Of Ed. Bldg.","PM2.5","Buncombe",35.6062000008935,-82.5844
"778",2025-10-21,37,"Board Of Ed. Bldg.","PM2.5","Buncombe",35.6062000008935,-82.5844
"779",2025-10-22,16,"Board Of Ed. Bldg.","PM2.5","Buncombe",35.6062000008935,-82.5844
"780",2025-10-23,17,"Board Of Ed. Bldg.","PM2.5","Buncombe",35.6062000008935,-82.5844
"781",2025-10-24,19,"Board Of Ed. Bldg.","PM2.5","Buncombe",35.6062000008935,-82.5844
"782",2025-10-25,23,"Board Of Ed. Bldg.","PM2.5","Buncombe",35.6062000008935,-82.5844
"783",2025-10-26,26,"Board Of Ed. Bldg.","PM2.5","Buncombe",35.6062000008935,-82.5844
"784",2025-10-27,8,"Board Of Ed. Bldg.","PM2.5","Buncombe",35.6062000008935,-82.5844
"785",2025-10-28,11,"Board Of Ed. Bldg.","PM2.5","Buncombe",35.6062000008935,-82.5844
"786",2025-10-29,4,"Board Of Ed. Bldg.","PM2.5","Buncombe",35.6062000008935,-82.5844
"787",2025-10-30,11,"Board Of Ed. Bldg.","PM2.5","Buncombe",35.6062000008935,-82.5844
"788",2025-10-31,30,"Board Of Ed. Bldg.","PM2.5","Buncombe",35.6062000008935,-82.5844
"789",2025-11-01,35,"Board Of Ed. Bldg.","PM2.5","Buncombe",35.6062000008935,-82.5844
"790",2025-11-02,46,"Board Of Ed. Bldg.","PM2.5","Buncombe",35.6062000008935,-82.5844
"791",2025-11-03,34,"Board Of Ed. Bldg.","PM2.5","Buncombe",35.6062000008935,-82.5844
"792",2025-11-04,25,"Board Of Ed. Bldg.","PM2.5","Buncombe",35.6062000008935,-82.5844
"793",2025-11-05,48,"Board Of Ed. Bldg.","PM2.5","Buncombe",35.6062000008935,-82.5844
"794",2025-11-06,52,"Board Of Ed. Bldg.","PM2.5","Buncombe",35.6062000008935,-82.5844
"795",2025-11-07,61,"Board Of Ed. Bldg.","PM2.5","Buncombe",35.6062000008935,-82.5844
"796",2025-11-08,44,"Board Of Ed. Bldg.","PM2.5","Buncombe",35.6062000008935,-82.5844
"797",2025-11-09,41,"Board Of Ed. Bldg.","PM2.5","Buncombe",35.6062000008935,-82.5844
"798",2025-11-10,13,"Board Of Ed. Bldg.","PM2.5","Buncombe",35.6062000008935,-82.5844
"799",2025-11-11,27,"Board Of Ed. Bldg.","PM2.5","Buncombe",35.6062000008935,-82.5844
"800",2025-11-12,38,"Board Of Ed. Bldg.","PM2.5","Buncombe",35.6062000008935,-82.5844
"801",2025-11-13,29,"Board Of Ed. Bldg.","PM2.5","Buncombe",35.6062000008935,-82.5844
"802",2025-11-14,55,"Board Of Ed. Bldg.","PM2.5","Buncombe",35.6062000008935,-82.5844
"803",2025-11-15,60,"Board Of Ed. Bldg.","PM2.5","Buncombe",35.6062000008935,-82.5844
"804",2025-11-16,33,"Board Of Ed. Bldg.","PM2.5","Buncombe",35.6062000008935,-82.5844
"805",2025-11-17,13,"Board Of Ed. Bldg.","PM2.5","Buncombe",35.6062000008935,-82.5844
"806",2025-11-18,39,"Board Of Ed. Bldg.","PM2.5","Buncombe",35.6062000008935,-82.5844
"807",2025-11-19,54,"Board Of Ed. Bldg.","PM2.5","Buncombe",35.6062000008935,-82.5844
"808",2025-11-20,60,"Board Of Ed. Bldg.","PM2.5","Buncombe",35.6062000008935,-82.5844
"809",2025-11-21,60,"Board Of Ed. Bldg.","PM2.5","Buncombe",35.6062000008935,-82.5844
"810",2025-11-22,33,"Board Of Ed. Bldg.","PM2.5","Buncombe",35.6062000008935,-82.5844
"811",2025-11-23,18,"Board Of Ed. Bldg.","PM2.5","Buncombe",35.6062000008935,-82.5844
"812",2025-11-24,31,"Board Of Ed. Bldg.","PM2.5","Buncombe",35.6062000008935,-82.5844
"813",2025-11-25,31,"Board Of Ed. Bldg.","PM2.5","Buncombe",35.6062000008935,-82.5844
"814",2025-11-26,20,"Board Of Ed. Bldg.","PM2.5","Buncombe",35.6062000008935,-82.5844
"815",2025-11-27,17,"Board Of Ed. Bldg.","PM2.5","Buncombe",35.6062000008935,-82.5844
"816",2025-11-28,23,"Board Of Ed. Bldg.","PM2.5","Buncombe",35.6062000008935,-82.5844
"817",2025-11-29,35,"Board Of Ed. Bldg.","PM2.5","Buncombe",35.6062000008935,-82.5844
"818",2025-11-30,23,"Board Of Ed. Bldg.","PM2.5","Buncombe",35.6062000008935,-82.5844
"819",2025-12-01,28,"Board Of Ed. Bldg.","PM2.5","Buncombe",35.6062000008935,-82.5844
"820",2025-12-02,19,"Board Of Ed. Bldg.","PM2.5","Buncombe",35.6062000008935,-82.5844
"821",2025-12-03,27,"Board Of Ed. Bldg.","PM2.5","Buncombe",35.6062000008935,-82.5844
"822",2025-12-04,52,"Board Of Ed. Bldg.","PM2.5","Buncombe",35.6062000008935,-82.5844
"823",2025-12-05,38,"Board Of Ed. Bldg.","PM2.5","Buncombe",35.6062000008935,-82.5844
"824",2025-12-06,32,"Board Of Ed. Bldg.","PM2.5","Buncombe",35.6062000008935,-82.5844
"825",2025-12-07,57,"Board Of Ed. Bldg.","PM2.5","Buncombe",35.6062000008935,-82.5844
"826",2025-12-08,43,"Board Of Ed. Bldg.","PM2.5","Buncombe",35.6062000008935,-82.5844
"827",2025-12-09,41,"Board Of Ed. Bldg.","PM2.5","Buncombe",35.6062000008935,-82.5844
"828",2025-12-10,52,"Board Of Ed. Bldg.","PM2.5","Buncombe",35.6062000008935,-82.5844
"829",2025-12-11,24,"Board Of Ed. Bldg.","PM2.5","Buncombe",35.6062000008935,-82.5844
"830",2025-12-12,36,"Board Of Ed. Bldg.","PM2.5","Buncombe",35.6062000008935,-82.5844
"831",2025-12-13,58,"Board Of Ed. Bldg.","PM2.5","Buncombe",35.6062000008935,-82.5844
"832",2025-12-14,20,"Board Of Ed. Bldg.","PM2.5","Buncombe",35.6062000008935,-82.5844
"833",2025-12-15,33,"Board Of Ed. Bldg.","PM2.5","Buncombe",35.6062000008935,-82.5844
"834",2025-12-16,54,"Board Of Ed. Bldg.","PM2.5","Buncombe",35.6062000008935,-82.5844
"835",2025-12-17,61,"Board Of Ed. Bldg.","PM2.5","Buncombe",35.6062000008935,-82.5844
"836",2025-12-18,46,"Board Of Ed. Bldg.","PM2.5","Buncombe",35.6062000008935,-82.5844
"837",2025-12-19,13,"Board Of Ed. Bldg.","PM2.5","Buncombe",35.6062000008935,-82.5844
"838",2025-12-20,29,"Board Of Ed. Bldg.","PM2.5","Buncombe",35.6062000008935,-82.5844
"839",2025-12-21,41,"Board Of Ed. Bldg.","PM2.5","Buncombe",35.6062000008935,-82.5844
"840",2025-12-22,40,"Board Of Ed. Bldg.","PM2.5","Buncombe",35.6062000008935,-82.5844
"841",2025-12-23,37,"Board Of Ed. Bldg.","PM2.5","Buncombe",35.6062000008935,-82.5844
"842",2025-12-24,48,"Board Of Ed. Bldg.","PM2.5","Buncombe",35.6062000008935,-82.5844
"843",2025-12-25,52,"Board Of Ed. Bldg.","PM2.5","Buncombe",35.6062000008935,-82.5844
"844",2025-12-26,53,"Board Of Ed. Bldg.","PM2.5","Buncombe",35.6062000008935,-82.5844
"845",2025-12-27,47,"Board Of Ed. Bldg.","PM2.5","Buncombe",35.6062000008935,-82.5844
"846",2025-12-28,53,"Board Of Ed. Bldg.","PM2.5","Buncombe",35.6062000008935,-82.5844
"847",2025-12-29,18,"Board Of Ed. Bldg.","PM2.5","Buncombe",35.6062000008935,-82.5844
"848",2025-12-30,26,"Board Of Ed. Bldg.","PM2.5","Buncombe",35.6062000008935,-82.5844
"849",2025-12-31,18,"Board Of Ed. Bldg.","PM2.5","Buncombe",35.6062000008935,-82.5844
"850",2025-01-01,0,"Hickory Water Tower","PM2.5","Catawba",35.728889,-81.365556
"851",2025-01-02,19,"Hickory Water Tower","PM2.5","Catawba",35.728889,-81.365556
"852",2025-01-03,19,"Hickory Water Tower","PM2.5","Catawba",35.728889,-81.365556
"853",2025-01-04,12,"Hickory Water Tower","PM2.5","Catawba",35.728889,-81.365556
"854",2025-01-05,43,"Hickory Water Tower","PM2.5","Catawba",35.728889,-81.365556
"855",2025-01-06,43,"Hickory Water Tower","PM2.5","Catawba",35.728889,-81.365556
"856",2025-01-07,11,"Hickory Water Tower","PM2.5","Catawba",35.728889,-81.365556
"857",2025-01-08,25,"Hickory Water Tower","PM2.5","Catawba",35.728889,-81.365556
"858",2025-01-09,25,"Hickory Water Tower","PM2.5","Catawba",35.728889,-81.365556
"859",2025-01-10,53,"Hickory Water Tower","PM2.5","Catawba",35.728889,-81.365556
"860",2025-01-11,50,"Hickory Water Tower","PM2.5","Catawba",35.728889,-81.365556
"861",2025-01-12,52,"Hickory Water Tower","PM2.5","Catawba",35.728889,-81.365556
"862",2025-01-13,53,"Hickory Water Tower","PM2.5","Catawba",35.728889,-81.365556
"863",2025-01-14,14,"Hickory Water Tower","PM2.5","Catawba",35.728889,-81.365556
"864",2025-01-15,37,"Hickory Water Tower","PM2.5","Catawba",35.728889,-81.365556
"865",2025-01-16,39,"Hickory Water Tower","PM2.5","Catawba",35.728889,-81.365556
"866",2025-01-17,31,"Hickory Water Tower","PM2.5","Catawba",35.728889,-81.365556
"867",2025-01-18,56,"Hickory Water Tower","PM2.5","Catawba",35.728889,-81.365556
"868",2025-01-19,47,"Hickory Water Tower","PM2.5","Catawba",35.728889,-81.365556
"869",2025-01-20,13,"Hickory Water Tower","PM2.5","Catawba",35.728889,-81.365556
"870",2025-01-21,36,"Hickory Water Tower","PM2.5","Catawba",35.728889,-81.365556
"871",2025-01-22,31,"Hickory Water Tower","PM2.5","Catawba",35.728889,-81.365556
"872",2025-01-23,66,"Hickory Water Tower","PM2.5","Catawba",35.728889,-81.365556
"873",2025-01-24,65,"Hickory Water Tower","PM2.5","Catawba",35.728889,-81.365556
"874",2025-01-25,52,"Hickory Water Tower","PM2.5","Catawba",35.728889,-81.365556
"875",2025-01-26,55,"Hickory Water Tower","PM2.5","Catawba",35.728889,-81.365556
"876",2025-01-27,55,"Hickory Water Tower","PM2.5","Catawba",35.728889,-81.365556
"877",2025-01-28,17,"Hickory Water Tower","PM2.5","Catawba",35.728889,-81.365556
"878",2025-01-29,22,"Hickory Water Tower","PM2.5","Catawba",35.728889,-81.365556
"879",2025-01-30,46,"Hickory Water Tower","PM2.5","Catawba",35.728889,-81.365556
"880",2025-01-31,60,"Hickory Water Tower","PM2.5","Catawba",35.728889,-81.365556
"881",2025-02-01,20,"Hickory Water Tower","PM2.5","Catawba",35.728889,-81.365556
"882",2025-02-02,37,"Hickory Water Tower","PM2.5","Catawba",35.728889,-81.365556
"883",2025-02-03,53,"Hickory Water Tower","PM2.5","Catawba",35.728889,-81.365556
"884",2025-02-04,52,"Hickory Water Tower","PM2.5","Catawba",35.728889,-81.365556
"885",2025-02-05,45,"Hickory Water Tower","PM2.5","Catawba",35.728889,-81.365556
"886",2025-02-06,60,"Hickory Water Tower","PM2.5","Catawba",35.728889,-81.365556
"887",2025-02-07,31,"Hickory Water Tower","PM2.5","Catawba",35.728889,-81.365556
"888",2025-02-08,38,"Hickory Water Tower","PM2.5","Catawba",35.728889,-81.365556
"889",2025-02-09,41,"Hickory Water Tower","PM2.5","Catawba",35.728889,-81.365556
"890",2025-02-10,22,"Hickory Water Tower","PM2.5","Catawba",35.728889,-81.365556
"891",2025-02-11,52,"Hickory Water Tower","PM2.5","Catawba",35.728889,-81.365556
"892",2025-02-12,16,"Hickory Water Tower","PM2.5","Catawba",35.728889,-81.365556
"893",2025-02-13,8,"Hickory Water Tower","PM2.5","Catawba",35.728889,-81.365556
"894",2025-02-14,37,"Hickory Water Tower","PM2.5","Catawba",35.728889,-81.365556
"895",2025-02-15,44,"Hickory Water Tower","PM2.5","Catawba",35.728889,-81.365556
"896",2025-02-16,9,"Hickory Water Tower","PM2.5","Catawba",35.728889,-81.365556
"897",2025-02-17,12,"Hickory Water Tower","PM2.5","Catawba",35.728889,-81.365556
"898",2025-02-18,45,"Hickory Water Tower","PM2.5","Catawba",35.728889,-81.365556
"899",2025-02-19,40,"Hickory Water Tower","PM2.5","Catawba",35.728889,-81.365556
"900",2025-02-20,28,"Hickory Water Tower","PM2.5","Catawba",35.728889,-81.365556
"901",2025-02-21,16,"Hickory Water Tower","PM2.5","Catawba",35.728889,-81.365556
"902",2025-02-22,51,"Hickory Water Tower","PM2.5","Catawba",35.728889,-81.365556
"903",2025-02-23,53,"Hickory Water Tower","PM2.5","Catawba",35.728889,-81.365556
"904",2025-02-24,54,"Hickory Water Tower","PM2.5","Catawba",35.728889,-81.365556
"905",2025-03-01,28,"Hickory Water Tower","PM2.5","Catawba",35.728889,-81.365556
"906",2025-03-02,17,"Hickory Water Tower","PM2.5","Catawba",35.728889,-81.365556
"907",2025-03-03,43,"Hickory Water Tower","PM2.5","Catawba",35.728889,-81.365556
"908",2025-03-04,46,"Hickory Water Tower","PM2.5","Catawba",35.728889,-81.365556
"909",2025-03-05,26,"Hickory Water Tower","PM2.5","Catawba",35.728889,-81.365556
"910",2025-03-06,2,"Hickory Water Tower","PM2.5","Catawba",35.728889,-81.365556
"911",2025-03-07,26,"Hickory Water Tower","PM2.5","Catawba",35.728889,-81.365556
"912",2025-03-08,41,"Hickory Water Tower","PM2.5","Catawba",35.728889,-81.365556
"913",2025-03-09,28,"Hickory Water Tower","PM2.5","Catawba",35.728889,-81.365556
"914",2025-03-10,46,"Hickory Water Tower","PM2.5","Catawba",35.728889,-81.365556
"915",2025-03-11,52,"Hickory Water Tower","PM2.5","Catawba",35.728889,-81.365556
"916",2025-03-12,43,"Hickory Water Tower","PM2.5","Catawba",35.728889,-81.365556
"917",2025-03-13,60,"Hickory Water Tower","PM2.5","Catawba",35.728889,-81.365556
"918",2025-03-14,71,"Hickory Water Tower","PM2.5","Catawba",35.728889,-81.365556
"919",2025-03-15,67,"Hickory Water Tower","PM2.5","Catawba",35.728889,-81.365556
"920",2025-03-16,43,"Hickory Water Tower","PM2.5","Catawba",35.728889,-81.365556
"921",2025-03-17,11,"Hickory Water Tower","PM2.5","Catawba",35.728889,-81.365556
"922",2025-03-18,27,"Hickory Water Tower","PM2.5","Catawba",35.728889,-81.365556
"923",2025-03-19,52,"Hickory Water Tower","PM2.5","Catawba",35.728889,-81.365556
"924",2025-03-20,54,"Hickory Water Tower","PM2.5","Catawba",35.728889,-81.365556
"925",2025-03-21,40,"Hickory Water Tower","PM2.5","Catawba",35.728889,-81.365556
"926",2025-03-22,55,"Hickory Water Tower","PM2.5","Catawba",35.728889,-81.365556
"927",2025-03-23,32,"Hickory Water Tower","PM2.5","Catawba",35.728889,-81.365556
"928",2025-03-24,46,"Hickory Water Tower","PM2.5","Catawba",35.728889,-81.365556
"929",2025-03-25,16,"Hickory Water Tower","PM2.5","Catawba",35.728889,-81.365556
"930",2025-03-26,18,"Hickory Water Tower","PM2.5","Catawba",35.728889,-81.365556
"931",2025-03-27,53,"Hickory Water Tower","PM2.5","Catawba",35.728889,-81.365556
"932",2025-03-28,63,"Hickory Water Tower","PM2.5","Catawba",35.728889,-81.365556
"933",2025-03-29,53,"Hickory Water Tower","PM2.5","Catawba",35.728889,-81.365556
"934",2025-03-30,40,"Hickory Water Tower","PM2.5","Catawba",35.728889,-81.365556
"935",2025-03-31,33,"Hickory Water Tower","PM2.5","Catawba",35.728889,-81.365556
"936",2025-04-01,12,"Hickory Water Tower","PM2.5","Catawba",35.728889,-81.365556
"937",2025-04-02,37,"Hickory Water Tower","PM2.5","Catawba",35.728889,-81.365556
"938",2025-04-03,49,"Hickory Water Tower","PM2.5","Catawba",35.728889,-81.365556
"939",2025-04-04,55,"Hickory Water Tower","PM2.5","Catawba",35.728889,-81.365556
"940",2025-04-05,56,"Hickory Water Tower","PM2.5","Catawba",35.728889,-81.365556
"941",2025-04-06,31,"Hickory Water Tower","PM2.5","Catawba",35.728889,-81.365556
"942",2025-04-07,23,"Hickory Water Tower","PM2.5","Catawba",35.728889,-81.365556
"943",2025-04-08,19,"Hickory Water Tower","PM2.5","Catawba",35.728889,-81.365556
"944",2025-04-09,31,"Hickory Water Tower","PM2.5","Catawba",35.728889,-81.365556
"945",2025-04-10,54,"Hickory Water Tower","PM2.5","Catawba",35.728889,-81.365556
"946",2025-04-11,42,"Hickory Water Tower","PM2.5","Catawba",35.728889,-81.365556
"947",2025-04-12,33,"Hickory Water Tower","PM2.5","Catawba",35.728889,-81.365556
"948",2025-04-13,48,"Hickory Water Tower","PM2.5","Catawba",35.728889,-81.365556
"949",2025-04-14,54,"Hickory Water Tower","PM2.5","Catawba",35.728889,-81.365556
"950",2025-04-15,39,"Hickory Water Tower","PM2.5","Catawba",35.728889,-81.365556
"951",2025-04-16,21,"Hickory Water Tower","PM2.5","Catawba",35.728889,-81.365556
"952",2025-04-17,49,"Hickory Water Tower","PM2.5","Catawba",35.728889,-81.365556
"953",2025-04-18,62,"Hickory Water Tower","PM2.5","Catawba",35.728889,-81.365556
"954",2025-04-19,60,"Hickory Water Tower","PM2.5","Catawba",35.728889,-81.365556
"955",2025-04-20,61,"Hickory Water Tower","PM2.5","Catawba",35.728889,-81.365556
"956",2025-04-21,53,"Hickory Water Tower","PM2.5","Catawba",35.728889,-81.365556
"957",2025-04-22,49,"Hickory Water Tower","PM2.5","Catawba",35.728889,-81.365556
"958",2025-04-23,42,"Hickory Water Tower","PM2.5","Catawba",35.728889,-81.365556
"959",2025-04-24,59,"Hickory Water Tower","PM2.5","Catawba",35.728889,-81.365556
"960",2025-05-01,56,"Hickory Water Tower","PM2.5","Catawba",35.728889,-81.365556
"961",2025-05-02,35,"Hickory Water Tower","PM2.5","Catawba",35.728889,-81.365556
"962",2025-05-03,48,"Hickory Water Tower","PM2.5","Catawba",35.728889,-81.365556
"963",2025-05-04,17,"Hickory Water Tower","PM2.5","Catawba",35.728889,-81.365556
"964",2025-05-05,28,"Hickory Water Tower","PM2.5","Catawba",35.728889,-81.365556
"965",2025-05-06,31,"Hickory Water Tower","PM2.5","Catawba",35.728889,-81.365556
"966",2025-05-07,32,"Hickory Water Tower","PM2.5","Catawba",35.728889,-81.365556
"967",2025-05-08,43,"Hickory Water Tower","PM2.5","Catawba",35.728889,-81.365556
"968",2025-05-09,31,"Hickory Water Tower","PM2.5","Catawba",35.728889,-81.365556
"969",2025-05-10,33,"Hickory Water Tower","PM2.5","Catawba",35.728889,-81.365556
"970",2025-05-11,46,"Hickory Water Tower","PM2.5","Catawba",35.728889,-81.365556
"971",2025-05-12,23,"Hickory Water Tower","PM2.5","Catawba",35.728889,-81.365556
"972",2025-05-13,24,"Hickory Water Tower","PM2.5","Catawba",35.728889,-81.365556
"973",2025-05-14,29,"Hickory Water Tower","PM2.5","Catawba",35.728889,-81.365556
"974",2025-05-15,52,"Hickory Water Tower","PM2.5","Catawba",35.728889,-81.365556
"975",2025-05-16,63,"Hickory Water Tower","PM2.5","Catawba",35.728889,-81.365556
"976",2025-05-17,18,"Hickory Water Tower","PM2.5","Catawba",35.728889,-81.365556
"977",2025-05-18,23,"Hickory Water Tower","PM2.5","Catawba",35.728889,-81.365556
"978",2025-05-19,46,"Hickory Water Tower","PM2.5","Catawba",35.728889,-81.365556
"979",2025-05-20,53,"Hickory Water Tower","PM2.5","Catawba",35.728889,-81.365556
"980",2025-05-21,36,"Hickory Water Tower","PM2.5","Catawba",35.728889,-81.365556
"981",2025-05-22,17,"Hickory Water Tower","PM2.5","Catawba",35.728889,-81.365556
"982",2025-05-23,16,"Hickory Water Tower","PM2.5","Catawba",35.728889,-81.365556
"983",2025-05-24,34,"Hickory Water Tower","PM2.5","Catawba",35.728889,-81.365556
"984",2025-05-25,48,"Hickory Water Tower","PM2.5","Catawba",35.728889,-81.365556
"985",2025-05-26,36,"Hickory Water Tower","PM2.5","Catawba",35.728889,-81.365556
"986",2025-05-27,14,"Hickory Water Tower","PM2.5","Catawba",35.728889,-81.365556
"987",2025-05-28,19,"Hickory Water Tower","PM2.5","Catawba",35.728889,-81.365556
"988",2025-05-29,49,"Hickory Water Tower","PM2.5","Catawba",35.728889,-81.365556
"989",2025-05-30,19,"Hickory Water Tower","PM2.5","Catawba",35.728889,-81.365556
"990",2025-05-31,53,"Hickory Water Tower","PM2.5","Catawba",35.728889,-81.365556
"991",2025-06-02,53,"Hickory Water Tower","PM2.5","Catawba",35.728889,-81.365556
"992",2025-06-03,63,"Hickory Water Tower","PM2.5","Catawba",35.728889,-81.365556
"993",2025-06-04,69,"Hickory Water Tower","PM2.5","Catawba",35.728889,-81.365556
"994",2025-06-05,58,"Hickory Water Tower","PM2.5","Catawba",35.728889,-81.365556
"995",2025-06-06,54,"Hickory Water Tower","PM2.5","Catawba",35.728889,-81.365556
"996",2025-06-07,34,"Hickory Water Tower","PM2.5","Catawba",35.728889,-81.365556
"997",2025-06-08,32,"Hickory Water Tower","PM2.5","Catawba",35.728889,-81.365556
"998",2025-06-09,31,"Hickory Water Tower","PM2.5","Catawba",35.728889,-81.365556
"999",2025-06-10,33,"Hickory Water Tower","PM2.5","Catawba",35.728889,-81.365556
"1000",2025-06-11,55,"Hickory Water Tower","PM2.5","Catawba",35.728889,-81.365556
"1001",2025-06-12,59,"Hickory Water Tower","PM2.5","Catawba",35.728889,-81.365556
"1002",2025-06-13,29,"Hickory Water Tower","PM2.5","Catawba",35.728889,-81.365556
"1003",2025-06-14,23,"Hickory Water Tower","PM2.5","Catawba",35.728889,-81.365556
"1004",2025-06-15,27,"Hickory Water Tower","PM2.5","Catawba",35.728889,-81.365556
"1005",2025-06-16,41,"Hickory Water Tower","PM2.5","Catawba",35.728889,-81.365556
"1006",2025-06-17,39,"Hickory Water Tower","PM2.5","Catawba",35.728889,-81.365556
"1007",2025-06-18,24,"Hickory Water Tower","PM2.5","Catawba",35.728889,-81.365556
"1008",2025-06-19,35,"Hickory Water Tower","PM2.5","Catawba",35.728889,-81.365556
"1009",2025-06-20,36,"Hickory Water Tower","PM2.5","Catawba",35.728889,-81.365556
"1010",2025-06-21,53,"Hickory Water Tower","PM2.5","Catawba",35.728889,-81.365556
"1011",2025-06-22,55,"Hickory Water Tower","PM2.5","Catawba",35.728889,-81.365556
"1012",2025-06-23,57,"Hickory Water Tower","PM2.5","Catawba",35.728889,-81.365556
"1013",2025-06-24,61,"Hickory Water Tower","PM2.5","Catawba",35.728889,-81.365556
"1014",2025-06-25,56,"Hickory Water Tower","PM2.5","Catawba",35.728889,-81.365556
"1015",2025-06-26,52,"Hickory Water Tower","PM2.5","Catawba",35.728889,-81.365556
"1016",2025-06-27,51,"Hickory Water Tower","PM2.5","Catawba",35.728889,-81.365556
"1017",2025-06-28,44,"Hickory Water Tower","PM2.5","Catawba",35.728889,-81.365556
"1018",2025-06-29,51,"Hickory Water Tower","PM2.5","Catawba",35.728889,-81.365556
"1019",2025-06-30,52,"Hickory Water Tower","PM2.5","Catawba",35.728889,-81.365556
"1020",2025-07-01,52,"Hickory Water Tower","PM2.5","Catawba",35.728889,-81.365556
"1021",2025-07-02,32,"Hickory Water Tower","PM2.5","Catawba",35.728889,-81.365556
"1022",2025-07-03,50,"Hickory Water Tower","PM2.5","Catawba",35.728889,-81.365556
"1023",2025-07-04,70,"Hickory Water Tower","PM2.5","Catawba",35.728889,-81.365556
"1024",2025-07-05,68,"Hickory Water Tower","PM2.5","Catawba",35.728889,-81.365556
"1025",2025-07-06,47,"Hickory Water Tower","PM2.5","Catawba",35.728889,-81.365556
"1026",2025-07-07,52,"Hickory Water Tower","PM2.5","Catawba",35.728889,-81.365556
"1027",2025-07-08,57,"Hickory Water Tower","PM2.5","Catawba",35.728889,-81.365556
"1028",2025-07-09,60,"Hickory Water Tower","PM2.5","Catawba",35.728889,-81.365556
"1029",2025-07-10,28,"Hickory Water Tower","PM2.5","Catawba",35.728889,-81.365556
"1030",2025-07-11,28,"Hickory Water Tower","PM2.5","Catawba",35.728889,-81.365556
"1031",2025-07-12,34,"Hickory Water Tower","PM2.5","Catawba",35.728889,-81.365556
"1032",2025-07-13,38,"Hickory Water Tower","PM2.5","Catawba",35.728889,-81.365556
"1033",2025-07-14,33,"Hickory Water Tower","PM2.5","Catawba",35.728889,-81.365556
"1034",2025-07-15,53,"Hickory Water Tower","PM2.5","Catawba",35.728889,-81.365556
"1035",2025-07-16,45,"Hickory Water Tower","PM2.5","Catawba",35.728889,-81.365556
"1036",2025-07-17,46,"Hickory Water Tower","PM2.5","Catawba",35.728889,-81.365556
"1037",2025-07-18,39,"Hickory Water Tower","PM2.5","Catawba",35.728889,-81.365556
"1038",2025-07-19,30,"Hickory Water Tower","PM2.5","Catawba",35.728889,-81.365556
"1039",2025-07-20,43,"Hickory Water Tower","PM2.5","Catawba",35.728889,-81.365556
"1040",2025-07-21,52,"Hickory Water Tower","PM2.5","Catawba",35.728889,-81.365556
"1041",2025-07-22,51,"Hickory Water Tower","PM2.5","Catawba",35.728889,-81.365556
"1042",2025-07-23,58,"Hickory Water Tower","PM2.5","Catawba",35.728889,-81.365556
"1043",2025-07-24,61,"Hickory Water Tower","PM2.5","Catawba",35.728889,-81.365556
"1044",2025-07-25,54,"Hickory Water Tower","PM2.5","Catawba",35.728889,-81.365556
"1045",2025-07-26,53,"Hickory Water Tower","PM2.5","Catawba",35.728889,-81.365556
"1046",2025-07-27,37,"Hickory Water Tower","PM2.5","Catawba",35.728889,-81.365556
"1047",2025-07-28,29,"Hickory Water Tower","PM2.5","Catawba",35.728889,-81.365556
"1048",2025-07-29,30,"Hickory Water Tower","PM2.5","Catawba",35.728889,-81.365556
"1049",2025-07-30,46,"Hickory Water Tower","PM2.5","Catawba",35.728889,-81.365556
"1050",2025-07-31,36,"Hickory Water Tower","PM2.5","Catawba",35.728889,-81.365556
"1051",2025-08-01,42,"Hickory Water Tower","PM2.5","Catawba",35.728889,-81.365556
"1052",2025-08-02,17,"Hickory Water Tower","PM2.5","Catawba",35.728889,-81.365556
"1053",2025-08-03,49,"Hickory Water Tower","PM2.5","Catawba",35.728889,-81.365556
"1054",2025-08-04,51,"Hickory Water Tower","PM2.5","Catawba",35.728889,-81.365556
"1055",2025-08-05,46,"Hickory Water Tower","PM2.5","Catawba",35.728889,-81.365556
"1056",2025-08-06,41,"Hickory Water Tower","PM2.5","Catawba",35.728889,-81.365556
"1057",2025-08-07,58,"Hickory Water Tower","PM2.5","Catawba",35.728889,-81.365556
"1058",2025-08-08,85,"Hickory Water Tower","PM2.5","Catawba",35.728889,-81.365556
"1059",2025-08-09,66,"Hickory Water Tower","PM2.5","Catawba",35.728889,-81.365556
"1060",2025-08-10,53,"Hickory Water Tower","PM2.5","Catawba",35.728889,-81.365556
"1061",2025-08-11,30,"Hickory Water Tower","PM2.5","Catawba",35.728889,-81.365556
"1062",2025-08-12,19,"Hickory Water Tower","PM2.5","Catawba",35.728889,-81.365556
"1063",2025-08-13,21,"Hickory Water Tower","PM2.5","Catawba",35.728889,-81.365556
"1064",2025-08-14,24,"Hickory Water Tower","PM2.5","Catawba",35.728889,-81.365556
"1065",2025-08-15,45,"Hickory Water Tower","PM2.5","Catawba",35.728889,-81.365556
"1066",2025-08-16,46,"Hickory Water Tower","PM2.5","Catawba",35.728889,-81.365556
"1067",2025-08-17,46,"Hickory Water Tower","PM2.5","Catawba",35.728889,-81.365556
"1068",2025-08-18,47,"Hickory Water Tower","PM2.5","Catawba",35.728889,-81.365556
"1069",2025-08-19,50,"Hickory Water Tower","PM2.5","Catawba",35.728889,-81.365556
"1070",2025-08-20,43,"Hickory Water Tower","PM2.5","Catawba",35.728889,-81.365556
"1071",2025-08-21,40,"Hickory Water Tower","PM2.5","Catawba",35.728889,-81.365556
"1072",2025-08-22,23,"Hickory Water Tower","PM2.5","Catawba",35.728889,-81.365556
"1073",2025-08-23,34,"Hickory Water Tower","PM2.5","Catawba",35.728889,-81.365556
"1074",2025-08-24,36,"Hickory Water Tower","PM2.5","Catawba",35.728889,-81.365556
"1075",2025-08-25,27,"Hickory Water Tower","PM2.5","Catawba",35.728889,-81.365556
"1076",2025-08-26,23,"Hickory Water Tower","PM2.5","Catawba",35.728889,-81.365556
"1077",2025-08-27,34,"Hickory Water Tower","PM2.5","Catawba",35.728889,-81.365556
"1078",2025-08-28,48,"Hickory Water Tower","PM2.5","Catawba",35.728889,-81.365556
"1079",2025-08-29,34,"Hickory Water Tower","PM2.5","Catawba",35.728889,-81.365556
"1080",2025-08-30,39,"Hickory Water Tower","PM2.5","Catawba",35.728889,-81.365556
"1081",2025-08-31,42,"Hickory Water Tower","PM2.5","Catawba",35.728889,-81.365556
"1082",2025-09-01,23,"Hickory Water Tower","PM2.5","Catawba",35.728889,-81.365556
"1083",2025-09-02,29,"Hickory Water Tower","PM2.5","Catawba",35.728889,-81.365556
"1084",2025-09-03,39,"Hickory Water Tower","PM2.5","Catawba",35.728889,-81.365556
"1085",2025-09-04,39,"Hickory Water Tower","PM2.5","Catawba",35.728889,-81.365556
"1086",2025-09-05,57,"Hickory Water Tower","PM2.5","Catawba",35.728889,-81.365556
"1087",2025-09-06,58,"Hickory Water Tower","PM2.5","Catawba",35.728889,-81.365556
"1088",2025-09-07,27,"Hickory Water Tower","PM2.5","Catawba",35.728889,-81.365556
"1089",2025-09-08,25,"Hickory Water Tower","PM2.5","Catawba",35.728889,-81.365556
"1090",2025-09-09,27,"Hickory Water Tower","PM2.5","Catawba",35.728889,-81.365556
"1091",2025-09-10,36,"Hickory Water Tower","PM2.5","Catawba",35.728889,-81.365556
"1092",2025-09-11,32,"Hickory Water Tower","PM2.5","Catawba",35.728889,-81.365556
"1093",2025-09-12,39,"Hickory Water Tower","PM2.5","Catawba",35.728889,-81.365556
"1094",2025-09-13,43,"Hickory Water Tower","PM2.5","Catawba",35.728889,-81.365556
"1095",2025-09-14,51,"Hickory Water Tower","PM2.5","Catawba",35.728889,-81.365556
"1096",2025-09-15,47,"Hickory Water Tower","PM2.5","Catawba",35.728889,-81.365556
"1097",2025-09-16,42,"Hickory Water Tower","PM2.5","Catawba",35.728889,-81.365556
"1098",2025-09-17,43,"Hickory Water Tower","PM2.5","Catawba",35.728889,-81.365556
"1099",2025-09-18,45,"Hickory Water Tower","PM2.5","Catawba",35.728889,-81.365556
"1100",2025-09-19,44,"Hickory Water Tower","PM2.5","Catawba",35.728889,-81.365556
"1101",2025-09-20,48,"Hickory Water Tower","PM2.5","Catawba",35.728889,-81.365556
"1102",2025-09-21,57,"Hickory Water Tower","PM2.5","Catawba",35.728889,-81.365556
"1103",2025-09-22,55,"Hickory Water Tower","PM2.5","Catawba",35.728889,-81.365556
"1104",2025-09-23,61,"Hickory Water Tower","PM2.5","Catawba",35.728889,-81.365556
"1105",2025-09-24,58,"Hickory Water Tower","PM2.5","Catawba",35.728889,-81.365556
"1106",2025-09-25,28,"Hickory Water Tower","PM2.5","Catawba",35.728889,-81.365556
"1107",2025-09-26,40,"Hickory Water Tower","PM2.5","Catawba",35.728889,-81.365556
"1108",2025-09-27,17,"Hickory Water Tower","PM2.5","Catawba",35.728889,-81.365556
"1109",2025-09-28,22,"Hickory Water Tower","PM2.5","Catawba",35.728889,-81.365556
"1110",2025-09-29,33,"Hickory Water Tower","PM2.5","Catawba",35.728889,-81.365556
"1111",2025-09-30,37,"Hickory Water Tower","PM2.5","Catawba",35.728889,-81.365556
"1112",2025-10-08,22,"Hickory Water Tower","PM2.5","Catawba",35.728889,-81.365556
"1113",2025-10-09,19,"Hickory Water Tower","PM2.5","Catawba",35.728889,-81.365556
"1114",2025-10-10,19,"Hickory Water Tower","PM2.5","Catawba",35.728889,-81.365556
"1115",2025-10-11,23,"Hickory Water Tower","PM2.5","Catawba",35.728889,-81.365556
"1116",2025-10-12,11,"Hickory Water Tower","PM2.5","Catawba",35.728889,-81.365556
"1117",2025-10-13,6,"Hickory Water Tower","PM2.5","Catawba",35.728889,-81.365556
"1118",2025-10-14,13,"Hickory Water Tower","PM2.5","Catawba",35.728889,-81.365556
"1119",2025-10-15,20,"Hickory Water Tower","PM2.5","Catawba",35.728889,-81.365556
"1120",2025-10-16,17,"Hickory Water Tower","PM2.5","Catawba",35.728889,-81.365556
"1121",2025-10-17,34,"Hickory Water Tower","PM2.5","Catawba",35.728889,-81.365556
"1122",2025-10-18,51,"Hickory Water Tower","PM2.5","Catawba",35.728889,-81.365556
"1123",2025-10-19,28,"Hickory Water Tower","PM2.5","Catawba",35.728889,-81.365556
"1124",2025-10-20,12,"Hickory Water Tower","PM2.5","Catawba",35.728889,-81.365556
"1125",2025-10-21,34,"Hickory Water Tower","PM2.5","Catawba",35.728889,-81.365556
"1126",2025-10-22,9,"Hickory Water Tower","PM2.5","Catawba",35.728889,-81.365556
"1127",2025-10-23,22,"Hickory Water Tower","PM2.5","Catawba",35.728889,-81.365556
"1128",2025-10-24,18,"Hickory Water Tower","PM2.5","Catawba",35.728889,-81.365556
"1129",2025-10-25,31,"Hickory Water Tower","PM2.5","Catawba",35.728889,-81.365556
"1130",2025-10-26,33,"Hickory Water Tower","PM2.5","Catawba",35.728889,-81.365556
"1131",2025-10-27,27,"Hickory Water Tower","PM2.5","Catawba",35.728889,-81.365556
"1132",2025-10-28,15,"Hickory Water Tower","PM2.5","Catawba",35.728889,-81.365556
"1133",2025-10-29,12,"Hickory Water Tower","PM2.5","Catawba",35.728889,-81.365556
"1134",2025-10-30,0,"Hickory Water Tower","PM2.5","Catawba",35.728889,-81.365556
"1135",2025-10-31,17,"Hickory Water Tower","PM2.5","Catawba",35.728889,-81.365556
"1136",2025-11-01,31,"Hickory Water Tower","PM2.5","Catawba",35.728889,-81.365556
"1137",2025-11-02,53,"Hickory Water Tower","PM2.5","Catawba",35.728889,-81.365556
"1138",2025-11-03,36,"Hickory Water Tower","PM2.5","Catawba",35.728889,-81.365556
"1139",2025-11-04,22,"Hickory Water Tower","PM2.5","Catawba",35.728889,-81.365556
"1140",2025-11-05,52,"Hickory Water Tower","PM2.5","Catawba",35.728889,-81.365556
"1141",2025-11-06,40,"Hickory Water Tower","PM2.5","Catawba",35.728889,-81.365556
"1142",2025-11-07,57,"Hickory Water Tower","PM2.5","Catawba",35.728889,-81.365556
"1143",2025-11-08,46,"Hickory Water Tower","PM2.5","Catawba",35.728889,-81.365556
"1144",2025-11-09,53,"Hickory Water Tower","PM2.5","Catawba",35.728889,-81.365556
"1145",2025-11-10,0,"Hickory Water Tower","PM2.5","Catawba",35.728889,-81.365556
"1146",2025-11-11,11,"Hickory Water Tower","PM2.5","Catawba",35.728889,-81.365556
"1147",2025-11-12,26,"Hickory Water Tower","PM2.5","Catawba",35.728889,-81.365556
"1148",2025-11-13,23,"Hickory Water Tower","PM2.5","Catawba",35.728889,-81.365556
"1149",2025-11-14,36,"Hickory Water Tower","PM2.5","Catawba",35.728889,-81.365556
"1150",2025-11-15,56,"Hickory Water Tower","PM2.5","Catawba",35.728889,-81.365556
"1151",2025-11-16,21,"Hickory Water Tower","PM2.5","Catawba",35.728889,-81.365556
"1152",2025-11-17,17,"Hickory Water Tower","PM2.5","Catawba",35.728889,-81.365556
"1153",2025-11-18,44,"Hickory Water Tower","PM2.5","Catawba",35.728889,-81.365556
"1154",2025-11-19,56,"Hickory Water Tower","PM2.5","Catawba",35.728889,-81.365556
"1155",2025-11-20,59,"Hickory Water Tower","PM2.5","Catawba",35.728889,-81.365556
"1156",2025-11-21,82,"Hickory Water Tower","PM2.5","Catawba",35.728889,-81.365556
"1157",2025-11-22,44,"Hickory Water Tower","PM2.5","Catawba",35.728889,-81.365556
"1158",2025-11-23,16,"Hickory Water Tower","PM2.5","Catawba",35.728889,-81.365556
"1159",2025-11-24,42,"Hickory Water Tower","PM2.5","Catawba",35.728889,-81.365556
"1160",2025-11-25,63,"Hickory Water Tower","PM2.5","Catawba",35.728889,-81.365556
"1161",2025-11-26,41,"Hickory Water Tower","PM2.5","Catawba",35.728889,-81.365556
"1162",2025-11-27,9,"Hickory Water Tower","PM2.5","Catawba",35.728889,-81.365556
"1163",2025-11-28,13,"Hickory Water Tower","PM2.5","Catawba",35.728889,-81.365556
"1164",2025-11-29,37,"Hickory Water Tower","PM2.5","Catawba",35.728889,-81.365556
"1165",2025-11-30,54,"Hickory Water Tower","PM2.5","Catawba",35.728889,-81.365556
"1166",2025-12-01,47,"Hickory Water Tower","PM2.5","Catawba",35.728889,-81.365556
"1167",2025-12-02,37,"Hickory Water Tower","PM2.5","Catawba",35.728889,-81.365556
"1168",2025-12-03,35,"Hickory Water Tower","PM2.5","Catawba",35.728889,-81.365556
"1169",2025-12-04,51,"Hickory Water Tower","PM2.5","Catawba",35.728889,-81.365556
"1170",2025-12-05,33,"Hickory Water Tower","PM2.5","Catawba",35.728889,-81.365556
"1171",2025-12-06,44,"Hickory Water Tower","PM2.5","Catawba",35.728889,-81.365556
"1172",2025-12-07,33,"Hickory Water Tower","PM2.5","Catawba",35.728889,-81.365556
"1173",2025-12-08,49,"Hickory Water Tower","PM2.5","Catawba",35.728889,-81.365556
"1174",2025-12-09,32,"Hickory Water Tower","PM2.5","Catawba",35.728889,-81.365556
"1175",2025-12-10,45,"Hickory Water Tower","PM2.5","Catawba",35.728889,-81.365556
"1176",2025-12-11,16,"Hickory Water Tower","PM2.5","Catawba",35.728889,-81.365556
"1177",2025-12-12,52,"Hickory Water Tower","PM2.5","Catawba",35.728889,-81.365556
"1178",2025-12-13,61,"Hickory Water Tower","PM2.5","Catawba",35.728889,-81.365556
"1179",2025-12-14,28,"Hickory Water Tower","PM2.5","Catawba",35.728889,-81.365556
"1180",2025-12-15,16,"Hickory Water Tower","PM2.5","Catawba",35.728889,-81.365556
"1181",2025-12-16,57,"Hickory Water Tower","PM2.5","Catawba",35.728889,-81.365556
"1182",2025-12-17,60,"Hickory Water Tower","PM2.5","Catawba",35.728889,-81.365556
"1183",2025-12-18,71,"Hickory Water Tower","PM2.5","Catawba",35.728889,-81.365556
"1184",2025-12-19,14,"Hickory Water Tower","PM2.5","Catawba",35.728889,-81.365556
"1185",2025-12-20,29,"Hickory Water Tower","PM2.5","Catawba",35.728889,-81.365556
"1186",2025-12-21,51,"Hickory Water Tower","PM2.5","Catawba",35.728889,-81.365556
"1187",2025-12-22,33,"Hickory Water Tower","PM2.5","Catawba",35.728889,-81.365556
"1188",2025-12-23,39,"Hickory Water Tower","PM2.5","Catawba",35.728889,-81.365556
"1189",2025-12-24,43,"Hickory Water Tower","PM2.5","Catawba",35.728889,-81.365556
"1190",2025-12-25,47,"Hickory Water Tower","PM2.5","Catawba",35.728889,-81.365556
"1191",2025-12-26,53,"Hickory Water Tower","PM2.5","Catawba",35.728889,-81.365556
"1192",2025-12-27,51,"Hickory Water Tower","PM2.5","Catawba",35.728889,-81.365556
"1193",2025-12-28,29,"Hickory Water Tower","PM2.5","Catawba",35.728889,-81.365556
"1194",2025-12-29,29,"Hickory Water Tower","PM2.5","Catawba",35.728889,-81.365556
"1195",2025-12-30,8,"Hickory Water Tower","PM2.5","Catawba",35.728889,-81.365556
"1196",2025-12-31,20,"Hickory Water Tower","PM2.5","Catawba",35.728889,-81.365556
"1197",2025-01-01,3,"Hickory Water Tower","PM2.5","Catawba",35.728889,-81.365556
"1198",2025-01-02,21,"Hickory Water Tower","PM2.5","Catawba",35.728889,-81.365556
"1199",2025-01-03,19,"Hickory Water Tower","PM2.5","Catawba",35.728889,-81.365556
"1200",2025-01-04,8,"Hickory Water Tower","PM2.5","Catawba",35.728889,-81.365556
"1201",2025-01-05,42,"Hickory Water Tower","PM2.5","Catawba",35.728889,-81.365556
"1202",2025-01-06,43,"Hickory Water Tower","PM2.5","Catawba",35.728889,-81.365556
"1203",2025-01-07,8,"Hickory Water Tower","PM2.5","Catawba",35.728889,-81.365556
"1204",2025-01-08,22,"Hickory Water Tower","PM2.5","Catawba",35.728889,-81.365556
"1205",2025-01-09,18,"Hickory Water Tower","PM2.5","Catawba",35.728889,-81.365556
"1206",2025-01-10,49,"Hickory Water Tower","PM2.5","Catawba",35.728889,-81.365556
"1207",2025-01-11,46,"Hickory Water Tower","PM2.5","Catawba",35.728889,-81.365556
"1208",2025-01-12,47,"Hickory Water Tower","PM2.5","Catawba",35.728889,-81.365556
"1209",2025-01-13,53,"Hickory Water Tower","PM2.5","Catawba",35.728889,-81.365556
"1210",2025-01-14,9,"Hickory Water Tower","PM2.5","Catawba",35.728889,-81.365556
"1211",2025-01-15,44,"Hickory Water Tower","PM2.5","Catawba",35.728889,-81.365556
"1212",2025-01-16,33,"Hickory Water Tower","PM2.5","Catawba",35.728889,-81.365556
"1213",2025-01-17,35,"Hickory Water Tower","PM2.5","Catawba",35.728889,-81.365556
"1214",2025-01-18,53,"Hickory Water Tower","PM2.5","Catawba",35.728889,-81.365556
"1215",2025-01-19,49,"Hickory Water Tower","PM2.5","Catawba",35.728889,-81.365556
"1216",2025-01-20,16,"Hickory Water Tower","PM2.5","Catawba",35.728889,-81.365556
"1217",2025-01-21,29,"Hickory Water Tower","PM2.5","Catawba",35.728889,-81.365556
"1218",2025-01-22,28,"Hickory Water Tower","PM2.5","Catawba",35.728889,-81.365556
"1219",2025-01-23,65,"Hickory Water Tower","PM2.5","Catawba",35.728889,-81.365556
"1220",2025-01-24,61,"Hickory Water Tower","PM2.5","Catawba",35.728889,-81.365556
"1221",2025-01-25,52,"Hickory Water Tower","PM2.5","Catawba",35.728889,-81.365556
"1222",2025-01-26,53,"Hickory Water Tower","PM2.5","Catawba",35.728889,-81.365556
"1223",2025-01-27,54,"Hickory Water Tower","PM2.5","Catawba",35.728889,-81.365556
"1224",2025-01-28,12,"Hickory Water Tower","PM2.5","Catawba",35.728889,-81.365556
"1225",2025-01-29,21,"Hickory Water Tower","PM2.5","Catawba",35.728889,-81.365556
"1226",2025-01-30,48,"Hickory Water Tower","PM2.5","Catawba",35.728889,-81.365556
"1227",2025-01-31,60,"Hickory Water Tower","PM2.5","Catawba",35.728889,-81.365556
"1228",2025-02-01,22,"Hickory Water Tower","PM2.5","Catawba",35.728889,-81.365556
"1229",2025-02-02,41,"Hickory Water Tower","PM2.5","Catawba",35.728889,-81.365556
"1230",2025-02-03,51,"Hickory Water Tower","PM2.5","Catawba",35.728889,-81.365556
"1231",2025-02-04,52,"Hickory Water Tower","PM2.5","Catawba",35.728889,-81.365556
"1232",2025-02-05,43,"Hickory Water Tower","PM2.5","Catawba",35.728889,-81.365556
"1233",2025-02-06,60,"Hickory Water Tower","PM2.5","Catawba",35.728889,-81.365556
"1234",2025-02-07,24,"Hickory Water Tower","PM2.5","Catawba",35.728889,-81.365556
"1235",2025-02-08,34,"Hickory Water Tower","PM2.5","Catawba",35.728889,-81.365556
"1236",2025-02-09,42,"Hickory Water Tower","PM2.5","Catawba",35.728889,-81.365556
"1237",2025-02-10,18,"Hickory Water Tower","PM2.5","Catawba",35.728889,-81.365556
"1238",2025-02-11,54,"Hickory Water Tower","PM2.5","Catawba",35.728889,-81.365556
"1239",2025-02-12,13,"Hickory Water Tower","PM2.5","Catawba",35.728889,-81.365556
"1240",2025-02-13,4,"Hickory Water Tower","PM2.5","Catawba",35.728889,-81.365556
"1241",2025-02-14,35,"Hickory Water Tower","PM2.5","Catawba",35.728889,-81.365556
"1242",2025-02-15,49,"Hickory Water Tower","PM2.5","Catawba",35.728889,-81.365556
"1243",2025-02-16,9,"Hickory Water Tower","PM2.5","Catawba",35.728889,-81.365556
"1244",2025-02-17,11,"Hickory Water Tower","PM2.5","Catawba",35.728889,-81.365556
"1245",2025-02-18,44,"Hickory Water Tower","PM2.5","Catawba",35.728889,-81.365556
"1246",2025-02-19,46,"Hickory Water Tower","PM2.5","Catawba",35.728889,-81.365556
"1247",2025-02-20,31,"Hickory Water Tower","PM2.5","Catawba",35.728889,-81.365556
"1248",2025-02-21,16,"Hickory Water Tower","PM2.5","Catawba",35.728889,-81.365556
"1249",2025-02-22,45,"Hickory Water Tower","PM2.5","Catawba",35.728889,-81.365556
"1250",2025-02-23,53,"Hickory Water Tower","PM2.5","Catawba",35.728889,-81.365556
"1251",2025-02-24,53,"Hickory Water Tower","PM2.5","Catawba",35.728889,-81.365556
"1252",2025-03-01,22,"Hickory Water Tower","PM2.5","Catawba",35.728889,-81.365556
"1253",2025-03-02,15,"Hickory Water Tower","PM2.5","Catawba",35.728889,-81.365556
"1254",2025-03-03,41,"Hickory Water Tower","PM2.5","Catawba",35.728889,-81.365556
"1255",2025-03-04,37,"Hickory Water Tower","PM2.5","Catawba",35.728889,-81.365556
"1256",2025-03-05,30,"Hickory Water Tower","PM2.5","Catawba",35.728889,-81.365556
"1257",2025-03-06,8,"Hickory Water Tower","PM2.5","Catawba",35.728889,-81.365556
"1258",2025-03-07,21,"Hickory Water Tower","PM2.5","Catawba",35.728889,-81.365556
"1259",2025-03-08,39,"Hickory Water Tower","PM2.5","Catawba",35.728889,-81.365556
"1260",2025-03-09,25,"Hickory Water Tower","PM2.5","Catawba",35.728889,-81.365556
"1261",2025-03-10,47,"Hickory Water Tower","PM2.5","Catawba",35.728889,-81.365556
"1262",2025-03-11,46,"Hickory Water Tower","PM2.5","Catawba",35.728889,-81.365556
"1263",2025-03-12,44,"Hickory Water Tower","PM2.5","Catawba",35.728889,-81.365556
"1264",2025-03-13,58,"Hickory Water Tower","PM2.5","Catawba",35.728889,-81.365556
"1265",2025-03-14,71,"Hickory Water Tower","PM2.5","Catawba",35.728889,-81.365556
"1266",2025-03-15,67,"Hickory Water Tower","PM2.5","Catawba",35.728889,-81.365556
"1267",2025-03-16,41,"Hickory Water Tower","PM2.5","Catawba",35.728889,-81.365556
"1268",2025-03-17,16,"Hickory Water Tower","PM2.5","Catawba",35.728889,-81.365556
"1269",2025-03-18,22,"Hickory Water Tower","PM2.5","Catawba",35.728889,-81.365556
"1270",2025-03-19,51,"Hickory Water Tower","PM2.5","Catawba",35.728889,-81.365556
"1271",2025-03-20,50,"Hickory Water Tower","PM2.5","Catawba",35.728889,-81.365556
"1272",2025-03-21,34,"Hickory Water Tower","PM2.5","Catawba",35.728889,-81.365556
"1273",2025-03-22,54,"Hickory Water Tower","PM2.5","Catawba",35.728889,-81.365556
"1274",2025-03-23,27,"Hickory Water Tower","PM2.5","Catawba",35.728889,-81.365556
"1275",2025-03-24,41,"Hickory Water Tower","PM2.5","Catawba",35.728889,-81.365556
"1276",2025-03-25,13,"Hickory Water Tower","PM2.5","Catawba",35.728889,-81.365556
"1277",2025-03-26,13,"Hickory Water Tower","PM2.5","Catawba",35.728889,-81.365556
"1278",2025-03-27,52,"Hickory Water Tower","PM2.5","Catawba",35.728889,-81.365556
"1279",2025-03-28,60,"Hickory Water Tower","PM2.5","Catawba",35.728889,-81.365556
"1280",2025-03-29,47,"Hickory Water Tower","PM2.5","Catawba",35.728889,-81.365556
"1281",2025-03-30,33,"Hickory Water Tower","PM2.5","Catawba",35.728889,-81.365556
"1282",2025-03-31,28,"Hickory Water Tower","PM2.5","Catawba",35.728889,-81.365556
"1283",2025-04-01,7,"Hickory Water Tower","PM2.5","Catawba",35.728889,-81.365556
"1284",2025-04-02,27,"Hickory Water Tower","PM2.5","Catawba",35.728889,-81.365556
"1285",2025-04-03,36,"Hickory Water Tower","PM2.5","Catawba",35.728889,-81.365556
"1286",2025-04-04,51,"Hickory Water Tower","PM2.5","Catawba",35.728889,-81.365556
"1287",2025-04-05,52,"Hickory Water Tower","PM2.5","Catawba",35.728889,-81.365556
"1288",2025-04-06,25,"Hickory Water Tower","PM2.5","Catawba",35.728889,-81.365556
"1289",2025-04-07,17,"Hickory Water Tower","PM2.5","Catawba",35.728889,-81.365556
"1290",2025-04-08,22,"Hickory Water Tower","PM2.5","Catawba",35.728889,-81.365556
"1291",2025-04-09,27,"Hickory Water Tower","PM2.5","Catawba",35.728889,-81.365556
"1292",2025-04-10,54,"Hickory Water Tower","PM2.5","Catawba",35.728889,-81.365556
"1293",2025-04-11,48,"Hickory Water Tower","PM2.5","Catawba",35.728889,-81.365556
"1294",2025-04-12,33,"Hickory Water Tower","PM2.5","Catawba",35.728889,-81.365556
"1295",2025-04-13,38,"Hickory Water Tower","PM2.5","Catawba",35.728889,-81.365556
"1296",2025-04-14,53,"Hickory Water Tower","PM2.5","Catawba",35.728889,-81.365556
"1297",2025-04-15,32,"Hickory Water Tower","PM2.5","Catawba",35.728889,-81.365556
"1298",2025-04-16,19,"Hickory Water Tower","PM2.5","Catawba",35.728889,-81.365556
"1299",2025-04-17,39,"Hickory Water Tower","PM2.5","Catawba",35.728889,-81.365556
"1300",2025-04-18,59,"Hickory Water Tower","PM2.5","Catawba",35.728889,-81.365556
"1301",2025-04-19,56,"Hickory Water Tower","PM2.5","Catawba",35.728889,-81.365556
"1302",2025-04-20,61,"Hickory Water Tower","PM2.5","Catawba",35.728889,-81.365556
"1303",2025-04-21,51,"Hickory Water Tower","PM2.5","Catawba",35.728889,-81.365556
"1304",2025-04-22,46,"Hickory Water Tower","PM2.5","Catawba",35.728889,-81.365556
"1305",2025-04-23,33,"Hickory Water Tower","PM2.5","Catawba",35.728889,-81.365556
"1306",2025-04-24,59,"Hickory Water Tower","PM2.5","Catawba",35.728889,-81.365556
"1307",2025-05-01,57,"Hickory Water Tower","PM2.5","Catawba",35.728889,-81.365556
"1308",2025-05-02,36,"Hickory Water Tower","PM2.5","Catawba",35.728889,-81.365556
"1309",2025-05-03,47,"Hickory Water Tower","PM2.5","Catawba",35.728889,-81.365556
"1310",2025-05-04,21,"Hickory Water Tower","PM2.5","Catawba",35.728889,-81.365556
"1311",2025-05-05,24,"Hickory Water Tower","PM2.5","Catawba",35.728889,-81.365556
"1312",2025-05-06,29,"Hickory Water Tower","PM2.5","Catawba",35.728889,-81.365556
"1313",2025-05-07,34,"Hickory Water Tower","PM2.5","Catawba",35.728889,-81.365556
"1314",2025-05-08,42,"Hickory Water Tower","PM2.5","Catawba",35.728889,-81.365556
"1315",2025-05-09,29,"Hickory Water Tower","PM2.5","Catawba",35.728889,-81.365556
"1316",2025-05-10,33,"Hickory Water Tower","PM2.5","Catawba",35.728889,-81.365556
"1317",2025-05-11,52,"Hickory Water Tower","PM2.5","Catawba",35.728889,-81.365556
"1318",2025-05-12,23,"Hickory Water Tower","PM2.5","Catawba",35.728889,-81.365556
"1319",2025-05-13,17,"Hickory Water Tower","PM2.5","Catawba",35.728889,-81.365556
"1320",2025-05-14,32,"Hickory Water Tower","PM2.5","Catawba",35.728889,-81.365556
"1321",2025-05-15,52,"Hickory Water Tower","PM2.5","Catawba",35.728889,-81.365556
"1322",2025-05-16,62,"Hickory Water Tower","PM2.5","Catawba",35.728889,-81.365556
"1323",2025-05-17,23,"Hickory Water Tower","PM2.5","Catawba",35.728889,-81.365556
"1324",2025-05-18,21,"Hickory Water Tower","PM2.5","Catawba",35.728889,-81.365556
"1325",2025-05-19,37,"Hickory Water Tower","PM2.5","Catawba",35.728889,-81.365556
"1326",2025-05-20,54,"Hickory Water Tower","PM2.5","Catawba",35.728889,-81.365556
"1327",2025-05-21,36,"Hickory Water Tower","PM2.5","Catawba",35.728889,-81.365556
"1328",2025-05-22,16,"Hickory Water Tower","PM2.5","Catawba",35.728889,-81.365556
"1329",2025-05-23,20,"Hickory Water Tower","PM2.5","Catawba",35.728889,-81.365556
"1330",2025-05-24,31,"Hickory Water Tower","PM2.5","Catawba",35.728889,-81.365556
"1331",2025-05-25,44,"Hickory Water Tower","PM2.5","Catawba",35.728889,-81.365556
"1332",2025-05-26,39,"Hickory Water Tower","PM2.5","Catawba",35.728889,-81.365556
"1333",2025-05-27,16,"Hickory Water Tower","PM2.5","Catawba",35.728889,-81.365556
"1334",2025-05-28,21,"Hickory Water Tower","PM2.5","Catawba",35.728889,-81.365556
"1335",2025-05-29,46,"Hickory Water Tower","PM2.5","Catawba",35.728889,-81.365556
"1336",2025-05-30,19,"Hickory Water Tower","PM2.5","Catawba",35.728889,-81.365556
"1337",2025-05-31,55,"Hickory Water Tower","PM2.5","Catawba",35.728889,-81.365556
"1338",2025-06-01,55,"Hickory Water Tower","PM2.5","Catawba",35.728889,-81.365556
"1339",2025-06-02,54,"Hickory Water Tower","PM2.5","Catawba",35.728889,-81.365556
"1340",2025-06-03,63,"Hickory Water Tower","PM2.5","Catawba",35.728889,-81.365556
"1341",2025-06-04,72,"Hickory Water Tower","PM2.5","Catawba",35.728889,-81.365556
"1342",2025-06-05,60,"Hickory Water Tower","PM2.5","Catawba",35.728889,-81.365556
"1343",2025-06-06,55,"Hickory Water Tower","PM2.5","Catawba",35.728889,-81.365556
"1344",2025-06-07,32,"Hickory Water Tower","PM2.5","Catawba",35.728889,-81.365556
"1345",2025-06-08,33,"Hickory Water Tower","PM2.5","Catawba",35.728889,-81.365556
"1346",2025-06-09,36,"Hickory Water Tower","PM2.5","Catawba",35.728889,-81.365556
"1347",2025-06-10,39,"Hickory Water Tower","PM2.5","Catawba",35.728889,-81.365556
"1348",2025-06-11,55,"Hickory Water Tower","PM2.5","Catawba",35.728889,-81.365556
"1349",2025-06-12,59,"Hickory Water Tower","PM2.5","Catawba",35.728889,-81.365556
"1350",2025-06-13,29,"Hickory Water Tower","PM2.5","Catawba",35.728889,-81.365556
"1351",2025-06-14,21,"Hickory Water Tower","PM2.5","Catawba",35.728889,-81.365556
"1352",2025-06-15,25,"Hickory Water Tower","PM2.5","Catawba",35.728889,-81.365556
"1353",2025-06-16,42,"Hickory Water Tower","PM2.5","Catawba",35.728889,-81.365556
"1354",2025-06-17,25,"Hickory Water Tower","PM2.5","Catawba",35.728889,-81.365556
"1355",2025-06-18,23,"Hickory Water Tower","PM2.5","Catawba",35.728889,-81.365556
"1356",2025-06-19,26,"Hickory Water Tower","PM2.5","Catawba",35.728889,-81.365556
"1357",2025-06-20,29,"Hickory Water Tower","PM2.5","Catawba",35.728889,-81.365556
"1358",2025-06-21,55,"Hickory Water Tower","PM2.5","Catawba",35.728889,-81.365556
"1359",2025-06-22,55,"Hickory Water Tower","PM2.5","Catawba",35.728889,-81.365556
"1360",2025-06-23,54,"Hickory Water Tower","PM2.5","Catawba",35.728889,-81.365556
"1361",2025-06-24,61,"Hickory Water Tower","PM2.5","Catawba",35.728889,-81.365556
"1362",2025-06-25,57,"Hickory Water Tower","PM2.5","Catawba",35.728889,-81.365556
"1363",2025-06-26,55,"Hickory Water Tower","PM2.5","Catawba",35.728889,-81.365556
"1364",2025-06-27,52,"Hickory Water Tower","PM2.5","Catawba",35.728889,-81.365556
"1365",2025-06-28,46,"Hickory Water Tower","PM2.5","Catawba",35.728889,-81.365556
"1366",2025-06-29,44,"Hickory Water Tower","PM2.5","Catawba",35.728889,-81.365556
"1367",2025-06-30,49,"Hickory Water Tower","PM2.5","Catawba",35.728889,-81.365556
"1368",2025-07-01,52,"Hickory Water Tower","PM2.5","Catawba",35.728889,-81.365556
"1369",2025-07-02,29,"Hickory Water Tower","PM2.5","Catawba",35.728889,-81.365556
"1370",2025-07-03,48,"Hickory Water Tower","PM2.5","Catawba",35.728889,-81.365556
"1371",2025-07-04,69,"Hickory Water Tower","PM2.5","Catawba",35.728889,-81.365556
"1372",2025-07-05,69,"Hickory Water Tower","PM2.5","Catawba",35.728889,-81.365556
"1373",2025-07-06,46,"Hickory Water Tower","PM2.5","Catawba",35.728889,-81.365556
"1374",2025-07-07,52,"Hickory Water Tower","PM2.5","Catawba",35.728889,-81.365556
"1375",2025-07-08,57,"Hickory Water Tower","PM2.5","Catawba",35.728889,-81.365556
"1376",2025-07-09,59,"Hickory Water Tower","PM2.5","Catawba",35.728889,-81.365556
"1377",2025-07-10,21,"Hickory Water Tower","PM2.5","Catawba",35.728889,-81.365556
"1378",2025-07-11,28,"Hickory Water Tower","PM2.5","Catawba",35.728889,-81.365556
"1379",2025-07-12,33,"Hickory Water Tower","PM2.5","Catawba",35.728889,-81.365556
"1380",2025-07-13,44,"Hickory Water Tower","PM2.5","Catawba",35.728889,-81.365556
"1381",2025-07-14,28,"Hickory Water Tower","PM2.5","Catawba",35.728889,-81.365556
"1382",2025-07-15,47,"Hickory Water Tower","PM2.5","Catawba",35.728889,-81.365556
"1383",2025-07-16,39,"Hickory Water Tower","PM2.5","Catawba",35.728889,-81.365556
"1384",2025-07-17,41,"Hickory Water Tower","PM2.5","Catawba",35.728889,-81.365556
"1385",2025-07-18,32,"Hickory Water Tower","PM2.5","Catawba",35.728889,-81.365556
"1386",2025-07-19,24,"Hickory Water Tower","PM2.5","Catawba",35.728889,-81.365556
"1387",2025-07-20,40,"Hickory Water Tower","PM2.5","Catawba",35.728889,-81.365556
"1388",2025-07-21,54,"Hickory Water Tower","PM2.5","Catawba",35.728889,-81.365556
"1389",2025-07-22,52,"Hickory Water Tower","PM2.5","Catawba",35.728889,-81.365556
"1390",2025-07-23,57,"Hickory Water Tower","PM2.5","Catawba",35.728889,-81.365556
"1391",2025-07-24,58,"Hickory Water Tower","PM2.5","Catawba",35.728889,-81.365556
"1392",2025-07-25,54,"Hickory Water Tower","PM2.5","Catawba",35.728889,-81.365556
"1393",2025-07-26,51,"Hickory Water Tower","PM2.5","Catawba",35.728889,-81.365556
"1394",2025-07-27,34,"Hickory Water Tower","PM2.5","Catawba",35.728889,-81.365556
"1395",2025-07-28,31,"Hickory Water Tower","PM2.5","Catawba",35.728889,-81.365556
"1396",2025-07-29,36,"Hickory Water Tower","PM2.5","Catawba",35.728889,-81.365556
"1397",2025-07-30,49,"Hickory Water Tower","PM2.5","Catawba",35.728889,-81.365556
"1398",2025-07-31,34,"Hickory Water Tower","PM2.5","Catawba",35.728889,-81.365556
"1399",2025-08-01,44,"Hickory Water Tower","PM2.5","Catawba",35.728889,-81.365556
"1400",2025-08-02,18,"Hickory Water Tower","PM2.5","Catawba",35.728889,-81.365556
"1401",2025-08-03,48,"Hickory Water Tower","PM2.5","Catawba",35.728889,-81.365556
"1402",2025-08-04,51,"Hickory Water Tower","PM2.5","Catawba",35.728889,-81.365556
"1403",2025-08-05,43,"Hickory Water Tower","PM2.5","Catawba",35.728889,-81.365556
"1404",2025-08-06,42,"Hickory Water Tower","PM2.5","Catawba",35.728889,-81.365556
"1405",2025-08-07,59,"Hickory Water Tower","PM2.5","Catawba",35.728889,-81.365556
"1406",2025-08-08,88,"Hickory Water Tower","PM2.5","Catawba",35.728889,-81.365556
"1407",2025-08-09,67,"Hickory Water Tower","PM2.5","Catawba",35.728889,-81.365556
"1408",2025-08-10,52,"Hickory Water Tower","PM2.5","Catawba",35.728889,-81.365556
"1409",2025-08-11,29,"Hickory Water Tower","PM2.5","Catawba",35.728889,-81.365556
"1410",2025-08-12,16,"Hickory Water Tower","PM2.5","Catawba",35.728889,-81.365556
"1411",2025-08-13,22,"Hickory Water Tower","PM2.5","Catawba",35.728889,-81.365556
"1412",2025-08-14,23,"Hickory Water Tower","PM2.5","Catawba",35.728889,-81.365556
"1413",2025-08-15,34,"Hickory Water Tower","PM2.5","Catawba",35.728889,-81.365556
"1414",2025-08-16,47,"Hickory Water Tower","PM2.5","Catawba",35.728889,-81.365556
"1415",2025-08-17,42,"Hickory Water Tower","PM2.5","Catawba",35.728889,-81.365556
"1416",2025-08-18,51,"Hickory Water Tower","PM2.5","Catawba",35.728889,-81.365556
"1417",2025-08-19,44,"Hickory Water Tower","PM2.5","Catawba",35.728889,-81.365556
"1418",2025-08-20,44,"Hickory Water Tower","PM2.5","Catawba",35.728889,-81.365556
"1419",2025-08-21,39,"Hickory Water Tower","PM2.5","Catawba",35.728889,-81.365556
"1420",2025-08-22,26,"Hickory Water Tower","PM2.5","Catawba",35.728889,-81.365556
"1421",2025-08-23,42,"Hickory Water Tower","PM2.5","Catawba",35.728889,-81.365556
"1422",2025-08-24,34,"Hickory Water Tower","PM2.5","Catawba",35.728889,-81.365556
"1423",2025-08-25,30,"Hickory Water Tower","PM2.5","Catawba",35.728889,-81.365556
"1424",2025-08-26,28,"Hickory Water Tower","PM2.5","Catawba",35.728889,-81.365556
"1425",2025-08-27,33,"Hickory Water Tower","PM2.5","Catawba",35.728889,-81.365556
"1426",2025-08-28,47,"Hickory Water Tower","PM2.5","Catawba",35.728889,-81.365556
"1427",2025-08-29,42,"Hickory Water Tower","PM2.5","Catawba",35.728889,-81.365556
"1428",2025-08-30,40,"Hickory Water Tower","PM2.5","Catawba",35.728889,-81.365556
"1429",2025-08-31,46,"Hickory Water Tower","PM2.5","Catawba",35.728889,-81.365556
"1430",2025-09-01,30,"Hickory Water Tower","PM2.5","Catawba",35.728889,-81.365556
"1431",2025-09-02,34,"Hickory Water Tower","PM2.5","Catawba",35.728889,-81.365556
"1432",2025-09-03,42,"Hickory Water Tower","PM2.5","Catawba",35.728889,-81.365556
"1433",2025-09-04,42,"Hickory Water Tower","PM2.5","Catawba",35.728889,-81.365556
"1434",2025-09-05,56,"Hickory Water Tower","PM2.5","Catawba",35.728889,-81.365556
"1435",2025-09-06,57,"Hickory Water Tower","PM2.5","Catawba",35.728889,-81.365556
"1436",2025-09-07,34,"Hickory Water Tower","PM2.5","Catawba",35.728889,-81.365556
"1437",2025-09-08,33,"Hickory Water Tower","PM2.5","Catawba",35.728889,-81.365556
"1438",2025-09-09,27,"Hickory Water Tower","PM2.5","Catawba",35.728889,-81.365556
"1439",2025-09-10,37,"Hickory Water Tower","PM2.5","Catawba",35.728889,-81.365556
"1440",2025-09-11,42,"Hickory Water Tower","PM2.5","Catawba",35.728889,-81.365556
"1441",2025-09-12,42,"Hickory Water Tower","PM2.5","Catawba",35.728889,-81.365556
"1442",2025-09-13,51,"Hickory Water Tower","PM2.5","Catawba",35.728889,-81.365556
"1443",2025-09-14,51,"Hickory Water Tower","PM2.5","Catawba",35.728889,-81.365556
"1444",2025-09-15,49,"Hickory Water Tower","PM2.5","Catawba",35.728889,-81.365556
"1445",2025-09-16,47,"Hickory Water Tower","PM2.5","Catawba",35.728889,-81.365556
"1446",2025-09-17,42,"Hickory Water Tower","PM2.5","Catawba",35.728889,-81.365556
"1447",2025-09-18,47,"Hickory Water Tower","PM2.5","Catawba",35.728889,-81.365556
"1448",2025-09-19,47,"Hickory Water Tower","PM2.5","Catawba",35.728889,-81.365556
"1449",2025-09-20,52,"Hickory Water Tower","PM2.5","Catawba",35.728889,-81.365556
"1450",2025-09-21,57,"Hickory Water Tower","PM2.5","Catawba",35.728889,-81.365556
"1451",2025-09-22,59,"Hickory Water Tower","PM2.5","Catawba",35.728889,-81.365556
"1452",2025-09-23,57,"Hickory Water Tower","PM2.5","Catawba",35.728889,-81.365556
"1453",2025-09-24,55,"Hickory Water Tower","PM2.5","Catawba",35.728889,-81.365556
"1454",2025-09-25,29,"Hickory Water Tower","PM2.5","Catawba",35.728889,-81.365556
"1455",2025-09-26,39,"Hickory Water Tower","PM2.5","Catawba",35.728889,-81.365556
"1456",2025-09-27,17,"Hickory Water Tower","PM2.5","Catawba",35.728889,-81.365556
"1457",2025-09-28,23,"Hickory Water Tower","PM2.5","Catawba",35.728889,-81.365556
"1458",2025-09-29,37,"Hickory Water Tower","PM2.5","Catawba",35.728889,-81.365556
"1459",2025-09-30,37,"Hickory Water Tower","PM2.5","Catawba",35.728889,-81.365556
"1460",2025-10-08,15,"Hickory Water Tower","PM2.5","Catawba",35.728889,-81.365556
"1461",2025-10-09,18,"Hickory Water Tower","PM2.5","Catawba",35.728889,-81.365556
"1462",2025-10-10,20,"Hickory Water Tower","PM2.5","Catawba",35.728889,-81.365556
"1463",2025-10-11,23,"Hickory Water Tower","PM2.5","Catawba",35.728889,-81.365556
"1464",2025-10-12,8,"Hickory Water Tower","PM2.5","Catawba",35.728889,-81.365556
"1465",2025-10-13,0,"Hickory Water Tower","PM2.5","Catawba",35.728889,-81.365556
"1466",2025-10-14,13,"Hickory Water Tower","PM2.5","Catawba",35.728889,-81.365556
"1467",2025-10-15,14,"Hickory Water Tower","PM2.5","Catawba",35.728889,-81.365556
"1468",2025-10-16,19,"Hickory Water Tower","PM2.5","Catawba",35.728889,-81.365556
"1469",2025-10-17,34,"Hickory Water Tower","PM2.5","Catawba",35.728889,-81.365556
"1470",2025-10-18,52,"Hickory Water Tower","PM2.5","Catawba",35.728889,-81.365556
"1471",2025-10-19,26,"Hickory Water Tower","PM2.5","Catawba",35.728889,-81.365556
"1472",2025-10-20,14,"Hickory Water Tower","PM2.5","Catawba",35.728889,-81.365556
"1473",2025-10-21,29,"Hickory Water Tower","PM2.5","Catawba",35.728889,-81.365556
"1474",2025-10-22,10,"Hickory Water Tower","PM2.5","Catawba",35.728889,-81.365556
"1475",2025-10-23,22,"Hickory Water Tower","PM2.5","Catawba",35.728889,-81.365556
"1476",2025-10-24,15,"Hickory Water Tower","PM2.5","Catawba",35.728889,-81.365556
"1477",2025-10-25,36,"Hickory Water Tower","PM2.5","Catawba",35.728889,-81.365556
"1478",2025-10-26,31,"Hickory Water Tower","PM2.5","Catawba",35.728889,-81.365556
"1479",2025-10-27,29,"Hickory Water Tower","PM2.5","Catawba",35.728889,-81.365556
"1480",2025-10-28,13,"Hickory Water Tower","PM2.5","Catawba",35.728889,-81.365556
"1481",2025-10-29,11,"Hickory Water Tower","PM2.5","Catawba",35.728889,-81.365556
"1482",2025-10-30,0,"Hickory Water Tower","PM2.5","Catawba",35.728889,-81.365556
"1483",2025-10-31,17,"Hickory Water Tower","PM2.5","Catawba",35.728889,-81.365556
"1484",2025-11-01,33,"Hickory Water Tower","PM2.5","Catawba",35.728889,-81.365556
"1485",2025-11-02,52,"Hickory Water Tower","PM2.5","Catawba",35.728889,-81.365556
"1486",2025-11-03,31,"Hickory Water Tower","PM2.5","Catawba",35.728889,-81.365556
"1487",2025-11-04,23,"Hickory Water Tower","PM2.5","Catawba",35.728889,-81.365556
"1488",2025-11-05,51,"Hickory Water Tower","PM2.5","Catawba",35.728889,-81.365556
"1489",2025-11-06,46,"Hickory Water Tower","PM2.5","Catawba",35.728889,-81.365556
"1490",2025-11-07,55,"Hickory Water Tower","PM2.5","Catawba",35.728889,-81.365556
"1491",2025-11-08,48,"Hickory Water Tower","PM2.5","Catawba",35.728889,-81.365556
"1492",2025-11-09,54,"Hickory Water Tower","PM2.5","Catawba",35.728889,-81.365556
"1493",2025-11-10,8,"Hickory Water Tower","PM2.5","Catawba",35.728889,-81.365556
"1494",2025-11-11,5,"Hickory Water Tower","PM2.5","Catawba",35.728889,-81.365556
"1495",2025-11-12,25,"Hickory Water Tower","PM2.5","Catawba",35.728889,-81.365556
"1496",2025-11-13,29,"Hickory Water Tower","PM2.5","Catawba",35.728889,-81.365556
"1497",2025-11-14,36,"Hickory Water Tower","PM2.5","Catawba",35.728889,-81.365556
"1498",2025-11-15,54,"Hickory Water Tower","PM2.5","Catawba",35.728889,-81.365556
"1499",2025-11-16,24,"Hickory Water Tower","PM2.5","Catawba",35.728889,-81.365556
"1500",2025-11-17,17,"Hickory Water Tower","PM2.5","Catawba",35.728889,-81.365556
"1501",2025-11-18,46,"Hickory Water Tower","PM2.5","Catawba",35.728889,-81.365556
"1502",2025-11-19,55,"Hickory Water Tower","PM2.5","Catawba",35.728889,-81.365556
"1503",2025-11-20,59,"Hickory Water Tower","PM2.5","Catawba",35.728889,-81.365556
"1504",2025-11-21,87,"Hickory Water Tower","PM2.5","Catawba",35.728889,-81.365556
"1505",2025-11-22,42,"Hickory Water Tower","PM2.5","Catawba",35.728889,-81.365556
"1506",2025-11-23,24,"Hickory Water Tower","PM2.5","Catawba",35.728889,-81.365556
"1507",2025-11-24,46,"Hickory Water Tower","PM2.5","Catawba",35.728889,-81.365556
"1508",2025-11-25,65,"Hickory Water Tower","PM2.5","Catawba",35.728889,-81.365556
"1509",2025-11-26,42,"Hickory Water Tower","PM2.5","Catawba",35.728889,-81.365556
"1510",2025-11-27,4,"Hickory Water Tower","PM2.5","Catawba",35.728889,-81.365556
"1511",2025-11-28,12,"Hickory Water Tower","PM2.5","Catawba",35.728889,-81.365556
"1512",2025-11-29,29,"Hickory Water Tower","PM2.5","Catawba",35.728889,-81.365556
"1513",2025-11-30,56,"Hickory Water Tower","PM2.5","Catawba",35.728889,-81.365556
"1514",2025-12-01,48,"Hickory Water Tower","PM2.5","Catawba",35.728889,-81.365556
"1515",2025-12-02,40,"Hickory Water Tower","PM2.5","Catawba",35.728889,-81.365556
"1516",2025-12-03,33,"Hickory Water Tower","PM2.5","Catawba",35.728889,-81.365556
"1517",2025-12-04,51,"Hickory Water Tower","PM2.5","Catawba",35.728889,-81.365556
"1518",2025-12-05,36,"Hickory Water Tower","PM2.5","Catawba",35.728889,-81.365556
"1519",2025-12-06,52,"Hickory Water Tower","PM2.5","Catawba",35.728889,-81.365556
"1520",2025-12-07,38,"Hickory Water Tower","PM2.5","Catawba",35.728889,-81.365556
"1521",2025-12-08,51,"Hickory Water Tower","PM2.5","Catawba",35.728889,-81.365556
"1522",2025-12-09,31,"Hickory Water Tower","PM2.5","Catawba",35.728889,-81.365556
"1523",2025-12-10,42,"Hickory Water Tower","PM2.5","Catawba",35.728889,-81.365556
"1524",2025-12-11,17,"Hickory Water Tower","PM2.5","Catawba",35.728889,-81.365556
"1525",2025-12-12,49,"Hickory Water Tower","PM2.5","Catawba",35.728889,-81.365556
"1526",2025-12-13,61,"Hickory Water Tower","PM2.5","Catawba",35.728889,-81.365556
"1527",2025-12-14,31,"Hickory Water Tower","PM2.5","Catawba",35.728889,-81.365556
"1528",2025-12-15,16,"Hickory Water Tower","PM2.5","Catawba",35.728889,-81.365556
"1529",2025-12-16,56,"Hickory Water Tower","PM2.5","Catawba",35.728889,-81.365556
"1530",2025-12-17,60,"Hickory Water Tower","PM2.5","Catawba",35.728889,-81.365556
"1531",2025-12-18,73,"Hickory Water Tower","PM2.5","Catawba",35.728889,-81.365556
"1532",2025-12-19,12,"Hickory Water Tower","PM2.5","Catawba",35.728889,-81.365556
"1533",2025-12-20,31,"Hickory Water Tower","PM2.5","Catawba",35.728889,-81.365556
"1534",2025-12-21,51,"Hickory Water Tower","PM2.5","Catawba",35.728889,-81.365556
"1535",2025-12-22,32,"Hickory Water Tower","PM2.5","Catawba",35.728889,-81.365556
"1536",2025-12-23,38,"Hickory Water Tower","PM2.5","Catawba",35.728889,-81.365556
"1537",2025-12-24,33,"Hickory Water Tower","PM2.5","Catawba",35.728889,-81.365556
"1538",2025-12-25,47,"Hickory Water Tower","PM2.5","Catawba",35.728889,-81.365556
"1539",2025-12-26,52,"Hickory Water Tower","PM2.5","Catawba",35.728889,-81.365556
"1540",2025-12-27,48,"Hickory Water Tower","PM2.5","Catawba",35.728889,-81.365556
"1541",2025-12-28,29,"Hickory Water Tower","PM2.5","Catawba",35.728889,-81.365556
"1542",2025-12-29,14,"Hickory Water Tower","PM2.5","Catawba",35.728889,-81.365556
"1543",2025-12-30,14,"Hickory Water Tower","PM2.5","Catawba",35.728889,-81.365556
"1544",2025-12-31,13,"Hickory Water Tower","PM2.5","Catawba",35.728889,-81.365556
"1545",2025-01-01,7,"William Owen School","PM2.5","Cumberland",35.041416,-78.953112
"1546",2025-01-02,28,"William Owen School","PM2.5","Cumberland",35.041416,-78.953112
"1547",2025-01-03,40,"William Owen School","PM2.5","Cumberland",35.041416,-78.953112
"1548",2025-01-04,28,"William Owen School","PM2.5","Cumberland",35.041416,-78.953112
"1549",2025-01-05,57,"William Owen School","PM2.5","Cumberland",35.041416,-78.953112
"1550",2025-01-06,34,"William Owen School","PM2.5","Cumberland",35.041416,-78.953112
"1551",2025-01-07,18,"William Owen School","PM2.5","Cumberland",35.041416,-78.953112
"1552",2025-01-08,26,"William Owen School","PM2.5","Cumberland",35.041416,-78.953112
"1553",2025-01-09,39,"William Owen School","PM2.5","Cumberland",35.041416,-78.953112
"1554",2025-01-10,42,"William Owen School","PM2.5","Cumberland",35.041416,-78.953112
"1555",2025-01-11,27,"William Owen School","PM2.5","Cumberland",35.041416,-78.953112
"1556",2025-01-12,52,"William Owen School","PM2.5","Cumberland",35.041416,-78.953112
"1557",2025-01-13,63,"William Owen School","PM2.5","Cumberland",35.041416,-78.953112
"1558",2025-01-14,47,"William Owen School","PM2.5","Cumberland",35.041416,-78.953112
"1559",2025-01-15,55,"William Owen School","PM2.5","Cumberland",35.041416,-78.953112
"1560",2025-01-16,64,"William Owen School","PM2.5","Cumberland",35.041416,-78.953112
"1561",2025-01-17,36,"William Owen School","PM2.5","Cumberland",35.041416,-78.953112
"1562",2025-01-18,54,"William Owen School","PM2.5","Cumberland",35.041416,-78.953112
"1563",2025-01-19,27,"William Owen School","PM2.5","Cumberland",35.041416,-78.953112
"1564",2025-01-20,17,"William Owen School","PM2.5","Cumberland",35.041416,-78.953112
"1565",2025-01-21,24,"William Owen School","PM2.5","Cumberland",35.041416,-78.953112
"1566",2025-01-22,33,"William Owen School","PM2.5","Cumberland",35.041416,-78.953112
"1567",2025-01-23,54,"William Owen School","PM2.5","Cumberland",35.041416,-78.953112
"1568",2025-01-24,59,"William Owen School","PM2.5","Cumberland",35.041416,-78.953112
"1569",2025-01-25,57,"William Owen School","PM2.5","Cumberland",35.041416,-78.953112
"1570",2025-01-26,55,"William Owen School","PM2.5","Cumberland",35.041416,-78.953112
"1571",2025-01-27,51,"William Owen School","PM2.5","Cumberland",35.041416,-78.953112
"1572",2025-01-28,25,"William Owen School","PM2.5","Cumberland",35.041416,-78.953112
"1573",2025-01-29,42,"William Owen School","PM2.5","Cumberland",35.041416,-78.953112
"1574",2025-01-30,43,"William Owen School","PM2.5","Cumberland",35.041416,-78.953112
"1575",2025-01-31,50,"William Owen School","PM2.5","Cumberland",35.041416,-78.953112
"1576",2025-02-01,17,"William Owen School","PM2.5","Cumberland",35.041416,-78.953112
"1577",2025-02-02,20,"William Owen School","PM2.5","Cumberland",35.041416,-78.953112
"1578",2025-02-04,61,"William Owen School","PM2.5","Cumberland",35.041416,-78.953112
"1579",2025-02-05,36,"William Owen School","PM2.5","Cumberland",35.041416,-78.953112
"1580",2025-02-06,56,"William Owen School","PM2.5","Cumberland",35.041416,-78.953112
"1581",2025-02-07,53,"William Owen School","PM2.5","Cumberland",35.041416,-78.953112
"1582",2025-02-08,48,"William Owen School","PM2.5","Cumberland",35.041416,-78.953112
"1583",2025-02-09,56,"William Owen School","PM2.5","Cumberland",35.041416,-78.953112
"1584",2025-02-10,25,"William Owen School","PM2.5","Cumberland",35.041416,-78.953112
"1585",2025-02-11,53,"William Owen School","PM2.5","Cumberland",35.041416,-78.953112
"1586",2025-02-12,52,"William Owen School","PM2.5","Cumberland",35.041416,-78.953112
"1587",2025-02-13,23,"William Owen School","PM2.5","Cumberland",35.041416,-78.953112
"1588",2025-02-14,36,"William Owen School","PM2.5","Cumberland",35.041416,-78.953112
"1589",2025-02-15,33,"William Owen School","PM2.5","Cumberland",35.041416,-78.953112
"1590",2025-02-16,11,"William Owen School","PM2.5","Cumberland",35.041416,-78.953112
"1591",2025-02-17,18,"William Owen School","PM2.5","Cumberland",35.041416,-78.953112
"1592",2025-02-18,30,"William Owen School","PM2.5","Cumberland",35.041416,-78.953112
"1593",2025-02-19,32,"William Owen School","PM2.5","Cumberland",35.041416,-78.953112
"1594",2025-02-20,18,"William Owen School","PM2.5","Cumberland",35.041416,-78.953112
"1595",2025-02-21,31,"William Owen School","PM2.5","Cumberland",35.041416,-78.953112
"1596",2025-02-22,42,"William Owen School","PM2.5","Cumberland",35.041416,-78.953112
"1597",2025-02-23,57,"William Owen School","PM2.5","Cumberland",35.041416,-78.953112
"1598",2025-02-24,60,"William Owen School","PM2.5","Cumberland",35.041416,-78.953112
"1599",2025-02-25,73,"William Owen School","PM2.5","Cumberland",35.041416,-78.953112
"1600",2025-02-26,73,"William Owen School","PM2.5","Cumberland",35.041416,-78.953112
"1601",2025-02-27,67,"William Owen School","PM2.5","Cumberland",35.041416,-78.953112
"1602",2025-02-28,22,"William Owen School","PM2.5","Cumberland",35.041416,-78.953112
"1603",2025-03-01,52,"William Owen School","PM2.5","Cumberland",35.041416,-78.953112
"1604",2025-03-02,21,"William Owen School","PM2.5","Cumberland",35.041416,-78.953112
"1605",2025-03-03,34,"William Owen School","PM2.5","Cumberland",35.041416,-78.953112
"1606",2025-03-04,28,"William Owen School","PM2.5","Cumberland",35.041416,-78.953112
"1607",2025-03-05,29,"William Owen School","PM2.5","Cumberland",35.041416,-78.953112
"1608",2025-03-06,6,"William Owen School","PM2.5","Cumberland",35.041416,-78.953112
"1609",2025-03-07,22,"William Owen School","PM2.5","Cumberland",35.041416,-78.953112
"1610",2025-03-08,58,"William Owen School","PM2.5","Cumberland",35.041416,-78.953112
"1611",2025-03-09,36,"William Owen School","PM2.5","Cumberland",35.041416,-78.953112
"1612",2025-03-10,51,"William Owen School","PM2.5","Cumberland",35.041416,-78.953112
"1613",2025-03-11,31,"William Owen School","PM2.5","Cumberland",35.041416,-78.953112
"1614",2025-03-12,55,"William Owen School","PM2.5","Cumberland",35.041416,-78.953112
"1615",2025-03-13,69,"William Owen School","PM2.5","Cumberland",35.041416,-78.953112
"1616",2025-03-14,67,"William Owen School","PM2.5","Cumberland",35.041416,-78.953112
"1617",2025-03-15,52,"William Owen School","PM2.5","Cumberland",35.041416,-78.953112
"1618",2025-03-16,24,"William Owen School","PM2.5","Cumberland",35.041416,-78.953112
"1619",2025-03-17,18,"William Owen School","PM2.5","Cumberland",35.041416,-78.953112
"1620",2025-03-18,28,"William Owen School","PM2.5","Cumberland",35.041416,-78.953112
"1621",2025-03-19,59,"William Owen School","PM2.5","Cumberland",35.041416,-78.953112
"1622",2025-03-20,54,"William Owen School","PM2.5","Cumberland",35.041416,-78.953112
"1623",2025-03-21,13,"William Owen School","PM2.5","Cumberland",35.041416,-78.953112
"1624",2025-03-22,51,"William Owen School","PM2.5","Cumberland",35.041416,-78.953112
"1625",2025-03-23,33,"William Owen School","PM2.5","Cumberland",35.041416,-78.953112
"1626",2025-03-24,54,"William Owen School","PM2.5","Cumberland",35.041416,-78.953112
"1627",2025-03-25,19,"William Owen School","PM2.5","Cumberland",35.041416,-78.953112
"1628",2025-03-26,23,"William Owen School","PM2.5","Cumberland",35.041416,-78.953112
"1629",2025-03-27,25,"William Owen School","PM2.5","Cumberland",35.041416,-78.953112
"1630",2025-03-28,41,"William Owen School","PM2.5","Cumberland",35.041416,-78.953112
"1631",2025-03-29,31,"William Owen School","PM2.5","Cumberland",35.041416,-78.953112
"1632",2025-03-30,27,"William Owen School","PM2.5","Cumberland",35.041416,-78.953112
"1633",2025-03-31,26,"William Owen School","PM2.5","Cumberland",35.041416,-78.953112
"1634",2025-04-03,46,"William Owen School","PM2.5","Cumberland",35.041416,-78.953112
"1635",2025-04-04,48,"William Owen School","PM2.5","Cumberland",35.041416,-78.953112
"1636",2025-04-05,43,"William Owen School","PM2.5","Cumberland",35.041416,-78.953112
"1637",2025-04-06,30,"William Owen School","PM2.5","Cumberland",35.041416,-78.953112
"1638",2025-04-07,39,"William Owen School","PM2.5","Cumberland",35.041416,-78.953112
"1639",2025-04-08,21,"William Owen School","PM2.5","Cumberland",35.041416,-78.953112
"1640",2025-04-09,26,"William Owen School","PM2.5","Cumberland",35.041416,-78.953112
"1641",2025-04-10,34,"William Owen School","PM2.5","Cumberland",35.041416,-78.953112
"1642",2025-04-11,19,"William Owen School","PM2.5","Cumberland",35.041416,-78.953112
"1643",2025-04-12,17,"William Owen School","PM2.5","Cumberland",35.041416,-78.953112
"1644",2025-04-13,48,"William Owen School","PM2.5","Cumberland",35.041416,-78.953112
"1645",2025-04-14,55,"William Owen School","PM2.5","Cumberland",35.041416,-78.953112
"1646",2025-04-15,53,"William Owen School","PM2.5","Cumberland",35.041416,-78.953112
"1647",2025-04-16,28,"William Owen School","PM2.5","Cumberland",35.041416,-78.953112
"1648",2025-04-17,42,"William Owen School","PM2.5","Cumberland",35.041416,-78.953112
"1649",2025-04-18,50,"William Owen School","PM2.5","Cumberland",35.041416,-78.953112
"1650",2025-04-19,36,"William Owen School","PM2.5","Cumberland",35.041416,-78.953112
"1651",2025-04-20,45,"William Owen School","PM2.5","Cumberland",35.041416,-78.953112
"1652",2025-04-21,44,"William Owen School","PM2.5","Cumberland",35.041416,-78.953112
"1653",2025-04-22,51,"William Owen School","PM2.5","Cumberland",35.041416,-78.953112
"1654",2025-04-23,55,"William Owen School","PM2.5","Cumberland",35.041416,-78.953112
"1655",2025-04-24,55,"William Owen School","PM2.5","Cumberland",35.041416,-78.953112
"1656",2025-04-25,55,"William Owen School","PM2.5","Cumberland",35.041416,-78.953112
"1657",2025-04-26,46,"William Owen School","PM2.5","Cumberland",35.041416,-78.953112
"1658",2025-04-27,19,"William Owen School","PM2.5","Cumberland",35.041416,-78.953112
"1659",2025-04-28,40,"William Owen School","PM2.5","Cumberland",35.041416,-78.953112
"1660",2025-04-29,54,"William Owen School","PM2.5","Cumberland",35.041416,-78.953112
"1661",2025-04-30,46,"William Owen School","PM2.5","Cumberland",35.041416,-78.953112
"1662",2025-05-01,46,"William Owen School","PM2.5","Cumberland",35.041416,-78.953112
"1663",2025-05-02,46,"William Owen School","PM2.5","Cumberland",35.041416,-78.953112
"1664",2025-05-03,34,"William Owen School","PM2.5","Cumberland",35.041416,-78.953112
"1665",2025-05-04,16,"William Owen School","PM2.5","Cumberland",35.041416,-78.953112
"1666",2025-05-05,33,"William Owen School","PM2.5","Cumberland",35.041416,-78.953112
"1667",2025-05-06,49,"William Owen School","PM2.5","Cumberland",35.041416,-78.953112
"1668",2025-05-07,55,"William Owen School","PM2.5","Cumberland",35.041416,-78.953112
"1669",2025-05-08,53,"William Owen School","PM2.5","Cumberland",35.041416,-78.953112
"1670",2025-05-09,31,"William Owen School","PM2.5","Cumberland",35.041416,-78.953112
"1671",2025-05-10,27,"William Owen School","PM2.5","Cumberland",35.041416,-78.953112
"1672",2025-05-11,48,"William Owen School","PM2.5","Cumberland",35.041416,-78.953112
"1673",2025-05-12,21,"William Owen School","PM2.5","Cumberland",35.041416,-78.953112
"1674",2025-05-13,12,"William Owen School","PM2.5","Cumberland",35.041416,-78.953112
"1675",2025-05-14,40,"William Owen School","PM2.5","Cumberland",35.041416,-78.953112
"1676",2025-05-15,51,"William Owen School","PM2.5","Cumberland",35.041416,-78.953112
"1677",2025-05-16,63,"William Owen School","PM2.5","Cumberland",35.041416,-78.953112
"1678",2025-05-17,48,"William Owen School","PM2.5","Cumberland",35.041416,-78.953112
"1679",2025-05-18,40,"William Owen School","PM2.5","Cumberland",35.041416,-78.953112
"1680",2025-05-19,51,"William Owen School","PM2.5","Cumberland",35.041416,-78.953112
"1681",2025-05-20,52,"William Owen School","PM2.5","Cumberland",35.041416,-78.953112
"1682",2025-05-21,44,"William Owen School","PM2.5","Cumberland",35.041416,-78.953112
"1683",2025-05-22,26,"William Owen School","PM2.5","Cumberland",35.041416,-78.953112
"1684",2025-05-23,20,"William Owen School","PM2.5","Cumberland",35.041416,-78.953112
"1685",2025-05-24,35,"William Owen School","PM2.5","Cumberland",35.041416,-78.953112
"1686",2025-05-25,53,"William Owen School","PM2.5","Cumberland",35.041416,-78.953112
"1687",2025-05-26,32,"William Owen School","PM2.5","Cumberland",35.041416,-78.953112
"1688",2025-05-27,19,"William Owen School","PM2.5","Cumberland",35.041416,-78.953112
"1689",2025-05-30,25,"William Owen School","PM2.5","Cumberland",35.041416,-78.953112
"1690",2025-05-31,45,"William Owen School","PM2.5","Cumberland",35.041416,-78.953112
"1691",2025-06-01,53,"William Owen School","PM2.5","Cumberland",35.041416,-78.953112
"1692",2025-06-02,40,"William Owen School","PM2.5","Cumberland",35.041416,-78.953112
"1693",2025-06-03,53,"William Owen School","PM2.5","Cumberland",35.041416,-78.953112
"1694",2025-06-04,45,"William Owen School","PM2.5","Cumberland",35.041416,-78.953112
"1695",2025-06-05,39,"William Owen School","PM2.5","Cumberland",35.041416,-78.953112
"1696",2025-06-06,50,"William Owen School","PM2.5","Cumberland",35.041416,-78.953112
"1697",2025-06-07,42,"William Owen School","PM2.5","Cumberland",35.041416,-78.953112
"1698",2025-06-08,36,"William Owen School","PM2.5","Cumberland",35.041416,-78.953112
"1699",2025-06-09,37,"William Owen School","PM2.5","Cumberland",35.041416,-78.953112
"1700",2025-06-10,26,"William Owen School","PM2.5","Cumberland",35.041416,-78.953112
"1701",2025-06-11,42,"William Owen School","PM2.5","Cumberland",35.041416,-78.953112
"1702",2025-06-12,37,"William Owen School","PM2.5","Cumberland",35.041416,-78.953112
"1703",2025-06-13,31,"William Owen School","PM2.5","Cumberland",35.041416,-78.953112
"1704",2025-06-14,33,"William Owen School","PM2.5","Cumberland",35.041416,-78.953112
"1705",2025-06-15,40,"William Owen School","PM2.5","Cumberland",35.041416,-78.953112
"1706",2025-06-16,36,"William Owen School","PM2.5","Cumberland",35.041416,-78.953112
"1707",2025-06-17,42,"William Owen School","PM2.5","Cumberland",35.041416,-78.953112
"1708",2025-06-18,31,"William Owen School","PM2.5","Cumberland",35.041416,-78.953112
"1709",2025-06-19,40,"William Owen School","PM2.5","Cumberland",35.041416,-78.953112
"1710",2025-06-20,32,"William Owen School","PM2.5","Cumberland",35.041416,-78.953112
"1711",2025-06-21,49,"William Owen School","PM2.5","Cumberland",35.041416,-78.953112
"1712",2025-06-22,55,"William Owen School","PM2.5","Cumberland",35.041416,-78.953112
"1713",2025-06-23,57,"William Owen School","PM2.5","Cumberland",35.041416,-78.953112
"1714",2025-06-24,69,"William Owen School","PM2.5","Cumberland",35.041416,-78.953112
"1715",2025-06-25,65,"William Owen School","PM2.5","Cumberland",35.041416,-78.953112
"1716",2025-06-26,57,"William Owen School","PM2.5","Cumberland",35.041416,-78.953112
"1717",2025-06-27,55,"William Owen School","PM2.5","Cumberland",35.041416,-78.953112
"1718",2025-06-28,53,"William Owen School","PM2.5","Cumberland",35.041416,-78.953112
"1719",2025-06-29,53,"William Owen School","PM2.5","Cumberland",35.041416,-78.953112
"1720",2025-06-30,51,"William Owen School","PM2.5","Cumberland",35.041416,-78.953112
"1721",2025-07-01,40,"William Owen School","PM2.5","Cumberland",35.041416,-78.953112
"1722",2025-07-02,44,"William Owen School","PM2.5","Cumberland",35.041416,-78.953112
"1723",2025-07-03,40,"William Owen School","PM2.5","Cumberland",35.041416,-78.953112
"1724",2025-07-04,56,"William Owen School","PM2.5","Cumberland",35.041416,-78.953112
"1725",2025-07-05,52,"William Owen School","PM2.5","Cumberland",35.041416,-78.953112
"1726",2025-07-06,8,"William Owen School","PM2.5","Cumberland",35.041416,-78.953112
"1727",2025-07-07,51,"William Owen School","PM2.5","Cumberland",35.041416,-78.953112
"1728",2025-07-08,55,"William Owen School","PM2.5","Cumberland",35.041416,-78.953112
"1729",2025-07-09,33,"William Owen School","PM2.5","Cumberland",35.041416,-78.953112
"1730",2025-07-10,37,"William Owen School","PM2.5","Cumberland",35.041416,-78.953112
"1731",2025-07-11,46,"William Owen School","PM2.5","Cumberland",35.041416,-78.953112
"1732",2025-07-12,53,"William Owen School","PM2.5","Cumberland",35.041416,-78.953112
"1733",2025-07-13,42,"William Owen School","PM2.5","Cumberland",35.041416,-78.953112
"1734",2025-07-14,40,"William Owen School","PM2.5","Cumberland",35.041416,-78.953112
"1735",2025-07-15,26,"William Owen School","PM2.5","Cumberland",35.041416,-78.953112
"1736",2025-07-16,27,"William Owen School","PM2.5","Cumberland",35.041416,-78.953112
"1737",2025-07-17,37,"William Owen School","PM2.5","Cumberland",35.041416,-78.953112
"1738",2025-07-18,41,"William Owen School","PM2.5","Cumberland",35.041416,-78.953112
"1739",2025-07-19,37,"William Owen School","PM2.5","Cumberland",35.041416,-78.953112
"1740",2025-07-20,43,"William Owen School","PM2.5","Cumberland",35.041416,-78.953112
"1741",2025-07-21,51,"William Owen School","PM2.5","Cumberland",35.041416,-78.953112
"1742",2025-07-22,47,"William Owen School","PM2.5","Cumberland",35.041416,-78.953112
"1743",2025-07-23,48,"William Owen School","PM2.5","Cumberland",35.041416,-78.953112
"1744",2025-07-24,38,"William Owen School","PM2.5","Cumberland",35.041416,-78.953112
"1745",2025-07-25,44,"William Owen School","PM2.5","Cumberland",35.041416,-78.953112
"1746",2025-07-26,55,"William Owen School","PM2.5","Cumberland",35.041416,-78.953112
"1747",2025-07-27,55,"William Owen School","PM2.5","Cumberland",35.041416,-78.953112
"1748",2025-07-28,37,"William Owen School","PM2.5","Cumberland",35.041416,-78.953112
"1749",2025-07-29,33,"William Owen School","PM2.5","Cumberland",35.041416,-78.953112
"1750",2025-07-30,45,"William Owen School","PM2.5","Cumberland",35.041416,-78.953112
"1751",2025-07-31,38,"William Owen School","PM2.5","Cumberland",35.041416,-78.953112
"1752",2025-08-01,37,"William Owen School","PM2.5","Cumberland",35.041416,-78.953112
"1753",2025-08-02,19,"William Owen School","PM2.5","Cumberland",35.041416,-78.953112
"1754",2025-08-03,34,"William Owen School","PM2.5","Cumberland",35.041416,-78.953112
"1755",2025-08-04,40,"William Owen School","PM2.5","Cumberland",35.041416,-78.953112
"1756",2025-08-05,43,"William Owen School","PM2.5","Cumberland",35.041416,-78.953112
"1757",2025-08-06,46,"William Owen School","PM2.5","Cumberland",35.041416,-78.953112
"1758",2025-08-07,53,"William Owen School","PM2.5","Cumberland",35.041416,-78.953112
"1759",2025-08-08,69,"William Owen School","PM2.5","Cumberland",35.041416,-78.953112
"1760",2025-08-09,42,"William Owen School","PM2.5","Cumberland",35.041416,-78.953112
"1761",2025-08-10,32,"William Owen School","PM2.5","Cumberland",35.041416,-78.953112
"1762",2025-08-11,15,"William Owen School","PM2.5","Cumberland",35.041416,-78.953112
"1763",2025-08-12,19,"William Owen School","PM2.5","Cumberland",35.041416,-78.953112
"1764",2025-08-13,22,"William Owen School","PM2.5","Cumberland",35.041416,-78.953112
"1765",2025-08-14,32,"William Owen School","PM2.5","Cumberland",35.041416,-78.953112
"1766",2025-08-15,46,"William Owen School","PM2.5","Cumberland",35.041416,-78.953112
"1767",2025-08-16,33,"William Owen School","PM2.5","Cumberland",35.041416,-78.953112
"1768",2025-08-17,48,"William Owen School","PM2.5","Cumberland",35.041416,-78.953112
"1769",2025-08-18,55,"William Owen School","PM2.5","Cumberland",35.041416,-78.953112
"1770",2025-08-19,39,"William Owen School","PM2.5","Cumberland",35.041416,-78.953112
"1771",2025-08-20,36,"William Owen School","PM2.5","Cumberland",35.041416,-78.953112
"1772",2025-08-21,28,"William Owen School","PM2.5","Cumberland",35.041416,-78.953112
"1773",2025-08-22,32,"William Owen School","PM2.5","Cumberland",35.041416,-78.953112
"1774",2025-08-23,34,"William Owen School","PM2.5","Cumberland",35.041416,-78.953112
"1775",2025-08-24,51,"William Owen School","PM2.5","Cumberland",35.041416,-78.953112
"1776",2025-08-25,51,"William Owen School","PM2.5","Cumberland",35.041416,-78.953112
"1777",2025-08-26,28,"William Owen School","PM2.5","Cumberland",35.041416,-78.953112
"1778",2025-08-27,33,"William Owen School","PM2.5","Cumberland",35.041416,-78.953112
"1779",2025-08-28,43,"William Owen School","PM2.5","Cumberland",35.041416,-78.953112
"1780",2025-08-29,46,"William Owen School","PM2.5","Cumberland",35.041416,-78.953112
"1781",2025-08-30,52,"William Owen School","PM2.5","Cumberland",35.041416,-78.953112
"1782",2025-08-31,29,"William Owen School","PM2.5","Cumberland",35.041416,-78.953112
"1783",2025-09-01,21,"William Owen School","PM2.5","Cumberland",35.041416,-78.953112
"1784",2025-09-02,19,"William Owen School","PM2.5","Cumberland",35.041416,-78.953112
"1785",2025-09-03,33,"William Owen School","PM2.5","Cumberland",35.041416,-78.953112
"1786",2025-09-04,51,"William Owen School","PM2.5","Cumberland",35.041416,-78.953112
"1787",2025-09-05,50,"William Owen School","PM2.5","Cumberland",35.041416,-78.953112
"1788",2025-09-06,52,"William Owen School","PM2.5","Cumberland",35.041416,-78.953112
"1789",2025-09-07,43,"William Owen School","PM2.5","Cumberland",35.041416,-78.953112
"1790",2025-09-08,33,"William Owen School","PM2.5","Cumberland",35.041416,-78.953112
"1791",2025-09-09,35,"William Owen School","PM2.5","Cumberland",35.041416,-78.953112
"1792",2025-09-10,16,"William Owen School","PM2.5","Cumberland",35.041416,-78.953112
"1793",2025-09-11,19,"William Owen School","PM2.5","Cumberland",35.041416,-78.953112
"1794",2025-09-12,33,"William Owen School","PM2.5","Cumberland",35.041416,-78.953112
"1795",2025-09-13,43,"William Owen School","PM2.5","Cumberland",35.041416,-78.953112
"1796",2025-09-14,46,"William Owen School","PM2.5","Cumberland",35.041416,-78.953112
"1797",2025-09-15,42,"William Owen School","PM2.5","Cumberland",35.041416,-78.953112
"1798",2025-09-16,37,"William Owen School","PM2.5","Cumberland",35.041416,-78.953112
"1799",2025-09-17,33,"William Owen School","PM2.5","Cumberland",35.041416,-78.953112
"1800",2025-09-18,30,"William Owen School","PM2.5","Cumberland",35.041416,-78.953112
"1801",2025-09-19,58,"William Owen School","PM2.5","Cumberland",35.041416,-78.953112
"1802",2025-09-20,55,"William Owen School","PM2.5","Cumberland",35.041416,-78.953112
"1803",2025-09-21,56,"William Owen School","PM2.5","Cumberland",35.041416,-78.953112
"1804",2025-09-22,36,"William Owen School","PM2.5","Cumberland",35.041416,-78.953112
"1805",2025-09-23,50,"William Owen School","PM2.5","Cumberland",35.041416,-78.953112
"1806",2025-09-24,39,"William Owen School","PM2.5","Cumberland",35.041416,-78.953112
"1807",2025-09-25,44,"William Owen School","PM2.5","Cumberland",35.041416,-78.953112
"1808",2025-09-26,39,"William Owen School","PM2.5","Cumberland",35.041416,-78.953112
"1809",2025-09-27,35,"William Owen School","PM2.5","Cumberland",35.041416,-78.953112
"1810",2025-09-28,36,"William Owen School","PM2.5","Cumberland",35.041416,-78.953112
"1811",2025-09-29,28,"William Owen School","PM2.5","Cumberland",35.041416,-78.953112
"1812",2025-09-30,51,"William Owen School","PM2.5","Cumberland",35.041416,-78.953112
"1813",2025-10-01,48,"William Owen School","PM2.5","Cumberland",35.041416,-78.953112
"1814",2025-10-05,1,"William Owen School","PM2.5","Cumberland",35.041416,-78.953112
"1815",2025-10-06,16,"William Owen School","PM2.5","Cumberland",35.041416,-78.953112
"1816",2025-10-07,29,"William Owen School","PM2.5","Cumberland",35.041416,-78.953112
"1817",2025-10-08,29,"William Owen School","PM2.5","Cumberland",35.041416,-78.953112
"1818",2025-10-09,21,"William Owen School","PM2.5","Cumberland",35.041416,-78.953112
"1819",2025-10-10,24,"William Owen School","PM2.5","Cumberland",35.041416,-78.953112
"1820",2025-10-11,24,"William Owen School","PM2.5","Cumberland",35.041416,-78.953112
"1821",2025-10-12,4,"William Owen School","PM2.5","Cumberland",35.041416,-78.953112
"1822",2025-10-13,13,"William Owen School","PM2.5","Cumberland",35.041416,-78.953112
"1823",2025-10-14,14,"William Owen School","PM2.5","Cumberland",35.041416,-78.953112
"1824",2025-10-15,24,"William Owen School","PM2.5","Cumberland",35.041416,-78.953112
"1825",2025-10-16,34,"William Owen School","PM2.5","Cumberland",35.041416,-78.953112
"1826",2025-10-17,43,"William Owen School","PM2.5","Cumberland",35.041416,-78.953112
"1827",2025-10-18,54,"William Owen School","PM2.5","Cumberland",35.041416,-78.953112
"1828",2025-10-19,28,"William Owen School","PM2.5","Cumberland",35.041416,-78.953112
"1829",2025-10-20,34,"William Owen School","PM2.5","Cumberland",35.041416,-78.953112
"1830",2025-10-21,49,"William Owen School","PM2.5","Cumberland",35.041416,-78.953112
"1831",2025-10-22,43,"William Owen School","PM2.5","Cumberland",35.041416,-78.953112
"1832",2025-10-23,52,"William Owen School","PM2.5","Cumberland",35.041416,-78.953112
"1833",2025-10-24,34,"William Owen School","PM2.5","Cumberland",35.041416,-78.953112
"1834",2025-10-25,38,"William Owen School","PM2.5","Cumberland",35.041416,-78.953112
"1835",2025-10-26,28,"William Owen School","PM2.5","Cumberland",35.041416,-78.953112
"1836",2025-10-27,19,"William Owen School","PM2.5","Cumberland",35.041416,-78.953112
"1837",2025-10-28,11,"William Owen School","PM2.5","Cumberland",35.041416,-78.953112
"1838",2025-10-29,14,"William Owen School","PM2.5","Cumberland",35.041416,-78.953112
"1839",2025-10-30,12,"William Owen School","PM2.5","Cumberland",35.041416,-78.953112
"1840",2025-10-31,20,"William Owen School","PM2.5","Cumberland",35.041416,-78.953112
"1841",2025-11-01,52,"William Owen School","PM2.5","Cumberland",35.041416,-78.953112
"1842",2025-11-02,56,"William Owen School","PM2.5","Cumberland",35.041416,-78.953112
"1843",2025-11-03,32,"William Owen School","PM2.5","Cumberland",35.041416,-78.953112
"1844",2025-11-04,33,"William Owen School","PM2.5","Cumberland",35.041416,-78.953112
"1845",2025-11-05,54,"William Owen School","PM2.5","Cumberland",35.041416,-78.953112
"1846",2025-11-06,54,"William Owen School","PM2.5","Cumberland",35.041416,-78.953112
"1847",2025-11-07,51,"William Owen School","PM2.5","Cumberland",35.041416,-78.953112
"1848",2025-11-08,56,"William Owen School","PM2.5","Cumberland",35.041416,-78.953112
"1849",2025-11-09,56,"William Owen School","PM2.5","Cumberland",35.041416,-78.953112
"1850",2025-11-10,1,"William Owen School","PM2.5","Cumberland",35.041416,-78.953112
"1851",2025-11-11,18,"William Owen School","PM2.5","Cumberland",35.041416,-78.953112
"1852",2025-11-12,52,"William Owen School","PM2.5","Cumberland",35.041416,-78.953112
"1853",2025-11-13,59,"William Owen School","PM2.5","Cumberland",35.041416,-78.953112
"1854",2025-11-14,67,"William Owen School","PM2.5","Cumberland",35.041416,-78.953112
"1855",2025-11-15,59,"William Owen School","PM2.5","Cumberland",35.041416,-78.953112
"1856",2025-11-16,49,"William Owen School","PM2.5","Cumberland",35.041416,-78.953112
"1857",2025-11-17,22,"William Owen School","PM2.5","Cumberland",35.041416,-78.953112
"1858",2025-11-18,48,"William Owen School","PM2.5","Cumberland",35.041416,-78.953112
"1859",2025-11-19,55,"William Owen School","PM2.5","Cumberland",35.041416,-78.953112
"1860",2025-11-20,52,"William Owen School","PM2.5","Cumberland",35.041416,-78.953112
"1861",2025-11-21,73,"William Owen School","PM2.5","Cumberland",35.041416,-78.953112
"1862",2025-11-22,63,"William Owen School","PM2.5","Cumberland",35.041416,-78.953112
"1863",2025-11-23,46,"William Owen School","PM2.5","Cumberland",35.041416,-78.953112
"1864",2025-11-24,37,"William Owen School","PM2.5","Cumberland",35.041416,-78.953112
"1865",2025-11-25,37,"William Owen School","PM2.5","Cumberland",35.041416,-78.953112
"1866",2025-11-26,34,"William Owen School","PM2.5","Cumberland",35.041416,-78.953112
"1867",2025-11-27,11,"William Owen School","PM2.5","Cumberland",35.041416,-78.953112
"1868",2025-11-28,22,"William Owen School","PM2.5","Cumberland",35.041416,-78.953112
"1869",2025-11-29,31,"William Owen School","PM2.5","Cumberland",35.041416,-78.953112
"1870",2025-11-30,44,"William Owen School","PM2.5","Cumberland",35.041416,-78.953112
"1871",2025-12-01,28,"William Owen School","PM2.5","Cumberland",35.041416,-78.953112
"1872",2025-12-02,31,"William Owen School","PM2.5","Cumberland",35.041416,-78.953112
"1873",2025-12-03,31,"William Owen School","PM2.5","Cumberland",35.041416,-78.953112
"1874",2025-12-04,62,"William Owen School","PM2.5","Cumberland",35.041416,-78.953112
"1875",2025-12-05,52,"William Owen School","PM2.5","Cumberland",35.041416,-78.953112
"1876",2025-12-06,46,"William Owen School","PM2.5","Cumberland",35.041416,-78.953112
"1877",2025-12-07,59,"William Owen School","PM2.5","Cumberland",35.041416,-78.953112
"1878",2025-12-08,51,"William Owen School","PM2.5","Cumberland",35.041416,-78.953112
"1879",2025-12-09,26,"William Owen School","PM2.5","Cumberland",35.041416,-78.953112
"1880",2025-12-10,43,"William Owen School","PM2.5","Cumberland",35.041416,-78.953112
"1881",2025-12-11,47,"William Owen School","PM2.5","Cumberland",35.041416,-78.953112
"1882",2025-12-12,34,"William Owen School","PM2.5","Cumberland",35.041416,-78.953112
"1883",2025-12-13,62,"William Owen School","PM2.5","Cumberland",35.041416,-78.953112
"1884",2025-12-14,30,"William Owen School","PM2.5","Cumberland",35.041416,-78.953112
"1885",2025-12-15,29,"William Owen School","PM2.5","Cumberland",35.041416,-78.953112
"1886",2025-12-16,53,"William Owen School","PM2.5","Cumberland",35.041416,-78.953112
"1887",2025-12-17,64,"William Owen School","PM2.5","Cumberland",35.041416,-78.953112
"1888",2025-12-18,55,"William Owen School","PM2.5","Cumberland",35.041416,-78.953112
"1889",2025-12-19,9,"William Owen School","PM2.5","Cumberland",35.041416,-78.953112
"1890",2025-12-20,37,"William Owen School","PM2.5","Cumberland",35.041416,-78.953112
"1891",2025-12-21,49,"William Owen School","PM2.5","Cumberland",35.041416,-78.953112
"1892",2025-12-22,18,"William Owen School","PM2.5","Cumberland",35.041416,-78.953112
"1893",2025-12-23,38,"William Owen School","PM2.5","Cumberland",35.041416,-78.953112
"1894",2025-12-24,59,"William Owen School","PM2.5","Cumberland",35.041416,-78.953112
"1895",2025-12-25,59,"William Owen School","PM2.5","Cumberland",35.041416,-78.953112
"1896",2025-12-26,43,"William Owen School","PM2.5","Cumberland",35.041416,-78.953112
"1897",2025-12-27,51,"William Owen School","PM2.5","Cumberland",35.041416,-78.953112
"1898",2025-12-28,32,"William Owen School","PM2.5","Cumberland",35.041416,-78.953112
"1899",2025-12-29,26,"William Owen School","PM2.5","Cumberland",35.041416,-78.953112
"1900",2025-12-30,51,"William Owen School","PM2.5","Cumberland",35.041416,-78.953112
"1901",2025-12-31,42,"William Owen School","PM2.5","Cumberland",35.041416,-78.953112
"1902",2025-01-01,9,"Lexington water tower","PM2.5","Davidson",35.8145,-80.2627
"1903",2025-01-07,14,"Lexington water tower","PM2.5","Davidson",35.8145,-80.2627
"1904",2025-01-13,54,"Lexington water tower","PM2.5","Davidson",35.8145,-80.2627
"1905",2025-01-19,46,"Lexington water tower","PM2.5","Davidson",35.8145,-80.2627
"1906",2025-01-25,62,"Lexington water tower","PM2.5","Davidson",35.8145,-80.2627
"1907",2025-01-31,51,"Lexington water tower","PM2.5","Davidson",35.8145,-80.2627
"1908",2025-02-12,9,"Lexington water tower","PM2.5","Davidson",35.8145,-80.2627
"1909",2025-02-18,37,"Lexington water tower","PM2.5","Davidson",35.8145,-80.2627
"1910",2025-02-24,57,"Lexington water tower","PM2.5","Davidson",35.8145,-80.2627
"1911",2025-03-02,26,"Lexington water tower","PM2.5","Davidson",35.8145,-80.2627
"1912",2025-03-08,45,"Lexington water tower","PM2.5","Davidson",35.8145,-80.2627
"1913",2025-03-14,64,"Lexington water tower","PM2.5","Davidson",35.8145,-80.2627
"1914",2025-03-20,55,"Lexington water tower","PM2.5","Davidson",35.8145,-80.2627
"1915",2025-03-26,19,"Lexington water tower","PM2.5","Davidson",35.8145,-80.2627
"1916",2025-04-01,12,"Lexington water tower","PM2.5","Davidson",35.8145,-80.2627
"1917",2025-04-19,58,"Lexington water tower","PM2.5","Davidson",35.8145,-80.2627
"1918",2025-04-20,56,"Lexington water tower","PM2.5","Davidson",35.8145,-80.2627
"1919",2025-04-25,55,"Lexington water tower","PM2.5","Davidson",35.8145,-80.2627
"1920",2025-05-01,54,"Lexington water tower","PM2.5","Davidson",35.8145,-80.2627
"1921",2025-05-13,22,"Lexington water tower","PM2.5","Davidson",35.8145,-80.2627
"1922",2025-05-19,42,"Lexington water tower","PM2.5","Davidson",35.8145,-80.2627
"1923",2025-05-25,43,"Lexington water tower","PM2.5","Davidson",35.8145,-80.2627
"1924",2025-05-31,46,"Lexington water tower","PM2.5","Davidson",35.8145,-80.2627
"1925",2025-06-06,45,"Lexington water tower","PM2.5","Davidson",35.8145,-80.2627
"1926",2025-06-12,58,"Lexington water tower","PM2.5","Davidson",35.8145,-80.2627
"1927",2025-06-24,66,"Lexington water tower","PM2.5","Davidson",35.8145,-80.2627
"1928",2025-06-30,54,"Lexington water tower","PM2.5","Davidson",35.8145,-80.2627
"1929",2025-07-06,42,"Lexington water tower","PM2.5","Davidson",35.8145,-80.2627
"1930",2025-07-17,48,"Lexington water tower","PM2.5","Davidson",35.8145,-80.2627
"1931",2025-07-18,44,"Lexington water tower","PM2.5","Davidson",35.8145,-80.2627
"1932",2025-07-30,54,"Lexington water tower","PM2.5","Davidson",35.8145,-80.2627
"1933",2025-08-05,34,"Lexington water tower","PM2.5","Davidson",35.8145,-80.2627
"1934",2025-08-11,22,"Lexington water tower","PM2.5","Davidson",35.8145,-80.2627
"1935",2025-08-17,53,"Lexington water tower","PM2.5","Davidson",35.8145,-80.2627
"1936",2025-08-23,51,"Lexington water tower","PM2.5","Davidson",35.8145,-80.2627
"1937",2025-08-29,47,"Lexington water tower","PM2.5","Davidson",35.8145,-80.2627
"1938",2025-09-04,48,"Lexington water tower","PM2.5","Davidson",35.8145,-80.2627
"1939",2025-09-22,53,"Lexington water tower","PM2.5","Davidson",35.8145,-80.2627
"1940",2025-09-28,32,"Lexington water tower","PM2.5","Davidson",35.8145,-80.2627
"1941",2025-10-04,51,"Lexington water tower","PM2.5","Davidson",35.8145,-80.2627
"1942",2025-10-10,23,"Lexington water tower","PM2.5","Davidson",35.8145,-80.2627
"1943",2025-10-16,32,"Lexington water tower","PM2.5","Davidson",35.8145,-80.2627
"1944",2025-10-22,21,"Lexington water tower","PM2.5","Davidson",35.8145,-80.2627
"1945",2025-10-28,16,"Lexington water tower","PM2.5","Davidson",35.8145,-80.2627
"1946",2025-11-09,55,"Lexington water tower","PM2.5","Davidson",35.8145,-80.2627
"1947",2025-11-15,57,"Lexington water tower","PM2.5","Davidson",35.8145,-80.2627
"1948",2025-11-21,89,"Lexington water tower","PM2.5","Davidson",35.8145,-80.2627
"1949",2025-11-27,27,"Lexington water tower","PM2.5","Davidson",35.8145,-80.2627
"1950",2025-12-03,37,"Lexington water tower","PM2.5","Davidson",35.8145,-80.2627
"1951",2025-12-09,34,"Lexington water tower","PM2.5","Davidson",35.8145,-80.2627
"1952",2025-12-15,26,"Lexington water tower","PM2.5","Davidson",35.8145,-80.2627
"1953",2025-12-27,51,"Lexington water tower","PM2.5","Davidson",35.8145,-80.2627
"1954",2025-01-01,18,"Lexington water tower","PM2.5","Davidson",35.8145,-80.2627
"1955",2025-01-02,45,"Lexington water tower","PM2.5","Davidson",35.8145,-80.2627
"1956",2025-01-03,37,"Lexington water tower","PM2.5","Davidson",35.8145,-80.2627
"1957",2025-01-04,24,"Lexington water tower","PM2.5","Davidson",35.8145,-80.2627
"1958",2025-01-05,50,"Lexington water tower","PM2.5","Davidson",35.8145,-80.2627
"1959",2025-01-06,51,"Lexington water tower","PM2.5","Davidson",35.8145,-80.2627
"1960",2025-01-07,24,"Lexington water tower","PM2.5","Davidson",35.8145,-80.2627
"1961",2025-01-08,38,"Lexington water tower","PM2.5","Davidson",35.8145,-80.2627
"1962",2025-01-09,40,"Lexington water tower","PM2.5","Davidson",35.8145,-80.2627
"1963",2025-01-10,52,"Lexington water tower","PM2.5","Davidson",35.8145,-80.2627
"1964",2025-01-11,51,"Lexington water tower","PM2.5","Davidson",35.8145,-80.2627
"1965",2025-01-12,54,"Lexington water tower","PM2.5","Davidson",35.8145,-80.2627
"1966",2025-01-13,56,"Lexington water tower","PM2.5","Davidson",35.8145,-80.2627
"1967",2025-01-14,37,"Lexington water tower","PM2.5","Davidson",35.8145,-80.2627
"1968",2025-01-15,51,"Lexington water tower","PM2.5","Davidson",35.8145,-80.2627
"1969",2025-01-16,58,"Lexington water tower","PM2.5","Davidson",35.8145,-80.2627
"1970",2025-01-17,51,"Lexington water tower","PM2.5","Davidson",35.8145,-80.2627
"1971",2025-01-18,49,"Lexington water tower","PM2.5","Davidson",35.8145,-80.2627
"1972",2025-01-19,52,"Lexington water tower","PM2.5","Davidson",35.8145,-80.2627
"1973",2025-01-20,33,"Lexington water tower","PM2.5","Davidson",35.8145,-80.2627
"1974",2025-01-21,46,"Lexington water tower","PM2.5","Davidson",35.8145,-80.2627
"1975",2025-01-22,48,"Lexington water tower","PM2.5","Davidson",35.8145,-80.2627
"1976",2025-01-23,66,"Lexington water tower","PM2.5","Davidson",35.8145,-80.2627
"1977",2025-01-24,73,"Lexington water tower","PM2.5","Davidson",35.8145,-80.2627
"1978",2025-01-25,65,"Lexington water tower","PM2.5","Davidson",35.8145,-80.2627
"1979",2025-01-26,65,"Lexington water tower","PM2.5","Davidson",35.8145,-80.2627
"1980",2025-01-27,59,"Lexington water tower","PM2.5","Davidson",35.8145,-80.2627
"1981",2025-01-28,42,"Lexington water tower","PM2.5","Davidson",35.8145,-80.2627
"1982",2025-01-29,49,"Lexington water tower","PM2.5","Davidson",35.8145,-80.2627
"1983",2025-01-30,52,"Lexington water tower","PM2.5","Davidson",35.8145,-80.2627
"1984",2025-01-31,58,"Lexington water tower","PM2.5","Davidson",35.8145,-80.2627
"1985",2025-02-01,32,"Lexington water tower","PM2.5","Davidson",35.8145,-80.2627
"1986",2025-02-02,48,"Lexington water tower","PM2.5","Davidson",35.8145,-80.2627
"1987",2025-02-03,61,"Lexington water tower","PM2.5","Davidson",35.8145,-80.2627
"1988",2025-02-04,58,"Lexington water tower","PM2.5","Davidson",35.8145,-80.2627
"1989",2025-02-05,49,"Lexington water tower","PM2.5","Davidson",35.8145,-80.2627
"1990",2025-02-06,62,"Lexington water tower","PM2.5","Davidson",35.8145,-80.2627
"1991",2025-02-07,55,"Lexington water tower","PM2.5","Davidson",35.8145,-80.2627
"1992",2025-02-08,51,"Lexington water tower","PM2.5","Davidson",35.8145,-80.2627
"1993",2025-02-09,44,"Lexington water tower","PM2.5","Davidson",35.8145,-80.2627
"1994",2025-02-10,47,"Lexington water tower","PM2.5","Davidson",35.8145,-80.2627
"1995",2025-02-11,55,"Lexington water tower","PM2.5","Davidson",35.8145,-80.2627
"1996",2025-02-12,20,"Lexington water tower","PM2.5","Davidson",35.8145,-80.2627
"1997",2025-02-13,26,"Lexington water tower","PM2.5","Davidson",35.8145,-80.2627
"1998",2025-02-14,47,"Lexington water tower","PM2.5","Davidson",35.8145,-80.2627
"1999",2025-02-15,46,"Lexington water tower","PM2.5","Davidson",35.8145,-80.2627
"2000",2025-02-16,25,"Lexington water tower","PM2.5","Davidson",35.8145,-80.2627
"2001",2025-02-17,28,"Lexington water tower","PM2.5","Davidson",35.8145,-80.2627
"2002",2025-02-18,52,"Lexington water tower","PM2.5","Davidson",35.8145,-80.2627
"2003",2025-02-19,45,"Lexington water tower","PM2.5","Davidson",35.8145,-80.2627
"2004",2025-02-20,43,"Lexington water tower","PM2.5","Davidson",35.8145,-80.2627
"2005",2025-02-21,33,"Lexington water tower","PM2.5","Davidson",35.8145,-80.2627
"2006",2025-02-22,55,"Lexington water tower","PM2.5","Davidson",35.8145,-80.2627
"2007",2025-02-23,60,"Lexington water tower","PM2.5","Davidson",35.8145,-80.2627
"2008",2025-02-24,63,"Lexington water tower","PM2.5","Davidson",35.8145,-80.2627
"2009",2025-02-25,70,"Lexington water tower","PM2.5","Davidson",35.8145,-80.2627
"2010",2025-02-26,55,"Lexington water tower","PM2.5","Davidson",35.8145,-80.2627
"2011",2025-02-27,60,"Lexington water tower","PM2.5","Davidson",35.8145,-80.2627
"2012",2025-02-28,30,"Lexington water tower","PM2.5","Davidson",35.8145,-80.2627
"2013",2025-03-01,37,"Lexington water tower","PM2.5","Davidson",35.8145,-80.2627
"2014",2025-03-02,34,"Lexington water tower","PM2.5","Davidson",35.8145,-80.2627
"2015",2025-03-03,55,"Lexington water tower","PM2.5","Davidson",35.8145,-80.2627
"2016",2025-03-04,41,"Lexington water tower","PM2.5","Davidson",35.8145,-80.2627
"2017",2025-03-05,43,"Lexington water tower","PM2.5","Davidson",35.8145,-80.2627
"2018",2025-03-06,11,"Lexington water tower","PM2.5","Davidson",35.8145,-80.2627
"2019",2025-03-07,41,"Lexington water tower","PM2.5","Davidson",35.8145,-80.2627
"2020",2025-03-08,53,"Lexington water tower","PM2.5","Davidson",35.8145,-80.2627
"2021",2025-03-09,39,"Lexington water tower","PM2.5","Davidson",35.8145,-80.2627
"2022",2025-03-10,48,"Lexington water tower","PM2.5","Davidson",35.8145,-80.2627
"2023",2025-03-11,49,"Lexington water tower","PM2.5","Davidson",35.8145,-80.2627
"2024",2025-03-12,60,"Lexington water tower","PM2.5","Davidson",35.8145,-80.2627
"2025",2025-03-13,67,"Lexington water tower","PM2.5","Davidson",35.8145,-80.2627
"2026",2025-03-14,70,"Lexington water tower","PM2.5","Davidson",35.8145,-80.2627
"2027",2025-03-15,62,"Lexington water tower","PM2.5","Davidson",35.8145,-80.2627
"2028",2025-03-18,18,"Lexington water tower","PM2.5","Davidson",35.8145,-80.2627
"2029",2025-03-19,49,"Lexington water tower","PM2.5","Davidson",35.8145,-80.2627
"2030",2025-03-20,57,"Lexington water tower","PM2.5","Davidson",35.8145,-80.2627
"2031",2025-03-21,18,"Lexington water tower","PM2.5","Davidson",35.8145,-80.2627
"2032",2025-03-22,42,"Lexington water tower","PM2.5","Davidson",35.8145,-80.2627
"2033",2025-03-23,18,"Lexington water tower","PM2.5","Davidson",35.8145,-80.2627
"2034",2025-03-24,57,"Lexington water tower","PM2.5","Davidson",35.8145,-80.2627
"2035",2025-03-25,17,"Lexington water tower","PM2.5","Davidson",35.8145,-80.2627
"2036",2025-03-26,17,"Lexington water tower","PM2.5","Davidson",35.8145,-80.2627
"2037",2025-03-27,29,"Lexington water tower","PM2.5","Davidson",35.8145,-80.2627
"2038",2025-03-28,46,"Lexington water tower","PM2.5","Davidson",35.8145,-80.2627
"2039",2025-03-29,36,"Lexington water tower","PM2.5","Davidson",35.8145,-80.2627
"2040",2025-03-30,31,"Lexington water tower","PM2.5","Davidson",35.8145,-80.2627
"2041",2025-03-31,29,"Lexington water tower","PM2.5","Davidson",35.8145,-80.2627
"2042",2025-04-01,41,"Lexington water tower","PM2.5","Davidson",35.8145,-80.2627
"2043",2025-04-02,55,"Lexington water tower","PM2.5","Davidson",35.8145,-80.2627
"2044",2025-04-09,38,"Lexington water tower","PM2.5","Davidson",35.8145,-80.2627
"2045",2025-04-10,55,"Lexington water tower","PM2.5","Davidson",35.8145,-80.2627
"2046",2025-04-11,50,"Lexington water tower","PM2.5","Davidson",35.8145,-80.2627
"2047",2025-04-12,52,"Lexington water tower","PM2.5","Davidson",35.8145,-80.2627
"2048",2025-04-13,44,"Lexington water tower","PM2.5","Davidson",35.8145,-80.2627
"2049",2025-04-14,58,"Lexington water tower","PM2.5","Davidson",35.8145,-80.2627
"2050",2025-04-15,50,"Lexington water tower","PM2.5","Davidson",35.8145,-80.2627
"2051",2025-04-16,41,"Lexington water tower","PM2.5","Davidson",35.8145,-80.2627
"2052",2025-04-17,54,"Lexington water tower","PM2.5","Davidson",35.8145,-80.2627
"2053",2025-04-18,63,"Lexington water tower","PM2.5","Davidson",35.8145,-80.2627
"2054",2025-04-19,62,"Lexington water tower","PM2.5","Davidson",35.8145,-80.2627
"2055",2025-04-20,61,"Lexington water tower","PM2.5","Davidson",35.8145,-80.2627
"2056",2025-04-21,60,"Lexington water tower","PM2.5","Davidson",35.8145,-80.2627
"2057",2025-04-22,55,"Lexington water tower","PM2.5","Davidson",35.8145,-80.2627
"2058",2025-04-23,55,"Lexington water tower","PM2.5","Davidson",35.8145,-80.2627
"2059",2025-04-24,60,"Lexington water tower","PM2.5","Davidson",35.8145,-80.2627
"2060",2025-04-26,51,"Lexington water tower","PM2.5","Davidson",35.8145,-80.2627
"2061",2025-04-27,42,"Lexington water tower","PM2.5","Davidson",35.8145,-80.2627
"2062",2025-05-02,4,"Lexington water tower","PM2.5","Davidson",35.8145,-80.2627
"2063",2025-05-03,15,"Lexington water tower","PM2.5","Davidson",35.8145,-80.2627
"2064",2025-05-04,3,"Lexington water tower","PM2.5","Davidson",35.8145,-80.2627
"2065",2025-05-06,42,"Lexington water tower","PM2.5","Davidson",35.8145,-80.2627
"2066",2025-05-07,55,"Lexington water tower","PM2.5","Davidson",35.8145,-80.2627
"2067",2025-05-08,54,"Lexington water tower","PM2.5","Davidson",35.8145,-80.2627
"2068",2025-05-09,51,"Lexington water tower","PM2.5","Davidson",35.8145,-80.2627
"2069",2025-05-10,51,"Lexington water tower","PM2.5","Davidson",35.8145,-80.2627
"2070",2025-05-11,59,"Lexington water tower","PM2.5","Davidson",35.8145,-80.2627
"2071",2025-05-12,29,"Lexington water tower","PM2.5","Davidson",35.8145,-80.2627
"2072",2025-05-13,29,"Lexington water tower","PM2.5","Davidson",35.8145,-80.2627
"2073",2025-05-14,42,"Lexington water tower","PM2.5","Davidson",35.8145,-80.2627
"2074",2025-05-15,55,"Lexington water tower","PM2.5","Davidson",35.8145,-80.2627
"2075",2025-05-16,61,"Lexington water tower","PM2.5","Davidson",35.8145,-80.2627
"2076",2025-05-17,40,"Lexington water tower","PM2.5","Davidson",35.8145,-80.2627
"2077",2025-05-18,42,"Lexington water tower","PM2.5","Davidson",35.8145,-80.2627
"2078",2025-05-19,55,"Lexington water tower","PM2.5","Davidson",35.8145,-80.2627
"2079",2025-05-20,51,"Lexington water tower","PM2.5","Davidson",35.8145,-80.2627
"2080",2025-05-21,54,"Lexington water tower","PM2.5","Davidson",35.8145,-80.2627
"2081",2025-05-22,28,"Lexington water tower","PM2.5","Davidson",35.8145,-80.2627
"2082",2025-05-23,33,"Lexington water tower","PM2.5","Davidson",35.8145,-80.2627
"2083",2025-05-24,40,"Lexington water tower","PM2.5","Davidson",35.8145,-80.2627
"2084",2025-05-25,54,"Lexington water tower","PM2.5","Davidson",35.8145,-80.2627
"2085",2025-05-26,54,"Lexington water tower","PM2.5","Davidson",35.8145,-80.2627
"2086",2025-05-27,28,"Lexington water tower","PM2.5","Davidson",35.8145,-80.2627
"2087",2025-05-28,21,"Lexington water tower","PM2.5","Davidson",35.8145,-80.2627
"2088",2025-05-29,47,"Lexington water tower","PM2.5","Davidson",35.8145,-80.2627
"2089",2025-05-30,34,"Lexington water tower","PM2.5","Davidson",35.8145,-80.2627
"2090",2025-05-31,56,"Lexington water tower","PM2.5","Davidson",35.8145,-80.2627
"2091",2025-06-01,63,"Lexington water tower","PM2.5","Davidson",35.8145,-80.2627
"2092",2025-06-02,52,"Lexington water tower","PM2.5","Davidson",35.8145,-80.2627
"2093",2025-06-03,61,"Lexington water tower","PM2.5","Davidson",35.8145,-80.2627
"2094",2025-06-04,65,"Lexington water tower","PM2.5","Davidson",35.8145,-80.2627
"2095",2025-06-05,46,"Lexington water tower","PM2.5","Davidson",35.8145,-80.2627
"2096",2025-06-06,47,"Lexington water tower","PM2.5","Davidson",35.8145,-80.2627
"2097",2025-06-07,38,"Lexington water tower","PM2.5","Davidson",35.8145,-80.2627
"2098",2025-06-08,43,"Lexington water tower","PM2.5","Davidson",35.8145,-80.2627
"2099",2025-06-09,46,"Lexington water tower","PM2.5","Davidson",35.8145,-80.2627
"2100",2025-06-10,46,"Lexington water tower","PM2.5","Davidson",35.8145,-80.2627
"2101",2025-06-11,55,"Lexington water tower","PM2.5","Davidson",35.8145,-80.2627
"2102",2025-06-12,59,"Lexington water tower","PM2.5","Davidson",35.8145,-80.2627
"2103",2025-06-13,34,"Lexington water tower","PM2.5","Davidson",35.8145,-80.2627
"2104",2025-06-14,32,"Lexington water tower","PM2.5","Davidson",35.8145,-80.2627
"2105",2025-06-15,36,"Lexington water tower","PM2.5","Davidson",35.8145,-80.2627
"2106",2025-06-16,34,"Lexington water tower","PM2.5","Davidson",35.8145,-80.2627
"2107",2025-06-17,39,"Lexington water tower","PM2.5","Davidson",35.8145,-80.2627
"2108",2025-06-18,28,"Lexington water tower","PM2.5","Davidson",35.8145,-80.2627
"2109",2025-06-19,41,"Lexington water tower","PM2.5","Davidson",35.8145,-80.2627
"2110",2025-06-20,49,"Lexington water tower","PM2.5","Davidson",35.8145,-80.2627
"2111",2025-06-21,54,"Lexington water tower","PM2.5","Davidson",35.8145,-80.2627
"2112",2025-06-22,62,"Lexington water tower","PM2.5","Davidson",35.8145,-80.2627
"2113",2025-06-23,61,"Lexington water tower","PM2.5","Davidson",35.8145,-80.2627
"2114",2025-06-24,67,"Lexington water tower","PM2.5","Davidson",35.8145,-80.2627
"2115",2025-06-25,66,"Lexington water tower","PM2.5","Davidson",35.8145,-80.2627
"2116",2025-06-26,58,"Lexington water tower","PM2.5","Davidson",35.8145,-80.2627
"2117",2025-06-27,56,"Lexington water tower","PM2.5","Davidson",35.8145,-80.2627
"2118",2025-06-28,57,"Lexington water tower","PM2.5","Davidson",35.8145,-80.2627
"2119",2025-06-29,52,"Lexington water tower","PM2.5","Davidson",35.8145,-80.2627
"2120",2025-06-30,56,"Lexington water tower","PM2.5","Davidson",35.8145,-80.2627
"2121",2025-07-01,50,"Lexington water tower","PM2.5","Davidson",35.8145,-80.2627
"2122",2025-07-02,36,"Lexington water tower","PM2.5","Davidson",35.8145,-80.2627
"2123",2025-07-03,53,"Lexington water tower","PM2.5","Davidson",35.8145,-80.2627
"2124",2025-07-04,68,"Lexington water tower","PM2.5","Davidson",35.8145,-80.2627
"2125",2025-07-05,65,"Lexington water tower","PM2.5","Davidson",35.8145,-80.2627
"2126",2025-07-06,51,"Lexington water tower","PM2.5","Davidson",35.8145,-80.2627
"2127",2025-07-07,55,"Lexington water tower","PM2.5","Davidson",35.8145,-80.2627
"2128",2025-07-08,60,"Lexington water tower","PM2.5","Davidson",35.8145,-80.2627
"2129",2025-07-09,54,"Lexington water tower","PM2.5","Davidson",35.8145,-80.2627
"2130",2025-07-10,36,"Lexington water tower","PM2.5","Davidson",35.8145,-80.2627
"2131",2025-07-11,46,"Lexington water tower","PM2.5","Davidson",35.8145,-80.2627
"2132",2025-07-12,51,"Lexington water tower","PM2.5","Davidson",35.8145,-80.2627
"2133",2025-07-13,51,"Lexington water tower","PM2.5","Davidson",35.8145,-80.2627
"2134",2025-07-14,52,"Lexington water tower","PM2.5","Davidson",35.8145,-80.2627
"2135",2025-07-15,39,"Lexington water tower","PM2.5","Davidson",35.8145,-80.2627
"2136",2025-07-16,41,"Lexington water tower","PM2.5","Davidson",35.8145,-80.2627
"2137",2025-07-17,48,"Lexington water tower","PM2.5","Davidson",35.8145,-80.2627
"2138",2025-07-18,44,"Lexington water tower","PM2.5","Davidson",35.8145,-80.2627
"2139",2025-07-19,27,"Lexington water tower","PM2.5","Davidson",35.8145,-80.2627
"2140",2025-07-20,41,"Lexington water tower","PM2.5","Davidson",35.8145,-80.2627
"2141",2025-07-21,48,"Lexington water tower","PM2.5","Davidson",35.8145,-80.2627
"2142",2025-07-22,47,"Lexington water tower","PM2.5","Davidson",35.8145,-80.2627
"2143",2025-07-23,58,"Lexington water tower","PM2.5","Davidson",35.8145,-80.2627
"2144",2025-07-24,55,"Lexington water tower","PM2.5","Davidson",35.8145,-80.2627
"2145",2025-07-25,53,"Lexington water tower","PM2.5","Davidson",35.8145,-80.2627
"2146",2025-07-26,51,"Lexington water tower","PM2.5","Davidson",35.8145,-80.2627
"2147",2025-07-27,44,"Lexington water tower","PM2.5","Davidson",35.8145,-80.2627
"2148",2025-07-28,31,"Lexington water tower","PM2.5","Davidson",35.8145,-80.2627
"2149",2025-07-29,40,"Lexington water tower","PM2.5","Davidson",35.8145,-80.2627
"2150",2025-07-30,53,"Lexington water tower","PM2.5","Davidson",35.8145,-80.2627
"2151",2025-07-31,29,"Lexington water tower","PM2.5","Davidson",35.8145,-80.2627
"2152",2025-08-01,39,"Lexington water tower","PM2.5","Davidson",35.8145,-80.2627
"2153",2025-08-02,29,"Lexington water tower","PM2.5","Davidson",35.8145,-80.2627
"2154",2025-08-03,54,"Lexington water tower","PM2.5","Davidson",35.8145,-80.2627
"2155",2025-08-04,54,"Lexington water tower","PM2.5","Davidson",35.8145,-80.2627
"2156",2025-08-05,51,"Lexington water tower","PM2.5","Davidson",35.8145,-80.2627
"2157",2025-08-06,38,"Lexington water tower","PM2.5","Davidson",35.8145,-80.2627
"2158",2025-08-07,63,"Lexington water tower","PM2.5","Davidson",35.8145,-80.2627
"2159",2025-08-08,90,"Lexington water tower","PM2.5","Davidson",35.8145,-80.2627
"2160",2025-08-09,64,"Lexington water tower","PM2.5","Davidson",35.8145,-80.2627
"2161",2025-08-10,56,"Lexington water tower","PM2.5","Davidson",35.8145,-80.2627
"2162",2025-08-11,31,"Lexington water tower","PM2.5","Davidson",35.8145,-80.2627
"2163",2025-08-12,31,"Lexington water tower","PM2.5","Davidson",35.8145,-80.2627
"2164",2025-08-13,41,"Lexington water tower","PM2.5","Davidson",35.8145,-80.2627
"2165",2025-08-14,38,"Lexington water tower","PM2.5","Davidson",35.8145,-80.2627
"2166",2025-08-15,50,"Lexington water tower","PM2.5","Davidson",35.8145,-80.2627
"2167",2025-08-16,55,"Lexington water tower","PM2.5","Davidson",35.8145,-80.2627
"2168",2025-08-17,58,"Lexington water tower","PM2.5","Davidson",35.8145,-80.2627
"2169",2025-08-18,54,"Lexington water tower","PM2.5","Davidson",35.8145,-80.2627
"2170",2025-08-19,47,"Lexington water tower","PM2.5","Davidson",35.8145,-80.2627
"2171",2025-08-20,46,"Lexington water tower","PM2.5","Davidson",35.8145,-80.2627
"2172",2025-08-21,44,"Lexington water tower","PM2.5","Davidson",35.8145,-80.2627
"2173",2025-08-22,28,"Lexington water tower","PM2.5","Davidson",35.8145,-80.2627
"2174",2025-08-23,47,"Lexington water tower","PM2.5","Davidson",35.8145,-80.2627
"2175",2025-08-24,51,"Lexington water tower","PM2.5","Davidson",35.8145,-80.2627
"2176",2025-08-25,42,"Lexington water tower","PM2.5","Davidson",35.8145,-80.2627
"2177",2025-08-26,44,"Lexington water tower","PM2.5","Davidson",35.8145,-80.2627
"2178",2025-08-27,52,"Lexington water tower","PM2.5","Davidson",35.8145,-80.2627
"2179",2025-08-28,54,"Lexington water tower","PM2.5","Davidson",35.8145,-80.2627
"2180",2025-08-29,54,"Lexington water tower","PM2.5","Davidson",35.8145,-80.2627
"2181",2025-08-30,55,"Lexington water tower","PM2.5","Davidson",35.8145,-80.2627
"2182",2025-08-31,51,"Lexington water tower","PM2.5","Davidson",35.8145,-80.2627
"2183",2025-09-01,47,"Lexington water tower","PM2.5","Davidson",35.8145,-80.2627
"2184",2025-09-02,52,"Lexington water tower","PM2.5","Davidson",35.8145,-80.2627
"2185",2025-09-05,58,"Lexington water tower","PM2.5","Davidson",35.8145,-80.2627
"2186",2025-09-06,60,"Lexington water tower","PM2.5","Davidson",35.8145,-80.2627
"2187",2025-09-07,51,"Lexington water tower","PM2.5","Davidson",35.8145,-80.2627
"2188",2025-09-08,44,"Lexington water tower","PM2.5","Davidson",35.8145,-80.2627
"2189",2025-09-09,37,"Lexington water tower","PM2.5","Davidson",35.8145,-80.2627
"2190",2025-09-10,50,"Lexington water tower","PM2.5","Davidson",35.8145,-80.2627
"2191",2025-09-11,50,"Lexington water tower","PM2.5","Davidson",35.8145,-80.2627
"2192",2025-09-12,52,"Lexington water tower","PM2.5","Davidson",35.8145,-80.2627
"2193",2025-09-13,55,"Lexington water tower","PM2.5","Davidson",35.8145,-80.2627
"2194",2025-09-14,59,"Lexington water tower","PM2.5","Davidson",35.8145,-80.2627
"2195",2025-09-15,59,"Lexington water tower","PM2.5","Davidson",35.8145,-80.2627
"2196",2025-09-16,54,"Lexington water tower","PM2.5","Davidson",35.8145,-80.2627
"2197",2025-09-17,52,"Lexington water tower","PM2.5","Davidson",35.8145,-80.2627
"2198",2025-09-18,36,"Lexington water tower","PM2.5","Davidson",35.8145,-80.2627
"2199",2025-09-19,56,"Lexington water tower","PM2.5","Davidson",35.8145,-80.2627
"2200",2025-09-20,61,"Lexington water tower","PM2.5","Davidson",35.8145,-80.2627
"2201",2025-09-21,59,"Lexington water tower","PM2.5","Davidson",35.8145,-80.2627
"2202",2025-09-22,58,"Lexington water tower","PM2.5","Davidson",35.8145,-80.2627
"2203",2025-09-23,58,"Lexington water tower","PM2.5","Davidson",35.8145,-80.2627
"2204",2025-09-24,61,"Lexington water tower","PM2.5","Davidson",35.8145,-80.2627
"2205",2025-09-25,54,"Lexington water tower","PM2.5","Davidson",35.8145,-80.2627
"2206",2025-09-26,33,"Lexington water tower","PM2.5","Davidson",35.8145,-80.2627
"2207",2025-09-27,27,"Lexington water tower","PM2.5","Davidson",35.8145,-80.2627
"2208",2025-09-28,35,"Lexington water tower","PM2.5","Davidson",35.8145,-80.2627
"2209",2025-09-29,44,"Lexington water tower","PM2.5","Davidson",35.8145,-80.2627
"2210",2025-09-30,50,"Lexington water tower","PM2.5","Davidson",35.8145,-80.2627
"2211",2025-10-01,55,"Lexington water tower","PM2.5","Davidson",35.8145,-80.2627
"2212",2025-10-02,52,"Lexington water tower","PM2.5","Davidson",35.8145,-80.2627
"2213",2025-10-03,43,"Lexington water tower","PM2.5","Davidson",35.8145,-80.2627
"2214",2025-10-04,56,"Lexington water tower","PM2.5","Davidson",35.8145,-80.2627
"2215",2025-10-05,53,"Lexington water tower","PM2.5","Davidson",35.8145,-80.2627
"2216",2025-10-06,43,"Lexington water tower","PM2.5","Davidson",35.8145,-80.2627
"2217",2025-10-07,31,"Lexington water tower","PM2.5","Davidson",35.8145,-80.2627
"2218",2025-10-08,32,"Lexington water tower","PM2.5","Davidson",35.8145,-80.2627
"2219",2025-10-09,44,"Lexington water tower","PM2.5","Davidson",35.8145,-80.2627
"2220",2025-10-10,39,"Lexington water tower","PM2.5","Davidson",35.8145,-80.2627
"2221",2025-10-11,32,"Lexington water tower","PM2.5","Davidson",35.8145,-80.2627
"2222",2025-10-12,23,"Lexington water tower","PM2.5","Davidson",35.8145,-80.2627
"2223",2025-10-13,21,"Lexington water tower","PM2.5","Davidson",35.8145,-80.2627
"2224",2025-10-14,47,"Lexington water tower","PM2.5","Davidson",35.8145,-80.2627
"2225",2025-10-15,42,"Lexington water tower","PM2.5","Davidson",35.8145,-80.2627
"2226",2025-10-16,53,"Lexington water tower","PM2.5","Davidson",35.8145,-80.2627
"2227",2025-10-17,52,"Lexington water tower","PM2.5","Davidson",35.8145,-80.2627
"2228",2025-10-18,58,"Lexington water tower","PM2.5","Davidson",35.8145,-80.2627
"2229",2025-10-19,53,"Lexington water tower","PM2.5","Davidson",35.8145,-80.2627
"2230",2025-10-20,34,"Lexington water tower","PM2.5","Davidson",35.8145,-80.2627
"2231",2025-10-21,56,"Lexington water tower","PM2.5","Davidson",35.8145,-80.2627
"2232",2025-10-22,40,"Lexington water tower","PM2.5","Davidson",35.8145,-80.2627
"2233",2025-10-23,46,"Lexington water tower","PM2.5","Davidson",35.8145,-80.2627
"2234",2025-10-24,53,"Lexington water tower","PM2.5","Davidson",35.8145,-80.2627
"2235",2025-10-25,52,"Lexington water tower","PM2.5","Davidson",35.8145,-80.2627
"2236",2025-10-26,57,"Lexington water tower","PM2.5","Davidson",35.8145,-80.2627
"2237",2025-10-27,53,"Lexington water tower","PM2.5","Davidson",35.8145,-80.2627
"2238",2025-10-28,39,"Lexington water tower","PM2.5","Davidson",35.8145,-80.2627
"2239",2025-10-29,42,"Lexington water tower","PM2.5","Davidson",35.8145,-80.2627
"2240",2025-10-30,33,"Lexington water tower","PM2.5","Davidson",35.8145,-80.2627
"2241",2025-10-31,38,"Lexington water tower","PM2.5","Davidson",35.8145,-80.2627
"2242",2025-11-01,56,"Lexington water tower","PM2.5","Davidson",35.8145,-80.2627
"2243",2025-11-02,58,"Lexington water tower","PM2.5","Davidson",35.8145,-80.2627
"2244",2025-11-03,51,"Lexington water tower","PM2.5","Davidson",35.8145,-80.2627
"2245",2025-11-04,52,"Lexington water tower","PM2.5","Davidson",35.8145,-80.2627
"2246",2025-11-05,60,"Lexington water tower","PM2.5","Davidson",35.8145,-80.2627
"2247",2025-11-06,56,"Lexington water tower","PM2.5","Davidson",35.8145,-80.2627
"2248",2025-11-07,60,"Lexington water tower","PM2.5","Davidson",35.8145,-80.2627
"2249",2025-11-08,59,"Lexington water tower","PM2.5","Davidson",35.8145,-80.2627
"2250",2025-11-09,61,"Lexington water tower","PM2.5","Davidson",35.8145,-80.2627
"2251",2025-11-10,27,"Lexington water tower","PM2.5","Davidson",35.8145,-80.2627
"2252",2025-11-11,39,"Lexington water tower","PM2.5","Davidson",35.8145,-80.2627
"2253",2025-11-12,56,"Lexington water tower","PM2.5","Davidson",35.8145,-80.2627
"2254",2025-11-13,54,"Lexington water tower","PM2.5","Davidson",35.8145,-80.2627
"2255",2025-11-14,57,"Lexington water tower","PM2.5","Davidson",35.8145,-80.2627
"2256",2025-11-15,64,"Lexington water tower","PM2.5","Davidson",35.8145,-80.2627
"2257",2025-11-16,52,"Lexington water tower","PM2.5","Davidson",35.8145,-80.2627
"2258",2025-11-17,45,"Lexington water tower","PM2.5","Davidson",35.8145,-80.2627
"2259",2025-11-18,62,"Lexington water tower","PM2.5","Davidson",35.8145,-80.2627
"2260",2025-11-19,60,"Lexington water tower","PM2.5","Davidson",35.8145,-80.2627
"2261",2025-11-20,62,"Lexington water tower","PM2.5","Davidson",35.8145,-80.2627
"2262",2025-11-21,93,"Lexington water tower","PM2.5","Davidson",35.8145,-80.2627
"2263",2025-11-22,62,"Lexington water tower","PM2.5","Davidson",35.8145,-80.2627
"2264",2025-11-23,51,"Lexington water tower","PM2.5","Davidson",35.8145,-80.2627
"2265",2025-11-24,54,"Lexington water tower","PM2.5","Davidson",35.8145,-80.2627
"2266",2025-11-25,61,"Lexington water tower","PM2.5","Davidson",35.8145,-80.2627
"2267",2025-11-26,52,"Lexington water tower","PM2.5","Davidson",35.8145,-80.2627
"2268",2025-11-27,51,"Lexington water tower","PM2.5","Davidson",35.8145,-80.2627
"2269",2025-11-28,47,"Lexington water tower","PM2.5","Davidson",35.8145,-80.2627
"2270",2025-11-29,55,"Lexington water tower","PM2.5","Davidson",35.8145,-80.2627
"2271",2025-11-30,57,"Lexington water tower","PM2.5","Davidson",35.8145,-80.2627
"2272",2025-12-01,55,"Lexington water tower","PM2.5","Davidson",35.8145,-80.2627
"2273",2025-12-02,55,"Lexington water tower","PM2.5","Davidson",35.8145,-80.2627
"2274",2025-12-03,55,"Lexington water tower","PM2.5","Davidson",35.8145,-80.2627
"2275",2025-12-04,64,"Lexington water tower","PM2.5","Davidson",35.8145,-80.2627
"2276",2025-12-05,55,"Lexington water tower","PM2.5","Davidson",35.8145,-80.2627
"2277",2025-12-06,61,"Lexington water tower","PM2.5","Davidson",35.8145,-80.2627
"2278",2025-12-07,60,"Lexington water tower","PM2.5","Davidson",35.8145,-80.2627
"2279",2025-12-08,58,"Lexington water tower","PM2.5","Davidson",35.8145,-80.2627
"2280",2025-12-09,52,"Lexington water tower","PM2.5","Davidson",35.8145,-80.2627
"2281",2025-12-10,56,"Lexington water tower","PM2.5","Davidson",35.8145,-80.2627
"2282",2025-12-11,37,"Lexington water tower","PM2.5","Davidson",35.8145,-80.2627
"2283",2025-12-12,57,"Lexington water tower","PM2.5","Davidson",35.8145,-80.2627
"2284",2025-12-13,76,"Lexington water tower","PM2.5","Davidson",35.8145,-80.2627
"2285",2025-12-14,57,"Lexington water tower","PM2.5","Davidson",35.8145,-80.2627
"2286",2025-12-15,53,"Lexington water tower","PM2.5","Davidson",35.8145,-80.2627
"2287",2025-12-19,24,"Lexington water tower","PM2.5","Davidson",35.8145,-80.2627
"2288",2025-12-20,57,"Lexington water tower","PM2.5","Davidson",35.8145,-80.2627
"2289",2025-12-21,58,"Lexington water tower","PM2.5","Davidson",35.8145,-80.2627
"2290",2025-12-22,56,"Lexington water tower","PM2.5","Davidson",35.8145,-80.2627
"2291",2025-12-23,57,"Lexington water tower","PM2.5","Davidson",35.8145,-80.2627
"2292",2025-12-24,65,"Lexington water tower","PM2.5","Davidson",35.8145,-80.2627
"2293",2025-12-25,56,"Lexington water tower","PM2.5","Davidson",35.8145,-80.2627
"2294",2025-12-26,53,"Lexington water tower","PM2.5","Davidson",35.8145,-80.2627
"2295",2025-12-27,58,"Lexington water tower","PM2.5","Davidson",35.8145,-80.2627
"2296",2025-12-28,50,"Lexington water tower","PM2.5","Davidson",35.8145,-80.2627
"2297",2025-12-29,44,"Lexington water tower","PM2.5","Davidson",35.8145,-80.2627
"2298",2025-12-30,43,"Lexington water tower","PM2.5","Davidson",35.8145,-80.2627
"2299",2025-12-31,38,"Lexington water tower","PM2.5","Davidson",35.8145,-80.2627
"2300",2025-01-01,18,"Durham Armory","PM2.5","Durham",36.0329550008979,-78.904037
"2301",2025-01-02,33,"Durham Armory","PM2.5","Durham",36.0329550008979,-78.904037
"2302",2025-01-03,37,"Durham Armory","PM2.5","Durham",36.0329550008979,-78.904037
"2303",2025-01-04,16,"Durham Armory","PM2.5","Durham",36.0329550008979,-78.904037
"2304",2025-01-05,19,"Durham Armory","PM2.5","Durham",36.0329550008979,-78.904037
"2305",2025-01-06,23,"Durham Armory","PM2.5","Durham",36.0329550008979,-78.904037
"2306",2025-01-07,25,"Durham Armory","PM2.5","Durham",36.0329550008979,-78.904037
"2307",2025-01-08,27,"Durham Armory","PM2.5","Durham",36.0329550008979,-78.904037
"2308",2025-01-11,42,"Durham Armory","PM2.5","Durham",36.0329550008979,-78.904037
"2309",2025-01-12,48,"Durham Armory","PM2.5","Durham",36.0329550008979,-78.904037
"2310",2025-01-13,55,"Durham Armory","PM2.5","Durham",36.0329550008979,-78.904037
"2311",2025-01-14,30,"Durham Armory","PM2.5","Durham",36.0329550008979,-78.904037
"2312",2025-01-15,42,"Durham Armory","PM2.5","Durham",36.0329550008979,-78.904037
"2313",2025-01-16,52,"Durham Armory","PM2.5","Durham",36.0329550008979,-78.904037
"2314",2025-01-17,32,"Durham Armory","PM2.5","Durham",36.0329550008979,-78.904037
"2315",2025-01-18,52,"Durham Armory","PM2.5","Durham",36.0329550008979,-78.904037
"2316",2025-01-19,54,"Durham Armory","PM2.5","Durham",36.0329550008979,-78.904037
"2317",2025-01-20,21,"Durham Armory","PM2.5","Durham",36.0329550008979,-78.904037
"2318",2025-01-21,31,"Durham Armory","PM2.5","Durham",36.0329550008979,-78.904037
"2319",2025-01-22,40,"Durham Armory","PM2.5","Durham",36.0329550008979,-78.904037
"2320",2025-01-23,59,"Durham Armory","PM2.5","Durham",36.0329550008979,-78.904037
"2321",2025-01-24,55,"Durham Armory","PM2.5","Durham",36.0329550008979,-78.904037
"2322",2025-01-25,55,"Durham Armory","PM2.5","Durham",36.0329550008979,-78.904037
"2323",2025-01-26,57,"Durham Armory","PM2.5","Durham",36.0329550008979,-78.904037
"2324",2025-01-27,52,"Durham Armory","PM2.5","Durham",36.0329550008979,-78.904037
"2325",2025-01-28,44,"Durham Armory","PM2.5","Durham",36.0329550008979,-78.904037
"2326",2025-01-29,32,"Durham Armory","PM2.5","Durham",36.0329550008979,-78.904037
"2327",2025-01-30,31,"Durham Armory","PM2.5","Durham",36.0329550008979,-78.904037
"2328",2025-01-31,49,"Durham Armory","PM2.5","Durham",36.0329550008979,-78.904037
"2329",2025-02-01,30,"Durham Armory","PM2.5","Durham",36.0329550008979,-78.904037
"2330",2025-02-02,27,"Durham Armory","PM2.5","Durham",36.0329550008979,-78.904037
"2331",2025-02-03,51,"Durham Armory","PM2.5","Durham",36.0329550008979,-78.904037
"2332",2025-02-04,57,"Durham Armory","PM2.5","Durham",36.0329550008979,-78.904037
"2333",2025-02-05,43,"Durham Armory","PM2.5","Durham",36.0329550008979,-78.904037
"2334",2025-02-06,55,"Durham Armory","PM2.5","Durham",36.0329550008979,-78.904037
"2335",2025-02-07,46,"Durham Armory","PM2.5","Durham",36.0329550008979,-78.904037
"2336",2025-02-08,44,"Durham Armory","PM2.5","Durham",36.0329550008979,-78.904037
"2337",2025-02-09,46,"Durham Armory","PM2.5","Durham",36.0329550008979,-78.904037
"2338",2025-02-10,37,"Durham Armory","PM2.5","Durham",36.0329550008979,-78.904037
"2339",2025-02-11,45,"Durham Armory","PM2.5","Durham",36.0329550008979,-78.904037
"2340",2025-02-12,14,"Durham Armory","PM2.5","Durham",36.0329550008979,-78.904037
"2341",2025-02-13,19,"Durham Armory","PM2.5","Durham",36.0329550008979,-78.904037
"2342",2025-02-14,34,"Durham Armory","PM2.5","Durham",36.0329550008979,-78.904037
"2343",2025-02-15,32,"Durham Armory","PM2.5","Durham",36.0329550008979,-78.904037
"2344",2025-02-16,15,"Durham Armory","PM2.5","Durham",36.0329550008979,-78.904037
"2345",2025-02-17,21,"Durham Armory","PM2.5","Durham",36.0329550008979,-78.904037
"2346",2025-02-18,19,"Durham Armory","PM2.5","Durham",36.0329550008979,-78.904037
"2347",2025-02-19,37,"Durham Armory","PM2.5","Durham",36.0329550008979,-78.904037
"2348",2025-02-20,32,"Durham Armory","PM2.5","Durham",36.0329550008979,-78.904037
"2349",2025-02-21,28,"Durham Armory","PM2.5","Durham",36.0329550008979,-78.904037
"2350",2025-02-22,36,"Durham Armory","PM2.5","Durham",36.0329550008979,-78.904037
"2351",2025-02-23,44,"Durham Armory","PM2.5","Durham",36.0329550008979,-78.904037
"2352",2025-02-24,40,"Durham Armory","PM2.5","Durham",36.0329550008979,-78.904037
"2353",2025-02-25,55,"Durham Armory","PM2.5","Durham",36.0329550008979,-78.904037
"2354",2025-02-26,49,"Durham Armory","PM2.5","Durham",36.0329550008979,-78.904037
"2355",2025-02-27,65,"Durham Armory","PM2.5","Durham",36.0329550008979,-78.904037
"2356",2025-02-28,23,"Durham Armory","PM2.5","Durham",36.0329550008979,-78.904037
"2357",2025-03-01,45,"Durham Armory","PM2.5","Durham",36.0329550008979,-78.904037
"2358",2025-03-02,23,"Durham Armory","PM2.5","Durham",36.0329550008979,-78.904037
"2359",2025-03-03,32,"Durham Armory","PM2.5","Durham",36.0329550008979,-78.904037
"2360",2025-03-04,51,"Durham Armory","PM2.5","Durham",36.0329550008979,-78.904037
"2361",2025-03-05,25,"Durham Armory","PM2.5","Durham",36.0329550008979,-78.904037
"2362",2025-03-06,12,"Durham Armory","PM2.5","Durham",36.0329550008979,-78.904037
"2363",2025-03-07,46,"Durham Armory","PM2.5","Durham",36.0329550008979,-78.904037
"2364",2025-03-08,59,"Durham Armory","PM2.5","Durham",36.0329550008979,-78.904037
"2365",2025-03-09,16,"Durham Armory","PM2.5","Durham",36.0329550008979,-78.904037
"2366",2025-03-10,36,"Durham Armory","PM2.5","Durham",36.0329550008979,-78.904037
"2367",2025-03-11,35,"Durham Armory","PM2.5","Durham",36.0329550008979,-78.904037
"2368",2025-03-12,55,"Durham Armory","PM2.5","Durham",36.0329550008979,-78.904037
"2369",2025-03-13,68,"Durham Armory","PM2.5","Durham",36.0329550008979,-78.904037
"2370",2025-03-15,54,"Durham Armory","PM2.5","Durham",36.0329550008979,-78.904037
"2371",2025-03-16,38,"Durham Armory","PM2.5","Durham",36.0329550008979,-78.904037
"2372",2025-03-17,43,"Durham Armory","PM2.5","Durham",36.0329550008979,-78.904037
"2373",2025-03-27,54,"Durham Armory","PM2.5","Durham",36.0329550008979,-78.904037
"2374",2025-03-28,56,"Durham Armory","PM2.5","Durham",36.0329550008979,-78.904037
"2375",2025-03-29,51,"Durham Armory","PM2.5","Durham",36.0329550008979,-78.904037
"2376",2025-03-30,49,"Durham Armory","PM2.5","Durham",36.0329550008979,-78.904037
"2377",2025-03-31,50,"Durham Armory","PM2.5","Durham",36.0329550008979,-78.904037
"2378",2025-04-08,39,"Durham Armory","PM2.5","Durham",36.0329550008979,-78.904037
"2379",2025-04-09,44,"Durham Armory","PM2.5","Durham",36.0329550008979,-78.904037
"2380",2025-04-10,42,"Durham Armory","PM2.5","Durham",36.0329550008979,-78.904037
"2381",2025-04-11,46,"Durham Armory","PM2.5","Durham",36.0329550008979,-78.904037
"2382",2025-04-12,33,"Durham Armory","PM2.5","Durham",36.0329550008979,-78.904037
"2383",2025-04-13,34,"Durham Armory","PM2.5","Durham",36.0329550008979,-78.904037
"2384",2025-04-14,53,"Durham Armory","PM2.5","Durham",36.0329550008979,-78.904037
"2385",2025-04-15,53,"Durham Armory","PM2.5","Durham",36.0329550008979,-78.904037
"2386",2025-04-16,41,"Durham Armory","PM2.5","Durham",36.0329550008979,-78.904037
"2387",2025-04-17,51,"Durham Armory","PM2.5","Durham",36.0329550008979,-78.904037
"2388",2025-04-18,58,"Durham Armory","PM2.5","Durham",36.0329550008979,-78.904037
"2389",2025-04-19,54,"Durham Armory","PM2.5","Durham",36.0329550008979,-78.904037
"2390",2025-04-20,58,"Durham Armory","PM2.5","Durham",36.0329550008979,-78.904037
"2391",2025-04-21,55,"Durham Armory","PM2.5","Durham",36.0329550008979,-78.904037
"2392",2025-04-22,56,"Durham Armory","PM2.5","Durham",36.0329550008979,-78.904037
"2393",2025-04-23,52,"Durham Armory","PM2.5","Durham",36.0329550008979,-78.904037
"2394",2025-04-24,56,"Durham Armory","PM2.5","Durham",36.0329550008979,-78.904037
"2395",2025-04-25,54,"Durham Armory","PM2.5","Durham",36.0329550008979,-78.904037
"2396",2025-04-26,47,"Durham Armory","PM2.5","Durham",36.0329550008979,-78.904037
"2397",2025-04-27,34,"Durham Armory","PM2.5","Durham",36.0329550008979,-78.904037
"2398",2025-04-28,34,"Durham Armory","PM2.5","Durham",36.0329550008979,-78.904037
"2399",2025-04-29,55,"Durham Armory","PM2.5","Durham",36.0329550008979,-78.904037
"2400",2025-04-30,56,"Durham Armory","PM2.5","Durham",36.0329550008979,-78.904037
"2401",2025-05-01,56,"Durham Armory","PM2.5","Durham",36.0329550008979,-78.904037
"2402",2025-05-02,49,"Durham Armory","PM2.5","Durham",36.0329550008979,-78.904037
"2403",2025-05-03,36,"Durham Armory","PM2.5","Durham",36.0329550008979,-78.904037
"2404",2025-05-04,33,"Durham Armory","PM2.5","Durham",36.0329550008979,-78.904037
"2405",2025-05-05,43,"Durham Armory","PM2.5","Durham",36.0329550008979,-78.904037
"2406",2025-05-06,42,"Durham Armory","PM2.5","Durham",36.0329550008979,-78.904037
"2407",2025-05-07,44,"Durham Armory","PM2.5","Durham",36.0329550008979,-78.904037
"2408",2025-05-08,52,"Durham Armory","PM2.5","Durham",36.0329550008979,-78.904037
"2409",2025-05-09,38,"Durham Armory","PM2.5","Durham",36.0329550008979,-78.904037
"2410",2025-05-10,39,"Durham Armory","PM2.5","Durham",36.0329550008979,-78.904037
"2411",2025-05-11,55,"Durham Armory","PM2.5","Durham",36.0329550008979,-78.904037
"2412",2025-05-12,28,"Durham Armory","PM2.5","Durham",36.0329550008979,-78.904037
"2413",2025-05-13,22,"Durham Armory","PM2.5","Durham",36.0329550008979,-78.904037
"2414",2025-05-14,37,"Durham Armory","PM2.5","Durham",36.0329550008979,-78.904037
"2415",2025-05-15,51,"Durham Armory","PM2.5","Durham",36.0329550008979,-78.904037
"2416",2025-05-16,55,"Durham Armory","PM2.5","Durham",36.0329550008979,-78.904037
"2417",2025-05-17,41,"Durham Armory","PM2.5","Durham",36.0329550008979,-78.904037
"2418",2025-05-18,39,"Durham Armory","PM2.5","Durham",36.0329550008979,-78.904037
"2419",2025-05-19,39,"Durham Armory","PM2.5","Durham",36.0329550008979,-78.904037
"2420",2025-05-20,46,"Durham Armory","PM2.5","Durham",36.0329550008979,-78.904037
"2421",2025-05-21,38,"Durham Armory","PM2.5","Durham",36.0329550008979,-78.904037
"2422",2025-05-22,39,"Durham Armory","PM2.5","Durham",36.0329550008979,-78.904037
"2423",2025-05-23,25,"Durham Armory","PM2.5","Durham",36.0329550008979,-78.904037
"2424",2025-05-24,35,"Durham Armory","PM2.5","Durham",36.0329550008979,-78.904037
"2425",2025-05-25,37,"Durham Armory","PM2.5","Durham",36.0329550008979,-78.904037
"2426",2025-05-26,52,"Durham Armory","PM2.5","Durham",36.0329550008979,-78.904037
"2427",2025-05-27,14,"Durham Armory","PM2.5","Durham",36.0329550008979,-78.904037
"2428",2025-05-28,11,"Durham Armory","PM2.5","Durham",36.0329550008979,-78.904037
"2429",2025-05-29,32,"Durham Armory","PM2.5","Durham",36.0329550008979,-78.904037
"2430",2025-05-30,19,"Durham Armory","PM2.5","Durham",36.0329550008979,-78.904037
"2431",2025-05-31,52,"Durham Armory","PM2.5","Durham",36.0329550008979,-78.904037
"2432",2025-06-01,52,"Durham Armory","PM2.5","Durham",36.0329550008979,-78.904037
"2433",2025-06-02,42,"Durham Armory","PM2.5","Durham",36.0329550008979,-78.904037
"2434",2025-06-03,45,"Durham Armory","PM2.5","Durham",36.0329550008979,-78.904037
"2435",2025-06-04,58,"Durham Armory","PM2.5","Durham",36.0329550008979,-78.904037
"2436",2025-06-05,36,"Durham Armory","PM2.5","Durham",36.0329550008979,-78.904037
"2437",2025-06-06,52,"Durham Armory","PM2.5","Durham",36.0329550008979,-78.904037
"2438",2025-06-07,34,"Durham Armory","PM2.5","Durham",36.0329550008979,-78.904037
"2439",2025-06-08,36,"Durham Armory","PM2.5","Durham",36.0329550008979,-78.904037
"2440",2025-06-09,35,"Durham Armory","PM2.5","Durham",36.0329550008979,-78.904037
"2441",2025-06-10,36,"Durham Armory","PM2.5","Durham",36.0329550008979,-78.904037
"2442",2025-06-11,53,"Durham Armory","PM2.5","Durham",36.0329550008979,-78.904037
"2443",2025-06-12,49,"Durham Armory","PM2.5","Durham",36.0329550008979,-78.904037
"2444",2025-06-13,30,"Durham Armory","PM2.5","Durham",36.0329550008979,-78.904037
"2445",2025-06-14,26,"Durham Armory","PM2.5","Durham",36.0329550008979,-78.904037
"2446",2025-06-15,38,"Durham Armory","PM2.5","Durham",36.0329550008979,-78.904037
"2447",2025-06-16,22,"Durham Armory","PM2.5","Durham",36.0329550008979,-78.904037
"2448",2025-06-17,35,"Durham Armory","PM2.5","Durham",36.0329550008979,-78.904037
"2449",2025-06-18,41,"Durham Armory","PM2.5","Durham",36.0329550008979,-78.904037
"2450",2025-06-19,34,"Durham Armory","PM2.5","Durham",36.0329550008979,-78.904037
"2451",2025-06-20,34,"Durham Armory","PM2.5","Durham",36.0329550008979,-78.904037
"2452",2025-06-21,48,"Durham Armory","PM2.5","Durham",36.0329550008979,-78.904037
"2453",2025-06-22,53,"Durham Armory","PM2.5","Durham",36.0329550008979,-78.904037
"2454",2025-06-23,61,"Durham Armory","PM2.5","Durham",36.0329550008979,-78.904037
"2455",2025-06-24,66,"Durham Armory","PM2.5","Durham",36.0329550008979,-78.904037
"2456",2025-06-25,62,"Durham Armory","PM2.5","Durham",36.0329550008979,-78.904037
"2457",2025-06-26,58,"Durham Armory","PM2.5","Durham",36.0329550008979,-78.904037
"2458",2025-06-27,51,"Durham Armory","PM2.5","Durham",36.0329550008979,-78.904037
"2459",2025-06-28,47,"Durham Armory","PM2.5","Durham",36.0329550008979,-78.904037
"2460",2025-06-29,50,"Durham Armory","PM2.5","Durham",36.0329550008979,-78.904037
"2461",2025-06-30,57,"Durham Armory","PM2.5","Durham",36.0329550008979,-78.904037
"2462",2025-07-01,43,"Durham Armory","PM2.5","Durham",36.0329550008979,-78.904037
"2463",2025-07-02,25,"Durham Armory","PM2.5","Durham",36.0329550008979,-78.904037
"2464",2025-07-03,32,"Durham Armory","PM2.5","Durham",36.0329550008979,-78.904037
"2465",2025-07-04,60,"Durham Armory","PM2.5","Durham",36.0329550008979,-78.904037
"2466",2025-07-05,60,"Durham Armory","PM2.5","Durham",36.0329550008979,-78.904037
"2467",2025-07-06,17,"Durham Armory","PM2.5","Durham",36.0329550008979,-78.904037
"2468",2025-07-07,37,"Durham Armory","PM2.5","Durham",36.0329550008979,-78.904037
"2469",2025-07-08,58,"Durham Armory","PM2.5","Durham",36.0329550008979,-78.904037
"2470",2025-07-09,43,"Durham Armory","PM2.5","Durham",36.0329550008979,-78.904037
"2471",2025-07-10,28,"Durham Armory","PM2.5","Durham",36.0329550008979,-78.904037
"2472",2025-07-11,23,"Durham Armory","PM2.5","Durham",36.0329550008979,-78.904037
"2473",2025-07-12,38,"Durham Armory","PM2.5","Durham",36.0329550008979,-78.904037
"2474",2025-07-13,33,"Durham Armory","PM2.5","Durham",36.0329550008979,-78.904037
"2475",2025-07-14,32,"Durham Armory","PM2.5","Durham",36.0329550008979,-78.904037
"2476",2025-07-15,18,"Durham Armory","PM2.5","Durham",36.0329550008979,-78.904037
"2477",2025-07-16,28,"Durham Armory","PM2.5","Durham",36.0329550008979,-78.904037
"2478",2025-07-17,41,"Durham Armory","PM2.5","Durham",36.0329550008979,-78.904037
"2479",2025-07-18,33,"Durham Armory","PM2.5","Durham",36.0329550008979,-78.904037
"2480",2025-07-19,26,"Durham Armory","PM2.5","Durham",36.0329550008979,-78.904037
"2481",2025-07-20,29,"Durham Armory","PM2.5","Durham",36.0329550008979,-78.904037
"2482",2025-07-21,31,"Durham Armory","PM2.5","Durham",36.0329550008979,-78.904037
"2483",2025-07-22,46,"Durham Armory","PM2.5","Durham",36.0329550008979,-78.904037
"2484",2025-07-23,53,"Durham Armory","PM2.5","Durham",36.0329550008979,-78.904037
"2485",2025-07-24,25,"Durham Armory","PM2.5","Durham",36.0329550008979,-78.904037
"2486",2025-07-25,42,"Durham Armory","PM2.5","Durham",36.0329550008979,-78.904037
"2487",2025-07-26,39,"Durham Armory","PM2.5","Durham",36.0329550008979,-78.904037
"2488",2025-07-27,32,"Durham Armory","PM2.5","Durham",36.0329550008979,-78.904037
"2489",2025-07-28,15,"Durham Armory","PM2.5","Durham",36.0329550008979,-78.904037
"2490",2025-07-29,31,"Durham Armory","PM2.5","Durham",36.0329550008979,-78.904037
"2491",2025-07-30,22,"Durham Armory","PM2.5","Durham",36.0329550008979,-78.904037
"2492",2025-07-31,22,"Durham Armory","PM2.5","Durham",36.0329550008979,-78.904037
"2493",2025-08-01,19,"Durham Armory","PM2.5","Durham",36.0329550008979,-78.904037
"2494",2025-08-02,6,"Durham Armory","PM2.5","Durham",36.0329550008979,-78.904037
"2495",2025-08-03,26,"Durham Armory","PM2.5","Durham",36.0329550008979,-78.904037
"2496",2025-08-04,28,"Durham Armory","PM2.5","Durham",36.0329550008979,-78.904037
"2497",2025-08-05,13,"Durham Armory","PM2.5","Durham",36.0329550008979,-78.904037
"2498",2025-08-06,0,"Durham Armory","PM2.5","Durham",36.0329550008979,-78.904037
"2499",2025-08-07,55,"Durham Armory","PM2.5","Durham",36.0329550008979,-78.904037
"2500",2025-08-08,65,"Durham Armory","PM2.5","Durham",36.0329550008979,-78.904037
"2501",2025-08-09,34,"Durham Armory","PM2.5","Durham",36.0329550008979,-78.904037
"2502",2025-08-10,21,"Durham Armory","PM2.5","Durham",36.0329550008979,-78.904037
"2503",2025-08-11,0,"Durham Armory","PM2.5","Durham",36.0329550008979,-78.904037
"2504",2025-08-12,0,"Durham Armory","PM2.5","Durham",36.0329550008979,-78.904037
"2505",2025-08-13,0,"Durham Armory","PM2.5","Durham",36.0329550008979,-78.904037
"2506",2025-08-14,2,"Durham Armory","PM2.5","Durham",36.0329550008979,-78.904037
"2507",2025-08-15,17,"Durham Armory","PM2.5","Durham",36.0329550008979,-78.904037
"2508",2025-08-16,18,"Durham Armory","PM2.5","Durham",36.0329550008979,-78.904037
"2509",2025-08-17,25,"Durham Armory","PM2.5","Durham",36.0329550008979,-78.904037
"2510",2025-08-18,17,"Durham Armory","PM2.5","Durham",36.0329550008979,-78.904037
"2511",2025-08-19,0,"Durham Armory","PM2.5","Durham",36.0329550008979,-78.904037
"2512",2025-08-20,3,"Durham Armory","PM2.5","Durham",36.0329550008979,-78.904037
"2513",2025-08-21,4,"Durham Armory","PM2.5","Durham",36.0329550008979,-78.904037
"2514",2025-08-22,0,"Durham Armory","PM2.5","Durham",36.0329550008979,-78.904037
"2515",2025-08-23,20,"Durham Armory","PM2.5","Durham",36.0329550008979,-78.904037
"2516",2025-08-24,13,"Durham Armory","PM2.5","Durham",36.0329550008979,-78.904037
"2517",2025-08-25,18,"Durham Armory","PM2.5","Durham",36.0329550008979,-78.904037
"2518",2025-08-26,24,"Durham Armory","PM2.5","Durham",36.0329550008979,-78.904037
"2519",2025-08-27,29,"Durham Armory","PM2.5","Durham",36.0329550008979,-78.904037
"2520",2025-08-28,32,"Durham Armory","PM2.5","Durham",36.0329550008979,-78.904037
"2521",2025-08-29,33,"Durham Armory","PM2.5","Durham",36.0329550008979,-78.904037
"2522",2025-08-30,30,"Durham Armory","PM2.5","Durham",36.0329550008979,-78.904037
"2523",2025-08-31,24,"Durham Armory","PM2.5","Durham",36.0329550008979,-78.904037
"2524",2025-09-01,22,"Durham Armory","PM2.5","Durham",36.0329550008979,-78.904037
"2525",2025-09-02,19,"Durham Armory","PM2.5","Durham",36.0329550008979,-78.904037
"2526",2025-09-03,24,"Durham Armory","PM2.5","Durham",36.0329550008979,-78.904037
"2527",2025-09-04,33,"Durham Armory","PM2.5","Durham",36.0329550008979,-78.904037
"2528",2025-09-05,40,"Durham Armory","PM2.5","Durham",36.0329550008979,-78.904037
"2529",2025-09-06,39,"Durham Armory","PM2.5","Durham",36.0329550008979,-78.904037
"2530",2025-09-07,25,"Durham Armory","PM2.5","Durham",36.0329550008979,-78.904037
"2531",2025-09-08,19,"Durham Armory","PM2.5","Durham",36.0329550008979,-78.904037
"2532",2025-09-09,23,"Durham Armory","PM2.5","Durham",36.0329550008979,-78.904037
"2533",2025-10-14,9,"Durham Armory","PM2.5","Durham",36.0329550008979,-78.904037
"2534",2025-10-15,17,"Durham Armory","PM2.5","Durham",36.0329550008979,-78.904037
"2535",2025-10-16,17,"Durham Armory","PM2.5","Durham",36.0329550008979,-78.904037
"2536",2025-10-17,17,"Durham Armory","PM2.5","Durham",36.0329550008979,-78.904037
"2537",2025-10-18,46,"Durham Armory","PM2.5","Durham",36.0329550008979,-78.904037
"2538",2025-10-19,31,"Durham Armory","PM2.5","Durham",36.0329550008979,-78.904037
"2539",2025-10-20,9,"Durham Armory","PM2.5","Durham",36.0329550008979,-78.904037
"2540",2025-10-21,39,"Durham Armory","PM2.5","Durham",36.0329550008979,-78.904037
"2541",2025-10-22,24,"Durham Armory","PM2.5","Durham",36.0329550008979,-78.904037
"2542",2025-10-23,19,"Durham Armory","PM2.5","Durham",36.0329550008979,-78.904037
"2543",2025-10-24,19,"Durham Armory","PM2.5","Durham",36.0329550008979,-78.904037
"2544",2025-10-25,23,"Durham Armory","PM2.5","Durham",36.0329550008979,-78.904037
"2545",2025-10-26,28,"Durham Armory","PM2.5","Durham",36.0329550008979,-78.904037
"2546",2025-10-27,21,"Durham Armory","PM2.5","Durham",36.0329550008979,-78.904037
"2547",2025-10-28,11,"Durham Armory","PM2.5","Durham",36.0329550008979,-78.904037
"2548",2025-10-29,9,"Durham Armory","PM2.5","Durham",36.0329550008979,-78.904037
"2549",2025-10-30,9,"Durham Armory","PM2.5","Durham",36.0329550008979,-78.904037
"2550",2025-10-31,16,"Durham Armory","PM2.5","Durham",36.0329550008979,-78.904037
"2551",2025-11-01,38,"Durham Armory","PM2.5","Durham",36.0329550008979,-78.904037
"2552",2025-11-02,46,"Durham Armory","PM2.5","Durham",36.0329550008979,-78.904037
"2553",2025-11-03,22,"Durham Armory","PM2.5","Durham",36.0329550008979,-78.904037
"2554",2025-11-04,21,"Durham Armory","PM2.5","Durham",36.0329550008979,-78.904037
"2555",2025-11-05,49,"Durham Armory","PM2.5","Durham",36.0329550008979,-78.904037
"2556",2025-11-06,48,"Durham Armory","PM2.5","Durham",36.0329550008979,-78.904037
"2557",2025-11-07,45,"Durham Armory","PM2.5","Durham",36.0329550008979,-78.904037
"2558",2025-11-08,56,"Durham Armory","PM2.5","Durham",36.0329550008979,-78.904037
"2559",2025-11-09,54,"Durham Armory","PM2.5","Durham",36.0329550008979,-78.904037
"2560",2025-11-10,1,"Durham Armory","PM2.5","Durham",36.0329550008979,-78.904037
"2561",2025-11-11,11,"Durham Armory","PM2.5","Durham",36.0329550008979,-78.904037
"2562",2025-11-12,44,"Durham Armory","PM2.5","Durham",36.0329550008979,-78.904037
"2563",2025-11-13,39,"Durham Armory","PM2.5","Durham",36.0329550008979,-78.904037
"2564",2025-11-14,29,"Durham Armory","PM2.5","Durham",36.0329550008979,-78.904037
"2565",2025-11-15,47,"Durham Armory","PM2.5","Durham",36.0329550008979,-78.904037
"2566",2025-11-16,31,"Durham Armory","PM2.5","Durham",36.0329550008979,-78.904037
"2567",2025-11-17,17,"Durham Armory","PM2.5","Durham",36.0329550008979,-78.904037
"2568",2025-11-18,33,"Durham Armory","PM2.5","Durham",36.0329550008979,-78.904037
"2569",2025-11-19,49,"Durham Armory","PM2.5","Durham",36.0329550008979,-78.904037
"2570",2025-11-20,42,"Durham Armory","PM2.5","Durham",36.0329550008979,-78.904037
"2571",2025-11-21,65,"Durham Armory","PM2.5","Durham",36.0329550008979,-78.904037
"2572",2025-11-22,57,"Durham Armory","PM2.5","Durham",36.0329550008979,-78.904037
"2573",2025-11-23,26,"Durham Armory","PM2.5","Durham",36.0329550008979,-78.904037
"2574",2025-11-24,31,"Durham Armory","PM2.5","Durham",36.0329550008979,-78.904037
"2575",2025-11-25,41,"Durham Armory","PM2.5","Durham",36.0329550008979,-78.904037
"2576",2025-11-26,33,"Durham Armory","PM2.5","Durham",36.0329550008979,-78.904037
"2577",2025-11-27,10,"Durham Armory","PM2.5","Durham",36.0329550008979,-78.904037
"2578",2025-11-28,17,"Durham Armory","PM2.5","Durham",36.0329550008979,-78.904037
"2579",2025-11-29,25,"Durham Armory","PM2.5","Durham",36.0329550008979,-78.904037
"2580",2025-11-30,41,"Durham Armory","PM2.5","Durham",36.0329550008979,-78.904037
"2581",2025-12-01,24,"Durham Armory","PM2.5","Durham",36.0329550008979,-78.904037
"2582",2025-12-02,23,"Durham Armory","PM2.5","Durham",36.0329550008979,-78.904037
"2583",2025-12-03,27,"Durham Armory","PM2.5","Durham",36.0329550008979,-78.904037
"2584",2025-12-04,42,"Durham Armory","PM2.5","Durham",36.0329550008979,-78.904037
"2585",2025-12-05,28,"Durham Armory","PM2.5","Durham",36.0329550008979,-78.904037
"2586",2025-12-06,43,"Durham Armory","PM2.5","Durham",36.0329550008979,-78.904037
"2587",2025-12-07,53,"Durham Armory","PM2.5","Durham",36.0329550008979,-78.904037
"2588",2025-12-08,46,"Durham Armory","PM2.5","Durham",36.0329550008979,-78.904037
"2589",2025-12-09,27,"Durham Armory","PM2.5","Durham",36.0329550008979,-78.904037
"2590",2025-12-10,43,"Durham Armory","PM2.5","Durham",36.0329550008979,-78.904037
"2591",2025-12-11,10,"Durham Armory","PM2.5","Durham",36.0329550008979,-78.904037
"2592",2025-12-12,36,"Durham Armory","PM2.5","Durham",36.0329550008979,-78.904037
"2593",2025-12-13,57,"Durham Armory","PM2.5","Durham",36.0329550008979,-78.904037
"2594",2025-12-14,33,"Durham Armory","PM2.5","Durham",36.0329550008979,-78.904037
"2595",2025-12-15,19,"Durham Armory","PM2.5","Durham",36.0329550008979,-78.904037
"2596",2025-12-16,43,"Durham Armory","PM2.5","Durham",36.0329550008979,-78.904037
"2597",2025-12-17,56,"Durham Armory","PM2.5","Durham",36.0329550008979,-78.904037
"2598",2025-12-18,57,"Durham Armory","PM2.5","Durham",36.0329550008979,-78.904037
"2599",2025-12-19,6,"Durham Armory","PM2.5","Durham",36.0329550008979,-78.904037
"2600",2025-12-20,28,"Durham Armory","PM2.5","Durham",36.0329550008979,-78.904037
"2601",2025-12-21,25,"Durham Armory","PM2.5","Durham",36.0329550008979,-78.904037
"2602",2025-12-22,22,"Durham Armory","PM2.5","Durham",36.0329550008979,-78.904037
"2603",2025-12-23,43,"Durham Armory","PM2.5","Durham",36.0329550008979,-78.904037
"2604",2025-12-24,55,"Durham Armory","PM2.5","Durham",36.0329550008979,-78.904037
"2605",2025-12-25,59,"Durham Armory","PM2.5","Durham",36.0329550008979,-78.904037
"2606",2025-12-26,26,"Durham Armory","PM2.5","Durham",36.0329550008979,-78.904037
"2607",2025-12-27,39,"Durham Armory","PM2.5","Durham",36.0329550008979,-78.904037
"2608",2025-12-28,21,"Durham Armory","PM2.5","Durham",36.0329550008979,-78.904037
"2609",2025-12-29,22,"Durham Armory","PM2.5","Durham",36.0329550008979,-78.904037
"2610",2025-12-30,13,"Durham Armory","PM2.5","Durham",36.0329550008979,-78.904037
"2611",2025-12-31,28,"Durham Armory","PM2.5","Durham",36.0329550008979,-78.904037
"2612",2025-04-01,16,"Durham Armory","PM2.5","Durham",36.0329550008979,-78.904037
"2613",2025-04-02,36,"Durham Armory","PM2.5","Durham",36.0329550008979,-78.904037
"2614",2025-04-03,52,"Durham Armory","PM2.5","Durham",36.0329550008979,-78.904037
"2615",2025-04-04,55,"Durham Armory","PM2.5","Durham",36.0329550008979,-78.904037
"2616",2025-04-05,55,"Durham Armory","PM2.5","Durham",36.0329550008979,-78.904037
"2617",2025-04-06,36,"Durham Armory","PM2.5","Durham",36.0329550008979,-78.904037
"2618",2025-04-07,37,"Durham Armory","PM2.5","Durham",36.0329550008979,-78.904037
"2619",2025-04-08,24,"Durham Armory","PM2.5","Durham",36.0329550008979,-78.904037
"2620",2025-04-09,24,"Durham Armory","PM2.5","Durham",36.0329550008979,-78.904037
"2621",2025-04-10,37,"Durham Armory","PM2.5","Durham",36.0329550008979,-78.904037
"2622",2025-04-11,30,"Durham Armory","PM2.5","Durham",36.0329550008979,-78.904037
"2623",2025-04-12,21,"Durham Armory","PM2.5","Durham",36.0329550008979,-78.904037
"2624",2025-04-13,23,"Durham Armory","PM2.5","Durham",36.0329550008979,-78.904037
"2625",2025-04-14,53,"Durham Armory","PM2.5","Durham",36.0329550008979,-78.904037
"2626",2025-04-15,43,"Durham Armory","PM2.5","Durham",36.0329550008979,-78.904037
"2627",2025-04-16,26,"Durham Armory","PM2.5","Durham",36.0329550008979,-78.904037
"2628",2025-04-17,34,"Durham Armory","PM2.5","Durham",36.0329550008979,-78.904037
"2629",2025-04-18,55,"Durham Armory","PM2.5","Durham",36.0329550008979,-78.904037
"2630",2025-04-19,53,"Durham Armory","PM2.5","Durham",36.0329550008979,-78.904037
"2631",2025-04-20,57,"Durham Armory","PM2.5","Durham",36.0329550008979,-78.904037
"2632",2025-04-21,58,"Durham Armory","PM2.5","Durham",36.0329550008979,-78.904037
"2633",2025-04-22,55,"Durham Armory","PM2.5","Durham",36.0329550008979,-78.904037
"2634",2025-04-23,49,"Durham Armory","PM2.5","Durham",36.0329550008979,-78.904037
"2635",2025-04-24,58,"Durham Armory","PM2.5","Durham",36.0329550008979,-78.904037
"2636",2025-04-25,55,"Durham Armory","PM2.5","Durham",36.0329550008979,-78.904037
"2637",2025-04-26,43,"Durham Armory","PM2.5","Durham",36.0329550008979,-78.904037
"2638",2025-04-27,26,"Durham Armory","PM2.5","Durham",36.0329550008979,-78.904037
"2639",2025-04-28,27,"Durham Armory","PM2.5","Durham",36.0329550008979,-78.904037
"2640",2025-04-29,54,"Durham Armory","PM2.5","Durham",36.0329550008979,-78.904037
"2641",2025-04-30,55,"Durham Armory","PM2.5","Durham",36.0329550008979,-78.904037
"2642",2025-05-01,57,"Durham Armory","PM2.5","Durham",36.0329550008979,-78.904037
"2643",2025-05-02,50,"Durham Armory","PM2.5","Durham",36.0329550008979,-78.904037
"2644",2025-05-03,39,"Durham Armory","PM2.5","Durham",36.0329550008979,-78.904037
"2645",2025-05-04,26,"Durham Armory","PM2.5","Durham",36.0329550008979,-78.904037
"2646",2025-05-05,41,"Durham Armory","PM2.5","Durham",36.0329550008979,-78.904037
"2647",2025-05-06,33,"Durham Armory","PM2.5","Durham",36.0329550008979,-78.904037
"2648",2025-05-07,39,"Durham Armory","PM2.5","Durham",36.0329550008979,-78.904037
"2649",2025-05-08,50,"Durham Armory","PM2.5","Durham",36.0329550008979,-78.904037
"2650",2025-05-09,32,"Durham Armory","PM2.5","Durham",36.0329550008979,-78.904037
"2651",2025-05-10,27,"Durham Armory","PM2.5","Durham",36.0329550008979,-78.904037
"2652",2025-05-11,48,"Durham Armory","PM2.5","Durham",36.0329550008979,-78.904037
"2653",2025-05-12,31,"Durham Armory","PM2.5","Durham",36.0329550008979,-78.904037
"2654",2025-05-13,21,"Durham Armory","PM2.5","Durham",36.0329550008979,-78.904037
"2655",2025-05-14,36,"Durham Armory","PM2.5","Durham",36.0329550008979,-78.904037
"2656",2025-05-15,52,"Durham Armory","PM2.5","Durham",36.0329550008979,-78.904037
"2657",2025-05-16,57,"Durham Armory","PM2.5","Durham",36.0329550008979,-78.904037
"2658",2025-05-17,33,"Durham Armory","PM2.5","Durham",36.0329550008979,-78.904037
"2659",2025-05-18,26,"Durham Armory","PM2.5","Durham",36.0329550008979,-78.904037
"2660",2025-05-19,24,"Durham Armory","PM2.5","Durham",36.0329550008979,-78.904037
"2661",2025-05-20,36,"Durham Armory","PM2.5","Durham",36.0329550008979,-78.904037
"2662",2025-05-21,38,"Durham Armory","PM2.5","Durham",36.0329550008979,-78.904037
"2663",2025-05-22,25,"Durham Armory","PM2.5","Durham",36.0329550008979,-78.904037
"2664",2025-05-23,16,"Durham Armory","PM2.5","Durham",36.0329550008979,-78.904037
"2665",2025-05-24,25,"Durham Armory","PM2.5","Durham",36.0329550008979,-78.904037
"2666",2025-05-25,30,"Durham Armory","PM2.5","Durham",36.0329550008979,-78.904037
"2667",2025-05-26,37,"Durham Armory","PM2.5","Durham",36.0329550008979,-78.904037
"2668",2025-05-27,19,"Durham Armory","PM2.5","Durham",36.0329550008979,-78.904037
"2669",2025-05-28,16,"Durham Armory","PM2.5","Durham",36.0329550008979,-78.904037
"2670",2025-05-29,33,"Durham Armory","PM2.5","Durham",36.0329550008979,-78.904037
"2671",2025-05-30,26,"Durham Armory","PM2.5","Durham",36.0329550008979,-78.904037
"2672",2025-05-31,53,"Durham Armory","PM2.5","Durham",36.0329550008979,-78.904037
"2673",2025-06-01,55,"Durham Armory","PM2.5","Durham",36.0329550008979,-78.904037
"2674",2025-06-02,36,"Durham Armory","PM2.5","Durham",36.0329550008979,-78.904037
"2675",2025-06-03,41,"Durham Armory","PM2.5","Durham",36.0329550008979,-78.904037
"2676",2025-06-04,55,"Durham Armory","PM2.5","Durham",36.0329550008979,-78.904037
"2677",2025-06-05,37,"Durham Armory","PM2.5","Durham",36.0329550008979,-78.904037
"2678",2025-06-06,52,"Durham Armory","PM2.5","Durham",36.0329550008979,-78.904037
"2679",2025-06-07,33,"Durham Armory","PM2.5","Durham",36.0329550008979,-78.904037
"2680",2025-06-08,34,"Durham Armory","PM2.5","Durham",36.0329550008979,-78.904037
"2681",2025-06-09,33,"Durham Armory","PM2.5","Durham",36.0329550008979,-78.904037
"2682",2025-06-10,31,"Durham Armory","PM2.5","Durham",36.0329550008979,-78.904037
"2683",2025-06-11,49,"Durham Armory","PM2.5","Durham",36.0329550008979,-78.904037
"2684",2025-06-12,43,"Durham Armory","PM2.5","Durham",36.0329550008979,-78.904037
"2685",2025-06-13,29,"Durham Armory","PM2.5","Durham",36.0329550008979,-78.904037
"2686",2025-06-14,23,"Durham Armory","PM2.5","Durham",36.0329550008979,-78.904037
"2687",2025-06-15,31,"Durham Armory","PM2.5","Durham",36.0329550008979,-78.904037
"2688",2025-06-16,25,"Durham Armory","PM2.5","Durham",36.0329550008979,-78.904037
"2689",2025-06-17,29,"Durham Armory","PM2.5","Durham",36.0329550008979,-78.904037
"2690",2025-06-18,28,"Durham Armory","PM2.5","Durham",36.0329550008979,-78.904037
"2691",2025-06-19,29,"Durham Armory","PM2.5","Durham",36.0329550008979,-78.904037
"2692",2025-06-20,32,"Durham Armory","PM2.5","Durham",36.0329550008979,-78.904037
"2693",2025-06-21,45,"Durham Armory","PM2.5","Durham",36.0329550008979,-78.904037
"2694",2025-06-22,51,"Durham Armory","PM2.5","Durham",36.0329550008979,-78.904037
"2695",2025-06-23,54,"Durham Armory","PM2.5","Durham",36.0329550008979,-78.904037
"2696",2025-06-24,58,"Durham Armory","PM2.5","Durham",36.0329550008979,-78.904037
"2697",2025-06-27,50,"Durham Armory","PM2.5","Durham",36.0329550008979,-78.904037
"2698",2025-06-28,46,"Durham Armory","PM2.5","Durham",36.0329550008979,-78.904037
"2699",2025-06-29,49,"Durham Armory","PM2.5","Durham",36.0329550008979,-78.904037
"2700",2025-06-30,54,"Durham Armory","PM2.5","Durham",36.0329550008979,-78.904037
"2701",2025-07-01,41,"Durham Armory","PM2.5","Durham",36.0329550008979,-78.904037
"2702",2025-07-02,26,"Durham Armory","PM2.5","Durham",36.0329550008979,-78.904037
"2703",2025-07-03,33,"Durham Armory","PM2.5","Durham",36.0329550008979,-78.904037
"2704",2025-07-04,61,"Durham Armory","PM2.5","Durham",36.0329550008979,-78.904037
"2705",2025-07-05,63,"Durham Armory","PM2.5","Durham",36.0329550008979,-78.904037
"2706",2025-07-06,24,"Durham Armory","PM2.5","Durham",36.0329550008979,-78.904037
"2707",2025-07-07,39,"Durham Armory","PM2.5","Durham",36.0329550008979,-78.904037
"2708",2025-07-08,53,"Durham Armory","PM2.5","Durham",36.0329550008979,-78.904037
"2709",2025-07-09,41,"Durham Armory","PM2.5","Durham",36.0329550008979,-78.904037
"2710",2025-07-10,26,"Durham Armory","PM2.5","Durham",36.0329550008979,-78.904037
"2711",2025-07-11,33,"Durham Armory","PM2.5","Durham",36.0329550008979,-78.904037
"2712",2025-07-12,39,"Durham Armory","PM2.5","Durham",36.0329550008979,-78.904037
"2713",2025-07-13,36,"Durham Armory","PM2.5","Durham",36.0329550008979,-78.904037
"2714",2025-07-14,32,"Durham Armory","PM2.5","Durham",36.0329550008979,-78.904037
"2715",2025-07-15,23,"Durham Armory","PM2.5","Durham",36.0329550008979,-78.904037
"2716",2025-07-16,30,"Durham Armory","PM2.5","Durham",36.0329550008979,-78.904037
"2717",2025-07-17,34,"Durham Armory","PM2.5","Durham",36.0329550008979,-78.904037
"2718",2025-07-18,28,"Durham Armory","PM2.5","Durham",36.0329550008979,-78.904037
"2719",2025-07-19,24,"Durham Armory","PM2.5","Durham",36.0329550008979,-78.904037
"2720",2025-07-20,32,"Durham Armory","PM2.5","Durham",36.0329550008979,-78.904037
"2721",2025-07-21,33,"Durham Armory","PM2.5","Durham",36.0329550008979,-78.904037
"2722",2025-07-22,44,"Durham Armory","PM2.5","Durham",36.0329550008979,-78.904037
"2723",2025-07-23,57,"Durham Armory","PM2.5","Durham",36.0329550008979,-78.904037
"2724",2025-07-24,47,"Durham Armory","PM2.5","Durham",36.0329550008979,-78.904037
"2725",2025-07-25,51,"Durham Armory","PM2.5","Durham",36.0329550008979,-78.904037
"2726",2025-07-26,47,"Durham Armory","PM2.5","Durham",36.0329550008979,-78.904037
"2727",2025-07-27,35,"Durham Armory","PM2.5","Durham",36.0329550008979,-78.904037
"2728",2025-07-28,29,"Durham Armory","PM2.5","Durham",36.0329550008979,-78.904037
"2729",2025-07-29,41,"Durham Armory","PM2.5","Durham",36.0329550008979,-78.904037
"2730",2025-07-30,31,"Durham Armory","PM2.5","Durham",36.0329550008979,-78.904037
"2731",2025-07-31,32,"Durham Armory","PM2.5","Durham",36.0329550008979,-78.904037
"2732",2025-08-01,31,"Durham Armory","PM2.5","Durham",36.0329550008979,-78.904037
"2733",2025-08-02,32,"Durham Armory","PM2.5","Durham",36.0329550008979,-78.904037
"2734",2025-08-03,38,"Durham Armory","PM2.5","Durham",36.0329550008979,-78.904037
"2735",2025-08-04,41,"Durham Armory","PM2.5","Durham",36.0329550008979,-78.904037
"2736",2025-08-05,36,"Durham Armory","PM2.5","Durham",36.0329550008979,-78.904037
"2737",2025-08-06,20,"Durham Armory","PM2.5","Durham",36.0329550008979,-78.904037
"2738",2025-08-07,67,"Durham Armory","PM2.5","Durham",36.0329550008979,-78.904037
"2739",2025-08-08,74,"Durham Armory","PM2.5","Durham",36.0329550008979,-78.904037
"2740",2025-08-09,47,"Durham Armory","PM2.5","Durham",36.0329550008979,-78.904037
"2741",2025-08-10,38,"Durham Armory","PM2.5","Durham",36.0329550008979,-78.904037
"2742",2025-08-11,19,"Durham Armory","PM2.5","Durham",36.0329550008979,-78.904037
"2743",2025-08-12,18,"Durham Armory","PM2.5","Durham",36.0329550008979,-78.904037
"2744",2025-08-13,22,"Durham Armory","PM2.5","Durham",36.0329550008979,-78.904037
"2745",2025-08-14,23,"Durham Armory","PM2.5","Durham",36.0329550008979,-78.904037
"2746",2025-08-15,34,"Durham Armory","PM2.5","Durham",36.0329550008979,-78.904037
"2747",2025-08-16,36,"Durham Armory","PM2.5","Durham",36.0329550008979,-78.904037
"2748",2025-08-17,42,"Durham Armory","PM2.5","Durham",36.0329550008979,-78.904037
"2749",2025-08-18,42,"Durham Armory","PM2.5","Durham",36.0329550008979,-78.904037
"2750",2025-08-19,21,"Durham Armory","PM2.5","Durham",36.0329550008979,-78.904037
"2751",2025-08-20,22,"Durham Armory","PM2.5","Durham",36.0329550008979,-78.904037
"2752",2025-08-21,24,"Durham Armory","PM2.5","Durham",36.0329550008979,-78.904037
"2753",2025-08-22,21,"Durham Armory","PM2.5","Durham",36.0329550008979,-78.904037
"2754",2025-08-23,32,"Durham Armory","PM2.5","Durham",36.0329550008979,-78.904037
"2755",2025-08-24,30,"Durham Armory","PM2.5","Durham",36.0329550008979,-78.904037
"2756",2025-08-25,37,"Durham Armory","PM2.5","Durham",36.0329550008979,-78.904037
"2757",2025-08-26,28,"Durham Armory","PM2.5","Durham",36.0329550008979,-78.904037
"2758",2025-08-27,26,"Durham Armory","PM2.5","Durham",36.0329550008979,-78.904037
"2759",2025-08-28,37,"Durham Armory","PM2.5","Durham",36.0329550008979,-78.904037
"2760",2025-08-29,39,"Durham Armory","PM2.5","Durham",36.0329550008979,-78.904037
"2761",2025-08-30,36,"Durham Armory","PM2.5","Durham",36.0329550008979,-78.904037
"2762",2025-08-31,29,"Durham Armory","PM2.5","Durham",36.0329550008979,-78.904037
"2763",2025-09-01,24,"Durham Armory","PM2.5","Durham",36.0329550008979,-78.904037
"2764",2025-09-02,32,"Durham Armory","PM2.5","Durham",36.0329550008979,-78.904037
"2765",2025-09-03,37,"Durham Armory","PM2.5","Durham",36.0329550008979,-78.904037
"2766",2025-09-04,51,"Durham Armory","PM2.5","Durham",36.0329550008979,-78.904037
"2767",2025-09-05,54,"Durham Armory","PM2.5","Durham",36.0329550008979,-78.904037
"2768",2025-09-06,55,"Durham Armory","PM2.5","Durham",36.0329550008979,-78.904037
"2769",2025-09-07,42,"Durham Armory","PM2.5","Durham",36.0329550008979,-78.904037
"2770",2025-09-08,28,"Durham Armory","PM2.5","Durham",36.0329550008979,-78.904037
"2771",2025-09-09,28,"Durham Armory","PM2.5","Durham",36.0329550008979,-78.904037
"2772",2025-09-10,24,"Durham Armory","PM2.5","Durham",36.0329550008979,-78.904037
"2773",2025-09-11,26,"Durham Armory","PM2.5","Durham",36.0329550008979,-78.904037
"2774",2025-09-12,50,"Durham Armory","PM2.5","Durham",36.0329550008979,-78.904037
"2775",2025-09-13,42,"Durham Armory","PM2.5","Durham",36.0329550008979,-78.904037
"2776",2025-09-14,51,"Durham Armory","PM2.5","Durham",36.0329550008979,-78.904037
"2777",2025-09-15,52,"Durham Armory","PM2.5","Durham",36.0329550008979,-78.904037
"2778",2025-09-16,40,"Durham Armory","PM2.5","Durham",36.0329550008979,-78.904037
"2779",2025-09-17,29,"Durham Armory","PM2.5","Durham",36.0329550008979,-78.904037
"2780",2025-09-18,26,"Durham Armory","PM2.5","Durham",36.0329550008979,-78.904037
"2781",2025-09-19,51,"Durham Armory","PM2.5","Durham",36.0329550008979,-78.904037
"2782",2025-09-20,57,"Durham Armory","PM2.5","Durham",36.0329550008979,-78.904037
"2783",2025-09-21,56,"Durham Armory","PM2.5","Durham",36.0329550008979,-78.904037
"2784",2025-09-22,50,"Durham Armory","PM2.5","Durham",36.0329550008979,-78.904037
"2785",2025-09-23,55,"Durham Armory","PM2.5","Durham",36.0329550008979,-78.904037
"2786",2025-09-24,57,"Durham Armory","PM2.5","Durham",36.0329550008979,-78.904037
"2787",2025-09-25,42,"Durham Armory","PM2.5","Durham",36.0329550008979,-78.904037
"2788",2025-09-26,28,"Durham Armory","PM2.5","Durham",36.0329550008979,-78.904037
"2789",2025-09-27,23,"Durham Armory","PM2.5","Durham",36.0329550008979,-78.904037
"2790",2025-09-28,29,"Durham Armory","PM2.5","Durham",36.0329550008979,-78.904037
"2791",2025-09-29,36,"Durham Armory","PM2.5","Durham",36.0329550008979,-78.904037
"2792",2025-09-30,53,"Durham Armory","PM2.5","Durham",36.0329550008979,-78.904037
"2793",2025-10-01,50,"Durham Armory","PM2.5","Durham",36.0329550008979,-78.904037
"2794",2025-10-02,31,"Durham Armory","PM2.5","Durham",36.0329550008979,-78.904037
"2795",2025-10-03,32,"Durham Armory","PM2.5","Durham",36.0329550008979,-78.904037
"2796",2025-10-04,36,"Durham Armory","PM2.5","Durham",36.0329550008979,-78.904037
"2797",2025-10-05,35,"Durham Armory","PM2.5","Durham",36.0329550008979,-78.904037
"2798",2025-10-06,29,"Durham Armory","PM2.5","Durham",36.0329550008979,-78.904037
"2799",2025-10-07,27,"Durham Armory","PM2.5","Durham",36.0329550008979,-78.904037
"2800",2025-10-08,23,"Durham Armory","PM2.5","Durham",36.0329550008979,-78.904037
"2801",2025-10-09,21,"Durham Armory","PM2.5","Durham",36.0329550008979,-78.904037
"2802",2025-10-10,24,"Durham Armory","PM2.5","Durham",36.0329550008979,-78.904037
"2803",2025-10-11,27,"Durham Armory","PM2.5","Durham",36.0329550008979,-78.904037
"2804",2025-10-12,11,"Durham Armory","PM2.5","Durham",36.0329550008979,-78.904037
"2805",2025-10-13,12,"Durham Armory","PM2.5","Durham",36.0329550008979,-78.904037
"2806",2025-10-14,14,"Durham Armory","PM2.5","Durham",36.0329550008979,-78.904037
"2807",2025-10-15,23,"Durham Armory","PM2.5","Durham",36.0329550008979,-78.904037
"2808",2025-10-16,26,"Durham Armory","PM2.5","Durham",36.0329550008979,-78.904037
"2809",2025-10-17,22,"Durham Armory","PM2.5","Durham",36.0329550008979,-78.904037
"2810",2025-10-18,51,"Durham Armory","PM2.5","Durham",36.0329550008979,-78.904037
"2811",2025-10-19,35,"Durham Armory","PM2.5","Durham",36.0329550008979,-78.904037
"2812",2025-10-20,19,"Durham Armory","PM2.5","Durham",36.0329550008979,-78.904037
"2813",2025-10-21,47,"Durham Armory","PM2.5","Durham",36.0329550008979,-78.904037
"2814",2025-10-22,29,"Durham Armory","PM2.5","Durham",36.0329550008979,-78.904037
"2815",2025-10-23,21,"Durham Armory","PM2.5","Durham",36.0329550008979,-78.904037
"2816",2025-10-24,26,"Durham Armory","PM2.5","Durham",36.0329550008979,-78.904037
"2817",2025-10-25,26,"Durham Armory","PM2.5","Durham",36.0329550008979,-78.904037
"2818",2025-10-26,29,"Durham Armory","PM2.5","Durham",36.0329550008979,-78.904037
"2819",2025-10-27,27,"Durham Armory","PM2.5","Durham",36.0329550008979,-78.904037
"2820",2025-10-28,19,"Durham Armory","PM2.5","Durham",36.0329550008979,-78.904037
"2821",2025-10-29,24,"Durham Armory","PM2.5","Durham",36.0329550008979,-78.904037
"2822",2025-10-30,18,"Durham Armory","PM2.5","Durham",36.0329550008979,-78.904037
"2823",2025-10-31,22,"Durham Armory","PM2.5","Durham",36.0329550008979,-78.904037
"2824",2025-11-01,46,"Durham Armory","PM2.5","Durham",36.0329550008979,-78.904037
"2825",2025-11-02,56,"Durham Armory","PM2.5","Durham",36.0329550008979,-78.904037
"2826",2025-11-03,42,"Durham Armory","PM2.5","Durham",36.0329550008979,-78.904037
"2827",2025-11-04,29,"Durham Armory","PM2.5","Durham",36.0329550008979,-78.904037
"2828",2025-11-05,53,"Durham Armory","PM2.5","Durham",36.0329550008979,-78.904037
"2829",2025-11-06,56,"Durham Armory","PM2.5","Durham",36.0329550008979,-78.904037
"2830",2025-11-07,55,"Durham Armory","PM2.5","Durham",36.0329550008979,-78.904037
"2831",2025-11-08,66,"Durham Armory","PM2.5","Durham",36.0329550008979,-78.904037
"2832",2025-11-09,62,"Durham Armory","PM2.5","Durham",36.0329550008979,-78.904037
"2833",2025-11-10,9,"Durham Armory","PM2.5","Durham",36.0329550008979,-78.904037
"2834",2025-11-11,15,"Durham Armory","PM2.5","Durham",36.0329550008979,-78.904037
"2835",2025-11-12,41,"Durham Armory","PM2.5","Durham",36.0329550008979,-78.904037
"2836",2025-11-13,44,"Durham Armory","PM2.5","Durham",36.0329550008979,-78.904037
"2837",2025-11-14,26,"Durham Armory","PM2.5","Durham",36.0329550008979,-78.904037
"2838",2025-11-15,55,"Durham Armory","PM2.5","Durham",36.0329550008979,-78.904037
"2839",2025-11-16,50,"Durham Armory","PM2.5","Durham",36.0329550008979,-78.904037
"2840",2025-11-17,21,"Durham Armory","PM2.5","Durham",36.0329550008979,-78.904037
"2841",2025-11-18,33,"Durham Armory","PM2.5","Durham",36.0329550008979,-78.904037
"2842",2025-11-19,54,"Durham Armory","PM2.5","Durham",36.0329550008979,-78.904037
"2843",2025-11-20,55,"Durham Armory","PM2.5","Durham",36.0329550008979,-78.904037
"2844",2025-11-21,77,"Durham Armory","PM2.5","Durham",36.0329550008979,-78.904037
"2845",2025-11-22,67,"Durham Armory","PM2.5","Durham",36.0329550008979,-78.904037
"2846",2025-11-23,43,"Durham Armory","PM2.5","Durham",36.0329550008979,-78.904037
"2847",2025-11-24,43,"Durham Armory","PM2.5","Durham",36.0329550008979,-78.904037
"2848",2025-11-25,51,"Durham Armory","PM2.5","Durham",36.0329550008979,-78.904037
"2849",2025-11-26,44,"Durham Armory","PM2.5","Durham",36.0329550008979,-78.904037
"2850",2025-11-27,18,"Durham Armory","PM2.5","Durham",36.0329550008979,-78.904037
"2851",2025-11-28,21,"Durham Armory","PM2.5","Durham",36.0329550008979,-78.904037
"2852",2025-11-29,31,"Durham Armory","PM2.5","Durham",36.0329550008979,-78.904037
"2853",2025-11-30,49,"Durham Armory","PM2.5","Durham",36.0329550008979,-78.904037
"2854",2025-12-01,34,"Durham Armory","PM2.5","Durham",36.0329550008979,-78.904037
"2855",2025-12-02,31,"Durham Armory","PM2.5","Durham",36.0329550008979,-78.904037
"2856",2025-12-03,41,"Durham Armory","PM2.5","Durham",36.0329550008979,-78.904037
"2857",2025-12-04,52,"Durham Armory","PM2.5","Durham",36.0329550008979,-78.904037
"2858",2025-12-05,40,"Durham Armory","PM2.5","Durham",36.0329550008979,-78.904037
"2859",2025-12-06,54,"Durham Armory","PM2.5","Durham",36.0329550008979,-78.904037
"2860",2025-12-07,63,"Durham Armory","PM2.5","Durham",36.0329550008979,-78.904037
"2861",2025-12-08,56,"Durham Armory","PM2.5","Durham",36.0329550008979,-78.904037
"2862",2025-12-09,39,"Durham Armory","PM2.5","Durham",36.0329550008979,-78.904037
"2863",2025-12-10,54,"Durham Armory","PM2.5","Durham",36.0329550008979,-78.904037
"2864",2025-12-11,17,"Durham Armory","PM2.5","Durham",36.0329550008979,-78.904037
"2865",2025-12-12,42,"Durham Armory","PM2.5","Durham",36.0329550008979,-78.904037
"2866",2025-12-13,62,"Durham Armory","PM2.5","Durham",36.0329550008979,-78.904037
"2867",2025-12-14,48,"Durham Armory","PM2.5","Durham",36.0329550008979,-78.904037
"2868",2025-12-15,21,"Durham Armory","PM2.5","Durham",36.0329550008979,-78.904037
"2869",2025-12-16,46,"Durham Armory","PM2.5","Durham",36.0329550008979,-78.904037
"2870",2025-12-17,62,"Durham Armory","PM2.5","Durham",36.0329550008979,-78.904037
"2871",2025-12-18,64,"Durham Armory","PM2.5","Durham",36.0329550008979,-78.904037
"2872",2025-12-19,16,"Durham Armory","PM2.5","Durham",36.0329550008979,-78.904037
"2873",2025-12-20,34,"Durham Armory","PM2.5","Durham",36.0329550008979,-78.904037
"2874",2025-12-21,33,"Durham Armory","PM2.5","Durham",36.0329550008979,-78.904037
"2875",2025-12-22,23,"Durham Armory","PM2.5","Durham",36.0329550008979,-78.904037
"2876",2025-12-23,47,"Durham Armory","PM2.5","Durham",36.0329550008979,-78.904037
"2877",2025-12-24,57,"Durham Armory","PM2.5","Durham",36.0329550008979,-78.904037
"2878",2025-12-25,64,"Durham Armory","PM2.5","Durham",36.0329550008979,-78.904037
"2879",2025-12-26,37,"Durham Armory","PM2.5","Durham",36.0329550008979,-78.904037
"2880",2025-12-27,52,"Durham Armory","PM2.5","Durham",36.0329550008979,-78.904037
"2881",2025-12-28,33,"Durham Armory","PM2.5","Durham",36.0329550008979,-78.904037
"2882",2025-12-29,33,"Durham Armory","PM2.5","Durham",36.0329550008979,-78.904037
"2883",2025-12-30,18,"Durham Armory","PM2.5","Durham",36.0329550008979,-78.904037
"2884",2025-12-31,33,"Durham Armory","PM2.5","Durham",36.0329550008979,-78.904037
"2885",2025-01-01,4,"Leggett","PM2.5","Edgecombe",35.988278,-77.5843
"2886",2025-01-02,16,"Leggett","PM2.5","Edgecombe",35.988278,-77.5843
"2887",2025-01-03,22,"Leggett","PM2.5","Edgecombe",35.988278,-77.5843
"2888",2025-01-04,13,"Leggett","PM2.5","Edgecombe",35.988278,-77.5843
"2889",2025-01-05,15,"Leggett","PM2.5","Edgecombe",35.988278,-77.5843
"2890",2025-01-06,33,"Leggett","PM2.5","Edgecombe",35.988278,-77.5843
"2891",2025-01-07,19,"Leggett","PM2.5","Edgecombe",35.988278,-77.5843
"2892",2025-01-08,23,"Leggett","PM2.5","Edgecombe",35.988278,-77.5843
"2893",2025-01-09,25,"Leggett","PM2.5","Edgecombe",35.988278,-77.5843
"2894",2025-01-10,33,"Leggett","PM2.5","Edgecombe",35.988278,-77.5843
"2895",2025-01-11,22,"Leggett","PM2.5","Edgecombe",35.988278,-77.5843
"2896",2025-01-12,23,"Leggett","PM2.5","Edgecombe",35.988278,-77.5843
"2897",2025-01-13,34,"Leggett","PM2.5","Edgecombe",35.988278,-77.5843
"2898",2025-01-14,28,"Leggett","PM2.5","Edgecombe",35.988278,-77.5843
"2899",2025-01-15,21,"Leggett","PM2.5","Edgecombe",35.988278,-77.5843
"2900",2025-01-16,45,"Leggett","PM2.5","Edgecombe",35.988278,-77.5843
"2901",2025-01-17,26,"Leggett","PM2.5","Edgecombe",35.988278,-77.5843
"2902",2025-01-18,41,"Leggett","PM2.5","Edgecombe",35.988278,-77.5843
"2903",2025-01-19,37,"Leggett","PM2.5","Edgecombe",35.988278,-77.5843
"2904",2025-01-20,15,"Leggett","PM2.5","Edgecombe",35.988278,-77.5843
"2905",2025-01-21,21,"Leggett","PM2.5","Edgecombe",35.988278,-77.5843
"2906",2025-01-22,25,"Leggett","PM2.5","Edgecombe",35.988278,-77.5843
"2907",2025-01-23,44,"Leggett","PM2.5","Edgecombe",35.988278,-77.5843
"2908",2025-01-24,36,"Leggett","PM2.5","Edgecombe",35.988278,-77.5843
"2909",2025-01-25,37,"Leggett","PM2.5","Edgecombe",35.988278,-77.5843
"2910",2025-01-26,43,"Leggett","PM2.5","Edgecombe",35.988278,-77.5843
"2911",2025-01-27,43,"Leggett","PM2.5","Edgecombe",35.988278,-77.5843
"2912",2025-01-28,31,"Leggett","PM2.5","Edgecombe",35.988278,-77.5843
"2913",2025-01-29,27,"Leggett","PM2.5","Edgecombe",35.988278,-77.5843
"2914",2025-01-30,22,"Leggett","PM2.5","Edgecombe",35.988278,-77.5843
"2915",2025-01-31,49,"Leggett","PM2.5","Edgecombe",35.988278,-77.5843
"2916",2025-02-01,13,"Leggett","PM2.5","Edgecombe",35.988278,-77.5843
"2917",2025-02-02,21,"Leggett","PM2.5","Edgecombe",35.988278,-77.5843
"2918",2025-02-03,31,"Leggett","PM2.5","Edgecombe",35.988278,-77.5843
"2919",2025-02-04,48,"Leggett","PM2.5","Edgecombe",35.988278,-77.5843
"2920",2025-02-05,26,"Leggett","PM2.5","Edgecombe",35.988278,-77.5843
"2921",2025-02-06,36,"Leggett","PM2.5","Edgecombe",35.988278,-77.5843
"2922",2025-02-07,36,"Leggett","PM2.5","Edgecombe",35.988278,-77.5843
"2923",2025-02-08,34,"Leggett","PM2.5","Edgecombe",35.988278,-77.5843
"2924",2025-02-09,36,"Leggett","PM2.5","Edgecombe",35.988278,-77.5843
"2925",2025-02-10,26,"Leggett","PM2.5","Edgecombe",35.988278,-77.5843
"2926",2025-02-11,31,"Leggett","PM2.5","Edgecombe",35.988278,-77.5843
"2927",2025-02-12,11,"Leggett","PM2.5","Edgecombe",35.988278,-77.5843
"2928",2025-02-13,14,"Leggett","PM2.5","Edgecombe",35.988278,-77.5843
"2929",2025-02-14,25,"Leggett","PM2.5","Edgecombe",35.988278,-77.5843
"2930",2025-02-15,24,"Leggett","PM2.5","Edgecombe",35.988278,-77.5843
"2931",2025-02-16,14,"Leggett","PM2.5","Edgecombe",35.988278,-77.5843
"2932",2025-02-17,17,"Leggett","PM2.5","Edgecombe",35.988278,-77.5843
"2933",2025-02-18,13,"Leggett","PM2.5","Edgecombe",35.988278,-77.5843
"2934",2025-02-19,23,"Leggett","PM2.5","Edgecombe",35.988278,-77.5843
"2935",2025-02-20,25,"Leggett","PM2.5","Edgecombe",35.988278,-77.5843
"2936",2025-02-21,22,"Leggett","PM2.5","Edgecombe",35.988278,-77.5843
"2937",2025-02-22,25,"Leggett","PM2.5","Edgecombe",35.988278,-77.5843
"2938",2025-02-23,32,"Leggett","PM2.5","Edgecombe",35.988278,-77.5843
"2939",2025-02-24,31,"Leggett","PM2.5","Edgecombe",35.988278,-77.5843
"2940",2025-02-25,51,"Leggett","PM2.5","Edgecombe",35.988278,-77.5843
"2941",2025-02-26,46,"Leggett","PM2.5","Edgecombe",35.988278,-77.5843
"2942",2025-02-27,62,"Leggett","PM2.5","Edgecombe",35.988278,-77.5843
"2943",2025-02-28,19,"Leggett","PM2.5","Edgecombe",35.988278,-77.5843
"2944",2025-03-01,36,"Leggett","PM2.5","Edgecombe",35.988278,-77.5843
"2945",2025-03-02,19,"Leggett","PM2.5","Edgecombe",35.988278,-77.5843
"2946",2025-03-03,24,"Leggett","PM2.5","Edgecombe",35.988278,-77.5843
"2947",2025-03-04,26,"Leggett","PM2.5","Edgecombe",35.988278,-77.5843
"2948",2025-03-05,32,"Leggett","PM2.5","Edgecombe",35.988278,-77.5843
"2949",2025-03-06,11,"Leggett","PM2.5","Edgecombe",35.988278,-77.5843
"2950",2025-03-07,30,"Leggett","PM2.5","Edgecombe",35.988278,-77.5843
"2951",2025-03-08,47,"Leggett","PM2.5","Edgecombe",35.988278,-77.5843
"2952",2025-03-09,32,"Leggett","PM2.5","Edgecombe",35.988278,-77.5843
"2953",2025-03-10,28,"Leggett","PM2.5","Edgecombe",35.988278,-77.5843
"2954",2025-03-11,22,"Leggett","PM2.5","Edgecombe",35.988278,-77.5843
"2955",2025-03-12,51,"Leggett","PM2.5","Edgecombe",35.988278,-77.5843
"2956",2025-03-13,60,"Leggett","PM2.5","Edgecombe",35.988278,-77.5843
"2957",2025-03-14,53,"Leggett","PM2.5","Edgecombe",35.988278,-77.5843
"2958",2025-03-15,58,"Leggett","PM2.5","Edgecombe",35.988278,-77.5843
"2959",2025-03-16,31,"Leggett","PM2.5","Edgecombe",35.988278,-77.5843
"2960",2025-03-17,28,"Leggett","PM2.5","Edgecombe",35.988278,-77.5843
"2961",2025-03-18,16,"Leggett","PM2.5","Edgecombe",35.988278,-77.5843
"2962",2025-03-19,32,"Leggett","PM2.5","Edgecombe",35.988278,-77.5843
"2963",2025-03-20,51,"Leggett","PM2.5","Edgecombe",35.988278,-77.5843
"2964",2025-03-21,11,"Leggett","PM2.5","Edgecombe",35.988278,-77.5843
"2965",2025-03-22,37,"Leggett","PM2.5","Edgecombe",35.988278,-77.5843
"2966",2025-03-23,30,"Leggett","PM2.5","Edgecombe",35.988278,-77.5843
"2967",2025-03-24,42,"Leggett","PM2.5","Edgecombe",35.988278,-77.5843
"2968",2025-03-25,15,"Leggett","PM2.5","Edgecombe",35.988278,-77.5843
"2969",2025-03-26,17,"Leggett","PM2.5","Edgecombe",35.988278,-77.5843
"2970",2025-03-27,21,"Leggett","PM2.5","Edgecombe",35.988278,-77.5843
"2971",2025-03-28,42,"Leggett","PM2.5","Edgecombe",35.988278,-77.5843
"2972",2025-03-29,37,"Leggett","PM2.5","Edgecombe",35.988278,-77.5843
"2973",2025-03-30,29,"Leggett","PM2.5","Edgecombe",35.988278,-77.5843
"2974",2025-03-31,29,"Leggett","PM2.5","Edgecombe",35.988278,-77.5843
"2975",2025-04-01,15,"Leggett","PM2.5","Edgecombe",35.988278,-77.5843
"2976",2025-04-02,27,"Leggett","PM2.5","Edgecombe",35.988278,-77.5843
"2977",2025-04-03,37,"Leggett","PM2.5","Edgecombe",35.988278,-77.5843
"2978",2025-04-04,48,"Leggett","PM2.5","Edgecombe",35.988278,-77.5843
"2979",2025-04-05,50,"Leggett","PM2.5","Edgecombe",35.988278,-77.5843
"2980",2025-04-06,39,"Leggett","PM2.5","Edgecombe",35.988278,-77.5843
"2981",2025-04-07,36,"Leggett","PM2.5","Edgecombe",35.988278,-77.5843
"2982",2025-04-08,23,"Leggett","PM2.5","Edgecombe",35.988278,-77.5843
"2983",2025-04-09,26,"Leggett","PM2.5","Edgecombe",35.988278,-77.5843
"2984",2025-04-10,34,"Leggett","PM2.5","Edgecombe",35.988278,-77.5843
"2985",2025-04-11,17,"Leggett","PM2.5","Edgecombe",35.988278,-77.5843
"2986",2025-04-12,14,"Leggett","PM2.5","Edgecombe",35.988278,-77.5843
"2987",2025-04-13,29,"Leggett","PM2.5","Edgecombe",35.988278,-77.5843
"2988",2025-04-14,52,"Leggett","PM2.5","Edgecombe",35.988278,-77.5843
"2989",2025-04-15,53,"Leggett","PM2.5","Edgecombe",35.988278,-77.5843
"2990",2025-04-16,28,"Leggett","PM2.5","Edgecombe",35.988278,-77.5843
"2991",2025-04-17,26,"Leggett","PM2.5","Edgecombe",35.988278,-77.5843
"2992",2025-04-18,41,"Leggett","PM2.5","Edgecombe",35.988278,-77.5843
"2993",2025-04-19,39,"Leggett","PM2.5","Edgecombe",35.988278,-77.5843
"2994",2025-04-20,51,"Leggett","PM2.5","Edgecombe",35.988278,-77.5843
"2995",2025-04-21,52,"Leggett","PM2.5","Edgecombe",35.988278,-77.5843
"2996",2025-04-22,54,"Leggett","PM2.5","Edgecombe",35.988278,-77.5843
"2997",2025-04-23,53,"Leggett","PM2.5","Edgecombe",35.988278,-77.5843
"2998",2025-04-24,48,"Leggett","PM2.5","Edgecombe",35.988278,-77.5843
"2999",2025-04-25,40,"Leggett","PM2.5","Edgecombe",35.988278,-77.5843
"3000",2025-04-26,35,"Leggett","PM2.5","Edgecombe",35.988278,-77.5843
"3001",2025-04-27,17,"Leggett","PM2.5","Edgecombe",35.988278,-77.5843
"3002",2025-04-28,17,"Leggett","PM2.5","Edgecombe",35.988278,-77.5843
"3003",2025-04-29,31,"Leggett","PM2.5","Edgecombe",35.988278,-77.5843
"3004",2025-04-30,53,"Leggett","PM2.5","Edgecombe",35.988278,-77.5843
"3005",2025-05-01,53,"Leggett","PM2.5","Edgecombe",35.988278,-77.5843
"3006",2025-05-02,42,"Leggett","PM2.5","Edgecombe",35.988278,-77.5843
"3007",2025-05-03,39,"Leggett","PM2.5","Edgecombe",35.988278,-77.5843
"3008",2025-05-04,26,"Leggett","PM2.5","Edgecombe",35.988278,-77.5843
"3009",2025-05-05,21,"Leggett","PM2.5","Edgecombe",35.988278,-77.5843
"3010",2025-05-06,28,"Leggett","PM2.5","Edgecombe",35.988278,-77.5843
"3011",2025-05-07,37,"Leggett","PM2.5","Edgecombe",35.988278,-77.5843
"3012",2025-05-08,52,"Leggett","PM2.5","Edgecombe",35.988278,-77.5843
"3013",2025-05-09,31,"Leggett","PM2.5","Edgecombe",35.988278,-77.5843
"3014",2025-05-10,27,"Leggett","PM2.5","Edgecombe",35.988278,-77.5843
"3015",2025-05-11,38,"Leggett","PM2.5","Edgecombe",35.988278,-77.5843
"3016",2025-05-12,22,"Leggett","PM2.5","Edgecombe",35.988278,-77.5843
"3017",2025-05-13,18,"Leggett","PM2.5","Edgecombe",35.988278,-77.5843
"3018",2025-05-14,33,"Leggett","PM2.5","Edgecombe",35.988278,-77.5843
"3019",2025-05-15,53,"Leggett","PM2.5","Edgecombe",35.988278,-77.5843
"3020",2025-05-16,59,"Leggett","PM2.5","Edgecombe",35.988278,-77.5843
"3021",2025-05-17,47,"Leggett","PM2.5","Edgecombe",35.988278,-77.5843
"3022",2025-05-18,29,"Leggett","PM2.5","Edgecombe",35.988278,-77.5843
"3023",2025-05-19,32,"Leggett","PM2.5","Edgecombe",35.988278,-77.5843
"3024",2025-05-20,34,"Leggett","PM2.5","Edgecombe",35.988278,-77.5843
"3025",2025-05-21,31,"Leggett","PM2.5","Edgecombe",35.988278,-77.5843
"3026",2025-05-22,21,"Leggett","PM2.5","Edgecombe",35.988278,-77.5843
"3027",2025-05-23,23,"Leggett","PM2.5","Edgecombe",35.988278,-77.5843
"3028",2025-05-24,28,"Leggett","PM2.5","Edgecombe",35.988278,-77.5843
"3029",2025-05-25,36,"Leggett","PM2.5","Edgecombe",35.988278,-77.5843
"3030",2025-05-26,30,"Leggett","PM2.5","Edgecombe",35.988278,-77.5843
"3031",2025-05-27,22,"Leggett","PM2.5","Edgecombe",35.988278,-77.5843
"3032",2025-05-28,19,"Leggett","PM2.5","Edgecombe",35.988278,-77.5843
"3033",2025-05-29,31,"Leggett","PM2.5","Edgecombe",35.988278,-77.5843
"3034",2025-05-30,28,"Leggett","PM2.5","Edgecombe",35.988278,-77.5843
"3035",2025-05-31,46,"Leggett","PM2.5","Edgecombe",35.988278,-77.5843
"3036",2025-06-01,44,"Leggett","PM2.5","Edgecombe",35.988278,-77.5843
"3037",2025-06-02,33,"Leggett","PM2.5","Edgecombe",35.988278,-77.5843
"3038",2025-06-03,37,"Leggett","PM2.5","Edgecombe",35.988278,-77.5843
"3039",2025-06-04,44,"Leggett","PM2.5","Edgecombe",35.988278,-77.5843
"3040",2025-06-05,39,"Leggett","PM2.5","Edgecombe",35.988278,-77.5843
"3041",2025-06-06,43,"Leggett","PM2.5","Edgecombe",35.988278,-77.5843
"3042",2025-06-07,48,"Leggett","PM2.5","Edgecombe",35.988278,-77.5843
"3043",2025-06-08,49,"Leggett","PM2.5","Edgecombe",35.988278,-77.5843
"3044",2025-06-09,46,"Leggett","PM2.5","Edgecombe",35.988278,-77.5843
"3045",2025-06-10,30,"Leggett","PM2.5","Edgecombe",35.988278,-77.5843
"3046",2025-06-11,42,"Leggett","PM2.5","Edgecombe",35.988278,-77.5843
"3047",2025-06-12,51,"Leggett","PM2.5","Edgecombe",35.988278,-77.5843
"3048",2025-06-13,35,"Leggett","PM2.5","Edgecombe",35.988278,-77.5843
"3049",2025-06-14,38,"Leggett","PM2.5","Edgecombe",35.988278,-77.5843
"3050",2025-06-15,39,"Leggett","PM2.5","Edgecombe",35.988278,-77.5843
"3051",2025-06-16,33,"Leggett","PM2.5","Edgecombe",35.988278,-77.5843
"3052",2025-06-17,47,"Leggett","PM2.5","Edgecombe",35.988278,-77.5843
"3053",2025-06-18,41,"Leggett","PM2.5","Edgecombe",35.988278,-77.5843
"3054",2025-06-19,48,"Leggett","PM2.5","Edgecombe",35.988278,-77.5843
"3055",2025-06-20,26,"Leggett","PM2.5","Edgecombe",35.988278,-77.5843
"3056",2025-06-21,46,"Leggett","PM2.5","Edgecombe",35.988278,-77.5843
"3057",2025-06-22,55,"Leggett","PM2.5","Edgecombe",35.988278,-77.5843
"3058",2025-06-23,58,"Leggett","PM2.5","Edgecombe",35.988278,-77.5843
"3059",2025-06-24,67,"Leggett","PM2.5","Edgecombe",35.988278,-77.5843
"3060",2025-06-25,58,"Leggett","PM2.5","Edgecombe",35.988278,-77.5843
"3061",2025-06-26,61,"Leggett","PM2.5","Edgecombe",35.988278,-77.5843
"3062",2025-06-27,65,"Leggett","PM2.5","Edgecombe",35.988278,-77.5843
"3063",2025-06-28,56,"Leggett","PM2.5","Edgecombe",35.988278,-77.5843
"3064",2025-06-29,57,"Leggett","PM2.5","Edgecombe",35.988278,-77.5843
"3065",2025-06-30,55,"Leggett","PM2.5","Edgecombe",35.988278,-77.5843
"3066",2025-07-01,45,"Leggett","PM2.5","Edgecombe",35.988278,-77.5843
"3067",2025-07-02,47,"Leggett","PM2.5","Edgecombe",35.988278,-77.5843
"3068",2025-07-03,36,"Leggett","PM2.5","Edgecombe",35.988278,-77.5843
"3069",2025-07-04,54,"Leggett","PM2.5","Edgecombe",35.988278,-77.5843
"3070",2025-07-05,53,"Leggett","PM2.5","Edgecombe",35.988278,-77.5843
"3071",2025-07-06,31,"Leggett","PM2.5","Edgecombe",35.988278,-77.5843
"3072",2025-07-07,39,"Leggett","PM2.5","Edgecombe",35.988278,-77.5843
"3073",2025-07-08,55,"Leggett","PM2.5","Edgecombe",35.988278,-77.5843
"3074",2025-07-09,38,"Leggett","PM2.5","Edgecombe",35.988278,-77.5843
"3075",2025-07-10,38,"Leggett","PM2.5","Edgecombe",35.988278,-77.5843
"3076",2025-07-11,48,"Leggett","PM2.5","Edgecombe",35.988278,-77.5843
"3077",2025-07-12,54,"Leggett","PM2.5","Edgecombe",35.988278,-77.5843
"3078",2025-07-13,49,"Leggett","PM2.5","Edgecombe",35.988278,-77.5843
"3079",2025-07-14,41,"Leggett","PM2.5","Edgecombe",35.988278,-77.5843
"3080",2025-07-15,31,"Leggett","PM2.5","Edgecombe",35.988278,-77.5843
"3081",2025-07-16,46,"Leggett","PM2.5","Edgecombe",35.988278,-77.5843
"3082",2025-07-17,44,"Leggett","PM2.5","Edgecombe",35.988278,-77.5843
"3083",2025-07-18,47,"Leggett","PM2.5","Edgecombe",35.988278,-77.5843
"3084",2025-07-19,42,"Leggett","PM2.5","Edgecombe",35.988278,-77.5843
"3085",2025-07-20,40,"Leggett","PM2.5","Edgecombe",35.988278,-77.5843
"3086",2025-07-21,53,"Leggett","PM2.5","Edgecombe",35.988278,-77.5843
"3087",2025-07-22,42,"Leggett","PM2.5","Edgecombe",35.988278,-77.5843
"3088",2025-07-23,44,"Leggett","PM2.5","Edgecombe",35.988278,-77.5843
"3089",2025-07-24,40,"Leggett","PM2.5","Edgecombe",35.988278,-77.5843
"3090",2025-07-25,52,"Leggett","PM2.5","Edgecombe",35.988278,-77.5843
"3091",2025-07-26,58,"Leggett","PM2.5","Edgecombe",35.988278,-77.5843
"3092",2025-07-27,54,"Leggett","PM2.5","Edgecombe",35.988278,-77.5843
"3093",2025-07-28,47,"Leggett","PM2.5","Edgecombe",35.988278,-77.5843
"3094",2025-07-29,52,"Leggett","PM2.5","Edgecombe",35.988278,-77.5843
"3095",2025-07-30,46,"Leggett","PM2.5","Edgecombe",35.988278,-77.5843
"3096",2025-07-31,51,"Leggett","PM2.5","Edgecombe",35.988278,-77.5843
"3097",2025-08-01,39,"Leggett","PM2.5","Edgecombe",35.988278,-77.5843
"3098",2025-08-02,28,"Leggett","PM2.5","Edgecombe",35.988278,-77.5843
"3099",2025-08-03,33,"Leggett","PM2.5","Edgecombe",35.988278,-77.5843
"3100",2025-08-04,31,"Leggett","PM2.5","Edgecombe",35.988278,-77.5843
"3101",2025-08-05,32,"Leggett","PM2.5","Edgecombe",35.988278,-77.5843
"3102",2025-08-06,35,"Leggett","PM2.5","Edgecombe",35.988278,-77.5843
"3103",2025-08-07,68,"Leggett","PM2.5","Edgecombe",35.988278,-77.5843
"3104",2025-08-08,63,"Leggett","PM2.5","Edgecombe",35.988278,-77.5843
"3105",2025-08-09,33,"Leggett","PM2.5","Edgecombe",35.988278,-77.5843
"3106",2025-08-10,31,"Leggett","PM2.5","Edgecombe",35.988278,-77.5843
"3107",2025-08-11,22,"Leggett","PM2.5","Edgecombe",35.988278,-77.5843
"3108",2025-08-12,16,"Leggett","PM2.5","Edgecombe",35.988278,-77.5843
"3109",2025-08-13,28,"Leggett","PM2.5","Edgecombe",35.988278,-77.5843
"3110",2025-08-14,42,"Leggett","PM2.5","Edgecombe",35.988278,-77.5843
"3111",2025-08-15,29,"Leggett","PM2.5","Edgecombe",35.988278,-77.5843
"3112",2025-08-16,42,"Leggett","PM2.5","Edgecombe",35.988278,-77.5843
"3113",2025-08-17,46,"Leggett","PM2.5","Edgecombe",35.988278,-77.5843
"3114",2025-08-18,52,"Leggett","PM2.5","Edgecombe",35.988278,-77.5843
"3115",2025-08-19,20,"Leggett","PM2.5","Edgecombe",35.988278,-77.5843
"3116",2025-08-20,23,"Leggett","PM2.5","Edgecombe",35.988278,-77.5843
"3117",2025-08-21,23,"Leggett","PM2.5","Edgecombe",35.988278,-77.5843
"3118",2025-08-22,26,"Leggett","PM2.5","Edgecombe",35.988278,-77.5843
"3119",2025-08-23,29,"Leggett","PM2.5","Edgecombe",35.988278,-77.5843
"3120",2025-08-24,32,"Leggett","PM2.5","Edgecombe",35.988278,-77.5843
"3121",2025-08-25,34,"Leggett","PM2.5","Edgecombe",35.988278,-77.5843
"3122",2025-08-26,31,"Leggett","PM2.5","Edgecombe",35.988278,-77.5843
"3123",2025-08-27,38,"Leggett","PM2.5","Edgecombe",35.988278,-77.5843
"3124",2025-08-28,34,"Leggett","PM2.5","Edgecombe",35.988278,-77.5843
"3125",2025-08-29,41,"Leggett","PM2.5","Edgecombe",35.988278,-77.5843
"3126",2025-08-30,31,"Leggett","PM2.5","Edgecombe",35.988278,-77.5843
"3127",2025-08-31,27,"Leggett","PM2.5","Edgecombe",35.988278,-77.5843
"3128",2025-09-01,21,"Leggett","PM2.5","Edgecombe",35.988278,-77.5843
"3129",2025-09-02,21,"Leggett","PM2.5","Edgecombe",35.988278,-77.5843
"3130",2025-09-03,29,"Leggett","PM2.5","Edgecombe",35.988278,-77.5843
"3131",2025-09-04,50,"Leggett","PM2.5","Edgecombe",35.988278,-77.5843
"3132",2025-09-05,50,"Leggett","PM2.5","Edgecombe",35.988278,-77.5843
"3133",2025-09-06,53,"Leggett","PM2.5","Edgecombe",35.988278,-77.5843
"3134",2025-09-07,52,"Leggett","PM2.5","Edgecombe",35.988278,-77.5843
"3135",2025-09-08,28,"Leggett","PM2.5","Edgecombe",35.988278,-77.5843
"3136",2025-09-09,31,"Leggett","PM2.5","Edgecombe",35.988278,-77.5843
"3137",2025-09-10,20,"Leggett","PM2.5","Edgecombe",35.988278,-77.5843
"3138",2025-09-11,28,"Leggett","PM2.5","Edgecombe",35.988278,-77.5843
"3139",2025-09-12,37,"Leggett","PM2.5","Edgecombe",35.988278,-77.5843
"3140",2025-09-13,32,"Leggett","PM2.5","Edgecombe",35.988278,-77.5843
"3141",2025-09-14,48,"Leggett","PM2.5","Edgecombe",35.988278,-77.5843
"3142",2025-09-15,44,"Leggett","PM2.5","Edgecombe",35.988278,-77.5843
"3143",2025-09-16,40,"Leggett","PM2.5","Edgecombe",35.988278,-77.5843
"3144",2025-09-17,17,"Leggett","PM2.5","Edgecombe",35.988278,-77.5843
"3145",2025-09-21,3,"Leggett","PM2.5","Edgecombe",35.988278,-77.5843
"3146",2025-09-26,22,"Leggett","PM2.5","Edgecombe",35.988278,-77.5843
"3147",2025-09-27,48,"Leggett","PM2.5","Edgecombe",35.988278,-77.5843
"3148",2025-09-28,24,"Leggett","PM2.5","Edgecombe",35.988278,-77.5843
"3149",2025-09-29,30,"Leggett","PM2.5","Edgecombe",35.988278,-77.5843
"3150",2025-09-30,44,"Leggett","PM2.5","Edgecombe",35.988278,-77.5843
"3151",2025-10-01,37,"Leggett","PM2.5","Edgecombe",35.988278,-77.5843
"3152",2025-10-02,18,"Leggett","PM2.5","Edgecombe",35.988278,-77.5843
"3153",2025-10-03,22,"Leggett","PM2.5","Edgecombe",35.988278,-77.5843
"3154",2025-10-04,23,"Leggett","PM2.5","Edgecombe",35.988278,-77.5843
"3155",2025-10-05,18,"Leggett","PM2.5","Edgecombe",35.988278,-77.5843
"3156",2025-10-06,17,"Leggett","PM2.5","Edgecombe",35.988278,-77.5843
"3157",2025-10-07,14,"Leggett","PM2.5","Edgecombe",35.988278,-77.5843
"3158",2025-10-08,19,"Leggett","PM2.5","Edgecombe",35.988278,-77.5843
"3159",2025-10-09,19,"Leggett","PM2.5","Edgecombe",35.988278,-77.5843
"3160",2025-10-10,19,"Leggett","PM2.5","Edgecombe",35.988278,-77.5843
"3161",2025-10-11,22,"Leggett","PM2.5","Edgecombe",35.988278,-77.5843
"3162",2025-10-12,8,"Leggett","PM2.5","Edgecombe",35.988278,-77.5843
"3163",2025-10-13,7,"Leggett","PM2.5","Edgecombe",35.988278,-77.5843
"3164",2025-10-14,8,"Leggett","PM2.5","Edgecombe",35.988278,-77.5843
"3165",2025-10-15,21,"Leggett","PM2.5","Edgecombe",35.988278,-77.5843
"3166",2025-10-16,18,"Leggett","PM2.5","Edgecombe",35.988278,-77.5843
"3167",2025-10-17,17,"Leggett","PM2.5","Edgecombe",35.988278,-77.5843
"3168",2025-10-18,38,"Leggett","PM2.5","Edgecombe",35.988278,-77.5843
"3169",2025-10-19,29,"Leggett","PM2.5","Edgecombe",35.988278,-77.5843
"3170",2025-10-20,10,"Leggett","PM2.5","Edgecombe",35.988278,-77.5843
"3171",2025-10-21,35,"Leggett","PM2.5","Edgecombe",35.988278,-77.5843
"3172",2025-10-22,34,"Leggett","PM2.5","Edgecombe",35.988278,-77.5843
"3173",2025-10-23,34,"Leggett","PM2.5","Edgecombe",35.988278,-77.5843
"3174",2025-10-24,25,"Leggett","PM2.5","Edgecombe",35.988278,-77.5843
"3175",2025-10-25,23,"Leggett","PM2.5","Edgecombe",35.988278,-77.5843
"3176",2025-10-26,19,"Leggett","PM2.5","Edgecombe",35.988278,-77.5843
"3177",2025-10-27,17,"Leggett","PM2.5","Edgecombe",35.988278,-77.5843
"3178",2025-10-28,16,"Leggett","PM2.5","Edgecombe",35.988278,-77.5843
"3179",2025-10-29,12,"Leggett","PM2.5","Edgecombe",35.988278,-77.5843
"3180",2025-10-30,18,"Leggett","PM2.5","Edgecombe",35.988278,-77.5843
"3181",2025-10-31,18,"Leggett","PM2.5","Edgecombe",35.988278,-77.5843
"3182",2025-11-01,38,"Leggett","PM2.5","Edgecombe",35.988278,-77.5843
"3183",2025-11-02,33,"Leggett","PM2.5","Edgecombe",35.988278,-77.5843
"3184",2025-11-03,21,"Leggett","PM2.5","Edgecombe",35.988278,-77.5843
"3185",2025-11-04,23,"Leggett","PM2.5","Edgecombe",35.988278,-77.5843
"3186",2025-11-05,42,"Leggett","PM2.5","Edgecombe",35.988278,-77.5843
"3187",2025-11-06,40,"Leggett","PM2.5","Edgecombe",35.988278,-77.5843
"3188",2025-11-07,31,"Leggett","PM2.5","Edgecombe",35.988278,-77.5843
"3189",2025-11-08,56,"Leggett","PM2.5","Edgecombe",35.988278,-77.5843
"3190",2025-11-09,58,"Leggett","PM2.5","Edgecombe",35.988278,-77.5843
"3191",2025-11-10,8,"Leggett","PM2.5","Edgecombe",35.988278,-77.5843
"3192",2025-11-11,14,"Leggett","PM2.5","Edgecombe",35.988278,-77.5843
"3193",2025-11-12,51,"Leggett","PM2.5","Edgecombe",35.988278,-77.5843
"3194",2025-11-13,46,"Leggett","PM2.5","Edgecombe",35.988278,-77.5843
"3195",2025-11-14,36,"Leggett","PM2.5","Edgecombe",35.988278,-77.5843
"3196",2025-11-15,52,"Leggett","PM2.5","Edgecombe",35.988278,-77.5843
"3197",2025-11-16,39,"Leggett","PM2.5","Edgecombe",35.988278,-77.5843
"3198",2025-11-17,16,"Leggett","PM2.5","Edgecombe",35.988278,-77.5843
"3199",2025-11-18,34,"Leggett","PM2.5","Edgecombe",35.988278,-77.5843
"3200",2025-11-19,43,"Leggett","PM2.5","Edgecombe",35.988278,-77.5843
"3201",2025-11-20,43,"Leggett","PM2.5","Edgecombe",35.988278,-77.5843
"3202",2025-11-21,61,"Leggett","PM2.5","Edgecombe",35.988278,-77.5843
"3203",2025-11-22,58,"Leggett","PM2.5","Edgecombe",35.988278,-77.5843
"3204",2025-11-23,31,"Leggett","PM2.5","Edgecombe",35.988278,-77.5843
"3205",2025-11-24,36,"Leggett","PM2.5","Edgecombe",35.988278,-77.5843
"3206",2025-11-25,36,"Leggett","PM2.5","Edgecombe",35.988278,-77.5843
"3207",2025-11-26,34,"Leggett","PM2.5","Edgecombe",35.988278,-77.5843
"3208",2025-11-27,18,"Leggett","PM2.5","Edgecombe",35.988278,-77.5843
"3209",2025-11-28,19,"Leggett","PM2.5","Edgecombe",35.988278,-77.5843
"3210",2025-11-29,24,"Leggett","PM2.5","Edgecombe",35.988278,-77.5843
"3211",2025-11-30,34,"Leggett","PM2.5","Edgecombe",35.988278,-77.5843
"3212",2025-12-01,28,"Leggett","PM2.5","Edgecombe",35.988278,-77.5843
"3213",2025-12-02,22,"Leggett","PM2.5","Edgecombe",35.988278,-77.5843
"3214",2025-12-03,31,"Leggett","PM2.5","Edgecombe",35.988278,-77.5843
"3215",2025-12-04,52,"Leggett","PM2.5","Edgecombe",35.988278,-77.5843
"3216",2025-12-05,26,"Leggett","PM2.5","Edgecombe",35.988278,-77.5843
"3217",2025-12-06,37,"Leggett","PM2.5","Edgecombe",35.988278,-77.5843
"3218",2025-12-07,53,"Leggett","PM2.5","Edgecombe",35.988278,-77.5843
"3219",2025-12-08,33,"Leggett","PM2.5","Edgecombe",35.988278,-77.5843
"3220",2025-12-09,23,"Leggett","PM2.5","Edgecombe",35.988278,-77.5843
"3221",2025-12-10,42,"Leggett","PM2.5","Edgecombe",35.988278,-77.5843
"3222",2025-12-11,13,"Leggett","PM2.5","Edgecombe",35.988278,-77.5843
"3223",2025-12-12,23,"Leggett","PM2.5","Edgecombe",35.988278,-77.5843
"3224",2025-12-13,52,"Leggett","PM2.5","Edgecombe",35.988278,-77.5843
"3225",2025-12-14,41,"Leggett","PM2.5","Edgecombe",35.988278,-77.5843
"3226",2025-12-15,11,"Leggett","PM2.5","Edgecombe",35.988278,-77.5843
"3227",2025-12-16,42,"Leggett","PM2.5","Edgecombe",35.988278,-77.5843
"3228",2025-12-17,51,"Leggett","PM2.5","Edgecombe",35.988278,-77.5843
"3229",2025-12-18,54,"Leggett","PM2.5","Edgecombe",35.988278,-77.5843
"3230",2025-12-19,7,"Leggett","PM2.5","Edgecombe",35.988278,-77.5843
"3231",2025-12-20,23,"Leggett","PM2.5","Edgecombe",35.988278,-77.5843
"3232",2025-12-21,23,"Leggett","PM2.5","Edgecombe",35.988278,-77.5843
"3233",2025-12-22,19,"Leggett","PM2.5","Edgecombe",35.988278,-77.5843
"3234",2025-12-23,33,"Leggett","PM2.5","Edgecombe",35.988278,-77.5843
"3235",2025-12-24,39,"Leggett","PM2.5","Edgecombe",35.988278,-77.5843
"3236",2025-12-25,38,"Leggett","PM2.5","Edgecombe",35.988278,-77.5843
"3237",2025-12-26,22,"Leggett","PM2.5","Edgecombe",35.988278,-77.5843
"3238",2025-12-27,28,"Leggett","PM2.5","Edgecombe",35.988278,-77.5843
"3239",2025-12-28,35,"Leggett","PM2.5","Edgecombe",35.988278,-77.5843
"3240",2025-12-29,27,"Leggett","PM2.5","Edgecombe",35.988278,-77.5843
"3241",2025-12-30,16,"Leggett","PM2.5","Edgecombe",35.988278,-77.5843
"3242",2025-12-31,22,"Leggett","PM2.5","Edgecombe",35.988278,-77.5843
"3243",2025-01-01,7,"Hattie Avenue","PM2.5","Forsyth",36.11094,-80.224501
"3244",2025-01-04,12,"Hattie Avenue","PM2.5","Forsyth",36.11094,-80.224501
"3245",2025-01-10,43,"Hattie Avenue","PM2.5","Forsyth",36.11094,-80.224501
"3246",2025-01-13,45,"Hattie Avenue","PM2.5","Forsyth",36.11094,-80.224501
"3247",2025-01-16,48,"Hattie Avenue","PM2.5","Forsyth",36.11094,-80.224501
"3248",2025-01-19,47,"Hattie Avenue","PM2.5","Forsyth",36.11094,-80.224501
"3249",2025-01-22,41,"Hattie Avenue","PM2.5","Forsyth",36.11094,-80.224501
"3250",2025-01-25,53,"Hattie Avenue","PM2.5","Forsyth",36.11094,-80.224501
"3251",2025-01-28,24,"Hattie Avenue","PM2.5","Forsyth",36.11094,-80.224501
"3252",2025-01-31,55,"Hattie Avenue","PM2.5","Forsyth",36.11094,-80.224501
"3253",2025-02-06,57,"Hattie Avenue","PM2.5","Forsyth",36.11094,-80.224501
"3254",2025-02-09,35,"Hattie Avenue","PM2.5","Forsyth",36.11094,-80.224501
"3255",2025-02-12,9,"Hattie Avenue","PM2.5","Forsyth",36.11094,-80.224501
"3256",2025-02-15,37,"Hattie Avenue","PM2.5","Forsyth",36.11094,-80.224501
"3257",2025-02-18,24,"Hattie Avenue","PM2.5","Forsyth",36.11094,-80.224501
"3258",2025-02-21,16,"Hattie Avenue","PM2.5","Forsyth",36.11094,-80.224501
"3259",2025-02-24,41,"Hattie Avenue","PM2.5","Forsyth",36.11094,-80.224501
"3260",2025-02-27,55,"Hattie Avenue","PM2.5","Forsyth",36.11094,-80.224501
"3261",2025-03-02,22,"Hattie Avenue","PM2.5","Forsyth",36.11094,-80.224501
"3262",2025-03-05,29,"Hattie Avenue","PM2.5","Forsyth",36.11094,-80.224501
"3263",2025-03-08,53,"Hattie Avenue","PM2.5","Forsyth",36.11094,-80.224501
"3264",2025-03-11,32,"Hattie Avenue","PM2.5","Forsyth",36.11094,-80.224501
"3265",2025-03-14,60,"Hattie Avenue","PM2.5","Forsyth",36.11094,-80.224501
"3266",2025-03-17,22,"Hattie Avenue","PM2.5","Forsyth",36.11094,-80.224501
"3267",2025-03-20,58,"Hattie Avenue","PM2.5","Forsyth",36.11094,-80.224501
"3268",2025-03-23,29,"Hattie Avenue","PM2.5","Forsyth",36.11094,-80.224501
"3269",2025-03-26,17,"Hattie Avenue","PM2.5","Forsyth",36.11094,-80.224501
"3270",2025-03-29,38,"Hattie Avenue","PM2.5","Forsyth",36.11094,-80.224501
"3271",2025-04-01,11,"Hattie Avenue","PM2.5","Forsyth",36.11094,-80.224501
"3272",2025-04-04,53,"Hattie Avenue","PM2.5","Forsyth",36.11094,-80.224501
"3273",2025-04-07,31,"Hattie Avenue","PM2.5","Forsyth",36.11094,-80.224501
"3274",2025-04-10,47,"Hattie Avenue","PM2.5","Forsyth",36.11094,-80.224501
"3275",2025-04-13,26,"Hattie Avenue","PM2.5","Forsyth",36.11094,-80.224501
"3276",2025-04-16,29,"Hattie Avenue","PM2.5","Forsyth",36.11094,-80.224501
"3277",2025-04-19,59,"Hattie Avenue","PM2.5","Forsyth",36.11094,-80.224501
"3278",2025-04-22,53,"Hattie Avenue","PM2.5","Forsyth",36.11094,-80.224501
"3279",2025-04-25,61,"Hattie Avenue","PM2.5","Forsyth",36.11094,-80.224501
"3280",2025-04-28,43,"Hattie Avenue","PM2.5","Forsyth",36.11094,-80.224501
"3281",2025-05-01,54,"Hattie Avenue","PM2.5","Forsyth",36.11094,-80.224501
"3282",2025-05-04,23,"Hattie Avenue","PM2.5","Forsyth",36.11094,-80.224501
"3283",2025-05-07,38,"Hattie Avenue","PM2.5","Forsyth",36.11094,-80.224501
"3284",2025-05-13,26,"Hattie Avenue","PM2.5","Forsyth",36.11094,-80.224501
"3285",2025-05-16,58,"Hattie Avenue","PM2.5","Forsyth",36.11094,-80.224501
"3286",2025-05-19,39,"Hattie Avenue","PM2.5","Forsyth",36.11094,-80.224501
"3287",2025-05-22,19,"Hattie Avenue","PM2.5","Forsyth",36.11094,-80.224501
"3288",2025-05-25,39,"Hattie Avenue","PM2.5","Forsyth",36.11094,-80.224501
"3289",2025-05-28,12,"Hattie Avenue","PM2.5","Forsyth",36.11094,-80.224501
"3290",2025-05-31,52,"Hattie Avenue","PM2.5","Forsyth",36.11094,-80.224501
"3291",2025-06-03,55,"Hattie Avenue","PM2.5","Forsyth",36.11094,-80.224501
"3292",2025-06-12,62,"Hattie Avenue","PM2.5","Forsyth",36.11094,-80.224501
"3293",2025-06-15,28,"Hattie Avenue","PM2.5","Forsyth",36.11094,-80.224501
"3294",2025-06-18,29,"Hattie Avenue","PM2.5","Forsyth",36.11094,-80.224501
"3295",2025-06-21,52,"Hattie Avenue","PM2.5","Forsyth",36.11094,-80.224501
"3296",2025-06-24,66,"Hattie Avenue","PM2.5","Forsyth",36.11094,-80.224501
"3297",2025-06-27,53,"Hattie Avenue","PM2.5","Forsyth",36.11094,-80.224501
"3298",2025-06-30,54,"Hattie Avenue","PM2.5","Forsyth",36.11094,-80.224501
"3299",2025-07-03,52,"Hattie Avenue","PM2.5","Forsyth",36.11094,-80.224501
"3300",2025-07-06,43,"Hattie Avenue","PM2.5","Forsyth",36.11094,-80.224501
"3301",2025-07-09,55,"Hattie Avenue","PM2.5","Forsyth",36.11094,-80.224501
"3302",2025-07-12,51,"Hattie Avenue","PM2.5","Forsyth",36.11094,-80.224501
"3303",2025-07-15,41,"Hattie Avenue","PM2.5","Forsyth",36.11094,-80.224501
"3304",2025-07-18,37,"Hattie Avenue","PM2.5","Forsyth",36.11094,-80.224501
"3305",2025-07-21,51,"Hattie Avenue","PM2.5","Forsyth",36.11094,-80.224501
"3306",2025-07-24,54,"Hattie Avenue","PM2.5","Forsyth",36.11094,-80.224501
"3307",2025-07-25,57,"Hattie Avenue","PM2.5","Forsyth",36.11094,-80.224501
"3308",2025-07-27,37,"Hattie Avenue","PM2.5","Forsyth",36.11094,-80.224501
"3309",2025-07-30,50,"Hattie Avenue","PM2.5","Forsyth",36.11094,-80.224501
"3310",2025-08-02,25,"Hattie Avenue","PM2.5","Forsyth",36.11094,-80.224501
"3311",2025-08-05,43,"Hattie Avenue","PM2.5","Forsyth",36.11094,-80.224501
"3312",2025-08-08,77,"Hattie Avenue","PM2.5","Forsyth",36.11094,-80.224501
"3313",2025-08-11,33,"Hattie Avenue","PM2.5","Forsyth",36.11094,-80.224501
"3314",2025-08-14,32,"Hattie Avenue","PM2.5","Forsyth",36.11094,-80.224501
"3315",2025-08-17,54,"Hattie Avenue","PM2.5","Forsyth",36.11094,-80.224501
"3316",2025-08-26,32,"Hattie Avenue","PM2.5","Forsyth",36.11094,-80.224501
"3317",2025-08-29,47,"Hattie Avenue","PM2.5","Forsyth",36.11094,-80.224501
"3318",2025-09-01,27,"Hattie Avenue","PM2.5","Forsyth",36.11094,-80.224501
"3319",2025-09-04,51,"Hattie Avenue","PM2.5","Forsyth",36.11094,-80.224501
"3320",2025-09-07,39,"Hattie Avenue","PM2.5","Forsyth",36.11094,-80.224501
"3321",2025-09-10,27,"Hattie Avenue","PM2.5","Forsyth",36.11094,-80.224501
"3322",2025-09-13,45,"Hattie Avenue","PM2.5","Forsyth",36.11094,-80.224501
"3323",2025-09-16,41,"Hattie Avenue","PM2.5","Forsyth",36.11094,-80.224501
"3324",2025-09-19,51,"Hattie Avenue","PM2.5","Forsyth",36.11094,-80.224501
"3325",2025-09-22,55,"Hattie Avenue","PM2.5","Forsyth",36.11094,-80.224501
"3326",2025-09-25,44,"Hattie Avenue","PM2.5","Forsyth",36.11094,-80.224501
"3327",2025-09-28,29,"Hattie Avenue","PM2.5","Forsyth",36.11094,-80.224501
"3328",2025-10-01,45,"Hattie Avenue","PM2.5","Forsyth",36.11094,-80.224501
"3329",2025-10-04,49,"Hattie Avenue","PM2.5","Forsyth",36.11094,-80.224501
"3330",2025-10-07,32,"Hattie Avenue","PM2.5","Forsyth",36.11094,-80.224501
"3331",2025-10-10,27,"Hattie Avenue","PM2.5","Forsyth",36.11094,-80.224501
"3332",2025-10-13,15,"Hattie Avenue","PM2.5","Forsyth",36.11094,-80.224501
"3333",2025-10-16,28,"Hattie Avenue","PM2.5","Forsyth",36.11094,-80.224501
"3334",2025-10-19,30,"Hattie Avenue","PM2.5","Forsyth",36.11094,-80.224501
"3335",2025-10-22,21,"Hattie Avenue","PM2.5","Forsyth",36.11094,-80.224501
"3336",2025-11-09,53,"Hattie Avenue","PM2.5","Forsyth",36.11094,-80.224501
"3337",2025-11-12,29,"Hattie Avenue","PM2.5","Forsyth",36.11094,-80.224501
"3338",2025-11-15,54,"Hattie Avenue","PM2.5","Forsyth",36.11094,-80.224501
"3339",2025-11-18,34,"Hattie Avenue","PM2.5","Forsyth",36.11094,-80.224501
"3340",2025-11-21,79,"Hattie Avenue","PM2.5","Forsyth",36.11094,-80.224501
"3341",2025-11-24,31,"Hattie Avenue","PM2.5","Forsyth",36.11094,-80.224501
"3342",2025-11-27,15,"Hattie Avenue","PM2.5","Forsyth",36.11094,-80.224501
"3343",2025-11-30,51,"Hattie Avenue","PM2.5","Forsyth",36.11094,-80.224501
"3344",2025-12-03,32,"Hattie Avenue","PM2.5","Forsyth",36.11094,-80.224501
"3345",2025-12-06,50,"Hattie Avenue","PM2.5","Forsyth",36.11094,-80.224501
"3346",2025-12-09,32,"Hattie Avenue","PM2.5","Forsyth",36.11094,-80.224501
"3347",2025-12-12,35,"Hattie Avenue","PM2.5","Forsyth",36.11094,-80.224501
"3348",2025-12-15,20,"Hattie Avenue","PM2.5","Forsyth",36.11094,-80.224501
"3349",2025-12-18,65,"Hattie Avenue","PM2.5","Forsyth",36.11094,-80.224501
"3350",2025-12-21,30,"Hattie Avenue","PM2.5","Forsyth",36.11094,-80.224501
"3351",2025-12-24,52,"Hattie Avenue","PM2.5","Forsyth",36.11094,-80.224501
"3352",2025-12-27,46,"Hattie Avenue","PM2.5","Forsyth",36.11094,-80.224501
"3353",2025-12-30,16,"Hattie Avenue","PM2.5","Forsyth",36.11094,-80.224501
"3354",2025-01-01,7,"Hattie Avenue","PM2.5","Forsyth",36.11094,-80.224501
"3355",2025-01-02,22,"Hattie Avenue","PM2.5","Forsyth",36.11094,-80.224501
"3356",2025-01-03,23,"Hattie Avenue","PM2.5","Forsyth",36.11094,-80.224501
"3357",2025-01-04,18,"Hattie Avenue","PM2.5","Forsyth",36.11094,-80.224501
"3358",2025-01-05,28,"Hattie Avenue","PM2.5","Forsyth",36.11094,-80.224501
"3359",2025-01-06,39,"Hattie Avenue","PM2.5","Forsyth",36.11094,-80.224501
"3360",2025-01-07,17,"Hattie Avenue","PM2.5","Forsyth",36.11094,-80.224501
"3361",2025-01-08,28,"Hattie Avenue","PM2.5","Forsyth",36.11094,-80.224501
"3362",2025-01-09,31,"Hattie Avenue","PM2.5","Forsyth",36.11094,-80.224501
"3363",2025-01-10,53,"Hattie Avenue","PM2.5","Forsyth",36.11094,-80.224501
"3364",2025-01-11,56,"Hattie Avenue","PM2.5","Forsyth",36.11094,-80.224501
"3365",2025-01-12,50,"Hattie Avenue","PM2.5","Forsyth",36.11094,-80.224501
"3366",2025-01-13,52,"Hattie Avenue","PM2.5","Forsyth",36.11094,-80.224501
"3367",2025-01-14,21,"Hattie Avenue","PM2.5","Forsyth",36.11094,-80.224501
"3368",2025-01-15,43,"Hattie Avenue","PM2.5","Forsyth",36.11094,-80.224501
"3369",2025-01-16,53,"Hattie Avenue","PM2.5","Forsyth",36.11094,-80.224501
"3370",2025-01-17,41,"Hattie Avenue","PM2.5","Forsyth",36.11094,-80.224501
"3371",2025-01-18,54,"Hattie Avenue","PM2.5","Forsyth",36.11094,-80.224501
"3372",2025-01-19,55,"Hattie Avenue","PM2.5","Forsyth",36.11094,-80.224501
"3373",2025-01-20,21,"Hattie Avenue","PM2.5","Forsyth",36.11094,-80.224501
"3374",2025-01-21,29,"Hattie Avenue","PM2.5","Forsyth",36.11094,-80.224501
"3375",2025-01-22,42,"Hattie Avenue","PM2.5","Forsyth",36.11094,-80.224501
"3376",2025-01-23,63,"Hattie Avenue","PM2.5","Forsyth",36.11094,-80.224501
"3377",2025-01-24,62,"Hattie Avenue","PM2.5","Forsyth",36.11094,-80.224501
"3378",2025-01-25,57,"Hattie Avenue","PM2.5","Forsyth",36.11094,-80.224501
"3379",2025-01-26,55,"Hattie Avenue","PM2.5","Forsyth",36.11094,-80.224501
"3380",2025-01-27,55,"Hattie Avenue","PM2.5","Forsyth",36.11094,-80.224501
"3381",2025-01-28,33,"Hattie Avenue","PM2.5","Forsyth",36.11094,-80.224501
"3382",2025-01-29,30,"Hattie Avenue","PM2.5","Forsyth",36.11094,-80.224501
"3383",2025-01-30,31,"Hattie Avenue","PM2.5","Forsyth",36.11094,-80.224501
"3384",2025-01-31,58,"Hattie Avenue","PM2.5","Forsyth",36.11094,-80.224501
"3385",2025-02-01,28,"Hattie Avenue","PM2.5","Forsyth",36.11094,-80.224501
"3386",2025-02-02,31,"Hattie Avenue","PM2.5","Forsyth",36.11094,-80.224501
"3387",2025-02-03,55,"Hattie Avenue","PM2.5","Forsyth",36.11094,-80.224501
"3388",2025-02-04,53,"Hattie Avenue","PM2.5","Forsyth",36.11094,-80.224501
"3389",2025-02-05,32,"Hattie Avenue","PM2.5","Forsyth",36.11094,-80.224501
"3390",2025-02-06,60,"Hattie Avenue","PM2.5","Forsyth",36.11094,-80.224501
"3391",2025-02-07,39,"Hattie Avenue","PM2.5","Forsyth",36.11094,-80.224501
"3392",2025-02-08,35,"Hattie Avenue","PM2.5","Forsyth",36.11094,-80.224501
"3393",2025-02-09,41,"Hattie Avenue","PM2.5","Forsyth",36.11094,-80.224501
"3394",2025-02-10,32,"Hattie Avenue","PM2.5","Forsyth",36.11094,-80.224501
"3395",2025-02-11,52,"Hattie Avenue","PM2.5","Forsyth",36.11094,-80.224501
"3396",2025-02-12,8,"Hattie Avenue","PM2.5","Forsyth",36.11094,-80.224501
"3397",2025-02-13,22,"Hattie Avenue","PM2.5","Forsyth",36.11094,-80.224501
"3398",2025-02-14,33,"Hattie Avenue","PM2.5","Forsyth",36.11094,-80.224501
"3399",2025-02-15,41,"Hattie Avenue","PM2.5","Forsyth",36.11094,-80.224501
"3400",2025-02-16,16,"Hattie Avenue","PM2.5","Forsyth",36.11094,-80.224501
"3401",2025-02-17,19,"Hattie Avenue","PM2.5","Forsyth",36.11094,-80.224501
"3402",2025-02-18,26,"Hattie Avenue","PM2.5","Forsyth",36.11094,-80.224501
"3403",2025-02-19,30,"Hattie Avenue","PM2.5","Forsyth",36.11094,-80.224501
"3404",2025-02-20,32,"Hattie Avenue","PM2.5","Forsyth",36.11094,-80.224501
"3405",2025-02-21,17,"Hattie Avenue","PM2.5","Forsyth",36.11094,-80.224501
"3406",2025-02-22,30,"Hattie Avenue","PM2.5","Forsyth",36.11094,-80.224501
"3407",2025-02-23,33,"Hattie Avenue","PM2.5","Forsyth",36.11094,-80.224501
"3408",2025-02-24,43,"Hattie Avenue","PM2.5","Forsyth",36.11094,-80.224501
"3409",2025-02-25,58,"Hattie Avenue","PM2.5","Forsyth",36.11094,-80.224501
"3410",2025-02-26,33,"Hattie Avenue","PM2.5","Forsyth",36.11094,-80.224501
"3411",2025-02-27,56,"Hattie Avenue","PM2.5","Forsyth",36.11094,-80.224501
"3412",2025-02-28,14,"Hattie Avenue","PM2.5","Forsyth",36.11094,-80.224501
"3413",2025-03-01,29,"Hattie Avenue","PM2.5","Forsyth",36.11094,-80.224501
"3414",2025-03-02,21,"Hattie Avenue","PM2.5","Forsyth",36.11094,-80.224501
"3415",2025-03-03,33,"Hattie Avenue","PM2.5","Forsyth",36.11094,-80.224501
"3416",2025-03-04,34,"Hattie Avenue","PM2.5","Forsyth",36.11094,-80.224501
"3417",2025-03-05,37,"Hattie Avenue","PM2.5","Forsyth",36.11094,-80.224501
"3418",2025-03-06,10,"Hattie Avenue","PM2.5","Forsyth",36.11094,-80.224501
"3419",2025-03-07,25,"Hattie Avenue","PM2.5","Forsyth",36.11094,-80.224501
"3420",2025-03-08,40,"Hattie Avenue","PM2.5","Forsyth",36.11094,-80.224501
"3421",2025-03-09,24,"Hattie Avenue","PM2.5","Forsyth",36.11094,-80.224501
"3422",2025-03-10,34,"Hattie Avenue","PM2.5","Forsyth",36.11094,-80.224501
"3423",2025-03-11,28,"Hattie Avenue","PM2.5","Forsyth",36.11094,-80.224501
"3424",2025-03-12,52,"Hattie Avenue","PM2.5","Forsyth",36.11094,-80.224501
"3425",2025-03-13,63,"Hattie Avenue","PM2.5","Forsyth",36.11094,-80.224501
"3426",2025-03-14,72,"Hattie Avenue","PM2.5","Forsyth",36.11094,-80.224501
"3427",2025-03-15,63,"Hattie Avenue","PM2.5","Forsyth",36.11094,-80.224501
"3428",2025-03-16,46,"Hattie Avenue","PM2.5","Forsyth",36.11094,-80.224501
"3429",2025-03-17,21,"Hattie Avenue","PM2.5","Forsyth",36.11094,-80.224501
"3430",2025-03-18,19,"Hattie Avenue","PM2.5","Forsyth",36.11094,-80.224501
"3431",2025-03-19,52,"Hattie Avenue","PM2.5","Forsyth",36.11094,-80.224501
"3432",2025-03-20,59,"Hattie Avenue","PM2.5","Forsyth",36.11094,-80.224501
"3433",2025-03-21,22,"Hattie Avenue","PM2.5","Forsyth",36.11094,-80.224501
"3434",2025-03-22,53,"Hattie Avenue","PM2.5","Forsyth",36.11094,-80.224501
"3435",2025-03-23,27,"Hattie Avenue","PM2.5","Forsyth",36.11094,-80.224501
"3436",2025-03-24,55,"Hattie Avenue","PM2.5","Forsyth",36.11094,-80.224501
"3437",2025-03-25,16,"Hattie Avenue","PM2.5","Forsyth",36.11094,-80.224501
"3438",2025-03-26,22,"Hattie Avenue","PM2.5","Forsyth",36.11094,-80.224501
"3439",2025-03-27,28,"Hattie Avenue","PM2.5","Forsyth",36.11094,-80.224501
"3440",2025-03-28,54,"Hattie Avenue","PM2.5","Forsyth",36.11094,-80.224501
"3441",2025-03-29,45,"Hattie Avenue","PM2.5","Forsyth",36.11094,-80.224501
"3442",2025-03-30,39,"Hattie Avenue","PM2.5","Forsyth",36.11094,-80.224501
"3443",2025-03-31,33,"Hattie Avenue","PM2.5","Forsyth",36.11094,-80.224501
"3444",2025-04-01,10,"Hattie Avenue","PM2.5","Forsyth",36.11094,-80.224501
"3445",2025-04-02,37,"Hattie Avenue","PM2.5","Forsyth",36.11094,-80.224501
"3446",2025-04-03,51,"Hattie Avenue","PM2.5","Forsyth",36.11094,-80.224501
"3447",2025-04-04,53,"Hattie Avenue","PM2.5","Forsyth",36.11094,-80.224501
"3448",2025-04-05,52,"Hattie Avenue","PM2.5","Forsyth",36.11094,-80.224501
"3449",2025-04-06,37,"Hattie Avenue","PM2.5","Forsyth",36.11094,-80.224501
"3450",2025-04-07,29,"Hattie Avenue","PM2.5","Forsyth",36.11094,-80.224501
"3451",2025-04-08,23,"Hattie Avenue","PM2.5","Forsyth",36.11094,-80.224501
"3452",2025-04-09,23,"Hattie Avenue","PM2.5","Forsyth",36.11094,-80.224501
"3453",2025-04-10,48,"Hattie Avenue","PM2.5","Forsyth",36.11094,-80.224501
"3454",2025-04-11,27,"Hattie Avenue","PM2.5","Forsyth",36.11094,-80.224501
"3455",2025-04-12,36,"Hattie Avenue","PM2.5","Forsyth",36.11094,-80.224501
"3456",2025-04-13,24,"Hattie Avenue","PM2.5","Forsyth",36.11094,-80.224501
"3457",2025-04-14,53,"Hattie Avenue","PM2.5","Forsyth",36.11094,-80.224501
"3458",2025-04-15,35,"Hattie Avenue","PM2.5","Forsyth",36.11094,-80.224501
"3459",2025-04-16,31,"Hattie Avenue","PM2.5","Forsyth",36.11094,-80.224501
"3460",2025-04-17,34,"Hattie Avenue","PM2.5","Forsyth",36.11094,-80.224501
"3461",2025-04-18,55,"Hattie Avenue","PM2.5","Forsyth",36.11094,-80.224501
"3462",2025-04-19,57,"Hattie Avenue","PM2.5","Forsyth",36.11094,-80.224501
"3463",2025-04-20,61,"Hattie Avenue","PM2.5","Forsyth",36.11094,-80.224501
"3464",2025-04-21,54,"Hattie Avenue","PM2.5","Forsyth",36.11094,-80.224501
"3465",2025-04-22,53,"Hattie Avenue","PM2.5","Forsyth",36.11094,-80.224501
"3466",2025-04-23,39,"Hattie Avenue","PM2.5","Forsyth",36.11094,-80.224501
"3467",2025-04-24,55,"Hattie Avenue","PM2.5","Forsyth",36.11094,-80.224501
"3468",2025-04-25,59,"Hattie Avenue","PM2.5","Forsyth",36.11094,-80.224501
"3469",2025-04-26,38,"Hattie Avenue","PM2.5","Forsyth",36.11094,-80.224501
"3470",2025-04-27,33,"Hattie Avenue","PM2.5","Forsyth",36.11094,-80.224501
"3471",2025-04-28,33,"Hattie Avenue","PM2.5","Forsyth",36.11094,-80.224501
"3472",2025-04-29,47,"Hattie Avenue","PM2.5","Forsyth",36.11094,-80.224501
"3473",2025-04-30,53,"Hattie Avenue","PM2.5","Forsyth",36.11094,-80.224501
"3474",2025-05-01,54,"Hattie Avenue","PM2.5","Forsyth",36.11094,-80.224501
"3475",2025-05-02,51,"Hattie Avenue","PM2.5","Forsyth",36.11094,-80.224501
"3476",2025-05-03,46,"Hattie Avenue","PM2.5","Forsyth",36.11094,-80.224501
"3477",2025-05-04,24,"Hattie Avenue","PM2.5","Forsyth",36.11094,-80.224501
"3478",2025-05-05,33,"Hattie Avenue","PM2.5","Forsyth",36.11094,-80.224501
"3479",2025-05-06,29,"Hattie Avenue","PM2.5","Forsyth",36.11094,-80.224501
"3480",2025-05-07,38,"Hattie Avenue","PM2.5","Forsyth",36.11094,-80.224501
"3481",2025-05-08,41,"Hattie Avenue","PM2.5","Forsyth",36.11094,-80.224501
"3482",2025-05-09,30,"Hattie Avenue","PM2.5","Forsyth",36.11094,-80.224501
"3483",2025-05-10,28,"Hattie Avenue","PM2.5","Forsyth",36.11094,-80.224501
"3484",2025-05-11,42,"Hattie Avenue","PM2.5","Forsyth",36.11094,-80.224501
"3485",2025-05-12,25,"Hattie Avenue","PM2.5","Forsyth",36.11094,-80.224501
"3486",2025-05-13,23,"Hattie Avenue","PM2.5","Forsyth",36.11094,-80.224501
"3487",2025-05-14,24,"Hattie Avenue","PM2.5","Forsyth",36.11094,-80.224501
"3488",2025-05-15,51,"Hattie Avenue","PM2.5","Forsyth",36.11094,-80.224501
"3489",2025-05-16,53,"Hattie Avenue","PM2.5","Forsyth",36.11094,-80.224501
"3490",2025-05-17,27,"Hattie Avenue","PM2.5","Forsyth",36.11094,-80.224501
"3491",2025-05-18,23,"Hattie Avenue","PM2.5","Forsyth",36.11094,-80.224501
"3492",2025-05-19,26,"Hattie Avenue","PM2.5","Forsyth",36.11094,-80.224501
"3493",2025-05-20,34,"Hattie Avenue","PM2.5","Forsyth",36.11094,-80.224501
"3494",2025-05-21,34,"Hattie Avenue","PM2.5","Forsyth",36.11094,-80.224501
"3495",2025-05-22,14,"Hattie Avenue","PM2.5","Forsyth",36.11094,-80.224501
"3496",2025-05-23,13,"Hattie Avenue","PM2.5","Forsyth",36.11094,-80.224501
"3497",2025-05-24,23,"Hattie Avenue","PM2.5","Forsyth",36.11094,-80.224501
"3498",2025-05-25,28,"Hattie Avenue","PM2.5","Forsyth",36.11094,-80.224501
"3499",2025-05-26,28,"Hattie Avenue","PM2.5","Forsyth",36.11094,-80.224501
"3500",2025-05-27,12,"Hattie Avenue","PM2.5","Forsyth",36.11094,-80.224501
"3501",2025-05-28,12,"Hattie Avenue","PM2.5","Forsyth",36.11094,-80.224501
"3502",2025-05-29,33,"Hattie Avenue","PM2.5","Forsyth",36.11094,-80.224501
"3503",2025-05-30,19,"Hattie Avenue","PM2.5","Forsyth",36.11094,-80.224501
"3504",2025-05-31,52,"Hattie Avenue","PM2.5","Forsyth",36.11094,-80.224501
"3505",2025-06-01,58,"Hattie Avenue","PM2.5","Forsyth",36.11094,-80.224501
"3506",2025-06-02,29,"Hattie Avenue","PM2.5","Forsyth",36.11094,-80.224501
"3507",2025-06-03,51,"Hattie Avenue","PM2.5","Forsyth",36.11094,-80.224501
"3508",2025-06-04,61,"Hattie Avenue","PM2.5","Forsyth",36.11094,-80.224501
"3509",2025-06-05,43,"Hattie Avenue","PM2.5","Forsyth",36.11094,-80.224501
"3510",2025-06-06,46,"Hattie Avenue","PM2.5","Forsyth",36.11094,-80.224501
"3511",2025-06-07,25,"Hattie Avenue","PM2.5","Forsyth",36.11094,-80.224501
"3512",2025-06-08,23,"Hattie Avenue","PM2.5","Forsyth",36.11094,-80.224501
"3513",2025-06-09,23,"Hattie Avenue","PM2.5","Forsyth",36.11094,-80.224501
"3514",2025-06-10,24,"Hattie Avenue","PM2.5","Forsyth",36.11094,-80.224501
"3515",2025-06-11,52,"Hattie Avenue","PM2.5","Forsyth",36.11094,-80.224501
"3516",2025-06-12,57,"Hattie Avenue","PM2.5","Forsyth",36.11094,-80.224501
"3517",2025-06-13,19,"Hattie Avenue","PM2.5","Forsyth",36.11094,-80.224501
"3518",2025-06-14,17,"Hattie Avenue","PM2.5","Forsyth",36.11094,-80.224501
"3519",2025-06-15,19,"Hattie Avenue","PM2.5","Forsyth",36.11094,-80.224501
"3520",2025-06-16,21,"Hattie Avenue","PM2.5","Forsyth",36.11094,-80.224501
"3521",2025-06-17,21,"Hattie Avenue","PM2.5","Forsyth",36.11094,-80.224501
"3522",2025-06-18,14,"Hattie Avenue","PM2.5","Forsyth",36.11094,-80.224501
"3523",2025-06-19,22,"Hattie Avenue","PM2.5","Forsyth",36.11094,-80.224501
"3524",2025-06-20,26,"Hattie Avenue","PM2.5","Forsyth",36.11094,-80.224501
"3525",2025-06-21,33,"Hattie Avenue","PM2.5","Forsyth",36.11094,-80.224501
"3526",2025-06-22,38,"Hattie Avenue","PM2.5","Forsyth",36.11094,-80.224501
"3527",2025-06-23,41,"Hattie Avenue","PM2.5","Forsyth",36.11094,-80.224501
"3528",2025-06-24,58,"Hattie Avenue","PM2.5","Forsyth",36.11094,-80.224501
"3529",2025-06-25,62,"Hattie Avenue","PM2.5","Forsyth",36.11094,-80.224501
"3530",2025-06-26,53,"Hattie Avenue","PM2.5","Forsyth",36.11094,-80.224501
"3531",2025-06-27,53,"Hattie Avenue","PM2.5","Forsyth",36.11094,-80.224501
"3532",2025-06-28,51,"Hattie Avenue","PM2.5","Forsyth",36.11094,-80.224501
"3533",2025-06-29,41,"Hattie Avenue","PM2.5","Forsyth",36.11094,-80.224501
"3534",2025-06-30,52,"Hattie Avenue","PM2.5","Forsyth",36.11094,-80.224501
"3535",2025-07-01,44,"Hattie Avenue","PM2.5","Forsyth",36.11094,-80.224501
"3536",2025-07-02,26,"Hattie Avenue","PM2.5","Forsyth",36.11094,-80.224501
"3537",2025-07-03,52,"Hattie Avenue","PM2.5","Forsyth",36.11094,-80.224501
"3538",2025-07-04,70,"Hattie Avenue","PM2.5","Forsyth",36.11094,-80.224501
"3539",2025-07-05,66,"Hattie Avenue","PM2.5","Forsyth",36.11094,-80.224501
"3540",2025-07-06,50,"Hattie Avenue","PM2.5","Forsyth",36.11094,-80.224501
"3541",2025-07-07,51,"Hattie Avenue","PM2.5","Forsyth",36.11094,-80.224501
"3542",2025-07-08,60,"Hattie Avenue","PM2.5","Forsyth",36.11094,-80.224501
"3543",2025-07-09,54,"Hattie Avenue","PM2.5","Forsyth",36.11094,-80.224501
"3544",2025-07-10,26,"Hattie Avenue","PM2.5","Forsyth",36.11094,-80.224501
"3545",2025-07-11,41,"Hattie Avenue","PM2.5","Forsyth",36.11094,-80.224501
"3546",2025-07-12,42,"Hattie Avenue","PM2.5","Forsyth",36.11094,-80.224501
"3547",2025-07-13,44,"Hattie Avenue","PM2.5","Forsyth",36.11094,-80.224501
"3548",2025-07-14,41,"Hattie Avenue","PM2.5","Forsyth",36.11094,-80.224501
"3549",2025-07-15,37,"Hattie Avenue","PM2.5","Forsyth",36.11094,-80.224501
"3550",2025-07-16,32,"Hattie Avenue","PM2.5","Forsyth",36.11094,-80.224501
"3551",2025-07-17,38,"Hattie Avenue","PM2.5","Forsyth",36.11094,-80.224501
"3552",2025-07-18,30,"Hattie Avenue","PM2.5","Forsyth",36.11094,-80.224501
"3553",2025-07-19,23,"Hattie Avenue","PM2.5","Forsyth",36.11094,-80.224501
"3554",2025-07-20,36,"Hattie Avenue","PM2.5","Forsyth",36.11094,-80.224501
"3555",2025-07-21,40,"Hattie Avenue","PM2.5","Forsyth",36.11094,-80.224501
"3556",2025-07-22,52,"Hattie Avenue","PM2.5","Forsyth",36.11094,-80.224501
"3557",2025-07-23,59,"Hattie Avenue","PM2.5","Forsyth",36.11094,-80.224501
"3558",2025-07-24,57,"Hattie Avenue","PM2.5","Forsyth",36.11094,-80.224501
"3559",2025-07-25,55,"Hattie Avenue","PM2.5","Forsyth",36.11094,-80.224501
"3560",2025-07-26,55,"Hattie Avenue","PM2.5","Forsyth",36.11094,-80.224501
"3561",2025-07-27,31,"Hattie Avenue","PM2.5","Forsyth",36.11094,-80.224501
"3562",2025-07-28,28,"Hattie Avenue","PM2.5","Forsyth",36.11094,-80.224501
"3563",2025-07-29,33,"Hattie Avenue","PM2.5","Forsyth",36.11094,-80.224501
"3564",2025-07-30,41,"Hattie Avenue","PM2.5","Forsyth",36.11094,-80.224501
"3565",2025-07-31,29,"Hattie Avenue","PM2.5","Forsyth",36.11094,-80.224501
"3566",2025-08-01,29,"Hattie Avenue","PM2.5","Forsyth",36.11094,-80.224501
"3567",2025-08-02,29,"Hattie Avenue","PM2.5","Forsyth",36.11094,-80.224501
"3568",2025-08-03,48,"Hattie Avenue","PM2.5","Forsyth",36.11094,-80.224501
"3569",2025-08-04,47,"Hattie Avenue","PM2.5","Forsyth",36.11094,-80.224501
"3570",2025-08-05,39,"Hattie Avenue","PM2.5","Forsyth",36.11094,-80.224501
"3571",2025-08-06,37,"Hattie Avenue","PM2.5","Forsyth",36.11094,-80.224501
"3572",2025-08-07,66,"Hattie Avenue","PM2.5","Forsyth",36.11094,-80.224501
"3573",2025-08-08,86,"Hattie Avenue","PM2.5","Forsyth",36.11094,-80.224501
"3574",2025-08-09,60,"Hattie Avenue","PM2.5","Forsyth",36.11094,-80.224501
"3575",2025-08-10,48,"Hattie Avenue","PM2.5","Forsyth",36.11094,-80.224501
"3576",2025-08-11,27,"Hattie Avenue","PM2.5","Forsyth",36.11094,-80.224501
"3577",2025-08-12,21,"Hattie Avenue","PM2.5","Forsyth",36.11094,-80.224501
"3578",2025-08-13,29,"Hattie Avenue","PM2.5","Forsyth",36.11094,-80.224501
"3579",2025-08-14,24,"Hattie Avenue","PM2.5","Forsyth",36.11094,-80.224501
"3580",2025-08-15,42,"Hattie Avenue","PM2.5","Forsyth",36.11094,-80.224501
"3581",2025-08-16,52,"Hattie Avenue","PM2.5","Forsyth",36.11094,-80.224501
"3582",2025-08-17,53,"Hattie Avenue","PM2.5","Forsyth",36.11094,-80.224501
"3583",2025-08-18,51,"Hattie Avenue","PM2.5","Forsyth",36.11094,-80.224501
"3584",2025-08-19,37,"Hattie Avenue","PM2.5","Forsyth",36.11094,-80.224501
"3585",2025-08-20,43,"Hattie Avenue","PM2.5","Forsyth",36.11094,-80.224501
"3586",2025-08-21,35,"Hattie Avenue","PM2.5","Forsyth",36.11094,-80.224501
"3587",2025-08-22,23,"Hattie Avenue","PM2.5","Forsyth",36.11094,-80.224501
"3588",2025-08-23,36,"Hattie Avenue","PM2.5","Forsyth",36.11094,-80.224501
"3589",2025-08-24,39,"Hattie Avenue","PM2.5","Forsyth",36.11094,-80.224501
"3590",2025-08-25,30,"Hattie Avenue","PM2.5","Forsyth",36.11094,-80.224501
"3591",2025-08-26,26,"Hattie Avenue","PM2.5","Forsyth",36.11094,-80.224501
"3592",2025-08-27,29,"Hattie Avenue","PM2.5","Forsyth",36.11094,-80.224501
"3593",2025-08-28,42,"Hattie Avenue","PM2.5","Forsyth",36.11094,-80.224501
"3594",2025-08-29,43,"Hattie Avenue","PM2.5","Forsyth",36.11094,-80.224501
"3595",2025-08-30,39,"Hattie Avenue","PM2.5","Forsyth",36.11094,-80.224501
"3596",2025-08-31,34,"Hattie Avenue","PM2.5","Forsyth",36.11094,-80.224501
"3597",2025-09-01,24,"Hattie Avenue","PM2.5","Forsyth",36.11094,-80.224501
"3598",2025-09-02,23,"Hattie Avenue","PM2.5","Forsyth",36.11094,-80.224501
"3599",2025-09-03,37,"Hattie Avenue","PM2.5","Forsyth",36.11094,-80.224501
"3600",2025-09-04,51,"Hattie Avenue","PM2.5","Forsyth",36.11094,-80.224501
"3601",2025-09-05,55,"Hattie Avenue","PM2.5","Forsyth",36.11094,-80.224501
"3602",2025-09-06,61,"Hattie Avenue","PM2.5","Forsyth",36.11094,-80.224501
"3603",2025-09-07,40,"Hattie Avenue","PM2.5","Forsyth",36.11094,-80.224501
"3604",2025-09-08,24,"Hattie Avenue","PM2.5","Forsyth",36.11094,-80.224501
"3605",2025-09-09,22,"Hattie Avenue","PM2.5","Forsyth",36.11094,-80.224501
"3606",2025-09-10,27,"Hattie Avenue","PM2.5","Forsyth",36.11094,-80.224501
"3607",2025-09-11,31,"Hattie Avenue","PM2.5","Forsyth",36.11094,-80.224501
"3608",2025-09-12,39,"Hattie Avenue","PM2.5","Forsyth",36.11094,-80.224501
"3609",2025-09-13,41,"Hattie Avenue","PM2.5","Forsyth",36.11094,-80.224501
"3610",2025-09-14,51,"Hattie Avenue","PM2.5","Forsyth",36.11094,-80.224501
"3611",2025-09-15,54,"Hattie Avenue","PM2.5","Forsyth",36.11094,-80.224501
"3612",2025-09-16,41,"Hattie Avenue","PM2.5","Forsyth",36.11094,-80.224501
"3613",2025-09-17,41,"Hattie Avenue","PM2.5","Forsyth",36.11094,-80.224501
"3614",2025-09-18,30,"Hattie Avenue","PM2.5","Forsyth",36.11094,-80.224501
"3615",2025-09-19,52,"Hattie Avenue","PM2.5","Forsyth",36.11094,-80.224501
"3616",2025-09-20,55,"Hattie Avenue","PM2.5","Forsyth",36.11094,-80.224501
"3617",2025-09-21,57,"Hattie Avenue","PM2.5","Forsyth",36.11094,-80.224501
"3618",2025-09-22,56,"Hattie Avenue","PM2.5","Forsyth",36.11094,-80.224501
"3619",2025-09-23,58,"Hattie Avenue","PM2.5","Forsyth",36.11094,-80.224501
"3620",2025-09-24,59,"Hattie Avenue","PM2.5","Forsyth",36.11094,-80.224501
"3621",2025-09-25,43,"Hattie Avenue","PM2.5","Forsyth",36.11094,-80.224501
"3622",2025-09-26,26,"Hattie Avenue","PM2.5","Forsyth",36.11094,-80.224501
"3623",2025-09-27,17,"Hattie Avenue","PM2.5","Forsyth",36.11094,-80.224501
"3624",2025-09-28,28,"Hattie Avenue","PM2.5","Forsyth",36.11094,-80.224501
"3625",2025-09-29,38,"Hattie Avenue","PM2.5","Forsyth",36.11094,-80.224501
"3626",2025-09-30,41,"Hattie Avenue","PM2.5","Forsyth",36.11094,-80.224501
"3627",2025-10-01,49,"Hattie Avenue","PM2.5","Forsyth",36.11094,-80.224501
"3628",2025-10-02,34,"Hattie Avenue","PM2.5","Forsyth",36.11094,-80.224501
"3629",2025-10-03,28,"Hattie Avenue","PM2.5","Forsyth",36.11094,-80.224501
"3630",2025-10-04,38,"Hattie Avenue","PM2.5","Forsyth",36.11094,-80.224501
"3631",2025-10-05,30,"Hattie Avenue","PM2.5","Forsyth",36.11094,-80.224501
"3632",2025-10-06,28,"Hattie Avenue","PM2.5","Forsyth",36.11094,-80.224501
"3633",2025-10-07,26,"Hattie Avenue","PM2.5","Forsyth",36.11094,-80.224501
"3634",2025-10-08,20,"Hattie Avenue","PM2.5","Forsyth",36.11094,-80.224501
"3635",2025-10-09,20,"Hattie Avenue","PM2.5","Forsyth",36.11094,-80.224501
"3636",2025-10-10,27,"Hattie Avenue","PM2.5","Forsyth",36.11094,-80.224501
"3637",2025-10-11,24,"Hattie Avenue","PM2.5","Forsyth",36.11094,-80.224501
"3638",2025-10-12,13,"Hattie Avenue","PM2.5","Forsyth",36.11094,-80.224501
"3639",2025-10-13,11,"Hattie Avenue","PM2.5","Forsyth",36.11094,-80.224501
"3640",2025-10-14,19,"Hattie Avenue","PM2.5","Forsyth",36.11094,-80.224501
"3641",2025-10-15,22,"Hattie Avenue","PM2.5","Forsyth",36.11094,-80.224501
"3642",2025-10-16,31,"Hattie Avenue","PM2.5","Forsyth",36.11094,-80.224501
"3643",2025-10-17,23,"Hattie Avenue","PM2.5","Forsyth",36.11094,-80.224501
"3644",2025-10-18,55,"Hattie Avenue","PM2.5","Forsyth",36.11094,-80.224501
"3645",2025-10-19,29,"Hattie Avenue","PM2.5","Forsyth",36.11094,-80.224501
"3646",2025-10-20,20,"Hattie Avenue","PM2.5","Forsyth",36.11094,-80.224501
"3647",2025-10-21,41,"Hattie Avenue","PM2.5","Forsyth",36.11094,-80.224501
"3648",2025-10-22,20,"Hattie Avenue","PM2.5","Forsyth",36.11094,-80.224501
"3649",2025-10-23,26,"Hattie Avenue","PM2.5","Forsyth",36.11094,-80.224501
"3650",2025-10-24,23,"Hattie Avenue","PM2.5","Forsyth",36.11094,-80.224501
"3651",2025-10-25,36,"Hattie Avenue","PM2.5","Forsyth",36.11094,-80.224501
"3652",2025-10-26,35,"Hattie Avenue","PM2.5","Forsyth",36.11094,-80.224501
"3653",2025-10-27,30,"Hattie Avenue","PM2.5","Forsyth",36.11094,-80.224501
"3654",2025-10-28,19,"Hattie Avenue","PM2.5","Forsyth",36.11094,-80.224501
"3655",2025-10-29,18,"Hattie Avenue","PM2.5","Forsyth",36.11094,-80.224501
"3656",2025-10-30,10,"Hattie Avenue","PM2.5","Forsyth",36.11094,-80.224501
"3657",2025-10-31,22,"Hattie Avenue","PM2.5","Forsyth",36.11094,-80.224501
"3658",2025-11-01,46,"Hattie Avenue","PM2.5","Forsyth",36.11094,-80.224501
"3659",2025-11-02,56,"Hattie Avenue","PM2.5","Forsyth",36.11094,-80.224501
"3660",2025-11-03,39,"Hattie Avenue","PM2.5","Forsyth",36.11094,-80.224501
"3661",2025-11-04,27,"Hattie Avenue","PM2.5","Forsyth",36.11094,-80.224501
"3662",2025-11-05,54,"Hattie Avenue","PM2.5","Forsyth",36.11094,-80.224501
"3663",2025-11-06,39,"Hattie Avenue","PM2.5","Forsyth",36.11094,-80.224501
"3664",2025-11-07,58,"Hattie Avenue","PM2.5","Forsyth",36.11094,-80.224501
"3665",2025-11-08,63,"Hattie Avenue","PM2.5","Forsyth",36.11094,-80.224501
"3666",2025-11-09,58,"Hattie Avenue","PM2.5","Forsyth",36.11094,-80.224501
"3667",2025-11-10,11,"Hattie Avenue","PM2.5","Forsyth",36.11094,-80.224501
"3668",2025-11-11,15,"Hattie Avenue","PM2.5","Forsyth",36.11094,-80.224501
"3669",2025-11-12,28,"Hattie Avenue","PM2.5","Forsyth",36.11094,-80.224501
"3670",2025-11-13,24,"Hattie Avenue","PM2.5","Forsyth",36.11094,-80.224501
"3671",2025-11-14,25,"Hattie Avenue","PM2.5","Forsyth",36.11094,-80.224501
"3672",2025-11-15,55,"Hattie Avenue","PM2.5","Forsyth",36.11094,-80.224501
"3673",2025-11-16,37,"Hattie Avenue","PM2.5","Forsyth",36.11094,-80.224501
"3674",2025-11-17,16,"Hattie Avenue","PM2.5","Forsyth",36.11094,-80.224501
"3675",2025-11-18,29,"Hattie Avenue","PM2.5","Forsyth",36.11094,-80.224501
"3676",2025-11-19,52,"Hattie Avenue","PM2.5","Forsyth",36.11094,-80.224501
"3677",2025-11-20,53,"Hattie Avenue","PM2.5","Forsyth",36.11094,-80.224501
"3678",2025-11-21,90,"Hattie Avenue","PM2.5","Forsyth",36.11094,-80.224501
"3679",2025-11-22,63,"Hattie Avenue","PM2.5","Forsyth",36.11094,-80.224501
"3680",2025-11-23,29,"Hattie Avenue","PM2.5","Forsyth",36.11094,-80.224501
"3681",2025-11-24,33,"Hattie Avenue","PM2.5","Forsyth",36.11094,-80.224501
"3682",2025-11-25,56,"Hattie Avenue","PM2.5","Forsyth",36.11094,-80.224501
"3683",2025-11-26,54,"Hattie Avenue","PM2.5","Forsyth",36.11094,-80.224501
"3684",2025-11-27,18,"Hattie Avenue","PM2.5","Forsyth",36.11094,-80.224501
"3685",2025-11-28,22,"Hattie Avenue","PM2.5","Forsyth",36.11094,-80.224501
"3686",2025-11-29,39,"Hattie Avenue","PM2.5","Forsyth",36.11094,-80.224501
"3687",2025-11-30,55,"Hattie Avenue","PM2.5","Forsyth",36.11094,-80.224501
"3688",2025-12-01,42,"Hattie Avenue","PM2.5","Forsyth",36.11094,-80.224501
"3689",2025-12-02,37,"Hattie Avenue","PM2.5","Forsyth",36.11094,-80.224501
"3690",2025-12-03,39,"Hattie Avenue","PM2.5","Forsyth",36.11094,-80.224501
"3691",2025-12-04,54,"Hattie Avenue","PM2.5","Forsyth",36.11094,-80.224501
"3692",2025-12-05,37,"Hattie Avenue","PM2.5","Forsyth",36.11094,-80.224501
"3693",2025-12-06,57,"Hattie Avenue","PM2.5","Forsyth",36.11094,-80.224501
"3694",2025-12-07,56,"Hattie Avenue","PM2.5","Forsyth",36.11094,-80.224501
"3695",2025-12-08,55,"Hattie Avenue","PM2.5","Forsyth",36.11094,-80.224501
"3696",2025-12-09,44,"Hattie Avenue","PM2.5","Forsyth",36.11094,-80.224501
"3697",2025-12-10,53,"Hattie Avenue","PM2.5","Forsyth",36.11094,-80.224501
"3698",2025-12-11,18,"Hattie Avenue","PM2.5","Forsyth",36.11094,-80.224501
"3699",2025-12-12,43,"Hattie Avenue","PM2.5","Forsyth",36.11094,-80.224501
"3700",2025-12-13,64,"Hattie Avenue","PM2.5","Forsyth",36.11094,-80.224501
"3701",2025-12-14,39,"Hattie Avenue","PM2.5","Forsyth",36.11094,-80.224501
"3702",2025-12-15,25,"Hattie Avenue","PM2.5","Forsyth",36.11094,-80.224501
"3703",2025-12-16,52,"Hattie Avenue","PM2.5","Forsyth",36.11094,-80.224501
"3704",2025-12-17,78,"Hattie Avenue","PM2.5","Forsyth",36.11094,-80.224501
"3705",2025-12-18,74,"Hattie Avenue","PM2.5","Forsyth",36.11094,-80.224501
"3706",2025-12-19,14,"Hattie Avenue","PM2.5","Forsyth",36.11094,-80.224501
"3707",2025-12-20,23,"Hattie Avenue","PM2.5","Forsyth",36.11094,-80.224501
"3708",2025-12-21,32,"Hattie Avenue","PM2.5","Forsyth",36.11094,-80.224501
"3709",2025-12-22,20,"Hattie Avenue","PM2.5","Forsyth",36.11094,-80.224501
"3710",2025-12-23,37,"Hattie Avenue","PM2.5","Forsyth",36.11094,-80.224501
"3711",2025-12-24,53,"Hattie Avenue","PM2.5","Forsyth",36.11094,-80.224501
"3712",2025-12-25,54,"Hattie Avenue","PM2.5","Forsyth",36.11094,-80.224501
"3713",2025-12-26,43,"Hattie Avenue","PM2.5","Forsyth",36.11094,-80.224501
"3714",2025-12-27,54,"Hattie Avenue","PM2.5","Forsyth",36.11094,-80.224501
"3715",2025-12-28,39,"Hattie Avenue","PM2.5","Forsyth",36.11094,-80.224501
"3716",2025-12-29,26,"Hattie Avenue","PM2.5","Forsyth",36.11094,-80.224501
"3717",2025-12-30,21,"Hattie Avenue","PM2.5","Forsyth",36.11094,-80.224501
"3718",2025-12-31,18,"Hattie Avenue","PM2.5","Forsyth",36.11094,-80.224501
"3719",2025-01-01,7,"Clemmons Middle","PM2.5","Forsyth",36.026612,-80.341962
"3720",2025-01-07,14,"Clemmons Middle","PM2.5","Forsyth",36.026612,-80.341962
"3721",2025-01-13,69,"Clemmons Middle","PM2.5","Forsyth",36.026612,-80.341962
"3722",2025-01-19,53,"Clemmons Middle","PM2.5","Forsyth",36.026612,-80.341962
"3723",2025-01-25,52,"Clemmons Middle","PM2.5","Forsyth",36.026612,-80.341962
"3724",2025-01-31,52,"Clemmons Middle","PM2.5","Forsyth",36.026612,-80.341962
"3725",2025-02-06,56,"Clemmons Middle","PM2.5","Forsyth",36.026612,-80.341962
"3726",2025-02-12,8,"Clemmons Middle","PM2.5","Forsyth",36.026612,-80.341962
"3727",2025-02-18,29,"Clemmons Middle","PM2.5","Forsyth",36.026612,-80.341962
"3728",2025-02-24,52,"Clemmons Middle","PM2.5","Forsyth",36.026612,-80.341962
"3729",2025-03-02,16,"Clemmons Middle","PM2.5","Forsyth",36.026612,-80.341962
"3730",2025-03-08,31,"Clemmons Middle","PM2.5","Forsyth",36.026612,-80.341962
"3731",2025-03-14,61,"Clemmons Middle","PM2.5","Forsyth",36.026612,-80.341962
"3732",2025-03-20,54,"Clemmons Middle","PM2.5","Forsyth",36.026612,-80.341962
"3733",2025-03-26,24,"Clemmons Middle","PM2.5","Forsyth",36.026612,-80.341962
"3734",2025-04-01,11,"Clemmons Middle","PM2.5","Forsyth",36.026612,-80.341962
"3735",2025-04-07,28,"Clemmons Middle","PM2.5","Forsyth",36.026612,-80.341962
"3736",2025-04-19,54,"Clemmons Middle","PM2.5","Forsyth",36.026612,-80.341962
"3737",2025-04-25,66,"Clemmons Middle","PM2.5","Forsyth",36.026612,-80.341962
"3738",2025-05-01,52,"Clemmons Middle","PM2.5","Forsyth",36.026612,-80.341962
"3739",2025-05-07,36,"Clemmons Middle","PM2.5","Forsyth",36.026612,-80.341962
"3740",2025-05-13,39,"Clemmons Middle","PM2.5","Forsyth",36.026612,-80.341962
"3741",2025-05-19,48,"Clemmons Middle","PM2.5","Forsyth",36.026612,-80.341962
"3742",2025-05-31,50,"Clemmons Middle","PM2.5","Forsyth",36.026612,-80.341962
"3743",2025-06-18,26,"Clemmons Middle","PM2.5","Forsyth",36.026612,-80.341962
"3744",2025-06-24,61,"Clemmons Middle","PM2.5","Forsyth",36.026612,-80.341962
"3745",2025-06-30,53,"Clemmons Middle","PM2.5","Forsyth",36.026612,-80.341962
"3746",2025-07-06,40,"Clemmons Middle","PM2.5","Forsyth",36.026612,-80.341962
"3747",2025-07-12,41,"Clemmons Middle","PM2.5","Forsyth",36.026612,-80.341962
"3748",2025-07-18,42,"Clemmons Middle","PM2.5","Forsyth",36.026612,-80.341962
"3749",2025-07-24,55,"Clemmons Middle","PM2.5","Forsyth",36.026612,-80.341962
"3750",2025-07-30,52,"Clemmons Middle","PM2.5","Forsyth",36.026612,-80.341962
"3751",2025-08-05,42,"Clemmons Middle","PM2.5","Forsyth",36.026612,-80.341962
"3752",2025-08-11,27,"Clemmons Middle","PM2.5","Forsyth",36.026612,-80.341962
"3753",2025-08-17,53,"Clemmons Middle","PM2.5","Forsyth",36.026612,-80.341962
"3754",2025-08-29,39,"Clemmons Middle","PM2.5","Forsyth",36.026612,-80.341962
"3755",2025-09-01,29,"Clemmons Middle","PM2.5","Forsyth",36.026612,-80.341962
"3756",2025-09-04,44,"Clemmons Middle","PM2.5","Forsyth",36.026612,-80.341962
"3757",2025-09-10,39,"Clemmons Middle","PM2.5","Forsyth",36.026612,-80.341962
"3758",2025-09-16,37,"Clemmons Middle","PM2.5","Forsyth",36.026612,-80.341962
"3759",2025-09-22,53,"Clemmons Middle","PM2.5","Forsyth",36.026612,-80.341962
"3760",2025-10-04,39,"Clemmons Middle","PM2.5","Forsyth",36.026612,-80.341962
"3761",2025-10-10,21,"Clemmons Middle","PM2.5","Forsyth",36.026612,-80.341962
"3762",2025-10-16,22,"Clemmons Middle","PM2.5","Forsyth",36.026612,-80.341962
"3763",2025-10-22,19,"Clemmons Middle","PM2.5","Forsyth",36.026612,-80.341962
"3764",2025-11-09,53,"Clemmons Middle","PM2.5","Forsyth",36.026612,-80.341962
"3765",2025-11-15,55,"Clemmons Middle","PM2.5","Forsyth",36.026612,-80.341962
"3766",2025-11-21,75,"Clemmons Middle","PM2.5","Forsyth",36.026612,-80.341962
"3767",2025-11-27,13,"Clemmons Middle","PM2.5","Forsyth",36.026612,-80.341962
"3768",2025-12-03,33,"Clemmons Middle","PM2.5","Forsyth",36.026612,-80.341962
"3769",2025-12-09,33,"Clemmons Middle","PM2.5","Forsyth",36.026612,-80.341962
"3770",2025-12-15,24,"Clemmons Middle","PM2.5","Forsyth",36.026612,-80.341962
"3771",2025-12-21,39,"Clemmons Middle","PM2.5","Forsyth",36.026612,-80.341962
"3772",2025-12-27,47,"Clemmons Middle","PM2.5","Forsyth",36.026612,-80.341962
"3773",2025-01-01,6,"Clemmons Middle","PM2.5","Forsyth",36.026612,-80.341962
"3774",2025-01-02,26,"Clemmons Middle","PM2.5","Forsyth",36.026612,-80.341962
"3775",2025-01-03,25,"Clemmons Middle","PM2.5","Forsyth",36.026612,-80.341962
"3776",2025-01-04,18,"Clemmons Middle","PM2.5","Forsyth",36.026612,-80.341962
"3777",2025-01-05,49,"Clemmons Middle","PM2.5","Forsyth",36.026612,-80.341962
"3778",2025-01-06,42,"Clemmons Middle","PM2.5","Forsyth",36.026612,-80.341962
"3779",2025-01-07,17,"Clemmons Middle","PM2.5","Forsyth",36.026612,-80.341962
"3780",2025-01-08,33,"Clemmons Middle","PM2.5","Forsyth",36.026612,-80.341962
"3781",2025-01-09,33,"Clemmons Middle","PM2.5","Forsyth",36.026612,-80.341962
"3782",2025-01-10,52,"Clemmons Middle","PM2.5","Forsyth",36.026612,-80.341962
"3783",2025-01-11,54,"Clemmons Middle","PM2.5","Forsyth",36.026612,-80.341962
"3784",2025-01-12,45,"Clemmons Middle","PM2.5","Forsyth",36.026612,-80.341962
"3785",2025-01-13,56,"Clemmons Middle","PM2.5","Forsyth",36.026612,-80.341962
"3786",2025-01-14,23,"Clemmons Middle","PM2.5","Forsyth",36.026612,-80.341962
"3787",2025-01-15,38,"Clemmons Middle","PM2.5","Forsyth",36.026612,-80.341962
"3788",2025-01-16,53,"Clemmons Middle","PM2.5","Forsyth",36.026612,-80.341962
"3789",2025-01-17,38,"Clemmons Middle","PM2.5","Forsyth",36.026612,-80.341962
"3790",2025-01-18,52,"Clemmons Middle","PM2.5","Forsyth",36.026612,-80.341962
"3791",2025-01-19,57,"Clemmons Middle","PM2.5","Forsyth",36.026612,-80.341962
"3792",2025-01-20,36,"Clemmons Middle","PM2.5","Forsyth",36.026612,-80.341962
"3793",2025-01-21,35,"Clemmons Middle","PM2.5","Forsyth",36.026612,-80.341962
"3794",2025-01-22,52,"Clemmons Middle","PM2.5","Forsyth",36.026612,-80.341962
"3795",2025-01-23,74,"Clemmons Middle","PM2.5","Forsyth",36.026612,-80.341962
"3796",2025-01-24,70,"Clemmons Middle","PM2.5","Forsyth",36.026612,-80.341962
"3797",2025-01-25,58,"Clemmons Middle","PM2.5","Forsyth",36.026612,-80.341962
"3798",2025-01-26,61,"Clemmons Middle","PM2.5","Forsyth",36.026612,-80.341962
"3799",2025-01-27,54,"Clemmons Middle","PM2.5","Forsyth",36.026612,-80.341962
"3800",2025-01-28,35,"Clemmons Middle","PM2.5","Forsyth",36.026612,-80.341962
"3801",2025-01-29,29,"Clemmons Middle","PM2.5","Forsyth",36.026612,-80.341962
"3802",2025-01-30,41,"Clemmons Middle","PM2.5","Forsyth",36.026612,-80.341962
"3803",2025-01-31,54,"Clemmons Middle","PM2.5","Forsyth",36.026612,-80.341962
"3804",2025-02-01,27,"Clemmons Middle","PM2.5","Forsyth",36.026612,-80.341962
"3805",2025-02-02,30,"Clemmons Middle","PM2.5","Forsyth",36.026612,-80.341962
"3806",2025-02-03,57,"Clemmons Middle","PM2.5","Forsyth",36.026612,-80.341962
"3807",2025-02-04,38,"Clemmons Middle","PM2.5","Forsyth",36.026612,-80.341962
"3808",2025-02-05,33,"Clemmons Middle","PM2.5","Forsyth",36.026612,-80.341962
"3809",2025-02-06,58,"Clemmons Middle","PM2.5","Forsyth",36.026612,-80.341962
"3810",2025-02-07,38,"Clemmons Middle","PM2.5","Forsyth",36.026612,-80.341962
"3811",2025-02-08,30,"Clemmons Middle","PM2.5","Forsyth",36.026612,-80.341962
"3812",2025-02-09,38,"Clemmons Middle","PM2.5","Forsyth",36.026612,-80.341962
"3813",2025-02-10,34,"Clemmons Middle","PM2.5","Forsyth",36.026612,-80.341962
"3814",2025-02-11,51,"Clemmons Middle","PM2.5","Forsyth",36.026612,-80.341962
"3815",2025-02-12,12,"Clemmons Middle","PM2.5","Forsyth",36.026612,-80.341962
"3816",2025-02-13,21,"Clemmons Middle","PM2.5","Forsyth",36.026612,-80.341962
"3817",2025-02-14,33,"Clemmons Middle","PM2.5","Forsyth",36.026612,-80.341962
"3818",2025-02-15,41,"Clemmons Middle","PM2.5","Forsyth",36.026612,-80.341962
"3819",2025-02-16,14,"Clemmons Middle","PM2.5","Forsyth",36.026612,-80.341962
"3820",2025-02-17,20,"Clemmons Middle","PM2.5","Forsyth",36.026612,-80.341962
"3821",2025-02-18,29,"Clemmons Middle","PM2.5","Forsyth",36.026612,-80.341962
"3822",2025-02-19,31,"Clemmons Middle","PM2.5","Forsyth",36.026612,-80.341962
"3823",2025-02-20,33,"Clemmons Middle","PM2.5","Forsyth",36.026612,-80.341962
"3824",2025-02-21,22,"Clemmons Middle","PM2.5","Forsyth",36.026612,-80.341962
"3825",2025-02-22,31,"Clemmons Middle","PM2.5","Forsyth",36.026612,-80.341962
"3826",2025-02-23,44,"Clemmons Middle","PM2.5","Forsyth",36.026612,-80.341962
"3827",2025-02-24,53,"Clemmons Middle","PM2.5","Forsyth",36.026612,-80.341962
"3828",2025-02-25,52,"Clemmons Middle","PM2.5","Forsyth",36.026612,-80.341962
"3829",2025-02-26,39,"Clemmons Middle","PM2.5","Forsyth",36.026612,-80.341962
"3830",2025-02-27,55,"Clemmons Middle","PM2.5","Forsyth",36.026612,-80.341962
"3831",2025-02-28,13,"Clemmons Middle","PM2.5","Forsyth",36.026612,-80.341962
"3832",2025-03-01,28,"Clemmons Middle","PM2.5","Forsyth",36.026612,-80.341962
"3833",2025-03-02,20,"Clemmons Middle","PM2.5","Forsyth",36.026612,-80.341962
"3834",2025-03-03,48,"Clemmons Middle","PM2.5","Forsyth",36.026612,-80.341962
"3835",2025-03-04,35,"Clemmons Middle","PM2.5","Forsyth",36.026612,-80.341962
"3836",2025-03-05,34,"Clemmons Middle","PM2.5","Forsyth",36.026612,-80.341962
"3837",2025-03-06,9,"Clemmons Middle","PM2.5","Forsyth",36.026612,-80.341962
"3838",2025-03-07,23,"Clemmons Middle","PM2.5","Forsyth",36.026612,-80.341962
"3839",2025-03-08,33,"Clemmons Middle","PM2.5","Forsyth",36.026612,-80.341962
"3840",2025-03-09,22,"Clemmons Middle","PM2.5","Forsyth",36.026612,-80.341962
"3841",2025-03-10,30,"Clemmons Middle","PM2.5","Forsyth",36.026612,-80.341962
"3842",2025-03-11,31,"Clemmons Middle","PM2.5","Forsyth",36.026612,-80.341962
"3843",2025-03-12,52,"Clemmons Middle","PM2.5","Forsyth",36.026612,-80.341962
"3844",2025-03-13,62,"Clemmons Middle","PM2.5","Forsyth",36.026612,-80.341962
"3845",2025-03-14,71,"Clemmons Middle","PM2.5","Forsyth",36.026612,-80.341962
"3846",2025-03-15,63,"Clemmons Middle","PM2.5","Forsyth",36.026612,-80.341962
"3847",2025-03-16,43,"Clemmons Middle","PM2.5","Forsyth",36.026612,-80.341962
"3848",2025-03-17,20,"Clemmons Middle","PM2.5","Forsyth",36.026612,-80.341962
"3849",2025-03-18,22,"Clemmons Middle","PM2.5","Forsyth",36.026612,-80.341962
"3850",2025-03-19,52,"Clemmons Middle","PM2.5","Forsyth",36.026612,-80.341962
"3851",2025-03-20,58,"Clemmons Middle","PM2.5","Forsyth",36.026612,-80.341962
"3852",2025-03-21,20,"Clemmons Middle","PM2.5","Forsyth",36.026612,-80.341962
"3853",2025-03-22,49,"Clemmons Middle","PM2.5","Forsyth",36.026612,-80.341962
"3854",2025-03-23,24,"Clemmons Middle","PM2.5","Forsyth",36.026612,-80.341962
"3855",2025-03-24,53,"Clemmons Middle","PM2.5","Forsyth",36.026612,-80.341962
"3856",2025-03-25,15,"Clemmons Middle","PM2.5","Forsyth",36.026612,-80.341962
"3857",2025-03-26,19,"Clemmons Middle","PM2.5","Forsyth",36.026612,-80.341962
"3858",2025-03-27,23,"Clemmons Middle","PM2.5","Forsyth",36.026612,-80.341962
"3859",2025-03-28,52,"Clemmons Middle","PM2.5","Forsyth",36.026612,-80.341962
"3860",2025-03-29,41,"Clemmons Middle","PM2.5","Forsyth",36.026612,-80.341962
"3861",2025-03-30,36,"Clemmons Middle","PM2.5","Forsyth",36.026612,-80.341962
"3862",2025-03-31,33,"Clemmons Middle","PM2.5","Forsyth",36.026612,-80.341962
"3863",2025-04-01,9,"Clemmons Middle","PM2.5","Forsyth",36.026612,-80.341962
"3864",2025-04-02,39,"Clemmons Middle","PM2.5","Forsyth",36.026612,-80.341962
"3865",2025-04-03,47,"Clemmons Middle","PM2.5","Forsyth",36.026612,-80.341962
"3866",2025-04-04,52,"Clemmons Middle","PM2.5","Forsyth",36.026612,-80.341962
"3867",2025-04-05,52,"Clemmons Middle","PM2.5","Forsyth",36.026612,-80.341962
"3868",2025-04-06,32,"Clemmons Middle","PM2.5","Forsyth",36.026612,-80.341962
"3869",2025-04-07,27,"Clemmons Middle","PM2.5","Forsyth",36.026612,-80.341962
"3870",2025-04-08,23,"Clemmons Middle","PM2.5","Forsyth",36.026612,-80.341962
"3871",2025-04-09,24,"Clemmons Middle","PM2.5","Forsyth",36.026612,-80.341962
"3872",2025-04-10,52,"Clemmons Middle","PM2.5","Forsyth",36.026612,-80.341962
"3873",2025-04-11,35,"Clemmons Middle","PM2.5","Forsyth",36.026612,-80.341962
"3874",2025-04-12,38,"Clemmons Middle","PM2.5","Forsyth",36.026612,-80.341962
"3875",2025-04-13,26,"Clemmons Middle","PM2.5","Forsyth",36.026612,-80.341962
"3876",2025-04-14,53,"Clemmons Middle","PM2.5","Forsyth",36.026612,-80.341962
"3877",2025-04-15,36,"Clemmons Middle","PM2.5","Forsyth",36.026612,-80.341962
"3878",2025-04-16,26,"Clemmons Middle","PM2.5","Forsyth",36.026612,-80.341962
"3879",2025-04-17,34,"Clemmons Middle","PM2.5","Forsyth",36.026612,-80.341962
"3880",2025-04-18,55,"Clemmons Middle","PM2.5","Forsyth",36.026612,-80.341962
"3881",2025-04-19,56,"Clemmons Middle","PM2.5","Forsyth",36.026612,-80.341962
"3882",2025-04-20,60,"Clemmons Middle","PM2.5","Forsyth",36.026612,-80.341962
"3883",2025-04-21,53,"Clemmons Middle","PM2.5","Forsyth",36.026612,-80.341962
"3884",2025-04-22,53,"Clemmons Middle","PM2.5","Forsyth",36.026612,-80.341962
"3885",2025-04-23,39,"Clemmons Middle","PM2.5","Forsyth",36.026612,-80.341962
"3886",2025-04-24,55,"Clemmons Middle","PM2.5","Forsyth",36.026612,-80.341962
"3887",2025-04-25,56,"Clemmons Middle","PM2.5","Forsyth",36.026612,-80.341962
"3888",2025-04-26,38,"Clemmons Middle","PM2.5","Forsyth",36.026612,-80.341962
"3889",2025-04-27,28,"Clemmons Middle","PM2.5","Forsyth",36.026612,-80.341962
"3890",2025-04-28,36,"Clemmons Middle","PM2.5","Forsyth",36.026612,-80.341962
"3891",2025-04-29,49,"Clemmons Middle","PM2.5","Forsyth",36.026612,-80.341962
"3892",2025-04-30,52,"Clemmons Middle","PM2.5","Forsyth",36.026612,-80.341962
"3893",2025-05-01,53,"Clemmons Middle","PM2.5","Forsyth",36.026612,-80.341962
"3894",2025-05-02,48,"Clemmons Middle","PM2.5","Forsyth",36.026612,-80.341962
"3895",2025-05-03,43,"Clemmons Middle","PM2.5","Forsyth",36.026612,-80.341962
"3896",2025-05-04,21,"Clemmons Middle","PM2.5","Forsyth",36.026612,-80.341962
"3897",2025-05-05,33,"Clemmons Middle","PM2.5","Forsyth",36.026612,-80.341962
"3898",2025-05-06,26,"Clemmons Middle","PM2.5","Forsyth",36.026612,-80.341962
"3899",2025-05-07,33,"Clemmons Middle","PM2.5","Forsyth",36.026612,-80.341962
"3900",2025-05-08,36,"Clemmons Middle","PM2.5","Forsyth",36.026612,-80.341962
"3901",2025-05-09,30,"Clemmons Middle","PM2.5","Forsyth",36.026612,-80.341962
"3902",2025-05-10,33,"Clemmons Middle","PM2.5","Forsyth",36.026612,-80.341962
"3903",2025-05-11,41,"Clemmons Middle","PM2.5","Forsyth",36.026612,-80.341962
"3904",2025-05-12,24,"Clemmons Middle","PM2.5","Forsyth",36.026612,-80.341962
"3905",2025-05-13,21,"Clemmons Middle","PM2.5","Forsyth",36.026612,-80.341962
"3906",2025-05-14,29,"Clemmons Middle","PM2.5","Forsyth",36.026612,-80.341962
"3907",2025-05-15,52,"Clemmons Middle","PM2.5","Forsyth",36.026612,-80.341962
"3908",2025-05-16,59,"Clemmons Middle","PM2.5","Forsyth",36.026612,-80.341962
"3909",2025-05-17,31,"Clemmons Middle","PM2.5","Forsyth",36.026612,-80.341962
"3910",2025-05-18,22,"Clemmons Middle","PM2.5","Forsyth",36.026612,-80.341962
"3911",2025-05-19,31,"Clemmons Middle","PM2.5","Forsyth",36.026612,-80.341962
"3912",2025-05-20,37,"Clemmons Middle","PM2.5","Forsyth",36.026612,-80.341962
"3913",2025-05-21,38,"Clemmons Middle","PM2.5","Forsyth",36.026612,-80.341962
"3914",2025-05-22,14,"Clemmons Middle","PM2.5","Forsyth",36.026612,-80.341962
"3915",2025-05-23,14,"Clemmons Middle","PM2.5","Forsyth",36.026612,-80.341962
"3916",2025-05-24,24,"Clemmons Middle","PM2.5","Forsyth",36.026612,-80.341962
"3917",2025-05-25,36,"Clemmons Middle","PM2.5","Forsyth",36.026612,-80.341962
"3918",2025-05-26,33,"Clemmons Middle","PM2.5","Forsyth",36.026612,-80.341962
"3919",2025-05-27,15,"Clemmons Middle","PM2.5","Forsyth",36.026612,-80.341962
"3920",2025-05-28,14,"Clemmons Middle","PM2.5","Forsyth",36.026612,-80.341962
"3921",2025-05-29,38,"Clemmons Middle","PM2.5","Forsyth",36.026612,-80.341962
"3922",2025-05-30,22,"Clemmons Middle","PM2.5","Forsyth",36.026612,-80.341962
"3923",2025-05-31,55,"Clemmons Middle","PM2.5","Forsyth",36.026612,-80.341962
"3924",2025-06-01,62,"Clemmons Middle","PM2.5","Forsyth",36.026612,-80.341962
"3925",2025-06-02,43,"Clemmons Middle","PM2.5","Forsyth",36.026612,-80.341962
"3926",2025-06-03,54,"Clemmons Middle","PM2.5","Forsyth",36.026612,-80.341962
"3927",2025-06-04,67,"Clemmons Middle","PM2.5","Forsyth",36.026612,-80.341962
"3928",2025-06-05,52,"Clemmons Middle","PM2.5","Forsyth",36.026612,-80.341962
"3929",2025-06-06,52,"Clemmons Middle","PM2.5","Forsyth",36.026612,-80.341962
"3930",2025-06-07,31,"Clemmons Middle","PM2.5","Forsyth",36.026612,-80.341962
"3931",2025-06-08,29,"Clemmons Middle","PM2.5","Forsyth",36.026612,-80.341962
"3932",2025-06-09,31,"Clemmons Middle","PM2.5","Forsyth",36.026612,-80.341962
"3933",2025-06-10,32,"Clemmons Middle","PM2.5","Forsyth",36.026612,-80.341962
"3934",2025-06-11,56,"Clemmons Middle","PM2.5","Forsyth",36.026612,-80.341962
"3935",2025-06-12,62,"Clemmons Middle","PM2.5","Forsyth",36.026612,-80.341962
"3936",2025-06-13,25,"Clemmons Middle","PM2.5","Forsyth",36.026612,-80.341962
"3937",2025-06-14,22,"Clemmons Middle","PM2.5","Forsyth",36.026612,-80.341962
"3938",2025-06-15,28,"Clemmons Middle","PM2.5","Forsyth",36.026612,-80.341962
"3939",2025-06-16,31,"Clemmons Middle","PM2.5","Forsyth",36.026612,-80.341962
"3940",2025-06-17,29,"Clemmons Middle","PM2.5","Forsyth",36.026612,-80.341962
"3941",2025-06-18,20,"Clemmons Middle","PM2.5","Forsyth",36.026612,-80.341962
"3942",2025-06-19,31,"Clemmons Middle","PM2.5","Forsyth",36.026612,-80.341962
"3943",2025-06-20,32,"Clemmons Middle","PM2.5","Forsyth",36.026612,-80.341962
"3944",2025-06-21,43,"Clemmons Middle","PM2.5","Forsyth",36.026612,-80.341962
"3945",2025-06-22,53,"Clemmons Middle","PM2.5","Forsyth",36.026612,-80.341962
"3946",2025-06-23,58,"Clemmons Middle","PM2.5","Forsyth",36.026612,-80.341962
"3947",2025-06-24,62,"Clemmons Middle","PM2.5","Forsyth",36.026612,-80.341962
"3948",2025-06-25,62,"Clemmons Middle","PM2.5","Forsyth",36.026612,-80.341962
"3949",2025-06-26,53,"Clemmons Middle","PM2.5","Forsyth",36.026612,-80.341962
"3950",2025-06-27,53,"Clemmons Middle","PM2.5","Forsyth",36.026612,-80.341962
"3951",2025-06-28,51,"Clemmons Middle","PM2.5","Forsyth",36.026612,-80.341962
"3952",2025-06-29,39,"Clemmons Middle","PM2.5","Forsyth",36.026612,-80.341962
"3953",2025-06-30,48,"Clemmons Middle","PM2.5","Forsyth",36.026612,-80.341962
"3954",2025-07-01,43,"Clemmons Middle","PM2.5","Forsyth",36.026612,-80.341962
"3955",2025-07-02,26,"Clemmons Middle","PM2.5","Forsyth",36.026612,-80.341962
"3956",2025-07-03,47,"Clemmons Middle","PM2.5","Forsyth",36.026612,-80.341962
"3957",2025-07-04,66,"Clemmons Middle","PM2.5","Forsyth",36.026612,-80.341962
"3958",2025-07-05,70,"Clemmons Middle","PM2.5","Forsyth",36.026612,-80.341962
"3959",2025-07-06,45,"Clemmons Middle","PM2.5","Forsyth",36.026612,-80.341962
"3960",2025-07-07,51,"Clemmons Middle","PM2.5","Forsyth",36.026612,-80.341962
"3961",2025-07-08,60,"Clemmons Middle","PM2.5","Forsyth",36.026612,-80.341962
"3962",2025-07-09,53,"Clemmons Middle","PM2.5","Forsyth",36.026612,-80.341962
"3963",2025-07-10,31,"Clemmons Middle","PM2.5","Forsyth",36.026612,-80.341962
"3964",2025-07-11,43,"Clemmons Middle","PM2.5","Forsyth",36.026612,-80.341962
"3965",2025-07-12,38,"Clemmons Middle","PM2.5","Forsyth",36.026612,-80.341962
"3966",2025-07-13,42,"Clemmons Middle","PM2.5","Forsyth",36.026612,-80.341962
"3967",2025-07-14,39,"Clemmons Middle","PM2.5","Forsyth",36.026612,-80.341962
"3968",2025-07-15,39,"Clemmons Middle","PM2.5","Forsyth",36.026612,-80.341962
"3969",2025-07-16,31,"Clemmons Middle","PM2.5","Forsyth",36.026612,-80.341962
"3970",2025-07-17,39,"Clemmons Middle","PM2.5","Forsyth",36.026612,-80.341962
"3971",2025-07-18,32,"Clemmons Middle","PM2.5","Forsyth",36.026612,-80.341962
"3972",2025-07-19,23,"Clemmons Middle","PM2.5","Forsyth",36.026612,-80.341962
"3973",2025-07-20,37,"Clemmons Middle","PM2.5","Forsyth",36.026612,-80.341962
"3974",2025-07-21,41,"Clemmons Middle","PM2.5","Forsyth",36.026612,-80.341962
"3975",2025-07-22,49,"Clemmons Middle","PM2.5","Forsyth",36.026612,-80.341962
"3976",2025-07-23,59,"Clemmons Middle","PM2.5","Forsyth",36.026612,-80.341962
"3977",2025-07-24,56,"Clemmons Middle","PM2.5","Forsyth",36.026612,-80.341962
"3978",2025-07-25,53,"Clemmons Middle","PM2.5","Forsyth",36.026612,-80.341962
"3979",2025-07-26,54,"Clemmons Middle","PM2.5","Forsyth",36.026612,-80.341962
"3980",2025-07-27,32,"Clemmons Middle","PM2.5","Forsyth",36.026612,-80.341962
"3981",2025-07-28,28,"Clemmons Middle","PM2.5","Forsyth",36.026612,-80.341962
"3982",2025-07-29,34,"Clemmons Middle","PM2.5","Forsyth",36.026612,-80.341962
"3983",2025-07-30,44,"Clemmons Middle","PM2.5","Forsyth",36.026612,-80.341962
"3984",2025-07-31,27,"Clemmons Middle","PM2.5","Forsyth",36.026612,-80.341962
"3985",2025-08-01,28,"Clemmons Middle","PM2.5","Forsyth",36.026612,-80.341962
"3986",2025-08-02,28,"Clemmons Middle","PM2.5","Forsyth",36.026612,-80.341962
"3987",2025-08-03,46,"Clemmons Middle","PM2.5","Forsyth",36.026612,-80.341962
"3988",2025-08-04,48,"Clemmons Middle","PM2.5","Forsyth",36.026612,-80.341962
"3989",2025-08-05,38,"Clemmons Middle","PM2.5","Forsyth",36.026612,-80.341962
"3990",2025-08-06,36,"Clemmons Middle","PM2.5","Forsyth",36.026612,-80.341962
"3991",2025-08-07,64,"Clemmons Middle","PM2.5","Forsyth",36.026612,-80.341962
"3992",2025-08-08,85,"Clemmons Middle","PM2.5","Forsyth",36.026612,-80.341962
"3993",2025-08-09,61,"Clemmons Middle","PM2.5","Forsyth",36.026612,-80.341962
"3994",2025-08-10,51,"Clemmons Middle","PM2.5","Forsyth",36.026612,-80.341962
"3995",2025-08-11,25,"Clemmons Middle","PM2.5","Forsyth",36.026612,-80.341962
"3996",2025-08-12,18,"Clemmons Middle","PM2.5","Forsyth",36.026612,-80.341962
"3997",2025-08-13,26,"Clemmons Middle","PM2.5","Forsyth",36.026612,-80.341962
"3998",2025-08-14,20,"Clemmons Middle","PM2.5","Forsyth",36.026612,-80.341962
"3999",2025-08-15,37,"Clemmons Middle","PM2.5","Forsyth",36.026612,-80.341962
"4000",2025-08-16,51,"Clemmons Middle","PM2.5","Forsyth",36.026612,-80.341962
"4001",2025-08-17,52,"Clemmons Middle","PM2.5","Forsyth",36.026612,-80.341962
"4002",2025-08-18,47,"Clemmons Middle","PM2.5","Forsyth",36.026612,-80.341962
"4003",2025-08-19,36,"Clemmons Middle","PM2.5","Forsyth",36.026612,-80.341962
"4004",2025-08-20,44,"Clemmons Middle","PM2.5","Forsyth",36.026612,-80.341962
"4005",2025-08-21,35,"Clemmons Middle","PM2.5","Forsyth",36.026612,-80.341962
"4006",2025-08-22,24,"Clemmons Middle","PM2.5","Forsyth",36.026612,-80.341962
"4007",2025-08-23,33,"Clemmons Middle","PM2.5","Forsyth",36.026612,-80.341962
"4008",2025-08-24,33,"Clemmons Middle","PM2.5","Forsyth",36.026612,-80.341962
"4009",2025-08-25,27,"Clemmons Middle","PM2.5","Forsyth",36.026612,-80.341962
"4010",2025-08-26,23,"Clemmons Middle","PM2.5","Forsyth",36.026612,-80.341962
"4011",2025-08-27,24,"Clemmons Middle","PM2.5","Forsyth",36.026612,-80.341962
"4012",2025-08-28,43,"Clemmons Middle","PM2.5","Forsyth",36.026612,-80.341962
"4013",2025-08-29,38,"Clemmons Middle","PM2.5","Forsyth",36.026612,-80.341962
"4014",2025-08-30,36,"Clemmons Middle","PM2.5","Forsyth",36.026612,-80.341962
"4015",2025-08-31,34,"Clemmons Middle","PM2.5","Forsyth",36.026612,-80.341962
"4016",2025-09-01,24,"Clemmons Middle","PM2.5","Forsyth",36.026612,-80.341962
"4017",2025-09-02,24,"Clemmons Middle","PM2.5","Forsyth",36.026612,-80.341962
"4018",2025-09-03,35,"Clemmons Middle","PM2.5","Forsyth",36.026612,-80.341962
"4019",2025-09-04,47,"Clemmons Middle","PM2.5","Forsyth",36.026612,-80.341962
"4020",2025-09-05,51,"Clemmons Middle","PM2.5","Forsyth",36.026612,-80.341962
"4021",2025-09-06,59,"Clemmons Middle","PM2.5","Forsyth",36.026612,-80.341962
"4022",2025-09-07,39,"Clemmons Middle","PM2.5","Forsyth",36.026612,-80.341962
"4023",2025-09-08,26,"Clemmons Middle","PM2.5","Forsyth",36.026612,-80.341962
"4024",2025-09-09,23,"Clemmons Middle","PM2.5","Forsyth",36.026612,-80.341962
"4025",2025-09-10,31,"Clemmons Middle","PM2.5","Forsyth",36.026612,-80.341962
"4026",2025-09-11,29,"Clemmons Middle","PM2.5","Forsyth",36.026612,-80.341962
"4027",2025-09-12,34,"Clemmons Middle","PM2.5","Forsyth",36.026612,-80.341962
"4028",2025-09-13,37,"Clemmons Middle","PM2.5","Forsyth",36.026612,-80.341962
"4029",2025-09-14,47,"Clemmons Middle","PM2.5","Forsyth",36.026612,-80.341962
"4030",2025-09-15,51,"Clemmons Middle","PM2.5","Forsyth",36.026612,-80.341962
"4031",2025-09-16,41,"Clemmons Middle","PM2.5","Forsyth",36.026612,-80.341962
"4032",2025-09-17,39,"Clemmons Middle","PM2.5","Forsyth",36.026612,-80.341962
"4033",2025-09-18,27,"Clemmons Middle","PM2.5","Forsyth",36.026612,-80.341962
"4034",2025-09-19,47,"Clemmons Middle","PM2.5","Forsyth",36.026612,-80.341962
"4035",2025-09-20,55,"Clemmons Middle","PM2.5","Forsyth",36.026612,-80.341962
"4036",2025-09-21,55,"Clemmons Middle","PM2.5","Forsyth",36.026612,-80.341962
"4037",2025-09-22,54,"Clemmons Middle","PM2.5","Forsyth",36.026612,-80.341962
"4038",2025-09-23,56,"Clemmons Middle","PM2.5","Forsyth",36.026612,-80.341962
"4039",2025-09-24,56,"Clemmons Middle","PM2.5","Forsyth",36.026612,-80.341962
"4040",2025-09-25,41,"Clemmons Middle","PM2.5","Forsyth",36.026612,-80.341962
"4041",2025-09-26,31,"Clemmons Middle","PM2.5","Forsyth",36.026612,-80.341962
"4042",2025-09-27,17,"Clemmons Middle","PM2.5","Forsyth",36.026612,-80.341962
"4043",2025-09-28,26,"Clemmons Middle","PM2.5","Forsyth",36.026612,-80.341962
"4044",2025-09-29,37,"Clemmons Middle","PM2.5","Forsyth",36.026612,-80.341962
"4045",2025-09-30,39,"Clemmons Middle","PM2.5","Forsyth",36.026612,-80.341962
"4046",2025-10-01,52,"Clemmons Middle","PM2.5","Forsyth",36.026612,-80.341962
"4047",2025-10-02,33,"Clemmons Middle","PM2.5","Forsyth",36.026612,-80.341962
"4048",2025-10-03,24,"Clemmons Middle","PM2.5","Forsyth",36.026612,-80.341962
"4049",2025-10-04,39,"Clemmons Middle","PM2.5","Forsyth",36.026612,-80.341962
"4050",2025-10-05,38,"Clemmons Middle","PM2.5","Forsyth",36.026612,-80.341962
"4051",2025-10-06,33,"Clemmons Middle","PM2.5","Forsyth",36.026612,-80.341962
"4052",2025-10-07,26,"Clemmons Middle","PM2.5","Forsyth",36.026612,-80.341962
"4053",2025-10-08,18,"Clemmons Middle","PM2.5","Forsyth",36.026612,-80.341962
"4054",2025-10-09,21,"Clemmons Middle","PM2.5","Forsyth",36.026612,-80.341962
"4055",2025-10-10,23,"Clemmons Middle","PM2.5","Forsyth",36.026612,-80.341962
"4056",2025-10-11,24,"Clemmons Middle","PM2.5","Forsyth",36.026612,-80.341962
"4057",2025-10-12,12,"Clemmons Middle","PM2.5","Forsyth",36.026612,-80.341962
"4058",2025-10-13,9,"Clemmons Middle","PM2.5","Forsyth",36.026612,-80.341962
"4059",2025-10-14,16,"Clemmons Middle","PM2.5","Forsyth",36.026612,-80.341962
"4060",2025-10-15,23,"Clemmons Middle","PM2.5","Forsyth",36.026612,-80.341962
"4061",2025-10-16,21,"Clemmons Middle","PM2.5","Forsyth",36.026612,-80.341962
"4062",2025-10-17,33,"Clemmons Middle","PM2.5","Forsyth",36.026612,-80.341962
"4063",2025-10-18,55,"Clemmons Middle","PM2.5","Forsyth",36.026612,-80.341962
"4064",2025-10-19,28,"Clemmons Middle","PM2.5","Forsyth",36.026612,-80.341962
"4065",2025-10-20,17,"Clemmons Middle","PM2.5","Forsyth",36.026612,-80.341962
"4066",2025-10-21,35,"Clemmons Middle","PM2.5","Forsyth",36.026612,-80.341962
"4067",2025-10-22,19,"Clemmons Middle","PM2.5","Forsyth",36.026612,-80.341962
"4068",2025-10-23,23,"Clemmons Middle","PM2.5","Forsyth",36.026612,-80.341962
"4069",2025-10-24,23,"Clemmons Middle","PM2.5","Forsyth",36.026612,-80.341962
"4070",2025-10-25,22,"Clemmons Middle","PM2.5","Forsyth",36.026612,-80.341962
"4071",2025-10-26,34,"Clemmons Middle","PM2.5","Forsyth",36.026612,-80.341962
"4072",2025-10-27,30,"Clemmons Middle","PM2.5","Forsyth",36.026612,-80.341962
"4073",2025-10-28,18,"Clemmons Middle","PM2.5","Forsyth",36.026612,-80.341962
"4074",2025-10-29,19,"Clemmons Middle","PM2.5","Forsyth",36.026612,-80.341962
"4075",2025-10-30,10,"Clemmons Middle","PM2.5","Forsyth",36.026612,-80.341962
"4076",2025-10-31,19,"Clemmons Middle","PM2.5","Forsyth",36.026612,-80.341962
"4077",2025-11-01,32,"Clemmons Middle","PM2.5","Forsyth",36.026612,-80.341962
"4078",2025-11-02,50,"Clemmons Middle","PM2.5","Forsyth",36.026612,-80.341962
"4079",2025-11-03,39,"Clemmons Middle","PM2.5","Forsyth",36.026612,-80.341962
"4080",2025-11-04,36,"Clemmons Middle","PM2.5","Forsyth",36.026612,-80.341962
"4081",2025-11-05,53,"Clemmons Middle","PM2.5","Forsyth",36.026612,-80.341962
"4082",2025-11-06,39,"Clemmons Middle","PM2.5","Forsyth",36.026612,-80.341962
"4083",2025-11-07,55,"Clemmons Middle","PM2.5","Forsyth",36.026612,-80.341962
"4084",2025-11-08,62,"Clemmons Middle","PM2.5","Forsyth",36.026612,-80.341962
"4085",2025-11-09,58,"Clemmons Middle","PM2.5","Forsyth",36.026612,-80.341962
"4086",2025-11-10,10,"Clemmons Middle","PM2.5","Forsyth",36.026612,-80.341962
"4087",2025-11-11,16,"Clemmons Middle","PM2.5","Forsyth",36.026612,-80.341962
"4088",2025-11-12,28,"Clemmons Middle","PM2.5","Forsyth",36.026612,-80.341962
"4089",2025-11-13,31,"Clemmons Middle","PM2.5","Forsyth",36.026612,-80.341962
"4090",2025-11-14,29,"Clemmons Middle","PM2.5","Forsyth",36.026612,-80.341962
"4091",2025-11-15,54,"Clemmons Middle","PM2.5","Forsyth",36.026612,-80.341962
"4092",2025-11-16,36,"Clemmons Middle","PM2.5","Forsyth",36.026612,-80.341962
"4093",2025-11-17,17,"Clemmons Middle","PM2.5","Forsyth",36.026612,-80.341962
"4094",2025-11-18,33,"Clemmons Middle","PM2.5","Forsyth",36.026612,-80.341962
"4095",2025-11-19,52,"Clemmons Middle","PM2.5","Forsyth",36.026612,-80.341962
"4096",2025-11-20,55,"Clemmons Middle","PM2.5","Forsyth",36.026612,-80.341962
"4097",2025-11-21,87,"Clemmons Middle","PM2.5","Forsyth",36.026612,-80.341962
"4098",2025-11-22,58,"Clemmons Middle","PM2.5","Forsyth",36.026612,-80.341962
"4099",2025-11-23,30,"Clemmons Middle","PM2.5","Forsyth",36.026612,-80.341962
"4100",2025-11-24,31,"Clemmons Middle","PM2.5","Forsyth",36.026612,-80.341962
"4101",2025-11-25,56,"Clemmons Middle","PM2.5","Forsyth",36.026612,-80.341962
"4102",2025-11-26,54,"Clemmons Middle","PM2.5","Forsyth",36.026612,-80.341962
"4103",2025-11-27,21,"Clemmons Middle","PM2.5","Forsyth",36.026612,-80.341962
"4104",2025-11-28,29,"Clemmons Middle","PM2.5","Forsyth",36.026612,-80.341962
"4105",2025-11-29,35,"Clemmons Middle","PM2.5","Forsyth",36.026612,-80.341962
"4106",2025-11-30,55,"Clemmons Middle","PM2.5","Forsyth",36.026612,-80.341962
"4107",2025-12-01,38,"Clemmons Middle","PM2.5","Forsyth",36.026612,-80.341962
"4108",2025-12-02,41,"Clemmons Middle","PM2.5","Forsyth",36.026612,-80.341962
"4109",2025-12-03,41,"Clemmons Middle","PM2.5","Forsyth",36.026612,-80.341962
"4110",2025-12-04,55,"Clemmons Middle","PM2.5","Forsyth",36.026612,-80.341962
"4111",2025-12-05,44,"Clemmons Middle","PM2.5","Forsyth",36.026612,-80.341962
"4112",2025-12-06,59,"Clemmons Middle","PM2.5","Forsyth",36.026612,-80.341962
"4113",2025-12-07,56,"Clemmons Middle","PM2.5","Forsyth",36.026612,-80.341962
"4114",2025-12-08,56,"Clemmons Middle","PM2.5","Forsyth",36.026612,-80.341962
"4115",2025-12-09,47,"Clemmons Middle","PM2.5","Forsyth",36.026612,-80.341962
"4116",2025-12-10,53,"Clemmons Middle","PM2.5","Forsyth",36.026612,-80.341962
"4117",2025-12-11,18,"Clemmons Middle","PM2.5","Forsyth",36.026612,-80.341962
"4118",2025-12-12,50,"Clemmons Middle","PM2.5","Forsyth",36.026612,-80.341962
"4119",2025-12-13,68,"Clemmons Middle","PM2.5","Forsyth",36.026612,-80.341962
"4120",2025-12-14,48,"Clemmons Middle","PM2.5","Forsyth",36.026612,-80.341962
"4121",2025-12-15,31,"Clemmons Middle","PM2.5","Forsyth",36.026612,-80.341962
"4122",2025-12-16,55,"Clemmons Middle","PM2.5","Forsyth",36.026612,-80.341962
"4123",2025-12-17,69,"Clemmons Middle","PM2.5","Forsyth",36.026612,-80.341962
"4124",2025-12-18,76,"Clemmons Middle","PM2.5","Forsyth",36.026612,-80.341962
"4125",2025-12-19,14,"Clemmons Middle","PM2.5","Forsyth",36.026612,-80.341962
"4126",2025-12-20,27,"Clemmons Middle","PM2.5","Forsyth",36.026612,-80.341962
"4127",2025-12-21,45,"Clemmons Middle","PM2.5","Forsyth",36.026612,-80.341962
"4128",2025-12-22,27,"Clemmons Middle","PM2.5","Forsyth",36.026612,-80.341962
"4129",2025-12-23,39,"Clemmons Middle","PM2.5","Forsyth",36.026612,-80.341962
"4130",2025-12-24,55,"Clemmons Middle","PM2.5","Forsyth",36.026612,-80.341962
"4131",2025-12-25,55,"Clemmons Middle","PM2.5","Forsyth",36.026612,-80.341962
"4132",2025-12-26,45,"Clemmons Middle","PM2.5","Forsyth",36.026612,-80.341962
"4133",2025-12-27,55,"Clemmons Middle","PM2.5","Forsyth",36.026612,-80.341962
"4134",2025-12-28,37,"Clemmons Middle","PM2.5","Forsyth",36.026612,-80.341962
"4135",2025-12-29,27,"Clemmons Middle","PM2.5","Forsyth",36.026612,-80.341962
"4136",2025-12-30,20,"Clemmons Middle","PM2.5","Forsyth",36.026612,-80.341962
"4137",2025-12-31,17,"Clemmons Middle","PM2.5","Forsyth",36.026612,-80.341962
"4138",2025-01-01,8,"Mendenhall School","PM2.5","Guilford",36.1090060008986,-79.802314
"4139",2025-01-02,22,"Mendenhall School","PM2.5","Guilford",36.1090060008986,-79.802314
"4140",2025-01-03,14,"Mendenhall School","PM2.5","Guilford",36.1090060008986,-79.802314
"4141",2025-01-04,12,"Mendenhall School","PM2.5","Guilford",36.1090060008986,-79.802314
"4142",2025-01-05,31,"Mendenhall School","PM2.5","Guilford",36.1090060008986,-79.802314
"4143",2025-01-06,25,"Mendenhall School","PM2.5","Guilford",36.1090060008986,-79.802314
"4144",2025-01-07,18,"Mendenhall School","PM2.5","Guilford",36.1090060008986,-79.802314
"4145",2025-01-08,21,"Mendenhall School","PM2.5","Guilford",36.1090060008986,-79.802314
"4146",2025-01-09,19,"Mendenhall School","PM2.5","Guilford",36.1090060008986,-79.802314
"4147",2025-01-10,45,"Mendenhall School","PM2.5","Guilford",36.1090060008986,-79.802314
"4148",2025-01-11,49,"Mendenhall School","PM2.5","Guilford",36.1090060008986,-79.802314
"4149",2025-01-12,54,"Mendenhall School","PM2.5","Guilford",36.1090060008986,-79.802314
"4150",2025-01-13,46,"Mendenhall School","PM2.5","Guilford",36.1090060008986,-79.802314
"4151",2025-01-14,17,"Mendenhall School","PM2.5","Guilford",36.1090060008986,-79.802314
"4152",2025-01-15,32,"Mendenhall School","PM2.5","Guilford",36.1090060008986,-79.802314
"4153",2025-01-16,54,"Mendenhall School","PM2.5","Guilford",36.1090060008986,-79.802314
"4154",2025-01-17,30,"Mendenhall School","PM2.5","Guilford",36.1090060008986,-79.802314
"4155",2025-01-18,52,"Mendenhall School","PM2.5","Guilford",36.1090060008986,-79.802314
"4156",2025-01-19,42,"Mendenhall School","PM2.5","Guilford",36.1090060008986,-79.802314
"4157",2025-01-20,17,"Mendenhall School","PM2.5","Guilford",36.1090060008986,-79.802314
"4158",2025-01-21,12,"Mendenhall School","PM2.5","Guilford",36.1090060008986,-79.802314
"4159",2025-01-22,44,"Mendenhall School","PM2.5","Guilford",36.1090060008986,-79.802314
"4160",2025-01-23,58,"Mendenhall School","PM2.5","Guilford",36.1090060008986,-79.802314
"4161",2025-01-24,57,"Mendenhall School","PM2.5","Guilford",36.1090060008986,-79.802314
"4162",2025-01-25,56,"Mendenhall School","PM2.5","Guilford",36.1090060008986,-79.802314
"4163",2025-01-26,56,"Mendenhall School","PM2.5","Guilford",36.1090060008986,-79.802314
"4164",2025-01-27,55,"Mendenhall School","PM2.5","Guilford",36.1090060008986,-79.802314
"4165",2025-01-28,34,"Mendenhall School","PM2.5","Guilford",36.1090060008986,-79.802314
"4166",2025-01-29,38,"Mendenhall School","PM2.5","Guilford",36.1090060008986,-79.802314
"4167",2025-01-30,34,"Mendenhall School","PM2.5","Guilford",36.1090060008986,-79.802314
"4168",2025-01-31,51,"Mendenhall School","PM2.5","Guilford",36.1090060008986,-79.802314
"4169",2025-02-01,20,"Mendenhall School","PM2.5","Guilford",36.1090060008986,-79.802314
"4170",2025-02-02,32,"Mendenhall School","PM2.5","Guilford",36.1090060008986,-79.802314
"4171",2025-02-03,55,"Mendenhall School","PM2.5","Guilford",36.1090060008986,-79.802314
"4172",2025-02-04,49,"Mendenhall School","PM2.5","Guilford",36.1090060008986,-79.802314
"4173",2025-02-05,22,"Mendenhall School","PM2.5","Guilford",36.1090060008986,-79.802314
"4174",2025-02-06,55,"Mendenhall School","PM2.5","Guilford",36.1090060008986,-79.802314
"4175",2025-02-07,24,"Mendenhall School","PM2.5","Guilford",36.1090060008986,-79.802314
"4176",2025-02-08,28,"Mendenhall School","PM2.5","Guilford",36.1090060008986,-79.802314
"4177",2025-02-09,38,"Mendenhall School","PM2.5","Guilford",36.1090060008986,-79.802314
"4178",2025-02-10,19,"Mendenhall School","PM2.5","Guilford",36.1090060008986,-79.802314
"4179",2025-02-11,40,"Mendenhall School","PM2.5","Guilford",36.1090060008986,-79.802314
"4180",2025-02-12,2,"Mendenhall School","PM2.5","Guilford",36.1090060008986,-79.802314
"4181",2025-02-13,10,"Mendenhall School","PM2.5","Guilford",36.1090060008986,-79.802314
"4182",2025-02-14,32,"Mendenhall School","PM2.5","Guilford",36.1090060008986,-79.802314
"4183",2025-02-15,34,"Mendenhall School","PM2.5","Guilford",36.1090060008986,-79.802314
"4184",2025-02-16,9,"Mendenhall School","PM2.5","Guilford",36.1090060008986,-79.802314
"4185",2025-02-17,13,"Mendenhall School","PM2.5","Guilford",36.1090060008986,-79.802314
"4186",2025-02-18,19,"Mendenhall School","PM2.5","Guilford",36.1090060008986,-79.802314
"4187",2025-02-19,29,"Mendenhall School","PM2.5","Guilford",36.1090060008986,-79.802314
"4188",2025-02-20,27,"Mendenhall School","PM2.5","Guilford",36.1090060008986,-79.802314
"4189",2025-02-21,24,"Mendenhall School","PM2.5","Guilford",36.1090060008986,-79.802314
"4190",2025-02-22,29,"Mendenhall School","PM2.5","Guilford",36.1090060008986,-79.802314
"4191",2025-02-23,46,"Mendenhall School","PM2.5","Guilford",36.1090060008986,-79.802314
"4192",2025-02-24,43,"Mendenhall School","PM2.5","Guilford",36.1090060008986,-79.802314
"4193",2025-02-25,48,"Mendenhall School","PM2.5","Guilford",36.1090060008986,-79.802314
"4194",2025-02-26,33,"Mendenhall School","PM2.5","Guilford",36.1090060008986,-79.802314
"4195",2025-02-27,55,"Mendenhall School","PM2.5","Guilford",36.1090060008986,-79.802314
"4196",2025-02-28,12,"Mendenhall School","PM2.5","Guilford",36.1090060008986,-79.802314
"4197",2025-03-01,24,"Mendenhall School","PM2.5","Guilford",36.1090060008986,-79.802314
"4198",2025-03-02,22,"Mendenhall School","PM2.5","Guilford",36.1090060008986,-79.802314
"4199",2025-03-03,31,"Mendenhall School","PM2.5","Guilford",36.1090060008986,-79.802314
"4200",2025-03-04,32,"Mendenhall School","PM2.5","Guilford",36.1090060008986,-79.802314
"4201",2025-03-05,33,"Mendenhall School","PM2.5","Guilford",36.1090060008986,-79.802314
"4202",2025-03-06,6,"Mendenhall School","PM2.5","Guilford",36.1090060008986,-79.802314
"4203",2025-03-07,22,"Mendenhall School","PM2.5","Guilford",36.1090060008986,-79.802314
"4204",2025-03-08,34,"Mendenhall School","PM2.5","Guilford",36.1090060008986,-79.802314
"4205",2025-03-09,22,"Mendenhall School","PM2.5","Guilford",36.1090060008986,-79.802314
"4206",2025-03-10,26,"Mendenhall School","PM2.5","Guilford",36.1090060008986,-79.802314
"4207",2025-03-11,30,"Mendenhall School","PM2.5","Guilford",36.1090060008986,-79.802314
"4208",2025-03-12,54,"Mendenhall School","PM2.5","Guilford",36.1090060008986,-79.802314
"4209",2025-03-13,59,"Mendenhall School","PM2.5","Guilford",36.1090060008986,-79.802314
"4210",2025-03-14,61,"Mendenhall School","PM2.5","Guilford",36.1090060008986,-79.802314
"4211",2025-03-15,59,"Mendenhall School","PM2.5","Guilford",36.1090060008986,-79.802314
"4212",2025-03-16,37,"Mendenhall School","PM2.5","Guilford",36.1090060008986,-79.802314
"4213",2025-03-17,19,"Mendenhall School","PM2.5","Guilford",36.1090060008986,-79.802314
"4214",2025-03-18,13,"Mendenhall School","PM2.5","Guilford",36.1090060008986,-79.802314
"4215",2025-03-19,59,"Mendenhall School","PM2.5","Guilford",36.1090060008986,-79.802314
"4216",2025-03-20,58,"Mendenhall School","PM2.5","Guilford",36.1090060008986,-79.802314
"4217",2025-03-21,14,"Mendenhall School","PM2.5","Guilford",36.1090060008986,-79.802314
"4218",2025-03-22,37,"Mendenhall School","PM2.5","Guilford",36.1090060008986,-79.802314
"4219",2025-03-23,22,"Mendenhall School","PM2.5","Guilford",36.1090060008986,-79.802314
"4220",2025-03-24,55,"Mendenhall School","PM2.5","Guilford",36.1090060008986,-79.802314
"4221",2025-03-25,12,"Mendenhall School","PM2.5","Guilford",36.1090060008986,-79.802314
"4222",2025-03-26,17,"Mendenhall School","PM2.5","Guilford",36.1090060008986,-79.802314
"4223",2025-03-27,24,"Mendenhall School","PM2.5","Guilford",36.1090060008986,-79.802314
"4224",2025-03-28,47,"Mendenhall School","PM2.5","Guilford",36.1090060008986,-79.802314
"4225",2025-03-29,35,"Mendenhall School","PM2.5","Guilford",36.1090060008986,-79.802314
"4226",2025-03-30,29,"Mendenhall School","PM2.5","Guilford",36.1090060008986,-79.802314
"4227",2025-03-31,32,"Mendenhall School","PM2.5","Guilford",36.1090060008986,-79.802314
"4228",2025-04-01,9,"Mendenhall School","PM2.5","Guilford",36.1090060008986,-79.802314
"4229",2025-04-02,48,"Mendenhall School","PM2.5","Guilford",36.1090060008986,-79.802314
"4230",2025-04-03,46,"Mendenhall School","PM2.5","Guilford",36.1090060008986,-79.802314
"4231",2025-04-04,51,"Mendenhall School","PM2.5","Guilford",36.1090060008986,-79.802314
"4232",2025-04-05,53,"Mendenhall School","PM2.5","Guilford",36.1090060008986,-79.802314
"4233",2025-04-06,34,"Mendenhall School","PM2.5","Guilford",36.1090060008986,-79.802314
"4234",2025-04-07,38,"Mendenhall School","PM2.5","Guilford",36.1090060008986,-79.802314
"4235",2025-04-08,19,"Mendenhall School","PM2.5","Guilford",36.1090060008986,-79.802314
"4236",2025-04-09,21,"Mendenhall School","PM2.5","Guilford",36.1090060008986,-79.802314
"4237",2025-04-10,38,"Mendenhall School","PM2.5","Guilford",36.1090060008986,-79.802314
"4238",2025-04-11,21,"Mendenhall School","PM2.5","Guilford",36.1090060008986,-79.802314
"4239",2025-04-12,18,"Mendenhall School","PM2.5","Guilford",36.1090060008986,-79.802314
"4240",2025-04-13,28,"Mendenhall School","PM2.5","Guilford",36.1090060008986,-79.802314
"4241",2025-04-14,52,"Mendenhall School","PM2.5","Guilford",36.1090060008986,-79.802314
"4242",2025-04-15,37,"Mendenhall School","PM2.5","Guilford",36.1090060008986,-79.802314
"4243",2025-04-16,22,"Mendenhall School","PM2.5","Guilford",36.1090060008986,-79.802314
"4244",2025-04-17,37,"Mendenhall School","PM2.5","Guilford",36.1090060008986,-79.802314
"4245",2025-04-18,54,"Mendenhall School","PM2.5","Guilford",36.1090060008986,-79.802314
"4246",2025-04-19,54,"Mendenhall School","PM2.5","Guilford",36.1090060008986,-79.802314
"4247",2025-04-20,57,"Mendenhall School","PM2.5","Guilford",36.1090060008986,-79.802314
"4248",2025-04-21,52,"Mendenhall School","PM2.5","Guilford",36.1090060008986,-79.802314
"4249",2025-04-22,46,"Mendenhall School","PM2.5","Guilford",36.1090060008986,-79.802314
"4250",2025-04-23,42,"Mendenhall School","PM2.5","Guilford",36.1090060008986,-79.802314
"4251",2025-04-24,55,"Mendenhall School","PM2.5","Guilford",36.1090060008986,-79.802314
"4252",2025-04-25,54,"Mendenhall School","PM2.5","Guilford",36.1090060008986,-79.802314
"4253",2025-04-26,34,"Mendenhall School","PM2.5","Guilford",36.1090060008986,-79.802314
"4254",2025-04-27,23,"Mendenhall School","PM2.5","Guilford",36.1090060008986,-79.802314
"4255",2025-04-28,34,"Mendenhall School","PM2.5","Guilford",36.1090060008986,-79.802314
"4256",2025-04-29,41,"Mendenhall School","PM2.5","Guilford",36.1090060008986,-79.802314
"4257",2025-04-30,52,"Mendenhall School","PM2.5","Guilford",36.1090060008986,-79.802314
"4258",2025-05-01,60,"Mendenhall School","PM2.5","Guilford",36.1090060008986,-79.802314
"4259",2025-05-02,52,"Mendenhall School","PM2.5","Guilford",36.1090060008986,-79.802314
"4260",2025-05-03,41,"Mendenhall School","PM2.5","Guilford",36.1090060008986,-79.802314
"4261",2025-05-04,16,"Mendenhall School","PM2.5","Guilford",36.1090060008986,-79.802314
"4262",2025-05-05,30,"Mendenhall School","PM2.5","Guilford",36.1090060008986,-79.802314
"4263",2025-05-06,28,"Mendenhall School","PM2.5","Guilford",36.1090060008986,-79.802314
"4264",2025-05-07,32,"Mendenhall School","PM2.5","Guilford",36.1090060008986,-79.802314
"4265",2025-05-08,41,"Mendenhall School","PM2.5","Guilford",36.1090060008986,-79.802314
"4266",2025-05-09,26,"Mendenhall School","PM2.5","Guilford",36.1090060008986,-79.802314
"4267",2025-05-10,29,"Mendenhall School","PM2.5","Guilford",36.1090060008986,-79.802314
"4268",2025-05-11,46,"Mendenhall School","PM2.5","Guilford",36.1090060008986,-79.802314
"4269",2025-05-12,24,"Mendenhall School","PM2.5","Guilford",36.1090060008986,-79.802314
"4270",2025-05-13,17,"Mendenhall School","PM2.5","Guilford",36.1090060008986,-79.802314
"4271",2025-05-14,31,"Mendenhall School","PM2.5","Guilford",36.1090060008986,-79.802314
"4272",2025-05-15,52,"Mendenhall School","PM2.5","Guilford",36.1090060008986,-79.802314
"4273",2025-05-16,54,"Mendenhall School","PM2.5","Guilford",36.1090060008986,-79.802314
"4274",2025-05-17,28,"Mendenhall School","PM2.5","Guilford",36.1090060008986,-79.802314
"4275",2025-05-18,23,"Mendenhall School","PM2.5","Guilford",36.1090060008986,-79.802314
"4276",2025-05-19,26,"Mendenhall School","PM2.5","Guilford",36.1090060008986,-79.802314
"4277",2025-05-20,38,"Mendenhall School","PM2.5","Guilford",36.1090060008986,-79.802314
"4278",2025-05-21,44,"Mendenhall School","PM2.5","Guilford",36.1090060008986,-79.802314
"4279",2025-05-22,17,"Mendenhall School","PM2.5","Guilford",36.1090060008986,-79.802314
"4280",2025-05-23,16,"Mendenhall School","PM2.5","Guilford",36.1090060008986,-79.802314
"4281",2025-05-24,24,"Mendenhall School","PM2.5","Guilford",36.1090060008986,-79.802314
"4282",2025-05-25,37,"Mendenhall School","PM2.5","Guilford",36.1090060008986,-79.802314
"4283",2025-05-26,33,"Mendenhall School","PM2.5","Guilford",36.1090060008986,-79.802314
"4284",2025-05-27,11,"Mendenhall School","PM2.5","Guilford",36.1090060008986,-79.802314
"4285",2025-05-28,14,"Mendenhall School","PM2.5","Guilford",36.1090060008986,-79.802314
"4286",2025-05-29,29,"Mendenhall School","PM2.5","Guilford",36.1090060008986,-79.802314
"4287",2025-05-30,17,"Mendenhall School","PM2.5","Guilford",36.1090060008986,-79.802314
"4288",2025-05-31,45,"Mendenhall School","PM2.5","Guilford",36.1090060008986,-79.802314
"4289",2025-06-01,55,"Mendenhall School","PM2.5","Guilford",36.1090060008986,-79.802314
"4290",2025-06-02,23,"Mendenhall School","PM2.5","Guilford",36.1090060008986,-79.802314
"4291",2025-06-03,51,"Mendenhall School","PM2.5","Guilford",36.1090060008986,-79.802314
"4292",2025-06-04,59,"Mendenhall School","PM2.5","Guilford",36.1090060008986,-79.802314
"4293",2025-06-05,50,"Mendenhall School","PM2.5","Guilford",36.1090060008986,-79.802314
"4294",2025-06-06,51,"Mendenhall School","PM2.5","Guilford",36.1090060008986,-79.802314
"4295",2025-06-07,32,"Mendenhall School","PM2.5","Guilford",36.1090060008986,-79.802314
"4296",2025-06-08,34,"Mendenhall School","PM2.5","Guilford",36.1090060008986,-79.802314
"4297",2025-06-09,27,"Mendenhall School","PM2.5","Guilford",36.1090060008986,-79.802314
"4298",2025-06-10,33,"Mendenhall School","PM2.5","Guilford",36.1090060008986,-79.802314
"4299",2025-06-11,54,"Mendenhall School","PM2.5","Guilford",36.1090060008986,-79.802314
"4300",2025-06-12,59,"Mendenhall School","PM2.5","Guilford",36.1090060008986,-79.802314
"4301",2025-06-13,27,"Mendenhall School","PM2.5","Guilford",36.1090060008986,-79.802314
"4302",2025-06-14,18,"Mendenhall School","PM2.5","Guilford",36.1090060008986,-79.802314
"4303",2025-06-15,29,"Mendenhall School","PM2.5","Guilford",36.1090060008986,-79.802314
"4304",2025-06-16,28,"Mendenhall School","PM2.5","Guilford",36.1090060008986,-79.802314
"4305",2025-06-17,35,"Mendenhall School","PM2.5","Guilford",36.1090060008986,-79.802314
"4306",2025-06-18,22,"Mendenhall School","PM2.5","Guilford",36.1090060008986,-79.802314
"4307",2025-06-19,31,"Mendenhall School","PM2.5","Guilford",36.1090060008986,-79.802314
"4308",2025-06-20,23,"Mendenhall School","PM2.5","Guilford",36.1090060008986,-79.802314
"4309",2025-06-21,41,"Mendenhall School","PM2.5","Guilford",36.1090060008986,-79.802314
"4310",2025-06-22,56,"Mendenhall School","PM2.5","Guilford",36.1090060008986,-79.802314
"4311",2025-06-23,57,"Mendenhall School","PM2.5","Guilford",36.1090060008986,-79.802314
"4312",2025-06-24,63,"Mendenhall School","PM2.5","Guilford",36.1090060008986,-79.802314
"4313",2025-06-25,63,"Mendenhall School","PM2.5","Guilford",36.1090060008986,-79.802314
"4314",2025-06-26,52,"Mendenhall School","PM2.5","Guilford",36.1090060008986,-79.802314
"4315",2025-06-27,46,"Mendenhall School","PM2.5","Guilford",36.1090060008986,-79.802314
"4316",2025-06-28,50,"Mendenhall School","PM2.5","Guilford",36.1090060008986,-79.802314
"4317",2025-06-29,46,"Mendenhall School","PM2.5","Guilford",36.1090060008986,-79.802314
"4318",2025-06-30,53,"Mendenhall School","PM2.5","Guilford",36.1090060008986,-79.802314
"4319",2025-07-01,54,"Mendenhall School","PM2.5","Guilford",36.1090060008986,-79.802314
"4320",2025-07-02,29,"Mendenhall School","PM2.5","Guilford",36.1090060008986,-79.802314
"4321",2025-07-03,38,"Mendenhall School","PM2.5","Guilford",36.1090060008986,-79.802314
"4322",2025-07-04,58,"Mendenhall School","PM2.5","Guilford",36.1090060008986,-79.802314
"4323",2025-07-05,61,"Mendenhall School","PM2.5","Guilford",36.1090060008986,-79.802314
"4324",2025-07-06,41,"Mendenhall School","PM2.5","Guilford",36.1090060008986,-79.802314
"4325",2025-07-07,52,"Mendenhall School","PM2.5","Guilford",36.1090060008986,-79.802314
"4326",2025-07-08,60,"Mendenhall School","PM2.5","Guilford",36.1090060008986,-79.802314
"4327",2025-07-09,54,"Mendenhall School","PM2.5","Guilford",36.1090060008986,-79.802314
"4328",2025-07-10,31,"Mendenhall School","PM2.5","Guilford",36.1090060008986,-79.802314
"4329",2025-07-11,44,"Mendenhall School","PM2.5","Guilford",36.1090060008986,-79.802314
"4330",2025-07-12,46,"Mendenhall School","PM2.5","Guilford",36.1090060008986,-79.802314
"4331",2025-07-13,38,"Mendenhall School","PM2.5","Guilford",36.1090060008986,-79.802314
"4332",2025-07-14,37,"Mendenhall School","PM2.5","Guilford",36.1090060008986,-79.802314
"4333",2025-07-15,33,"Mendenhall School","PM2.5","Guilford",36.1090060008986,-79.802314
"4334",2025-07-16,37,"Mendenhall School","PM2.5","Guilford",36.1090060008986,-79.802314
"4335",2025-07-17,39,"Mendenhall School","PM2.5","Guilford",36.1090060008986,-79.802314
"4336",2025-07-18,39,"Mendenhall School","PM2.5","Guilford",36.1090060008986,-79.802314
"4337",2025-07-19,28,"Mendenhall School","PM2.5","Guilford",36.1090060008986,-79.802314
"4338",2025-07-20,33,"Mendenhall School","PM2.5","Guilford",36.1090060008986,-79.802314
"4339",2025-07-21,36,"Mendenhall School","PM2.5","Guilford",36.1090060008986,-79.802314
"4340",2025-07-22,45,"Mendenhall School","PM2.5","Guilford",36.1090060008986,-79.802314
"4341",2025-07-23,53,"Mendenhall School","PM2.5","Guilford",36.1090060008986,-79.802314
"4342",2025-07-24,51,"Mendenhall School","PM2.5","Guilford",36.1090060008986,-79.802314
"4343",2025-07-25,53,"Mendenhall School","PM2.5","Guilford",36.1090060008986,-79.802314
"4344",2025-07-26,53,"Mendenhall School","PM2.5","Guilford",36.1090060008986,-79.802314
"4345",2025-07-27,36,"Mendenhall School","PM2.5","Guilford",36.1090060008986,-79.802314
"4346",2025-07-28,27,"Mendenhall School","PM2.5","Guilford",36.1090060008986,-79.802314
"4347",2025-07-29,41,"Mendenhall School","PM2.5","Guilford",36.1090060008986,-79.802314
"4348",2025-07-30,44,"Mendenhall School","PM2.5","Guilford",36.1090060008986,-79.802314
"4349",2025-07-31,39,"Mendenhall School","PM2.5","Guilford",36.1090060008986,-79.802314
"4350",2025-08-01,28,"Mendenhall School","PM2.5","Guilford",36.1090060008986,-79.802314
"4351",2025-08-02,28,"Mendenhall School","PM2.5","Guilford",36.1090060008986,-79.802314
"4352",2025-08-03,38,"Mendenhall School","PM2.5","Guilford",36.1090060008986,-79.802314
"4353",2025-08-04,46,"Mendenhall School","PM2.5","Guilford",36.1090060008986,-79.802314
"4354",2025-08-05,32,"Mendenhall School","PM2.5","Guilford",36.1090060008986,-79.802314
"4355",2025-08-06,20,"Mendenhall School","PM2.5","Guilford",36.1090060008986,-79.802314
"4356",2025-08-07,60,"Mendenhall School","PM2.5","Guilford",36.1090060008986,-79.802314
"4357",2025-08-08,72,"Mendenhall School","PM2.5","Guilford",36.1090060008986,-79.802314
"4358",2025-08-09,48,"Mendenhall School","PM2.5","Guilford",36.1090060008986,-79.802314
"4359",2025-08-10,42,"Mendenhall School","PM2.5","Guilford",36.1090060008986,-79.802314
"4360",2025-08-11,26,"Mendenhall School","PM2.5","Guilford",36.1090060008986,-79.802314
"4361",2025-08-12,17,"Mendenhall School","PM2.5","Guilford",36.1090060008986,-79.802314
"4362",2025-08-13,38,"Mendenhall School","PM2.5","Guilford",36.1090060008986,-79.802314
"4363",2025-08-14,23,"Mendenhall School","PM2.5","Guilford",36.1090060008986,-79.802314
"4364",2025-08-15,33,"Mendenhall School","PM2.5","Guilford",36.1090060008986,-79.802314
"4365",2025-08-16,46,"Mendenhall School","PM2.5","Guilford",36.1090060008986,-79.802314
"4366",2025-08-17,49,"Mendenhall School","PM2.5","Guilford",36.1090060008986,-79.802314
"4367",2025-08-18,48,"Mendenhall School","PM2.5","Guilford",36.1090060008986,-79.802314
"4368",2025-08-19,26,"Mendenhall School","PM2.5","Guilford",36.1090060008986,-79.802314
"4369",2025-08-20,32,"Mendenhall School","PM2.5","Guilford",36.1090060008986,-79.802314
"4370",2025-08-21,25,"Mendenhall School","PM2.5","Guilford",36.1090060008986,-79.802314
"4371",2025-08-22,19,"Mendenhall School","PM2.5","Guilford",36.1090060008986,-79.802314
"4372",2025-08-23,32,"Mendenhall School","PM2.5","Guilford",36.1090060008986,-79.802314
"4373",2025-08-24,44,"Mendenhall School","PM2.5","Guilford",36.1090060008986,-79.802314
"4374",2025-08-25,24,"Mendenhall School","PM2.5","Guilford",36.1090060008986,-79.802314
"4375",2025-08-26,23,"Mendenhall School","PM2.5","Guilford",36.1090060008986,-79.802314
"4376",2025-08-27,24,"Mendenhall School","PM2.5","Guilford",36.1090060008986,-79.802314
"4377",2025-08-28,39,"Mendenhall School","PM2.5","Guilford",36.1090060008986,-79.802314
"4378",2025-08-29,38,"Mendenhall School","PM2.5","Guilford",36.1090060008986,-79.802314
"4379",2025-08-30,36,"Mendenhall School","PM2.5","Guilford",36.1090060008986,-79.802314
"4380",2025-08-31,27,"Mendenhall School","PM2.5","Guilford",36.1090060008986,-79.802314
"4381",2025-09-01,22,"Mendenhall School","PM2.5","Guilford",36.1090060008986,-79.802314
"4382",2025-09-02,22,"Mendenhall School","PM2.5","Guilford",36.1090060008986,-79.802314
"4383",2025-09-03,33,"Mendenhall School","PM2.5","Guilford",36.1090060008986,-79.802314
"4384",2025-09-04,52,"Mendenhall School","PM2.5","Guilford",36.1090060008986,-79.802314
"4385",2025-09-05,54,"Mendenhall School","PM2.5","Guilford",36.1090060008986,-79.802314
"4386",2025-09-06,56,"Mendenhall School","PM2.5","Guilford",36.1090060008986,-79.802314
"4387",2025-09-07,24,"Mendenhall School","PM2.5","Guilford",36.1090060008986,-79.802314
"4388",2025-09-08,22,"Mendenhall School","PM2.5","Guilford",36.1090060008986,-79.802314
"4389",2025-09-09,24,"Mendenhall School","PM2.5","Guilford",36.1090060008986,-79.802314
"4390",2025-09-10,28,"Mendenhall School","PM2.5","Guilford",36.1090060008986,-79.802314
"4391",2025-09-11,26,"Mendenhall School","PM2.5","Guilford",36.1090060008986,-79.802314
"4392",2025-09-12,39,"Mendenhall School","PM2.5","Guilford",36.1090060008986,-79.802314
"4393",2025-09-13,42,"Mendenhall School","PM2.5","Guilford",36.1090060008986,-79.802314
"4394",2025-09-14,46,"Mendenhall School","PM2.5","Guilford",36.1090060008986,-79.802314
"4395",2025-09-15,47,"Mendenhall School","PM2.5","Guilford",36.1090060008986,-79.802314
"4396",2025-09-16,33,"Mendenhall School","PM2.5","Guilford",36.1090060008986,-79.802314
"4397",2025-09-17,33,"Mendenhall School","PM2.5","Guilford",36.1090060008986,-79.802314
"4398",2025-09-18,16,"Mendenhall School","PM2.5","Guilford",36.1090060008986,-79.802314
"4399",2025-09-19,46,"Mendenhall School","PM2.5","Guilford",36.1090060008986,-79.802314
"4400",2025-09-20,52,"Mendenhall School","PM2.5","Guilford",36.1090060008986,-79.802314
"4401",2025-09-21,53,"Mendenhall School","PM2.5","Guilford",36.1090060008986,-79.802314
"4402",2025-09-22,48,"Mendenhall School","PM2.5","Guilford",36.1090060008986,-79.802314
"4403",2025-09-23,52,"Mendenhall School","PM2.5","Guilford",36.1090060008986,-79.802314
"4404",2025-09-24,54,"Mendenhall School","PM2.5","Guilford",36.1090060008986,-79.802314
"4405",2025-09-25,52,"Mendenhall School","PM2.5","Guilford",36.1090060008986,-79.802314
"4406",2025-09-26,27,"Mendenhall School","PM2.5","Guilford",36.1090060008986,-79.802314
"4407",2025-09-27,8,"Mendenhall School","PM2.5","Guilford",36.1090060008986,-79.802314
"4408",2025-09-28,21,"Mendenhall School","PM2.5","Guilford",36.1090060008986,-79.802314
"4409",2025-09-29,33,"Mendenhall School","PM2.5","Guilford",36.1090060008986,-79.802314
"4410",2025-09-30,35,"Mendenhall School","PM2.5","Guilford",36.1090060008986,-79.802314
"4411",2025-10-01,36,"Mendenhall School","PM2.5","Guilford",36.1090060008986,-79.802314
"4412",2025-10-07,19,"Mendenhall School","PM2.5","Guilford",36.1090060008986,-79.802314
"4413",2025-10-08,15,"Mendenhall School","PM2.5","Guilford",36.1090060008986,-79.802314
"4414",2025-10-09,17,"Mendenhall School","PM2.5","Guilford",36.1090060008986,-79.802314
"4415",2025-10-10,19,"Mendenhall School","PM2.5","Guilford",36.1090060008986,-79.802314
"4416",2025-10-11,15,"Mendenhall School","PM2.5","Guilford",36.1090060008986,-79.802314
"4417",2025-10-12,8,"Mendenhall School","PM2.5","Guilford",36.1090060008986,-79.802314
"4418",2025-10-13,11,"Mendenhall School","PM2.5","Guilford",36.1090060008986,-79.802314
"4419",2025-10-14,14,"Mendenhall School","PM2.5","Guilford",36.1090060008986,-79.802314
"4420",2025-10-15,16,"Mendenhall School","PM2.5","Guilford",36.1090060008986,-79.802314
"4421",2025-10-16,14,"Mendenhall School","PM2.5","Guilford",36.1090060008986,-79.802314
"4422",2025-10-17,33,"Mendenhall School","PM2.5","Guilford",36.1090060008986,-79.802314
"4423",2025-10-18,52,"Mendenhall School","PM2.5","Guilford",36.1090060008986,-79.802314
"4424",2025-10-19,33,"Mendenhall School","PM2.5","Guilford",36.1090060008986,-79.802314
"4425",2025-10-20,11,"Mendenhall School","PM2.5","Guilford",36.1090060008986,-79.802314
"4426",2025-10-21,41,"Mendenhall School","PM2.5","Guilford",36.1090060008986,-79.802314
"4427",2025-10-22,22,"Mendenhall School","PM2.5","Guilford",36.1090060008986,-79.802314
"4428",2025-10-23,16,"Mendenhall School","PM2.5","Guilford",36.1090060008986,-79.802314
"4429",2025-10-24,24,"Mendenhall School","PM2.5","Guilford",36.1090060008986,-79.802314
"4430",2025-10-25,31,"Mendenhall School","PM2.5","Guilford",36.1090060008986,-79.802314
"4431",2025-10-26,31,"Mendenhall School","PM2.5","Guilford",36.1090060008986,-79.802314
"4432",2025-10-27,28,"Mendenhall School","PM2.5","Guilford",36.1090060008986,-79.802314
"4433",2025-10-28,14,"Mendenhall School","PM2.5","Guilford",36.1090060008986,-79.802314
"4434",2025-10-29,12,"Mendenhall School","PM2.5","Guilford",36.1090060008986,-79.802314
"4435",2025-10-30,6,"Mendenhall School","PM2.5","Guilford",36.1090060008986,-79.802314
"4436",2025-10-31,20,"Mendenhall School","PM2.5","Guilford",36.1090060008986,-79.802314
"4437",2025-11-01,62,"Mendenhall School","PM2.5","Guilford",36.1090060008986,-79.802314
"4438",2025-11-02,55,"Mendenhall School","PM2.5","Guilford",36.1090060008986,-79.802314
"4439",2025-11-03,28,"Mendenhall School","PM2.5","Guilford",36.1090060008986,-79.802314
"4440",2025-11-04,28,"Mendenhall School","PM2.5","Guilford",36.1090060008986,-79.802314
"4441",2025-11-05,53,"Mendenhall School","PM2.5","Guilford",36.1090060008986,-79.802314
"4442",2025-11-06,41,"Mendenhall School","PM2.5","Guilford",36.1090060008986,-79.802314
"4443",2025-11-07,54,"Mendenhall School","PM2.5","Guilford",36.1090060008986,-79.802314
"4444",2025-11-08,56,"Mendenhall School","PM2.5","Guilford",36.1090060008986,-79.802314
"4445",2025-11-09,57,"Mendenhall School","PM2.5","Guilford",36.1090060008986,-79.802314
"4446",2025-11-10,7,"Mendenhall School","PM2.5","Guilford",36.1090060008986,-79.802314
"4447",2025-11-11,9,"Mendenhall School","PM2.5","Guilford",36.1090060008986,-79.802314
"4448",2025-11-12,41,"Mendenhall School","PM2.5","Guilford",36.1090060008986,-79.802314
"4449",2025-11-13,44,"Mendenhall School","PM2.5","Guilford",36.1090060008986,-79.802314
"4450",2025-11-14,26,"Mendenhall School","PM2.5","Guilford",36.1090060008986,-79.802314
"4451",2025-11-15,54,"Mendenhall School","PM2.5","Guilford",36.1090060008986,-79.802314
"4452",2025-11-16,30,"Mendenhall School","PM2.5","Guilford",36.1090060008986,-79.802314
"4453",2025-11-17,19,"Mendenhall School","PM2.5","Guilford",36.1090060008986,-79.802314
"4454",2025-11-18,32,"Mendenhall School","PM2.5","Guilford",36.1090060008986,-79.802314
"4455",2025-11-19,52,"Mendenhall School","PM2.5","Guilford",36.1090060008986,-79.802314
"4456",2025-11-20,47,"Mendenhall School","PM2.5","Guilford",36.1090060008986,-79.802314
"4457",2025-11-21,76,"Mendenhall School","PM2.5","Guilford",36.1090060008986,-79.802314
"4458",2025-11-22,59,"Mendenhall School","PM2.5","Guilford",36.1090060008986,-79.802314
"4459",2025-11-23,29,"Mendenhall School","PM2.5","Guilford",36.1090060008986,-79.802314
"4460",2025-11-24,21,"Mendenhall School","PM2.5","Guilford",36.1090060008986,-79.802314
"4461",2025-11-25,45,"Mendenhall School","PM2.5","Guilford",36.1090060008986,-79.802314
"4462",2025-11-26,39,"Mendenhall School","PM2.5","Guilford",36.1090060008986,-79.802314
"4463",2025-11-27,20,"Mendenhall School","PM2.5","Guilford",36.1090060008986,-79.802314
"4464",2025-11-28,19,"Mendenhall School","PM2.5","Guilford",36.1090060008986,-79.802314
"4465",2025-11-29,26,"Mendenhall School","PM2.5","Guilford",36.1090060008986,-79.802314
"4466",2025-11-30,47,"Mendenhall School","PM2.5","Guilford",36.1090060008986,-79.802314
"4467",2025-12-01,28,"Mendenhall School","PM2.5","Guilford",36.1090060008986,-79.802314
"4468",2025-12-02,33,"Mendenhall School","PM2.5","Guilford",36.1090060008986,-79.802314
"4469",2025-12-03,42,"Mendenhall School","PM2.5","Guilford",36.1090060008986,-79.802314
"4470",2025-12-04,50,"Mendenhall School","PM2.5","Guilford",36.1090060008986,-79.802314
"4471",2025-12-05,33,"Mendenhall School","PM2.5","Guilford",36.1090060008986,-79.802314
"4472",2025-12-06,52,"Mendenhall School","PM2.5","Guilford",36.1090060008986,-79.802314
"4473",2025-12-07,52,"Mendenhall School","PM2.5","Guilford",36.1090060008986,-79.802314
"4474",2025-12-08,53,"Mendenhall School","PM2.5","Guilford",36.1090060008986,-79.802314
"4475",2025-12-09,39,"Mendenhall School","PM2.5","Guilford",36.1090060008986,-79.802314
"4476",2025-12-10,45,"Mendenhall School","PM2.5","Guilford",36.1090060008986,-79.802314
"4477",2025-12-11,18,"Mendenhall School","PM2.5","Guilford",36.1090060008986,-79.802314
"4478",2025-12-12,36,"Mendenhall School","PM2.5","Guilford",36.1090060008986,-79.802314
"4479",2025-12-13,59,"Mendenhall School","PM2.5","Guilford",36.1090060008986,-79.802314
"4480",2025-12-14,40,"Mendenhall School","PM2.5","Guilford",36.1090060008986,-79.802314
"4481",2025-12-15,20,"Mendenhall School","PM2.5","Guilford",36.1090060008986,-79.802314
"4482",2025-12-16,46,"Mendenhall School","PM2.5","Guilford",36.1090060008986,-79.802314
"4483",2025-12-17,61,"Mendenhall School","PM2.5","Guilford",36.1090060008986,-79.802314
"4484",2025-12-18,63,"Mendenhall School","PM2.5","Guilford",36.1090060008986,-79.802314
"4485",2025-12-19,7,"Mendenhall School","PM2.5","Guilford",36.1090060008986,-79.802314
"4486",2025-12-20,26,"Mendenhall School","PM2.5","Guilford",36.1090060008986,-79.802314
"4487",2025-12-21,34,"Mendenhall School","PM2.5","Guilford",36.1090060008986,-79.802314
"4488",2025-12-22,18,"Mendenhall School","PM2.5","Guilford",36.1090060008986,-79.802314
"4489",2025-12-23,37,"Mendenhall School","PM2.5","Guilford",36.1090060008986,-79.802314
"4490",2025-12-24,56,"Mendenhall School","PM2.5","Guilford",36.1090060008986,-79.802314
"4491",2025-12-25,63,"Mendenhall School","PM2.5","Guilford",36.1090060008986,-79.802314
"4492",2025-12-26,35,"Mendenhall School","PM2.5","Guilford",36.1090060008986,-79.802314
"4493",2025-12-27,51,"Mendenhall School","PM2.5","Guilford",36.1090060008986,-79.802314
"4494",2025-12-28,27,"Mendenhall School","PM2.5","Guilford",36.1090060008986,-79.802314
"4495",2025-12-29,20,"Mendenhall School","PM2.5","Guilford",36.1090060008986,-79.802314
"4496",2025-12-30,18,"Mendenhall School","PM2.5","Guilford",36.1090060008986,-79.802314
"4497",2025-12-31,18,"Mendenhall School","PM2.5","Guilford",36.1090060008986,-79.802314
"4498",2025-01-04,4,"Frying Pan Mountain","PM2.5","Haywood",35.379167,-82.7925
"4499",2025-01-07,5,"Frying Pan Mountain","PM2.5","Haywood",35.379167,-82.7925
"4500",2025-01-10,1,"Frying Pan Mountain","PM2.5","Haywood",35.379167,-82.7925
"4501",2025-01-13,13,"Frying Pan Mountain","PM2.5","Haywood",35.379167,-82.7925
"4502",2025-01-16,7,"Frying Pan Mountain","PM2.5","Haywood",35.379167,-82.7925
"4503",2025-01-19,20,"Frying Pan Mountain","PM2.5","Haywood",35.379167,-82.7925
"4504",2025-01-25,6,"Frying Pan Mountain","PM2.5","Haywood",35.379167,-82.7925
"4505",2025-01-28,10,"Frying Pan Mountain","PM2.5","Haywood",35.379167,-82.7925
"4506",2025-01-31,20,"Frying Pan Mountain","PM2.5","Haywood",35.379167,-82.7925
"4507",2025-02-03,18,"Frying Pan Mountain","PM2.5","Haywood",35.379167,-82.7925
"4508",2025-02-06,23,"Frying Pan Mountain","PM2.5","Haywood",35.379167,-82.7925
"4509",2025-02-09,14,"Frying Pan Mountain","PM2.5","Haywood",35.379167,-82.7925
"4510",2025-02-12,2,"Frying Pan Mountain","PM2.5","Haywood",35.379167,-82.7925
"4511",2025-02-15,8,"Frying Pan Mountain","PM2.5","Haywood",35.379167,-82.7925
"4512",2025-02-18,10,"Frying Pan Mountain","PM2.5","Haywood",35.379167,-82.7925
"4513",2025-02-21,6,"Frying Pan Mountain","PM2.5","Haywood",35.379167,-82.7925
"4514",2025-02-24,15,"Frying Pan Mountain","PM2.5","Haywood",35.379167,-82.7925
"4515",2025-02-27,25,"Frying Pan Mountain","PM2.5","Haywood",35.379167,-82.7925
"4516",2025-03-02,16,"Frying Pan Mountain","PM2.5","Haywood",35.379167,-82.7925
"4517",2025-03-08,27,"Frying Pan Mountain","PM2.5","Haywood",35.379167,-82.7925
"4518",2025-03-11,20,"Frying Pan Mountain","PM2.5","Haywood",35.379167,-82.7925
"4519",2025-03-14,52,"Frying Pan Mountain","PM2.5","Haywood",35.379167,-82.7925
"4520",2025-03-17,8,"Frying Pan Mountain","PM2.5","Haywood",35.379167,-82.7925
"4521",2025-03-26,18,"Frying Pan Mountain","PM2.5","Haywood",35.379167,-82.7925
"4522",2025-03-29,41,"Frying Pan Mountain","PM2.5","Haywood",35.379167,-82.7925
"4523",2025-04-01,8,"Frying Pan Mountain","PM2.5","Haywood",35.379167,-82.7925
"4524",2025-04-04,31,"Frying Pan Mountain","PM2.5","Haywood",35.379167,-82.7925
"4525",2025-04-07,8,"Frying Pan Mountain","PM2.5","Haywood",35.379167,-82.7925
"4526",2025-04-25,19,"Frying Pan Mountain","PM2.5","Haywood",35.379167,-82.7925
"4527",2025-04-28,24,"Frying Pan Mountain","PM2.5","Haywood",35.379167,-82.7925
"4528",2025-05-01,34,"Frying Pan Mountain","PM2.5","Haywood",35.379167,-82.7925
"4529",2025-05-04,11,"Frying Pan Mountain","PM2.5","Haywood",35.379167,-82.7925
"4530",2025-05-07,11,"Frying Pan Mountain","PM2.5","Haywood",35.379167,-82.7925
"4531",2025-05-10,22,"Frying Pan Mountain","PM2.5","Haywood",35.379167,-82.7925
"4532",2025-05-13,9,"Frying Pan Mountain","PM2.5","Haywood",35.379167,-82.7925
"4533",2025-05-16,40,"Frying Pan Mountain","PM2.5","Haywood",35.379167,-82.7925
"4534",2025-05-19,24,"Frying Pan Mountain","PM2.5","Haywood",35.379167,-82.7925
"4535",2025-05-22,12,"Frying Pan Mountain","PM2.5","Haywood",35.379167,-82.7925
"4536",2025-05-25,12,"Frying Pan Mountain","PM2.5","Haywood",35.379167,-82.7925
"4537",2025-05-28,14,"Frying Pan Mountain","PM2.5","Haywood",35.379167,-82.7925
"4538",2025-05-31,53,"Frying Pan Mountain","PM2.5","Haywood",35.379167,-82.7925
"4539",2025-06-03,57,"Frying Pan Mountain","PM2.5","Haywood",35.379167,-82.7925
"4540",2025-06-06,43,"Frying Pan Mountain","PM2.5","Haywood",35.379167,-82.7925
"4541",2025-06-09,19,"Frying Pan Mountain","PM2.5","Haywood",35.379167,-82.7925
"4542",2025-06-12,31,"Frying Pan Mountain","PM2.5","Haywood",35.379167,-82.7925
"4543",2025-06-15,18,"Frying Pan Mountain","PM2.5","Haywood",35.379167,-82.7925
"4544",2025-06-18,27,"Frying Pan Mountain","PM2.5","Haywood",35.379167,-82.7925
"4545",2025-06-21,28,"Frying Pan Mountain","PM2.5","Haywood",35.379167,-82.7925
"4546",2025-06-24,49,"Frying Pan Mountain","PM2.5","Haywood",35.379167,-82.7925
"4547",2025-06-27,36,"Frying Pan Mountain","PM2.5","Haywood",35.379167,-82.7925
"4548",2025-06-30,31,"Frying Pan Mountain","PM2.5","Haywood",35.379167,-82.7925
"4549",2025-07-03,29,"Frying Pan Mountain","PM2.5","Haywood",35.379167,-82.7925
"4550",2025-07-06,45,"Frying Pan Mountain","PM2.5","Haywood",35.379167,-82.7925
"4551",2025-07-09,42,"Frying Pan Mountain","PM2.5","Haywood",35.379167,-82.7925
"4552",2025-07-12,19,"Frying Pan Mountain","PM2.5","Haywood",35.379167,-82.7925
"4553",2025-07-15,22,"Frying Pan Mountain","PM2.5","Haywood",35.379167,-82.7925
"4554",2025-07-18,19,"Frying Pan Mountain","PM2.5","Haywood",35.379167,-82.7925
"4555",2025-07-21,39,"Frying Pan Mountain","PM2.5","Haywood",35.379167,-82.7925
"4556",2025-07-24,39,"Frying Pan Mountain","PM2.5","Haywood",35.379167,-82.7925
"4557",2025-07-27,15,"Frying Pan Mountain","PM2.5","Haywood",35.379167,-82.7925
"4558",2025-07-30,22,"Frying Pan Mountain","PM2.5","Haywood",35.379167,-82.7925
"4559",2025-08-02,1,"Frying Pan Mountain","PM2.5","Haywood",35.379167,-82.7925
"4560",2025-08-05,2,"Frying Pan Mountain","PM2.5","Haywood",35.379167,-82.7925
"4561",2025-08-08,19,"Frying Pan Mountain","PM2.5","Haywood",35.379167,-82.7925
"4562",2025-08-11,2,"Frying Pan Mountain","PM2.5","Haywood",35.379167,-82.7925
"4563",2025-08-17,38,"Frying Pan Mountain","PM2.5","Haywood",35.379167,-82.7925
"4564",2025-08-20,29,"Frying Pan Mountain","PM2.5","Haywood",35.379167,-82.7925
"4565",2025-08-23,12,"Frying Pan Mountain","PM2.5","Haywood",35.379167,-82.7925
"4566",2025-08-26,17,"Frying Pan Mountain","PM2.5","Haywood",35.379167,-82.7925
"4567",2025-08-29,21,"Frying Pan Mountain","PM2.5","Haywood",35.379167,-82.7925
"4568",2025-09-01,22,"Frying Pan Mountain","PM2.5","Haywood",35.379167,-82.7925
"4569",2025-09-04,31,"Frying Pan Mountain","PM2.5","Haywood",35.379167,-82.7925
"4570",2025-09-07,14,"Frying Pan Mountain","PM2.5","Haywood",35.379167,-82.7925
"4571",2025-09-10,22,"Frying Pan Mountain","PM2.5","Haywood",35.379167,-82.7925
"4572",2025-09-13,30,"Frying Pan Mountain","PM2.5","Haywood",35.379167,-82.7925
"4573",2025-09-16,38,"Frying Pan Mountain","PM2.5","Haywood",35.379167,-82.7925
"4574",2025-09-19,32,"Frying Pan Mountain","PM2.5","Haywood",35.379167,-82.7925
"4575",2025-09-22,38,"Frying Pan Mountain","PM2.5","Haywood",35.379167,-82.7925
"4576",2025-09-25,11,"Frying Pan Mountain","PM2.5","Haywood",35.379167,-82.7925
"4577",2025-09-28,14,"Frying Pan Mountain","PM2.5","Haywood",35.379167,-82.7925
"4578",2025-01-01,10,"Swanquarter","PM2.5","Hyde",35.4510904272765,-76.2071654064174
"4579",2025-01-04,11,"Swanquarter","PM2.5","Hyde",35.4510904272765,-76.2071654064174
"4580",2025-01-07,13,"Swanquarter","PM2.5","Hyde",35.4510904272765,-76.2071654064174
"4581",2025-01-10,19,"Swanquarter","PM2.5","Hyde",35.4510904272765,-76.2071654064174
"4582",2025-01-13,29,"Swanquarter","PM2.5","Hyde",35.4510904272765,-76.2071654064174
"4583",2025-01-16,22,"Swanquarter","PM2.5","Hyde",35.4510904272765,-76.2071654064174
"4584",2025-01-19,20,"Swanquarter","PM2.5","Hyde",35.4510904272765,-76.2071654064174
"4585",2025-01-25,26,"Swanquarter","PM2.5","Hyde",35.4510904272765,-76.2071654064174
"4586",2025-01-31,36,"Swanquarter","PM2.5","Hyde",35.4510904272765,-76.2071654064174
"4587",2025-02-03,15,"Swanquarter","PM2.5","Hyde",35.4510904272765,-76.2071654064174
"4588",2025-02-06,21,"Swanquarter","PM2.5","Hyde",35.4510904272765,-76.2071654064174
"4589",2025-02-09,37,"Swanquarter","PM2.5","Hyde",35.4510904272765,-76.2071654064174
"4590",2025-02-12,8,"Swanquarter","PM2.5","Hyde",35.4510904272765,-76.2071654064174
"4591",2025-02-15,23,"Swanquarter","PM2.5","Hyde",35.4510904272765,-76.2071654064174
"4592",2025-02-18,14,"Swanquarter","PM2.5","Hyde",35.4510904272765,-76.2071654064174
"4593",2025-02-21,18,"Swanquarter","PM2.5","Hyde",35.4510904272765,-76.2071654064174
"4594",2025-02-24,24,"Swanquarter","PM2.5","Hyde",35.4510904272765,-76.2071654064174
"4595",2025-03-02,12,"Swanquarter","PM2.5","Hyde",35.4510904272765,-76.2071654064174
"4596",2025-03-05,52,"Swanquarter","PM2.5","Hyde",35.4510904272765,-76.2071654064174
"4597",2025-03-08,49,"Swanquarter","PM2.5","Hyde",35.4510904272765,-76.2071654064174
"4598",2025-03-11,18,"Swanquarter","PM2.5","Hyde",35.4510904272765,-76.2071654064174
"4599",2025-03-14,30,"Swanquarter","PM2.5","Hyde",35.4510904272765,-76.2071654064174
"4600",2025-03-17,29,"Swanquarter","PM2.5","Hyde",35.4510904272765,-76.2071654064174
"4601",2025-03-20,32,"Swanquarter","PM2.5","Hyde",35.4510904272765,-76.2071654064174
"4602",2025-03-23,27,"Swanquarter","PM2.5","Hyde",35.4510904272765,-76.2071654064174
"4603",2025-03-26,14,"Swanquarter","PM2.5","Hyde",35.4510904272765,-76.2071654064174
"4604",2025-03-29,20,"Swanquarter","PM2.5","Hyde",35.4510904272765,-76.2071654064174
"4605",2025-04-01,17,"Swanquarter","PM2.5","Hyde",35.4510904272765,-76.2071654064174
"4606",2025-04-04,39,"Swanquarter","PM2.5","Hyde",35.4510904272765,-76.2071654064174
"4607",2025-04-07,42,"Swanquarter","PM2.5","Hyde",35.4510904272765,-76.2071654064174
"4608",2025-04-10,16,"Swanquarter","PM2.5","Hyde",35.4510904272765,-76.2071654064174
"4609",2025-04-13,21,"Swanquarter","PM2.5","Hyde",35.4510904272765,-76.2071654064174
"4610",2025-04-16,16,"Swanquarter","PM2.5","Hyde",35.4510904272765,-76.2071654064174
"4611",2025-04-19,23,"Swanquarter","PM2.5","Hyde",35.4510904272765,-76.2071654064174
"4612",2025-04-22,29,"Swanquarter","PM2.5","Hyde",35.4510904272765,-76.2071654064174
"4613",2025-04-25,22,"Swanquarter","PM2.5","Hyde",35.4510904272765,-76.2071654064174
"4614",2025-04-28,13,"Swanquarter","PM2.5","Hyde",35.4510904272765,-76.2071654064174
"4615",2025-05-01,29,"Swanquarter","PM2.5","Hyde",35.4510904272765,-76.2071654064174
"4616",2025-05-04,26,"Swanquarter","PM2.5","Hyde",35.4510904272765,-76.2071654064174
"4617",2025-05-07,38,"Swanquarter","PM2.5","Hyde",35.4510904272765,-76.2071654064174
"4618",2025-05-10,14,"Swanquarter","PM2.5","Hyde",35.4510904272765,-76.2071654064174
"4619",2025-05-13,27,"Swanquarter","PM2.5","Hyde",35.4510904272765,-76.2071654064174
"4620",2025-05-16,55,"Swanquarter","PM2.5","Hyde",35.4510904272765,-76.2071654064174
"4621",2025-05-19,34,"Swanquarter","PM2.5","Hyde",35.4510904272765,-76.2071654064174
"4622",2025-05-22,23,"Swanquarter","PM2.5","Hyde",35.4510904272765,-76.2071654064174
"4623",2025-05-25,26,"Swanquarter","PM2.5","Hyde",35.4510904272765,-76.2071654064174
"4624",2025-05-28,22,"Swanquarter","PM2.5","Hyde",35.4510904272765,-76.2071654064174
"4625",2025-06-06,42,"Swanquarter","PM2.5","Hyde",35.4510904272765,-76.2071654064174
"4626",2025-06-09,46,"Swanquarter","PM2.5","Hyde",35.4510904272765,-76.2071654064174
"4627",2025-06-12,24,"Swanquarter","PM2.5","Hyde",35.4510904272765,-76.2071654064174
"4628",2025-06-15,30,"Swanquarter","PM2.5","Hyde",35.4510904272765,-76.2071654064174
"4629",2025-06-18,30,"Swanquarter","PM2.5","Hyde",35.4510904272765,-76.2071654064174
"4630",2025-06-21,26,"Swanquarter","PM2.5","Hyde",35.4510904272765,-76.2071654064174
"4631",2025-06-24,59,"Swanquarter","PM2.5","Hyde",35.4510904272765,-76.2071654064174
"4632",2025-06-27,47,"Swanquarter","PM2.5","Hyde",35.4510904272765,-76.2071654064174
"4633",2025-06-30,41,"Swanquarter","PM2.5","Hyde",35.4510904272765,-76.2071654064174
"4634",2025-07-03,32,"Swanquarter","PM2.5","Hyde",35.4510904272765,-76.2071654064174
"4635",2025-07-06,25,"Swanquarter","PM2.5","Hyde",35.4510904272765,-76.2071654064174
"4636",2025-07-09,31,"Swanquarter","PM2.5","Hyde",35.4510904272765,-76.2071654064174
"4637",2025-07-12,45,"Swanquarter","PM2.5","Hyde",35.4510904272765,-76.2071654064174
"4638",2025-07-15,28,"Swanquarter","PM2.5","Hyde",35.4510904272765,-76.2071654064174
"4639",2025-07-18,29,"Swanquarter","PM2.5","Hyde",35.4510904272765,-76.2071654064174
"4640",2025-07-21,47,"Swanquarter","PM2.5","Hyde",35.4510904272765,-76.2071654064174
"4641",2025-07-24,22,"Swanquarter","PM2.5","Hyde",35.4510904272765,-76.2071654064174
"4642",2025-07-27,43,"Swanquarter","PM2.5","Hyde",35.4510904272765,-76.2071654064174
"4643",2025-07-30,35,"Swanquarter","PM2.5","Hyde",35.4510904272765,-76.2071654064174
"4644",2025-08-02,24,"Swanquarter","PM2.5","Hyde",35.4510904272765,-76.2071654064174
"4645",2025-08-05,18,"Swanquarter","PM2.5","Hyde",35.4510904272765,-76.2071654064174
"4646",2025-08-08,49,"Swanquarter","PM2.5","Hyde",35.4510904272765,-76.2071654064174
"4647",2025-08-11,12,"Swanquarter","PM2.5","Hyde",35.4510904272765,-76.2071654064174
"4648",2025-08-14,24,"Swanquarter","PM2.5","Hyde",35.4510904272765,-76.2071654064174
"4649",2025-08-17,44,"Swanquarter","PM2.5","Hyde",35.4510904272765,-76.2071654064174
"4650",2025-08-20,22,"Swanquarter","PM2.5","Hyde",35.4510904272765,-76.2071654064174
"4651",2025-08-23,24,"Swanquarter","PM2.5","Hyde",35.4510904272765,-76.2071654064174
"4652",2025-08-26,29,"Swanquarter","PM2.5","Hyde",35.4510904272765,-76.2071654064174
"4653",2025-08-29,33,"Swanquarter","PM2.5","Hyde",35.4510904272765,-76.2071654064174
"4654",2025-09-01,15,"Swanquarter","PM2.5","Hyde",35.4510904272765,-76.2071654064174
"4655",2025-09-04,21,"Swanquarter","PM2.5","Hyde",35.4510904272765,-76.2071654064174
"4656",2025-09-07,31,"Swanquarter","PM2.5","Hyde",35.4510904272765,-76.2071654064174
"4657",2025-09-10,6,"Swanquarter","PM2.5","Hyde",35.4510904272765,-76.2071654064174
"4658",2025-09-13,24,"Swanquarter","PM2.5","Hyde",35.4510904272765,-76.2071654064174
"4659",2025-09-16,13,"Swanquarter","PM2.5","Hyde",35.4510904272765,-76.2071654064174
"4660",2025-09-19,22,"Swanquarter","PM2.5","Hyde",35.4510904272765,-76.2071654064174
"4661",2025-09-22,24,"Swanquarter","PM2.5","Hyde",35.4510904272765,-76.2071654064174
"4662",2025-09-25,16,"Swanquarter","PM2.5","Hyde",35.4510904272765,-76.2071654064174
"4663",2025-09-28,15,"Swanquarter","PM2.5","Hyde",35.4510904272765,-76.2071654064174
"4664",2025-01-01,0,"West Johnston Co.","PM2.5","Johnston",35.59095,-78.4622
"4665",2025-01-02,3,"West Johnston Co.","PM2.5","Johnston",35.59095,-78.4622
"4666",2025-01-03,21,"West Johnston Co.","PM2.5","Johnston",35.59095,-78.4622
"4667",2025-01-04,0,"West Johnston Co.","PM2.5","Johnston",35.59095,-78.4622
"4668",2025-01-05,9,"West Johnston Co.","PM2.5","Johnston",35.59095,-78.4622
"4669",2025-01-06,17,"West Johnston Co.","PM2.5","Johnston",35.59095,-78.4622
"4670",2025-01-07,4,"West Johnston Co.","PM2.5","Johnston",35.59095,-78.4622
"4671",2025-01-08,7,"West Johnston Co.","PM2.5","Johnston",35.59095,-78.4622
"4672",2025-01-09,8,"West Johnston Co.","PM2.5","Johnston",35.59095,-78.4622
"4673",2025-01-10,26,"West Johnston Co.","PM2.5","Johnston",35.59095,-78.4622
"4674",2025-01-11,24,"West Johnston Co.","PM2.5","Johnston",35.59095,-78.4622
"4675",2025-01-12,22,"West Johnston Co.","PM2.5","Johnston",35.59095,-78.4622
"4676",2025-01-13,50,"West Johnston Co.","PM2.5","Johnston",35.59095,-78.4622
"4677",2025-01-14,18,"West Johnston Co.","PM2.5","Johnston",35.59095,-78.4622
"4678",2025-01-15,7,"West Johnston Co.","PM2.5","Johnston",35.59095,-78.4622
"4679",2025-01-16,39,"West Johnston Co.","PM2.5","Johnston",35.59095,-78.4622
"4680",2025-01-17,23,"West Johnston Co.","PM2.5","Johnston",35.59095,-78.4622
"4681",2025-01-18,52,"West Johnston Co.","PM2.5","Johnston",35.59095,-78.4622
"4682",2025-01-19,35,"West Johnston Co.","PM2.5","Johnston",35.59095,-78.4622
"4683",2025-01-20,4,"West Johnston Co.","PM2.5","Johnston",35.59095,-78.4622
"4684",2025-01-21,2,"West Johnston Co.","PM2.5","Johnston",35.59095,-78.4622
"4685",2025-01-22,15,"West Johnston Co.","PM2.5","Johnston",35.59095,-78.4622
"4686",2025-01-23,37,"West Johnston Co.","PM2.5","Johnston",35.59095,-78.4622
"4687",2025-01-24,32,"West Johnston Co.","PM2.5","Johnston",35.59095,-78.4622
"4688",2025-01-25,43,"West Johnston Co.","PM2.5","Johnston",35.59095,-78.4622
"4689",2025-01-26,49,"West Johnston Co.","PM2.5","Johnston",35.59095,-78.4622
"4690",2025-01-27,50,"West Johnston Co.","PM2.5","Johnston",35.59095,-78.4622
"4691",2025-01-28,24,"West Johnston Co.","PM2.5","Johnston",35.59095,-78.4622
"4692",2025-01-29,43,"West Johnston Co.","PM2.5","Johnston",35.59095,-78.4622
"4693",2025-01-30,28,"West Johnston Co.","PM2.5","Johnston",35.59095,-78.4622
"4694",2025-01-31,52,"West Johnston Co.","PM2.5","Johnston",35.59095,-78.4622
"4695",2025-02-01,7,"West Johnston Co.","PM2.5","Johnston",35.59095,-78.4622
"4696",2025-02-02,17,"West Johnston Co.","PM2.5","Johnston",35.59095,-78.4622
"4697",2025-02-03,39,"West Johnston Co.","PM2.5","Johnston",35.59095,-78.4622
"4698",2025-02-04,51,"West Johnston Co.","PM2.5","Johnston",35.59095,-78.4622
"4699",2025-02-05,20,"West Johnston Co.","PM2.5","Johnston",35.59095,-78.4622
"4700",2025-02-06,57,"West Johnston Co.","PM2.5","Johnston",35.59095,-78.4622
"4701",2025-02-07,44,"West Johnston Co.","PM2.5","Johnston",35.59095,-78.4622
"4702",2025-02-08,34,"West Johnston Co.","PM2.5","Johnston",35.59095,-78.4622
"4703",2025-02-09,46,"West Johnston Co.","PM2.5","Johnston",35.59095,-78.4622
"4704",2025-02-10,27,"West Johnston Co.","PM2.5","Johnston",35.59095,-78.4622
"4705",2025-02-11,30,"West Johnston Co.","PM2.5","Johnston",35.59095,-78.4622
"4706",2025-02-12,16,"West Johnston Co.","PM2.5","Johnston",35.59095,-78.4622
"4707",2025-02-13,24,"West Johnston Co.","PM2.5","Johnston",35.59095,-78.4622
"4708",2025-02-14,28,"West Johnston Co.","PM2.5","Johnston",35.59095,-78.4622
"4709",2025-02-15,36,"West Johnston Co.","PM2.5","Johnston",35.59095,-78.4622
"4710",2025-02-16,24,"West Johnston Co.","PM2.5","Johnston",35.59095,-78.4622
"4711",2025-02-17,12,"West Johnston Co.","PM2.5","Johnston",35.59095,-78.4622
"4712",2025-02-18,24,"West Johnston Co.","PM2.5","Johnston",35.59095,-78.4622
"4713",2025-02-19,17,"West Johnston Co.","PM2.5","Johnston",35.59095,-78.4622
"4714",2025-02-20,19,"West Johnston Co.","PM2.5","Johnston",35.59095,-78.4622
"4715",2025-02-21,16,"West Johnston Co.","PM2.5","Johnston",35.59095,-78.4622
"4716",2025-02-22,27,"West Johnston Co.","PM2.5","Johnston",35.59095,-78.4622
"4717",2025-02-23,47,"West Johnston Co.","PM2.5","Johnston",35.59095,-78.4622
"4718",2025-02-24,53,"West Johnston Co.","PM2.5","Johnston",35.59095,-78.4622
"4719",2025-02-25,60,"West Johnston Co.","PM2.5","Johnston",35.59095,-78.4622
"4720",2025-02-26,57,"West Johnston Co.","PM2.5","Johnston",35.59095,-78.4622
"4721",2025-02-27,64,"West Johnston Co.","PM2.5","Johnston",35.59095,-78.4622
"4722",2025-02-28,16,"West Johnston Co.","PM2.5","Johnston",35.59095,-78.4622
"4723",2025-03-01,39,"West Johnston Co.","PM2.5","Johnston",35.59095,-78.4622
"4724",2025-03-02,9,"West Johnston Co.","PM2.5","Johnston",35.59095,-78.4622
"4725",2025-03-03,37,"West Johnston Co.","PM2.5","Johnston",35.59095,-78.4622
"4726",2025-03-04,42,"West Johnston Co.","PM2.5","Johnston",35.59095,-78.4622
"4727",2025-03-05,31,"West Johnston Co.","PM2.5","Johnston",35.59095,-78.4622
"4728",2025-03-06,0,"West Johnston Co.","PM2.5","Johnston",35.59095,-78.4622
"4729",2025-03-07,26,"West Johnston Co.","PM2.5","Johnston",35.59095,-78.4622
"4730",2025-03-12,54,"West Johnston Co.","PM2.5","Johnston",35.59095,-78.4622
"4731",2025-03-13,66,"West Johnston Co.","PM2.5","Johnston",35.59095,-78.4622
"4732",2025-03-14,56,"West Johnston Co.","PM2.5","Johnston",35.59095,-78.4622
"4733",2025-03-15,55,"West Johnston Co.","PM2.5","Johnston",35.59095,-78.4622
"4734",2025-03-16,23,"West Johnston Co.","PM2.5","Johnston",35.59095,-78.4622
"4735",2025-03-17,23,"West Johnston Co.","PM2.5","Johnston",35.59095,-78.4622
"4736",2025-03-18,21,"West Johnston Co.","PM2.5","Johnston",35.59095,-78.4622
"4737",2025-03-19,60,"West Johnston Co.","PM2.5","Johnston",35.59095,-78.4622
"4738",2025-03-20,54,"West Johnston Co.","PM2.5","Johnston",35.59095,-78.4622
"4739",2025-03-21,9,"West Johnston Co.","PM2.5","Johnston",35.59095,-78.4622
"4740",2025-03-22,48,"West Johnston Co.","PM2.5","Johnston",35.59095,-78.4622
"4741",2025-03-23,42,"West Johnston Co.","PM2.5","Johnston",35.59095,-78.4622
"4742",2025-03-24,53,"West Johnston Co.","PM2.5","Johnston",35.59095,-78.4622
"4743",2025-03-25,23,"West Johnston Co.","PM2.5","Johnston",35.59095,-78.4622
"4744",2025-03-26,17,"West Johnston Co.","PM2.5","Johnston",35.59095,-78.4622
"4745",2025-03-27,22,"West Johnston Co.","PM2.5","Johnston",35.59095,-78.4622
"4746",2025-03-28,47,"West Johnston Co.","PM2.5","Johnston",35.59095,-78.4622
"4747",2025-03-29,32,"West Johnston Co.","PM2.5","Johnston",35.59095,-78.4622
"4748",2025-03-30,27,"West Johnston Co.","PM2.5","Johnston",35.59095,-78.4622
"4749",2025-03-31,26,"West Johnston Co.","PM2.5","Johnston",35.59095,-78.4622
"4750",2025-04-01,10,"West Johnston Co.","PM2.5","Johnston",35.59095,-78.4622
"4751",2025-04-02,38,"West Johnston Co.","PM2.5","Johnston",35.59095,-78.4622
"4752",2025-04-03,39,"West Johnston Co.","PM2.5","Johnston",35.59095,-78.4622
"4753",2025-04-04,54,"West Johnston Co.","PM2.5","Johnston",35.59095,-78.4622
"4754",2025-04-05,46,"West Johnston Co.","PM2.5","Johnston",35.59095,-78.4622
"4755",2025-04-06,36,"West Johnston Co.","PM2.5","Johnston",35.59095,-78.4622
"4756",2025-04-07,38,"West Johnston Co.","PM2.5","Johnston",35.59095,-78.4622
"4757",2025-04-08,21,"West Johnston Co.","PM2.5","Johnston",35.59095,-78.4622
"4758",2025-04-09,26,"West Johnston Co.","PM2.5","Johnston",35.59095,-78.4622
"4759",2025-04-10,32,"West Johnston Co.","PM2.5","Johnston",35.59095,-78.4622
"4760",2025-04-11,24,"West Johnston Co.","PM2.5","Johnston",35.59095,-78.4622
"4761",2025-04-12,16,"West Johnston Co.","PM2.5","Johnston",35.59095,-78.4622
"4762",2025-04-13,31,"West Johnston Co.","PM2.5","Johnston",35.59095,-78.4622
"4763",2025-04-14,57,"West Johnston Co.","PM2.5","Johnston",35.59095,-78.4622
"4764",2025-04-15,43,"West Johnston Co.","PM2.5","Johnston",35.59095,-78.4622
"4765",2025-04-16,32,"West Johnston Co.","PM2.5","Johnston",35.59095,-78.4622
"4766",2025-04-17,46,"West Johnston Co.","PM2.5","Johnston",35.59095,-78.4622
"4767",2025-04-18,52,"West Johnston Co.","PM2.5","Johnston",35.59095,-78.4622
"4768",2025-04-19,43,"West Johnston Co.","PM2.5","Johnston",35.59095,-78.4622
"4769",2025-04-20,53,"West Johnston Co.","PM2.5","Johnston",35.59095,-78.4622
"4770",2025-04-21,42,"West Johnston Co.","PM2.5","Johnston",35.59095,-78.4622
"4771",2025-04-22,57,"West Johnston Co.","PM2.5","Johnston",35.59095,-78.4622
"4772",2025-04-23,57,"West Johnston Co.","PM2.5","Johnston",35.59095,-78.4622
"4773",2025-04-24,53,"West Johnston Co.","PM2.5","Johnston",35.59095,-78.4622
"4774",2025-04-25,55,"West Johnston Co.","PM2.5","Johnston",35.59095,-78.4622
"4775",2025-04-26,36,"West Johnston Co.","PM2.5","Johnston",35.59095,-78.4622
"4776",2025-04-27,18,"West Johnston Co.","PM2.5","Johnston",35.59095,-78.4622
"4777",2025-04-28,35,"West Johnston Co.","PM2.5","Johnston",35.59095,-78.4622
"4778",2025-04-29,36,"West Johnston Co.","PM2.5","Johnston",35.59095,-78.4622
"4779",2025-04-30,54,"West Johnston Co.","PM2.5","Johnston",35.59095,-78.4622
"4780",2025-05-01,52,"West Johnston Co.","PM2.5","Johnston",35.59095,-78.4622
"4781",2025-05-02,42,"West Johnston Co.","PM2.5","Johnston",35.59095,-78.4622
"4782",2025-05-03,31,"West Johnston Co.","PM2.5","Johnston",35.59095,-78.4622
"4783",2025-05-04,22,"West Johnston Co.","PM2.5","Johnston",35.59095,-78.4622
"4784",2025-05-05,32,"West Johnston Co.","PM2.5","Johnston",35.59095,-78.4622
"4785",2025-05-06,33,"West Johnston Co.","PM2.5","Johnston",35.59095,-78.4622
"4786",2025-05-07,39,"West Johnston Co.","PM2.5","Johnston",35.59095,-78.4622
"4787",2025-05-08,52,"West Johnston Co.","PM2.5","Johnston",35.59095,-78.4622
"4788",2025-05-09,21,"West Johnston Co.","PM2.5","Johnston",35.59095,-78.4622
"4789",2025-05-10,31,"West Johnston Co.","PM2.5","Johnston",35.59095,-78.4622
"4790",2025-05-11,48,"West Johnston Co.","PM2.5","Johnston",35.59095,-78.4622
"4791",2025-05-12,23,"West Johnston Co.","PM2.5","Johnston",35.59095,-78.4622
"4792",2025-05-13,19,"West Johnston Co.","PM2.5","Johnston",35.59095,-78.4622
"4793",2025-05-14,26,"West Johnston Co.","PM2.5","Johnston",35.59095,-78.4622
"4794",2025-05-15,50,"West Johnston Co.","PM2.5","Johnston",35.59095,-78.4622
"4795",2025-05-16,58,"West Johnston Co.","PM2.5","Johnston",35.59095,-78.4622
"4796",2025-05-17,48,"West Johnston Co.","PM2.5","Johnston",35.59095,-78.4622
"4797",2025-05-18,36,"West Johnston Co.","PM2.5","Johnston",35.59095,-78.4622
"4798",2025-05-19,39,"West Johnston Co.","PM2.5","Johnston",35.59095,-78.4622
"4799",2025-05-20,45,"West Johnston Co.","PM2.5","Johnston",35.59095,-78.4622
"4800",2025-05-21,37,"West Johnston Co.","PM2.5","Johnston",35.59095,-78.4622
"4801",2025-05-22,18,"West Johnston Co.","PM2.5","Johnston",35.59095,-78.4622
"4802",2025-05-23,13,"West Johnston Co.","PM2.5","Johnston",35.59095,-78.4622
"4803",2025-05-24,29,"West Johnston Co.","PM2.5","Johnston",35.59095,-78.4622
"4804",2025-05-25,39,"West Johnston Co.","PM2.5","Johnston",35.59095,-78.4622
"4805",2025-05-26,29,"West Johnston Co.","PM2.5","Johnston",35.59095,-78.4622
"4806",2025-05-27,16,"West Johnston Co.","PM2.5","Johnston",35.59095,-78.4622
"4807",2025-05-28,18,"West Johnston Co.","PM2.5","Johnston",35.59095,-78.4622
"4808",2025-05-29,37,"West Johnston Co.","PM2.5","Johnston",35.59095,-78.4622
"4809",2025-05-30,21,"West Johnston Co.","PM2.5","Johnston",35.59095,-78.4622
"4810",2025-05-31,43,"West Johnston Co.","PM2.5","Johnston",35.59095,-78.4622
"4811",2025-06-01,49,"West Johnston Co.","PM2.5","Johnston",35.59095,-78.4622
"4812",2025-06-02,35,"West Johnston Co.","PM2.5","Johnston",35.59095,-78.4622
"4813",2025-06-03,46,"West Johnston Co.","PM2.5","Johnston",35.59095,-78.4622
"4814",2025-06-04,51,"West Johnston Co.","PM2.5","Johnston",35.59095,-78.4622
"4815",2025-06-05,40,"West Johnston Co.","PM2.5","Johnston",35.59095,-78.4622
"4816",2025-06-06,63,"West Johnston Co.","PM2.5","Johnston",35.59095,-78.4622
"4817",2025-06-07,43,"West Johnston Co.","PM2.5","Johnston",35.59095,-78.4622
"4818",2025-06-08,50,"West Johnston Co.","PM2.5","Johnston",35.59095,-78.4622
"4819",2025-06-09,43,"West Johnston Co.","PM2.5","Johnston",35.59095,-78.4622
"4820",2025-06-10,30,"West Johnston Co.","PM2.5","Johnston",35.59095,-78.4622
"4821",2025-06-11,46,"West Johnston Co.","PM2.5","Johnston",35.59095,-78.4622
"4822",2025-06-12,44,"West Johnston Co.","PM2.5","Johnston",35.59095,-78.4622
"4823",2025-06-13,36,"West Johnston Co.","PM2.5","Johnston",35.59095,-78.4622
"4824",2025-06-14,34,"West Johnston Co.","PM2.5","Johnston",35.59095,-78.4622
"4825",2025-06-15,35,"West Johnston Co.","PM2.5","Johnston",35.59095,-78.4622
"4826",2025-06-16,37,"West Johnston Co.","PM2.5","Johnston",35.59095,-78.4622
"4827",2025-06-17,36,"West Johnston Co.","PM2.5","Johnston",35.59095,-78.4622
"4828",2025-06-18,45,"West Johnston Co.","PM2.5","Johnston",35.59095,-78.4622
"4829",2025-06-19,44,"West Johnston Co.","PM2.5","Johnston",35.59095,-78.4622
"4830",2025-06-20,55,"West Johnston Co.","PM2.5","Johnston",35.59095,-78.4622
"4831",2025-06-21,50,"West Johnston Co.","PM2.5","Johnston",35.59095,-78.4622
"4832",2025-06-22,56,"West Johnston Co.","PM2.5","Johnston",35.59095,-78.4622
"4833",2025-06-23,62,"West Johnston Co.","PM2.5","Johnston",35.59095,-78.4622
"4834",2025-06-24,68,"West Johnston Co.","PM2.5","Johnston",35.59095,-78.4622
"4835",2025-06-25,62,"West Johnston Co.","PM2.5","Johnston",35.59095,-78.4622
"4836",2025-06-26,61,"West Johnston Co.","PM2.5","Johnston",35.59095,-78.4622
"4837",2025-06-27,57,"West Johnston Co.","PM2.5","Johnston",35.59095,-78.4622
"4838",2025-06-28,52,"West Johnston Co.","PM2.5","Johnston",35.59095,-78.4622
"4839",2025-06-29,53,"West Johnston Co.","PM2.5","Johnston",35.59095,-78.4622
"4840",2025-06-30,53,"West Johnston Co.","PM2.5","Johnston",35.59095,-78.4622
"4841",2025-07-01,41,"West Johnston Co.","PM2.5","Johnston",35.59095,-78.4622
"4842",2025-07-02,39,"West Johnston Co.","PM2.5","Johnston",35.59095,-78.4622
"4843",2025-07-03,33,"West Johnston Co.","PM2.5","Johnston",35.59095,-78.4622
"4844",2025-07-04,60,"West Johnston Co.","PM2.5","Johnston",35.59095,-78.4622
"4845",2025-07-05,58,"West Johnston Co.","PM2.5","Johnston",35.59095,-78.4622
"4846",2025-07-06,18,"West Johnston Co.","PM2.5","Johnston",35.59095,-78.4622
"4847",2025-07-07,50,"West Johnston Co.","PM2.5","Johnston",35.59095,-78.4622
"4848",2025-07-08,55,"West Johnston Co.","PM2.5","Johnston",35.59095,-78.4622
"4849",2025-07-09,39,"West Johnston Co.","PM2.5","Johnston",35.59095,-78.4622
"4850",2025-07-10,41,"West Johnston Co.","PM2.5","Johnston",35.59095,-78.4622
"4851",2025-07-11,41,"West Johnston Co.","PM2.5","Johnston",35.59095,-78.4622
"4852",2025-07-12,55,"West Johnston Co.","PM2.5","Johnston",35.59095,-78.4622
"4853",2025-07-13,42,"West Johnston Co.","PM2.5","Johnston",35.59095,-78.4622
"4854",2025-07-14,38,"West Johnston Co.","PM2.5","Johnston",35.59095,-78.4622
"4855",2025-07-15,26,"West Johnston Co.","PM2.5","Johnston",35.59095,-78.4622
"4856",2025-07-16,28,"West Johnston Co.","PM2.5","Johnston",35.59095,-78.4622
"4857",2025-07-17,47,"West Johnston Co.","PM2.5","Johnston",35.59095,-78.4622
"4858",2025-07-18,39,"West Johnston Co.","PM2.5","Johnston",35.59095,-78.4622
"4859",2025-07-19,43,"West Johnston Co.","PM2.5","Johnston",35.59095,-78.4622
"4860",2025-07-20,43,"West Johnston Co.","PM2.5","Johnston",35.59095,-78.4622
"4861",2025-07-21,49,"West Johnston Co.","PM2.5","Johnston",35.59095,-78.4622
"4862",2025-07-22,44,"West Johnston Co.","PM2.5","Johnston",35.59095,-78.4622
"4863",2025-07-23,48,"West Johnston Co.","PM2.5","Johnston",35.59095,-78.4622
"4864",2025-07-24,56,"West Johnston Co.","PM2.5","Johnston",35.59095,-78.4622
"4865",2025-07-25,59,"West Johnston Co.","PM2.5","Johnston",35.59095,-78.4622
"4866",2025-07-26,57,"West Johnston Co.","PM2.5","Johnston",35.59095,-78.4622
"4867",2025-07-27,53,"West Johnston Co.","PM2.5","Johnston",35.59095,-78.4622
"4868",2025-07-28,34,"West Johnston Co.","PM2.5","Johnston",35.59095,-78.4622
"4869",2025-07-29,39,"West Johnston Co.","PM2.5","Johnston",35.59095,-78.4622
"4870",2025-07-30,38,"West Johnston Co.","PM2.5","Johnston",35.59095,-78.4622
"4871",2025-07-31,44,"West Johnston Co.","PM2.5","Johnston",35.59095,-78.4622
"4872",2025-08-01,44,"West Johnston Co.","PM2.5","Johnston",35.59095,-78.4622
"4873",2025-08-02,18,"West Johnston Co.","PM2.5","Johnston",35.59095,-78.4622
"4874",2025-08-03,34,"West Johnston Co.","PM2.5","Johnston",35.59095,-78.4622
"4875",2025-08-04,39,"West Johnston Co.","PM2.5","Johnston",35.59095,-78.4622
"4876",2025-08-05,36,"West Johnston Co.","PM2.5","Johnston",35.59095,-78.4622
"4877",2025-08-06,26,"West Johnston Co.","PM2.5","Johnston",35.59095,-78.4622
"4878",2025-08-07,62,"West Johnston Co.","PM2.5","Johnston",35.59095,-78.4622
"4879",2025-08-08,68,"West Johnston Co.","PM2.5","Johnston",35.59095,-78.4622
"4880",2025-08-09,39,"West Johnston Co.","PM2.5","Johnston",35.59095,-78.4622
"4881",2025-08-10,29,"West Johnston Co.","PM2.5","Johnston",35.59095,-78.4622
"4882",2025-08-11,24,"West Johnston Co.","PM2.5","Johnston",35.59095,-78.4622
"4883",2025-08-12,17,"West Johnston Co.","PM2.5","Johnston",35.59095,-78.4622
"4884",2025-08-13,21,"West Johnston Co.","PM2.5","Johnston",35.59095,-78.4622
"4885",2025-08-14,38,"West Johnston Co.","PM2.5","Johnston",35.59095,-78.4622
"4886",2025-08-15,39,"West Johnston Co.","PM2.5","Johnston",35.59095,-78.4622
"4887",2025-08-16,46,"West Johnston Co.","PM2.5","Johnston",35.59095,-78.4622
"4888",2025-08-17,55,"West Johnston Co.","PM2.5","Johnston",35.59095,-78.4622
"4889",2025-08-18,52,"West Johnston Co.","PM2.5","Johnston",35.59095,-78.4622
"4890",2025-08-19,26,"West Johnston Co.","PM2.5","Johnston",35.59095,-78.4622
"4891",2025-08-20,28,"West Johnston Co.","PM2.5","Johnston",35.59095,-78.4622
"4892",2025-08-21,31,"West Johnston Co.","PM2.5","Johnston",35.59095,-78.4622
"4893",2025-08-22,25,"West Johnston Co.","PM2.5","Johnston",35.59095,-78.4622
"4894",2025-08-23,38,"West Johnston Co.","PM2.5","Johnston",35.59095,-78.4622
"4895",2025-08-24,38,"West Johnston Co.","PM2.5","Johnston",35.59095,-78.4622
"4896",2025-08-25,41,"West Johnston Co.","PM2.5","Johnston",35.59095,-78.4622
"4897",2025-08-26,31,"West Johnston Co.","PM2.5","Johnston",35.59095,-78.4622
"4898",2025-08-27,39,"West Johnston Co.","PM2.5","Johnston",35.59095,-78.4622
"4899",2025-08-28,36,"West Johnston Co.","PM2.5","Johnston",35.59095,-78.4622
"4900",2025-08-29,48,"West Johnston Co.","PM2.5","Johnston",35.59095,-78.4622
"4901",2025-08-30,45,"West Johnston Co.","PM2.5","Johnston",35.59095,-78.4622
"4902",2025-08-31,23,"West Johnston Co.","PM2.5","Johnston",35.59095,-78.4622
"4903",2025-09-01,31,"West Johnston Co.","PM2.5","Johnston",35.59095,-78.4622
"4904",2025-09-02,21,"West Johnston Co.","PM2.5","Johnston",35.59095,-78.4622
"4905",2025-09-03,38,"West Johnston Co.","PM2.5","Johnston",35.59095,-78.4622
"4906",2025-09-04,52,"West Johnston Co.","PM2.5","Johnston",35.59095,-78.4622
"4907",2025-09-05,52,"West Johnston Co.","PM2.5","Johnston",35.59095,-78.4622
"4908",2025-09-06,51,"West Johnston Co.","PM2.5","Johnston",35.59095,-78.4622
"4909",2025-09-07,42,"West Johnston Co.","PM2.5","Johnston",35.59095,-78.4622
"4910",2025-09-08,24,"West Johnston Co.","PM2.5","Johnston",35.59095,-78.4622
"4911",2025-09-09,29,"West Johnston Co.","PM2.5","Johnston",35.59095,-78.4622
"4912",2025-09-10,14,"West Johnston Co.","PM2.5","Johnston",35.59095,-78.4622
"4913",2025-09-11,25,"West Johnston Co.","PM2.5","Johnston",35.59095,-78.4622
"4914",2025-09-12,33,"West Johnston Co.","PM2.5","Johnston",35.59095,-78.4622
"4915",2025-09-13,42,"West Johnston Co.","PM2.5","Johnston",35.59095,-78.4622
"4916",2025-09-14,49,"West Johnston Co.","PM2.5","Johnston",35.59095,-78.4622
"4917",2025-09-15,43,"West Johnston Co.","PM2.5","Johnston",35.59095,-78.4622
"4918",2025-09-16,29,"West Johnston Co.","PM2.5","Johnston",35.59095,-78.4622
"4919",2025-09-17,28,"West Johnston Co.","PM2.5","Johnston",35.59095,-78.4622
"4920",2025-09-18,23,"West Johnston Co.","PM2.5","Johnston",35.59095,-78.4622
"4921",2025-09-19,54,"West Johnston Co.","PM2.5","Johnston",35.59095,-78.4622
"4922",2025-09-20,52,"West Johnston Co.","PM2.5","Johnston",35.59095,-78.4622
"4923",2025-09-21,54,"West Johnston Co.","PM2.5","Johnston",35.59095,-78.4622
"4924",2025-09-22,34,"West Johnston Co.","PM2.5","Johnston",35.59095,-78.4622
"4925",2025-09-23,43,"West Johnston Co.","PM2.5","Johnston",35.59095,-78.4622
"4926",2025-09-24,43,"West Johnston Co.","PM2.5","Johnston",35.59095,-78.4622
"4927",2025-09-25,50,"West Johnston Co.","PM2.5","Johnston",35.59095,-78.4622
"4928",2025-09-26,51,"West Johnston Co.","PM2.5","Johnston",35.59095,-78.4622
"4929",2025-09-27,32,"West Johnston Co.","PM2.5","Johnston",35.59095,-78.4622
"4930",2025-09-28,27,"West Johnston Co.","PM2.5","Johnston",35.59095,-78.4622
"4931",2025-09-29,33,"West Johnston Co.","PM2.5","Johnston",35.59095,-78.4622
"4932",2025-09-30,52,"West Johnston Co.","PM2.5","Johnston",35.59095,-78.4622
"4933",2025-10-01,39,"West Johnston Co.","PM2.5","Johnston",35.59095,-78.4622
"4934",2025-10-02,23,"West Johnston Co.","PM2.5","Johnston",35.59095,-78.4622
"4935",2025-10-08,19,"West Johnston Co.","PM2.5","Johnston",35.59095,-78.4622
"4936",2025-10-09,22,"West Johnston Co.","PM2.5","Johnston",35.59095,-78.4622
"4937",2025-10-10,23,"West Johnston Co.","PM2.5","Johnston",35.59095,-78.4622
"4938",2025-10-11,22,"West Johnston Co.","PM2.5","Johnston",35.59095,-78.4622
"4939",2025-10-12,4,"West Johnston Co.","PM2.5","Johnston",35.59095,-78.4622
"4940",2025-10-17,13,"West Johnston Co.","PM2.5","Johnston",35.59095,-78.4622
"4941",2025-10-18,55,"West Johnston Co.","PM2.5","Johnston",35.59095,-78.4622
"4942",2025-10-19,28,"West Johnston Co.","PM2.5","Johnston",35.59095,-78.4622
"4943",2025-10-20,15,"West Johnston Co.","PM2.5","Johnston",35.59095,-78.4622
"4944",2025-10-21,41,"West Johnston Co.","PM2.5","Johnston",35.59095,-78.4622
"4945",2025-10-22,53,"West Johnston Co.","PM2.5","Johnston",35.59095,-78.4622
"4946",2025-10-23,29,"West Johnston Co.","PM2.5","Johnston",35.59095,-78.4622
"4947",2025-10-24,23,"West Johnston Co.","PM2.5","Johnston",35.59095,-78.4622
"4948",2025-10-25,22,"West Johnston Co.","PM2.5","Johnston",35.59095,-78.4622
"4949",2025-10-26,19,"West Johnston Co.","PM2.5","Johnston",35.59095,-78.4622
"4950",2025-10-27,18,"West Johnston Co.","PM2.5","Johnston",35.59095,-78.4622
"4951",2025-10-28,11,"West Johnston Co.","PM2.5","Johnston",35.59095,-78.4622
"4952",2025-10-29,15,"West Johnston Co.","PM2.5","Johnston",35.59095,-78.4622
"4953",2025-10-30,19,"West Johnston Co.","PM2.5","Johnston",35.59095,-78.4622
"4954",2025-10-31,19,"West Johnston Co.","PM2.5","Johnston",35.59095,-78.4622
"4955",2025-11-01,47,"West Johnston Co.","PM2.5","Johnston",35.59095,-78.4622
"4956",2025-11-02,63,"West Johnston Co.","PM2.5","Johnston",35.59095,-78.4622
"4957",2025-11-03,29,"West Johnston Co.","PM2.5","Johnston",35.59095,-78.4622
"4958",2025-11-04,32,"West Johnston Co.","PM2.5","Johnston",35.59095,-78.4622
"4959",2025-11-05,46,"West Johnston Co.","PM2.5","Johnston",35.59095,-78.4622
"4960",2025-11-06,47,"West Johnston Co.","PM2.5","Johnston",35.59095,-78.4622
"4961",2025-11-07,54,"West Johnston Co.","PM2.5","Johnston",35.59095,-78.4622
"4962",2025-11-08,56,"West Johnston Co.","PM2.5","Johnston",35.59095,-78.4622
"4963",2025-11-09,56,"West Johnston Co.","PM2.5","Johnston",35.59095,-78.4622
"4964",2025-11-10,1,"West Johnston Co.","PM2.5","Johnston",35.59095,-78.4622
"4965",2025-11-11,11,"West Johnston Co.","PM2.5","Johnston",35.59095,-78.4622
"4966",2025-11-12,49,"West Johnston Co.","PM2.5","Johnston",35.59095,-78.4622
"4967",2025-11-13,52,"West Johnston Co.","PM2.5","Johnston",35.59095,-78.4622
"4968",2025-11-14,49,"West Johnston Co.","PM2.5","Johnston",35.59095,-78.4622
"4969",2025-11-15,54,"West Johnston Co.","PM2.5","Johnston",35.59095,-78.4622
"4970",2025-11-16,46,"West Johnston Co.","PM2.5","Johnston",35.59095,-78.4622
"4971",2025-11-17,27,"West Johnston Co.","PM2.5","Johnston",35.59095,-78.4622
"4972",2025-11-18,46,"West Johnston Co.","PM2.5","Johnston",35.59095,-78.4622
"4973",2025-11-19,53,"West Johnston Co.","PM2.5","Johnston",35.59095,-78.4622
"4974",2025-11-20,52,"West Johnston Co.","PM2.5","Johnston",35.59095,-78.4622
"4975",2025-11-21,65,"West Johnston Co.","PM2.5","Johnston",35.59095,-78.4622
"4976",2025-11-22,56,"West Johnston Co.","PM2.5","Johnston",35.59095,-78.4622
"4977",2025-11-23,40,"West Johnston Co.","PM2.5","Johnston",35.59095,-78.4622
"4978",2025-11-24,41,"West Johnston Co.","PM2.5","Johnston",35.59095,-78.4622
"4979",2025-11-25,47,"West Johnston Co.","PM2.5","Johnston",35.59095,-78.4622
"4980",2025-11-26,33,"West Johnston Co.","PM2.5","Johnston",35.59095,-78.4622
"4981",2025-11-27,11,"West Johnston Co.","PM2.5","Johnston",35.59095,-78.4622
"4982",2025-11-28,23,"West Johnston Co.","PM2.5","Johnston",35.59095,-78.4622
"4983",2025-11-29,36,"West Johnston Co.","PM2.5","Johnston",35.59095,-78.4622
"4984",2025-11-30,41,"West Johnston Co.","PM2.5","Johnston",35.59095,-78.4622
"4985",2025-12-01,22,"West Johnston Co.","PM2.5","Johnston",35.59095,-78.4622
"4986",2025-12-02,31,"West Johnston Co.","PM2.5","Johnston",35.59095,-78.4622
"4987",2025-12-03,32,"West Johnston Co.","PM2.5","Johnston",35.59095,-78.4622
"4988",2025-12-04,58,"West Johnston Co.","PM2.5","Johnston",35.59095,-78.4622
"4989",2025-12-05,33,"West Johnston Co.","PM2.5","Johnston",35.59095,-78.4622
"4990",2025-12-06,44,"West Johnston Co.","PM2.5","Johnston",35.59095,-78.4622
"4991",2025-12-07,59,"West Johnston Co.","PM2.5","Johnston",35.59095,-78.4622
"4992",2025-12-08,44,"West Johnston Co.","PM2.5","Johnston",35.59095,-78.4622
"4993",2025-12-09,28,"West Johnston Co.","PM2.5","Johnston",35.59095,-78.4622
"4994",2025-12-10,43,"West Johnston Co.","PM2.5","Johnston",35.59095,-78.4622
"4995",2025-12-11,17,"West Johnston Co.","PM2.5","Johnston",35.59095,-78.4622
"4996",2025-12-12,34,"West Johnston Co.","PM2.5","Johnston",35.59095,-78.4622
"4997",2025-12-13,58,"West Johnston Co.","PM2.5","Johnston",35.59095,-78.4622
"4998",2025-12-14,31,"West Johnston Co.","PM2.5","Johnston",35.59095,-78.4622
"4999",2025-12-15,24,"West Johnston Co.","PM2.5","Johnston",35.59095,-78.4622
"5000",2025-12-16,34,"West Johnston Co.","PM2.5","Johnston",35.59095,-78.4622
"5001",2025-12-17,56,"West Johnston Co.","PM2.5","Johnston",35.59095,-78.4622
"5002",2025-12-18,55,"West Johnston Co.","PM2.5","Johnston",35.59095,-78.4622
"5003",2025-12-19,7,"West Johnston Co.","PM2.5","Johnston",35.59095,-78.4622
"5004",2025-12-20,26,"West Johnston Co.","PM2.5","Johnston",35.59095,-78.4622
"5005",2025-12-21,30,"West Johnston Co.","PM2.5","Johnston",35.59095,-78.4622
"5006",2025-12-22,21,"West Johnston Co.","PM2.5","Johnston",35.59095,-78.4622
"5007",2025-12-23,50,"West Johnston Co.","PM2.5","Johnston",35.59095,-78.4622
"5008",2025-12-24,41,"West Johnston Co.","PM2.5","Johnston",35.59095,-78.4622
"5009",2025-12-25,55,"West Johnston Co.","PM2.5","Johnston",35.59095,-78.4622
"5010",2025-12-26,34,"West Johnston Co.","PM2.5","Johnston",35.59095,-78.4622
"5011",2025-12-27,41,"West Johnston Co.","PM2.5","Johnston",35.59095,-78.4622
"5012",2025-12-28,34,"West Johnston Co.","PM2.5","Johnston",35.59095,-78.4622
"5013",2025-12-29,21,"West Johnston Co.","PM2.5","Johnston",35.59095,-78.4622
"5014",2025-12-30,21,"West Johnston Co.","PM2.5","Johnston",35.59095,-78.4622
"5015",2025-12-31,25,"West Johnston Co.","PM2.5","Johnston",35.59095,-78.4622
"5016",2025-01-01,11,"Garinger High School","PM2.5","Mecklenburg",35.2401000008895,-80.785683
"5017",2025-01-04,34,"Garinger High School","PM2.5","Mecklenburg",35.2401000008895,-80.785683
"5018",2025-01-07,16,"Garinger High School","PM2.5","Mecklenburg",35.2401000008895,-80.785683
"5019",2025-01-10,52,"Garinger High School","PM2.5","Mecklenburg",35.2401000008895,-80.785683
"5020",2025-01-13,56,"Garinger High School","PM2.5","Mecklenburg",35.2401000008895,-80.785683
"5021",2025-01-16,47,"Garinger High School","PM2.5","Mecklenburg",35.2401000008895,-80.785683
"5022",2025-01-19,38,"Garinger High School","PM2.5","Mecklenburg",35.2401000008895,-80.785683
"5023",2025-01-22,45,"Garinger High School","PM2.5","Mecklenburg",35.2401000008895,-80.785683
"5024",2025-01-25,67,"Garinger High School","PM2.5","Mecklenburg",35.2401000008895,-80.785683
"5025",2025-01-29,32,"Garinger High School","PM2.5","Mecklenburg",35.2401000008895,-80.785683
"5026",2025-01-31,52,"Garinger High School","PM2.5","Mecklenburg",35.2401000008895,-80.785683
"5027",2025-02-03,56,"Garinger High School","PM2.5","Mecklenburg",35.2401000008895,-80.785683
"5028",2025-02-06,55,"Garinger High School","PM2.5","Mecklenburg",35.2401000008895,-80.785683
"5029",2025-02-09,38,"Garinger High School","PM2.5","Mecklenburg",35.2401000008895,-80.785683
"5030",2025-02-12,9,"Garinger High School","PM2.5","Mecklenburg",35.2401000008895,-80.785683
"5031",2025-02-15,41,"Garinger High School","PM2.5","Mecklenburg",35.2401000008895,-80.785683
"5032",2025-02-18,46,"Garinger High School","PM2.5","Mecklenburg",35.2401000008895,-80.785683
"5033",2025-02-21,32,"Garinger High School","PM2.5","Mecklenburg",35.2401000008895,-80.785683
"5034",2025-02-24,65,"Garinger High School","PM2.5","Mecklenburg",35.2401000008895,-80.785683
"5035",2025-02-27,56,"Garinger High School","PM2.5","Mecklenburg",35.2401000008895,-80.785683
"5036",2025-03-02,26,"Garinger High School","PM2.5","Mecklenburg",35.2401000008895,-80.785683
"5037",2025-03-05,37,"Garinger High School","PM2.5","Mecklenburg",35.2401000008895,-80.785683
"5038",2025-03-08,52,"Garinger High School","PM2.5","Mecklenburg",35.2401000008895,-80.785683
"5039",2025-03-11,35,"Garinger High School","PM2.5","Mecklenburg",35.2401000008895,-80.785683
"5040",2025-03-14,73,"Garinger High School","PM2.5","Mecklenburg",35.2401000008895,-80.785683
"5041",2025-03-17,19,"Garinger High School","PM2.5","Mecklenburg",35.2401000008895,-80.785683
"5042",2025-03-20,53,"Garinger High School","PM2.5","Mecklenburg",35.2401000008895,-80.785683
"5043",2025-03-23,37,"Garinger High School","PM2.5","Mecklenburg",35.2401000008895,-80.785683
"5044",2025-03-26,21,"Garinger High School","PM2.5","Mecklenburg",35.2401000008895,-80.785683
"5045",2025-03-29,35,"Garinger High School","PM2.5","Mecklenburg",35.2401000008895,-80.785683
"5046",2025-04-01,17,"Garinger High School","PM2.5","Mecklenburg",35.2401000008895,-80.785683
"5047",2025-04-04,52,"Garinger High School","PM2.5","Mecklenburg",35.2401000008895,-80.785683
"5048",2025-04-07,36,"Garinger High School","PM2.5","Mecklenburg",35.2401000008895,-80.785683
"5049",2025-04-10,48,"Garinger High School","PM2.5","Mecklenburg",35.2401000008895,-80.785683
"5050",2025-04-13,43,"Garinger High School","PM2.5","Mecklenburg",35.2401000008895,-80.785683
"5051",2025-04-16,30,"Garinger High School","PM2.5","Mecklenburg",35.2401000008895,-80.785683
"5052",2025-04-19,53,"Garinger High School","PM2.5","Mecklenburg",35.2401000008895,-80.785683
"5053",2025-04-22,52,"Garinger High School","PM2.5","Mecklenburg",35.2401000008895,-80.785683
"5054",2025-04-25,52,"Garinger High School","PM2.5","Mecklenburg",35.2401000008895,-80.785683
"5055",2025-04-28,47,"Garinger High School","PM2.5","Mecklenburg",35.2401000008895,-80.785683
"5056",2025-05-01,49,"Garinger High School","PM2.5","Mecklenburg",35.2401000008895,-80.785683
"5057",2025-05-04,17,"Garinger High School","PM2.5","Mecklenburg",35.2401000008895,-80.785683
"5058",2025-05-07,41,"Garinger High School","PM2.5","Mecklenburg",35.2401000008895,-80.785683
"5059",2025-05-10,32,"Garinger High School","PM2.5","Mecklenburg",35.2401000008895,-80.785683
"5060",2025-05-13,24,"Garinger High School","PM2.5","Mecklenburg",35.2401000008895,-80.785683
"5061",2025-05-16,59,"Garinger High School","PM2.5","Mecklenburg",35.2401000008895,-80.785683
"5062",2025-05-19,48,"Garinger High School","PM2.5","Mecklenburg",35.2401000008895,-80.785683
"5063",2025-05-22,20,"Garinger High School","PM2.5","Mecklenburg",35.2401000008895,-80.785683
"5064",2025-05-25,53,"Garinger High School","PM2.5","Mecklenburg",35.2401000008895,-80.785683
"5065",2025-05-28,20,"Garinger High School","PM2.5","Mecklenburg",35.2401000008895,-80.785683
"5066",2025-05-31,50,"Garinger High School","PM2.5","Mecklenburg",35.2401000008895,-80.785683
"5067",2025-06-03,53,"Garinger High School","PM2.5","Mecklenburg",35.2401000008895,-80.785683
"5068",2025-06-06,52,"Garinger High School","PM2.5","Mecklenburg",35.2401000008895,-80.785683
"5069",2025-06-09,35,"Garinger High School","PM2.5","Mecklenburg",35.2401000008895,-80.785683
"5070",2025-06-12,51,"Garinger High School","PM2.5","Mecklenburg",35.2401000008895,-80.785683
"5071",2025-06-15,31,"Garinger High School","PM2.5","Mecklenburg",35.2401000008895,-80.785683
"5072",2025-06-18,30,"Garinger High School","PM2.5","Mecklenburg",35.2401000008895,-80.785683
"5073",2025-06-21,53,"Garinger High School","PM2.5","Mecklenburg",35.2401000008895,-80.785683
"5074",2025-06-24,61,"Garinger High School","PM2.5","Mecklenburg",35.2401000008895,-80.785683
"5075",2025-06-28,53,"Garinger High School","PM2.5","Mecklenburg",35.2401000008895,-80.785683
"5076",2025-06-30,53,"Garinger High School","PM2.5","Mecklenburg",35.2401000008895,-80.785683
"5077",2025-07-03,42,"Garinger High School","PM2.5","Mecklenburg",35.2401000008895,-80.785683
"5078",2025-07-06,38,"Garinger High School","PM2.5","Mecklenburg",35.2401000008895,-80.785683
"5079",2025-07-09,53,"Garinger High School","PM2.5","Mecklenburg",35.2401000008895,-80.785683
"5080",2025-07-12,28,"Garinger High School","PM2.5","Mecklenburg",35.2401000008895,-80.785683
"5081",2025-07-15,39,"Garinger High School","PM2.5","Mecklenburg",35.2401000008895,-80.785683
"5082",2025-07-18,47,"Garinger High School","PM2.5","Mecklenburg",35.2401000008895,-80.785683
"5083",2025-07-21,55,"Garinger High School","PM2.5","Mecklenburg",35.2401000008895,-80.785683
"5084",2025-07-24,52,"Garinger High School","PM2.5","Mecklenburg",35.2401000008895,-80.785683
"5085",2025-07-27,46,"Garinger High School","PM2.5","Mecklenburg",35.2401000008895,-80.785683
"5086",2025-07-30,44,"Garinger High School","PM2.5","Mecklenburg",35.2401000008895,-80.785683
"5087",2025-08-02,21,"Garinger High School","PM2.5","Mecklenburg",35.2401000008895,-80.785683
"5088",2025-08-05,27,"Garinger High School","PM2.5","Mecklenburg",35.2401000008895,-80.785683
"5089",2025-08-08,75,"Garinger High School","PM2.5","Mecklenburg",35.2401000008895,-80.785683
"5090",2025-08-11,13,"Garinger High School","PM2.5","Mecklenburg",35.2401000008895,-80.785683
"5091",2025-08-14,24,"Garinger High School","PM2.5","Mecklenburg",35.2401000008895,-80.785683
"5092",2025-08-17,52,"Garinger High School","PM2.5","Mecklenburg",35.2401000008895,-80.785683
"5093",2025-08-20,48,"Garinger High School","PM2.5","Mecklenburg",35.2401000008895,-80.785683
"5094",2025-08-23,38,"Garinger High School","PM2.5","Mecklenburg",35.2401000008895,-80.785683
"5095",2025-08-26,33,"Garinger High School","PM2.5","Mecklenburg",35.2401000008895,-80.785683
"5096",2025-08-29,48,"Garinger High School","PM2.5","Mecklenburg",35.2401000008895,-80.785683
"5097",2025-09-01,30,"Garinger High School","PM2.5","Mecklenburg",35.2401000008895,-80.785683
"5098",2025-09-04,53,"Garinger High School","PM2.5","Mecklenburg",35.2401000008895,-80.785683
"5099",2025-09-07,36,"Garinger High School","PM2.5","Mecklenburg",35.2401000008895,-80.785683
"5100",2025-09-10,38,"Garinger High School","PM2.5","Mecklenburg",35.2401000008895,-80.785683
"5101",2025-09-13,53,"Garinger High School","PM2.5","Mecklenburg",35.2401000008895,-80.785683
"5102",2025-09-16,40,"Garinger High School","PM2.5","Mecklenburg",35.2401000008895,-80.785683
"5103",2025-09-19,57,"Garinger High School","PM2.5","Mecklenburg",35.2401000008895,-80.785683
"5104",2025-09-22,55,"Garinger High School","PM2.5","Mecklenburg",35.2401000008895,-80.785683
"5105",2025-09-25,42,"Garinger High School","PM2.5","Mecklenburg",35.2401000008895,-80.785683
"5106",2025-09-28,33,"Garinger High School","PM2.5","Mecklenburg",35.2401000008895,-80.785683
"5107",2025-10-01,44,"Garinger High School","PM2.5","Mecklenburg",35.2401000008895,-80.785683
"5108",2025-10-04,45,"Garinger High School","PM2.5","Mecklenburg",35.2401000008895,-80.785683
"5109",2025-10-07,23,"Garinger High School","PM2.5","Mecklenburg",35.2401000008895,-80.785683
"5110",2025-10-10,28,"Garinger High School","PM2.5","Mecklenburg",35.2401000008895,-80.785683
"5111",2025-10-13,13,"Garinger High School","PM2.5","Mecklenburg",35.2401000008895,-80.785683
"5112",2025-10-16,27,"Garinger High School","PM2.5","Mecklenburg",35.2401000008895,-80.785683
"5113",2025-10-19,28,"Garinger High School","PM2.5","Mecklenburg",35.2401000008895,-80.785683
"5114",2025-10-22,32,"Garinger High School","PM2.5","Mecklenburg",35.2401000008895,-80.785683
"5115",2025-10-25,49,"Garinger High School","PM2.5","Mecklenburg",35.2401000008895,-80.785683
"5116",2025-10-28,17,"Garinger High School","PM2.5","Mecklenburg",35.2401000008895,-80.785683
"5117",2025-10-31,28,"Garinger High School","PM2.5","Mecklenburg",35.2401000008895,-80.785683
"5118",2025-11-03,41,"Garinger High School","PM2.5","Mecklenburg",35.2401000008895,-80.785683
"5119",2025-11-06,51,"Garinger High School","PM2.5","Mecklenburg",35.2401000008895,-80.785683
"5120",2025-11-09,51,"Garinger High School","PM2.5","Mecklenburg",35.2401000008895,-80.785683
"5121",2025-11-12,43,"Garinger High School","PM2.5","Mecklenburg",35.2401000008895,-80.785683
"5122",2025-11-15,55,"Garinger High School","PM2.5","Mecklenburg",35.2401000008895,-80.785683
"5123",2025-11-18,43,"Garinger High School","PM2.5","Mecklenburg",35.2401000008895,-80.785683
"5124",2025-11-21,82,"Garinger High School","PM2.5","Mecklenburg",35.2401000008895,-80.785683
"5125",2025-11-24,43,"Garinger High School","PM2.5","Mecklenburg",35.2401000008895,-80.785683
"5126",2025-11-27,14,"Garinger High School","PM2.5","Mecklenburg",35.2401000008895,-80.785683
"5127",2025-11-30,49,"Garinger High School","PM2.5","Mecklenburg",35.2401000008895,-80.785683
"5128",2025-12-03,35,"Garinger High School","PM2.5","Mecklenburg",35.2401000008895,-80.785683
"5129",2025-12-06,61,"Garinger High School","PM2.5","Mecklenburg",35.2401000008895,-80.785683
"5130",2025-12-09,43,"Garinger High School","PM2.5","Mecklenburg",35.2401000008895,-80.785683
"5131",2025-12-12,33,"Garinger High School","PM2.5","Mecklenburg",35.2401000008895,-80.785683
"5132",2025-12-15,27,"Garinger High School","PM2.5","Mecklenburg",35.2401000008895,-80.785683
"5133",2025-12-18,52,"Garinger High School","PM2.5","Mecklenburg",35.2401000008895,-80.785683
"5134",2025-12-21,34,"Garinger High School","PM2.5","Mecklenburg",35.2401000008895,-80.785683
"5135",2025-12-24,58,"Garinger High School","PM2.5","Mecklenburg",35.2401000008895,-80.785683
"5136",2025-12-27,57,"Garinger High School","PM2.5","Mecklenburg",35.2401000008895,-80.785683
"5137",2025-12-30,18,"Garinger High School","PM2.5","Mecklenburg",35.2401000008895,-80.785683
"5138",2025-01-01,15,"Garinger High School","PM2.5","Mecklenburg",35.2401000008895,-80.785683
"5139",2025-01-02,43,"Garinger High School","PM2.5","Mecklenburg",35.2401000008895,-80.785683
"5140",2025-01-03,40,"Garinger High School","PM2.5","Mecklenburg",35.2401000008895,-80.785683
"5141",2025-01-04,22,"Garinger High School","PM2.5","Mecklenburg",35.2401000008895,-80.785683
"5142",2025-01-05,53,"Garinger High School","PM2.5","Mecklenburg",35.2401000008895,-80.785683
"5143",2025-01-06,48,"Garinger High School","PM2.5","Mecklenburg",35.2401000008895,-80.785683
"5144",2025-01-07,22,"Garinger High School","PM2.5","Mecklenburg",35.2401000008895,-80.785683
"5145",2025-01-08,37,"Garinger High School","PM2.5","Mecklenburg",35.2401000008895,-80.785683
"5146",2025-01-09,34,"Garinger High School","PM2.5","Mecklenburg",35.2401000008895,-80.785683
"5147",2025-01-10,49,"Garinger High School","PM2.5","Mecklenburg",35.2401000008895,-80.785683
"5148",2025-01-11,31,"Garinger High School","PM2.5","Mecklenburg",35.2401000008895,-80.785683
"5149",2025-01-12,44,"Garinger High School","PM2.5","Mecklenburg",35.2401000008895,-80.785683
"5150",2025-01-13,55,"Garinger High School","PM2.5","Mecklenburg",35.2401000008895,-80.785683
"5151",2025-01-14,30,"Garinger High School","PM2.5","Mecklenburg",35.2401000008895,-80.785683
"5152",2025-01-15,39,"Garinger High School","PM2.5","Mecklenburg",35.2401000008895,-80.785683
"5153",2025-01-16,48,"Garinger High School","PM2.5","Mecklenburg",35.2401000008895,-80.785683
"5154",2025-01-17,37,"Garinger High School","PM2.5","Mecklenburg",35.2401000008895,-80.785683
"5155",2025-01-18,40,"Garinger High School","PM2.5","Mecklenburg",35.2401000008895,-80.785683
"5156",2025-01-19,40,"Garinger High School","PM2.5","Mecklenburg",35.2401000008895,-80.785683
"5157",2025-01-20,21,"Garinger High School","PM2.5","Mecklenburg",35.2401000008895,-80.785683
"5158",2025-01-21,25,"Garinger High School","PM2.5","Mecklenburg",35.2401000008895,-80.785683
"5159",2025-01-22,44,"Garinger High School","PM2.5","Mecklenburg",35.2401000008895,-80.785683
"5160",2025-01-23,57,"Garinger High School","PM2.5","Mecklenburg",35.2401000008895,-80.785683
"5161",2025-01-24,66,"Garinger High School","PM2.5","Mecklenburg",35.2401000008895,-80.785683
"5162",2025-01-25,68,"Garinger High School","PM2.5","Mecklenburg",35.2401000008895,-80.785683
"5163",2025-01-26,57,"Garinger High School","PM2.5","Mecklenburg",35.2401000008895,-80.785683
"5164",2025-01-27,48,"Garinger High School","PM2.5","Mecklenburg",35.2401000008895,-80.785683
"5165",2025-01-28,27,"Garinger High School","PM2.5","Mecklenburg",35.2401000008895,-80.785683
"5166",2025-01-29,35,"Garinger High School","PM2.5","Mecklenburg",35.2401000008895,-80.785683
"5167",2025-01-30,41,"Garinger High School","PM2.5","Mecklenburg",35.2401000008895,-80.785683
"5168",2025-01-31,46,"Garinger High School","PM2.5","Mecklenburg",35.2401000008895,-80.785683
"5169",2025-02-01,23,"Garinger High School","PM2.5","Mecklenburg",35.2401000008895,-80.785683
"5170",2025-02-02,43,"Garinger High School","PM2.5","Mecklenburg",35.2401000008895,-80.785683
"5171",2025-02-03,57,"Garinger High School","PM2.5","Mecklenburg",35.2401000008895,-80.785683
"5172",2025-02-04,56,"Garinger High School","PM2.5","Mecklenburg",35.2401000008895,-80.785683
"5173",2025-02-05,52,"Garinger High School","PM2.5","Mecklenburg",35.2401000008895,-80.785683
"5174",2025-02-06,57,"Garinger High School","PM2.5","Mecklenburg",35.2401000008895,-80.785683
"5175",2025-02-07,47,"Garinger High School","PM2.5","Mecklenburg",35.2401000008895,-80.785683
"5176",2025-02-08,53,"Garinger High School","PM2.5","Mecklenburg",35.2401000008895,-80.785683
"5177",2025-02-09,44,"Garinger High School","PM2.5","Mecklenburg",35.2401000008895,-80.785683
"5178",2025-02-10,28,"Garinger High School","PM2.5","Mecklenburg",35.2401000008895,-80.785683
"5179",2025-02-11,39,"Garinger High School","PM2.5","Mecklenburg",35.2401000008895,-80.785683
"5180",2025-02-12,7,"Garinger High School","PM2.5","Mecklenburg",35.2401000008895,-80.785683
"5181",2025-02-13,19,"Garinger High School","PM2.5","Mecklenburg",35.2401000008895,-80.785683
"5182",2025-02-14,38,"Garinger High School","PM2.5","Mecklenburg",35.2401000008895,-80.785683
"5183",2025-02-15,37,"Garinger High School","PM2.5","Mecklenburg",35.2401000008895,-80.785683
"5184",2025-02-16,24,"Garinger High School","PM2.5","Mecklenburg",35.2401000008895,-80.785683
"5185",2025-02-17,28,"Garinger High School","PM2.5","Mecklenburg",35.2401000008895,-80.785683
"5186",2025-02-18,48,"Garinger High School","PM2.5","Mecklenburg",35.2401000008895,-80.785683
"5187",2025-02-19,51,"Garinger High School","PM2.5","Mecklenburg",35.2401000008895,-80.785683
"5188",2025-02-20,39,"Garinger High School","PM2.5","Mecklenburg",35.2401000008895,-80.785683
"5189",2025-02-21,34,"Garinger High School","PM2.5","Mecklenburg",35.2401000008895,-80.785683
"5190",2025-02-22,42,"Garinger High School","PM2.5","Mecklenburg",35.2401000008895,-80.785683
"5191",2025-02-23,55,"Garinger High School","PM2.5","Mecklenburg",35.2401000008895,-80.785683
"5192",2025-02-24,67,"Garinger High School","PM2.5","Mecklenburg",35.2401000008895,-80.785683
"5193",2025-02-25,62,"Garinger High School","PM2.5","Mecklenburg",35.2401000008895,-80.785683
"5194",2025-02-26,59,"Garinger High School","PM2.5","Mecklenburg",35.2401000008895,-80.785683
"5195",2025-02-27,59,"Garinger High School","PM2.5","Mecklenburg",35.2401000008895,-80.785683
"5196",2025-02-28,19,"Garinger High School","PM2.5","Mecklenburg",35.2401000008895,-80.785683
"5197",2025-03-01,32,"Garinger High School","PM2.5","Mecklenburg",35.2401000008895,-80.785683
"5198",2025-03-02,25,"Garinger High School","PM2.5","Mecklenburg",35.2401000008895,-80.785683
"5199",2025-03-03,40,"Garinger High School","PM2.5","Mecklenburg",35.2401000008895,-80.785683
"5200",2025-03-04,29,"Garinger High School","PM2.5","Mecklenburg",35.2401000008895,-80.785683
"5201",2025-03-05,39,"Garinger High School","PM2.5","Mecklenburg",35.2401000008895,-80.785683
"5202",2025-03-06,7,"Garinger High School","PM2.5","Mecklenburg",35.2401000008895,-80.785683
"5203",2025-03-07,26,"Garinger High School","PM2.5","Mecklenburg",35.2401000008895,-80.785683
"5204",2025-03-08,52,"Garinger High School","PM2.5","Mecklenburg",35.2401000008895,-80.785683
"5205",2025-03-09,23,"Garinger High School","PM2.5","Mecklenburg",35.2401000008895,-80.785683
"5206",2025-03-10,46,"Garinger High School","PM2.5","Mecklenburg",35.2401000008895,-80.785683
"5207",2025-03-11,33,"Garinger High School","PM2.5","Mecklenburg",35.2401000008895,-80.785683
"5208",2025-03-12,53,"Garinger High School","PM2.5","Mecklenburg",35.2401000008895,-80.785683
"5209",2025-03-13,68,"Garinger High School","PM2.5","Mecklenburg",35.2401000008895,-80.785683
"5210",2025-03-14,77,"Garinger High School","PM2.5","Mecklenburg",35.2401000008895,-80.785683
"5211",2025-03-15,55,"Garinger High School","PM2.5","Mecklenburg",35.2401000008895,-80.785683
"5212",2025-03-16,42,"Garinger High School","PM2.5","Mecklenburg",35.2401000008895,-80.785683
"5213",2025-03-17,15,"Garinger High School","PM2.5","Mecklenburg",35.2401000008895,-80.785683
"5214",2025-03-18,14,"Garinger High School","PM2.5","Mecklenburg",35.2401000008895,-80.785683
"5215",2025-03-19,52,"Garinger High School","PM2.5","Mecklenburg",35.2401000008895,-80.785683
"5216",2025-03-20,52,"Garinger High School","PM2.5","Mecklenburg",35.2401000008895,-80.785683
"5217",2025-03-21,19,"Garinger High School","PM2.5","Mecklenburg",35.2401000008895,-80.785683
"5218",2025-03-22,42,"Garinger High School","PM2.5","Mecklenburg",35.2401000008895,-80.785683
"5219",2025-03-23,34,"Garinger High School","PM2.5","Mecklenburg",35.2401000008895,-80.785683
"5220",2025-03-24,54,"Garinger High School","PM2.5","Mecklenburg",35.2401000008895,-80.785683
"5221",2025-03-25,20,"Garinger High School","PM2.5","Mecklenburg",35.2401000008895,-80.785683
"5222",2025-03-26,21,"Garinger High School","PM2.5","Mecklenburg",35.2401000008895,-80.785683
"5223",2025-03-27,37,"Garinger High School","PM2.5","Mecklenburg",35.2401000008895,-80.785683
"5224",2025-03-28,48,"Garinger High School","PM2.5","Mecklenburg",35.2401000008895,-80.785683
"5225",2025-03-29,40,"Garinger High School","PM2.5","Mecklenburg",35.2401000008895,-80.785683
"5226",2025-03-30,33,"Garinger High School","PM2.5","Mecklenburg",35.2401000008895,-80.785683
"5227",2025-03-31,32,"Garinger High School","PM2.5","Mecklenburg",35.2401000008895,-80.785683
"5228",2025-04-01,12,"Garinger High School","PM2.5","Mecklenburg",35.2401000008895,-80.785683
"5229",2025-04-02,52,"Garinger High School","PM2.5","Mecklenburg",35.2401000008895,-80.785683
"5230",2025-04-03,40,"Garinger High School","PM2.5","Mecklenburg",35.2401000008895,-80.785683
"5231",2025-04-04,51,"Garinger High School","PM2.5","Mecklenburg",35.2401000008895,-80.785683
"5232",2025-04-05,46,"Garinger High School","PM2.5","Mecklenburg",35.2401000008895,-80.785683
"5233",2025-04-06,34,"Garinger High School","PM2.5","Mecklenburg",35.2401000008895,-80.785683
"5234",2025-04-07,27,"Garinger High School","PM2.5","Mecklenburg",35.2401000008895,-80.785683
"5235",2025-04-08,30,"Garinger High School","PM2.5","Mecklenburg",35.2401000008895,-80.785683
"5236",2025-04-09,36,"Garinger High School","PM2.5","Mecklenburg",35.2401000008895,-80.785683
"5237",2025-04-10,50,"Garinger High School","PM2.5","Mecklenburg",35.2401000008895,-80.785683
"5238",2025-04-11,29,"Garinger High School","PM2.5","Mecklenburg",35.2401000008895,-80.785683
"5239",2025-04-12,40,"Garinger High School","PM2.5","Mecklenburg",35.2401000008895,-80.785683
"5240",2025-04-13,43,"Garinger High School","PM2.5","Mecklenburg",35.2401000008895,-80.785683
"5241",2025-04-14,52,"Garinger High School","PM2.5","Mecklenburg",35.2401000008895,-80.785683
"5242",2025-04-15,46,"Garinger High School","PM2.5","Mecklenburg",35.2401000008895,-80.785683
"5243",2025-04-16,34,"Garinger High School","PM2.5","Mecklenburg",35.2401000008895,-80.785683
"5244",2025-04-17,46,"Garinger High School","PM2.5","Mecklenburg",35.2401000008895,-80.785683
"5245",2025-04-18,55,"Garinger High School","PM2.5","Mecklenburg",35.2401000008895,-80.785683
"5246",2025-04-19,54,"Garinger High School","PM2.5","Mecklenburg",35.2401000008895,-80.785683
"5247",2025-04-20,51,"Garinger High School","PM2.5","Mecklenburg",35.2401000008895,-80.785683
"5248",2025-04-21,50,"Garinger High School","PM2.5","Mecklenburg",35.2401000008895,-80.785683
"5249",2025-04-22,52,"Garinger High School","PM2.5","Mecklenburg",35.2401000008895,-80.785683
"5250",2025-04-23,46,"Garinger High School","PM2.5","Mecklenburg",35.2401000008895,-80.785683
"5251",2025-04-24,55,"Garinger High School","PM2.5","Mecklenburg",35.2401000008895,-80.785683
"5252",2025-04-25,48,"Garinger High School","PM2.5","Mecklenburg",35.2401000008895,-80.785683
"5253",2025-04-26,33,"Garinger High School","PM2.5","Mecklenburg",35.2401000008895,-80.785683
"5254",2025-04-27,28,"Garinger High School","PM2.5","Mecklenburg",35.2401000008895,-80.785683
"5255",2025-04-28,41,"Garinger High School","PM2.5","Mecklenburg",35.2401000008895,-80.785683
"5256",2025-04-29,42,"Garinger High School","PM2.5","Mecklenburg",35.2401000008895,-80.785683
"5257",2025-04-30,52,"Garinger High School","PM2.5","Mecklenburg",35.2401000008895,-80.785683
"5258",2025-05-01,51,"Garinger High School","PM2.5","Mecklenburg",35.2401000008895,-80.785683
"5259",2025-05-02,44,"Garinger High School","PM2.5","Mecklenburg",35.2401000008895,-80.785683
"5260",2025-05-03,42,"Garinger High School","PM2.5","Mecklenburg",35.2401000008895,-80.785683
"5261",2025-05-04,15,"Garinger High School","PM2.5","Mecklenburg",35.2401000008895,-80.785683
"5262",2025-05-05,24,"Garinger High School","PM2.5","Mecklenburg",35.2401000008895,-80.785683
"5263",2025-05-06,31,"Garinger High School","PM2.5","Mecklenburg",35.2401000008895,-80.785683
"5264",2025-05-07,42,"Garinger High School","PM2.5","Mecklenburg",35.2401000008895,-80.785683
"5265",2025-05-08,43,"Garinger High School","PM2.5","Mecklenburg",35.2401000008895,-80.785683
"5266",2025-05-09,22,"Garinger High School","PM2.5","Mecklenburg",35.2401000008895,-80.785683
"5267",2025-05-10,29,"Garinger High School","PM2.5","Mecklenburg",35.2401000008895,-80.785683
"5268",2025-05-11,47,"Garinger High School","PM2.5","Mecklenburg",35.2401000008895,-80.785683
"5269",2025-05-12,18,"Garinger High School","PM2.5","Mecklenburg",35.2401000008895,-80.785683
"5270",2025-05-13,12,"Garinger High School","PM2.5","Mecklenburg",35.2401000008895,-80.785683
"5271",2025-05-14,23,"Garinger High School","PM2.5","Mecklenburg",35.2401000008895,-80.785683
"5272",2025-05-15,47,"Garinger High School","PM2.5","Mecklenburg",35.2401000008895,-80.785683
"5273",2025-05-16,56,"Garinger High School","PM2.5","Mecklenburg",35.2401000008895,-80.785683
"5274",2025-05-17,33,"Garinger High School","PM2.5","Mecklenburg",35.2401000008895,-80.785683
"5275",2025-05-18,29,"Garinger High School","PM2.5","Mecklenburg",35.2401000008895,-80.785683
"5276",2025-05-19,43,"Garinger High School","PM2.5","Mecklenburg",35.2401000008895,-80.785683
"5277",2025-05-20,53,"Garinger High School","PM2.5","Mecklenburg",35.2401000008895,-80.785683
"5278",2025-05-21,40,"Garinger High School","PM2.5","Mecklenburg",35.2401000008895,-80.785683
"5279",2025-05-22,17,"Garinger High School","PM2.5","Mecklenburg",35.2401000008895,-80.785683
"5280",2025-05-23,14,"Garinger High School","PM2.5","Mecklenburg",35.2401000008895,-80.785683
"5281",2025-05-24,31,"Garinger High School","PM2.5","Mecklenburg",35.2401000008895,-80.785683
"5282",2025-05-25,54,"Garinger High School","PM2.5","Mecklenburg",35.2401000008895,-80.785683
"5283",2025-05-26,53,"Garinger High School","PM2.5","Mecklenburg",35.2401000008895,-80.785683
"5284",2025-05-27,5,"Garinger High School","PM2.5","Mecklenburg",35.2401000008895,-80.785683
"5285",2025-05-28,19,"Garinger High School","PM2.5","Mecklenburg",35.2401000008895,-80.785683
"5286",2025-05-29,34,"Garinger High School","PM2.5","Mecklenburg",35.2401000008895,-80.785683
"5287",2025-05-30,24,"Garinger High School","PM2.5","Mecklenburg",35.2401000008895,-80.785683
"5288",2025-05-31,48,"Garinger High School","PM2.5","Mecklenburg",35.2401000008895,-80.785683
"5289",2025-06-01,58,"Garinger High School","PM2.5","Mecklenburg",35.2401000008895,-80.785683
"5290",2025-06-02,50,"Garinger High School","PM2.5","Mecklenburg",35.2401000008895,-80.785683
"5291",2025-06-03,54,"Garinger High School","PM2.5","Mecklenburg",35.2401000008895,-80.785683
"5292",2025-06-04,61,"Garinger High School","PM2.5","Mecklenburg",35.2401000008895,-80.785683
"5293",2025-06-05,19,"Garinger High School","PM2.5","Mecklenburg",35.2401000008895,-80.785683
"5294",2025-06-06,52,"Garinger High School","PM2.5","Mecklenburg",35.2401000008895,-80.785683
"5295",2025-06-07,34,"Garinger High School","PM2.5","Mecklenburg",35.2401000008895,-80.785683
"5296",2025-06-08,41,"Garinger High School","PM2.5","Mecklenburg",35.2401000008895,-80.785683
"5297",2025-06-09,33,"Garinger High School","PM2.5","Mecklenburg",35.2401000008895,-80.785683
"5298",2025-06-10,28,"Garinger High School","PM2.5","Mecklenburg",35.2401000008895,-80.785683
"5299",2025-06-11,52,"Garinger High School","PM2.5","Mecklenburg",35.2401000008895,-80.785683
"5300",2025-06-12,51,"Garinger High School","PM2.5","Mecklenburg",35.2401000008895,-80.785683
"5301",2025-06-13,18,"Garinger High School","PM2.5","Mecklenburg",35.2401000008895,-80.785683
"5302",2025-06-14,23,"Garinger High School","PM2.5","Mecklenburg",35.2401000008895,-80.785683
"5303",2025-06-15,23,"Garinger High School","PM2.5","Mecklenburg",35.2401000008895,-80.785683
"5304",2025-06-16,37,"Garinger High School","PM2.5","Mecklenburg",35.2401000008895,-80.785683
"5305",2025-06-17,34,"Garinger High School","PM2.5","Mecklenburg",35.2401000008895,-80.785683
"5306",2025-06-18,29,"Garinger High School","PM2.5","Mecklenburg",35.2401000008895,-80.785683
"5307",2025-06-19,31,"Garinger High School","PM2.5","Mecklenburg",35.2401000008895,-80.785683
"5308",2025-06-20,33,"Garinger High School","PM2.5","Mecklenburg",35.2401000008895,-80.785683
"5309",2025-06-21,51,"Garinger High School","PM2.5","Mecklenburg",35.2401000008895,-80.785683
"5310",2025-06-22,56,"Garinger High School","PM2.5","Mecklenburg",35.2401000008895,-80.785683
"5311",2025-06-23,57,"Garinger High School","PM2.5","Mecklenburg",35.2401000008895,-80.785683
"5312",2025-06-24,61,"Garinger High School","PM2.5","Mecklenburg",35.2401000008895,-80.785683
"5313",2025-06-25,61,"Garinger High School","PM2.5","Mecklenburg",35.2401000008895,-80.785683
"5314",2025-06-26,52,"Garinger High School","PM2.5","Mecklenburg",35.2401000008895,-80.785683
"5315",2025-06-27,51,"Garinger High School","PM2.5","Mecklenburg",35.2401000008895,-80.785683
"5316",2025-06-28,51,"Garinger High School","PM2.5","Mecklenburg",35.2401000008895,-80.785683
"5317",2025-06-29,39,"Garinger High School","PM2.5","Mecklenburg",35.2401000008895,-80.785683
"5318",2025-06-30,45,"Garinger High School","PM2.5","Mecklenburg",35.2401000008895,-80.785683
"5319",2025-07-01,46,"Garinger High School","PM2.5","Mecklenburg",35.2401000008895,-80.785683
"5320",2025-07-02,26,"Garinger High School","PM2.5","Mecklenburg",35.2401000008895,-80.785683
"5321",2025-07-03,38,"Garinger High School","PM2.5","Mecklenburg",35.2401000008895,-80.785683
"5322",2025-07-04,68,"Garinger High School","PM2.5","Mecklenburg",35.2401000008895,-80.785683
"5323",2025-07-05,61,"Garinger High School","PM2.5","Mecklenburg",35.2401000008895,-80.785683
"5324",2025-07-06,34,"Garinger High School","PM2.5","Mecklenburg",35.2401000008895,-80.785683
"5325",2025-07-07,48,"Garinger High School","PM2.5","Mecklenburg",35.2401000008895,-80.785683
"5326",2025-07-08,58,"Garinger High School","PM2.5","Mecklenburg",35.2401000008895,-80.785683
"5327",2025-07-09,51,"Garinger High School","PM2.5","Mecklenburg",35.2401000008895,-80.785683
"5328",2025-07-10,40,"Garinger High School","PM2.5","Mecklenburg",35.2401000008895,-80.785683
"5329",2025-07-11,28,"Garinger High School","PM2.5","Mecklenburg",35.2401000008895,-80.785683
"5330",2025-07-12,25,"Garinger High School","PM2.5","Mecklenburg",35.2401000008895,-80.785683
"5331",2025-07-13,39,"Garinger High School","PM2.5","Mecklenburg",35.2401000008895,-80.785683
"5332",2025-07-14,37,"Garinger High School","PM2.5","Mecklenburg",35.2401000008895,-80.785683
"5333",2025-07-15,32,"Garinger High School","PM2.5","Mecklenburg",35.2401000008895,-80.785683
"5334",2025-07-16,24,"Garinger High School","PM2.5","Mecklenburg",35.2401000008895,-80.785683
"5335",2025-07-17,36,"Garinger High School","PM2.5","Mecklenburg",35.2401000008895,-80.785683
"5336",2025-07-18,35,"Garinger High School","PM2.5","Mecklenburg",35.2401000008895,-80.785683
"5337",2025-07-19,26,"Garinger High School","PM2.5","Mecklenburg",35.2401000008895,-80.785683
"5338",2025-07-20,36,"Garinger High School","PM2.5","Mecklenburg",35.2401000008895,-80.785683
"5339",2025-07-21,48,"Garinger High School","PM2.5","Mecklenburg",35.2401000008895,-80.785683
"5340",2025-07-22,39,"Garinger High School","PM2.5","Mecklenburg",35.2401000008895,-80.785683
"5341",2025-07-23,52,"Garinger High School","PM2.5","Mecklenburg",35.2401000008895,-80.785683
"5342",2025-07-24,51,"Garinger High School","PM2.5","Mecklenburg",35.2401000008895,-80.785683
"5343",2025-07-25,28,"Garinger High School","PM2.5","Mecklenburg",35.2401000008895,-80.785683
"5344",2025-07-26,39,"Garinger High School","PM2.5","Mecklenburg",35.2401000008895,-80.785683
"5345",2025-07-27,46,"Garinger High School","PM2.5","Mecklenburg",35.2401000008895,-80.785683
"5346",2025-07-28,26,"Garinger High School","PM2.5","Mecklenburg",35.2401000008895,-80.785683
"5347",2025-07-29,23,"Garinger High School","PM2.5","Mecklenburg",35.2401000008895,-80.785683
"5348",2025-07-30,39,"Garinger High School","PM2.5","Mecklenburg",35.2401000008895,-80.785683
"5349",2025-07-31,26,"Garinger High School","PM2.5","Mecklenburg",35.2401000008895,-80.785683
"5350",2025-08-01,31,"Garinger High School","PM2.5","Mecklenburg",35.2401000008895,-80.785683
"5351",2025-08-02,15,"Garinger High School","PM2.5","Mecklenburg",35.2401000008895,-80.785683
"5352",2025-08-03,38,"Garinger High School","PM2.5","Mecklenburg",35.2401000008895,-80.785683
"5353",2025-08-04,45,"Garinger High School","PM2.5","Mecklenburg",35.2401000008895,-80.785683
"5354",2025-08-05,25,"Garinger High School","PM2.5","Mecklenburg",35.2401000008895,-80.785683
"5355",2025-08-06,21,"Garinger High School","PM2.5","Mecklenburg",35.2401000008895,-80.785683
"5356",2025-08-07,44,"Garinger High School","PM2.5","Mecklenburg",35.2401000008895,-80.785683
"5357",2025-08-08,74,"Garinger High School","PM2.5","Mecklenburg",35.2401000008895,-80.785683
"5358",2025-08-09,57,"Garinger High School","PM2.5","Mecklenburg",35.2401000008895,-80.785683
"5359",2025-08-10,31,"Garinger High School","PM2.5","Mecklenburg",35.2401000008895,-80.785683
"5360",2025-08-11,4,"Garinger High School","PM2.5","Mecklenburg",35.2401000008895,-80.785683
"5361",2025-08-12,20,"Garinger High School","PM2.5","Mecklenburg",35.2401000008895,-80.785683
"5362",2025-08-13,27,"Garinger High School","PM2.5","Mecklenburg",35.2401000008895,-80.785683
"5363",2025-08-14,23,"Garinger High School","PM2.5","Mecklenburg",35.2401000008895,-80.785683
"5364",2025-08-15,36,"Garinger High School","PM2.5","Mecklenburg",35.2401000008895,-80.785683
"5365",2025-08-16,51,"Garinger High School","PM2.5","Mecklenburg",35.2401000008895,-80.785683
"5366",2025-08-17,51,"Garinger High School","PM2.5","Mecklenburg",35.2401000008895,-80.785683
"5367",2025-08-18,52,"Garinger High School","PM2.5","Mecklenburg",35.2401000008895,-80.785683
"5368",2025-08-19,42,"Garinger High School","PM2.5","Mecklenburg",35.2401000008895,-80.785683
"5369",2025-08-20,38,"Garinger High School","PM2.5","Mecklenburg",35.2401000008895,-80.785683
"5370",2025-08-21,42,"Garinger High School","PM2.5","Mecklenburg",35.2401000008895,-80.785683
"5371",2025-08-22,16,"Garinger High School","PM2.5","Mecklenburg",35.2401000008895,-80.785683
"5372",2025-08-23,31,"Garinger High School","PM2.5","Mecklenburg",35.2401000008895,-80.785683
"5373",2025-08-24,36,"Garinger High School","PM2.5","Mecklenburg",35.2401000008895,-80.785683
"5374",2025-08-25,32,"Garinger High School","PM2.5","Mecklenburg",35.2401000008895,-80.785683
"5375",2025-08-26,35,"Garinger High School","PM2.5","Mecklenburg",35.2401000008895,-80.785683
"5376",2025-08-27,29,"Garinger High School","PM2.5","Mecklenburg",35.2401000008895,-80.785683
"5377",2025-08-28,46,"Garinger High School","PM2.5","Mecklenburg",35.2401000008895,-80.785683
"5378",2025-08-29,49,"Garinger High School","PM2.5","Mecklenburg",35.2401000008895,-80.785683
"5379",2025-08-30,52,"Garinger High School","PM2.5","Mecklenburg",35.2401000008895,-80.785683
"5380",2025-08-31,40,"Garinger High School","PM2.5","Mecklenburg",35.2401000008895,-80.785683
"5381",2025-09-01,31,"Garinger High School","PM2.5","Mecklenburg",35.2401000008895,-80.785683
"5382",2025-09-02,34,"Garinger High School","PM2.5","Mecklenburg",35.2401000008895,-80.785683
"5383",2025-09-03,50,"Garinger High School","PM2.5","Mecklenburg",35.2401000008895,-80.785683
"5384",2025-09-04,47,"Garinger High School","PM2.5","Mecklenburg",35.2401000008895,-80.785683
"5385",2025-09-05,54,"Garinger High School","PM2.5","Mecklenburg",35.2401000008895,-80.785683
"5386",2025-09-06,54,"Garinger High School","PM2.5","Mecklenburg",35.2401000008895,-80.785683
"5387",2025-09-07,36,"Garinger High School","PM2.5","Mecklenburg",35.2401000008895,-80.785683
"5388",2025-09-08,28,"Garinger High School","PM2.5","Mecklenburg",35.2401000008895,-80.785683
"5389",2025-09-09,29,"Garinger High School","PM2.5","Mecklenburg",35.2401000008895,-80.785683
"5390",2025-09-10,33,"Garinger High School","PM2.5","Mecklenburg",35.2401000008895,-80.785683
"5391",2025-09-11,40,"Garinger High School","PM2.5","Mecklenburg",35.2401000008895,-80.785683
"5392",2025-09-12,50,"Garinger High School","PM2.5","Mecklenburg",35.2401000008895,-80.785683
"5393",2025-09-13,52,"Garinger High School","PM2.5","Mecklenburg",35.2401000008895,-80.785683
"5394",2025-09-14,53,"Garinger High School","PM2.5","Mecklenburg",35.2401000008895,-80.785683
"5395",2025-09-15,52,"Garinger High School","PM2.5","Mecklenburg",35.2401000008895,-80.785683
"5396",2025-09-16,40,"Garinger High School","PM2.5","Mecklenburg",35.2401000008895,-80.785683
"5397",2025-09-17,47,"Garinger High School","PM2.5","Mecklenburg",35.2401000008895,-80.785683
"5398",2025-09-18,52,"Garinger High School","PM2.5","Mecklenburg",35.2401000008895,-80.785683
"5399",2025-09-19,57,"Garinger High School","PM2.5","Mecklenburg",35.2401000008895,-80.785683
"5400",2025-09-20,59,"Garinger High School","PM2.5","Mecklenburg",35.2401000008895,-80.785683
"5401",2025-09-21,57,"Garinger High School","PM2.5","Mecklenburg",35.2401000008895,-80.785683
"5402",2025-09-22,55,"Garinger High School","PM2.5","Mecklenburg",35.2401000008895,-80.785683
"5403",2025-09-23,55,"Garinger High School","PM2.5","Mecklenburg",35.2401000008895,-80.785683
"5404",2025-09-24,56,"Garinger High School","PM2.5","Mecklenburg",35.2401000008895,-80.785683
"5405",2025-09-25,39,"Garinger High School","PM2.5","Mecklenburg",35.2401000008895,-80.785683
"5406",2025-09-26,26,"Garinger High School","PM2.5","Mecklenburg",35.2401000008895,-80.785683
"5407",2025-09-27,28,"Garinger High School","PM2.5","Mecklenburg",35.2401000008895,-80.785683
"5408",2025-09-28,24,"Garinger High School","PM2.5","Mecklenburg",35.2401000008895,-80.785683
"5409",2025-09-29,30,"Garinger High School","PM2.5","Mecklenburg",35.2401000008895,-80.785683
"5410",2025-09-30,39,"Garinger High School","PM2.5","Mecklenburg",35.2401000008895,-80.785683
"5411",2025-10-01,46,"Garinger High School","PM2.5","Mecklenburg",35.2401000008895,-80.785683
"5412",2025-10-02,37,"Garinger High School","PM2.5","Mecklenburg",35.2401000008895,-80.785683
"5413",2025-10-03,32,"Garinger High School","PM2.5","Mecklenburg",35.2401000008895,-80.785683
"5414",2025-10-04,52,"Garinger High School","PM2.5","Mecklenburg",35.2401000008895,-80.785683
"5415",2025-10-05,35,"Garinger High School","PM2.5","Mecklenburg",35.2401000008895,-80.785683
"5416",2025-10-06,34,"Garinger High School","PM2.5","Mecklenburg",35.2401000008895,-80.785683
"5417",2025-10-07,19,"Garinger High School","PM2.5","Mecklenburg",35.2401000008895,-80.785683
"5418",2025-10-08,19,"Garinger High School","PM2.5","Mecklenburg",35.2401000008895,-80.785683
"5419",2025-10-09,23,"Garinger High School","PM2.5","Mecklenburg",35.2401000008895,-80.785683
"5420",2025-10-10,25,"Garinger High School","PM2.5","Mecklenburg",35.2401000008895,-80.785683
"5421",2025-10-11,22,"Garinger High School","PM2.5","Mecklenburg",35.2401000008895,-80.785683
"5422",2025-10-12,9,"Garinger High School","PM2.5","Mecklenburg",35.2401000008895,-80.785683
"5423",2025-10-13,8,"Garinger High School","PM2.5","Mecklenburg",35.2401000008895,-80.785683
"5424",2025-10-14,14,"Garinger High School","PM2.5","Mecklenburg",35.2401000008895,-80.785683
"5425",2025-10-15,28,"Garinger High School","PM2.5","Mecklenburg",35.2401000008895,-80.785683
"5426",2025-10-16,26,"Garinger High School","PM2.5","Mecklenburg",35.2401000008895,-80.785683
"5427",2025-10-17,48,"Garinger High School","PM2.5","Mecklenburg",35.2401000008895,-80.785683
"5428",2025-10-18,52,"Garinger High School","PM2.5","Mecklenburg",35.2401000008895,-80.785683
"5429",2025-10-19,33,"Garinger High School","PM2.5","Mecklenburg",35.2401000008895,-80.785683
"5430",2025-10-20,25,"Garinger High School","PM2.5","Mecklenburg",35.2401000008895,-80.785683
"5431",2025-10-21,50,"Garinger High School","PM2.5","Mecklenburg",35.2401000008895,-80.785683
"5432",2025-10-22,26,"Garinger High School","PM2.5","Mecklenburg",35.2401000008895,-80.785683
"5433",2025-10-23,28,"Garinger High School","PM2.5","Mecklenburg",35.2401000008895,-80.785683
"5434",2025-10-28,17,"Garinger High School","PM2.5","Mecklenburg",35.2401000008895,-80.785683
"5435",2025-10-29,17,"Garinger High School","PM2.5","Mecklenburg",35.2401000008895,-80.785683
"5436",2025-10-30,7,"Garinger High School","PM2.5","Mecklenburg",35.2401000008895,-80.785683
"5437",2025-10-31,26,"Garinger High School","PM2.5","Mecklenburg",35.2401000008895,-80.785683
"5438",2025-11-01,66,"Garinger High School","PM2.5","Mecklenburg",35.2401000008895,-80.785683
"5439",2025-11-02,66,"Garinger High School","PM2.5","Mecklenburg",35.2401000008895,-80.785683
"5440",2025-11-03,49,"Garinger High School","PM2.5","Mecklenburg",35.2401000008895,-80.785683
"5441",2025-11-04,39,"Garinger High School","PM2.5","Mecklenburg",35.2401000008895,-80.785683
"5442",2025-11-05,54,"Garinger High School","PM2.5","Mecklenburg",35.2401000008895,-80.785683
"5443",2025-11-06,51,"Garinger High School","PM2.5","Mecklenburg",35.2401000008895,-80.785683
"5444",2025-11-07,56,"Garinger High School","PM2.5","Mecklenburg",35.2401000008895,-80.785683
"5445",2025-11-08,45,"Garinger High School","PM2.5","Mecklenburg",35.2401000008895,-80.785683
"5446",2025-11-09,49,"Garinger High School","PM2.5","Mecklenburg",35.2401000008895,-80.785683
"5447",2025-11-10,4,"Garinger High School","PM2.5","Mecklenburg",35.2401000008895,-80.785683
"5448",2025-11-11,16,"Garinger High School","PM2.5","Mecklenburg",35.2401000008895,-80.785683
"5449",2025-11-12,52,"Garinger High School","PM2.5","Mecklenburg",35.2401000008895,-80.785683
"5450",2025-11-13,55,"Garinger High School","PM2.5","Mecklenburg",35.2401000008895,-80.785683
"5451",2025-11-14,48,"Garinger High School","PM2.5","Mecklenburg",35.2401000008895,-80.785683
"5452",2025-11-15,54,"Garinger High School","PM2.5","Mecklenburg",35.2401000008895,-80.785683
"5453",2025-11-16,43,"Garinger High School","PM2.5","Mecklenburg",35.2401000008895,-80.785683
"5454",2025-11-17,29,"Garinger High School","PM2.5","Mecklenburg",35.2401000008895,-80.785683
"5455",2025-11-18,43,"Garinger High School","PM2.5","Mecklenburg",35.2401000008895,-80.785683
"5456",2025-11-19,55,"Garinger High School","PM2.5","Mecklenburg",35.2401000008895,-80.785683
"5457",2025-11-20,63,"Garinger High School","PM2.5","Mecklenburg",35.2401000008895,-80.785683
"5458",2025-11-21,80,"Garinger High School","PM2.5","Mecklenburg",35.2401000008895,-80.785683
"5459",2025-11-22,37,"Garinger High School","PM2.5","Mecklenburg",35.2401000008895,-80.785683
"5460",2025-11-23,46,"Garinger High School","PM2.5","Mecklenburg",35.2401000008895,-80.785683
"5461",2025-11-24,38,"Garinger High School","PM2.5","Mecklenburg",35.2401000008895,-80.785683
"5462",2025-11-25,33,"Garinger High School","PM2.5","Mecklenburg",35.2401000008895,-80.785683
"5463",2025-11-26,37,"Garinger High School","PM2.5","Mecklenburg",35.2401000008895,-80.785683
"5464",2025-11-27,13,"Garinger High School","PM2.5","Mecklenburg",35.2401000008895,-80.785683
"5465",2025-11-28,24,"Garinger High School","PM2.5","Mecklenburg",35.2401000008895,-80.785683
"5466",2025-11-29,38,"Garinger High School","PM2.5","Mecklenburg",35.2401000008895,-80.785683
"5467",2025-11-30,45,"Garinger High School","PM2.5","Mecklenburg",35.2401000008895,-80.785683
"5468",2025-12-01,36,"Garinger High School","PM2.5","Mecklenburg",35.2401000008895,-80.785683
"5469",2025-12-02,37,"Garinger High School","PM2.5","Mecklenburg",35.2401000008895,-80.785683
"5470",2025-12-03,40,"Garinger High School","PM2.5","Mecklenburg",35.2401000008895,-80.785683
"5471",2025-12-04,60,"Garinger High School","PM2.5","Mecklenburg",35.2401000008895,-80.785683
"5472",2025-12-05,43,"Garinger High School","PM2.5","Mecklenburg",35.2401000008895,-80.785683
"5473",2025-12-06,56,"Garinger High School","PM2.5","Mecklenburg",35.2401000008895,-80.785683
"5474",2025-12-07,51,"Garinger High School","PM2.5","Mecklenburg",35.2401000008895,-80.785683
"5475",2025-12-08,46,"Garinger High School","PM2.5","Mecklenburg",35.2401000008895,-80.785683
"5476",2025-12-09,39,"Garinger High School","PM2.5","Mecklenburg",35.2401000008895,-80.785683
"5477",2025-12-10,39,"Garinger High School","PM2.5","Mecklenburg",35.2401000008895,-80.785683
"5478",2025-12-11,15,"Garinger High School","PM2.5","Mecklenburg",35.2401000008895,-80.785683
"5479",2025-12-12,33,"Garinger High School","PM2.5","Mecklenburg",35.2401000008895,-80.785683
"5480",2025-12-13,59,"Garinger High School","PM2.5","Mecklenburg",35.2401000008895,-80.785683
"5481",2025-12-14,32,"Garinger High School","PM2.5","Mecklenburg",35.2401000008895,-80.785683
"5482",2025-12-15,32,"Garinger High School","PM2.5","Mecklenburg",35.2401000008895,-80.785683
"5483",2025-12-16,54,"Garinger High School","PM2.5","Mecklenburg",35.2401000008895,-80.785683
"5484",2025-12-17,59,"Garinger High School","PM2.5","Mecklenburg",35.2401000008895,-80.785683
"5485",2025-12-18,52,"Garinger High School","PM2.5","Mecklenburg",35.2401000008895,-80.785683
"5486",2025-12-19,14,"Garinger High School","PM2.5","Mecklenburg",35.2401000008895,-80.785683
"5487",2025-12-20,27,"Garinger High School","PM2.5","Mecklenburg",35.2401000008895,-80.785683
"5488",2025-12-21,39,"Garinger High School","PM2.5","Mecklenburg",35.2401000008895,-80.785683
"5489",2025-12-22,23,"Garinger High School","PM2.5","Mecklenburg",35.2401000008895,-80.785683
"5490",2025-12-23,33,"Garinger High School","PM2.5","Mecklenburg",35.2401000008895,-80.785683
"5491",2025-12-24,60,"Garinger High School","PM2.5","Mecklenburg",35.2401000008895,-80.785683
"5492",2025-12-25,54,"Garinger High School","PM2.5","Mecklenburg",35.2401000008895,-80.785683
"5493",2025-12-26,54,"Garinger High School","PM2.5","Mecklenburg",35.2401000008895,-80.785683
"5494",2025-12-27,58,"Garinger High School","PM2.5","Mecklenburg",35.2401000008895,-80.785683
"5495",2025-12-28,45,"Garinger High School","PM2.5","Mecklenburg",35.2401000008895,-80.785683
"5496",2025-12-29,24,"Garinger High School","PM2.5","Mecklenburg",35.2401000008895,-80.785683
"5497",2025-12-30,17,"Garinger High School","PM2.5","Mecklenburg",35.2401000008895,-80.785683
"5498",2025-12-31,31,"Garinger High School","PM2.5","Mecklenburg",35.2401000008895,-80.785683
"5499",2025-01-01,10,"Remount","PM2.5","Mecklenburg",35.213171,-80.874084
"5500",2025-01-13,54,"Remount","PM2.5","Mecklenburg",35.213171,-80.874084
"5501",2025-01-28,28,"Remount","PM2.5","Mecklenburg",35.213171,-80.874084
"5502",2025-02-06,62,"Remount","PM2.5","Mecklenburg",35.213171,-80.874084
"5503",2025-02-18,52,"Remount","PM2.5","Mecklenburg",35.213171,-80.874084
"5504",2025-03-02,21,"Remount","PM2.5","Mecklenburg",35.213171,-80.874084
"5505",2025-03-14,76,"Remount","PM2.5","Mecklenburg",35.213171,-80.874084
"5506",2025-03-26,33,"Remount","PM2.5","Mecklenburg",35.213171,-80.874084
"5507",2025-04-07,41,"Remount","PM2.5","Mecklenburg",35.213171,-80.874084
"5508",2025-04-19,54,"Remount","PM2.5","Mecklenburg",35.213171,-80.874084
"5509",2025-05-01,58,"Remount","PM2.5","Mecklenburg",35.213171,-80.874084
"5510",2025-05-13,32,"Remount","PM2.5","Mecklenburg",35.213171,-80.874084
"5511",2025-05-25,56,"Remount","PM2.5","Mecklenburg",35.213171,-80.874084
"5512",2025-06-06,58,"Remount","PM2.5","Mecklenburg",35.213171,-80.874084
"5513",2025-06-18,45,"Remount","PM2.5","Mecklenburg",35.213171,-80.874084
"5514",2025-06-30,55,"Remount","PM2.5","Mecklenburg",35.213171,-80.874084
"5515",2025-07-12,31,"Remount","PM2.5","Mecklenburg",35.213171,-80.874084
"5516",2025-07-26,56,"Remount","PM2.5","Mecklenburg",35.213171,-80.874084
"5517",2025-08-05,34,"Remount","PM2.5","Mecklenburg",35.213171,-80.874084
"5518",2025-08-17,54,"Remount","PM2.5","Mecklenburg",35.213171,-80.874084
"5519",2025-08-29,52,"Remount","PM2.5","Mecklenburg",35.213171,-80.874084
"5520",2025-09-10,38,"Remount","PM2.5","Mecklenburg",35.213171,-80.874084
"5521",2025-09-22,57,"Remount","PM2.5","Mecklenburg",35.213171,-80.874084
"5522",2025-09-25,44,"Remount","PM2.5","Mecklenburg",35.213171,-80.874084
"5523",2025-10-04,49,"Remount","PM2.5","Mecklenburg",35.213171,-80.874084
"5524",2025-10-16,34,"Remount","PM2.5","Mecklenburg",35.213171,-80.874084
"5525",2025-10-28,16,"Remount","PM2.5","Mecklenburg",35.213171,-80.874084
"5526",2025-11-09,53,"Remount","PM2.5","Mecklenburg",35.213171,-80.874084
"5527",2025-11-21,83,"Remount","PM2.5","Mecklenburg",35.213171,-80.874084
"5528",2025-12-03,36,"Remount","PM2.5","Mecklenburg",35.213171,-80.874084
"5529",2025-12-15,34,"Remount","PM2.5","Mecklenburg",35.213171,-80.874084
"5530",2025-12-27,56,"Remount","PM2.5","Mecklenburg",35.213171,-80.874084
"5531",2025-01-01,13,"Remount","PM2.5","Mecklenburg",35.213171,-80.874084
"5532",2025-01-02,32,"Remount","PM2.5","Mecklenburg",35.213171,-80.874084
"5533",2025-01-03,39,"Remount","PM2.5","Mecklenburg",35.213171,-80.874084
"5534",2025-01-04,26,"Remount","PM2.5","Mecklenburg",35.213171,-80.874084
"5535",2025-01-05,57,"Remount","PM2.5","Mecklenburg",35.213171,-80.874084
"5536",2025-01-06,51,"Remount","PM2.5","Mecklenburg",35.213171,-80.874084
"5537",2025-01-07,26,"Remount","PM2.5","Mecklenburg",35.213171,-80.874084
"5538",2025-01-08,42,"Remount","PM2.5","Mecklenburg",35.213171,-80.874084
"5539",2025-01-09,32,"Remount","PM2.5","Mecklenburg",35.213171,-80.874084
"5540",2025-01-10,54,"Remount","PM2.5","Mecklenburg",35.213171,-80.874084
"5541",2025-01-11,31,"Remount","PM2.5","Mecklenburg",35.213171,-80.874084
"5542",2025-01-12,45,"Remount","PM2.5","Mecklenburg",35.213171,-80.874084
"5543",2025-01-13,54,"Remount","PM2.5","Mecklenburg",35.213171,-80.874084
"5544",2025-01-14,38,"Remount","PM2.5","Mecklenburg",35.213171,-80.874084
"5545",2025-01-15,46,"Remount","PM2.5","Mecklenburg",35.213171,-80.874084
"5546",2025-01-16,54,"Remount","PM2.5","Mecklenburg",35.213171,-80.874084
"5547",2025-01-17,53,"Remount","PM2.5","Mecklenburg",35.213171,-80.874084
"5548",2025-01-18,52,"Remount","PM2.5","Mecklenburg",35.213171,-80.874084
"5549",2025-01-19,42,"Remount","PM2.5","Mecklenburg",35.213171,-80.874084
"5550",2025-01-20,22,"Remount","PM2.5","Mecklenburg",35.213171,-80.874084
"5551",2025-01-21,34,"Remount","PM2.5","Mecklenburg",35.213171,-80.874084
"5552",2025-01-22,39,"Remount","PM2.5","Mecklenburg",35.213171,-80.874084
"5553",2025-01-23,57,"Remount","PM2.5","Mecklenburg",35.213171,-80.874084
"5554",2025-01-24,62,"Remount","PM2.5","Mecklenburg",35.213171,-80.874084
"5555",2025-01-25,58,"Remount","PM2.5","Mecklenburg",35.213171,-80.874084
"5556",2025-01-26,59,"Remount","PM2.5","Mecklenburg",35.213171,-80.874084
"5557",2025-01-27,57,"Remount","PM2.5","Mecklenburg",35.213171,-80.874084
"5558",2025-01-28,31,"Remount","PM2.5","Mecklenburg",35.213171,-80.874084
"5559",2025-01-29,41,"Remount","PM2.5","Mecklenburg",35.213171,-80.874084
"5560",2025-01-30,51,"Remount","PM2.5","Mecklenburg",35.213171,-80.874084
"5561",2025-01-31,52,"Remount","PM2.5","Mecklenburg",35.213171,-80.874084
"5562",2025-02-01,26,"Remount","PM2.5","Mecklenburg",35.213171,-80.874084
"5563",2025-02-02,40,"Remount","PM2.5","Mecklenburg",35.213171,-80.874084
"5564",2025-02-03,59,"Remount","PM2.5","Mecklenburg",35.213171,-80.874084
"5565",2025-02-04,52,"Remount","PM2.5","Mecklenburg",35.213171,-80.874084
"5566",2025-02-05,55,"Remount","PM2.5","Mecklenburg",35.213171,-80.874084
"5567",2025-02-06,61,"Remount","PM2.5","Mecklenburg",35.213171,-80.874084
"5568",2025-02-07,47,"Remount","PM2.5","Mecklenburg",35.213171,-80.874084
"5569",2025-02-08,54,"Remount","PM2.5","Mecklenburg",35.213171,-80.874084
"5570",2025-02-09,36,"Remount","PM2.5","Mecklenburg",35.213171,-80.874084
"5571",2025-02-10,34,"Remount","PM2.5","Mecklenburg",35.213171,-80.874084
"5572",2025-02-11,43,"Remount","PM2.5","Mecklenburg",35.213171,-80.874084
"5573",2025-02-12,23,"Remount","PM2.5","Mecklenburg",35.213171,-80.874084
"5574",2025-02-13,21,"Remount","PM2.5","Mecklenburg",35.213171,-80.874084
"5575",2025-02-14,41,"Remount","PM2.5","Mecklenburg",35.213171,-80.874084
"5576",2025-02-15,54,"Remount","PM2.5","Mecklenburg",35.213171,-80.874084
"5577",2025-02-16,21,"Remount","PM2.5","Mecklenburg",35.213171,-80.874084
"5578",2025-02-17,32,"Remount","PM2.5","Mecklenburg",35.213171,-80.874084
"5579",2025-02-18,53,"Remount","PM2.5","Mecklenburg",35.213171,-80.874084
"5580",2025-02-19,55,"Remount","PM2.5","Mecklenburg",35.213171,-80.874084
"5581",2025-02-20,40,"Remount","PM2.5","Mecklenburg",35.213171,-80.874084
"5582",2025-02-21,36,"Remount","PM2.5","Mecklenburg",35.213171,-80.874084
"5583",2025-02-22,52,"Remount","PM2.5","Mecklenburg",35.213171,-80.874084
"5584",2025-02-23,51,"Remount","PM2.5","Mecklenburg",35.213171,-80.874084
"5585",2025-02-24,66,"Remount","PM2.5","Mecklenburg",35.213171,-80.874084
"5586",2025-02-25,69,"Remount","PM2.5","Mecklenburg",35.213171,-80.874084
"5587",2025-02-26,71,"Remount","PM2.5","Mecklenburg",35.213171,-80.874084
"5588",2025-02-27,58,"Remount","PM2.5","Mecklenburg",35.213171,-80.874084
"5589",2025-02-28,26,"Remount","PM2.5","Mecklenburg",35.213171,-80.874084
"5590",2025-03-01,35,"Remount","PM2.5","Mecklenburg",35.213171,-80.874084
"5591",2025-03-02,26,"Remount","PM2.5","Mecklenburg",35.213171,-80.874084
"5592",2025-03-03,51,"Remount","PM2.5","Mecklenburg",35.213171,-80.874084
"5593",2025-03-04,42,"Remount","PM2.5","Mecklenburg",35.213171,-80.874084
"5594",2025-03-05,46,"Remount","PM2.5","Mecklenburg",35.213171,-80.874084
"5595",2025-03-06,10,"Remount","PM2.5","Mecklenburg",35.213171,-80.874084
"5596",2025-03-07,43,"Remount","PM2.5","Mecklenburg",35.213171,-80.874084
"5597",2025-03-08,55,"Remount","PM2.5","Mecklenburg",35.213171,-80.874084
"5598",2025-03-09,32,"Remount","PM2.5","Mecklenburg",35.213171,-80.874084
"5599",2025-03-10,55,"Remount","PM2.5","Mecklenburg",35.213171,-80.874084
"5600",2025-03-11,48,"Remount","PM2.5","Mecklenburg",35.213171,-80.874084
"5601",2025-03-12,59,"Remount","PM2.5","Mecklenburg",35.213171,-80.874084
"5602",2025-03-13,72,"Remount","PM2.5","Mecklenburg",35.213171,-80.874084
"5603",2025-03-14,83,"Remount","PM2.5","Mecklenburg",35.213171,-80.874084
"5604",2025-03-15,60,"Remount","PM2.5","Mecklenburg",35.213171,-80.874084
"5605",2025-03-16,54,"Remount","PM2.5","Mecklenburg",35.213171,-80.874084
"5606",2025-03-17,27,"Remount","PM2.5","Mecklenburg",35.213171,-80.874084
"5607",2025-03-18,41,"Remount","PM2.5","Mecklenburg",35.213171,-80.874084
"5608",2025-03-19,59,"Remount","PM2.5","Mecklenburg",35.213171,-80.874084
"5609",2025-03-20,58,"Remount","PM2.5","Mecklenburg",35.213171,-80.874084
"5610",2025-03-21,34,"Remount","PM2.5","Mecklenburg",35.213171,-80.874084
"5611",2025-03-22,54,"Remount","PM2.5","Mecklenburg",35.213171,-80.874084
"5612",2025-03-23,53,"Remount","PM2.5","Mecklenburg",35.213171,-80.874084
"5613",2025-03-24,61,"Remount","PM2.5","Mecklenburg",35.213171,-80.874084
"5614",2025-03-25,32,"Remount","PM2.5","Mecklenburg",35.213171,-80.874084
"5615",2025-03-26,31,"Remount","PM2.5","Mecklenburg",35.213171,-80.874084
"5616",2025-03-27,53,"Remount","PM2.5","Mecklenburg",35.213171,-80.874084
"5617",2025-03-28,58,"Remount","PM2.5","Mecklenburg",35.213171,-80.874084
"5618",2025-03-29,46,"Remount","PM2.5","Mecklenburg",35.213171,-80.874084
"5619",2025-03-30,50,"Remount","PM2.5","Mecklenburg",35.213171,-80.874084
"5620",2025-03-31,43,"Remount","PM2.5","Mecklenburg",35.213171,-80.874084
"5621",2025-04-01,22,"Remount","PM2.5","Mecklenburg",35.213171,-80.874084
"5622",2025-04-02,61,"Remount","PM2.5","Mecklenburg",35.213171,-80.874084
"5623",2025-04-03,53,"Remount","PM2.5","Mecklenburg",35.213171,-80.874084
"5624",2025-04-04,56,"Remount","PM2.5","Mecklenburg",35.213171,-80.874084
"5625",2025-04-05,53,"Remount","PM2.5","Mecklenburg",35.213171,-80.874084
"5626",2025-04-06,44,"Remount","PM2.5","Mecklenburg",35.213171,-80.874084
"5627",2025-04-07,49,"Remount","PM2.5","Mecklenburg",35.213171,-80.874084
"5628",2025-04-08,32,"Remount","PM2.5","Mecklenburg",35.213171,-80.874084
"5629",2025-04-09,41,"Remount","PM2.5","Mecklenburg",35.213171,-80.874084
"5630",2025-04-10,58,"Remount","PM2.5","Mecklenburg",35.213171,-80.874084
"5631",2025-04-11,35,"Remount","PM2.5","Mecklenburg",35.213171,-80.874084
"5632",2025-04-12,43,"Remount","PM2.5","Mecklenburg",35.213171,-80.874084
"5633",2025-04-13,49,"Remount","PM2.5","Mecklenburg",35.213171,-80.874084
"5634",2025-04-14,56,"Remount","PM2.5","Mecklenburg",35.213171,-80.874084
"5635",2025-04-15,43,"Remount","PM2.5","Mecklenburg",35.213171,-80.874084
"5636",2025-04-16,39,"Remount","PM2.5","Mecklenburg",35.213171,-80.874084
"5637",2025-04-17,53,"Remount","PM2.5","Mecklenburg",35.213171,-80.874084
"5638",2025-04-18,59,"Remount","PM2.5","Mecklenburg",35.213171,-80.874084
"5639",2025-04-19,57,"Remount","PM2.5","Mecklenburg",35.213171,-80.874084
"5640",2025-04-20,53,"Remount","PM2.5","Mecklenburg",35.213171,-80.874084
"5641",2025-04-21,53,"Remount","PM2.5","Mecklenburg",35.213171,-80.874084
"5642",2025-04-22,56,"Remount","PM2.5","Mecklenburg",35.213171,-80.874084
"5643",2025-04-23,53,"Remount","PM2.5","Mecklenburg",35.213171,-80.874084
"5644",2025-04-24,61,"Remount","PM2.5","Mecklenburg",35.213171,-80.874084
"5645",2025-04-25,54,"Remount","PM2.5","Mecklenburg",35.213171,-80.874084
"5646",2025-04-26,40,"Remount","PM2.5","Mecklenburg",35.213171,-80.874084
"5647",2025-04-27,28,"Remount","PM2.5","Mecklenburg",35.213171,-80.874084
"5648",2025-04-28,42,"Remount","PM2.5","Mecklenburg",35.213171,-80.874084
"5649",2025-04-29,52,"Remount","PM2.5","Mecklenburg",35.213171,-80.874084
"5650",2025-04-30,54,"Remount","PM2.5","Mecklenburg",35.213171,-80.874084
"5651",2025-05-01,54,"Remount","PM2.5","Mecklenburg",35.213171,-80.874084
"5652",2025-05-02,50,"Remount","PM2.5","Mecklenburg",35.213171,-80.874084
"5653",2025-05-03,53,"Remount","PM2.5","Mecklenburg",35.213171,-80.874084
"5654",2025-05-04,23,"Remount","PM2.5","Mecklenburg",35.213171,-80.874084
"5655",2025-05-05,36,"Remount","PM2.5","Mecklenburg",35.213171,-80.874084
"5656",2025-05-06,35,"Remount","PM2.5","Mecklenburg",35.213171,-80.874084
"5657",2025-05-07,54,"Remount","PM2.5","Mecklenburg",35.213171,-80.874084
"5658",2025-05-08,52,"Remount","PM2.5","Mecklenburg",35.213171,-80.874084
"5659",2025-05-09,39,"Remount","PM2.5","Mecklenburg",35.213171,-80.874084
"5660",2025-05-10,39,"Remount","PM2.5","Mecklenburg",35.213171,-80.874084
"5661",2025-05-11,53,"Remount","PM2.5","Mecklenburg",35.213171,-80.874084
"5662",2025-05-12,32,"Remount","PM2.5","Mecklenburg",35.213171,-80.874084
"5663",2025-05-13,28,"Remount","PM2.5","Mecklenburg",35.213171,-80.874084
"5664",2025-05-14,32,"Remount","PM2.5","Mecklenburg",35.213171,-80.874084
"5665",2025-05-15,54,"Remount","PM2.5","Mecklenburg",35.213171,-80.874084
"5666",2025-05-16,60,"Remount","PM2.5","Mecklenburg",35.213171,-80.874084
"5667",2025-05-17,44,"Remount","PM2.5","Mecklenburg",35.213171,-80.874084
"5668",2025-05-18,36,"Remount","PM2.5","Mecklenburg",35.213171,-80.874084
"5669",2025-05-19,53,"Remount","PM2.5","Mecklenburg",35.213171,-80.874084
"5670",2025-05-20,56,"Remount","PM2.5","Mecklenburg",35.213171,-80.874084
"5671",2025-05-21,48,"Remount","PM2.5","Mecklenburg",35.213171,-80.874084
"5672",2025-05-22,18,"Remount","PM2.5","Mecklenburg",35.213171,-80.874084
"5673",2025-05-23,21,"Remount","PM2.5","Mecklenburg",35.213171,-80.874084
"5674",2025-05-24,35,"Remount","PM2.5","Mecklenburg",35.213171,-80.874084
"5675",2025-05-25,55,"Remount","PM2.5","Mecklenburg",35.213171,-80.874084
"5676",2025-05-26,55,"Remount","PM2.5","Mecklenburg",35.213171,-80.874084
"5677",2025-05-27,23,"Remount","PM2.5","Mecklenburg",35.213171,-80.874084
"5678",2025-05-28,22,"Remount","PM2.5","Mecklenburg",35.213171,-80.874084
"5679",2025-05-29,47,"Remount","PM2.5","Mecklenburg",35.213171,-80.874084
"5680",2025-05-30,24,"Remount","PM2.5","Mecklenburg",35.213171,-80.874084
"5681",2025-05-31,51,"Remount","PM2.5","Mecklenburg",35.213171,-80.874084
"5682",2025-06-01,58,"Remount","PM2.5","Mecklenburg",35.213171,-80.874084
"5683",2025-06-02,54,"Remount","PM2.5","Mecklenburg",35.213171,-80.874084
"5684",2025-06-03,55,"Remount","PM2.5","Mecklenburg",35.213171,-80.874084
"5685",2025-06-04,66,"Remount","PM2.5","Mecklenburg",35.213171,-80.874084
"5686",2025-06-05,33,"Remount","PM2.5","Mecklenburg",35.213171,-80.874084
"5687",2025-06-06,57,"Remount","PM2.5","Mecklenburg",35.213171,-80.874084
"5688",2025-06-07,40,"Remount","PM2.5","Mecklenburg",35.213171,-80.874084
"5689",2025-06-08,39,"Remount","PM2.5","Mecklenburg",35.213171,-80.874084
"5690",2025-06-09,44,"Remount","PM2.5","Mecklenburg",35.213171,-80.874084
"5691",2025-06-10,43,"Remount","PM2.5","Mecklenburg",35.213171,-80.874084
"5692",2025-06-11,52,"Remount","PM2.5","Mecklenburg",35.213171,-80.874084
"5693",2025-06-12,58,"Remount","PM2.5","Mecklenburg",35.213171,-80.874084
"5694",2025-06-13,35,"Remount","PM2.5","Mecklenburg",35.213171,-80.874084
"5695",2025-06-14,32,"Remount","PM2.5","Mecklenburg",35.213171,-80.874084
"5696",2025-06-15,29,"Remount","PM2.5","Mecklenburg",35.213171,-80.874084
"5697",2025-06-16,46,"Remount","PM2.5","Mecklenburg",35.213171,-80.874084
"5698",2025-06-17,40,"Remount","PM2.5","Mecklenburg",35.213171,-80.874084
"5699",2025-06-18,42,"Remount","PM2.5","Mecklenburg",35.213171,-80.874084
"5700",2025-06-19,37,"Remount","PM2.5","Mecklenburg",35.213171,-80.874084
"5701",2025-06-20,42,"Remount","PM2.5","Mecklenburg",35.213171,-80.874084
"5702",2025-06-21,54,"Remount","PM2.5","Mecklenburg",35.213171,-80.874084
"5703",2025-06-22,60,"Remount","PM2.5","Mecklenburg",35.213171,-80.874084
"5704",2025-06-23,62,"Remount","PM2.5","Mecklenburg",35.213171,-80.874084
"5705",2025-06-24,65,"Remount","PM2.5","Mecklenburg",35.213171,-80.874084
"5706",2025-06-25,66,"Remount","PM2.5","Mecklenburg",35.213171,-80.874084
"5707",2025-06-26,55,"Remount","PM2.5","Mecklenburg",35.213171,-80.874084
"5708",2025-06-27,57,"Remount","PM2.5","Mecklenburg",35.213171,-80.874084
"5709",2025-06-28,55,"Remount","PM2.5","Mecklenburg",35.213171,-80.874084
"5710",2025-06-29,51,"Remount","PM2.5","Mecklenburg",35.213171,-80.874084
"5711",2025-06-30,55,"Remount","PM2.5","Mecklenburg",35.213171,-80.874084
"5712",2025-07-01,54,"Remount","PM2.5","Mecklenburg",35.213171,-80.874084
"5713",2025-07-02,41,"Remount","PM2.5","Mecklenburg",35.213171,-80.874084
"5714",2025-07-03,54,"Remount","PM2.5","Mecklenburg",35.213171,-80.874084
"5715",2025-07-04,63,"Remount","PM2.5","Mecklenburg",35.213171,-80.874084
"5716",2025-07-05,65,"Remount","PM2.5","Mecklenburg",35.213171,-80.874084
"5717",2025-07-06,44,"Remount","PM2.5","Mecklenburg",35.213171,-80.874084
"5718",2025-07-07,56,"Remount","PM2.5","Mecklenburg",35.213171,-80.874084
"5719",2025-07-08,63,"Remount","PM2.5","Mecklenburg",35.213171,-80.874084
"5720",2025-07-09,58,"Remount","PM2.5","Mecklenburg",35.213171,-80.874084
"5721",2025-07-10,42,"Remount","PM2.5","Mecklenburg",35.213171,-80.874084
"5722",2025-07-11,46,"Remount","PM2.5","Mecklenburg",35.213171,-80.874084
"5723",2025-07-12,34,"Remount","PM2.5","Mecklenburg",35.213171,-80.874084
"5724",2025-07-13,53,"Remount","PM2.5","Mecklenburg",35.213171,-80.874084
"5725",2025-07-14,51,"Remount","PM2.5","Mecklenburg",35.213171,-80.874084
"5726",2025-07-15,53,"Remount","PM2.5","Mecklenburg",35.213171,-80.874084
"5727",2025-07-16,48,"Remount","PM2.5","Mecklenburg",35.213171,-80.874084
"5728",2025-07-17,53,"Remount","PM2.5","Mecklenburg",35.213171,-80.874084
"5729",2025-07-18,50,"Remount","PM2.5","Mecklenburg",35.213171,-80.874084
"5730",2025-07-19,36,"Remount","PM2.5","Mecklenburg",35.213171,-80.874084
"5731",2025-07-20,43,"Remount","PM2.5","Mecklenburg",35.213171,-80.874084
"5732",2025-07-21,54,"Remount","PM2.5","Mecklenburg",35.213171,-80.874084
"5733",2025-07-22,51,"Remount","PM2.5","Mecklenburg",35.213171,-80.874084
"5734",2025-07-23,57,"Remount","PM2.5","Mecklenburg",35.213171,-80.874084
"5735",2025-07-24,58,"Remount","PM2.5","Mecklenburg",35.213171,-80.874084
"5736",2025-07-25,44,"Remount","PM2.5","Mecklenburg",35.213171,-80.874084
"5737",2025-07-26,54,"Remount","PM2.5","Mecklenburg",35.213171,-80.874084
"5738",2025-07-27,51,"Remount","PM2.5","Mecklenburg",35.213171,-80.874084
"5739",2025-07-28,36,"Remount","PM2.5","Mecklenburg",35.213171,-80.874084
"5740",2025-07-29,48,"Remount","PM2.5","Mecklenburg",35.213171,-80.874084
"5741",2025-07-30,52,"Remount","PM2.5","Mecklenburg",35.213171,-80.874084
"5742",2025-07-31,39,"Remount","PM2.5","Mecklenburg",35.213171,-80.874084
"5743",2025-08-01,45,"Remount","PM2.5","Mecklenburg",35.213171,-80.874084
"5744",2025-08-02,23,"Remount","PM2.5","Mecklenburg",35.213171,-80.874084
"5745",2025-08-03,53,"Remount","PM2.5","Mecklenburg",35.213171,-80.874084
"5746",2025-08-04,52,"Remount","PM2.5","Mecklenburg",35.213171,-80.874084
"5747",2025-08-05,47,"Remount","PM2.5","Mecklenburg",35.213171,-80.874084
"5748",2025-08-06,33,"Remount","PM2.5","Mecklenburg",35.213171,-80.874084
"5749",2025-08-07,56,"Remount","PM2.5","Mecklenburg",35.213171,-80.874084
"5750",2025-08-08,82,"Remount","PM2.5","Mecklenburg",35.213171,-80.874084
"5751",2025-08-09,61,"Remount","PM2.5","Mecklenburg",35.213171,-80.874084
"5752",2025-08-10,43,"Remount","PM2.5","Mecklenburg",35.213171,-80.874084
"5753",2025-08-11,31,"Remount","PM2.5","Mecklenburg",35.213171,-80.874084
"5754",2025-08-12,34,"Remount","PM2.5","Mecklenburg",35.213171,-80.874084
"5755",2025-08-13,39,"Remount","PM2.5","Mecklenburg",35.213171,-80.874084
"5756",2025-08-14,33,"Remount","PM2.5","Mecklenburg",35.213171,-80.874084
"5757",2025-08-15,47,"Remount","PM2.5","Mecklenburg",35.213171,-80.874084
"5758",2025-08-16,55,"Remount","PM2.5","Mecklenburg",35.213171,-80.874084
"5759",2025-08-17,55,"Remount","PM2.5","Mecklenburg",35.213171,-80.874084
"5760",2025-08-18,57,"Remount","PM2.5","Mecklenburg",35.213171,-80.874084
"5761",2025-08-19,52,"Remount","PM2.5","Mecklenburg",35.213171,-80.874084
"5762",2025-08-20,53,"Remount","PM2.5","Mecklenburg",35.213171,-80.874084
"5763",2025-08-21,55,"Remount","PM2.5","Mecklenburg",35.213171,-80.874084
"5764",2025-08-22,36,"Remount","PM2.5","Mecklenburg",35.213171,-80.874084
"5765",2025-08-23,46,"Remount","PM2.5","Mecklenburg",35.213171,-80.874084
"5766",2025-08-24,48,"Remount","PM2.5","Mecklenburg",35.213171,-80.874084
"5767",2025-08-25,41,"Remount","PM2.5","Mecklenburg",35.213171,-80.874084
"5768",2025-08-26,36,"Remount","PM2.5","Mecklenburg",35.213171,-80.874084
"5769",2025-08-27,39,"Remount","PM2.5","Mecklenburg",35.213171,-80.874084
"5770",2025-08-28,53,"Remount","PM2.5","Mecklenburg",35.213171,-80.874084
"5771",2025-08-29,49,"Remount","PM2.5","Mecklenburg",35.213171,-80.874084
"5772",2025-08-30,52,"Remount","PM2.5","Mecklenburg",35.213171,-80.874084
"5773",2025-08-31,52,"Remount","PM2.5","Mecklenburg",35.213171,-80.874084
"5774",2025-09-01,35,"Remount","PM2.5","Mecklenburg",35.213171,-80.874084
"5775",2025-09-02,46,"Remount","PM2.5","Mecklenburg",35.213171,-80.874084
"5776",2025-09-03,59,"Remount","PM2.5","Mecklenburg",35.213171,-80.874084
"5777",2025-09-04,55,"Remount","PM2.5","Mecklenburg",35.213171,-80.874084
"5778",2025-09-05,60,"Remount","PM2.5","Mecklenburg",35.213171,-80.874084
"5779",2025-09-06,58,"Remount","PM2.5","Mecklenburg",35.213171,-80.874084
"5780",2025-09-07,42,"Remount","PM2.5","Mecklenburg",35.213171,-80.874084
"5781",2025-09-08,38,"Remount","PM2.5","Mecklenburg",35.213171,-80.874084
"5782",2025-09-09,41,"Remount","PM2.5","Mecklenburg",35.213171,-80.874084
"5783",2025-09-10,44,"Remount","PM2.5","Mecklenburg",35.213171,-80.874084
"5784",2025-09-11,53,"Remount","PM2.5","Mecklenburg",35.213171,-80.874084
"5785",2025-09-12,59,"Remount","PM2.5","Mecklenburg",35.213171,-80.874084
"5786",2025-09-13,53,"Remount","PM2.5","Mecklenburg",35.213171,-80.874084
"5787",2025-09-14,55,"Remount","PM2.5","Mecklenburg",35.213171,-80.874084
"5788",2025-09-15,54,"Remount","PM2.5","Mecklenburg",35.213171,-80.874084
"5789",2025-09-16,53,"Remount","PM2.5","Mecklenburg",35.213171,-80.874084
"5790",2025-09-17,47,"Remount","PM2.5","Mecklenburg",35.213171,-80.874084
"5791",2025-09-18,53,"Remount","PM2.5","Mecklenburg",35.213171,-80.874084
"5792",2025-09-19,59,"Remount","PM2.5","Mecklenburg",35.213171,-80.874084
"5793",2025-09-20,63,"Remount","PM2.5","Mecklenburg",35.213171,-80.874084
"5794",2025-09-21,59,"Remount","PM2.5","Mecklenburg",35.213171,-80.874084
"5795",2025-09-22,59,"Remount","PM2.5","Mecklenburg",35.213171,-80.874084
"5796",2025-09-23,57,"Remount","PM2.5","Mecklenburg",35.213171,-80.874084
"5797",2025-09-24,63,"Remount","PM2.5","Mecklenburg",35.213171,-80.874084
"5798",2025-09-25,51,"Remount","PM2.5","Mecklenburg",35.213171,-80.874084
"5799",2025-09-26,37,"Remount","PM2.5","Mecklenburg",35.213171,-80.874084
"5800",2025-09-27,46,"Remount","PM2.5","Mecklenburg",35.213171,-80.874084
"5801",2025-09-28,27,"Remount","PM2.5","Mecklenburg",35.213171,-80.874084
"5802",2025-09-29,46,"Remount","PM2.5","Mecklenburg",35.213171,-80.874084
"5803",2025-09-30,49,"Remount","PM2.5","Mecklenburg",35.213171,-80.874084
"5804",2025-10-01,54,"Remount","PM2.5","Mecklenburg",35.213171,-80.874084
"5805",2025-10-02,42,"Remount","PM2.5","Mecklenburg",35.213171,-80.874084
"5806",2025-10-08,29,"Remount","PM2.5","Mecklenburg",35.213171,-80.874084
"5807",2025-10-09,33,"Remount","PM2.5","Mecklenburg",35.213171,-80.874084
"5808",2025-10-18,53,"Remount","PM2.5","Mecklenburg",35.213171,-80.874084
"5809",2025-10-19,35,"Remount","PM2.5","Mecklenburg",35.213171,-80.874084
"5810",2025-10-20,30,"Remount","PM2.5","Mecklenburg",35.213171,-80.874084
"5811",2025-10-21,54,"Remount","PM2.5","Mecklenburg",35.213171,-80.874084
"5812",2025-10-22,36,"Remount","PM2.5","Mecklenburg",35.213171,-80.874084
"5813",2025-10-23,33,"Remount","PM2.5","Mecklenburg",35.213171,-80.874084
"5814",2025-10-24,47,"Remount","PM2.5","Mecklenburg",35.213171,-80.874084
"5815",2025-10-25,46,"Remount","PM2.5","Mecklenburg",35.213171,-80.874084
"5816",2025-10-26,51,"Remount","PM2.5","Mecklenburg",35.213171,-80.874084
"5817",2025-10-27,48,"Remount","PM2.5","Mecklenburg",35.213171,-80.874084
"5818",2025-10-28,21,"Remount","PM2.5","Mecklenburg",35.213171,-80.874084
"5819",2025-10-29,23,"Remount","PM2.5","Mecklenburg",35.213171,-80.874084
"5820",2025-10-30,12,"Remount","PM2.5","Mecklenburg",35.213171,-80.874084
"5821",2025-10-31,41,"Remount","PM2.5","Mecklenburg",35.213171,-80.874084
"5822",2025-11-01,58,"Remount","PM2.5","Mecklenburg",35.213171,-80.874084
"5823",2025-11-04,36,"Remount","PM2.5","Mecklenburg",35.213171,-80.874084
"5824",2025-11-05,56,"Remount","PM2.5","Mecklenburg",35.213171,-80.874084
"5825",2025-11-06,54,"Remount","PM2.5","Mecklenburg",35.213171,-80.874084
"5826",2025-11-07,58,"Remount","PM2.5","Mecklenburg",35.213171,-80.874084
"5827",2025-11-08,54,"Remount","PM2.5","Mecklenburg",35.213171,-80.874084
"5828",2025-11-09,54,"Remount","PM2.5","Mecklenburg",35.213171,-80.874084
"5829",2025-11-10,8,"Remount","PM2.5","Mecklenburg",35.213171,-80.874084
"5830",2025-11-11,20,"Remount","PM2.5","Mecklenburg",35.213171,-80.874084
"5831",2025-11-12,52,"Remount","PM2.5","Mecklenburg",35.213171,-80.874084
"5832",2025-11-13,58,"Remount","PM2.5","Mecklenburg",35.213171,-80.874084
"5833",2025-11-14,53,"Remount","PM2.5","Mecklenburg",35.213171,-80.874084
"5834",2025-11-15,57,"Remount","PM2.5","Mecklenburg",35.213171,-80.874084
"5835",2025-11-16,42,"Remount","PM2.5","Mecklenburg",35.213171,-80.874084
"5836",2025-11-17,36,"Remount","PM2.5","Mecklenburg",35.213171,-80.874084
"5837",2025-11-18,54,"Remount","PM2.5","Mecklenburg",35.213171,-80.874084
"5838",2025-11-19,59,"Remount","PM2.5","Mecklenburg",35.213171,-80.874084
"5839",2025-11-20,63,"Remount","PM2.5","Mecklenburg",35.213171,-80.874084
"5840",2025-11-21,88,"Remount","PM2.5","Mecklenburg",35.213171,-80.874084
"5841",2025-11-22,53,"Remount","PM2.5","Mecklenburg",35.213171,-80.874084
"5842",2025-11-23,39,"Remount","PM2.5","Mecklenburg",35.213171,-80.874084
"5843",2025-11-24,54,"Remount","PM2.5","Mecklenburg",35.213171,-80.874084
"5844",2025-11-25,43,"Remount","PM2.5","Mecklenburg",35.213171,-80.874084
"5845",2025-11-26,39,"Remount","PM2.5","Mecklenburg",35.213171,-80.874084
"5846",2025-11-27,16,"Remount","PM2.5","Mecklenburg",35.213171,-80.874084
"5847",2025-11-28,22,"Remount","PM2.5","Mecklenburg",35.213171,-80.874084
"5848",2025-11-29,39,"Remount","PM2.5","Mecklenburg",35.213171,-80.874084
"5849",2025-11-30,53,"Remount","PM2.5","Mecklenburg",35.213171,-80.874084
"5850",2025-12-01,51,"Remount","PM2.5","Mecklenburg",35.213171,-80.874084
"5851",2025-12-02,44,"Remount","PM2.5","Mecklenburg",35.213171,-80.874084
"5852",2025-12-03,38,"Remount","PM2.5","Mecklenburg",35.213171,-80.874084
"5853",2025-12-04,62,"Remount","PM2.5","Mecklenburg",35.213171,-80.874084
"5854",2025-12-05,52,"Remount","PM2.5","Mecklenburg",35.213171,-80.874084
"5855",2025-12-06,55,"Remount","PM2.5","Mecklenburg",35.213171,-80.874084
"5856",2025-12-07,58,"Remount","PM2.5","Mecklenburg",35.213171,-80.874084
"5857",2025-12-08,56,"Remount","PM2.5","Mecklenburg",35.213171,-80.874084
"5858",2025-12-09,43,"Remount","PM2.5","Mecklenburg",35.213171,-80.874084
"5859",2025-12-10,42,"Remount","PM2.5","Mecklenburg",35.213171,-80.874084
"5860",2025-12-11,19,"Remount","PM2.5","Mecklenburg",35.213171,-80.874084
"5861",2025-12-12,43,"Remount","PM2.5","Mecklenburg",35.213171,-80.874084
"5862",2025-12-13,59,"Remount","PM2.5","Mecklenburg",35.213171,-80.874084
"5863",2025-12-14,26,"Remount","PM2.5","Mecklenburg",35.213171,-80.874084
"5864",2025-12-15,28,"Remount","PM2.5","Mecklenburg",35.213171,-80.874084
"5865",2025-12-16,53,"Remount","PM2.5","Mecklenburg",35.213171,-80.874084
"5866",2025-12-17,60,"Remount","PM2.5","Mecklenburg",35.213171,-80.874084
"5867",2025-12-18,56,"Remount","PM2.5","Mecklenburg",35.213171,-80.874084
"5868",2025-12-19,16,"Remount","PM2.5","Mecklenburg",35.213171,-80.874084
"5869",2025-12-20,37,"Remount","PM2.5","Mecklenburg",35.213171,-80.874084
"5870",2025-12-21,47,"Remount","PM2.5","Mecklenburg",35.213171,-80.874084
"5871",2025-12-22,30,"Remount","PM2.5","Mecklenburg",35.213171,-80.874084
"5872",2025-12-23,43,"Remount","PM2.5","Mecklenburg",35.213171,-80.874084
"5873",2025-12-24,57,"Remount","PM2.5","Mecklenburg",35.213171,-80.874084
"5874",2025-12-25,64,"Remount","PM2.5","Mecklenburg",35.213171,-80.874084
"5875",2025-12-26,56,"Remount","PM2.5","Mecklenburg",35.213171,-80.874084
"5876",2025-12-27,55,"Remount","PM2.5","Mecklenburg",35.213171,-80.874084
"5877",2025-12-28,56,"Remount","PM2.5","Mecklenburg",35.213171,-80.874084
"5878",2025-12-29,29,"Remount","PM2.5","Mecklenburg",35.213171,-80.874084
"5879",2025-12-30,23,"Remount","PM2.5","Mecklenburg",35.213171,-80.874084
"5880",2025-12-31,23,"Remount","PM2.5","Mecklenburg",35.213171,-80.874084
"5881",2025-01-01,9,"Friendship Park","PM2.5","Mecklenburg",35.28179100089,-80.851473
"5882",2025-01-02,22,"Friendship Park","PM2.5","Mecklenburg",35.28179100089,-80.851473
"5883",2025-01-03,29,"Friendship Park","PM2.5","Mecklenburg",35.28179100089,-80.851473
"5884",2025-01-04,8,"Friendship Park","PM2.5","Mecklenburg",35.28179100089,-80.851473
"5885",2025-01-05,39,"Friendship Park","PM2.5","Mecklenburg",35.28179100089,-80.851473
"5886",2025-01-06,37,"Friendship Park","PM2.5","Mecklenburg",35.28179100089,-80.851473
"5887",2025-01-07,23,"Friendship Park","PM2.5","Mecklenburg",35.28179100089,-80.851473
"5888",2025-01-08,27,"Friendship Park","PM2.5","Mecklenburg",35.28179100089,-80.851473
"5889",2025-01-09,27,"Friendship Park","PM2.5","Mecklenburg",35.28179100089,-80.851473
"5890",2025-01-10,48,"Friendship Park","PM2.5","Mecklenburg",35.28179100089,-80.851473
"5891",2025-01-11,23,"Friendship Park","PM2.5","Mecklenburg",35.28179100089,-80.851473
"5892",2025-01-12,38,"Friendship Park","PM2.5","Mecklenburg",35.28179100089,-80.851473
"5893",2025-01-13,56,"Friendship Park","PM2.5","Mecklenburg",35.28179100089,-80.851473
"5894",2025-01-14,29,"Friendship Park","PM2.5","Mecklenburg",35.28179100089,-80.851473
"5895",2025-01-15,32,"Friendship Park","PM2.5","Mecklenburg",35.28179100089,-80.851473
"5896",2025-01-16,39,"Friendship Park","PM2.5","Mecklenburg",35.28179100089,-80.851473
"5897",2025-01-17,46,"Friendship Park","PM2.5","Mecklenburg",35.28179100089,-80.851473
"5898",2025-01-18,45,"Friendship Park","PM2.5","Mecklenburg",35.28179100089,-80.851473
"5899",2025-01-19,38,"Friendship Park","PM2.5","Mecklenburg",35.28179100089,-80.851473
"5900",2025-01-20,11,"Friendship Park","PM2.5","Mecklenburg",35.28179100089,-80.851473
"5901",2025-01-21,19,"Friendship Park","PM2.5","Mecklenburg",35.28179100089,-80.851473
"5902",2025-01-22,29,"Friendship Park","PM2.5","Mecklenburg",35.28179100089,-80.851473
"5903",2025-01-23,52,"Friendship Park","PM2.5","Mecklenburg",35.28179100089,-80.851473
"5904",2025-01-24,63,"Friendship Park","PM2.5","Mecklenburg",35.28179100089,-80.851473
"5905",2025-01-25,55,"Friendship Park","PM2.5","Mecklenburg",35.28179100089,-80.851473
"5906",2025-01-26,55,"Friendship Park","PM2.5","Mecklenburg",35.28179100089,-80.851473
"5907",2025-01-27,48,"Friendship Park","PM2.5","Mecklenburg",35.28179100089,-80.851473
"5908",2025-01-28,29,"Friendship Park","PM2.5","Mecklenburg",35.28179100089,-80.851473
"5909",2025-01-29,35,"Friendship Park","PM2.5","Mecklenburg",35.28179100089,-80.851473
"5910",2025-01-30,38,"Friendship Park","PM2.5","Mecklenburg",35.28179100089,-80.851473
"5911",2025-01-31,47,"Friendship Park","PM2.5","Mecklenburg",35.28179100089,-80.851473
"5912",2025-02-01,18,"Friendship Park","PM2.5","Mecklenburg",35.28179100089,-80.851473
"5913",2025-02-02,33,"Friendship Park","PM2.5","Mecklenburg",35.28179100089,-80.851473
"5914",2025-02-03,53,"Friendship Park","PM2.5","Mecklenburg",35.28179100089,-80.851473
"5915",2025-02-04,52,"Friendship Park","PM2.5","Mecklenburg",35.28179100089,-80.851473
"5916",2025-02-05,51,"Friendship Park","PM2.5","Mecklenburg",35.28179100089,-80.851473
"5917",2025-02-06,58,"Friendship Park","PM2.5","Mecklenburg",35.28179100089,-80.851473
"5918",2025-02-07,34,"Friendship Park","PM2.5","Mecklenburg",35.28179100089,-80.851473
"5919",2025-02-08,46,"Friendship Park","PM2.5","Mecklenburg",35.28179100089,-80.851473
"5920",2025-02-09,40,"Friendship Park","PM2.5","Mecklenburg",35.28179100089,-80.851473
"5921",2025-02-10,25,"Friendship Park","PM2.5","Mecklenburg",35.28179100089,-80.851473
"5922",2025-02-11,37,"Friendship Park","PM2.5","Mecklenburg",35.28179100089,-80.851473
"5923",2025-02-12,12,"Friendship Park","PM2.5","Mecklenburg",35.28179100089,-80.851473
"5924",2025-02-13,13,"Friendship Park","PM2.5","Mecklenburg",35.28179100089,-80.851473
"5925",2025-02-14,30,"Friendship Park","PM2.5","Mecklenburg",35.28179100089,-80.851473
"5926",2025-02-15,38,"Friendship Park","PM2.5","Mecklenburg",35.28179100089,-80.851473
"5927",2025-02-16,22,"Friendship Park","PM2.5","Mecklenburg",35.28179100089,-80.851473
"5928",2025-02-17,22,"Friendship Park","PM2.5","Mecklenburg",35.28179100089,-80.851473
"5929",2025-02-18,39,"Friendship Park","PM2.5","Mecklenburg",35.28179100089,-80.851473
"5930",2025-02-19,47,"Friendship Park","PM2.5","Mecklenburg",35.28179100089,-80.851473
"5931",2025-02-20,24,"Friendship Park","PM2.5","Mecklenburg",35.28179100089,-80.851473
"5932",2025-02-21,26,"Friendship Park","PM2.5","Mecklenburg",35.28179100089,-80.851473
"5933",2025-02-22,34,"Friendship Park","PM2.5","Mecklenburg",35.28179100089,-80.851473
"5934",2025-02-23,41,"Friendship Park","PM2.5","Mecklenburg",35.28179100089,-80.851473
"5935",2025-02-24,61,"Friendship Park","PM2.5","Mecklenburg",35.28179100089,-80.851473
"5936",2025-02-25,59,"Friendship Park","PM2.5","Mecklenburg",35.28179100089,-80.851473
"5937",2025-02-26,54,"Friendship Park","PM2.5","Mecklenburg",35.28179100089,-80.851473
"5938",2025-02-27,58,"Friendship Park","PM2.5","Mecklenburg",35.28179100089,-80.851473
"5939",2025-02-28,19,"Friendship Park","PM2.5","Mecklenburg",35.28179100089,-80.851473
"5940",2025-03-01,36,"Friendship Park","PM2.5","Mecklenburg",35.28179100089,-80.851473
"5941",2025-03-02,18,"Friendship Park","PM2.5","Mecklenburg",35.28179100089,-80.851473
"5942",2025-03-03,44,"Friendship Park","PM2.5","Mecklenburg",35.28179100089,-80.851473
"5943",2025-03-04,30,"Friendship Park","PM2.5","Mecklenburg",35.28179100089,-80.851473
"5944",2025-03-05,33,"Friendship Park","PM2.5","Mecklenburg",35.28179100089,-80.851473
"5945",2025-03-06,14,"Friendship Park","PM2.5","Mecklenburg",35.28179100089,-80.851473
"5946",2025-03-07,30,"Friendship Park","PM2.5","Mecklenburg",35.28179100089,-80.851473
"5947",2025-03-08,53,"Friendship Park","PM2.5","Mecklenburg",35.28179100089,-80.851473
"5948",2025-03-09,27,"Friendship Park","PM2.5","Mecklenburg",35.28179100089,-80.851473
"5949",2025-03-10,41,"Friendship Park","PM2.5","Mecklenburg",35.28179100089,-80.851473
"5950",2025-03-11,34,"Friendship Park","PM2.5","Mecklenburg",35.28179100089,-80.851473
"5951",2025-03-12,52,"Friendship Park","PM2.5","Mecklenburg",35.28179100089,-80.851473
"5952",2025-03-13,67,"Friendship Park","PM2.5","Mecklenburg",35.28179100089,-80.851473
"5953",2025-03-14,76,"Friendship Park","PM2.5","Mecklenburg",35.28179100089,-80.851473
"5954",2025-03-15,56,"Friendship Park","PM2.5","Mecklenburg",35.28179100089,-80.851473
"5955",2025-03-16,52,"Friendship Park","PM2.5","Mecklenburg",35.28179100089,-80.851473
"5956",2025-03-17,18,"Friendship Park","PM2.5","Mecklenburg",35.28179100089,-80.851473
"5957",2025-03-18,25,"Friendship Park","PM2.5","Mecklenburg",35.28179100089,-80.851473
"5958",2025-03-19,55,"Friendship Park","PM2.5","Mecklenburg",35.28179100089,-80.851473
"5959",2025-03-20,55,"Friendship Park","PM2.5","Mecklenburg",35.28179100089,-80.851473
"5960",2025-03-21,25,"Friendship Park","PM2.5","Mecklenburg",35.28179100089,-80.851473
"5961",2025-03-22,50,"Friendship Park","PM2.5","Mecklenburg",35.28179100089,-80.851473
"5962",2025-03-23,35,"Friendship Park","PM2.5","Mecklenburg",35.28179100089,-80.851473
"5963",2025-03-24,55,"Friendship Park","PM2.5","Mecklenburg",35.28179100089,-80.851473
"5964",2025-03-25,26,"Friendship Park","PM2.5","Mecklenburg",35.28179100089,-80.851473
"5965",2025-03-26,23,"Friendship Park","PM2.5","Mecklenburg",35.28179100089,-80.851473
"5966",2025-03-27,45,"Friendship Park","PM2.5","Mecklenburg",35.28179100089,-80.851473
"5967",2025-03-28,52,"Friendship Park","PM2.5","Mecklenburg",35.28179100089,-80.851473
"5968",2025-03-29,42,"Friendship Park","PM2.5","Mecklenburg",35.28179100089,-80.851473
"5969",2025-03-30,42,"Friendship Park","PM2.5","Mecklenburg",35.28179100089,-80.851473
"5970",2025-03-31,36,"Friendship Park","PM2.5","Mecklenburg",35.28179100089,-80.851473
"5971",2025-04-01,14,"Friendship Park","PM2.5","Mecklenburg",35.28179100089,-80.851473
"5972",2025-04-02,56,"Friendship Park","PM2.5","Mecklenburg",35.28179100089,-80.851473
"5973",2025-04-03,49,"Friendship Park","PM2.5","Mecklenburg",35.28179100089,-80.851473
"5974",2025-04-04,52,"Friendship Park","PM2.5","Mecklenburg",35.28179100089,-80.851473
"5975",2025-04-05,47,"Friendship Park","PM2.5","Mecklenburg",35.28179100089,-80.851473
"5976",2025-04-06,39,"Friendship Park","PM2.5","Mecklenburg",35.28179100089,-80.851473
"5977",2025-04-07,38,"Friendship Park","PM2.5","Mecklenburg",35.28179100089,-80.851473
"5978",2025-04-08,25,"Friendship Park","PM2.5","Mecklenburg",35.28179100089,-80.851473
"5979",2025-04-09,34,"Friendship Park","PM2.5","Mecklenburg",35.28179100089,-80.851473
"5980",2025-04-10,54,"Friendship Park","PM2.5","Mecklenburg",35.28179100089,-80.851473
"5981",2025-04-11,26,"Friendship Park","PM2.5","Mecklenburg",35.28179100089,-80.851473
"5982",2025-04-12,36,"Friendship Park","PM2.5","Mecklenburg",35.28179100089,-80.851473
"5983",2025-04-13,36,"Friendship Park","PM2.5","Mecklenburg",35.28179100089,-80.851473
"5984",2025-04-14,51,"Friendship Park","PM2.5","Mecklenburg",35.28179100089,-80.851473
"5985",2025-04-15,42,"Friendship Park","PM2.5","Mecklenburg",35.28179100089,-80.851473
"5986",2025-04-16,31,"Friendship Park","PM2.5","Mecklenburg",35.28179100089,-80.851473
"5987",2025-04-17,39,"Friendship Park","PM2.5","Mecklenburg",35.28179100089,-80.851473
"5988",2025-04-18,56,"Friendship Park","PM2.5","Mecklenburg",35.28179100089,-80.851473
"5989",2025-04-19,55,"Friendship Park","PM2.5","Mecklenburg",35.28179100089,-80.851473
"5990",2025-04-20,51,"Friendship Park","PM2.5","Mecklenburg",35.28179100089,-80.851473
"5991",2025-04-21,49,"Friendship Park","PM2.5","Mecklenburg",35.28179100089,-80.851473
"5992",2025-04-22,53,"Friendship Park","PM2.5","Mecklenburg",35.28179100089,-80.851473
"5993",2025-04-23,47,"Friendship Park","PM2.5","Mecklenburg",35.28179100089,-80.851473
"5994",2025-04-24,58,"Friendship Park","PM2.5","Mecklenburg",35.28179100089,-80.851473
"5995",2025-04-25,52,"Friendship Park","PM2.5","Mecklenburg",35.28179100089,-80.851473
"5996",2025-04-26,38,"Friendship Park","PM2.5","Mecklenburg",35.28179100089,-80.851473
"5997",2025-04-27,32,"Friendship Park","PM2.5","Mecklenburg",35.28179100089,-80.851473
"5998",2025-04-28,38,"Friendship Park","PM2.5","Mecklenburg",35.28179100089,-80.851473
"5999",2025-04-29,49,"Friendship Park","PM2.5","Mecklenburg",35.28179100089,-80.851473
"6000",2025-04-30,53,"Friendship Park","PM2.5","Mecklenburg",35.28179100089,-80.851473
"6001",2025-05-01,52,"Friendship Park","PM2.5","Mecklenburg",35.28179100089,-80.851473
"6002",2025-05-02,52,"Friendship Park","PM2.5","Mecklenburg",35.28179100089,-80.851473
"6003",2025-05-03,46,"Friendship Park","PM2.5","Mecklenburg",35.28179100089,-80.851473
"6004",2025-05-04,20,"Friendship Park","PM2.5","Mecklenburg",35.28179100089,-80.851473
"6005",2025-05-05,29,"Friendship Park","PM2.5","Mecklenburg",35.28179100089,-80.851473
"6006",2025-05-06,33,"Friendship Park","PM2.5","Mecklenburg",35.28179100089,-80.851473
"6007",2025-05-07,41,"Friendship Park","PM2.5","Mecklenburg",35.28179100089,-80.851473
"6008",2025-05-08,46,"Friendship Park","PM2.5","Mecklenburg",35.28179100089,-80.851473
"6009",2025-05-09,35,"Friendship Park","PM2.5","Mecklenburg",35.28179100089,-80.851473
"6010",2025-05-10,30,"Friendship Park","PM2.5","Mecklenburg",35.28179100089,-80.851473
"6011",2025-05-11,51,"Friendship Park","PM2.5","Mecklenburg",35.28179100089,-80.851473
"6012",2025-05-12,24,"Friendship Park","PM2.5","Mecklenburg",35.28179100089,-80.851473
"6013",2025-05-13,21,"Friendship Park","PM2.5","Mecklenburg",35.28179100089,-80.851473
"6014",2025-05-14,31,"Friendship Park","PM2.5","Mecklenburg",35.28179100089,-80.851473
"6015",2025-05-15,52,"Friendship Park","PM2.5","Mecklenburg",35.28179100089,-80.851473
"6016",2025-05-16,58,"Friendship Park","PM2.5","Mecklenburg",35.28179100089,-80.851473
"6017",2025-05-17,40,"Friendship Park","PM2.5","Mecklenburg",35.28179100089,-80.851473
"6018",2025-05-18,34,"Friendship Park","PM2.5","Mecklenburg",35.28179100089,-80.851473
"6019",2025-05-19,51,"Friendship Park","PM2.5","Mecklenburg",35.28179100089,-80.851473
"6020",2025-05-20,54,"Friendship Park","PM2.5","Mecklenburg",35.28179100089,-80.851473
"6021",2025-05-21,40,"Friendship Park","PM2.5","Mecklenburg",35.28179100089,-80.851473
"6022",2025-05-22,23,"Friendship Park","PM2.5","Mecklenburg",35.28179100089,-80.851473
"6023",2025-05-23,22,"Friendship Park","PM2.5","Mecklenburg",35.28179100089,-80.851473
"6024",2025-05-24,32,"Friendship Park","PM2.5","Mecklenburg",35.28179100089,-80.851473
"6025",2025-05-25,51,"Friendship Park","PM2.5","Mecklenburg",35.28179100089,-80.851473
"6026",2025-05-26,49,"Friendship Park","PM2.5","Mecklenburg",35.28179100089,-80.851473
"6027",2025-05-27,15,"Friendship Park","PM2.5","Mecklenburg",35.28179100089,-80.851473
"6028",2025-05-28,17,"Friendship Park","PM2.5","Mecklenburg",35.28179100089,-80.851473
"6029",2025-05-29,44,"Friendship Park","PM2.5","Mecklenburg",35.28179100089,-80.851473
"6030",2025-05-30,26,"Friendship Park","PM2.5","Mecklenburg",35.28179100089,-80.851473
"6031",2025-05-31,47,"Friendship Park","PM2.5","Mecklenburg",35.28179100089,-80.851473
"6032",2025-06-01,56,"Friendship Park","PM2.5","Mecklenburg",35.28179100089,-80.851473
"6033",2025-06-02,51,"Friendship Park","PM2.5","Mecklenburg",35.28179100089,-80.851473
"6034",2025-06-03,56,"Friendship Park","PM2.5","Mecklenburg",35.28179100089,-80.851473
"6035",2025-06-04,64,"Friendship Park","PM2.5","Mecklenburg",35.28179100089,-80.851473
"6036",2025-06-05,30,"Friendship Park","PM2.5","Mecklenburg",35.28179100089,-80.851473
"6037",2025-06-06,52,"Friendship Park","PM2.5","Mecklenburg",35.28179100089,-80.851473
"6038",2025-06-07,36,"Friendship Park","PM2.5","Mecklenburg",35.28179100089,-80.851473
"6039",2025-06-08,36,"Friendship Park","PM2.5","Mecklenburg",35.28179100089,-80.851473
"6040",2025-06-09,36,"Friendship Park","PM2.5","Mecklenburg",35.28179100089,-80.851473
"6041",2025-06-10,37,"Friendship Park","PM2.5","Mecklenburg",35.28179100089,-80.851473
"6042",2025-06-11,49,"Friendship Park","PM2.5","Mecklenburg",35.28179100089,-80.851473
"6043",2025-06-12,53,"Friendship Park","PM2.5","Mecklenburg",35.28179100089,-80.851473
"6044",2025-06-13,25,"Friendship Park","PM2.5","Mecklenburg",35.28179100089,-80.851473
"6045",2025-06-14,28,"Friendship Park","PM2.5","Mecklenburg",35.28179100089,-80.851473
"6046",2025-06-15,33,"Friendship Park","PM2.5","Mecklenburg",35.28179100089,-80.851473
"6047",2025-06-16,42,"Friendship Park","PM2.5","Mecklenburg",35.28179100089,-80.851473
"6048",2025-06-17,33,"Friendship Park","PM2.5","Mecklenburg",35.28179100089,-80.851473
"6049",2025-06-18,31,"Friendship Park","PM2.5","Mecklenburg",35.28179100089,-80.851473
"6050",2025-06-19,38,"Friendship Park","PM2.5","Mecklenburg",35.28179100089,-80.851473
"6051",2025-06-20,32,"Friendship Park","PM2.5","Mecklenburg",35.28179100089,-80.851473
"6052",2025-06-21,52,"Friendship Park","PM2.5","Mecklenburg",35.28179100089,-80.851473
"6053",2025-06-22,57,"Friendship Park","PM2.5","Mecklenburg",35.28179100089,-80.851473
"6054",2025-06-23,58,"Friendship Park","PM2.5","Mecklenburg",35.28179100089,-80.851473
"6055",2025-06-24,61,"Friendship Park","PM2.5","Mecklenburg",35.28179100089,-80.851473
"6056",2025-06-25,64,"Friendship Park","PM2.5","Mecklenburg",35.28179100089,-80.851473
"6057",2025-06-26,52,"Friendship Park","PM2.5","Mecklenburg",35.28179100089,-80.851473
"6058",2025-06-27,54,"Friendship Park","PM2.5","Mecklenburg",35.28179100089,-80.851473
"6059",2025-06-28,55,"Friendship Park","PM2.5","Mecklenburg",35.28179100089,-80.851473
"6060",2025-06-29,44,"Friendship Park","PM2.5","Mecklenburg",35.28179100089,-80.851473
"6061",2025-06-30,52,"Friendship Park","PM2.5","Mecklenburg",35.28179100089,-80.851473
"6062",2025-07-01,52,"Friendship Park","PM2.5","Mecklenburg",35.28179100089,-80.851473
"6063",2025-07-02,29,"Friendship Park","PM2.5","Mecklenburg",35.28179100089,-80.851473
"6064",2025-07-03,44,"Friendship Park","PM2.5","Mecklenburg",35.28179100089,-80.851473
"6065",2025-07-04,70,"Friendship Park","PM2.5","Mecklenburg",35.28179100089,-80.851473
"6066",2025-07-05,64,"Friendship Park","PM2.5","Mecklenburg",35.28179100089,-80.851473
"6067",2025-07-06,43,"Friendship Park","PM2.5","Mecklenburg",35.28179100089,-80.851473
"6068",2025-07-07,51,"Friendship Park","PM2.5","Mecklenburg",35.28179100089,-80.851473
"6069",2025-07-08,63,"Friendship Park","PM2.5","Mecklenburg",35.28179100089,-80.851473
"6070",2025-07-09,55,"Friendship Park","PM2.5","Mecklenburg",35.28179100089,-80.851473
"6071",2025-07-10,43,"Friendship Park","PM2.5","Mecklenburg",35.28179100089,-80.851473
"6072",2025-07-11,41,"Friendship Park","PM2.5","Mecklenburg",35.28179100089,-80.851473
"6073",2025-07-12,32,"Friendship Park","PM2.5","Mecklenburg",35.28179100089,-80.851473
"6074",2025-07-13,47,"Friendship Park","PM2.5","Mecklenburg",35.28179100089,-80.851473
"6075",2025-07-14,46,"Friendship Park","PM2.5","Mecklenburg",35.28179100089,-80.851473
"6076",2025-07-15,49,"Friendship Park","PM2.5","Mecklenburg",35.28179100089,-80.851473
"6077",2025-07-16,38,"Friendship Park","PM2.5","Mecklenburg",35.28179100089,-80.851473
"6078",2025-07-17,46,"Friendship Park","PM2.5","Mecklenburg",35.28179100089,-80.851473
"6079",2025-07-18,47,"Friendship Park","PM2.5","Mecklenburg",35.28179100089,-80.851473
"6080",2025-07-19,37,"Friendship Park","PM2.5","Mecklenburg",35.28179100089,-80.851473
"6081",2025-07-20,42,"Friendship Park","PM2.5","Mecklenburg",35.28179100089,-80.851473
"6082",2025-07-21,52,"Friendship Park","PM2.5","Mecklenburg",35.28179100089,-80.851473
"6083",2025-07-22,47,"Friendship Park","PM2.5","Mecklenburg",35.28179100089,-80.851473
"6084",2025-07-23,54,"Friendship Park","PM2.5","Mecklenburg",35.28179100089,-80.851473
"6085",2025-07-24,55,"Friendship Park","PM2.5","Mecklenburg",35.28179100089,-80.851473
"6086",2025-07-25,44,"Friendship Park","PM2.5","Mecklenburg",35.28179100089,-80.851473
"6087",2025-07-26,52,"Friendship Park","PM2.5","Mecklenburg",35.28179100089,-80.851473
"6088",2025-07-27,49,"Friendship Park","PM2.5","Mecklenburg",35.28179100089,-80.851473
"6089",2025-07-28,36,"Friendship Park","PM2.5","Mecklenburg",35.28179100089,-80.851473
"6090",2025-07-29,41,"Friendship Park","PM2.5","Mecklenburg",35.28179100089,-80.851473
"6091",2025-07-30,47,"Friendship Park","PM2.5","Mecklenburg",35.28179100089,-80.851473
"6092",2025-07-31,38,"Friendship Park","PM2.5","Mecklenburg",35.28179100089,-80.851473
"6093",2025-08-01,41,"Friendship Park","PM2.5","Mecklenburg",35.28179100089,-80.851473
"6094",2025-08-02,24,"Friendship Park","PM2.5","Mecklenburg",35.28179100089,-80.851473
"6095",2025-08-03,46,"Friendship Park","PM2.5","Mecklenburg",35.28179100089,-80.851473
"6096",2025-08-04,51,"Friendship Park","PM2.5","Mecklenburg",35.28179100089,-80.851473
"6097",2025-08-05,35,"Friendship Park","PM2.5","Mecklenburg",35.28179100089,-80.851473
"6098",2025-08-06,29,"Friendship Park","PM2.5","Mecklenburg",35.28179100089,-80.851473
"6099",2025-08-07,54,"Friendship Park","PM2.5","Mecklenburg",35.28179100089,-80.851473
"6100",2025-08-08,78,"Friendship Park","PM2.5","Mecklenburg",35.28179100089,-80.851473
"6101",2025-08-09,60,"Friendship Park","PM2.5","Mecklenburg",35.28179100089,-80.851473
"6102",2025-08-10,46,"Friendship Park","PM2.5","Mecklenburg",35.28179100089,-80.851473
"6103",2025-08-11,21,"Friendship Park","PM2.5","Mecklenburg",35.28179100089,-80.851473
"6104",2025-08-12,28,"Friendship Park","PM2.5","Mecklenburg",35.28179100089,-80.851473
"6105",2025-08-13,37,"Friendship Park","PM2.5","Mecklenburg",35.28179100089,-80.851473
"6106",2025-08-14,29,"Friendship Park","PM2.5","Mecklenburg",35.28179100089,-80.851473
"6107",2025-08-15,41,"Friendship Park","PM2.5","Mecklenburg",35.28179100089,-80.851473
"6108",2025-08-16,52,"Friendship Park","PM2.5","Mecklenburg",35.28179100089,-80.851473
"6109",2025-08-17,51,"Friendship Park","PM2.5","Mecklenburg",35.28179100089,-80.851473
"6110",2025-08-18,52,"Friendship Park","PM2.5","Mecklenburg",35.28179100089,-80.851473
"6111",2025-08-19,48,"Friendship Park","PM2.5","Mecklenburg",35.28179100089,-80.851473
"6112",2025-08-20,46,"Friendship Park","PM2.5","Mecklenburg",35.28179100089,-80.851473
"6113",2025-08-21,48,"Friendship Park","PM2.5","Mecklenburg",35.28179100089,-80.851473
"6114",2025-08-22,28,"Friendship Park","PM2.5","Mecklenburg",35.28179100089,-80.851473
"6115",2025-08-23,40,"Friendship Park","PM2.5","Mecklenburg",35.28179100089,-80.851473
"6116",2025-08-24,40,"Friendship Park","PM2.5","Mecklenburg",35.28179100089,-80.851473
"6117",2025-08-25,36,"Friendship Park","PM2.5","Mecklenburg",35.28179100089,-80.851473
"6118",2025-08-26,33,"Friendship Park","PM2.5","Mecklenburg",35.28179100089,-80.851473
"6119",2025-08-27,36,"Friendship Park","PM2.5","Mecklenburg",35.28179100089,-80.851473
"6120",2025-08-28,49,"Friendship Park","PM2.5","Mecklenburg",35.28179100089,-80.851473
"6121",2025-08-29,48,"Friendship Park","PM2.5","Mecklenburg",35.28179100089,-80.851473
"6122",2025-08-30,44,"Friendship Park","PM2.5","Mecklenburg",35.28179100089,-80.851473
"6123",2025-08-31,46,"Friendship Park","PM2.5","Mecklenburg",35.28179100089,-80.851473
"6124",2025-09-01,32,"Friendship Park","PM2.5","Mecklenburg",35.28179100089,-80.851473
"6125",2025-09-02,33,"Friendship Park","PM2.5","Mecklenburg",35.28179100089,-80.851473
"6126",2025-09-03,52,"Friendship Park","PM2.5","Mecklenburg",35.28179100089,-80.851473
"6127",2025-09-04,52,"Friendship Park","PM2.5","Mecklenburg",35.28179100089,-80.851473
"6128",2025-09-05,56,"Friendship Park","PM2.5","Mecklenburg",35.28179100089,-80.851473
"6129",2025-09-06,58,"Friendship Park","PM2.5","Mecklenburg",35.28179100089,-80.851473
"6130",2025-09-07,37,"Friendship Park","PM2.5","Mecklenburg",35.28179100089,-80.851473
"6131",2025-09-08,29,"Friendship Park","PM2.5","Mecklenburg",35.28179100089,-80.851473
"6132",2025-09-09,31,"Friendship Park","PM2.5","Mecklenburg",35.28179100089,-80.851473
"6133",2025-09-10,39,"Friendship Park","PM2.5","Mecklenburg",35.28179100089,-80.851473
"6134",2025-09-11,38,"Friendship Park","PM2.5","Mecklenburg",35.28179100089,-80.851473
"6135",2025-09-12,44,"Friendship Park","PM2.5","Mecklenburg",35.28179100089,-80.851473
"6136",2025-09-13,47,"Friendship Park","PM2.5","Mecklenburg",35.28179100089,-80.851473
"6137",2025-09-14,48,"Friendship Park","PM2.5","Mecklenburg",35.28179100089,-80.851473
"6138",2025-09-15,52,"Friendship Park","PM2.5","Mecklenburg",35.28179100089,-80.851473
"6139",2025-09-16,41,"Friendship Park","PM2.5","Mecklenburg",35.28179100089,-80.851473
"6140",2025-09-17,43,"Friendship Park","PM2.5","Mecklenburg",35.28179100089,-80.851473
"6141",2025-09-18,51,"Friendship Park","PM2.5","Mecklenburg",35.28179100089,-80.851473
"6142",2025-09-19,55,"Friendship Park","PM2.5","Mecklenburg",35.28179100089,-80.851473
"6143",2025-09-20,55,"Friendship Park","PM2.5","Mecklenburg",35.28179100089,-80.851473
"6144",2025-09-21,55,"Friendship Park","PM2.5","Mecklenburg",35.28179100089,-80.851473
"6145",2025-09-22,55,"Friendship Park","PM2.5","Mecklenburg",35.28179100089,-80.851473
"6146",2025-09-23,57,"Friendship Park","PM2.5","Mecklenburg",35.28179100089,-80.851473
"6147",2025-09-24,56,"Friendship Park","PM2.5","Mecklenburg",35.28179100089,-80.851473
"6148",2025-09-25,42,"Friendship Park","PM2.5","Mecklenburg",35.28179100089,-80.851473
"6149",2025-09-26,36,"Friendship Park","PM2.5","Mecklenburg",35.28179100089,-80.851473
"6150",2025-09-27,31,"Friendship Park","PM2.5","Mecklenburg",35.28179100089,-80.851473
"6151",2025-09-28,23,"Friendship Park","PM2.5","Mecklenburg",35.28179100089,-80.851473
"6152",2025-09-29,32,"Friendship Park","PM2.5","Mecklenburg",35.28179100089,-80.851473
"6153",2025-09-30,35,"Friendship Park","PM2.5","Mecklenburg",35.28179100089,-80.851473
"6154",2025-10-01,44,"Friendship Park","PM2.5","Mecklenburg",35.28179100089,-80.851473
"6155",2025-10-02,41,"Friendship Park","PM2.5","Mecklenburg",35.28179100089,-80.851473
"6156",2025-10-03,33,"Friendship Park","PM2.5","Mecklenburg",35.28179100089,-80.851473
"6157",2025-10-04,47,"Friendship Park","PM2.5","Mecklenburg",35.28179100089,-80.851473
"6158",2025-10-05,29,"Friendship Park","PM2.5","Mecklenburg",35.28179100089,-80.851473
"6159",2025-10-06,32,"Friendship Park","PM2.5","Mecklenburg",35.28179100089,-80.851473
"6160",2025-10-07,24,"Friendship Park","PM2.5","Mecklenburg",35.28179100089,-80.851473
"6161",2025-10-08,29,"Friendship Park","PM2.5","Mecklenburg",35.28179100089,-80.851473
"6162",2025-10-09,28,"Friendship Park","PM2.5","Mecklenburg",35.28179100089,-80.851473
"6163",2025-10-10,29,"Friendship Park","PM2.5","Mecklenburg",35.28179100089,-80.851473
"6164",2025-10-11,23,"Friendship Park","PM2.5","Mecklenburg",35.28179100089,-80.851473
"6165",2025-10-12,17,"Friendship Park","PM2.5","Mecklenburg",35.28179100089,-80.851473
"6166",2025-10-13,12,"Friendship Park","PM2.5","Mecklenburg",35.28179100089,-80.851473
"6167",2025-10-14,24,"Friendship Park","PM2.5","Mecklenburg",35.28179100089,-80.851473
"6168",2025-10-15,25,"Friendship Park","PM2.5","Mecklenburg",35.28179100089,-80.851473
"6169",2025-10-16,32,"Friendship Park","PM2.5","Mecklenburg",35.28179100089,-80.851473
"6170",2025-10-17,48,"Friendship Park","PM2.5","Mecklenburg",35.28179100089,-80.851473
"6171",2025-10-18,53,"Friendship Park","PM2.5","Mecklenburg",35.28179100089,-80.851473
"6172",2025-10-19,29,"Friendship Park","PM2.5","Mecklenburg",35.28179100089,-80.851473
"6173",2025-10-20,27,"Friendship Park","PM2.5","Mecklenburg",35.28179100089,-80.851473
"6174",2025-10-21,52,"Friendship Park","PM2.5","Mecklenburg",35.28179100089,-80.851473
"6175",2025-10-22,33,"Friendship Park","PM2.5","Mecklenburg",35.28179100089,-80.851473
"6176",2025-10-23,33,"Friendship Park","PM2.5","Mecklenburg",35.28179100089,-80.851473
"6177",2025-10-24,51,"Friendship Park","PM2.5","Mecklenburg",35.28179100089,-80.851473
"6178",2025-10-25,46,"Friendship Park","PM2.5","Mecklenburg",35.28179100089,-80.851473
"6179",2025-10-26,39,"Friendship Park","PM2.5","Mecklenburg",35.28179100089,-80.851473
"6180",2025-10-27,31,"Friendship Park","PM2.5","Mecklenburg",35.28179100089,-80.851473
"6181",2025-10-28,18,"Friendship Park","PM2.5","Mecklenburg",35.28179100089,-80.851473
"6182",2025-10-29,21,"Friendship Park","PM2.5","Mecklenburg",35.28179100089,-80.851473
"6183",2025-10-30,13,"Friendship Park","PM2.5","Mecklenburg",35.28179100089,-80.851473
"6184",2025-11-04,35,"Friendship Park","PM2.5","Mecklenburg",35.28179100089,-80.851473
"6185",2025-11-05,55,"Friendship Park","PM2.5","Mecklenburg",35.28179100089,-80.851473
"6186",2025-11-06,49,"Friendship Park","PM2.5","Mecklenburg",35.28179100089,-80.851473
"6187",2025-11-07,54,"Friendship Park","PM2.5","Mecklenburg",35.28179100089,-80.851473
"6188",2025-11-08,51,"Friendship Park","PM2.5","Mecklenburg",35.28179100089,-80.851473
"6189",2025-11-09,52,"Friendship Park","PM2.5","Mecklenburg",35.28179100089,-80.851473
"6190",2025-11-10,8,"Friendship Park","PM2.5","Mecklenburg",35.28179100089,-80.851473
"6191",2025-11-11,5,"Friendship Park","PM2.5","Mecklenburg",35.28179100089,-80.851473
"6192",2025-11-12,51,"Friendship Park","PM2.5","Mecklenburg",35.28179100089,-80.851473
"6193",2025-11-13,54,"Friendship Park","PM2.5","Mecklenburg",35.28179100089,-80.851473
"6194",2025-11-14,41,"Friendship Park","PM2.5","Mecklenburg",35.28179100089,-80.851473
"6195",2025-11-15,55,"Friendship Park","PM2.5","Mecklenburg",35.28179100089,-80.851473
"6196",2025-11-16,46,"Friendship Park","PM2.5","Mecklenburg",35.28179100089,-80.851473
"6197",2025-11-17,40,"Friendship Park","PM2.5","Mecklenburg",35.28179100089,-80.851473
"6198",2025-11-18,49,"Friendship Park","PM2.5","Mecklenburg",35.28179100089,-80.851473
"6199",2025-11-19,58,"Friendship Park","PM2.5","Mecklenburg",35.28179100089,-80.851473
"6200",2025-11-20,62,"Friendship Park","PM2.5","Mecklenburg",35.28179100089,-80.851473
"6201",2025-11-21,85,"Friendship Park","PM2.5","Mecklenburg",35.28179100089,-80.851473
"6202",2025-11-22,47,"Friendship Park","PM2.5","Mecklenburg",35.28179100089,-80.851473
"6203",2025-11-23,32,"Friendship Park","PM2.5","Mecklenburg",35.28179100089,-80.851473
"6204",2025-11-24,52,"Friendship Park","PM2.5","Mecklenburg",35.28179100089,-80.851473
"6205",2025-11-25,42,"Friendship Park","PM2.5","Mecklenburg",35.28179100089,-80.851473
"6206",2025-11-26,40,"Friendship Park","PM2.5","Mecklenburg",35.28179100089,-80.851473
"6207",2025-11-27,13,"Friendship Park","PM2.5","Mecklenburg",35.28179100089,-80.851473
"6208",2025-11-28,31,"Friendship Park","PM2.5","Mecklenburg",35.28179100089,-80.851473
"6209",2025-11-29,24,"Friendship Park","PM2.5","Mecklenburg",35.28179100089,-80.851473
"6210",2025-11-30,49,"Friendship Park","PM2.5","Mecklenburg",35.28179100089,-80.851473
"6211",2025-12-01,39,"Friendship Park","PM2.5","Mecklenburg",35.28179100089,-80.851473
"6212",2025-12-02,44,"Friendship Park","PM2.5","Mecklenburg",35.28179100089,-80.851473
"6213",2025-12-03,37,"Friendship Park","PM2.5","Mecklenburg",35.28179100089,-80.851473
"6214",2025-12-04,58,"Friendship Park","PM2.5","Mecklenburg",35.28179100089,-80.851473
"6215",2025-12-05,48,"Friendship Park","PM2.5","Mecklenburg",35.28179100089,-80.851473
"6216",2025-12-06,54,"Friendship Park","PM2.5","Mecklenburg",35.28179100089,-80.851473
"6217",2025-12-07,53,"Friendship Park","PM2.5","Mecklenburg",35.28179100089,-80.851473
"6218",2025-12-08,53,"Friendship Park","PM2.5","Mecklenburg",35.28179100089,-80.851473
"6219",2025-12-09,36,"Friendship Park","PM2.5","Mecklenburg",35.28179100089,-80.851473
"6220",2025-12-10,39,"Friendship Park","PM2.5","Mecklenburg",35.28179100089,-80.851473
"6221",2025-12-11,15,"Friendship Park","PM2.5","Mecklenburg",35.28179100089,-80.851473
"6222",2025-12-12,31,"Friendship Park","PM2.5","Mecklenburg",35.28179100089,-80.851473
"6223",2025-12-13,57,"Friendship Park","PM2.5","Mecklenburg",35.28179100089,-80.851473
"6224",2025-12-14,24,"Friendship Park","PM2.5","Mecklenburg",35.28179100089,-80.851473
"6225",2025-12-15,23,"Friendship Park","PM2.5","Mecklenburg",35.28179100089,-80.851473
"6226",2025-12-16,54,"Friendship Park","PM2.5","Mecklenburg",35.28179100089,-80.851473
"6227",2025-12-17,55,"Friendship Park","PM2.5","Mecklenburg",35.28179100089,-80.851473
"6228",2025-12-18,54,"Friendship Park","PM2.5","Mecklenburg",35.28179100089,-80.851473
"6229",2025-12-19,9,"Friendship Park","PM2.5","Mecklenburg",35.28179100089,-80.851473
"6230",2025-12-20,24,"Friendship Park","PM2.5","Mecklenburg",35.28179100089,-80.851473
"6231",2025-12-21,36,"Friendship Park","PM2.5","Mecklenburg",35.28179100089,-80.851473
"6232",2025-12-22,18,"Friendship Park","PM2.5","Mecklenburg",35.28179100089,-80.851473
"6233",2025-12-23,37,"Friendship Park","PM2.5","Mecklenburg",35.28179100089,-80.851473
"6234",2025-12-24,74,"Friendship Park","PM2.5","Mecklenburg",35.28179100089,-80.851473
"6235",2025-12-25,57,"Friendship Park","PM2.5","Mecklenburg",35.28179100089,-80.851473
"6236",2025-12-26,52,"Friendship Park","PM2.5","Mecklenburg",35.28179100089,-80.851473
"6237",2025-12-27,52,"Friendship Park","PM2.5","Mecklenburg",35.28179100089,-80.851473
"6238",2025-12-28,53,"Friendship Park","PM2.5","Mecklenburg",35.28179100089,-80.851473
"6239",2025-12-29,23,"Friendship Park","PM2.5","Mecklenburg",35.28179100089,-80.851473
"6240",2025-12-30,12,"Friendship Park","PM2.5","Mecklenburg",35.28179100089,-80.851473
"6241",2025-12-31,18,"Friendship Park","PM2.5","Mecklenburg",35.28179100089,-80.851473
"6242",2025-01-01,16,"Spruce Pine Hospital","PM2.5","Mitchell",35.9124870008966,-82.062082
"6243",2025-01-02,22,"Spruce Pine Hospital","PM2.5","Mitchell",35.9124870008966,-82.062082
"6244",2025-01-03,21,"Spruce Pine Hospital","PM2.5","Mitchell",35.9124870008966,-82.062082
"6245",2025-01-04,11,"Spruce Pine Hospital","PM2.5","Mitchell",35.9124870008966,-82.062082
"6246",2025-01-05,26,"Spruce Pine Hospital","PM2.5","Mitchell",35.9124870008966,-82.062082
"6247",2025-01-06,31,"Spruce Pine Hospital","PM2.5","Mitchell",35.9124870008966,-82.062082
"6248",2025-01-07,17,"Spruce Pine Hospital","PM2.5","Mitchell",35.9124870008966,-82.062082
"6249",2025-01-08,23,"Spruce Pine Hospital","PM2.5","Mitchell",35.9124870008966,-82.062082
"6250",2025-01-09,37,"Spruce Pine Hospital","PM2.5","Mitchell",35.9124870008966,-82.062082
"6251",2025-01-10,44,"Spruce Pine Hospital","PM2.5","Mitchell",35.9124870008966,-82.062082
"6252",2025-01-11,24,"Spruce Pine Hospital","PM2.5","Mitchell",35.9124870008966,-82.062082
"6253",2025-01-12,42,"Spruce Pine Hospital","PM2.5","Mitchell",35.9124870008966,-82.062082
"6254",2025-01-13,40,"Spruce Pine Hospital","PM2.5","Mitchell",35.9124870008966,-82.062082
"6255",2025-01-14,23,"Spruce Pine Hospital","PM2.5","Mitchell",35.9124870008966,-82.062082
"6256",2025-01-15,30,"Spruce Pine Hospital","PM2.5","Mitchell",35.9124870008966,-82.062082
"6257",2025-01-16,30,"Spruce Pine Hospital","PM2.5","Mitchell",35.9124870008966,-82.062082
"6258",2025-01-17,36,"Spruce Pine Hospital","PM2.5","Mitchell",35.9124870008966,-82.062082
"6259",2025-01-18,55,"Spruce Pine Hospital","PM2.5","Mitchell",35.9124870008966,-82.062082
"6260",2025-01-19,29,"Spruce Pine Hospital","PM2.5","Mitchell",35.9124870008966,-82.062082
"6261",2025-01-20,23,"Spruce Pine Hospital","PM2.5","Mitchell",35.9124870008966,-82.062082
"6262",2025-01-21,28,"Spruce Pine Hospital","PM2.5","Mitchell",35.9124870008966,-82.062082
"6263",2025-01-22,41,"Spruce Pine Hospital","PM2.5","Mitchell",35.9124870008966,-82.062082
"6264",2025-01-23,52,"Spruce Pine Hospital","PM2.5","Mitchell",35.9124870008966,-82.062082
"6265",2025-01-24,32,"Spruce Pine Hospital","PM2.5","Mitchell",35.9124870008966,-82.062082
"6266",2025-01-25,40,"Spruce Pine Hospital","PM2.5","Mitchell",35.9124870008966,-82.062082
"6267",2025-01-26,46,"Spruce Pine Hospital","PM2.5","Mitchell",35.9124870008966,-82.062082
"6268",2025-01-27,33,"Spruce Pine Hospital","PM2.5","Mitchell",35.9124870008966,-82.062082
"6269",2025-01-28,32,"Spruce Pine Hospital","PM2.5","Mitchell",35.9124870008966,-82.062082
"6270",2025-01-29,35,"Spruce Pine Hospital","PM2.5","Mitchell",35.9124870008966,-82.062082
"6271",2025-01-30,77,"Spruce Pine Hospital","PM2.5","Mitchell",35.9124870008966,-82.062082
"6272",2025-01-31,102,"Spruce Pine Hospital","PM2.5","Mitchell",35.9124870008966,-82.062082
"6273",2025-02-01,23,"Spruce Pine Hospital","PM2.5","Mitchell",35.9124870008966,-82.062082
"6274",2025-02-02,39,"Spruce Pine Hospital","PM2.5","Mitchell",35.9124870008966,-82.062082
"6275",2025-02-03,44,"Spruce Pine Hospital","PM2.5","Mitchell",35.9124870008966,-82.062082
"6276",2025-02-04,47,"Spruce Pine Hospital","PM2.5","Mitchell",35.9124870008966,-82.062082
"6277",2025-02-05,51,"Spruce Pine Hospital","PM2.5","Mitchell",35.9124870008966,-82.062082
"6278",2025-02-06,56,"Spruce Pine Hospital","PM2.5","Mitchell",35.9124870008966,-82.062082
"6279",2025-02-07,18,"Spruce Pine Hospital","PM2.5","Mitchell",35.9124870008966,-82.062082
"6280",2025-02-08,43,"Spruce Pine Hospital","PM2.5","Mitchell",35.9124870008966,-82.062082
"6281",2025-02-09,28,"Spruce Pine Hospital","PM2.5","Mitchell",35.9124870008966,-82.062082
"6282",2025-02-10,21,"Spruce Pine Hospital","PM2.5","Mitchell",35.9124870008966,-82.062082
"6283",2025-02-11,45,"Spruce Pine Hospital","PM2.5","Mitchell",35.9124870008966,-82.062082
"6284",2025-02-12,19,"Spruce Pine Hospital","PM2.5","Mitchell",35.9124870008966,-82.062082
"6285",2025-02-13,23,"Spruce Pine Hospital","PM2.5","Mitchell",35.9124870008966,-82.062082
"6286",2025-02-14,42,"Spruce Pine Hospital","PM2.5","Mitchell",35.9124870008966,-82.062082
"6287",2025-02-15,42,"Spruce Pine Hospital","PM2.5","Mitchell",35.9124870008966,-82.062082
"6288",2025-02-16,27,"Spruce Pine Hospital","PM2.5","Mitchell",35.9124870008966,-82.062082
"6289",2025-02-17,24,"Spruce Pine Hospital","PM2.5","Mitchell",35.9124870008966,-82.062082
"6290",2025-02-18,43,"Spruce Pine Hospital","PM2.5","Mitchell",35.9124870008966,-82.062082
"6291",2025-02-19,54,"Spruce Pine Hospital","PM2.5","Mitchell",35.9124870008966,-82.062082
"6292",2025-02-20,26,"Spruce Pine Hospital","PM2.5","Mitchell",35.9124870008966,-82.062082
"6293",2025-02-21,27,"Spruce Pine Hospital","PM2.5","Mitchell",35.9124870008966,-82.062082
"6294",2025-02-22,42,"Spruce Pine Hospital","PM2.5","Mitchell",35.9124870008966,-82.062082
"6295",2025-02-23,44,"Spruce Pine Hospital","PM2.5","Mitchell",35.9124870008966,-82.062082
"6296",2025-02-24,42,"Spruce Pine Hospital","PM2.5","Mitchell",35.9124870008966,-82.062082
"6297",2025-02-25,52,"Spruce Pine Hospital","PM2.5","Mitchell",35.9124870008966,-82.062082
"6298",2025-02-26,54,"Spruce Pine Hospital","PM2.5","Mitchell",35.9124870008966,-82.062082
"6299",2025-02-27,56,"Spruce Pine Hospital","PM2.5","Mitchell",35.9124870008966,-82.062082
"6300",2025-02-28,21,"Spruce Pine Hospital","PM2.5","Mitchell",35.9124870008966,-82.062082
"6301",2025-03-01,38,"Spruce Pine Hospital","PM2.5","Mitchell",35.9124870008966,-82.062082
"6302",2025-03-02,23,"Spruce Pine Hospital","PM2.5","Mitchell",35.9124870008966,-82.062082
"6303",2025-03-03,37,"Spruce Pine Hospital","PM2.5","Mitchell",35.9124870008966,-82.062082
"6304",2025-03-04,51,"Spruce Pine Hospital","PM2.5","Mitchell",35.9124870008966,-82.062082
"6305",2025-03-05,27,"Spruce Pine Hospital","PM2.5","Mitchell",35.9124870008966,-82.062082
"6306",2025-03-06,19,"Spruce Pine Hospital","PM2.5","Mitchell",35.9124870008966,-82.062082
"6307",2025-03-07,36,"Spruce Pine Hospital","PM2.5","Mitchell",35.9124870008966,-82.062082
"6308",2025-03-08,39,"Spruce Pine Hospital","PM2.5","Mitchell",35.9124870008966,-82.062082
"6309",2025-03-09,32,"Spruce Pine Hospital","PM2.5","Mitchell",35.9124870008966,-82.062082
"6310",2025-03-10,32,"Spruce Pine Hospital","PM2.5","Mitchell",35.9124870008966,-82.062082
"6311",2025-03-11,34,"Spruce Pine Hospital","PM2.5","Mitchell",35.9124870008966,-82.062082
"6312",2025-03-12,53,"Spruce Pine Hospital","PM2.5","Mitchell",35.9124870008966,-82.062082
"6313",2025-03-13,59,"Spruce Pine Hospital","PM2.5","Mitchell",35.9124870008966,-82.062082
"6314",2025-03-14,63,"Spruce Pine Hospital","PM2.5","Mitchell",35.9124870008966,-82.062082
"6315",2025-03-15,60,"Spruce Pine Hospital","PM2.5","Mitchell",35.9124870008966,-82.062082
"6316",2025-03-16,46,"Spruce Pine Hospital","PM2.5","Mitchell",35.9124870008966,-82.062082
"6317",2025-03-17,26,"Spruce Pine Hospital","PM2.5","Mitchell",35.9124870008966,-82.062082
"6318",2025-03-18,28,"Spruce Pine Hospital","PM2.5","Mitchell",35.9124870008966,-82.062082
"6319",2025-03-19,47,"Spruce Pine Hospital","PM2.5","Mitchell",35.9124870008966,-82.062082
"6320",2025-03-20,57,"Spruce Pine Hospital","PM2.5","Mitchell",35.9124870008966,-82.062082
"6321",2025-03-21,26,"Spruce Pine Hospital","PM2.5","Mitchell",35.9124870008966,-82.062082
"6322",2025-03-22,32,"Spruce Pine Hospital","PM2.5","Mitchell",35.9124870008966,-82.062082
"6323",2025-03-23,58,"Spruce Pine Hospital","PM2.5","Mitchell",35.9124870008966,-82.062082
"6324",2025-03-24,42,"Spruce Pine Hospital","PM2.5","Mitchell",35.9124870008966,-82.062082
"6325",2025-03-25,23,"Spruce Pine Hospital","PM2.5","Mitchell",35.9124870008966,-82.062082
"6326",2025-03-26,29,"Spruce Pine Hospital","PM2.5","Mitchell",35.9124870008966,-82.062082
"6327",2025-03-27,52,"Spruce Pine Hospital","PM2.5","Mitchell",35.9124870008966,-82.062082
"6328",2025-03-28,73,"Spruce Pine Hospital","PM2.5","Mitchell",35.9124870008966,-82.062082
"6329",2025-03-29,62,"Spruce Pine Hospital","PM2.5","Mitchell",35.9124870008966,-82.062082
"6330",2025-03-30,36,"Spruce Pine Hospital","PM2.5","Mitchell",35.9124870008966,-82.062082
"6331",2025-03-31,24,"Spruce Pine Hospital","PM2.5","Mitchell",35.9124870008966,-82.062082
"6332",2025-04-01,17,"Spruce Pine Hospital","PM2.5","Mitchell",35.9124870008966,-82.062082
"6333",2025-04-02,25,"Spruce Pine Hospital","PM2.5","Mitchell",35.9124870008966,-82.062082
"6334",2025-04-03,48,"Spruce Pine Hospital","PM2.5","Mitchell",35.9124870008966,-82.062082
"6335",2025-04-04,53,"Spruce Pine Hospital","PM2.5","Mitchell",35.9124870008966,-82.062082
"6336",2025-04-05,51,"Spruce Pine Hospital","PM2.5","Mitchell",35.9124870008966,-82.062082
"6337",2025-04-06,23,"Spruce Pine Hospital","PM2.5","Mitchell",35.9124870008966,-82.062082
"6338",2025-04-07,16,"Spruce Pine Hospital","PM2.5","Mitchell",35.9124870008966,-82.062082
"6339",2025-04-08,32,"Spruce Pine Hospital","PM2.5","Mitchell",35.9124870008966,-82.062082
"6340",2025-04-09,36,"Spruce Pine Hospital","PM2.5","Mitchell",35.9124870008966,-82.062082
"6341",2025-04-10,56,"Spruce Pine Hospital","PM2.5","Mitchell",35.9124870008966,-82.062082
"6342",2025-04-11,35,"Spruce Pine Hospital","PM2.5","Mitchell",35.9124870008966,-82.062082
"6343",2025-04-12,35,"Spruce Pine Hospital","PM2.5","Mitchell",35.9124870008966,-82.062082
"6344",2025-04-13,34,"Spruce Pine Hospital","PM2.5","Mitchell",35.9124870008966,-82.062082
"6345",2025-04-14,55,"Spruce Pine Hospital","PM2.5","Mitchell",35.9124870008966,-82.062082
"6346",2025-04-15,34,"Spruce Pine Hospital","PM2.5","Mitchell",35.9124870008966,-82.062082
"6347",2025-04-16,28,"Spruce Pine Hospital","PM2.5","Mitchell",35.9124870008966,-82.062082
"6348",2025-04-17,59,"Spruce Pine Hospital","PM2.5","Mitchell",35.9124870008966,-82.062082
"6349",2025-04-18,61,"Spruce Pine Hospital","PM2.5","Mitchell",35.9124870008966,-82.062082
"6350",2025-04-19,64,"Spruce Pine Hospital","PM2.5","Mitchell",35.9124870008966,-82.062082
"6351",2025-04-20,58,"Spruce Pine Hospital","PM2.5","Mitchell",35.9124870008966,-82.062082
"6352",2025-04-21,52,"Spruce Pine Hospital","PM2.5","Mitchell",35.9124870008966,-82.062082
"6353",2025-04-22,29,"Spruce Pine Hospital","PM2.5","Mitchell",35.9124870008966,-82.062082
"6354",2025-04-23,37,"Spruce Pine Hospital","PM2.5","Mitchell",35.9124870008966,-82.062082
"6355",2025-04-24,50,"Spruce Pine Hospital","PM2.5","Mitchell",35.9124870008966,-82.062082
"6356",2025-04-25,47,"Spruce Pine Hospital","PM2.5","Mitchell",35.9124870008966,-82.062082
"6357",2025-04-26,35,"Spruce Pine Hospital","PM2.5","Mitchell",35.9124870008966,-82.062082
"6358",2025-04-27,29,"Spruce Pine Hospital","PM2.5","Mitchell",35.9124870008966,-82.062082
"6359",2025-04-28,43,"Spruce Pine Hospital","PM2.5","Mitchell",35.9124870008966,-82.062082
"6360",2025-04-29,51,"Spruce Pine Hospital","PM2.5","Mitchell",35.9124870008966,-82.062082
"6361",2025-04-30,52,"Spruce Pine Hospital","PM2.5","Mitchell",35.9124870008966,-82.062082
"6362",2025-05-01,52,"Spruce Pine Hospital","PM2.5","Mitchell",35.9124870008966,-82.062082
"6363",2025-05-02,41,"Spruce Pine Hospital","PM2.5","Mitchell",35.9124870008966,-82.062082
"6364",2025-05-03,25,"Spruce Pine Hospital","PM2.5","Mitchell",35.9124870008966,-82.062082
"6365",2025-05-04,22,"Spruce Pine Hospital","PM2.5","Mitchell",35.9124870008966,-82.062082
"6366",2025-05-05,21,"Spruce Pine Hospital","PM2.5","Mitchell",35.9124870008966,-82.062082
"6367",2025-05-06,20,"Spruce Pine Hospital","PM2.5","Mitchell",35.9124870008966,-82.062082
"6368",2025-05-07,36,"Spruce Pine Hospital","PM2.5","Mitchell",35.9124870008966,-82.062082
"6369",2025-05-08,40,"Spruce Pine Hospital","PM2.5","Mitchell",35.9124870008966,-82.062082
"6370",2025-05-09,26,"Spruce Pine Hospital","PM2.5","Mitchell",35.9124870008966,-82.062082
"6371",2025-05-10,32,"Spruce Pine Hospital","PM2.5","Mitchell",35.9124870008966,-82.062082
"6372",2025-05-11,31,"Spruce Pine Hospital","PM2.5","Mitchell",35.9124870008966,-82.062082
"6373",2025-05-12,19,"Spruce Pine Hospital","PM2.5","Mitchell",35.9124870008966,-82.062082
"6374",2025-05-13,25,"Spruce Pine Hospital","PM2.5","Mitchell",35.9124870008966,-82.062082
"6375",2025-05-14,28,"Spruce Pine Hospital","PM2.5","Mitchell",35.9124870008966,-82.062082
"6376",2025-05-15,53,"Spruce Pine Hospital","PM2.5","Mitchell",35.9124870008966,-82.062082
"6377",2025-05-16,55,"Spruce Pine Hospital","PM2.5","Mitchell",35.9124870008966,-82.062082
"6378",2025-05-17,28,"Spruce Pine Hospital","PM2.5","Mitchell",35.9124870008966,-82.062082
"6379",2025-05-18,28,"Spruce Pine Hospital","PM2.5","Mitchell",35.9124870008966,-82.062082
"6380",2025-05-19,36,"Spruce Pine Hospital","PM2.5","Mitchell",35.9124870008966,-82.062082
"6381",2025-05-20,43,"Spruce Pine Hospital","PM2.5","Mitchell",35.9124870008966,-82.062082
"6382",2025-05-21,36,"Spruce Pine Hospital","PM2.5","Mitchell",35.9124870008966,-82.062082
"6383",2025-05-22,17,"Spruce Pine Hospital","PM2.5","Mitchell",35.9124870008966,-82.062082
"6384",2025-05-23,19,"Spruce Pine Hospital","PM2.5","Mitchell",35.9124870008966,-82.062082
"6385",2025-05-24,24,"Spruce Pine Hospital","PM2.5","Mitchell",35.9124870008966,-82.062082
"6386",2025-05-25,38,"Spruce Pine Hospital","PM2.5","Mitchell",35.9124870008966,-82.062082
"6387",2025-05-26,28,"Spruce Pine Hospital","PM2.5","Mitchell",35.9124870008966,-82.062082
"6388",2025-05-27,8,"Spruce Pine Hospital","PM2.5","Mitchell",35.9124870008966,-82.062082
"6389",2025-05-28,25,"Spruce Pine Hospital","PM2.5","Mitchell",35.9124870008966,-82.062082
"6390",2025-05-29,24,"Spruce Pine Hospital","PM2.5","Mitchell",35.9124870008966,-82.062082
"6391",2025-05-30,14,"Spruce Pine Hospital","PM2.5","Mitchell",35.9124870008966,-82.062082
"6392",2025-05-31,53,"Spruce Pine Hospital","PM2.5","Mitchell",35.9124870008966,-82.062082
"6393",2025-06-01,53,"Spruce Pine Hospital","PM2.5","Mitchell",35.9124870008966,-82.062082
"6394",2025-06-02,54,"Spruce Pine Hospital","PM2.5","Mitchell",35.9124870008966,-82.062082
"6395",2025-06-03,63,"Spruce Pine Hospital","PM2.5","Mitchell",35.9124870008966,-82.062082
"6396",2025-06-04,70,"Spruce Pine Hospital","PM2.5","Mitchell",35.9124870008966,-82.062082
"6397",2025-06-05,56,"Spruce Pine Hospital","PM2.5","Mitchell",35.9124870008966,-82.062082
"6398",2025-06-06,51,"Spruce Pine Hospital","PM2.5","Mitchell",35.9124870008966,-82.062082
"6399",2025-06-07,27,"Spruce Pine Hospital","PM2.5","Mitchell",35.9124870008966,-82.062082
"6400",2025-06-08,28,"Spruce Pine Hospital","PM2.5","Mitchell",35.9124870008966,-82.062082
"6401",2025-06-09,33,"Spruce Pine Hospital","PM2.5","Mitchell",35.9124870008966,-82.062082
"6402",2025-06-10,31,"Spruce Pine Hospital","PM2.5","Mitchell",35.9124870008966,-82.062082
"6403",2025-06-11,57,"Spruce Pine Hospital","PM2.5","Mitchell",35.9124870008966,-82.062082
"6404",2025-06-12,54,"Spruce Pine Hospital","PM2.5","Mitchell",35.9124870008966,-82.062082
"6405",2025-06-13,28,"Spruce Pine Hospital","PM2.5","Mitchell",35.9124870008966,-82.062082
"6406",2025-06-14,26,"Spruce Pine Hospital","PM2.5","Mitchell",35.9124870008966,-82.062082
"6407",2025-06-15,27,"Spruce Pine Hospital","PM2.5","Mitchell",35.9124870008966,-82.062082
"6408",2025-06-16,36,"Spruce Pine Hospital","PM2.5","Mitchell",35.9124870008966,-82.062082
"6409",2025-06-17,26,"Spruce Pine Hospital","PM2.5","Mitchell",35.9124870008966,-82.062082
"6410",2025-06-18,28,"Spruce Pine Hospital","PM2.5","Mitchell",35.9124870008966,-82.062082
"6411",2025-06-19,31,"Spruce Pine Hospital","PM2.5","Mitchell",35.9124870008966,-82.062082
"6412",2025-06-20,27,"Spruce Pine Hospital","PM2.5","Mitchell",35.9124870008966,-82.062082
"6413",2025-06-21,44,"Spruce Pine Hospital","PM2.5","Mitchell",35.9124870008966,-82.062082
"6414",2025-06-22,52,"Spruce Pine Hospital","PM2.5","Mitchell",35.9124870008966,-82.062082
"6415",2025-06-23,54,"Spruce Pine Hospital","PM2.5","Mitchell",35.9124870008966,-82.062082
"6416",2025-06-24,58,"Spruce Pine Hospital","PM2.5","Mitchell",35.9124870008966,-82.062082
"6417",2025-06-25,56,"Spruce Pine Hospital","PM2.5","Mitchell",35.9124870008966,-82.062082
"6418",2025-06-26,54,"Spruce Pine Hospital","PM2.5","Mitchell",35.9124870008966,-82.062082
"6419",2025-06-27,52,"Spruce Pine Hospital","PM2.5","Mitchell",35.9124870008966,-82.062082
"6420",2025-06-28,44,"Spruce Pine Hospital","PM2.5","Mitchell",35.9124870008966,-82.062082
"6421",2025-06-29,41,"Spruce Pine Hospital","PM2.5","Mitchell",35.9124870008966,-82.062082
"6422",2025-06-30,48,"Spruce Pine Hospital","PM2.5","Mitchell",35.9124870008966,-82.062082
"6423",2025-07-01,32,"Spruce Pine Hospital","PM2.5","Mitchell",35.9124870008966,-82.062082
"6424",2025-07-02,30,"Spruce Pine Hospital","PM2.5","Mitchell",35.9124870008966,-82.062082
"6425",2025-07-03,40,"Spruce Pine Hospital","PM2.5","Mitchell",35.9124870008966,-82.062082
"6426",2025-07-04,53,"Spruce Pine Hospital","PM2.5","Mitchell",35.9124870008966,-82.062082
"6427",2025-07-05,58,"Spruce Pine Hospital","PM2.5","Mitchell",35.9124870008966,-82.062082
"6428",2025-07-06,51,"Spruce Pine Hospital","PM2.5","Mitchell",35.9124870008966,-82.062082
"6429",2025-07-07,53,"Spruce Pine Hospital","PM2.5","Mitchell",35.9124870008966,-82.062082
"6430",2025-07-08,53,"Spruce Pine Hospital","PM2.5","Mitchell",35.9124870008966,-82.062082
"6431",2025-07-09,52,"Spruce Pine Hospital","PM2.5","Mitchell",35.9124870008966,-82.062082
"6432",2025-07-10,25,"Spruce Pine Hospital","PM2.5","Mitchell",35.9124870008966,-82.062082
"6433",2025-07-11,29,"Spruce Pine Hospital","PM2.5","Mitchell",35.9124870008966,-82.062082
"6434",2025-07-12,25,"Spruce Pine Hospital","PM2.5","Mitchell",35.9124870008966,-82.062082
"6435",2025-07-13,39,"Spruce Pine Hospital","PM2.5","Mitchell",35.9124870008966,-82.062082
"6436",2025-07-14,34,"Spruce Pine Hospital","PM2.5","Mitchell",35.9124870008966,-82.062082
"6437",2025-07-15,40,"Spruce Pine Hospital","PM2.5","Mitchell",35.9124870008966,-82.062082
"6438",2025-07-18,27,"Spruce Pine Hospital","PM2.5","Mitchell",35.9124870008966,-82.062082
"6439",2025-07-19,22,"Spruce Pine Hospital","PM2.5","Mitchell",35.9124870008966,-82.062082
"6440",2025-07-20,40,"Spruce Pine Hospital","PM2.5","Mitchell",35.9124870008966,-82.062082
"6441",2025-07-21,54,"Spruce Pine Hospital","PM2.5","Mitchell",35.9124870008966,-82.062082
"6442",2025-07-22,44,"Spruce Pine Hospital","PM2.5","Mitchell",35.9124870008966,-82.062082
"6443",2025-07-23,53,"Spruce Pine Hospital","PM2.5","Mitchell",35.9124870008966,-82.062082
"6444",2025-07-24,55,"Spruce Pine Hospital","PM2.5","Mitchell",35.9124870008966,-82.062082
"6445",2025-07-25,52,"Spruce Pine Hospital","PM2.5","Mitchell",35.9124870008966,-82.062082
"6446",2025-07-26,41,"Spruce Pine Hospital","PM2.5","Mitchell",35.9124870008966,-82.062082
"6447",2025-07-27,33,"Spruce Pine Hospital","PM2.5","Mitchell",35.9124870008966,-82.062082
"6448",2025-07-28,27,"Spruce Pine Hospital","PM2.5","Mitchell",35.9124870008966,-82.062082
"6449",2025-07-29,33,"Spruce Pine Hospital","PM2.5","Mitchell",35.9124870008966,-82.062082
"6450",2025-07-30,33,"Spruce Pine Hospital","PM2.5","Mitchell",35.9124870008966,-82.062082
"6451",2025-07-31,25,"Spruce Pine Hospital","PM2.5","Mitchell",35.9124870008966,-82.062082
"6452",2025-08-01,41,"Spruce Pine Hospital","PM2.5","Mitchell",35.9124870008966,-82.062082
"6453",2025-08-02,7,"Spruce Pine Hospital","PM2.5","Mitchell",35.9124870008966,-82.062082
"6454",2025-08-03,39,"Spruce Pine Hospital","PM2.5","Mitchell",35.9124870008966,-82.062082
"6455",2025-08-04,44,"Spruce Pine Hospital","PM2.5","Mitchell",35.9124870008966,-82.062082
"6456",2025-08-05,30,"Spruce Pine Hospital","PM2.5","Mitchell",35.9124870008966,-82.062082
"6457",2025-08-06,29,"Spruce Pine Hospital","PM2.5","Mitchell",35.9124870008966,-82.062082
"6458",2025-08-07,26,"Spruce Pine Hospital","PM2.5","Mitchell",35.9124870008966,-82.062082
"6459",2025-08-08,66,"Spruce Pine Hospital","PM2.5","Mitchell",35.9124870008966,-82.062082
"6460",2025-08-09,63,"Spruce Pine Hospital","PM2.5","Mitchell",35.9124870008966,-82.062082
"6461",2025-08-10,53,"Spruce Pine Hospital","PM2.5","Mitchell",35.9124870008966,-82.062082
"6462",2025-08-11,17,"Spruce Pine Hospital","PM2.5","Mitchell",35.9124870008966,-82.062082
"6463",2025-08-12,22,"Spruce Pine Hospital","PM2.5","Mitchell",35.9124870008966,-82.062082
"6464",2025-08-13,22,"Spruce Pine Hospital","PM2.5","Mitchell",35.9124870008966,-82.062082
"6465",2025-08-14,28,"Spruce Pine Hospital","PM2.5","Mitchell",35.9124870008966,-82.062082
"6466",2025-08-15,37,"Spruce Pine Hospital","PM2.5","Mitchell",35.9124870008966,-82.062082
"6467",2025-08-16,39,"Spruce Pine Hospital","PM2.5","Mitchell",35.9124870008966,-82.062082
"6468",2025-08-17,53,"Spruce Pine Hospital","PM2.5","Mitchell",35.9124870008966,-82.062082
"6469",2025-08-18,41,"Spruce Pine Hospital","PM2.5","Mitchell",35.9124870008966,-82.062082
"6470",2025-08-19,43,"Spruce Pine Hospital","PM2.5","Mitchell",35.9124870008966,-82.062082
"6471",2025-08-20,43,"Spruce Pine Hospital","PM2.5","Mitchell",35.9124870008966,-82.062082
"6472",2025-08-21,35,"Spruce Pine Hospital","PM2.5","Mitchell",35.9124870008966,-82.062082
"6473",2025-08-22,17,"Spruce Pine Hospital","PM2.5","Mitchell",35.9124870008966,-82.062082
"6474",2025-08-23,34,"Spruce Pine Hospital","PM2.5","Mitchell",35.9124870008966,-82.062082
"6475",2025-08-24,29,"Spruce Pine Hospital","PM2.5","Mitchell",35.9124870008966,-82.062082
"6476",2025-08-26,18,"Spruce Pine Hospital","PM2.5","Mitchell",35.9124870008966,-82.062082
"6477",2025-08-27,19,"Spruce Pine Hospital","PM2.5","Mitchell",35.9124870008966,-82.062082
"6478",2025-08-28,29,"Spruce Pine Hospital","PM2.5","Mitchell",35.9124870008966,-82.062082
"6479",2025-08-29,28,"Spruce Pine Hospital","PM2.5","Mitchell",35.9124870008966,-82.062082
"6480",2025-08-30,28,"Spruce Pine Hospital","PM2.5","Mitchell",35.9124870008966,-82.062082
"6481",2025-08-31,37,"Spruce Pine Hospital","PM2.5","Mitchell",35.9124870008966,-82.062082
"6482",2025-09-01,21,"Spruce Pine Hospital","PM2.5","Mitchell",35.9124870008966,-82.062082
"6483",2025-09-02,19,"Spruce Pine Hospital","PM2.5","Mitchell",35.9124870008966,-82.062082
"6484",2025-09-03,18,"Spruce Pine Hospital","PM2.5","Mitchell",35.9124870008966,-82.062082
"6485",2025-09-04,18,"Spruce Pine Hospital","PM2.5","Mitchell",35.9124870008966,-82.062082
"6486",2025-09-05,38,"Spruce Pine Hospital","PM2.5","Mitchell",35.9124870008966,-82.062082
"6487",2025-09-06,35,"Spruce Pine Hospital","PM2.5","Mitchell",35.9124870008966,-82.062082
"6488",2025-09-07,12,"Spruce Pine Hospital","PM2.5","Mitchell",35.9124870008966,-82.062082
"6489",2025-09-08,18,"Spruce Pine Hospital","PM2.5","Mitchell",35.9124870008966,-82.062082
"6490",2025-09-09,23,"Spruce Pine Hospital","PM2.5","Mitchell",35.9124870008966,-82.062082
"6491",2025-09-10,24,"Spruce Pine Hospital","PM2.5","Mitchell",35.9124870008966,-82.062082
"6492",2025-09-11,31,"Spruce Pine Hospital","PM2.5","Mitchell",35.9124870008966,-82.062082
"6493",2025-09-12,34,"Spruce Pine Hospital","PM2.5","Mitchell",35.9124870008966,-82.062082
"6494",2025-09-13,35,"Spruce Pine Hospital","PM2.5","Mitchell",35.9124870008966,-82.062082
"6495",2025-09-14,35,"Spruce Pine Hospital","PM2.5","Mitchell",35.9124870008966,-82.062082
"6496",2025-09-15,45,"Spruce Pine Hospital","PM2.5","Mitchell",35.9124870008966,-82.062082
"6497",2025-09-16,35,"Spruce Pine Hospital","PM2.5","Mitchell",35.9124870008966,-82.062082
"6498",2025-09-17,32,"Spruce Pine Hospital","PM2.5","Mitchell",35.9124870008966,-82.062082
"6499",2025-09-18,37,"Spruce Pine Hospital","PM2.5","Mitchell",35.9124870008966,-82.062082
"6500",2025-09-19,35,"Spruce Pine Hospital","PM2.5","Mitchell",35.9124870008966,-82.062082
"6501",2025-09-20,28,"Spruce Pine Hospital","PM2.5","Mitchell",35.9124870008966,-82.062082
"6502",2025-09-21,49,"Spruce Pine Hospital","PM2.5","Mitchell",35.9124870008966,-82.062082
"6503",2025-09-22,49,"Spruce Pine Hospital","PM2.5","Mitchell",35.9124870008966,-82.062082
"6504",2025-09-23,43,"Spruce Pine Hospital","PM2.5","Mitchell",35.9124870008966,-82.062082
"6505",2025-09-24,31,"Spruce Pine Hospital","PM2.5","Mitchell",35.9124870008966,-82.062082
"6506",2025-09-25,19,"Spruce Pine Hospital","PM2.5","Mitchell",35.9124870008966,-82.062082
"6507",2025-09-26,13,"Spruce Pine Hospital","PM2.5","Mitchell",35.9124870008966,-82.062082
"6508",2025-09-27,17,"Spruce Pine Hospital","PM2.5","Mitchell",35.9124870008966,-82.062082
"6509",2025-09-28,18,"Spruce Pine Hospital","PM2.5","Mitchell",35.9124870008966,-82.062082
"6510",2025-09-29,22,"Spruce Pine Hospital","PM2.5","Mitchell",35.9124870008966,-82.062082
"6511",2025-09-30,16,"Spruce Pine Hospital","PM2.5","Mitchell",35.9124870008966,-82.062082
"6512",2025-10-01,28,"Spruce Pine Hospital","PM2.5","Mitchell",35.9124870008966,-82.062082
"6513",2025-10-02,28,"Spruce Pine Hospital","PM2.5","Mitchell",35.9124870008966,-82.062082
"6514",2025-10-03,23,"Spruce Pine Hospital","PM2.5","Mitchell",35.9124870008966,-82.062082
"6515",2025-10-04,17,"Spruce Pine Hospital","PM2.5","Mitchell",35.9124870008966,-82.062082
"6516",2025-10-05,22,"Spruce Pine Hospital","PM2.5","Mitchell",35.9124870008966,-82.062082
"6517",2025-10-06,14,"Spruce Pine Hospital","PM2.5","Mitchell",35.9124870008966,-82.062082
"6518",2025-10-07,21,"Spruce Pine Hospital","PM2.5","Mitchell",35.9124870008966,-82.062082
"6519",2025-10-08,12,"Spruce Pine Hospital","PM2.5","Mitchell",35.9124870008966,-82.062082
"6520",2025-10-09,11,"Spruce Pine Hospital","PM2.5","Mitchell",35.9124870008966,-82.062082
"6521",2025-10-10,22,"Spruce Pine Hospital","PM2.5","Mitchell",35.9124870008966,-82.062082
"6522",2025-10-11,16,"Spruce Pine Hospital","PM2.5","Mitchell",35.9124870008966,-82.062082
"6523",2025-10-12,13,"Spruce Pine Hospital","PM2.5","Mitchell",35.9124870008966,-82.062082
"6524",2025-10-13,7,"Spruce Pine Hospital","PM2.5","Mitchell",35.9124870008966,-82.062082
"6525",2025-10-14,11,"Spruce Pine Hospital","PM2.5","Mitchell",35.9124870008966,-82.062082
"6526",2025-10-15,16,"Spruce Pine Hospital","PM2.5","Mitchell",35.9124870008966,-82.062082
"6527",2025-10-16,12,"Spruce Pine Hospital","PM2.5","Mitchell",35.9124870008966,-82.062082
"6528",2025-10-17,29,"Spruce Pine Hospital","PM2.5","Mitchell",35.9124870008966,-82.062082
"6529",2025-10-18,43,"Spruce Pine Hospital","PM2.5","Mitchell",35.9124870008966,-82.062082
"6530",2025-10-19,27,"Spruce Pine Hospital","PM2.5","Mitchell",35.9124870008966,-82.062082
"6531",2025-10-20,13,"Spruce Pine Hospital","PM2.5","Mitchell",35.9124870008966,-82.062082
"6532",2025-10-21,28,"Spruce Pine Hospital","PM2.5","Mitchell",35.9124870008966,-82.062082
"6533",2025-10-22,7,"Spruce Pine Hospital","PM2.5","Mitchell",35.9124870008966,-82.062082
"6534",2025-10-23,12,"Spruce Pine Hospital","PM2.5","Mitchell",35.9124870008966,-82.062082
"6535",2025-10-24,10,"Spruce Pine Hospital","PM2.5","Mitchell",35.9124870008966,-82.062082
"6536",2025-10-25,21,"Spruce Pine Hospital","PM2.5","Mitchell",35.9124870008966,-82.062082
"6537",2025-10-26,20,"Spruce Pine Hospital","PM2.5","Mitchell",35.9124870008966,-82.062082
"6538",2025-10-27,12,"Spruce Pine Hospital","PM2.5","Mitchell",35.9124870008966,-82.062082
"6539",2025-10-28,12,"Spruce Pine Hospital","PM2.5","Mitchell",35.9124870008966,-82.062082
"6540",2025-10-29,4,"Spruce Pine Hospital","PM2.5","Mitchell",35.9124870008966,-82.062082
"6541",2025-10-30,0,"Spruce Pine Hospital","PM2.5","Mitchell",35.9124870008966,-82.062082
"6542",2025-10-31,19,"Spruce Pine Hospital","PM2.5","Mitchell",35.9124870008966,-82.062082
"6543",2025-11-01,19,"Spruce Pine Hospital","PM2.5","Mitchell",35.9124870008966,-82.062082
"6544",2025-11-02,26,"Spruce Pine Hospital","PM2.5","Mitchell",35.9124870008966,-82.062082
"6545",2025-11-03,26,"Spruce Pine Hospital","PM2.5","Mitchell",35.9124870008966,-82.062082
"6546",2025-11-04,16,"Spruce Pine Hospital","PM2.5","Mitchell",35.9124870008966,-82.062082
"6547",2025-11-07,54,"Spruce Pine Hospital","PM2.5","Mitchell",35.9124870008966,-82.062082
"6548",2025-11-08,34,"Spruce Pine Hospital","PM2.5","Mitchell",35.9124870008966,-82.062082
"6549",2025-11-09,23,"Spruce Pine Hospital","PM2.5","Mitchell",35.9124870008966,-82.062082
"6550",2025-11-10,4,"Spruce Pine Hospital","PM2.5","Mitchell",35.9124870008966,-82.062082
"6551",2025-11-11,26,"Spruce Pine Hospital","PM2.5","Mitchell",35.9124870008966,-82.062082
"6552",2025-11-12,24,"Spruce Pine Hospital","PM2.5","Mitchell",35.9124870008966,-82.062082
"6553",2025-11-13,20,"Spruce Pine Hospital","PM2.5","Mitchell",35.9124870008966,-82.062082
"6554",2025-11-14,43,"Spruce Pine Hospital","PM2.5","Mitchell",35.9124870008966,-82.062082
"6555",2025-11-15,38,"Spruce Pine Hospital","PM2.5","Mitchell",35.9124870008966,-82.062082
"6556",2025-11-16,16,"Spruce Pine Hospital","PM2.5","Mitchell",35.9124870008966,-82.062082
"6557",2025-11-17,15,"Spruce Pine Hospital","PM2.5","Mitchell",35.9124870008966,-82.062082
"6558",2025-11-18,29,"Spruce Pine Hospital","PM2.5","Mitchell",35.9124870008966,-82.062082
"6559",2025-11-19,49,"Spruce Pine Hospital","PM2.5","Mitchell",35.9124870008966,-82.062082
"6560",2025-11-20,55,"Spruce Pine Hospital","PM2.5","Mitchell",35.9124870008966,-82.062082
"6561",2025-11-21,41,"Spruce Pine Hospital","PM2.5","Mitchell",35.9124870008966,-82.062082
"6562",2025-11-22,15,"Spruce Pine Hospital","PM2.5","Mitchell",35.9124870008966,-82.062082
"6563",2025-11-23,4,"Spruce Pine Hospital","PM2.5","Mitchell",35.9124870008966,-82.062082
"6564",2025-11-24,22,"Spruce Pine Hospital","PM2.5","Mitchell",35.9124870008966,-82.062082
"6565",2025-11-25,41,"Spruce Pine Hospital","PM2.5","Mitchell",35.9124870008966,-82.062082
"6566",2025-11-26,8,"Spruce Pine Hospital","PM2.5","Mitchell",35.9124870008966,-82.062082
"6567",2025-11-27,13,"Spruce Pine Hospital","PM2.5","Mitchell",35.9124870008966,-82.062082
"6568",2025-11-28,17,"Spruce Pine Hospital","PM2.5","Mitchell",35.9124870008966,-82.062082
"6569",2025-11-29,30,"Spruce Pine Hospital","PM2.5","Mitchell",35.9124870008966,-82.062082
"6570",2025-11-30,22,"Spruce Pine Hospital","PM2.5","Mitchell",35.9124870008966,-82.062082
"6571",2025-12-01,20,"Spruce Pine Hospital","PM2.5","Mitchell",35.9124870008966,-82.062082
"6572",2025-12-02,18,"Spruce Pine Hospital","PM2.5","Mitchell",35.9124870008966,-82.062082
"6573",2025-12-03,16,"Spruce Pine Hospital","PM2.5","Mitchell",35.9124870008966,-82.062082
"6574",2025-12-04,28,"Spruce Pine Hospital","PM2.5","Mitchell",35.9124870008966,-82.062082
"6575",2025-12-05,21,"Spruce Pine Hospital","PM2.5","Mitchell",35.9124870008966,-82.062082
"6576",2025-12-06,15,"Spruce Pine Hospital","PM2.5","Mitchell",35.9124870008966,-82.062082
"6577",2025-12-07,45,"Spruce Pine Hospital","PM2.5","Mitchell",35.9124870008966,-82.062082
"6578",2025-12-08,52,"Spruce Pine Hospital","PM2.5","Mitchell",35.9124870008966,-82.062082
"6579",2025-12-09,33,"Spruce Pine Hospital","PM2.5","Mitchell",35.9124870008966,-82.062082
"6580",2025-12-10,24,"Spruce Pine Hospital","PM2.5","Mitchell",35.9124870008966,-82.062082
"6581",2025-12-11,12,"Spruce Pine Hospital","PM2.5","Mitchell",35.9124870008966,-82.062082
"6582",2025-12-12,26,"Spruce Pine Hospital","PM2.5","Mitchell",35.9124870008966,-82.062082
"6583",2025-12-13,53,"Spruce Pine Hospital","PM2.5","Mitchell",35.9124870008966,-82.062082
"6584",2025-12-14,10,"Spruce Pine Hospital","PM2.5","Mitchell",35.9124870008966,-82.062082
"6585",2025-12-15,22,"Spruce Pine Hospital","PM2.5","Mitchell",35.9124870008966,-82.062082
"6586",2025-12-16,19,"Spruce Pine Hospital","PM2.5","Mitchell",35.9124870008966,-82.062082
"6587",2025-12-17,41,"Spruce Pine Hospital","PM2.5","Mitchell",35.9124870008966,-82.062082
"6588",2025-12-18,47,"Spruce Pine Hospital","PM2.5","Mitchell",35.9124870008966,-82.062082
"6589",2025-12-19,12,"Spruce Pine Hospital","PM2.5","Mitchell",35.9124870008966,-82.062082
"6590",2025-12-20,26,"Spruce Pine Hospital","PM2.5","Mitchell",35.9124870008966,-82.062082
"6591",2025-12-21,24,"Spruce Pine Hospital","PM2.5","Mitchell",35.9124870008966,-82.062082
"6592",2025-12-22,29,"Spruce Pine Hospital","PM2.5","Mitchell",35.9124870008966,-82.062082
"6593",2025-12-23,33,"Spruce Pine Hospital","PM2.5","Mitchell",35.9124870008966,-82.062082
"6594",2025-12-24,33,"Spruce Pine Hospital","PM2.5","Mitchell",35.9124870008966,-82.062082
"6595",2025-12-25,34,"Spruce Pine Hospital","PM2.5","Mitchell",35.9124870008966,-82.062082
"6596",2025-12-26,28,"Spruce Pine Hospital","PM2.5","Mitchell",35.9124870008966,-82.062082
"6597",2025-12-27,26,"Spruce Pine Hospital","PM2.5","Mitchell",35.9124870008966,-82.062082
"6598",2025-12-28,38,"Spruce Pine Hospital","PM2.5","Mitchell",35.9124870008966,-82.062082
"6599",2025-12-29,8,"Spruce Pine Hospital","PM2.5","Mitchell",35.9124870008966,-82.062082
"6600",2025-12-31,13,"Spruce Pine Hospital","PM2.5","Mitchell",35.9124870008966,-82.062082
"6601",2025-01-01,4,"Candor: EPA CASTNet Site","PM2.5","Montgomery",35.2631650008898,-79.836636
"6602",2025-01-02,9,"Candor: EPA CASTNet Site","PM2.5","Montgomery",35.2631650008898,-79.836636
"6603",2025-01-03,27,"Candor: EPA CASTNet Site","PM2.5","Montgomery",35.2631650008898,-79.836636
"6604",2025-01-04,11,"Candor: EPA CASTNet Site","PM2.5","Montgomery",35.2631650008898,-79.836636
"6605",2025-01-05,32,"Candor: EPA CASTNet Site","PM2.5","Montgomery",35.2631650008898,-79.836636
"6606",2025-01-06,20,"Candor: EPA CASTNet Site","PM2.5","Montgomery",35.2631650008898,-79.836636
"6607",2025-01-07,7,"Candor: EPA CASTNet Site","PM2.5","Montgomery",35.2631650008898,-79.836636
"6608",2025-01-08,19,"Candor: EPA CASTNet Site","PM2.5","Montgomery",35.2631650008898,-79.836636
"6609",2025-01-09,17,"Candor: EPA CASTNet Site","PM2.5","Montgomery",35.2631650008898,-79.836636
"6610",2025-01-10,25,"Candor: EPA CASTNet Site","PM2.5","Montgomery",35.2631650008898,-79.836636
"6611",2025-01-11,21,"Candor: EPA CASTNet Site","PM2.5","Montgomery",35.2631650008898,-79.836636
"6612",2025-01-12,16,"Candor: EPA CASTNet Site","PM2.5","Montgomery",35.2631650008898,-79.836636
"6613",2025-01-13,37,"Candor: EPA CASTNet Site","PM2.5","Montgomery",35.2631650008898,-79.836636
"6614",2025-01-14,24,"Candor: EPA CASTNet Site","PM2.5","Montgomery",35.2631650008898,-79.836636
"6615",2025-01-15,32,"Candor: EPA CASTNet Site","PM2.5","Montgomery",35.2631650008898,-79.836636
"6616",2025-01-16,27,"Candor: EPA CASTNet Site","PM2.5","Montgomery",35.2631650008898,-79.836636
"6617",2025-01-17,22,"Candor: EPA CASTNet Site","PM2.5","Montgomery",35.2631650008898,-79.836636
"6618",2025-01-18,37,"Candor: EPA CASTNet Site","PM2.5","Montgomery",35.2631650008898,-79.836636
"6619",2025-01-19,27,"Candor: EPA CASTNet Site","PM2.5","Montgomery",35.2631650008898,-79.836636
"6620",2025-01-20,10,"Candor: EPA CASTNet Site","PM2.5","Montgomery",35.2631650008898,-79.836636
"6621",2025-01-21,21,"Candor: EPA CASTNet Site","PM2.5","Montgomery",35.2631650008898,-79.836636
"6622",2025-01-22,21,"Candor: EPA CASTNet Site","PM2.5","Montgomery",35.2631650008898,-79.836636
"6623",2025-01-23,52,"Candor: EPA CASTNet Site","PM2.5","Montgomery",35.2631650008898,-79.836636
"6624",2025-01-24,42,"Candor: EPA CASTNet Site","PM2.5","Montgomery",35.2631650008898,-79.836636
"6625",2025-01-25,24,"Candor: EPA CASTNet Site","PM2.5","Montgomery",35.2631650008898,-79.836636
"6626",2025-01-26,32,"Candor: EPA CASTNet Site","PM2.5","Montgomery",35.2631650008898,-79.836636
"6627",2025-01-27,34,"Candor: EPA CASTNet Site","PM2.5","Montgomery",35.2631650008898,-79.836636
"6628",2025-01-28,30,"Candor: EPA CASTNet Site","PM2.5","Montgomery",35.2631650008898,-79.836636
"6629",2025-01-29,29,"Candor: EPA CASTNet Site","PM2.5","Montgomery",35.2631650008898,-79.836636
"6630",2025-01-30,42,"Candor: EPA CASTNet Site","PM2.5","Montgomery",35.2631650008898,-79.836636
"6631",2025-01-31,52,"Candor: EPA CASTNet Site","PM2.5","Montgomery",35.2631650008898,-79.836636
"6632",2025-02-01,23,"Candor: EPA CASTNet Site","PM2.5","Montgomery",35.2631650008898,-79.836636
"6633",2025-02-02,22,"Candor: EPA CASTNet Site","PM2.5","Montgomery",35.2631650008898,-79.836636
"6634",2025-02-03,33,"Candor: EPA CASTNet Site","PM2.5","Montgomery",35.2631650008898,-79.836636
"6635",2025-02-04,52,"Candor: EPA CASTNet Site","PM2.5","Montgomery",35.2631650008898,-79.836636
"6636",2025-02-05,38,"Candor: EPA CASTNet Site","PM2.5","Montgomery",35.2631650008898,-79.836636
"6637",2025-02-06,53,"Candor: EPA CASTNet Site","PM2.5","Montgomery",35.2631650008898,-79.836636
"6638",2025-02-07,26,"Candor: EPA CASTNet Site","PM2.5","Montgomery",35.2631650008898,-79.836636
"6639",2025-02-08,50,"Candor: EPA CASTNet Site","PM2.5","Montgomery",35.2631650008898,-79.836636
"6640",2025-02-09,38,"Candor: EPA CASTNet Site","PM2.5","Montgomery",35.2631650008898,-79.836636
"6641",2025-02-10,14,"Candor: EPA CASTNet Site","PM2.5","Montgomery",35.2631650008898,-79.836636
"6642",2025-02-11,17,"Candor: EPA CASTNet Site","PM2.5","Montgomery",35.2631650008898,-79.836636
"6643",2025-02-12,5,"Candor: EPA CASTNet Site","PM2.5","Montgomery",35.2631650008898,-79.836636
"6644",2025-02-13,9,"Candor: EPA CASTNet Site","PM2.5","Montgomery",35.2631650008898,-79.836636
"6645",2025-02-14,19,"Candor: EPA CASTNet Site","PM2.5","Montgomery",35.2631650008898,-79.836636
"6646",2025-02-15,35,"Candor: EPA CASTNet Site","PM2.5","Montgomery",35.2631650008898,-79.836636
"6647",2025-02-17,8,"Candor: EPA CASTNet Site","PM2.5","Montgomery",35.2631650008898,-79.836636
"6648",2025-02-18,22,"Candor: EPA CASTNet Site","PM2.5","Montgomery",35.2631650008898,-79.836636
"6649",2025-02-19,29,"Candor: EPA CASTNet Site","PM2.5","Montgomery",35.2631650008898,-79.836636
"6650",2025-02-20,21,"Candor: EPA CASTNet Site","PM2.5","Montgomery",35.2631650008898,-79.836636
"6651",2025-02-21,11,"Candor: EPA CASTNet Site","PM2.5","Montgomery",35.2631650008898,-79.836636
"6652",2025-02-22,26,"Candor: EPA CASTNet Site","PM2.5","Montgomery",35.2631650008898,-79.836636
"6653",2025-02-23,37,"Candor: EPA CASTNet Site","PM2.5","Montgomery",35.2631650008898,-79.836636
"6654",2025-02-24,29,"Candor: EPA CASTNet Site","PM2.5","Montgomery",35.2631650008898,-79.836636
"6655",2025-02-25,64,"Candor: EPA CASTNet Site","PM2.5","Montgomery",35.2631650008898,-79.836636
"6656",2025-02-26,52,"Candor: EPA CASTNet Site","PM2.5","Montgomery",35.2631650008898,-79.836636
"6657",2025-02-27,61,"Candor: EPA CASTNet Site","PM2.5","Montgomery",35.2631650008898,-79.836636
"6658",2025-02-28,16,"Candor: EPA CASTNet Site","PM2.5","Montgomery",35.2631650008898,-79.836636
"6659",2025-03-01,34,"Candor: EPA CASTNet Site","PM2.5","Montgomery",35.2631650008898,-79.836636
"6660",2025-03-02,49,"Candor: EPA CASTNet Site","PM2.5","Montgomery",35.2631650008898,-79.836636
"6661",2025-03-03,52,"Candor: EPA CASTNet Site","PM2.5","Montgomery",35.2631650008898,-79.836636
"6662",2025-03-04,25,"Candor: EPA CASTNet Site","PM2.5","Montgomery",35.2631650008898,-79.836636
"6663",2025-03-05,22,"Candor: EPA CASTNet Site","PM2.5","Montgomery",35.2631650008898,-79.836636
"6664",2025-03-06,6,"Candor: EPA CASTNet Site","PM2.5","Montgomery",35.2631650008898,-79.836636
"6665",2025-03-07,52,"Candor: EPA CASTNet Site","PM2.5","Montgomery",35.2631650008898,-79.836636
"6666",2025-03-08,55,"Candor: EPA CASTNet Site","PM2.5","Montgomery",35.2631650008898,-79.836636
"6667",2025-03-09,26,"Candor: EPA CASTNet Site","PM2.5","Montgomery",35.2631650008898,-79.836636
"6668",2025-03-10,32,"Candor: EPA CASTNet Site","PM2.5","Montgomery",35.2631650008898,-79.836636
"6669",2025-03-11,37,"Candor: EPA CASTNet Site","PM2.5","Montgomery",35.2631650008898,-79.836636
"6670",2025-03-12,52,"Candor: EPA CASTNet Site","PM2.5","Montgomery",35.2631650008898,-79.836636
"6671",2025-03-13,68,"Candor: EPA CASTNet Site","PM2.5","Montgomery",35.2631650008898,-79.836636
"6672",2025-03-14,85,"Candor: EPA CASTNet Site","PM2.5","Montgomery",35.2631650008898,-79.836636
"6673",2025-03-15,56,"Candor: EPA CASTNet Site","PM2.5","Montgomery",35.2631650008898,-79.836636
"6674",2025-03-16,25,"Candor: EPA CASTNet Site","PM2.5","Montgomery",35.2631650008898,-79.836636
"6675",2025-03-17,20,"Candor: EPA CASTNet Site","PM2.5","Montgomery",35.2631650008898,-79.836636
"6676",2025-03-18,11,"Candor: EPA CASTNet Site","PM2.5","Montgomery",35.2631650008898,-79.836636
"6677",2025-03-19,57,"Candor: EPA CASTNet Site","PM2.5","Montgomery",35.2631650008898,-79.836636
"6678",2025-03-20,55,"Candor: EPA CASTNet Site","PM2.5","Montgomery",35.2631650008898,-79.836636
"6679",2025-03-21,12,"Candor: EPA CASTNet Site","PM2.5","Montgomery",35.2631650008898,-79.836636
"6680",2025-03-22,37,"Candor: EPA CASTNet Site","PM2.5","Montgomery",35.2631650008898,-79.836636
"6681",2025-03-23,27,"Candor: EPA CASTNet Site","PM2.5","Montgomery",35.2631650008898,-79.836636
"6682",2025-03-24,52,"Candor: EPA CASTNet Site","PM2.5","Montgomery",35.2631650008898,-79.836636
"6683",2025-03-25,16,"Candor: EPA CASTNet Site","PM2.5","Montgomery",35.2631650008898,-79.836636
"6684",2025-03-26,12,"Candor: EPA CASTNet Site","PM2.5","Montgomery",35.2631650008898,-79.836636
"6685",2025-03-27,18,"Candor: EPA CASTNet Site","PM2.5","Montgomery",35.2631650008898,-79.836636
"6686",2025-03-28,48,"Candor: EPA CASTNet Site","PM2.5","Montgomery",35.2631650008898,-79.836636
"6687",2025-03-29,31,"Candor: EPA CASTNet Site","PM2.5","Montgomery",35.2631650008898,-79.836636
"6688",2025-03-30,32,"Candor: EPA CASTNet Site","PM2.5","Montgomery",35.2631650008898,-79.836636
"6689",2025-03-31,35,"Candor: EPA CASTNet Site","PM2.5","Montgomery",35.2631650008898,-79.836636
"6690",2025-04-01,16,"Candor: EPA CASTNet Site","PM2.5","Montgomery",35.2631650008898,-79.836636
"6691",2025-04-02,42,"Candor: EPA CASTNet Site","PM2.5","Montgomery",35.2631650008898,-79.836636
"6692",2025-04-03,36,"Candor: EPA CASTNet Site","PM2.5","Montgomery",35.2631650008898,-79.836636
"6693",2025-04-04,51,"Candor: EPA CASTNet Site","PM2.5","Montgomery",35.2631650008898,-79.836636
"6694",2025-04-05,45,"Candor: EPA CASTNet Site","PM2.5","Montgomery",35.2631650008898,-79.836636
"6695",2025-04-06,39,"Candor: EPA CASTNet Site","PM2.5","Montgomery",35.2631650008898,-79.836636
"6696",2025-04-07,36,"Candor: EPA CASTNet Site","PM2.5","Montgomery",35.2631650008898,-79.836636
"6697",2025-04-08,19,"Candor: EPA CASTNet Site","PM2.5","Montgomery",35.2631650008898,-79.836636
"6698",2025-04-09,29,"Candor: EPA CASTNet Site","PM2.5","Montgomery",35.2631650008898,-79.836636
"6699",2025-04-10,41,"Candor: EPA CASTNet Site","PM2.5","Montgomery",35.2631650008898,-79.836636
"6700",2025-04-11,25,"Candor: EPA CASTNet Site","PM2.5","Montgomery",35.2631650008898,-79.836636
"6701",2025-04-12,32,"Candor: EPA CASTNet Site","PM2.5","Montgomery",35.2631650008898,-79.836636
"6702",2025-04-13,21,"Candor: EPA CASTNet Site","PM2.5","Montgomery",35.2631650008898,-79.836636
"6703",2025-04-14,49,"Candor: EPA CASTNet Site","PM2.5","Montgomery",35.2631650008898,-79.836636
"6704",2025-04-15,41,"Candor: EPA CASTNet Site","PM2.5","Montgomery",35.2631650008898,-79.836636
"6705",2025-04-16,25,"Candor: EPA CASTNet Site","PM2.5","Montgomery",35.2631650008898,-79.836636
"6706",2025-04-17,33,"Candor: EPA CASTNet Site","PM2.5","Montgomery",35.2631650008898,-79.836636
"6707",2025-04-18,52,"Candor: EPA CASTNet Site","PM2.5","Montgomery",35.2631650008898,-79.836636
"6708",2025-04-19,43,"Candor: EPA CASTNet Site","PM2.5","Montgomery",35.2631650008898,-79.836636
"6709",2025-04-20,47,"Candor: EPA CASTNet Site","PM2.5","Montgomery",35.2631650008898,-79.836636
"6710",2025-04-21,41,"Candor: EPA CASTNet Site","PM2.5","Montgomery",35.2631650008898,-79.836636
"6711",2025-04-22,47,"Candor: EPA CASTNet Site","PM2.5","Montgomery",35.2631650008898,-79.836636
"6712",2025-04-23,53,"Candor: EPA CASTNet Site","PM2.5","Montgomery",35.2631650008898,-79.836636
"6713",2025-04-24,53,"Candor: EPA CASTNet Site","PM2.5","Montgomery",35.2631650008898,-79.836636
"6714",2025-04-25,42,"Candor: EPA CASTNet Site","PM2.5","Montgomery",35.2631650008898,-79.836636
"6715",2025-04-26,32,"Candor: EPA CASTNet Site","PM2.5","Montgomery",35.2631650008898,-79.836636
"6716",2025-04-27,22,"Candor: EPA CASTNet Site","PM2.5","Montgomery",35.2631650008898,-79.836636
"6717",2025-04-28,34,"Candor: EPA CASTNet Site","PM2.5","Montgomery",35.2631650008898,-79.836636
"6718",2025-04-29,44,"Candor: EPA CASTNet Site","PM2.5","Montgomery",35.2631650008898,-79.836636
"6719",2025-04-30,52,"Candor: EPA CASTNet Site","PM2.5","Montgomery",35.2631650008898,-79.836636
"6720",2025-05-01,51,"Candor: EPA CASTNet Site","PM2.5","Montgomery",35.2631650008898,-79.836636
"6721",2025-05-02,37,"Candor: EPA CASTNet Site","PM2.5","Montgomery",35.2631650008898,-79.836636
"6722",2025-05-03,32,"Candor: EPA CASTNet Site","PM2.5","Montgomery",35.2631650008898,-79.836636
"6723",2025-05-04,14,"Candor: EPA CASTNet Site","PM2.5","Montgomery",35.2631650008898,-79.836636
"6724",2025-05-05,22,"Candor: EPA CASTNet Site","PM2.5","Montgomery",35.2631650008898,-79.836636
"6725",2025-05-06,26,"Candor: EPA CASTNet Site","PM2.5","Montgomery",35.2631650008898,-79.836636
"6726",2025-05-07,34,"Candor: EPA CASTNet Site","PM2.5","Montgomery",35.2631650008898,-79.836636
"6727",2025-05-08,46,"Candor: EPA CASTNet Site","PM2.5","Montgomery",35.2631650008898,-79.836636
"6728",2025-05-09,32,"Candor: EPA CASTNet Site","PM2.5","Montgomery",35.2631650008898,-79.836636
"6729",2025-05-10,28,"Candor: EPA CASTNet Site","PM2.5","Montgomery",35.2631650008898,-79.836636
"6730",2025-05-11,37,"Candor: EPA CASTNet Site","PM2.5","Montgomery",35.2631650008898,-79.836636
"6731",2025-05-12,24,"Candor: EPA CASTNet Site","PM2.5","Montgomery",35.2631650008898,-79.836636
"6732",2025-05-13,17,"Candor: EPA CASTNet Site","PM2.5","Montgomery",35.2631650008898,-79.836636
"6733",2025-05-14,37,"Candor: EPA CASTNet Site","PM2.5","Montgomery",35.2631650008898,-79.836636
"6734",2025-05-15,48,"Candor: EPA CASTNet Site","PM2.5","Montgomery",35.2631650008898,-79.836636
"6735",2025-05-16,58,"Candor: EPA CASTNet Site","PM2.5","Montgomery",35.2631650008898,-79.836636
"6736",2025-05-17,38,"Candor: EPA CASTNet Site","PM2.5","Montgomery",35.2631650008898,-79.836636
"6737",2025-05-18,36,"Candor: EPA CASTNet Site","PM2.5","Montgomery",35.2631650008898,-79.836636
"6738",2025-05-19,36,"Candor: EPA CASTNet Site","PM2.5","Montgomery",35.2631650008898,-79.836636
"6739",2025-05-20,60,"Candor: EPA CASTNet Site","PM2.5","Montgomery",35.2631650008898,-79.836636
"6740",2025-05-21,43,"Candor: EPA CASTNet Site","PM2.5","Montgomery",35.2631650008898,-79.836636
"6741",2025-05-22,16,"Candor: EPA CASTNet Site","PM2.5","Montgomery",35.2631650008898,-79.836636
"6742",2025-05-23,21,"Candor: EPA CASTNet Site","PM2.5","Montgomery",35.2631650008898,-79.836636
"6743",2025-05-24,18,"Candor: EPA CASTNet Site","PM2.5","Montgomery",35.2631650008898,-79.836636
"6744",2025-05-25,37,"Candor: EPA CASTNet Site","PM2.5","Montgomery",35.2631650008898,-79.836636
"6745",2025-05-26,41,"Candor: EPA CASTNet Site","PM2.5","Montgomery",35.2631650008898,-79.836636
"6746",2025-05-27,20,"Candor: EPA CASTNet Site","PM2.5","Montgomery",35.2631650008898,-79.836636
"6747",2025-05-28,16,"Candor: EPA CASTNet Site","PM2.5","Montgomery",35.2631650008898,-79.836636
"6748",2025-05-29,36,"Candor: EPA CASTNet Site","PM2.5","Montgomery",35.2631650008898,-79.836636
"6749",2025-05-30,18,"Candor: EPA CASTNet Site","PM2.5","Montgomery",35.2631650008898,-79.836636
"6750",2025-05-31,43,"Candor: EPA CASTNet Site","PM2.5","Montgomery",35.2631650008898,-79.836636
"6751",2025-06-01,55,"Candor: EPA CASTNet Site","PM2.5","Montgomery",35.2631650008898,-79.836636
"6752",2025-06-02,33,"Candor: EPA CASTNet Site","PM2.5","Montgomery",35.2631650008898,-79.836636
"6753",2025-06-03,52,"Candor: EPA CASTNet Site","PM2.5","Montgomery",35.2631650008898,-79.836636
"6754",2025-06-04,58,"Candor: EPA CASTNet Site","PM2.5","Montgomery",35.2631650008898,-79.836636
"6755",2025-06-05,24,"Candor: EPA CASTNet Site","PM2.5","Montgomery",35.2631650008898,-79.836636
"6756",2025-06-06,44,"Candor: EPA CASTNet Site","PM2.5","Montgomery",35.2631650008898,-79.836636
"6757",2025-06-07,41,"Candor: EPA CASTNet Site","PM2.5","Montgomery",35.2631650008898,-79.836636
"6758",2025-06-08,34,"Candor: EPA CASTNet Site","PM2.5","Montgomery",35.2631650008898,-79.836636
"6759",2025-06-09,36,"Candor: EPA CASTNet Site","PM2.5","Montgomery",35.2631650008898,-79.836636
"6760",2025-06-10,34,"Candor: EPA CASTNet Site","PM2.5","Montgomery",35.2631650008898,-79.836636
"6761",2025-06-11,42,"Candor: EPA CASTNet Site","PM2.5","Montgomery",35.2631650008898,-79.836636
"6762",2025-06-12,41,"Candor: EPA CASTNet Site","PM2.5","Montgomery",35.2631650008898,-79.836636
"6763",2025-06-13,28,"Candor: EPA CASTNet Site","PM2.5","Montgomery",35.2631650008898,-79.836636
"6764",2025-06-18,32,"Candor: EPA CASTNet Site","PM2.5","Montgomery",35.2631650008898,-79.836636
"6765",2025-06-19,27,"Candor: EPA CASTNet Site","PM2.5","Montgomery",35.2631650008898,-79.836636
"6766",2025-06-20,31,"Candor: EPA CASTNet Site","PM2.5","Montgomery",35.2631650008898,-79.836636
"6767",2025-06-21,52,"Candor: EPA CASTNet Site","PM2.5","Montgomery",35.2631650008898,-79.836636
"6768",2025-06-22,57,"Candor: EPA CASTNet Site","PM2.5","Montgomery",35.2631650008898,-79.836636
"6769",2025-06-23,61,"Candor: EPA CASTNet Site","PM2.5","Montgomery",35.2631650008898,-79.836636
"6770",2025-06-24,66,"Candor: EPA CASTNet Site","PM2.5","Montgomery",35.2631650008898,-79.836636
"6771",2025-06-25,63,"Candor: EPA CASTNet Site","PM2.5","Montgomery",35.2631650008898,-79.836636
"6772",2025-06-26,55,"Candor: EPA CASTNet Site","PM2.5","Montgomery",35.2631650008898,-79.836636
"6773",2025-06-28,52,"Candor: EPA CASTNet Site","PM2.5","Montgomery",35.2631650008898,-79.836636
"6774",2025-06-29,53,"Candor: EPA CASTNet Site","PM2.5","Montgomery",35.2631650008898,-79.836636
"6775",2025-06-30,52,"Candor: EPA CASTNet Site","PM2.5","Montgomery",35.2631650008898,-79.836636
"6776",2025-07-01,53,"Candor: EPA CASTNet Site","PM2.5","Montgomery",35.2631650008898,-79.836636
"6777",2025-07-02,23,"Candor: EPA CASTNet Site","PM2.5","Montgomery",35.2631650008898,-79.836636
"6778",2025-07-03,33,"Candor: EPA CASTNet Site","PM2.5","Montgomery",35.2631650008898,-79.836636
"6779",2025-07-04,55,"Candor: EPA CASTNet Site","PM2.5","Montgomery",35.2631650008898,-79.836636
"6780",2025-07-05,57,"Candor: EPA CASTNet Site","PM2.5","Montgomery",35.2631650008898,-79.836636
"6781",2025-07-06,23,"Candor: EPA CASTNet Site","PM2.5","Montgomery",35.2631650008898,-79.836636
"6782",2025-07-07,53,"Candor: EPA CASTNet Site","PM2.5","Montgomery",35.2631650008898,-79.836636
"6783",2025-07-08,57,"Candor: EPA CASTNet Site","PM2.5","Montgomery",35.2631650008898,-79.836636
"6784",2025-07-09,52,"Candor: EPA CASTNet Site","PM2.5","Montgomery",35.2631650008898,-79.836636
"6785",2025-07-10,44,"Candor: EPA CASTNet Site","PM2.5","Montgomery",35.2631650008898,-79.836636
"6786",2025-07-12,39,"Candor: EPA CASTNet Site","PM2.5","Montgomery",35.2631650008898,-79.836636
"6787",2025-07-13,36,"Candor: EPA CASTNet Site","PM2.5","Montgomery",35.2631650008898,-79.836636
"6788",2025-07-14,46,"Candor: EPA CASTNet Site","PM2.5","Montgomery",35.2631650008898,-79.836636
"6789",2025-07-15,34,"Candor: EPA CASTNet Site","PM2.5","Montgomery",35.2631650008898,-79.836636
"6790",2025-07-16,28,"Candor: EPA CASTNet Site","PM2.5","Montgomery",35.2631650008898,-79.836636
"6791",2025-07-17,42,"Candor: EPA CASTNet Site","PM2.5","Montgomery",35.2631650008898,-79.836636
"6792",2025-07-18,40,"Candor: EPA CASTNet Site","PM2.5","Montgomery",35.2631650008898,-79.836636
"6793",2025-07-19,31,"Candor: EPA CASTNet Site","PM2.5","Montgomery",35.2631650008898,-79.836636
"6794",2025-07-20,37,"Candor: EPA CASTNet Site","PM2.5","Montgomery",35.2631650008898,-79.836636
"6795",2025-07-21,47,"Candor: EPA CASTNet Site","PM2.5","Montgomery",35.2631650008898,-79.836636
"6796",2025-07-22,41,"Candor: EPA CASTNet Site","PM2.5","Montgomery",35.2631650008898,-79.836636
"6797",2025-07-23,53,"Candor: EPA CASTNet Site","PM2.5","Montgomery",35.2631650008898,-79.836636
"6798",2025-07-24,45,"Candor: EPA CASTNet Site","PM2.5","Montgomery",35.2631650008898,-79.836636
"6799",2025-07-25,42,"Candor: EPA CASTNet Site","PM2.5","Montgomery",35.2631650008898,-79.836636
"6800",2025-07-26,44,"Candor: EPA CASTNet Site","PM2.5","Montgomery",35.2631650008898,-79.836636
"6801",2025-07-27,51,"Candor: EPA CASTNet Site","PM2.5","Montgomery",35.2631650008898,-79.836636
"6802",2025-07-28,36,"Candor: EPA CASTNet Site","PM2.5","Montgomery",35.2631650008898,-79.836636
"6803",2025-07-29,40,"Candor: EPA CASTNet Site","PM2.5","Montgomery",35.2631650008898,-79.836636
"6804",2025-07-30,34,"Candor: EPA CASTNet Site","PM2.5","Montgomery",35.2631650008898,-79.836636
"6805",2025-07-31,33,"Candor: EPA CASTNet Site","PM2.5","Montgomery",35.2631650008898,-79.836636
"6806",2025-08-01,39,"Candor: EPA CASTNet Site","PM2.5","Montgomery",35.2631650008898,-79.836636
"6807",2025-08-02,18,"Candor: EPA CASTNet Site","PM2.5","Montgomery",35.2631650008898,-79.836636
"6808",2025-08-03,36,"Candor: EPA CASTNet Site","PM2.5","Montgomery",35.2631650008898,-79.836636
"6809",2025-08-04,44,"Candor: EPA CASTNet Site","PM2.5","Montgomery",35.2631650008898,-79.836636
"6810",2025-08-05,41,"Candor: EPA CASTNet Site","PM2.5","Montgomery",35.2631650008898,-79.836636
"6811",2025-08-06,14,"Candor: EPA CASTNet Site","PM2.5","Montgomery",35.2631650008898,-79.836636
"6812",2025-08-07,36,"Candor: EPA CASTNet Site","PM2.5","Montgomery",35.2631650008898,-79.836636
"6813",2025-08-08,74,"Candor: EPA CASTNet Site","PM2.5","Montgomery",35.2631650008898,-79.836636
"6814",2025-08-09,53,"Candor: EPA CASTNet Site","PM2.5","Montgomery",35.2631650008898,-79.836636
"6815",2025-08-10,34,"Candor: EPA CASTNet Site","PM2.5","Montgomery",35.2631650008898,-79.836636
"6816",2025-08-11,12,"Candor: EPA CASTNet Site","PM2.5","Montgomery",35.2631650008898,-79.836636
"6817",2025-08-12,16,"Candor: EPA CASTNet Site","PM2.5","Montgomery",35.2631650008898,-79.836636
"6818",2025-08-13,23,"Candor: EPA CASTNet Site","PM2.5","Montgomery",35.2631650008898,-79.836636
"6819",2025-08-14,22,"Candor: EPA CASTNet Site","PM2.5","Montgomery",35.2631650008898,-79.836636
"6820",2025-08-15,37,"Candor: EPA CASTNet Site","PM2.5","Montgomery",35.2631650008898,-79.836636
"6821",2025-08-16,44,"Candor: EPA CASTNet Site","PM2.5","Montgomery",35.2631650008898,-79.836636
"6822",2025-08-17,36,"Candor: EPA CASTNet Site","PM2.5","Montgomery",35.2631650008898,-79.836636
"6823",2025-08-18,43,"Candor: EPA CASTNet Site","PM2.5","Montgomery",35.2631650008898,-79.836636
"6824",2025-08-19,37,"Candor: EPA CASTNet Site","PM2.5","Montgomery",35.2631650008898,-79.836636
"6825",2025-08-20,27,"Candor: EPA CASTNet Site","PM2.5","Montgomery",35.2631650008898,-79.836636
"6826",2025-08-21,35,"Candor: EPA CASTNet Site","PM2.5","Montgomery",35.2631650008898,-79.836636
"6827",2025-08-22,24,"Candor: EPA CASTNet Site","PM2.5","Montgomery",35.2631650008898,-79.836636
"6828",2025-08-23,33,"Candor: EPA CASTNet Site","PM2.5","Montgomery",35.2631650008898,-79.836636
"6829",2025-08-24,31,"Candor: EPA CASTNet Site","PM2.5","Montgomery",35.2631650008898,-79.836636
"6830",2025-08-25,43,"Candor: EPA CASTNet Site","PM2.5","Montgomery",35.2631650008898,-79.836636
"6831",2025-08-26,27,"Candor: EPA CASTNet Site","PM2.5","Montgomery",35.2631650008898,-79.836636
"6832",2025-08-27,45,"Candor: EPA CASTNet Site","PM2.5","Montgomery",35.2631650008898,-79.836636
"6833",2025-08-28,38,"Candor: EPA CASTNet Site","PM2.5","Montgomery",35.2631650008898,-79.836636
"6834",2025-08-29,45,"Candor: EPA CASTNet Site","PM2.5","Montgomery",35.2631650008898,-79.836636
"6835",2025-08-30,43,"Candor: EPA CASTNet Site","PM2.5","Montgomery",35.2631650008898,-79.836636
"6836",2025-08-31,32,"Candor: EPA CASTNet Site","PM2.5","Montgomery",35.2631650008898,-79.836636
"6837",2025-09-01,26,"Candor: EPA CASTNet Site","PM2.5","Montgomery",35.2631650008898,-79.836636
"6838",2025-09-02,22,"Candor: EPA CASTNet Site","PM2.5","Montgomery",35.2631650008898,-79.836636
"6839",2025-09-03,55,"Candor: EPA CASTNet Site","PM2.5","Montgomery",35.2631650008898,-79.836636
"6840",2025-09-04,54,"Candor: EPA CASTNet Site","PM2.5","Montgomery",35.2631650008898,-79.836636
"6841",2025-09-05,55,"Candor: EPA CASTNet Site","PM2.5","Montgomery",35.2631650008898,-79.836636
"6842",2025-09-06,53,"Candor: EPA CASTNet Site","PM2.5","Montgomery",35.2631650008898,-79.836636
"6843",2025-09-07,37,"Candor: EPA CASTNet Site","PM2.5","Montgomery",35.2631650008898,-79.836636
"6844",2025-09-08,31,"Candor: EPA CASTNet Site","PM2.5","Montgomery",35.2631650008898,-79.836636
"6845",2025-09-09,19,"Candor: EPA CASTNet Site","PM2.5","Montgomery",35.2631650008898,-79.836636
"6846",2025-09-10,28,"Candor: EPA CASTNet Site","PM2.5","Montgomery",35.2631650008898,-79.836636
"6847",2025-09-11,25,"Candor: EPA CASTNet Site","PM2.5","Montgomery",35.2631650008898,-79.836636
"6848",2025-09-12,35,"Candor: EPA CASTNet Site","PM2.5","Montgomery",35.2631650008898,-79.836636
"6849",2025-09-13,53,"Candor: EPA CASTNet Site","PM2.5","Montgomery",35.2631650008898,-79.836636
"6850",2025-09-14,47,"Candor: EPA CASTNet Site","PM2.5","Montgomery",35.2631650008898,-79.836636
"6851",2025-09-15,44,"Candor: EPA CASTNet Site","PM2.5","Montgomery",35.2631650008898,-79.836636
"6852",2025-09-16,36,"Candor: EPA CASTNet Site","PM2.5","Montgomery",35.2631650008898,-79.836636
"6853",2025-09-17,42,"Candor: EPA CASTNet Site","PM2.5","Montgomery",35.2631650008898,-79.836636
"6854",2025-09-18,26,"Candor: EPA CASTNet Site","PM2.5","Montgomery",35.2631650008898,-79.836636
"6855",2025-09-19,53,"Candor: EPA CASTNet Site","PM2.5","Montgomery",35.2631650008898,-79.836636
"6856",2025-09-20,56,"Candor: EPA CASTNet Site","PM2.5","Montgomery",35.2631650008898,-79.836636
"6857",2025-09-21,55,"Candor: EPA CASTNet Site","PM2.5","Montgomery",35.2631650008898,-79.836636
"6858",2025-09-22,49,"Candor: EPA CASTNet Site","PM2.5","Montgomery",35.2631650008898,-79.836636
"6859",2025-09-23,49,"Candor: EPA CASTNet Site","PM2.5","Montgomery",35.2631650008898,-79.836636
"6860",2025-09-24,52,"Candor: EPA CASTNet Site","PM2.5","Montgomery",35.2631650008898,-79.836636
"6861",2025-09-25,42,"Candor: EPA CASTNet Site","PM2.5","Montgomery",35.2631650008898,-79.836636
"6862",2025-09-26,47,"Candor: EPA CASTNet Site","PM2.5","Montgomery",35.2631650008898,-79.836636
"6863",2025-09-27,20,"Candor: EPA CASTNet Site","PM2.5","Montgomery",35.2631650008898,-79.836636
"6864",2025-09-28,24,"Candor: EPA CASTNet Site","PM2.5","Montgomery",35.2631650008898,-79.836636
"6865",2025-09-29,25,"Candor: EPA CASTNet Site","PM2.5","Montgomery",35.2631650008898,-79.836636
"6866",2025-09-30,44,"Candor: EPA CASTNet Site","PM2.5","Montgomery",35.2631650008898,-79.836636
"6867",2025-10-01,40,"Candor: EPA CASTNet Site","PM2.5","Montgomery",35.2631650008898,-79.836636
"6868",2025-10-02,29,"Candor: EPA CASTNet Site","PM2.5","Montgomery",35.2631650008898,-79.836636
"6869",2025-10-07,12,"Candor: EPA CASTNet Site","PM2.5","Montgomery",35.2631650008898,-79.836636
"6870",2025-10-08,18,"Candor: EPA CASTNet Site","PM2.5","Montgomery",35.2631650008898,-79.836636
"6871",2025-10-09,21,"Candor: EPA CASTNet Site","PM2.5","Montgomery",35.2631650008898,-79.836636
"6872",2025-10-10,25,"Candor: EPA CASTNet Site","PM2.5","Montgomery",35.2631650008898,-79.836636
"6873",2025-10-11,16,"Candor: EPA CASTNet Site","PM2.5","Montgomery",35.2631650008898,-79.836636
"6874",2025-10-12,9,"Candor: EPA CASTNet Site","PM2.5","Montgomery",35.2631650008898,-79.836636
"6875",2025-10-13,4,"Candor: EPA CASTNet Site","PM2.5","Montgomery",35.2631650008898,-79.836636
"6876",2025-10-14,15,"Candor: EPA CASTNet Site","PM2.5","Montgomery",35.2631650008898,-79.836636
"6877",2025-10-15,18,"Candor: EPA CASTNet Site","PM2.5","Montgomery",35.2631650008898,-79.836636
"6878",2025-10-16,19,"Candor: EPA CASTNet Site","PM2.5","Montgomery",35.2631650008898,-79.836636
"6879",2025-10-17,27,"Candor: EPA CASTNet Site","PM2.5","Montgomery",35.2631650008898,-79.836636
"6880",2025-10-18,40,"Candor: EPA CASTNet Site","PM2.5","Montgomery",35.2631650008898,-79.836636
"6881",2025-10-19,25,"Candor: EPA CASTNet Site","PM2.5","Montgomery",35.2631650008898,-79.836636
"6882",2025-10-20,9,"Candor: EPA CASTNet Site","PM2.5","Montgomery",35.2631650008898,-79.836636
"6883",2025-10-21,42,"Candor: EPA CASTNet Site","PM2.5","Montgomery",35.2631650008898,-79.836636
"6884",2025-10-22,29,"Candor: EPA CASTNet Site","PM2.5","Montgomery",35.2631650008898,-79.836636
"6885",2025-10-23,23,"Candor: EPA CASTNet Site","PM2.5","Montgomery",35.2631650008898,-79.836636
"6886",2025-10-24,31,"Candor: EPA CASTNet Site","PM2.5","Montgomery",35.2631650008898,-79.836636
"6887",2025-10-25,28,"Candor: EPA CASTNet Site","PM2.5","Montgomery",35.2631650008898,-79.836636
"6888",2025-10-26,29,"Candor: EPA CASTNet Site","PM2.5","Montgomery",35.2631650008898,-79.836636
"6889",2025-10-27,22,"Candor: EPA CASTNet Site","PM2.5","Montgomery",35.2631650008898,-79.836636
"6890",2025-10-28,4,"Candor: EPA CASTNet Site","PM2.5","Montgomery",35.2631650008898,-79.836636
"6891",2025-10-29,8,"Candor: EPA CASTNet Site","PM2.5","Montgomery",35.2631650008898,-79.836636
"6892",2025-10-30,7,"Candor: EPA CASTNet Site","PM2.5","Montgomery",35.2631650008898,-79.836636
"6893",2025-10-31,9,"Candor: EPA CASTNet Site","PM2.5","Montgomery",35.2631650008898,-79.836636
"6894",2025-11-01,21,"Candor: EPA CASTNet Site","PM2.5","Montgomery",35.2631650008898,-79.836636
"6895",2025-11-02,30,"Candor: EPA CASTNet Site","PM2.5","Montgomery",35.2631650008898,-79.836636
"6896",2025-11-03,33,"Candor: EPA CASTNet Site","PM2.5","Montgomery",35.2631650008898,-79.836636
"6897",2025-11-04,17,"Candor: EPA CASTNet Site","PM2.5","Montgomery",35.2631650008898,-79.836636
"6898",2025-11-05,45,"Candor: EPA CASTNet Site","PM2.5","Montgomery",35.2631650008898,-79.836636
"6899",2025-11-06,45,"Candor: EPA CASTNet Site","PM2.5","Montgomery",35.2631650008898,-79.836636
"6900",2025-11-07,41,"Candor: EPA CASTNet Site","PM2.5","Montgomery",35.2631650008898,-79.836636
"6901",2025-11-08,53,"Candor: EPA CASTNet Site","PM2.5","Montgomery",35.2631650008898,-79.836636
"6902",2025-11-09,50,"Candor: EPA CASTNet Site","PM2.5","Montgomery",35.2631650008898,-79.836636
"6903",2025-11-10,1,"Candor: EPA CASTNet Site","PM2.5","Montgomery",35.2631650008898,-79.836636
"6904",2025-11-11,6,"Candor: EPA CASTNet Site","PM2.5","Montgomery",35.2631650008898,-79.836636
"6905",2025-11-12,37,"Candor: EPA CASTNet Site","PM2.5","Montgomery",35.2631650008898,-79.836636
"6906",2025-11-13,52,"Candor: EPA CASTNet Site","PM2.5","Montgomery",35.2631650008898,-79.836636
"6907",2025-11-14,35,"Candor: EPA CASTNet Site","PM2.5","Montgomery",35.2631650008898,-79.836636
"6908",2025-11-15,49,"Candor: EPA CASTNet Site","PM2.5","Montgomery",35.2631650008898,-79.836636
"6909",2025-11-16,46,"Candor: EPA CASTNet Site","PM2.5","Montgomery",35.2631650008898,-79.836636
"6910",2025-11-17,8,"Candor: EPA CASTNet Site","PM2.5","Montgomery",35.2631650008898,-79.836636
"6911",2025-11-18,37,"Candor: EPA CASTNet Site","PM2.5","Montgomery",35.2631650008898,-79.836636
"6912",2025-11-19,52,"Candor: EPA CASTNet Site","PM2.5","Montgomery",35.2631650008898,-79.836636
"6913",2025-11-20,46,"Candor: EPA CASTNet Site","PM2.5","Montgomery",35.2631650008898,-79.836636
"6914",2025-11-21,71,"Candor: EPA CASTNet Site","PM2.5","Montgomery",35.2631650008898,-79.836636
"6915",2025-11-22,51,"Candor: EPA CASTNet Site","PM2.5","Montgomery",35.2631650008898,-79.836636
"6916",2025-11-23,22,"Candor: EPA CASTNet Site","PM2.5","Montgomery",35.2631650008898,-79.836636
"6917",2025-11-24,20,"Candor: EPA CASTNet Site","PM2.5","Montgomery",35.2631650008898,-79.836636
"6918",2025-11-25,30,"Candor: EPA CASTNet Site","PM2.5","Montgomery",35.2631650008898,-79.836636
"6919",2025-11-26,32,"Candor: EPA CASTNet Site","PM2.5","Montgomery",35.2631650008898,-79.836636
"6920",2025-11-27,5,"Candor: EPA CASTNet Site","PM2.5","Montgomery",35.2631650008898,-79.836636
"6921",2025-11-28,8,"Candor: EPA CASTNet Site","PM2.5","Montgomery",35.2631650008898,-79.836636
"6922",2025-11-29,16,"Candor: EPA CASTNet Site","PM2.5","Montgomery",35.2631650008898,-79.836636
"6923",2025-11-30,36,"Candor: EPA CASTNet Site","PM2.5","Montgomery",35.2631650008898,-79.836636
"6924",2025-12-01,23,"Candor: EPA CASTNet Site","PM2.5","Montgomery",35.2631650008898,-79.836636
"6925",2025-12-02,25,"Candor: EPA CASTNet Site","PM2.5","Montgomery",35.2631650008898,-79.836636
"6926",2025-12-03,27,"Candor: EPA CASTNet Site","PM2.5","Montgomery",35.2631650008898,-79.836636
"6927",2025-12-04,58,"Candor: EPA CASTNet Site","PM2.5","Montgomery",35.2631650008898,-79.836636
"6928",2025-12-05,40,"Candor: EPA CASTNet Site","PM2.5","Montgomery",35.2631650008898,-79.836636
"6929",2025-12-06,38,"Candor: EPA CASTNet Site","PM2.5","Montgomery",35.2631650008898,-79.836636
"6930",2025-12-07,24,"Candor: EPA CASTNet Site","PM2.5","Montgomery",35.2631650008898,-79.836636
"6931",2025-12-08,36,"Candor: EPA CASTNet Site","PM2.5","Montgomery",35.2631650008898,-79.836636
"6932",2025-12-09,26,"Candor: EPA CASTNet Site","PM2.5","Montgomery",35.2631650008898,-79.836636
"6933",2025-12-10,22,"Candor: EPA CASTNet Site","PM2.5","Montgomery",35.2631650008898,-79.836636
"6934",2025-12-11,3,"Candor: EPA CASTNet Site","PM2.5","Montgomery",35.2631650008898,-79.836636
"6935",2025-12-12,18,"Candor: EPA CASTNet Site","PM2.5","Montgomery",35.2631650008898,-79.836636
"6936",2025-12-13,52,"Candor: EPA CASTNet Site","PM2.5","Montgomery",35.2631650008898,-79.836636
"6937",2025-12-14,24,"Candor: EPA CASTNet Site","PM2.5","Montgomery",35.2631650008898,-79.836636
"6938",2025-12-15,3,"Candor: EPA CASTNet Site","PM2.5","Montgomery",35.2631650008898,-79.836636
"6939",2025-12-16,24,"Candor: EPA CASTNet Site","PM2.5","Montgomery",35.2631650008898,-79.836636
"6940",2025-12-17,54,"Candor: EPA CASTNet Site","PM2.5","Montgomery",35.2631650008898,-79.836636
"6941",2025-12-18,46,"Candor: EPA CASTNet Site","PM2.5","Montgomery",35.2631650008898,-79.836636
"6942",2025-12-19,3,"Candor: EPA CASTNet Site","PM2.5","Montgomery",35.2631650008898,-79.836636
"6943",2025-12-20,6,"Candor: EPA CASTNet Site","PM2.5","Montgomery",35.2631650008898,-79.836636
"6944",2025-12-21,18,"Candor: EPA CASTNet Site","PM2.5","Montgomery",35.2631650008898,-79.836636
"6945",2025-12-22,29,"Candor: EPA CASTNet Site","PM2.5","Montgomery",35.2631650008898,-79.836636
"6946",2025-12-23,35,"Candor: EPA CASTNet Site","PM2.5","Montgomery",35.2631650008898,-79.836636
"6947",2025-12-24,38,"Candor: EPA CASTNet Site","PM2.5","Montgomery",35.2631650008898,-79.836636
"6948",2025-12-25,46,"Candor: EPA CASTNet Site","PM2.5","Montgomery",35.2631650008898,-79.836636
"6949",2025-12-26,32,"Candor: EPA CASTNet Site","PM2.5","Montgomery",35.2631650008898,-79.836636
"6950",2025-12-27,44,"Candor: EPA CASTNet Site","PM2.5","Montgomery",35.2631650008898,-79.836636
"6951",2025-12-28,27,"Candor: EPA CASTNet Site","PM2.5","Montgomery",35.2631650008898,-79.836636
"6952",2025-12-29,18,"Candor: EPA CASTNet Site","PM2.5","Montgomery",35.2631650008898,-79.836636
"6953",2025-12-30,1,"Candor: EPA CASTNet Site","PM2.5","Montgomery",35.2631650008898,-79.836636
"6954",2025-12-31,7,"Candor: EPA CASTNet Site","PM2.5","Montgomery",35.2631650008898,-79.836636
"6955",2025-01-01,29,"Castle Hayne","PM2.5","New Hanover",34.364167,-77.838611
"6956",2025-01-02,34,"Castle Hayne","PM2.5","New Hanover",34.364167,-77.838611
"6957",2025-01-03,42,"Castle Hayne","PM2.5","New Hanover",34.364167,-77.838611
"6958",2025-01-04,37,"Castle Hayne","PM2.5","New Hanover",34.364167,-77.838611
"6959",2025-01-05,46,"Castle Hayne","PM2.5","New Hanover",34.364167,-77.838611
"6960",2025-01-06,35,"Castle Hayne","PM2.5","New Hanover",34.364167,-77.838611
"6961",2025-01-07,37,"Castle Hayne","PM2.5","New Hanover",34.364167,-77.838611
"6962",2025-01-08,47,"Castle Hayne","PM2.5","New Hanover",34.364167,-77.838611
"6963",2025-01-09,50,"Castle Hayne","PM2.5","New Hanover",34.364167,-77.838611
"6964",2025-01-10,62,"Castle Hayne","PM2.5","New Hanover",34.364167,-77.838611
"6965",2025-01-11,34,"Castle Hayne","PM2.5","New Hanover",34.364167,-77.838611
"6966",2025-01-12,46,"Castle Hayne","PM2.5","New Hanover",34.364167,-77.838611
"6967",2025-01-13,53,"Castle Hayne","PM2.5","New Hanover",34.364167,-77.838611
"6968",2025-01-14,55,"Castle Hayne","PM2.5","New Hanover",34.364167,-77.838611
"6969",2025-01-15,52,"Castle Hayne","PM2.5","New Hanover",34.364167,-77.838611
"6970",2025-01-16,57,"Castle Hayne","PM2.5","New Hanover",34.364167,-77.838611
"6971",2025-01-17,51,"Castle Hayne","PM2.5","New Hanover",34.364167,-77.838611
"6972",2025-01-18,43,"Castle Hayne","PM2.5","New Hanover",34.364167,-77.838611
"6973",2025-01-19,39,"Castle Hayne","PM2.5","New Hanover",34.364167,-77.838611
"6974",2025-01-20,36,"Castle Hayne","PM2.5","New Hanover",34.364167,-77.838611
"6975",2025-01-21,46,"Castle Hayne","PM2.5","New Hanover",34.364167,-77.838611
"6976",2025-01-22,52,"Castle Hayne","PM2.5","New Hanover",34.364167,-77.838611
"6977",2025-01-23,56,"Castle Hayne","PM2.5","New Hanover",34.364167,-77.838611
"6978",2025-01-24,56,"Castle Hayne","PM2.5","New Hanover",34.364167,-77.838611
"6979",2025-01-25,54,"Castle Hayne","PM2.5","New Hanover",34.364167,-77.838611
"6980",2025-01-26,49,"Castle Hayne","PM2.5","New Hanover",34.364167,-77.838611
"6981",2025-01-27,51,"Castle Hayne","PM2.5","New Hanover",34.364167,-77.838611
"6982",2025-01-28,38,"Castle Hayne","PM2.5","New Hanover",34.364167,-77.838611
"6983",2025-01-29,41,"Castle Hayne","PM2.5","New Hanover",34.364167,-77.838611
"6984",2025-01-30,46,"Castle Hayne","PM2.5","New Hanover",34.364167,-77.838611
"6985",2025-01-31,31,"Castle Hayne","PM2.5","New Hanover",34.364167,-77.838611
"6986",2025-02-01,32,"Castle Hayne","PM2.5","New Hanover",34.364167,-77.838611
"6987",2025-02-02,28,"Castle Hayne","PM2.5","New Hanover",34.364167,-77.838611
"6988",2025-02-03,34,"Castle Hayne","PM2.5","New Hanover",34.364167,-77.838611
"6989",2025-02-04,49,"Castle Hayne","PM2.5","New Hanover",34.364167,-77.838611
"6990",2025-02-05,46,"Castle Hayne","PM2.5","New Hanover",34.364167,-77.838611
"6991",2025-02-06,57,"Castle Hayne","PM2.5","New Hanover",34.364167,-77.838611
"6992",2025-02-07,56,"Castle Hayne","PM2.5","New Hanover",34.364167,-77.838611
"6993",2025-02-08,52,"Castle Hayne","PM2.5","New Hanover",34.364167,-77.838611
"6994",2025-02-09,54,"Castle Hayne","PM2.5","New Hanover",34.364167,-77.838611
"6995",2025-02-10,28,"Castle Hayne","PM2.5","New Hanover",34.364167,-77.838611
"6996",2025-02-11,37,"Castle Hayne","PM2.5","New Hanover",34.364167,-77.838611
"6997",2025-02-12,21,"Castle Hayne","PM2.5","New Hanover",34.364167,-77.838611
"6998",2025-02-13,31,"Castle Hayne","PM2.5","New Hanover",34.364167,-77.838611
"6999",2025-02-14,36,"Castle Hayne","PM2.5","New Hanover",34.364167,-77.838611
"7000",2025-02-15,27,"Castle Hayne","PM2.5","New Hanover",34.364167,-77.838611
"7001",2025-02-16,23,"Castle Hayne","PM2.5","New Hanover",34.364167,-77.838611
"7002",2025-02-17,23,"Castle Hayne","PM2.5","New Hanover",34.364167,-77.838611
"7003",2025-02-18,37,"Castle Hayne","PM2.5","New Hanover",34.364167,-77.838611
"7004",2025-02-19,31,"Castle Hayne","PM2.5","New Hanover",34.364167,-77.838611
"7005",2025-02-20,52,"Castle Hayne","PM2.5","New Hanover",34.364167,-77.838611
"7006",2025-02-21,46,"Castle Hayne","PM2.5","New Hanover",34.364167,-77.838611
"7007",2025-02-22,58,"Castle Hayne","PM2.5","New Hanover",34.364167,-77.838611
"7008",2025-02-23,53,"Castle Hayne","PM2.5","New Hanover",34.364167,-77.838611
"7009",2025-02-24,63,"Castle Hayne","PM2.5","New Hanover",34.364167,-77.838611
"7010",2025-02-25,69,"Castle Hayne","PM2.5","New Hanover",34.364167,-77.838611
"7011",2025-02-26,77,"Castle Hayne","PM2.5","New Hanover",34.364167,-77.838611
"7012",2025-02-27,68,"Castle Hayne","PM2.5","New Hanover",34.364167,-77.838611
"7013",2025-02-28,33,"Castle Hayne","PM2.5","New Hanover",34.364167,-77.838611
"7014",2025-03-01,58,"Castle Hayne","PM2.5","New Hanover",34.364167,-77.838611
"7015",2025-03-02,28,"Castle Hayne","PM2.5","New Hanover",34.364167,-77.838611
"7016",2025-03-03,36,"Castle Hayne","PM2.5","New Hanover",34.364167,-77.838611
"7017",2025-03-04,28,"Castle Hayne","PM2.5","New Hanover",34.364167,-77.838611
"7018",2025-03-05,52,"Castle Hayne","PM2.5","New Hanover",34.364167,-77.838611
"7019",2025-03-06,33,"Castle Hayne","PM2.5","New Hanover",34.364167,-77.838611
"7020",2025-03-07,29,"Castle Hayne","PM2.5","New Hanover",34.364167,-77.838611
"7021",2025-03-08,56,"Castle Hayne","PM2.5","New Hanover",34.364167,-77.838611
"7022",2025-03-09,43,"Castle Hayne","PM2.5","New Hanover",34.364167,-77.838611
"7023",2025-03-10,40,"Castle Hayne","PM2.5","New Hanover",34.364167,-77.838611
"7024",2025-03-11,32,"Castle Hayne","PM2.5","New Hanover",34.364167,-77.838611
"7025",2025-03-12,53,"Castle Hayne","PM2.5","New Hanover",34.364167,-77.838611
"7026",2025-03-13,66,"Castle Hayne","PM2.5","New Hanover",34.364167,-77.838611
"7027",2025-03-14,59,"Castle Hayne","PM2.5","New Hanover",34.364167,-77.838611
"7028",2025-03-15,33,"Castle Hayne","PM2.5","New Hanover",34.364167,-77.838611
"7029",2025-03-16,39,"Castle Hayne","PM2.5","New Hanover",34.364167,-77.838611
"7030",2025-03-17,44,"Castle Hayne","PM2.5","New Hanover",34.364167,-77.838611
"7031",2025-03-18,27,"Castle Hayne","PM2.5","New Hanover",34.364167,-77.838611
"7032",2025-03-19,58,"Castle Hayne","PM2.5","New Hanover",34.364167,-77.838611
"7033",2025-03-20,54,"Castle Hayne","PM2.5","New Hanover",34.364167,-77.838611
"7034",2025-03-21,24,"Castle Hayne","PM2.5","New Hanover",34.364167,-77.838611
"7035",2025-03-22,57,"Castle Hayne","PM2.5","New Hanover",34.364167,-77.838611
"7036",2025-03-23,48,"Castle Hayne","PM2.5","New Hanover",34.364167,-77.838611
"7037",2025-03-24,54,"Castle Hayne","PM2.5","New Hanover",34.364167,-77.838611
"7038",2025-03-25,121,"Castle Hayne","PM2.5","New Hanover",34.364167,-77.838611
"7039",2025-03-26,117,"Castle Hayne","PM2.5","New Hanover",34.364167,-77.838611
"7040",2025-03-27,78,"Castle Hayne","PM2.5","New Hanover",34.364167,-77.838611
"7041",2025-03-28,31,"Castle Hayne","PM2.5","New Hanover",34.364167,-77.838611
"7042",2025-03-29,30,"Castle Hayne","PM2.5","New Hanover",34.364167,-77.838611
"7043",2025-03-30,20,"Castle Hayne","PM2.5","New Hanover",34.364167,-77.838611
"7044",2025-03-31,19,"Castle Hayne","PM2.5","New Hanover",34.364167,-77.838611
"7045",2025-04-01,34,"Castle Hayne","PM2.5","New Hanover",34.364167,-77.838611
"7046",2025-04-02,36,"Castle Hayne","PM2.5","New Hanover",34.364167,-77.838611
"7047",2025-04-03,33,"Castle Hayne","PM2.5","New Hanover",34.364167,-77.838611
"7048",2025-04-04,32,"Castle Hayne","PM2.5","New Hanover",34.364167,-77.838611
"7049",2025-04-05,15,"Castle Hayne","PM2.5","New Hanover",34.364167,-77.838611
"7050",2025-04-06,34,"Castle Hayne","PM2.5","New Hanover",34.364167,-77.838611
"7051",2025-04-07,32,"Castle Hayne","PM2.5","New Hanover",34.364167,-77.838611
"7052",2025-04-08,37,"Castle Hayne","PM2.5","New Hanover",34.364167,-77.838611
"7053",2025-04-09,54,"Castle Hayne","PM2.5","New Hanover",34.364167,-77.838611
"7054",2025-04-10,52,"Castle Hayne","PM2.5","New Hanover",34.364167,-77.838611
"7055",2025-04-11,30,"Castle Hayne","PM2.5","New Hanover",34.364167,-77.838611
"7056",2025-04-12,25,"Castle Hayne","PM2.5","New Hanover",34.364167,-77.838611
"7057",2025-04-13,42,"Castle Hayne","PM2.5","New Hanover",34.364167,-77.838611
"7058",2025-04-14,53,"Castle Hayne","PM2.5","New Hanover",34.364167,-77.838611
"7059",2025-04-15,60,"Castle Hayne","PM2.5","New Hanover",34.364167,-77.838611
"7060",2025-04-16,37,"Castle Hayne","PM2.5","New Hanover",34.364167,-77.838611
"7061",2025-04-17,53,"Castle Hayne","PM2.5","New Hanover",34.364167,-77.838611
"7062",2025-04-18,43,"Castle Hayne","PM2.5","New Hanover",34.364167,-77.838611
"7063",2025-04-19,24,"Castle Hayne","PM2.5","New Hanover",34.364167,-77.838611
"7064",2025-04-20,36,"Castle Hayne","PM2.5","New Hanover",34.364167,-77.838611
"7065",2025-04-21,44,"Castle Hayne","PM2.5","New Hanover",34.364167,-77.838611
"7066",2025-04-22,41,"Castle Hayne","PM2.5","New Hanover",34.364167,-77.838611
"7067",2025-04-23,49,"Castle Hayne","PM2.5","New Hanover",34.364167,-77.838611
"7068",2025-04-24,50,"Castle Hayne","PM2.5","New Hanover",34.364167,-77.838611
"7069",2025-04-25,37,"Castle Hayne","PM2.5","New Hanover",34.364167,-77.838611
"7070",2025-04-26,28,"Castle Hayne","PM2.5","New Hanover",34.364167,-77.838611
"7071",2025-04-27,33,"Castle Hayne","PM2.5","New Hanover",34.364167,-77.838611
"7072",2025-04-28,34,"Castle Hayne","PM2.5","New Hanover",34.364167,-77.838611
"7073",2025-04-29,56,"Castle Hayne","PM2.5","New Hanover",34.364167,-77.838611
"7074",2025-04-30,38,"Castle Hayne","PM2.5","New Hanover",34.364167,-77.838611
"7075",2025-05-01,28,"Castle Hayne","PM2.5","New Hanover",34.364167,-77.838611
"7076",2025-05-02,32,"Castle Hayne","PM2.5","New Hanover",34.364167,-77.838611
"7077",2025-05-03,33,"Castle Hayne","PM2.5","New Hanover",34.364167,-77.838611
"7078",2025-05-04,24,"Castle Hayne","PM2.5","New Hanover",34.364167,-77.838611
"7079",2025-05-05,24,"Castle Hayne","PM2.5","New Hanover",34.364167,-77.838611
"7080",2025-05-06,30,"Castle Hayne","PM2.5","New Hanover",34.364167,-77.838611
"7081",2025-05-07,42,"Castle Hayne","PM2.5","New Hanover",34.364167,-77.838611
"7082",2025-05-08,52,"Castle Hayne","PM2.5","New Hanover",34.364167,-77.838611
"7083",2025-05-09,33,"Castle Hayne","PM2.5","New Hanover",34.364167,-77.838611
"7084",2025-05-10,38,"Castle Hayne","PM2.5","New Hanover",34.364167,-77.838611
"7085",2025-05-11,21,"Castle Hayne","PM2.5","New Hanover",34.364167,-77.838611
"7086",2025-05-12,17,"Castle Hayne","PM2.5","New Hanover",34.364167,-77.838611
"7087",2025-05-13,19,"Castle Hayne","PM2.5","New Hanover",34.364167,-77.838611
"7088",2025-05-14,41,"Castle Hayne","PM2.5","New Hanover",34.364167,-77.838611
"7089",2025-05-15,41,"Castle Hayne","PM2.5","New Hanover",34.364167,-77.838611
"7090",2025-05-16,57,"Castle Hayne","PM2.5","New Hanover",34.364167,-77.838611
"7091",2025-05-17,55,"Castle Hayne","PM2.5","New Hanover",34.364167,-77.838611
"7092",2025-05-18,46,"Castle Hayne","PM2.5","New Hanover",34.364167,-77.838611
"7093",2025-05-19,51,"Castle Hayne","PM2.5","New Hanover",34.364167,-77.838611
"7094",2025-05-20,46,"Castle Hayne","PM2.5","New Hanover",34.364167,-77.838611
"7095",2025-05-21,52,"Castle Hayne","PM2.5","New Hanover",34.364167,-77.838611
"7096",2025-05-22,38,"Castle Hayne","PM2.5","New Hanover",34.364167,-77.838611
"7097",2025-05-23,43,"Castle Hayne","PM2.5","New Hanover",34.364167,-77.838611
"7098",2025-05-24,28,"Castle Hayne","PM2.5","New Hanover",34.364167,-77.838611
"7099",2025-05-25,40,"Castle Hayne","PM2.5","New Hanover",34.364167,-77.838611
"7100",2025-05-26,34,"Castle Hayne","PM2.5","New Hanover",34.364167,-77.838611
"7101",2025-05-27,19,"Castle Hayne","PM2.5","New Hanover",34.364167,-77.838611
"7102",2025-05-28,24,"Castle Hayne","PM2.5","New Hanover",34.364167,-77.838611
"7103",2025-05-29,43,"Castle Hayne","PM2.5","New Hanover",34.364167,-77.838611
"7104",2025-05-30,22,"Castle Hayne","PM2.5","New Hanover",34.364167,-77.838611
"7105",2025-05-31,44,"Castle Hayne","PM2.5","New Hanover",34.364167,-77.838611
"7106",2025-06-01,52,"Castle Hayne","PM2.5","New Hanover",34.364167,-77.838611
"7107",2025-06-02,54,"Castle Hayne","PM2.5","New Hanover",34.364167,-77.838611
"7108",2025-06-03,52,"Castle Hayne","PM2.5","New Hanover",34.364167,-77.838611
"7109",2025-06-04,31,"Castle Hayne","PM2.5","New Hanover",34.364167,-77.838611
"7110",2025-06-05,26,"Castle Hayne","PM2.5","New Hanover",34.364167,-77.838611
"7111",2025-06-06,35,"Castle Hayne","PM2.5","New Hanover",34.364167,-77.838611
"7112",2025-06-07,54,"Castle Hayne","PM2.5","New Hanover",34.364167,-77.838611
"7113",2025-06-08,35,"Castle Hayne","PM2.5","New Hanover",34.364167,-77.838611
"7114",2025-06-09,41,"Castle Hayne","PM2.5","New Hanover",34.364167,-77.838611
"7115",2025-06-10,28,"Castle Hayne","PM2.5","New Hanover",34.364167,-77.838611
"7116",2025-06-11,22,"Castle Hayne","PM2.5","New Hanover",34.364167,-77.838611
"7117",2025-06-12,18,"Castle Hayne","PM2.5","New Hanover",34.364167,-77.838611
"7118",2025-06-13,31,"Castle Hayne","PM2.5","New Hanover",34.364167,-77.838611
"7119",2025-06-14,24,"Castle Hayne","PM2.5","New Hanover",34.364167,-77.838611
"7120",2025-06-15,24,"Castle Hayne","PM2.5","New Hanover",34.364167,-77.838611
"7121",2025-06-16,31,"Castle Hayne","PM2.5","New Hanover",34.364167,-77.838611
"7122",2025-06-17,31,"Castle Hayne","PM2.5","New Hanover",34.364167,-77.838611
"7123",2025-06-18,31,"Castle Hayne","PM2.5","New Hanover",34.364167,-77.838611
"7124",2025-06-19,29,"Castle Hayne","PM2.5","New Hanover",34.364167,-77.838611
"7125",2025-06-20,34,"Castle Hayne","PM2.5","New Hanover",34.364167,-77.838611
"7126",2025-06-21,25,"Castle Hayne","PM2.5","New Hanover",34.364167,-77.838611
"7127",2025-06-22,17,"Castle Hayne","PM2.5","New Hanover",34.364167,-77.838611
"7128",2025-06-23,37,"Castle Hayne","PM2.5","New Hanover",34.364167,-77.838611
"7129",2025-06-24,58,"Castle Hayne","PM2.5","New Hanover",34.364167,-77.838611
"7130",2025-06-25,62,"Castle Hayne","PM2.5","New Hanover",34.364167,-77.838611
"7131",2025-06-26,52,"Castle Hayne","PM2.5","New Hanover",34.364167,-77.838611
"7132",2025-06-27,33,"Castle Hayne","PM2.5","New Hanover",34.364167,-77.838611
"7133",2025-06-28,17,"Castle Hayne","PM2.5","New Hanover",34.364167,-77.838611
"7134",2025-06-29,31,"Castle Hayne","PM2.5","New Hanover",34.364167,-77.838611
"7135",2025-06-30,36,"Castle Hayne","PM2.5","New Hanover",34.364167,-77.838611
"7136",2025-07-01,36,"Castle Hayne","PM2.5","New Hanover",34.364167,-77.838611
"7137",2025-07-02,36,"Castle Hayne","PM2.5","New Hanover",34.364167,-77.838611
"7138",2025-07-03,39,"Castle Hayne","PM2.5","New Hanover",34.364167,-77.838611
"7139",2025-07-04,44,"Castle Hayne","PM2.5","New Hanover",34.364167,-77.838611
"7140",2025-07-05,35,"Castle Hayne","PM2.5","New Hanover",34.364167,-77.838611
"7141",2025-07-06,21,"Castle Hayne","PM2.5","New Hanover",34.364167,-77.838611
"7142",2025-07-07,26,"Castle Hayne","PM2.5","New Hanover",34.364167,-77.838611
"7143",2025-07-08,24,"Castle Hayne","PM2.5","New Hanover",34.364167,-77.838611
"7144",2025-07-09,21,"Castle Hayne","PM2.5","New Hanover",34.364167,-77.838611
"7145",2025-07-10,26,"Castle Hayne","PM2.5","New Hanover",34.364167,-77.838611
"7146",2025-07-11,21,"Castle Hayne","PM2.5","New Hanover",34.364167,-77.838611
"7147",2025-07-12,37,"Castle Hayne","PM2.5","New Hanover",34.364167,-77.838611
"7148",2025-07-13,33,"Castle Hayne","PM2.5","New Hanover",34.364167,-77.838611
"7149",2025-07-14,15,"Castle Hayne","PM2.5","New Hanover",34.364167,-77.838611
"7150",2025-07-15,17,"Castle Hayne","PM2.5","New Hanover",34.364167,-77.838611
"7151",2025-07-16,24,"Castle Hayne","PM2.5","New Hanover",34.364167,-77.838611
"7152",2025-07-17,12,"Castle Hayne","PM2.5","New Hanover",34.364167,-77.838611
"7153",2025-07-18,17,"Castle Hayne","PM2.5","New Hanover",34.364167,-77.838611
"7154",2025-07-19,25,"Castle Hayne","PM2.5","New Hanover",34.364167,-77.838611
"7155",2025-07-20,34,"Castle Hayne","PM2.5","New Hanover",34.364167,-77.838611
"7156",2025-07-21,44,"Castle Hayne","PM2.5","New Hanover",34.364167,-77.838611
"7157",2025-07-22,41,"Castle Hayne","PM2.5","New Hanover",34.364167,-77.838611
"7158",2025-07-23,27,"Castle Hayne","PM2.5","New Hanover",34.364167,-77.838611
"7159",2025-07-24,14,"Castle Hayne","PM2.5","New Hanover",34.364167,-77.838611
"7160",2025-07-29,18,"Castle Hayne","PM2.5","New Hanover",34.364167,-77.838611
"7161",2025-07-30,25,"Castle Hayne","PM2.5","New Hanover",34.364167,-77.838611
"7162",2025-07-31,30,"Castle Hayne","PM2.5","New Hanover",34.364167,-77.838611
"7163",2025-08-01,23,"Castle Hayne","PM2.5","New Hanover",34.364167,-77.838611
"7164",2025-08-02,28,"Castle Hayne","PM2.5","New Hanover",34.364167,-77.838611
"7165",2025-08-03,48,"Castle Hayne","PM2.5","New Hanover",34.364167,-77.838611
"7166",2025-08-04,39,"Castle Hayne","PM2.5","New Hanover",34.364167,-77.838611
"7167",2025-08-05,28,"Castle Hayne","PM2.5","New Hanover",34.364167,-77.838611
"7168",2025-08-06,6,"Castle Hayne","PM2.5","New Hanover",34.364167,-77.838611
"7169",2025-08-07,44,"Castle Hayne","PM2.5","New Hanover",34.364167,-77.838611
"7170",2025-08-08,60,"Castle Hayne","PM2.5","New Hanover",34.364167,-77.838611
"7171",2025-08-09,24,"Castle Hayne","PM2.5","New Hanover",34.364167,-77.838611
"7172",2025-08-10,6,"Castle Hayne","PM2.5","New Hanover",34.364167,-77.838611
"7173",2025-08-11,0,"Castle Hayne","PM2.5","New Hanover",34.364167,-77.838611
"7174",2025-08-12,1,"Castle Hayne","PM2.5","New Hanover",34.364167,-77.838611
"7175",2025-08-13,10,"Castle Hayne","PM2.5","New Hanover",34.364167,-77.838611
"7176",2025-08-14,11,"Castle Hayne","PM2.5","New Hanover",34.364167,-77.838611
"7177",2025-08-15,23,"Castle Hayne","PM2.5","New Hanover",34.364167,-77.838611
"7178",2025-08-16,25,"Castle Hayne","PM2.5","New Hanover",34.364167,-77.838611
"7179",2025-08-17,35,"Castle Hayne","PM2.5","New Hanover",34.364167,-77.838611
"7180",2025-08-18,44,"Castle Hayne","PM2.5","New Hanover",34.364167,-77.838611
"7181",2025-08-19,47,"Castle Hayne","PM2.5","New Hanover",34.364167,-77.838611
"7182",2025-08-20,18,"Castle Hayne","PM2.5","New Hanover",34.364167,-77.838611
"7183",2025-08-21,23,"Castle Hayne","PM2.5","New Hanover",34.364167,-77.838611
"7184",2025-08-22,14,"Castle Hayne","PM2.5","New Hanover",34.364167,-77.838611
"7185",2025-08-23,16,"Castle Hayne","PM2.5","New Hanover",34.364167,-77.838611
"7186",2025-08-24,17,"Castle Hayne","PM2.5","New Hanover",34.364167,-77.838611
"7187",2025-08-25,30,"Castle Hayne","PM2.5","New Hanover",34.364167,-77.838611
"7188",2025-08-26,42,"Castle Hayne","PM2.5","New Hanover",34.364167,-77.838611
"7189",2025-08-27,38,"Castle Hayne","PM2.5","New Hanover",34.364167,-77.838611
"7190",2025-08-28,40,"Castle Hayne","PM2.5","New Hanover",34.364167,-77.838611
"7191",2025-08-29,47,"Castle Hayne","PM2.5","New Hanover",34.364167,-77.838611
"7192",2025-08-30,44,"Castle Hayne","PM2.5","New Hanover",34.364167,-77.838611
"7193",2025-08-31,27,"Castle Hayne","PM2.5","New Hanover",34.364167,-77.838611
"7194",2025-09-01,19,"Castle Hayne","PM2.5","New Hanover",34.364167,-77.838611
"7195",2025-09-02,21,"Castle Hayne","PM2.5","New Hanover",34.364167,-77.838611
"7196",2025-09-03,29,"Castle Hayne","PM2.5","New Hanover",34.364167,-77.838611
"7197",2025-09-04,33,"Castle Hayne","PM2.5","New Hanover",34.364167,-77.838611
"7198",2025-09-05,20,"Castle Hayne","PM2.5","New Hanover",34.364167,-77.838611
"7199",2025-09-06,5,"Castle Hayne","PM2.5","New Hanover",34.364167,-77.838611
"7200",2025-09-07,32,"Castle Hayne","PM2.5","New Hanover",34.364167,-77.838611
"7201",2025-09-08,35,"Castle Hayne","PM2.5","New Hanover",34.364167,-77.838611
"7202",2025-09-09,27,"Castle Hayne","PM2.5","New Hanover",34.364167,-77.838611
"7203",2025-09-10,16,"Castle Hayne","PM2.5","New Hanover",34.364167,-77.838611
"7204",2025-09-11,21,"Castle Hayne","PM2.5","New Hanover",34.364167,-77.838611
"7205",2025-09-12,35,"Castle Hayne","PM2.5","New Hanover",34.364167,-77.838611
"7206",2025-09-13,36,"Castle Hayne","PM2.5","New Hanover",34.364167,-77.838611
"7207",2025-09-14,34,"Castle Hayne","PM2.5","New Hanover",34.364167,-77.838611
"7208",2025-09-15,45,"Castle Hayne","PM2.5","New Hanover",34.364167,-77.838611
"7209",2025-09-16,41,"Castle Hayne","PM2.5","New Hanover",34.364167,-77.838611
"7210",2025-09-17,40,"Castle Hayne","PM2.5","New Hanover",34.364167,-77.838611
"7211",2025-09-18,21,"Castle Hayne","PM2.5","New Hanover",34.364167,-77.838611
"7212",2025-09-19,29,"Castle Hayne","PM2.5","New Hanover",34.364167,-77.838611
"7213",2025-09-20,24,"Castle Hayne","PM2.5","New Hanover",34.364167,-77.838611
"7214",2025-09-21,42,"Castle Hayne","PM2.5","New Hanover",34.364167,-77.838611
"7215",2025-09-22,26,"Castle Hayne","PM2.5","New Hanover",34.364167,-77.838611
"7216",2025-09-23,10,"Castle Hayne","PM2.5","New Hanover",34.364167,-77.838611
"7217",2025-09-24,2,"Castle Hayne","PM2.5","New Hanover",34.364167,-77.838611
"7218",2025-09-25,8,"Castle Hayne","PM2.5","New Hanover",34.364167,-77.838611
"7219",2025-09-26,19,"Castle Hayne","PM2.5","New Hanover",34.364167,-77.838611
"7220",2025-09-27,14,"Castle Hayne","PM2.5","New Hanover",34.364167,-77.838611
"7221",2025-09-28,25,"Castle Hayne","PM2.5","New Hanover",34.364167,-77.838611
"7222",2025-09-29,9,"Castle Hayne","PM2.5","New Hanover",34.364167,-77.838611
"7223",2025-09-30,24,"Castle Hayne","PM2.5","New Hanover",34.364167,-77.838611
"7224",2025-10-01,51,"Castle Hayne","PM2.5","New Hanover",34.364167,-77.838611
"7225",2025-10-02,30,"Castle Hayne","PM2.5","New Hanover",34.364167,-77.838611
"7226",2025-10-03,27,"Castle Hayne","PM2.5","New Hanover",34.364167,-77.838611
"7227",2025-10-04,17,"Castle Hayne","PM2.5","New Hanover",34.364167,-77.838611
"7228",2025-10-05,9,"Castle Hayne","PM2.5","New Hanover",34.364167,-77.838611
"7229",2025-10-06,9,"Castle Hayne","PM2.5","New Hanover",34.364167,-77.838611
"7230",2025-10-07,4,"Castle Hayne","PM2.5","New Hanover",34.364167,-77.838611
"7231",2025-10-08,17,"Castle Hayne","PM2.5","New Hanover",34.364167,-77.838611
"7232",2025-10-09,29,"Castle Hayne","PM2.5","New Hanover",34.364167,-77.838611
"7233",2025-10-10,28,"Castle Hayne","PM2.5","New Hanover",34.364167,-77.838611
"7234",2025-10-11,9,"Castle Hayne","PM2.5","New Hanover",34.364167,-77.838611
"7235",2025-10-12,1,"Castle Hayne","PM2.5","New Hanover",34.364167,-77.838611
"7236",2025-10-13,17,"Castle Hayne","PM2.5","New Hanover",34.364167,-77.838611
"7237",2025-10-14,24,"Castle Hayne","PM2.5","New Hanover",34.364167,-77.838611
"7238",2025-10-15,26,"Castle Hayne","PM2.5","New Hanover",34.364167,-77.838611
"7239",2025-10-17,33,"Castle Hayne","PM2.5","New Hanover",34.364167,-77.838611
"7240",2025-10-18,44,"Castle Hayne","PM2.5","New Hanover",34.364167,-77.838611
"7241",2025-10-19,25,"Castle Hayne","PM2.5","New Hanover",34.364167,-77.838611
"7242",2025-10-20,26,"Castle Hayne","PM2.5","New Hanover",34.364167,-77.838611
"7243",2025-10-21,37,"Castle Hayne","PM2.5","New Hanover",34.364167,-77.838611
"7244",2025-10-22,44,"Castle Hayne","PM2.5","New Hanover",34.364167,-77.838611
"7245",2025-10-23,41,"Castle Hayne","PM2.5","New Hanover",34.364167,-77.838611
"7246",2025-10-24,37,"Castle Hayne","PM2.5","New Hanover",34.364167,-77.838611
"7247",2025-10-25,36,"Castle Hayne","PM2.5","New Hanover",34.364167,-77.838611
"7248",2025-10-26,32,"Castle Hayne","PM2.5","New Hanover",34.364167,-77.838611
"7249",2025-10-27,20,"Castle Hayne","PM2.5","New Hanover",34.364167,-77.838611
"7250",2025-10-28,13,"Castle Hayne","PM2.5","New Hanover",34.364167,-77.838611
"7251",2025-10-29,10,"Castle Hayne","PM2.5","New Hanover",34.364167,-77.838611
"7252",2025-10-30,22,"Castle Hayne","PM2.5","New Hanover",34.364167,-77.838611
"7253",2025-10-31,31,"Castle Hayne","PM2.5","New Hanover",34.364167,-77.838611
"7254",2025-11-01,41,"Castle Hayne","PM2.5","New Hanover",34.364167,-77.838611
"7255",2025-11-02,34,"Castle Hayne","PM2.5","New Hanover",34.364167,-77.838611
"7256",2025-11-03,27,"Castle Hayne","PM2.5","New Hanover",34.364167,-77.838611
"7257",2025-11-04,43,"Castle Hayne","PM2.5","New Hanover",34.364167,-77.838611
"7258",2025-11-05,42,"Castle Hayne","PM2.5","New Hanover",34.364167,-77.838611
"7259",2025-11-06,52,"Castle Hayne","PM2.5","New Hanover",34.364167,-77.838611
"7260",2025-11-07,29,"Castle Hayne","PM2.5","New Hanover",34.364167,-77.838611
"7261",2025-11-08,50,"Castle Hayne","PM2.5","New Hanover",34.364167,-77.838611
"7262",2025-11-09,38,"Castle Hayne","PM2.5","New Hanover",34.364167,-77.838611
"7263",2025-11-10,34,"Castle Hayne","PM2.5","New Hanover",34.364167,-77.838611
"7264",2025-11-11,35,"Castle Hayne","PM2.5","New Hanover",34.364167,-77.838611
"7265",2025-11-12,52,"Castle Hayne","PM2.5","New Hanover",34.364167,-77.838611
"7266",2025-11-13,54,"Castle Hayne","PM2.5","New Hanover",34.364167,-77.838611
"7267",2025-11-14,48,"Castle Hayne","PM2.5","New Hanover",34.364167,-77.838611
"7268",2025-11-15,55,"Castle Hayne","PM2.5","New Hanover",34.364167,-77.838611
"7269",2025-11-16,56,"Castle Hayne","PM2.5","New Hanover",34.364167,-77.838611
"7270",2025-11-17,33,"Castle Hayne","PM2.5","New Hanover",34.364167,-77.838611
"7271",2025-11-18,42,"Castle Hayne","PM2.5","New Hanover",34.364167,-77.838611
"7272",2025-11-19,44,"Castle Hayne","PM2.5","New Hanover",34.364167,-77.838611
"7273",2025-11-20,51,"Castle Hayne","PM2.5","New Hanover",34.364167,-77.838611
"7274",2025-11-21,53,"Castle Hayne","PM2.5","New Hanover",34.364167,-77.838611
"7275",2025-11-22,56,"Castle Hayne","PM2.5","New Hanover",34.364167,-77.838611
"7276",2025-11-23,52,"Castle Hayne","PM2.5","New Hanover",34.364167,-77.838611
"7277",2025-11-24,55,"Castle Hayne","PM2.5","New Hanover",34.364167,-77.838611
"7278",2025-11-25,23,"Castle Hayne","PM2.5","New Hanover",34.364167,-77.838611
"7279",2025-11-26,31,"Castle Hayne","PM2.5","New Hanover",34.364167,-77.838611
"7280",2025-11-27,31,"Castle Hayne","PM2.5","New Hanover",34.364167,-77.838611
"7281",2025-11-28,33,"Castle Hayne","PM2.5","New Hanover",34.364167,-77.838611
"7282",2025-11-29,39,"Castle Hayne","PM2.5","New Hanover",34.364167,-77.838611
"7283",2025-11-30,21,"Castle Hayne","PM2.5","New Hanover",34.364167,-77.838611
"7284",2025-12-01,40,"Castle Hayne","PM2.5","New Hanover",34.364167,-77.838611
"7285",2025-12-02,27,"Castle Hayne","PM2.5","New Hanover",34.364167,-77.838611
"7286",2025-12-03,48,"Castle Hayne","PM2.5","New Hanover",34.364167,-77.838611
"7287",2025-12-04,56,"Castle Hayne","PM2.5","New Hanover",34.364167,-77.838611
"7288",2025-12-05,41,"Castle Hayne","PM2.5","New Hanover",34.364167,-77.838611
"7289",2025-12-06,34,"Castle Hayne","PM2.5","New Hanover",34.364167,-77.838611
"7290",2025-12-07,60,"Castle Hayne","PM2.5","New Hanover",34.364167,-77.838611
"7291",2025-12-08,52,"Castle Hayne","PM2.5","New Hanover",34.364167,-77.838611
"7292",2025-12-09,32,"Castle Hayne","PM2.5","New Hanover",34.364167,-77.838611
"7293",2025-12-10,43,"Castle Hayne","PM2.5","New Hanover",34.364167,-77.838611
"7294",2025-12-11,34,"Castle Hayne","PM2.5","New Hanover",34.364167,-77.838611
"7295",2025-12-12,36,"Castle Hayne","PM2.5","New Hanover",34.364167,-77.838611
"7296",2025-12-13,44,"Castle Hayne","PM2.5","New Hanover",34.364167,-77.838611
"7297",2025-12-14,41,"Castle Hayne","PM2.5","New Hanover",34.364167,-77.838611
"7298",2025-12-15,36,"Castle Hayne","PM2.5","New Hanover",34.364167,-77.838611
"7299",2025-12-16,51,"Castle Hayne","PM2.5","New Hanover",34.364167,-77.838611
"7300",2025-12-17,55,"Castle Hayne","PM2.5","New Hanover",34.364167,-77.838611
"7301",2025-12-18,31,"Castle Hayne","PM2.5","New Hanover",34.364167,-77.838611
"7302",2025-12-19,21,"Castle Hayne","PM2.5","New Hanover",34.364167,-77.838611
"7303",2025-12-20,34,"Castle Hayne","PM2.5","New Hanover",34.364167,-77.838611
"7304",2025-12-21,42,"Castle Hayne","PM2.5","New Hanover",34.364167,-77.838611
"7305",2025-12-22,28,"Castle Hayne","PM2.5","New Hanover",34.364167,-77.838611
"7306",2025-12-23,39,"Castle Hayne","PM2.5","New Hanover",34.364167,-77.838611
"7307",2025-12-24,53,"Castle Hayne","PM2.5","New Hanover",34.364167,-77.838611
"7308",2025-12-25,38,"Castle Hayne","PM2.5","New Hanover",34.364167,-77.838611
"7309",2025-12-26,40,"Castle Hayne","PM2.5","New Hanover",34.364167,-77.838611
"7310",2025-12-27,52,"Castle Hayne","PM2.5","New Hanover",34.364167,-77.838611
"7311",2025-12-28,26,"Castle Hayne","PM2.5","New Hanover",34.364167,-77.838611
"7312",2025-12-29,27,"Castle Hayne","PM2.5","New Hanover",34.364167,-77.838611
"7313",2025-12-30,36,"Castle Hayne","PM2.5","New Hanover",34.364167,-77.838611
"7314",2025-12-31,41,"Castle Hayne","PM2.5","New Hanover",34.364167,-77.838611
"7315",2025-01-01,17,"Castle Hayne","PM2.5","New Hanover",34.364167,-77.838611
"7316",2025-01-02,20,"Castle Hayne","PM2.5","New Hanover",34.364167,-77.838611
"7317",2025-01-03,29,"Castle Hayne","PM2.5","New Hanover",34.364167,-77.838611
"7318",2025-01-04,21,"Castle Hayne","PM2.5","New Hanover",34.364167,-77.838611
"7319",2025-01-05,27,"Castle Hayne","PM2.5","New Hanover",34.364167,-77.838611
"7320",2025-01-06,28,"Castle Hayne","PM2.5","New Hanover",34.364167,-77.838611
"7321",2025-01-07,22,"Castle Hayne","PM2.5","New Hanover",34.364167,-77.838611
"7322",2025-01-08,29,"Castle Hayne","PM2.5","New Hanover",34.364167,-77.838611
"7323",2025-01-09,36,"Castle Hayne","PM2.5","New Hanover",34.364167,-77.838611
"7324",2025-01-10,55,"Castle Hayne","PM2.5","New Hanover",34.364167,-77.838611
"7325",2025-01-11,27,"Castle Hayne","PM2.5","New Hanover",34.364167,-77.838611
"7326",2025-01-12,32,"Castle Hayne","PM2.5","New Hanover",34.364167,-77.838611
"7327",2025-01-13,38,"Castle Hayne","PM2.5","New Hanover",34.364167,-77.838611
"7328",2025-01-14,41,"Castle Hayne","PM2.5","New Hanover",34.364167,-77.838611
"7329",2025-01-15,32,"Castle Hayne","PM2.5","New Hanover",34.364167,-77.838611
"7330",2025-01-16,53,"Castle Hayne","PM2.5","New Hanover",34.364167,-77.838611
"7331",2025-01-17,33,"Castle Hayne","PM2.5","New Hanover",34.364167,-77.838611
"7332",2025-01-18,32,"Castle Hayne","PM2.5","New Hanover",34.364167,-77.838611
"7333",2025-01-19,31,"Castle Hayne","PM2.5","New Hanover",34.364167,-77.838611
"7334",2025-01-20,21,"Castle Hayne","PM2.5","New Hanover",34.364167,-77.838611
"7335",2025-01-21,27,"Castle Hayne","PM2.5","New Hanover",34.364167,-77.838611
"7336",2025-01-22,31,"Castle Hayne","PM2.5","New Hanover",34.364167,-77.838611
"7337",2025-01-23,44,"Castle Hayne","PM2.5","New Hanover",34.364167,-77.838611
"7338",2025-01-24,50,"Castle Hayne","PM2.5","New Hanover",34.364167,-77.838611
"7339",2025-01-25,38,"Castle Hayne","PM2.5","New Hanover",34.364167,-77.838611
"7340",2025-01-26,29,"Castle Hayne","PM2.5","New Hanover",34.364167,-77.838611
"7341",2025-01-27,36,"Castle Hayne","PM2.5","New Hanover",34.364167,-77.838611
"7342",2025-01-28,29,"Castle Hayne","PM2.5","New Hanover",34.364167,-77.838611
"7343",2025-01-29,33,"Castle Hayne","PM2.5","New Hanover",34.364167,-77.838611
"7344",2025-01-30,26,"Castle Hayne","PM2.5","New Hanover",34.364167,-77.838611
"7345",2025-01-31,35,"Castle Hayne","PM2.5","New Hanover",34.364167,-77.838611
"7346",2025-02-01,26,"Castle Hayne","PM2.5","New Hanover",34.364167,-77.838611
"7347",2025-02-02,22,"Castle Hayne","PM2.5","New Hanover",34.364167,-77.838611
"7348",2025-02-08,46,"Castle Hayne","PM2.5","New Hanover",34.364167,-77.838611
"7349",2025-02-09,53,"Castle Hayne","PM2.5","New Hanover",34.364167,-77.838611
"7350",2025-02-10,23,"Castle Hayne","PM2.5","New Hanover",34.364167,-77.838611
"7351",2025-02-11,29,"Castle Hayne","PM2.5","New Hanover",34.364167,-77.838611
"7352",2025-02-12,16,"Castle Hayne","PM2.5","New Hanover",34.364167,-77.838611
"7353",2025-02-13,34,"Castle Hayne","PM2.5","New Hanover",34.364167,-77.838611
"7354",2025-02-14,24,"Castle Hayne","PM2.5","New Hanover",34.364167,-77.838611
"7355",2025-02-15,31,"Castle Hayne","PM2.5","New Hanover",34.364167,-77.838611
"7356",2025-02-16,31,"Castle Hayne","PM2.5","New Hanover",34.364167,-77.838611
"7357",2025-02-17,18,"Castle Hayne","PM2.5","New Hanover",34.364167,-77.838611
"7358",2025-02-18,24,"Castle Hayne","PM2.5","New Hanover",34.364167,-77.838611
"7359",2025-02-19,20,"Castle Hayne","PM2.5","New Hanover",34.364167,-77.838611
"7360",2025-02-20,42,"Castle Hayne","PM2.5","New Hanover",34.364167,-77.838611
"7361",2025-02-21,31,"Castle Hayne","PM2.5","New Hanover",34.364167,-77.838611
"7362",2025-02-22,54,"Castle Hayne","PM2.5","New Hanover",34.364167,-77.838611
"7363",2025-02-23,40,"Castle Hayne","PM2.5","New Hanover",34.364167,-77.838611
"7364",2025-02-24,60,"Castle Hayne","PM2.5","New Hanover",34.364167,-77.838611
"7365",2025-02-25,69,"Castle Hayne","PM2.5","New Hanover",34.364167,-77.838611
"7366",2025-02-26,79,"Castle Hayne","PM2.5","New Hanover",34.364167,-77.838611
"7367",2025-02-27,70,"Castle Hayne","PM2.5","New Hanover",34.364167,-77.838611
"7368",2025-02-28,19,"Castle Hayne","PM2.5","New Hanover",34.364167,-77.838611
"7369",2025-03-01,57,"Castle Hayne","PM2.5","New Hanover",34.364167,-77.838611
"7370",2025-03-02,17,"Castle Hayne","PM2.5","New Hanover",34.364167,-77.838611
"7371",2025-03-03,21,"Castle Hayne","PM2.5","New Hanover",34.364167,-77.838611
"7372",2025-03-04,22,"Castle Hayne","PM2.5","New Hanover",34.364167,-77.838611
"7373",2025-03-05,53,"Castle Hayne","PM2.5","New Hanover",34.364167,-77.838611
"7374",2025-03-06,17,"Castle Hayne","PM2.5","New Hanover",34.364167,-77.838611
"7375",2025-03-07,21,"Castle Hayne","PM2.5","New Hanover",34.364167,-77.838611
"7376",2025-03-08,54,"Castle Hayne","PM2.5","New Hanover",34.364167,-77.838611
"7377",2025-03-09,32,"Castle Hayne","PM2.5","New Hanover",34.364167,-77.838611
"7378",2025-03-10,34,"Castle Hayne","PM2.5","New Hanover",34.364167,-77.838611
"7379",2025-03-11,21,"Castle Hayne","PM2.5","New Hanover",34.364167,-77.838611
"7380",2025-03-12,49,"Castle Hayne","PM2.5","New Hanover",34.364167,-77.838611
"7381",2025-03-13,65,"Castle Hayne","PM2.5","New Hanover",34.364167,-77.838611
"7382",2025-03-14,56,"Castle Hayne","PM2.5","New Hanover",34.364167,-77.838611
"7383",2025-03-15,33,"Castle Hayne","PM2.5","New Hanover",34.364167,-77.838611
"7384",2025-03-16,52,"Castle Hayne","PM2.5","New Hanover",34.364167,-77.838611
"7385",2025-03-17,38,"Castle Hayne","PM2.5","New Hanover",34.364167,-77.838611
"7386",2025-03-18,16,"Castle Hayne","PM2.5","New Hanover",34.364167,-77.838611
"7387",2025-03-19,55,"Castle Hayne","PM2.5","New Hanover",34.364167,-77.838611
"7388",2025-03-20,53,"Castle Hayne","PM2.5","New Hanover",34.364167,-77.838611
"7389",2025-03-21,14,"Castle Hayne","PM2.5","New Hanover",34.364167,-77.838611
"7390",2025-03-22,53,"Castle Hayne","PM2.5","New Hanover",34.364167,-77.838611
"7391",2025-03-23,44,"Castle Hayne","PM2.5","New Hanover",34.364167,-77.838611
"7392",2025-03-24,54,"Castle Hayne","PM2.5","New Hanover",34.364167,-77.838611
"7393",2025-03-25,104,"Castle Hayne","PM2.5","New Hanover",34.364167,-77.838611
"7394",2025-03-26,84,"Castle Hayne","PM2.5","New Hanover",34.364167,-77.838611
"7395",2025-03-27,59,"Castle Hayne","PM2.5","New Hanover",34.364167,-77.838611
"7396",2025-03-28,23,"Castle Hayne","PM2.5","New Hanover",34.364167,-77.838611
"7397",2025-03-29,23,"Castle Hayne","PM2.5","New Hanover",34.364167,-77.838611
"7398",2025-03-30,26,"Castle Hayne","PM2.5","New Hanover",34.364167,-77.838611
"7399",2025-03-31,23,"Castle Hayne","PM2.5","New Hanover",34.364167,-77.838611
"7400",2025-04-01,30,"Castle Hayne","PM2.5","New Hanover",34.364167,-77.838611
"7401",2025-04-02,39,"Castle Hayne","PM2.5","New Hanover",34.364167,-77.838611
"7402",2025-04-03,45,"Castle Hayne","PM2.5","New Hanover",34.364167,-77.838611
"7403",2025-04-04,45,"Castle Hayne","PM2.5","New Hanover",34.364167,-77.838611
"7404",2025-04-05,32,"Castle Hayne","PM2.5","New Hanover",34.364167,-77.838611
"7405",2025-04-06,38,"Castle Hayne","PM2.5","New Hanover",34.364167,-77.838611
"7406",2025-04-07,41,"Castle Hayne","PM2.5","New Hanover",34.364167,-77.838611
"7407",2025-04-08,26,"Castle Hayne","PM2.5","New Hanover",34.364167,-77.838611
"7408",2025-04-09,55,"Castle Hayne","PM2.5","New Hanover",34.364167,-77.838611
"7409",2025-04-10,54,"Castle Hayne","PM2.5","New Hanover",34.364167,-77.838611
"7410",2025-04-11,29,"Castle Hayne","PM2.5","New Hanover",34.364167,-77.838611
"7411",2025-04-12,17,"Castle Hayne","PM2.5","New Hanover",34.364167,-77.838611
"7412",2025-04-13,30,"Castle Hayne","PM2.5","New Hanover",34.364167,-77.838611
"7413",2025-04-14,51,"Castle Hayne","PM2.5","New Hanover",34.364167,-77.838611
"7414",2025-04-15,60,"Castle Hayne","PM2.5","New Hanover",34.364167,-77.838611
"7415",2025-04-16,28,"Castle Hayne","PM2.5","New Hanover",34.364167,-77.838611
"7416",2025-04-17,51,"Castle Hayne","PM2.5","New Hanover",34.364167,-77.838611
"7417",2025-04-18,41,"Castle Hayne","PM2.5","New Hanover",34.364167,-77.838611
"7418",2025-04-19,23,"Castle Hayne","PM2.5","New Hanover",34.364167,-77.838611
"7419",2025-04-20,39,"Castle Hayne","PM2.5","New Hanover",34.364167,-77.838611
"7420",2025-04-21,48,"Castle Hayne","PM2.5","New Hanover",34.364167,-77.838611
"7421",2025-04-22,49,"Castle Hayne","PM2.5","New Hanover",34.364167,-77.838611
"7422",2025-04-23,52,"Castle Hayne","PM2.5","New Hanover",34.364167,-77.838611
"7423",2025-04-24,51,"Castle Hayne","PM2.5","New Hanover",34.364167,-77.838611
"7424",2025-04-25,42,"Castle Hayne","PM2.5","New Hanover",34.364167,-77.838611
"7425",2025-04-26,38,"Castle Hayne","PM2.5","New Hanover",34.364167,-77.838611
"7426",2025-04-27,32,"Castle Hayne","PM2.5","New Hanover",34.364167,-77.838611
"7427",2025-04-28,31,"Castle Hayne","PM2.5","New Hanover",34.364167,-77.838611
"7428",2025-04-29,53,"Castle Hayne","PM2.5","New Hanover",34.364167,-77.838611
"7429",2025-04-30,40,"Castle Hayne","PM2.5","New Hanover",34.364167,-77.838611
"7430",2025-05-01,28,"Castle Hayne","PM2.5","New Hanover",34.364167,-77.838611
"7431",2025-05-02,38,"Castle Hayne","PM2.5","New Hanover",34.364167,-77.838611
"7432",2025-05-03,36,"Castle Hayne","PM2.5","New Hanover",34.364167,-77.838611
"7433",2025-05-04,32,"Castle Hayne","PM2.5","New Hanover",34.364167,-77.838611
"7434",2025-05-05,26,"Castle Hayne","PM2.5","New Hanover",34.364167,-77.838611
"7435",2025-05-06,33,"Castle Hayne","PM2.5","New Hanover",34.364167,-77.838611
"7436",2025-05-07,44,"Castle Hayne","PM2.5","New Hanover",34.364167,-77.838611
"7437",2025-05-08,52,"Castle Hayne","PM2.5","New Hanover",34.364167,-77.838611
"7438",2025-05-09,27,"Castle Hayne","PM2.5","New Hanover",34.364167,-77.838611
"7439",2025-05-10,27,"Castle Hayne","PM2.5","New Hanover",34.364167,-77.838611
"7440",2025-05-11,22,"Castle Hayne","PM2.5","New Hanover",34.364167,-77.838611
"7441",2025-05-12,31,"Castle Hayne","PM2.5","New Hanover",34.364167,-77.838611
"7442",2025-05-13,28,"Castle Hayne","PM2.5","New Hanover",34.364167,-77.838611
"7443",2025-05-14,39,"Castle Hayne","PM2.5","New Hanover",34.364167,-77.838611
"7444",2025-05-15,43,"Castle Hayne","PM2.5","New Hanover",34.364167,-77.838611
"7445",2025-05-16,55,"Castle Hayne","PM2.5","New Hanover",34.364167,-77.838611
"7446",2025-05-17,54,"Castle Hayne","PM2.5","New Hanover",34.364167,-77.838611
"7447",2025-05-18,41,"Castle Hayne","PM2.5","New Hanover",34.364167,-77.838611
"7448",2025-05-19,41,"Castle Hayne","PM2.5","New Hanover",34.364167,-77.838611
"7449",2025-05-20,35,"Castle Hayne","PM2.5","New Hanover",34.364167,-77.838611
"7450",2025-05-21,49,"Castle Hayne","PM2.5","New Hanover",34.364167,-77.838611
"7451",2025-05-22,28,"Castle Hayne","PM2.5","New Hanover",34.364167,-77.838611
"7452",2025-05-23,23,"Castle Hayne","PM2.5","New Hanover",34.364167,-77.838611
"7453",2025-05-24,20,"Castle Hayne","PM2.5","New Hanover",34.364167,-77.838611
"7454",2025-05-25,31,"Castle Hayne","PM2.5","New Hanover",34.364167,-77.838611
"7455",2025-05-26,24,"Castle Hayne","PM2.5","New Hanover",34.364167,-77.838611
"7456",2025-05-27,25,"Castle Hayne","PM2.5","New Hanover",34.364167,-77.838611
"7457",2025-05-28,33,"Castle Hayne","PM2.5","New Hanover",34.364167,-77.838611
"7458",2025-05-29,37,"Castle Hayne","PM2.5","New Hanover",34.364167,-77.838611
"7459",2025-05-30,25,"Castle Hayne","PM2.5","New Hanover",34.364167,-77.838611
"7460",2025-05-31,43,"Castle Hayne","PM2.5","New Hanover",34.364167,-77.838611
"7461",2025-06-02,53,"Castle Hayne","PM2.5","New Hanover",34.364167,-77.838611
"7462",2025-06-03,45,"Castle Hayne","PM2.5","New Hanover",34.364167,-77.838611
"7463",2025-06-04,29,"Castle Hayne","PM2.5","New Hanover",34.364167,-77.838611
"7464",2025-06-05,34,"Castle Hayne","PM2.5","New Hanover",34.364167,-77.838611
"7465",2025-06-06,41,"Castle Hayne","PM2.5","New Hanover",34.364167,-77.838611
"7466",2025-06-07,53,"Castle Hayne","PM2.5","New Hanover",34.364167,-77.838611
"7467",2025-06-08,39,"Castle Hayne","PM2.5","New Hanover",34.364167,-77.838611
"7468",2025-06-09,40,"Castle Hayne","PM2.5","New Hanover",34.364167,-77.838611
"7469",2025-06-10,28,"Castle Hayne","PM2.5","New Hanover",34.364167,-77.838611
"7470",2025-06-11,32,"Castle Hayne","PM2.5","New Hanover",34.364167,-77.838611
"7471",2025-06-12,29,"Castle Hayne","PM2.5","New Hanover",34.364167,-77.838611
"7472",2025-06-13,47,"Castle Hayne","PM2.5","New Hanover",34.364167,-77.838611
"7473",2025-06-14,37,"Castle Hayne","PM2.5","New Hanover",34.364167,-77.838611
"7474",2025-06-15,31,"Castle Hayne","PM2.5","New Hanover",34.364167,-77.838611
"7475",2025-06-16,33,"Castle Hayne","PM2.5","New Hanover",34.364167,-77.838611
"7476",2025-06-17,33,"Castle Hayne","PM2.5","New Hanover",34.364167,-77.838611
"7477",2025-06-18,37,"Castle Hayne","PM2.5","New Hanover",34.364167,-77.838611
"7478",2025-06-19,36,"Castle Hayne","PM2.5","New Hanover",34.364167,-77.838611
"7479",2025-06-20,42,"Castle Hayne","PM2.5","New Hanover",34.364167,-77.838611
"7480",2025-06-21,31,"Castle Hayne","PM2.5","New Hanover",34.364167,-77.838611
"7481",2025-06-22,28,"Castle Hayne","PM2.5","New Hanover",34.364167,-77.838611
"7482",2025-06-23,41,"Castle Hayne","PM2.5","New Hanover",34.364167,-77.838611
"7483",2025-06-24,61,"Castle Hayne","PM2.5","New Hanover",34.364167,-77.838611
"7484",2025-06-25,64,"Castle Hayne","PM2.5","New Hanover",34.364167,-77.838611
"7485",2025-06-26,52,"Castle Hayne","PM2.5","New Hanover",34.364167,-77.838611
"7486",2025-06-27,36,"Castle Hayne","PM2.5","New Hanover",34.364167,-77.838611
"7487",2025-06-28,22,"Castle Hayne","PM2.5","New Hanover",34.364167,-77.838611
"7488",2025-06-29,36,"Castle Hayne","PM2.5","New Hanover",34.364167,-77.838611
"7489",2025-06-30,44,"Castle Hayne","PM2.5","New Hanover",34.364167,-77.838611
"7490",2025-07-01,42,"Castle Hayne","PM2.5","New Hanover",34.364167,-77.838611
"7491",2025-07-02,42,"Castle Hayne","PM2.5","New Hanover",34.364167,-77.838611
"7492",2025-07-03,46,"Castle Hayne","PM2.5","New Hanover",34.364167,-77.838611
"7493",2025-07-04,44,"Castle Hayne","PM2.5","New Hanover",34.364167,-77.838611
"7494",2025-07-05,45,"Castle Hayne","PM2.5","New Hanover",34.364167,-77.838611
"7495",2025-07-06,36,"Castle Hayne","PM2.5","New Hanover",34.364167,-77.838611
"7496",2025-07-07,34,"Castle Hayne","PM2.5","New Hanover",34.364167,-77.838611
"7497",2025-07-08,36,"Castle Hayne","PM2.5","New Hanover",34.364167,-77.838611
"7498",2025-07-09,34,"Castle Hayne","PM2.5","New Hanover",34.364167,-77.838611
"7499",2025-07-10,39,"Castle Hayne","PM2.5","New Hanover",34.364167,-77.838611
"7500",2025-07-11,33,"Castle Hayne","PM2.5","New Hanover",34.364167,-77.838611
"7501",2025-07-12,40,"Castle Hayne","PM2.5","New Hanover",34.364167,-77.838611
"7502",2025-07-13,39,"Castle Hayne","PM2.5","New Hanover",34.364167,-77.838611
"7503",2025-07-14,26,"Castle Hayne","PM2.5","New Hanover",34.364167,-77.838611
"7504",2025-07-15,29,"Castle Hayne","PM2.5","New Hanover",34.364167,-77.838611
"7505",2025-07-16,43,"Castle Hayne","PM2.5","New Hanover",34.364167,-77.838611
"7506",2025-07-17,37,"Castle Hayne","PM2.5","New Hanover",34.364167,-77.838611
"7507",2025-07-18,36,"Castle Hayne","PM2.5","New Hanover",34.364167,-77.838611
"7508",2025-07-19,36,"Castle Hayne","PM2.5","New Hanover",34.364167,-77.838611
"7509",2025-07-20,42,"Castle Hayne","PM2.5","New Hanover",34.364167,-77.838611
"7510",2025-07-21,51,"Castle Hayne","PM2.5","New Hanover",34.364167,-77.838611
"7511",2025-07-22,51,"Castle Hayne","PM2.5","New Hanover",34.364167,-77.838611
"7512",2025-07-23,43,"Castle Hayne","PM2.5","New Hanover",34.364167,-77.838611
"7513",2025-07-24,31,"Castle Hayne","PM2.5","New Hanover",34.364167,-77.838611
"7514",2025-07-25,36,"Castle Hayne","PM2.5","New Hanover",34.364167,-77.838611
"7515",2025-07-26,52,"Castle Hayne","PM2.5","New Hanover",34.364167,-77.838611
"7516",2025-07-27,51,"Castle Hayne","PM2.5","New Hanover",34.364167,-77.838611
"7517",2025-07-28,38,"Castle Hayne","PM2.5","New Hanover",34.364167,-77.838611
"7518",2025-07-29,32,"Castle Hayne","PM2.5","New Hanover",34.364167,-77.838611
"7519",2025-07-30,34,"Castle Hayne","PM2.5","New Hanover",34.364167,-77.838611
"7520",2025-07-31,40,"Castle Hayne","PM2.5","New Hanover",34.364167,-77.838611
"7521",2025-08-01,32,"Castle Hayne","PM2.5","New Hanover",34.364167,-77.838611
"7522",2025-08-02,33,"Castle Hayne","PM2.5","New Hanover",34.364167,-77.838611
"7523",2025-08-03,34,"Castle Hayne","PM2.5","New Hanover",34.364167,-77.838611
"7524",2025-08-04,32,"Castle Hayne","PM2.5","New Hanover",34.364167,-77.838611
"7525",2025-08-05,26,"Castle Hayne","PM2.5","New Hanover",34.364167,-77.838611
"7526",2025-08-06,22,"Castle Hayne","PM2.5","New Hanover",34.364167,-77.838611
"7527",2025-08-07,54,"Castle Hayne","PM2.5","New Hanover",34.364167,-77.838611
"7528",2025-08-08,65,"Castle Hayne","PM2.5","New Hanover",34.364167,-77.838611
"7529",2025-08-09,34,"Castle Hayne","PM2.5","New Hanover",34.364167,-77.838611
"7530",2025-08-10,21,"Castle Hayne","PM2.5","New Hanover",34.364167,-77.838611
"7531",2025-08-11,19,"Castle Hayne","PM2.5","New Hanover",34.364167,-77.838611
"7532",2025-08-12,21,"Castle Hayne","PM2.5","New Hanover",34.364167,-77.838611
"7533",2025-08-13,26,"Castle Hayne","PM2.5","New Hanover",34.364167,-77.838611
"7534",2025-08-14,23,"Castle Hayne","PM2.5","New Hanover",34.364167,-77.838611
"7535",2025-08-15,27,"Castle Hayne","PM2.5","New Hanover",34.364167,-77.838611
"7536",2025-08-16,32,"Castle Hayne","PM2.5","New Hanover",34.364167,-77.838611
"7537",2025-08-17,46,"Castle Hayne","PM2.5","New Hanover",34.364167,-77.838611
"7538",2025-08-18,46,"Castle Hayne","PM2.5","New Hanover",34.364167,-77.838611
"7539",2025-08-19,45,"Castle Hayne","PM2.5","New Hanover",34.364167,-77.838611
"7540",2025-08-20,29,"Castle Hayne","PM2.5","New Hanover",34.364167,-77.838611
"7541",2025-08-21,29,"Castle Hayne","PM2.5","New Hanover",34.364167,-77.838611
"7542",2025-08-22,21,"Castle Hayne","PM2.5","New Hanover",34.364167,-77.838611
"7543",2025-08-23,21,"Castle Hayne","PM2.5","New Hanover",34.364167,-77.838611
"7544",2025-08-24,23,"Castle Hayne","PM2.5","New Hanover",34.364167,-77.838611
"7545",2025-08-25,27,"Castle Hayne","PM2.5","New Hanover",34.364167,-77.838611
"7546",2025-08-26,34,"Castle Hayne","PM2.5","New Hanover",34.364167,-77.838611
"7547",2025-08-27,28,"Castle Hayne","PM2.5","New Hanover",34.364167,-77.838611
"7548",2025-08-28,26,"Castle Hayne","PM2.5","New Hanover",34.364167,-77.838611
"7549",2025-08-29,37,"Castle Hayne","PM2.5","New Hanover",34.364167,-77.838611
"7550",2025-08-30,39,"Castle Hayne","PM2.5","New Hanover",34.364167,-77.838611
"7551",2025-08-31,20,"Castle Hayne","PM2.5","New Hanover",34.364167,-77.838611
"7552",2025-09-01,20,"Castle Hayne","PM2.5","New Hanover",34.364167,-77.838611
"7553",2025-09-02,19,"Castle Hayne","PM2.5","New Hanover",34.364167,-77.838611
"7554",2025-09-03,26,"Castle Hayne","PM2.5","New Hanover",34.364167,-77.838611
"7555",2025-09-04,24,"Castle Hayne","PM2.5","New Hanover",34.364167,-77.838611
"7556",2025-09-05,20,"Castle Hayne","PM2.5","New Hanover",34.364167,-77.838611
"7557",2025-09-06,16,"Castle Hayne","PM2.5","New Hanover",34.364167,-77.838611
"7558",2025-09-07,28,"Castle Hayne","PM2.5","New Hanover",34.364167,-77.838611
"7559",2025-09-08,29,"Castle Hayne","PM2.5","New Hanover",34.364167,-77.838611
"7560",2025-09-19,46,"Castle Hayne","PM2.5","New Hanover",34.364167,-77.838611
"7561",2025-09-20,41,"Castle Hayne","PM2.5","New Hanover",34.364167,-77.838611
"7562",2025-09-21,51,"Castle Hayne","PM2.5","New Hanover",34.364167,-77.838611
"7563",2025-09-22,39,"Castle Hayne","PM2.5","New Hanover",34.364167,-77.838611
"7564",2025-09-23,25,"Castle Hayne","PM2.5","New Hanover",34.364167,-77.838611
"7565",2025-09-24,19,"Castle Hayne","PM2.5","New Hanover",34.364167,-77.838611
"7566",2025-09-25,24,"Castle Hayne","PM2.5","New Hanover",34.364167,-77.838611
"7567",2025-09-26,26,"Castle Hayne","PM2.5","New Hanover",34.364167,-77.838611
"7568",2025-09-27,31,"Castle Hayne","PM2.5","New Hanover",34.364167,-77.838611
"7569",2025-09-28,40,"Castle Hayne","PM2.5","New Hanover",34.364167,-77.838611
"7570",2025-09-29,28,"Castle Hayne","PM2.5","New Hanover",34.364167,-77.838611
"7571",2025-09-30,39,"Castle Hayne","PM2.5","New Hanover",34.364167,-77.838611
"7572",2025-10-01,52,"Castle Hayne","PM2.5","New Hanover",34.364167,-77.838611
"7573",2025-10-02,28,"Castle Hayne","PM2.5","New Hanover",34.364167,-77.838611
"7574",2025-10-03,28,"Castle Hayne","PM2.5","New Hanover",34.364167,-77.838611
"7575",2025-10-04,21,"Castle Hayne","PM2.5","New Hanover",34.364167,-77.838611
"7576",2025-10-05,21,"Castle Hayne","PM2.5","New Hanover",34.364167,-77.838611
"7577",2025-10-06,19,"Castle Hayne","PM2.5","New Hanover",34.364167,-77.838611
"7578",2025-10-07,20,"Castle Hayne","PM2.5","New Hanover",34.364167,-77.838611
"7579",2025-10-08,28,"Castle Hayne","PM2.5","New Hanover",34.364167,-77.838611
"7580",2025-10-09,26,"Castle Hayne","PM2.5","New Hanover",34.364167,-77.838611
"7581",2025-10-10,28,"Castle Hayne","PM2.5","New Hanover",34.364167,-77.838611
"7582",2025-10-11,22,"Castle Hayne","PM2.5","New Hanover",34.364167,-77.838611
"7583",2025-10-12,11,"Castle Hayne","PM2.5","New Hanover",34.364167,-77.838611
"7584",2025-10-13,27,"Castle Hayne","PM2.5","New Hanover",34.364167,-77.838611
"7585",2025-10-14,26,"Castle Hayne","PM2.5","New Hanover",34.364167,-77.838611
"7586",2025-10-15,32,"Castle Hayne","PM2.5","New Hanover",34.364167,-77.838611
"7587",2025-10-16,29,"Castle Hayne","PM2.5","New Hanover",34.364167,-77.838611
"7588",2025-10-17,21,"Castle Hayne","PM2.5","New Hanover",34.364167,-77.838611
"7589",2025-10-18,38,"Castle Hayne","PM2.5","New Hanover",34.364167,-77.838611
"7590",2025-10-19,29,"Castle Hayne","PM2.5","New Hanover",34.364167,-77.838611
"7591",2025-10-20,21,"Castle Hayne","PM2.5","New Hanover",34.364167,-77.838611
"7592",2025-10-21,34,"Castle Hayne","PM2.5","New Hanover",34.364167,-77.838611
"7593",2025-10-22,45,"Castle Hayne","PM2.5","New Hanover",34.364167,-77.838611
"7594",2025-10-23,32,"Castle Hayne","PM2.5","New Hanover",34.364167,-77.838611
"7595",2025-10-24,28,"Castle Hayne","PM2.5","New Hanover",34.364167,-77.838611
"7596",2025-10-25,26,"Castle Hayne","PM2.5","New Hanover",34.364167,-77.838611
"7597",2025-10-26,24,"Castle Hayne","PM2.5","New Hanover",34.364167,-77.838611
"7598",2025-10-27,17,"Castle Hayne","PM2.5","New Hanover",34.364167,-77.838611
"7599",2025-10-28,9,"Castle Hayne","PM2.5","New Hanover",34.364167,-77.838611
"7600",2025-10-29,17,"Castle Hayne","PM2.5","New Hanover",34.364167,-77.838611
"7601",2025-10-30,23,"Castle Hayne","PM2.5","New Hanover",34.364167,-77.838611
"7602",2025-10-31,24,"Castle Hayne","PM2.5","New Hanover",34.364167,-77.838611
"7603",2025-11-01,37,"Castle Hayne","PM2.5","New Hanover",34.364167,-77.838611
"7604",2025-11-02,36,"Castle Hayne","PM2.5","New Hanover",34.364167,-77.838611
"7605",2025-11-03,31,"Castle Hayne","PM2.5","New Hanover",34.364167,-77.838611
"7606",2025-11-04,39,"Castle Hayne","PM2.5","New Hanover",34.364167,-77.838611
"7607",2025-11-05,37,"Castle Hayne","PM2.5","New Hanover",34.364167,-77.838611
"7608",2025-11-06,55,"Castle Hayne","PM2.5","New Hanover",34.364167,-77.838611
"7609",2025-11-07,37,"Castle Hayne","PM2.5","New Hanover",34.364167,-77.838611
"7610",2025-11-08,57,"Castle Hayne","PM2.5","New Hanover",34.364167,-77.838611
"7611",2025-11-09,52,"Castle Hayne","PM2.5","New Hanover",34.364167,-77.838611
"7612",2025-11-10,26,"Castle Hayne","PM2.5","New Hanover",34.364167,-77.838611
"7613",2025-11-11,18,"Castle Hayne","PM2.5","New Hanover",34.364167,-77.838611
"7614",2025-11-12,39,"Castle Hayne","PM2.5","New Hanover",34.364167,-77.838611
"7615",2025-11-13,50,"Castle Hayne","PM2.5","New Hanover",34.364167,-77.838611
"7616",2025-11-14,37,"Castle Hayne","PM2.5","New Hanover",34.364167,-77.838611
"7617",2025-11-15,55,"Castle Hayne","PM2.5","New Hanover",34.364167,-77.838611
"7618",2025-11-16,61,"Castle Hayne","PM2.5","New Hanover",34.364167,-77.838611
"7619",2025-11-17,23,"Castle Hayne","PM2.5","New Hanover",34.364167,-77.838611
"7620",2025-11-18,30,"Castle Hayne","PM2.5","New Hanover",34.364167,-77.838611
"7621",2025-11-19,49,"Castle Hayne","PM2.5","New Hanover",34.364167,-77.838611
"7622",2025-11-20,55,"Castle Hayne","PM2.5","New Hanover",34.364167,-77.838611
"7623",2025-11-21,61,"Castle Hayne","PM2.5","New Hanover",34.364167,-77.838611
"7624",2025-11-22,62,"Castle Hayne","PM2.5","New Hanover",34.364167,-77.838611
"7625",2025-11-23,55,"Castle Hayne","PM2.5","New Hanover",34.364167,-77.838611
"7626",2025-11-24,54,"Castle Hayne","PM2.5","New Hanover",34.364167,-77.838611
"7627",2025-11-25,25,"Castle Hayne","PM2.5","New Hanover",34.364167,-77.838611
"7628",2025-11-26,41,"Castle Hayne","PM2.5","New Hanover",34.364167,-77.838611
"7629",2025-11-27,28,"Castle Hayne","PM2.5","New Hanover",34.364167,-77.838611
"7630",2025-11-28,24,"Castle Hayne","PM2.5","New Hanover",34.364167,-77.838611
"7631",2025-11-29,25,"Castle Hayne","PM2.5","New Hanover",34.364167,-77.838611
"7632",2025-11-30,18,"Castle Hayne","PM2.5","New Hanover",34.364167,-77.838611
"7633",2025-12-01,37,"Castle Hayne","PM2.5","New Hanover",34.364167,-77.838611
"7634",2025-12-02,30,"Castle Hayne","PM2.5","New Hanover",34.364167,-77.838611
"7635",2025-12-03,47,"Castle Hayne","PM2.5","New Hanover",34.364167,-77.838611
"7636",2025-12-04,57,"Castle Hayne","PM2.5","New Hanover",34.364167,-77.838611
"7637",2025-12-05,43,"Castle Hayne","PM2.5","New Hanover",34.364167,-77.838611
"7638",2025-12-06,39,"Castle Hayne","PM2.5","New Hanover",34.364167,-77.838611
"7639",2025-12-07,66,"Castle Hayne","PM2.5","New Hanover",34.364167,-77.838611
"7640",2025-12-08,53,"Castle Hayne","PM2.5","New Hanover",34.364167,-77.838611
"7641",2025-12-09,28,"Castle Hayne","PM2.5","New Hanover",34.364167,-77.838611
"7642",2025-12-10,42,"Castle Hayne","PM2.5","New Hanover",34.364167,-77.838611
"7643",2025-12-11,28,"Castle Hayne","PM2.5","New Hanover",34.364167,-77.838611
"7644",2025-12-12,27,"Castle Hayne","PM2.5","New Hanover",34.364167,-77.838611
"7645",2025-12-13,44,"Castle Hayne","PM2.5","New Hanover",34.364167,-77.838611
"7646",2025-12-14,27,"Castle Hayne","PM2.5","New Hanover",34.364167,-77.838611
"7647",2025-12-15,21,"Castle Hayne","PM2.5","New Hanover",34.364167,-77.838611
"7648",2025-12-16,38,"Castle Hayne","PM2.5","New Hanover",34.364167,-77.838611
"7649",2025-12-17,54,"Castle Hayne","PM2.5","New Hanover",34.364167,-77.838611
"7650",2025-12-18,37,"Castle Hayne","PM2.5","New Hanover",34.364167,-77.838611
"7651",2025-12-19,19,"Castle Hayne","PM2.5","New Hanover",34.364167,-77.838611
"7652",2025-12-20,24,"Castle Hayne","PM2.5","New Hanover",34.364167,-77.838611
"7653",2025-12-21,31,"Castle Hayne","PM2.5","New Hanover",34.364167,-77.838611
"7654",2025-12-22,18,"Castle Hayne","PM2.5","New Hanover",34.364167,-77.838611
"7655",2025-12-23,33,"Castle Hayne","PM2.5","New Hanover",34.364167,-77.838611
"7656",2025-12-24,53,"Castle Hayne","PM2.5","New Hanover",34.364167,-77.838611
"7657",2025-12-25,43,"Castle Hayne","PM2.5","New Hanover",34.364167,-77.838611
"7658",2025-12-26,43,"Castle Hayne","PM2.5","New Hanover",34.364167,-77.838611
"7659",2025-12-27,53,"Castle Hayne","PM2.5","New Hanover",34.364167,-77.838611
"7660",2025-12-28,29,"Castle Hayne","PM2.5","New Hanover",34.364167,-77.838611
"7661",2025-12-29,37,"Castle Hayne","PM2.5","New Hanover",34.364167,-77.838611
"7662",2025-12-30,24,"Castle Hayne","PM2.5","New Hanover",34.364167,-77.838611
"7663",2025-12-31,29,"Castle Hayne","PM2.5","New Hanover",34.364167,-77.838611
"7664",2025-01-01,1,"Northampton County","PM2.5","Northampton",36.5117080009026,-77.655389
"7665",2025-01-02,9,"Northampton County","PM2.5","Northampton",36.5117080009026,-77.655389
"7666",2025-01-03,9,"Northampton County","PM2.5","Northampton",36.5117080009026,-77.655389
"7667",2025-01-04,9,"Northampton County","PM2.5","Northampton",36.5117080009026,-77.655389
"7668",2025-01-05,0,"Northampton County","PM2.5","Northampton",36.5117080009026,-77.655389
"7669",2025-01-06,11,"Northampton County","PM2.5","Northampton",36.5117080009026,-77.655389
"7670",2025-01-07,11,"Northampton County","PM2.5","Northampton",36.5117080009026,-77.655389
"7671",2025-01-08,21,"Northampton County","PM2.5","Northampton",36.5117080009026,-77.655389
"7672",2025-01-09,18,"Northampton County","PM2.5","Northampton",36.5117080009026,-77.655389
"7673",2025-01-10,18,"Northampton County","PM2.5","Northampton",36.5117080009026,-77.655389
"7674",2025-01-11,29,"Northampton County","PM2.5","Northampton",36.5117080009026,-77.655389
"7675",2025-01-12,24,"Northampton County","PM2.5","Northampton",36.5117080009026,-77.655389
"7676",2025-01-13,49,"Northampton County","PM2.5","Northampton",36.5117080009026,-77.655389
"7677",2025-01-14,18,"Northampton County","PM2.5","Northampton",36.5117080009026,-77.655389
"7678",2025-01-15,23,"Northampton County","PM2.5","Northampton",36.5117080009026,-77.655389
"7679",2025-01-16,39,"Northampton County","PM2.5","Northampton",36.5117080009026,-77.655389
"7680",2025-01-17,27,"Northampton County","PM2.5","Northampton",36.5117080009026,-77.655389
"7681",2025-01-18,47,"Northampton County","PM2.5","Northampton",36.5117080009026,-77.655389
"7682",2025-01-19,53,"Northampton County","PM2.5","Northampton",36.5117080009026,-77.655389
"7683",2025-01-20,16,"Northampton County","PM2.5","Northampton",36.5117080009026,-77.655389
"7684",2025-01-21,22,"Northampton County","PM2.5","Northampton",36.5117080009026,-77.655389
"7685",2025-01-22,29,"Northampton County","PM2.5","Northampton",36.5117080009026,-77.655389
"7686",2025-01-23,44,"Northampton County","PM2.5","Northampton",36.5117080009026,-77.655389
"7687",2025-01-24,37,"Northampton County","PM2.5","Northampton",36.5117080009026,-77.655389
"7688",2025-01-25,25,"Northampton County","PM2.5","Northampton",36.5117080009026,-77.655389
"7689",2025-01-26,48,"Northampton County","PM2.5","Northampton",36.5117080009026,-77.655389
"7690",2025-01-27,43,"Northampton County","PM2.5","Northampton",36.5117080009026,-77.655389
"7691",2025-01-28,32,"Northampton County","PM2.5","Northampton",36.5117080009026,-77.655389
"7692",2025-01-29,21,"Northampton County","PM2.5","Northampton",36.5117080009026,-77.655389
"7693",2025-01-30,18,"Northampton County","PM2.5","Northampton",36.5117080009026,-77.655389
"7694",2025-01-31,51,"Northampton County","PM2.5","Northampton",36.5117080009026,-77.655389
"7695",2025-02-01,23,"Northampton County","PM2.5","Northampton",36.5117080009026,-77.655389
"7696",2025-02-02,14,"Northampton County","PM2.5","Northampton",36.5117080009026,-77.655389
"7697",2025-02-03,37,"Northampton County","PM2.5","Northampton",36.5117080009026,-77.655389
"7698",2025-02-04,51,"Northampton County","PM2.5","Northampton",36.5117080009026,-77.655389
"7699",2025-02-05,12,"Northampton County","PM2.5","Northampton",36.5117080009026,-77.655389
"7700",2025-02-06,43,"Northampton County","PM2.5","Northampton",36.5117080009026,-77.655389
"7701",2025-02-07,38,"Northampton County","PM2.5","Northampton",36.5117080009026,-77.655389
"7702",2025-02-08,27,"Northampton County","PM2.5","Northampton",36.5117080009026,-77.655389
"7703",2025-02-09,36,"Northampton County","PM2.5","Northampton",36.5117080009026,-77.655389
"7704",2025-02-10,28,"Northampton County","PM2.5","Northampton",36.5117080009026,-77.655389
"7705",2025-02-11,33,"Northampton County","PM2.5","Northampton",36.5117080009026,-77.655389
"7706",2025-02-12,14,"Northampton County","PM2.5","Northampton",36.5117080009026,-77.655389
"7707",2025-02-13,11,"Northampton County","PM2.5","Northampton",36.5117080009026,-77.655389
"7708",2025-02-14,18,"Northampton County","PM2.5","Northampton",36.5117080009026,-77.655389
"7709",2025-02-15,21,"Northampton County","PM2.5","Northampton",36.5117080009026,-77.655389
"7710",2025-02-16,8,"Northampton County","PM2.5","Northampton",36.5117080009026,-77.655389
"7711",2025-02-17,9,"Northampton County","PM2.5","Northampton",36.5117080009026,-77.655389
"7712",2025-02-18,13,"Northampton County","PM2.5","Northampton",36.5117080009026,-77.655389
"7713",2025-02-19,24,"Northampton County","PM2.5","Northampton",36.5117080009026,-77.655389
"7714",2025-02-20,28,"Northampton County","PM2.5","Northampton",36.5117080009026,-77.655389
"7715",2025-02-21,16,"Northampton County","PM2.5","Northampton",36.5117080009026,-77.655389
"7716",2025-02-22,27,"Northampton County","PM2.5","Northampton",36.5117080009026,-77.655389
"7717",2025-02-23,18,"Northampton County","PM2.5","Northampton",36.5117080009026,-77.655389
"7718",2025-02-24,55,"Northampton County","PM2.5","Northampton",36.5117080009026,-77.655389
"7719",2025-02-25,66,"Northampton County","PM2.5","Northampton",36.5117080009026,-77.655389
"7720",2025-02-26,59,"Northampton County","PM2.5","Northampton",36.5117080009026,-77.655389
"7721",2025-02-27,64,"Northampton County","PM2.5","Northampton",36.5117080009026,-77.655389
"7722",2025-02-28,18,"Northampton County","PM2.5","Northampton",36.5117080009026,-77.655389
"7723",2025-03-01,29,"Northampton County","PM2.5","Northampton",36.5117080009026,-77.655389
"7724",2025-03-02,11,"Northampton County","PM2.5","Northampton",36.5117080009026,-77.655389
"7725",2025-03-03,32,"Northampton County","PM2.5","Northampton",36.5117080009026,-77.655389
"7726",2025-03-04,38,"Northampton County","PM2.5","Northampton",36.5117080009026,-77.655389
"7727",2025-03-05,31,"Northampton County","PM2.5","Northampton",36.5117080009026,-77.655389
"7728",2025-03-06,8,"Northampton County","PM2.5","Northampton",36.5117080009026,-77.655389
"7729",2025-03-07,22,"Northampton County","PM2.5","Northampton",36.5117080009026,-77.655389
"7730",2025-03-08,36,"Northampton County","PM2.5","Northampton",36.5117080009026,-77.655389
"7731",2025-03-09,23,"Northampton County","PM2.5","Northampton",36.5117080009026,-77.655389
"7732",2025-03-10,41,"Northampton County","PM2.5","Northampton",36.5117080009026,-77.655389
"7733",2025-03-11,23,"Northampton County","PM2.5","Northampton",36.5117080009026,-77.655389
"7734",2025-03-12,53,"Northampton County","PM2.5","Northampton",36.5117080009026,-77.655389
"7735",2025-03-13,51,"Northampton County","PM2.5","Northampton",36.5117080009026,-77.655389
"7736",2025-03-14,45,"Northampton County","PM2.5","Northampton",36.5117080009026,-77.655389
"7737",2025-03-15,59,"Northampton County","PM2.5","Northampton",36.5117080009026,-77.655389
"7738",2025-03-16,32,"Northampton County","PM2.5","Northampton",36.5117080009026,-77.655389
"7739",2025-03-17,26,"Northampton County","PM2.5","Northampton",36.5117080009026,-77.655389
"7740",2025-03-18,13,"Northampton County","PM2.5","Northampton",36.5117080009026,-77.655389
"7741",2025-03-19,57,"Northampton County","PM2.5","Northampton",36.5117080009026,-77.655389
"7742",2025-03-20,56,"Northampton County","PM2.5","Northampton",36.5117080009026,-77.655389
"7743",2025-03-21,4,"Northampton County","PM2.5","Northampton",36.5117080009026,-77.655389
"7744",2025-03-22,32,"Northampton County","PM2.5","Northampton",36.5117080009026,-77.655389
"7745",2025-03-23,33,"Northampton County","PM2.5","Northampton",36.5117080009026,-77.655389
"7746",2025-03-24,53,"Northampton County","PM2.5","Northampton",36.5117080009026,-77.655389
"7747",2025-03-25,21,"Northampton County","PM2.5","Northampton",36.5117080009026,-77.655389
"7748",2025-03-26,14,"Northampton County","PM2.5","Northampton",36.5117080009026,-77.655389
"7749",2025-03-27,33,"Northampton County","PM2.5","Northampton",36.5117080009026,-77.655389
"7750",2025-03-28,53,"Northampton County","PM2.5","Northampton",36.5117080009026,-77.655389
"7751",2025-03-29,42,"Northampton County","PM2.5","Northampton",36.5117080009026,-77.655389
"7752",2025-03-30,26,"Northampton County","PM2.5","Northampton",36.5117080009026,-77.655389
"7753",2025-03-31,29,"Northampton County","PM2.5","Northampton",36.5117080009026,-77.655389
"7754",2025-04-01,12,"Northampton County","PM2.5","Northampton",36.5117080009026,-77.655389
"7755",2025-04-02,26,"Northampton County","PM2.5","Northampton",36.5117080009026,-77.655389
"7756",2025-04-03,51,"Northampton County","PM2.5","Northampton",36.5117080009026,-77.655389
"7757",2025-04-04,54,"Northampton County","PM2.5","Northampton",36.5117080009026,-77.655389
"7758",2025-04-05,54,"Northampton County","PM2.5","Northampton",36.5117080009026,-77.655389
"7759",2025-04-06,44,"Northampton County","PM2.5","Northampton",36.5117080009026,-77.655389
"7760",2025-04-07,23,"Northampton County","PM2.5","Northampton",36.5117080009026,-77.655389
"7761",2025-04-08,18,"Northampton County","PM2.5","Northampton",36.5117080009026,-77.655389
"7762",2025-04-09,19,"Northampton County","PM2.5","Northampton",36.5117080009026,-77.655389
"7763",2025-04-10,33,"Northampton County","PM2.5","Northampton",36.5117080009026,-77.655389
"7764",2025-04-11,21,"Northampton County","PM2.5","Northampton",36.5117080009026,-77.655389
"7765",2025-04-12,16,"Northampton County","PM2.5","Northampton",36.5117080009026,-77.655389
"7766",2025-04-13,26,"Northampton County","PM2.5","Northampton",36.5117080009026,-77.655389
"7767",2025-04-14,58,"Northampton County","PM2.5","Northampton",36.5117080009026,-77.655389
"7768",2025-04-15,34,"Northampton County","PM2.5","Northampton",36.5117080009026,-77.655389
"7769",2025-04-16,16,"Northampton County","PM2.5","Northampton",36.5117080009026,-77.655389
"7770",2025-04-17,27,"Northampton County","PM2.5","Northampton",36.5117080009026,-77.655389
"7771",2025-04-18,49,"Northampton County","PM2.5","Northampton",36.5117080009026,-77.655389
"7772",2025-04-19,48,"Northampton County","PM2.5","Northampton",36.5117080009026,-77.655389
"7773",2025-04-20,57,"Northampton County","PM2.5","Northampton",36.5117080009026,-77.655389
"7774",2025-04-21,54,"Northampton County","PM2.5","Northampton",36.5117080009026,-77.655389
"7775",2025-04-22,53,"Northampton County","PM2.5","Northampton",36.5117080009026,-77.655389
"7776",2025-04-23,51,"Northampton County","PM2.5","Northampton",36.5117080009026,-77.655389
"7777",2025-04-24,43,"Northampton County","PM2.5","Northampton",36.5117080009026,-77.655389
"7778",2025-04-25,50,"Northampton County","PM2.5","Northampton",36.5117080009026,-77.655389
"7779",2025-04-26,41,"Northampton County","PM2.5","Northampton",36.5117080009026,-77.655389
"7780",2025-04-27,12,"Northampton County","PM2.5","Northampton",36.5117080009026,-77.655389
"7781",2025-04-28,22,"Northampton County","PM2.5","Northampton",36.5117080009026,-77.655389
"7782",2025-04-29,54,"Northampton County","PM2.5","Northampton",36.5117080009026,-77.655389
"7783",2025-04-30,53,"Northampton County","PM2.5","Northampton",36.5117080009026,-77.655389
"7784",2025-05-01,57,"Northampton County","PM2.5","Northampton",36.5117080009026,-77.655389
"7785",2025-05-02,47,"Northampton County","PM2.5","Northampton",36.5117080009026,-77.655389
"7786",2025-05-03,47,"Northampton County","PM2.5","Northampton",36.5117080009026,-77.655389
"7787",2025-05-04,28,"Northampton County","PM2.5","Northampton",36.5117080009026,-77.655389
"7788",2025-05-05,32,"Northampton County","PM2.5","Northampton",36.5117080009026,-77.655389
"7789",2025-05-06,29,"Northampton County","PM2.5","Northampton",36.5117080009026,-77.655389
"7790",2025-05-07,34,"Northampton County","PM2.5","Northampton",36.5117080009026,-77.655389
"7791",2025-05-08,54,"Northampton County","PM2.5","Northampton",36.5117080009026,-77.655389
"7792",2025-05-09,39,"Northampton County","PM2.5","Northampton",36.5117080009026,-77.655389
"7793",2025-05-10,19,"Northampton County","PM2.5","Northampton",36.5117080009026,-77.655389
"7794",2025-05-11,31,"Northampton County","PM2.5","Northampton",36.5117080009026,-77.655389
"7795",2025-05-12,33,"Northampton County","PM2.5","Northampton",36.5117080009026,-77.655389
"7796",2025-05-13,21,"Northampton County","PM2.5","Northampton",36.5117080009026,-77.655389
"7797",2025-05-14,37,"Northampton County","PM2.5","Northampton",36.5117080009026,-77.655389
"7798",2025-05-15,52,"Northampton County","PM2.5","Northampton",36.5117080009026,-77.655389
"7799",2025-05-16,62,"Northampton County","PM2.5","Northampton",36.5117080009026,-77.655389
"7800",2025-05-17,34,"Northampton County","PM2.5","Northampton",36.5117080009026,-77.655389
"7801",2025-05-18,27,"Northampton County","PM2.5","Northampton",36.5117080009026,-77.655389
"7802",2025-05-19,22,"Northampton County","PM2.5","Northampton",36.5117080009026,-77.655389
"7803",2025-05-20,37,"Northampton County","PM2.5","Northampton",36.5117080009026,-77.655389
"7804",2025-05-21,24,"Northampton County","PM2.5","Northampton",36.5117080009026,-77.655389
"7805",2025-05-22,23,"Northampton County","PM2.5","Northampton",36.5117080009026,-77.655389
"7806",2025-05-23,12,"Northampton County","PM2.5","Northampton",36.5117080009026,-77.655389
"7807",2025-05-24,27,"Northampton County","PM2.5","Northampton",36.5117080009026,-77.655389
"7808",2025-05-25,26,"Northampton County","PM2.5","Northampton",36.5117080009026,-77.655389
"7809",2025-05-26,29,"Northampton County","PM2.5","Northampton",36.5117080009026,-77.655389
"7810",2025-05-27,24,"Northampton County","PM2.5","Northampton",36.5117080009026,-77.655389
"7811",2025-05-28,13,"Northampton County","PM2.5","Northampton",36.5117080009026,-77.655389
"7812",2025-05-29,36,"Northampton County","PM2.5","Northampton",36.5117080009026,-77.655389
"7813",2025-05-30,24,"Northampton County","PM2.5","Northampton",36.5117080009026,-77.655389
"7814",2025-05-31,46,"Northampton County","PM2.5","Northampton",36.5117080009026,-77.655389
"7815",2025-06-01,46,"Northampton County","PM2.5","Northampton",36.5117080009026,-77.655389
"7816",2025-06-02,32,"Northampton County","PM2.5","Northampton",36.5117080009026,-77.655389
"7817",2025-06-03,50,"Northampton County","PM2.5","Northampton",36.5117080009026,-77.655389
"7818",2025-06-04,52,"Northampton County","PM2.5","Northampton",36.5117080009026,-77.655389
"7819",2025-06-05,55,"Northampton County","PM2.5","Northampton",36.5117080009026,-77.655389
"7820",2025-06-06,48,"Northampton County","PM2.5","Northampton",36.5117080009026,-77.655389
"7821",2025-06-07,43,"Northampton County","PM2.5","Northampton",36.5117080009026,-77.655389
"7822",2025-06-08,53,"Northampton County","PM2.5","Northampton",36.5117080009026,-77.655389
"7823",2025-06-09,46,"Northampton County","PM2.5","Northampton",36.5117080009026,-77.655389
"7824",2025-06-10,39,"Northampton County","PM2.5","Northampton",36.5117080009026,-77.655389
"7825",2025-06-11,50,"Northampton County","PM2.5","Northampton",36.5117080009026,-77.655389
"7826",2025-06-12,57,"Northampton County","PM2.5","Northampton",36.5117080009026,-77.655389
"7827",2025-06-13,44,"Northampton County","PM2.5","Northampton",36.5117080009026,-77.655389
"7828",2025-06-14,32,"Northampton County","PM2.5","Northampton",36.5117080009026,-77.655389
"7829",2025-06-15,40,"Northampton County","PM2.5","Northampton",36.5117080009026,-77.655389
"7830",2025-06-16,31,"Northampton County","PM2.5","Northampton",36.5117080009026,-77.655389
"7831",2025-06-17,52,"Northampton County","PM2.5","Northampton",36.5117080009026,-77.655389
"7832",2025-06-18,41,"Northampton County","PM2.5","Northampton",36.5117080009026,-77.655389
"7833",2025-06-19,39,"Northampton County","PM2.5","Northampton",36.5117080009026,-77.655389
"7834",2025-06-20,39,"Northampton County","PM2.5","Northampton",36.5117080009026,-77.655389
"7835",2025-06-21,53,"Northampton County","PM2.5","Northampton",36.5117080009026,-77.655389
"7836",2025-06-22,59,"Northampton County","PM2.5","Northampton",36.5117080009026,-77.655389
"7837",2025-06-23,63,"Northampton County","PM2.5","Northampton",36.5117080009026,-77.655389
"7838",2025-06-24,71,"Northampton County","PM2.5","Northampton",36.5117080009026,-77.655389
"7839",2025-06-25,69,"Northampton County","PM2.5","Northampton",36.5117080009026,-77.655389
"7840",2025-06-26,62,"Northampton County","PM2.5","Northampton",36.5117080009026,-77.655389
"7841",2025-06-27,69,"Northampton County","PM2.5","Northampton",36.5117080009026,-77.655389
"7842",2025-06-28,60,"Northampton County","PM2.5","Northampton",36.5117080009026,-77.655389
"7843",2025-06-29,55,"Northampton County","PM2.5","Northampton",36.5117080009026,-77.655389
"7844",2025-06-30,55,"Northampton County","PM2.5","Northampton",36.5117080009026,-77.655389
"7845",2025-07-01,46,"Northampton County","PM2.5","Northampton",36.5117080009026,-77.655389
"7846",2025-07-02,29,"Northampton County","PM2.5","Northampton",36.5117080009026,-77.655389
"7847",2025-07-03,39,"Northampton County","PM2.5","Northampton",36.5117080009026,-77.655389
"7848",2025-07-04,56,"Northampton County","PM2.5","Northampton",36.5117080009026,-77.655389
"7849",2025-07-05,58,"Northampton County","PM2.5","Northampton",36.5117080009026,-77.655389
"7850",2025-07-06,40,"Northampton County","PM2.5","Northampton",36.5117080009026,-77.655389
"7851",2025-07-07,39,"Northampton County","PM2.5","Northampton",36.5117080009026,-77.655389
"7852",2025-07-08,59,"Northampton County","PM2.5","Northampton",36.5117080009026,-77.655389
"7853",2025-07-09,44,"Northampton County","PM2.5","Northampton",36.5117080009026,-77.655389
"7854",2025-07-10,29,"Northampton County","PM2.5","Northampton",36.5117080009026,-77.655389
"7855",2025-07-11,38,"Northampton County","PM2.5","Northampton",36.5117080009026,-77.655389
"7856",2025-07-12,52,"Northampton County","PM2.5","Northampton",36.5117080009026,-77.655389
"7857",2025-07-13,54,"Northampton County","PM2.5","Northampton",36.5117080009026,-77.655389
"7858",2025-07-14,54,"Northampton County","PM2.5","Northampton",36.5117080009026,-77.655389
"7859",2025-07-15,28,"Northampton County","PM2.5","Northampton",36.5117080009026,-77.655389
"7860",2025-07-16,42,"Northampton County","PM2.5","Northampton",36.5117080009026,-77.655389
"7861",2025-07-17,50,"Northampton County","PM2.5","Northampton",36.5117080009026,-77.655389
"7862",2025-07-18,47,"Northampton County","PM2.5","Northampton",36.5117080009026,-77.655389
"7863",2025-07-19,52,"Northampton County","PM2.5","Northampton",36.5117080009026,-77.655389
"7864",2025-07-20,45,"Northampton County","PM2.5","Northampton",36.5117080009026,-77.655389
"7865",2025-07-21,53,"Northampton County","PM2.5","Northampton",36.5117080009026,-77.655389
"7866",2025-07-22,53,"Northampton County","PM2.5","Northampton",36.5117080009026,-77.655389
"7867",2025-07-23,55,"Northampton County","PM2.5","Northampton",36.5117080009026,-77.655389
"7868",2025-07-24,50,"Northampton County","PM2.5","Northampton",36.5117080009026,-77.655389
"7869",2025-07-25,56,"Northampton County","PM2.5","Northampton",36.5117080009026,-77.655389
"7870",2025-07-26,59,"Northampton County","PM2.5","Northampton",36.5117080009026,-77.655389
"7871",2025-07-27,56,"Northampton County","PM2.5","Northampton",36.5117080009026,-77.655389
"7872",2025-07-28,37,"Northampton County","PM2.5","Northampton",36.5117080009026,-77.655389
"7873",2025-07-29,53,"Northampton County","PM2.5","Northampton",36.5117080009026,-77.655389
"7874",2025-07-30,52,"Northampton County","PM2.5","Northampton",36.5117080009026,-77.655389
"7875",2025-07-31,42,"Northampton County","PM2.5","Northampton",36.5117080009026,-77.655389
"7876",2025-08-01,44,"Northampton County","PM2.5","Northampton",36.5117080009026,-77.655389
"7877",2025-08-02,30,"Northampton County","PM2.5","Northampton",36.5117080009026,-77.655389
"7878",2025-08-03,33,"Northampton County","PM2.5","Northampton",36.5117080009026,-77.655389
"7879",2025-08-04,38,"Northampton County","PM2.5","Northampton",36.5117080009026,-77.655389
"7880",2025-08-05,50,"Northampton County","PM2.5","Northampton",36.5117080009026,-77.655389
"7881",2025-08-06,45,"Northampton County","PM2.5","Northampton",36.5117080009026,-77.655389
"7882",2025-08-07,79,"Northampton County","PM2.5","Northampton",36.5117080009026,-77.655389
"7883",2025-08-08,61,"Northampton County","PM2.5","Northampton",36.5117080009026,-77.655389
"7884",2025-08-09,29,"Northampton County","PM2.5","Northampton",36.5117080009026,-77.655389
"7885",2025-08-10,32,"Northampton County","PM2.5","Northampton",36.5117080009026,-77.655389
"7886",2025-08-11,28,"Northampton County","PM2.5","Northampton",36.5117080009026,-77.655389
"7887",2025-08-12,28,"Northampton County","PM2.5","Northampton",36.5117080009026,-77.655389
"7888",2025-08-13,39,"Northampton County","PM2.5","Northampton",36.5117080009026,-77.655389
"7889",2025-08-14,33,"Northampton County","PM2.5","Northampton",36.5117080009026,-77.655389
"7890",2025-08-15,42,"Northampton County","PM2.5","Northampton",36.5117080009026,-77.655389
"7891",2025-08-16,41,"Northampton County","PM2.5","Northampton",36.5117080009026,-77.655389
"7892",2025-08-17,49,"Northampton County","PM2.5","Northampton",36.5117080009026,-77.655389
"7893",2025-08-18,52,"Northampton County","PM2.5","Northampton",36.5117080009026,-77.655389
"7894",2025-08-19,19,"Northampton County","PM2.5","Northampton",36.5117080009026,-77.655389
"7895",2025-08-20,26,"Northampton County","PM2.5","Northampton",36.5117080009026,-77.655389
"7896",2025-08-21,29,"Northampton County","PM2.5","Northampton",36.5117080009026,-77.655389
"7897",2025-08-22,23,"Northampton County","PM2.5","Northampton",36.5117080009026,-77.655389
"7898",2025-08-23,30,"Northampton County","PM2.5","Northampton",36.5117080009026,-77.655389
"7899",2025-08-24,35,"Northampton County","PM2.5","Northampton",36.5117080009026,-77.655389
"7900",2025-08-25,40,"Northampton County","PM2.5","Northampton",36.5117080009026,-77.655389
"7901",2025-08-26,29,"Northampton County","PM2.5","Northampton",36.5117080009026,-77.655389
"7902",2025-08-27,23,"Northampton County","PM2.5","Northampton",36.5117080009026,-77.655389
"7903",2025-08-28,39,"Northampton County","PM2.5","Northampton",36.5117080009026,-77.655389
"7904",2025-08-29,46,"Northampton County","PM2.5","Northampton",36.5117080009026,-77.655389
"7905",2025-08-30,31,"Northampton County","PM2.5","Northampton",36.5117080009026,-77.655389
"7906",2025-08-31,33,"Northampton County","PM2.5","Northampton",36.5117080009026,-77.655389
"7907",2025-09-01,19,"Northampton County","PM2.5","Northampton",36.5117080009026,-77.655389
"7908",2025-09-02,21,"Northampton County","PM2.5","Northampton",36.5117080009026,-77.655389
"7909",2025-09-03,26,"Northampton County","PM2.5","Northampton",36.5117080009026,-77.655389
"7910",2025-09-04,52,"Northampton County","PM2.5","Northampton",36.5117080009026,-77.655389
"7911",2025-09-05,52,"Northampton County","PM2.5","Northampton",36.5117080009026,-77.655389
"7912",2025-09-06,58,"Northampton County","PM2.5","Northampton",36.5117080009026,-77.655389
"7913",2025-09-07,47,"Northampton County","PM2.5","Northampton",36.5117080009026,-77.655389
"7914",2025-09-08,30,"Northampton County","PM2.5","Northampton",36.5117080009026,-77.655389
"7915",2025-09-09,31,"Northampton County","PM2.5","Northampton",36.5117080009026,-77.655389
"7916",2025-09-10,18,"Northampton County","PM2.5","Northampton",36.5117080009026,-77.655389
"7917",2025-09-11,20,"Northampton County","PM2.5","Northampton",36.5117080009026,-77.655389
"7918",2025-09-12,32,"Northampton County","PM2.5","Northampton",36.5117080009026,-77.655389
"7919",2025-09-13,32,"Northampton County","PM2.5","Northampton",36.5117080009026,-77.655389
"7920",2025-09-14,43,"Northampton County","PM2.5","Northampton",36.5117080009026,-77.655389
"7921",2025-09-15,43,"Northampton County","PM2.5","Northampton",36.5117080009026,-77.655389
"7922",2025-09-16,28,"Northampton County","PM2.5","Northampton",36.5117080009026,-77.655389
"7923",2025-09-17,17,"Northampton County","PM2.5","Northampton",36.5117080009026,-77.655389
"7924",2025-09-18,23,"Northampton County","PM2.5","Northampton",36.5117080009026,-77.655389
"7925",2025-09-19,43,"Northampton County","PM2.5","Northampton",36.5117080009026,-77.655389
"7926",2025-09-20,57,"Northampton County","PM2.5","Northampton",36.5117080009026,-77.655389
"7927",2025-09-21,52,"Northampton County","PM2.5","Northampton",36.5117080009026,-77.655389
"7928",2025-09-22,29,"Northampton County","PM2.5","Northampton",36.5117080009026,-77.655389
"7929",2025-09-23,53,"Northampton County","PM2.5","Northampton",36.5117080009026,-77.655389
"7930",2025-09-24,46,"Northampton County","PM2.5","Northampton",36.5117080009026,-77.655389
"7931",2025-09-25,43,"Northampton County","PM2.5","Northampton",36.5117080009026,-77.655389
"7932",2025-09-26,53,"Northampton County","PM2.5","Northampton",36.5117080009026,-77.655389
"7933",2025-09-27,38,"Northampton County","PM2.5","Northampton",36.5117080009026,-77.655389
"7934",2025-09-28,26,"Northampton County","PM2.5","Northampton",36.5117080009026,-77.655389
"7935",2025-09-29,41,"Northampton County","PM2.5","Northampton",36.5117080009026,-77.655389
"7936",2025-09-30,52,"Northampton County","PM2.5","Northampton",36.5117080009026,-77.655389
"7937",2025-10-01,43,"Northampton County","PM2.5","Northampton",36.5117080009026,-77.655389
"7938",2025-10-02,20,"Northampton County","PM2.5","Northampton",36.5117080009026,-77.655389
"7939",2025-10-03,19,"Northampton County","PM2.5","Northampton",36.5117080009026,-77.655389
"7940",2025-10-04,29,"Northampton County","PM2.5","Northampton",36.5117080009026,-77.655389
"7941",2025-10-05,28,"Northampton County","PM2.5","Northampton",36.5117080009026,-77.655389
"7942",2025-10-06,26,"Northampton County","PM2.5","Northampton",36.5117080009026,-77.655389
"7943",2025-10-07,39,"Northampton County","PM2.5","Northampton",36.5117080009026,-77.655389
"7944",2025-10-08,20,"Northampton County","PM2.5","Northampton",36.5117080009026,-77.655389
"7945",2025-10-19,5,"Northampton County","PM2.5","Northampton",36.5117080009026,-77.655389
"7946",2025-10-22,22,"Northampton County","PM2.5","Northampton",36.5117080009026,-77.655389
"7947",2025-10-23,11,"Northampton County","PM2.5","Northampton",36.5117080009026,-77.655389
"7948",2025-10-24,18,"Northampton County","PM2.5","Northampton",36.5117080009026,-77.655389
"7949",2025-10-25,11,"Northampton County","PM2.5","Northampton",36.5117080009026,-77.655389
"7950",2025-10-26,14,"Northampton County","PM2.5","Northampton",36.5117080009026,-77.655389
"7951",2025-10-27,19,"Northampton County","PM2.5","Northampton",36.5117080009026,-77.655389
"7952",2025-10-28,12,"Northampton County","PM2.5","Northampton",36.5117080009026,-77.655389
"7953",2025-10-29,4,"Northampton County","PM2.5","Northampton",36.5117080009026,-77.655389
"7954",2025-10-30,12,"Northampton County","PM2.5","Northampton",36.5117080009026,-77.655389
"7955",2025-10-31,11,"Northampton County","PM2.5","Northampton",36.5117080009026,-77.655389
"7956",2025-11-01,29,"Northampton County","PM2.5","Northampton",36.5117080009026,-77.655389
"7957",2025-11-02,41,"Northampton County","PM2.5","Northampton",36.5117080009026,-77.655389
"7958",2025-11-03,28,"Northampton County","PM2.5","Northampton",36.5117080009026,-77.655389
"7959",2025-11-04,19,"Northampton County","PM2.5","Northampton",36.5117080009026,-77.655389
"7960",2025-11-05,48,"Northampton County","PM2.5","Northampton",36.5117080009026,-77.655389
"7961",2025-11-06,42,"Northampton County","PM2.5","Northampton",36.5117080009026,-77.655389
"7962",2025-11-07,51,"Northampton County","PM2.5","Northampton",36.5117080009026,-77.655389
"7963",2025-11-08,51,"Northampton County","PM2.5","Northampton",36.5117080009026,-77.655389
"7964",2025-11-09,57,"Northampton County","PM2.5","Northampton",36.5117080009026,-77.655389
"7965",2025-11-10,3,"Northampton County","PM2.5","Northampton",36.5117080009026,-77.655389
"7966",2025-11-11,6,"Northampton County","PM2.5","Northampton",36.5117080009026,-77.655389
"7967",2025-11-12,33,"Northampton County","PM2.5","Northampton",36.5117080009026,-77.655389
"7968",2025-11-13,24,"Northampton County","PM2.5","Northampton",36.5117080009026,-77.655389
"7969",2025-11-14,22,"Northampton County","PM2.5","Northampton",36.5117080009026,-77.655389
"7970",2025-11-15,50,"Northampton County","PM2.5","Northampton",36.5117080009026,-77.655389
"7971",2025-11-16,32,"Northampton County","PM2.5","Northampton",36.5117080009026,-77.655389
"7972",2025-11-17,7,"Northampton County","PM2.5","Northampton",36.5117080009026,-77.655389
"7973",2025-11-18,39,"Northampton County","PM2.5","Northampton",36.5117080009026,-77.655389
"7974",2025-11-19,51,"Northampton County","PM2.5","Northampton",36.5117080009026,-77.655389
"7975",2025-11-20,46,"Northampton County","PM2.5","Northampton",36.5117080009026,-77.655389
"7976",2025-11-21,63,"Northampton County","PM2.5","Northampton",36.5117080009026,-77.655389
"7977",2025-11-22,61,"Northampton County","PM2.5","Northampton",36.5117080009026,-77.655389
"7978",2025-11-23,24,"Northampton County","PM2.5","Northampton",36.5117080009026,-77.655389
"7979",2025-11-24,28,"Northampton County","PM2.5","Northampton",36.5117080009026,-77.655389
"7980",2025-11-25,38,"Northampton County","PM2.5","Northampton",36.5117080009026,-77.655389
"7981",2025-11-26,28,"Northampton County","PM2.5","Northampton",36.5117080009026,-77.655389
"7982",2025-11-27,6,"Northampton County","PM2.5","Northampton",36.5117080009026,-77.655389
"7983",2025-11-28,9,"Northampton County","PM2.5","Northampton",36.5117080009026,-77.655389
"7984",2025-11-29,12,"Northampton County","PM2.5","Northampton",36.5117080009026,-77.655389
"7985",2025-11-30,29,"Northampton County","PM2.5","Northampton",36.5117080009026,-77.655389
"7986",2025-12-01,19,"Northampton County","PM2.5","Northampton",36.5117080009026,-77.655389
"7987",2025-12-02,14,"Northampton County","PM2.5","Northampton",36.5117080009026,-77.655389
"7988",2025-12-03,23,"Northampton County","PM2.5","Northampton",36.5117080009026,-77.655389
"7989",2025-12-04,43,"Northampton County","PM2.5","Northampton",36.5117080009026,-77.655389
"7990",2025-12-05,18,"Northampton County","PM2.5","Northampton",36.5117080009026,-77.655389
"7991",2025-12-06,26,"Northampton County","PM2.5","Northampton",36.5117080009026,-77.655389
"7992",2025-12-07,49,"Northampton County","PM2.5","Northampton",36.5117080009026,-77.655389
"7993",2025-12-08,36,"Northampton County","PM2.5","Northampton",36.5117080009026,-77.655389
"7994",2025-12-09,15,"Northampton County","PM2.5","Northampton",36.5117080009026,-77.655389
"7995",2025-12-10,32,"Northampton County","PM2.5","Northampton",36.5117080009026,-77.655389
"7996",2025-12-11,6,"Northampton County","PM2.5","Northampton",36.5117080009026,-77.655389
"7997",2025-12-12,24,"Northampton County","PM2.5","Northampton",36.5117080009026,-77.655389
"7998",2025-12-13,41,"Northampton County","PM2.5","Northampton",36.5117080009026,-77.655389
"7999",2025-12-14,47,"Northampton County","PM2.5","Northampton",36.5117080009026,-77.655389
"8000",2025-12-15,8,"Northampton County","PM2.5","Northampton",36.5117080009026,-77.655389
"8001",2025-12-16,33,"Northampton County","PM2.5","Northampton",36.5117080009026,-77.655389
"8002",2025-12-17,57,"Northampton County","PM2.5","Northampton",36.5117080009026,-77.655389
"8003",2025-12-18,57,"Northampton County","PM2.5","Northampton",36.5117080009026,-77.655389
"8004",2025-12-19,0,"Northampton County","PM2.5","Northampton",36.5117080009026,-77.655389
"8005",2025-12-20,19,"Northampton County","PM2.5","Northampton",36.5117080009026,-77.655389
"8006",2025-12-21,19,"Northampton County","PM2.5","Northampton",36.5117080009026,-77.655389
"8007",2025-12-22,17,"Northampton County","PM2.5","Northampton",36.5117080009026,-77.655389
"8008",2025-12-23,32,"Northampton County","PM2.5","Northampton",36.5117080009026,-77.655389
"8009",2025-12-24,22,"Northampton County","PM2.5","Northampton",36.5117080009026,-77.655389
"8010",2025-12-25,41,"Northampton County","PM2.5","Northampton",36.5117080009026,-77.655389
"8011",2025-12-26,21,"Northampton County","PM2.5","Northampton",36.5117080009026,-77.655389
"8012",2025-12-27,23,"Northampton County","PM2.5","Northampton",36.5117080009026,-77.655389
"8013",2025-12-28,19,"Northampton County","PM2.5","Northampton",36.5117080009026,-77.655389
"8014",2025-12-29,19,"Northampton County","PM2.5","Northampton",36.5117080009026,-77.655389
"8015",2025-12-30,3,"Northampton County","PM2.5","Northampton",36.5117080009026,-77.655389
"8016",2025-12-31,1,"Northampton County","PM2.5","Northampton",36.5117080009026,-77.655389
"8017",2025-01-01,0,"Pitt Agri. Center","PM2.5","Pitt",35.6412760008938,-77.360126
"8018",2025-01-02,9,"Pitt Agri. Center","PM2.5","Pitt",35.6412760008938,-77.360126
"8019",2025-01-03,15,"Pitt Agri. Center","PM2.5","Pitt",35.6412760008938,-77.360126
"8020",2025-01-04,8,"Pitt Agri. Center","PM2.5","Pitt",35.6412760008938,-77.360126
"8021",2025-01-05,9,"Pitt Agri. Center","PM2.5","Pitt",35.6412760008938,-77.360126
"8022",2025-01-06,10,"Pitt Agri. Center","PM2.5","Pitt",35.6412760008938,-77.360126
"8023",2025-01-07,14,"Pitt Agri. Center","PM2.5","Pitt",35.6412760008938,-77.360126
"8024",2025-01-08,22,"Pitt Agri. Center","PM2.5","Pitt",35.6412760008938,-77.360126
"8025",2025-01-09,26,"Pitt Agri. Center","PM2.5","Pitt",35.6412760008938,-77.360126
"8026",2025-01-10,31,"Pitt Agri. Center","PM2.5","Pitt",35.6412760008938,-77.360126
"8027",2025-01-11,18,"Pitt Agri. Center","PM2.5","Pitt",35.6412760008938,-77.360126
"8028",2025-01-12,28,"Pitt Agri. Center","PM2.5","Pitt",35.6412760008938,-77.360126
"8029",2025-01-13,43,"Pitt Agri. Center","PM2.5","Pitt",35.6412760008938,-77.360126
"8030",2025-01-14,25,"Pitt Agri. Center","PM2.5","Pitt",35.6412760008938,-77.360126
"8031",2025-01-15,17,"Pitt Agri. Center","PM2.5","Pitt",35.6412760008938,-77.360126
"8032",2025-01-16,44,"Pitt Agri. Center","PM2.5","Pitt",35.6412760008938,-77.360126
"8033",2025-01-17,22,"Pitt Agri. Center","PM2.5","Pitt",35.6412760008938,-77.360126
"8034",2025-01-18,35,"Pitt Agri. Center","PM2.5","Pitt",35.6412760008938,-77.360126
"8035",2025-01-19,21,"Pitt Agri. Center","PM2.5","Pitt",35.6412760008938,-77.360126
"8036",2025-01-20,13,"Pitt Agri. Center","PM2.5","Pitt",35.6412760008938,-77.360126
"8037",2025-01-21,21,"Pitt Agri. Center","PM2.5","Pitt",35.6412760008938,-77.360126
"8038",2025-01-22,26,"Pitt Agri. Center","PM2.5","Pitt",35.6412760008938,-77.360126
"8039",2025-01-23,48,"Pitt Agri. Center","PM2.5","Pitt",35.6412760008938,-77.360126
"8040",2025-01-24,53,"Pitt Agri. Center","PM2.5","Pitt",35.6412760008938,-77.360126
"8041",2025-01-25,41,"Pitt Agri. Center","PM2.5","Pitt",35.6412760008938,-77.360126
"8042",2025-01-26,47,"Pitt Agri. Center","PM2.5","Pitt",35.6412760008938,-77.360126
"8043",2025-01-27,42,"Pitt Agri. Center","PM2.5","Pitt",35.6412760008938,-77.360126
"8044",2025-01-28,21,"Pitt Agri. Center","PM2.5","Pitt",35.6412760008938,-77.360126
"8045",2025-01-29,26,"Pitt Agri. Center","PM2.5","Pitt",35.6412760008938,-77.360126
"8046",2025-01-30,21,"Pitt Agri. Center","PM2.5","Pitt",35.6412760008938,-77.360126
"8047",2025-01-31,36,"Pitt Agri. Center","PM2.5","Pitt",35.6412760008938,-77.360126
"8048",2025-02-01,10,"Pitt Agri. Center","PM2.5","Pitt",35.6412760008938,-77.360126
"8049",2025-02-02,12,"Pitt Agri. Center","PM2.5","Pitt",35.6412760008938,-77.360126
"8050",2025-02-03,29,"Pitt Agri. Center","PM2.5","Pitt",35.6412760008938,-77.360126
"8051",2025-02-04,46,"Pitt Agri. Center","PM2.5","Pitt",35.6412760008938,-77.360126
"8052",2025-02-05,12,"Pitt Agri. Center","PM2.5","Pitt",35.6412760008938,-77.360126
"8053",2025-02-06,47,"Pitt Agri. Center","PM2.5","Pitt",35.6412760008938,-77.360126
"8054",2025-02-07,36,"Pitt Agri. Center","PM2.5","Pitt",35.6412760008938,-77.360126
"8055",2025-02-08,21,"Pitt Agri. Center","PM2.5","Pitt",35.6412760008938,-77.360126
"8056",2025-02-09,43,"Pitt Agri. Center","PM2.5","Pitt",35.6412760008938,-77.360126
"8057",2025-02-10,16,"Pitt Agri. Center","PM2.5","Pitt",35.6412760008938,-77.360126
"8058",2025-02-11,27,"Pitt Agri. Center","PM2.5","Pitt",35.6412760008938,-77.360126
"8059",2025-02-12,6,"Pitt Agri. Center","PM2.5","Pitt",35.6412760008938,-77.360126
"8060",2025-02-13,14,"Pitt Agri. Center","PM2.5","Pitt",35.6412760008938,-77.360126
"8061",2025-02-14,18,"Pitt Agri. Center","PM2.5","Pitt",35.6412760008938,-77.360126
"8062",2025-02-15,17,"Pitt Agri. Center","PM2.5","Pitt",35.6412760008938,-77.360126
"8063",2025-02-16,9,"Pitt Agri. Center","PM2.5","Pitt",35.6412760008938,-77.360126
"8064",2025-02-17,11,"Pitt Agri. Center","PM2.5","Pitt",35.6412760008938,-77.360126
"8065",2025-02-18,16,"Pitt Agri. Center","PM2.5","Pitt",35.6412760008938,-77.360126
"8066",2025-02-19,18,"Pitt Agri. Center","PM2.5","Pitt",35.6412760008938,-77.360126
"8067",2025-02-20,22,"Pitt Agri. Center","PM2.5","Pitt",35.6412760008938,-77.360126
"8068",2025-02-21,19,"Pitt Agri. Center","PM2.5","Pitt",35.6412760008938,-77.360126
"8069",2025-02-22,32,"Pitt Agri. Center","PM2.5","Pitt",35.6412760008938,-77.360126
"8070",2025-02-23,42,"Pitt Agri. Center","PM2.5","Pitt",35.6412760008938,-77.360126
"8071",2025-02-24,38,"Pitt Agri. Center","PM2.5","Pitt",35.6412760008938,-77.360126
"8072",2025-02-25,58,"Pitt Agri. Center","PM2.5","Pitt",35.6412760008938,-77.360126
"8073",2025-02-26,51,"Pitt Agri. Center","PM2.5","Pitt",35.6412760008938,-77.360126
"8074",2025-02-27,61,"Pitt Agri. Center","PM2.5","Pitt",35.6412760008938,-77.360126
"8075",2025-02-28,17,"Pitt Agri. Center","PM2.5","Pitt",35.6412760008938,-77.360126
"8076",2025-03-01,35,"Pitt Agri. Center","PM2.5","Pitt",35.6412760008938,-77.360126
"8077",2025-03-02,12,"Pitt Agri. Center","PM2.5","Pitt",35.6412760008938,-77.360126
"8078",2025-03-03,17,"Pitt Agri. Center","PM2.5","Pitt",35.6412760008938,-77.360126
"8079",2025-03-04,17,"Pitt Agri. Center","PM2.5","Pitt",35.6412760008938,-77.360126
"8080",2025-03-05,30,"Pitt Agri. Center","PM2.5","Pitt",35.6412760008938,-77.360126
"8081",2025-03-06,3,"Pitt Agri. Center","PM2.5","Pitt",35.6412760008938,-77.360126
"8082",2025-03-07,12,"Pitt Agri. Center","PM2.5","Pitt",35.6412760008938,-77.360126
"8083",2025-03-08,51,"Pitt Agri. Center","PM2.5","Pitt",35.6412760008938,-77.360126
"8084",2025-03-09,23,"Pitt Agri. Center","PM2.5","Pitt",35.6412760008938,-77.360126
"8085",2025-03-10,31,"Pitt Agri. Center","PM2.5","Pitt",35.6412760008938,-77.360126
"8086",2025-03-11,25,"Pitt Agri. Center","PM2.5","Pitt",35.6412760008938,-77.360126
"8087",2025-03-12,53,"Pitt Agri. Center","PM2.5","Pitt",35.6412760008938,-77.360126
"8088",2025-03-13,60,"Pitt Agri. Center","PM2.5","Pitt",35.6412760008938,-77.360126
"8089",2025-03-14,52,"Pitt Agri. Center","PM2.5","Pitt",35.6412760008938,-77.360126
"8090",2025-03-15,43,"Pitt Agri. Center","PM2.5","Pitt",35.6412760008938,-77.360126
"8091",2025-03-16,29,"Pitt Agri. Center","PM2.5","Pitt",35.6412760008938,-77.360126
"8092",2025-03-17,25,"Pitt Agri. Center","PM2.5","Pitt",35.6412760008938,-77.360126
"8093",2025-03-18,14,"Pitt Agri. Center","PM2.5","Pitt",35.6412760008938,-77.360126
"8094",2025-03-19,32,"Pitt Agri. Center","PM2.5","Pitt",35.6412760008938,-77.360126
"8095",2025-03-20,37,"Pitt Agri. Center","PM2.5","Pitt",35.6412760008938,-77.360126
"8096",2025-03-21,1,"Pitt Agri. Center","PM2.5","Pitt",35.6412760008938,-77.360126
"8097",2025-03-22,39,"Pitt Agri. Center","PM2.5","Pitt",35.6412760008938,-77.360126
"8098",2025-03-23,31,"Pitt Agri. Center","PM2.5","Pitt",35.6412760008938,-77.360126
"8099",2025-03-24,46,"Pitt Agri. Center","PM2.5","Pitt",35.6412760008938,-77.360126
"8100",2025-03-25,11,"Pitt Agri. Center","PM2.5","Pitt",35.6412760008938,-77.360126
"8101",2025-03-26,12,"Pitt Agri. Center","PM2.5","Pitt",35.6412760008938,-77.360126
"8102",2025-03-27,26,"Pitt Agri. Center","PM2.5","Pitt",35.6412760008938,-77.360126
"8103",2025-03-28,27,"Pitt Agri. Center","PM2.5","Pitt",35.6412760008938,-77.360126
"8104",2025-03-29,28,"Pitt Agri. Center","PM2.5","Pitt",35.6412760008938,-77.360126
"8105",2025-03-30,26,"Pitt Agri. Center","PM2.5","Pitt",35.6412760008938,-77.360126
"8106",2025-03-31,25,"Pitt Agri. Center","PM2.5","Pitt",35.6412760008938,-77.360126
"8107",2025-04-01,9,"Pitt Agri. Center","PM2.5","Pitt",35.6412760008938,-77.360126
"8108",2025-04-02,23,"Pitt Agri. Center","PM2.5","Pitt",35.6412760008938,-77.360126
"8109",2025-04-03,41,"Pitt Agri. Center","PM2.5","Pitt",35.6412760008938,-77.360126
"8110",2025-04-04,44,"Pitt Agri. Center","PM2.5","Pitt",35.6412760008938,-77.360126
"8111",2025-04-05,29,"Pitt Agri. Center","PM2.5","Pitt",35.6412760008938,-77.360126
"8112",2025-04-06,32,"Pitt Agri. Center","PM2.5","Pitt",35.6412760008938,-77.360126
"8113",2025-04-07,29,"Pitt Agri. Center","PM2.5","Pitt",35.6412760008938,-77.360126
"8114",2025-04-08,13,"Pitt Agri. Center","PM2.5","Pitt",35.6412760008938,-77.360126
"8115",2025-04-09,23,"Pitt Agri. Center","PM2.5","Pitt",35.6412760008938,-77.360126
"8116",2025-04-10,25,"Pitt Agri. Center","PM2.5","Pitt",35.6412760008938,-77.360126
"8117",2025-04-11,15,"Pitt Agri. Center","PM2.5","Pitt",35.6412760008938,-77.360126
"8118",2025-04-12,7,"Pitt Agri. Center","PM2.5","Pitt",35.6412760008938,-77.360126
"8119",2025-04-13,23,"Pitt Agri. Center","PM2.5","Pitt",35.6412760008938,-77.360126
"8120",2025-04-14,52,"Pitt Agri. Center","PM2.5","Pitt",35.6412760008938,-77.360126
"8121",2025-04-15,51,"Pitt Agri. Center","PM2.5","Pitt",35.6412760008938,-77.360126
"8122",2025-04-16,19,"Pitt Agri. Center","PM2.5","Pitt",35.6412760008938,-77.360126
"8123",2025-04-17,32,"Pitt Agri. Center","PM2.5","Pitt",35.6412760008938,-77.360126
"8124",2025-04-18,33,"Pitt Agri. Center","PM2.5","Pitt",35.6412760008938,-77.360126
"8125",2025-04-19,33,"Pitt Agri. Center","PM2.5","Pitt",35.6412760008938,-77.360126
"8126",2025-04-20,57,"Pitt Agri. Center","PM2.5","Pitt",35.6412760008938,-77.360126
"8127",2025-04-21,42,"Pitt Agri. Center","PM2.5","Pitt",35.6412760008938,-77.360126
"8128",2025-04-22,53,"Pitt Agri. Center","PM2.5","Pitt",35.6412760008938,-77.360126
"8129",2025-04-23,56,"Pitt Agri. Center","PM2.5","Pitt",35.6412760008938,-77.360126
"8130",2025-04-24,51,"Pitt Agri. Center","PM2.5","Pitt",35.6412760008938,-77.360126
"8131",2025-04-25,30,"Pitt Agri. Center","PM2.5","Pitt",35.6412760008938,-77.360126
"8132",2025-04-26,34,"Pitt Agri. Center","PM2.5","Pitt",35.6412760008938,-77.360126
"8133",2025-04-27,16,"Pitt Agri. Center","PM2.5","Pitt",35.6412760008938,-77.360126
"8134",2025-04-28,21,"Pitt Agri. Center","PM2.5","Pitt",35.6412760008938,-77.360126
"8135",2025-04-29,32,"Pitt Agri. Center","PM2.5","Pitt",35.6412760008938,-77.360126
"8136",2025-04-30,44,"Pitt Agri. Center","PM2.5","Pitt",35.6412760008938,-77.360126
"8137",2025-05-01,39,"Pitt Agri. Center","PM2.5","Pitt",35.6412760008938,-77.360126
"8138",2025-05-02,47,"Pitt Agri. Center","PM2.5","Pitt",35.6412760008938,-77.360126
"8139",2025-05-03,40,"Pitt Agri. Center","PM2.5","Pitt",35.6412760008938,-77.360126
"8140",2025-05-04,21,"Pitt Agri. Center","PM2.5","Pitt",35.6412760008938,-77.360126
"8141",2025-05-05,28,"Pitt Agri. Center","PM2.5","Pitt",35.6412760008938,-77.360126
"8142",2025-05-06,37,"Pitt Agri. Center","PM2.5","Pitt",35.6412760008938,-77.360126
"8143",2025-05-07,38,"Pitt Agri. Center","PM2.5","Pitt",35.6412760008938,-77.360126
"8144",2025-05-08,47,"Pitt Agri. Center","PM2.5","Pitt",35.6412760008938,-77.360126
"8145",2025-05-09,23,"Pitt Agri. Center","PM2.5","Pitt",35.6412760008938,-77.360126
"8146",2025-05-10,23,"Pitt Agri. Center","PM2.5","Pitt",35.6412760008938,-77.360126
"8147",2025-05-11,33,"Pitt Agri. Center","PM2.5","Pitt",35.6412760008938,-77.360126
"8148",2025-05-12,24,"Pitt Agri. Center","PM2.5","Pitt",35.6412760008938,-77.360126
"8149",2025-05-13,9,"Pitt Agri. Center","PM2.5","Pitt",35.6412760008938,-77.360126
"8150",2025-05-14,29,"Pitt Agri. Center","PM2.5","Pitt",35.6412760008938,-77.360126
"8151",2025-05-15,51,"Pitt Agri. Center","PM2.5","Pitt",35.6412760008938,-77.360126
"8152",2025-05-16,58,"Pitt Agri. Center","PM2.5","Pitt",35.6412760008938,-77.360126
"8153",2025-05-17,47,"Pitt Agri. Center","PM2.5","Pitt",35.6412760008938,-77.360126
"8154",2025-05-18,26,"Pitt Agri. Center","PM2.5","Pitt",35.6412760008938,-77.360126
"8155",2025-05-19,32,"Pitt Agri. Center","PM2.5","Pitt",35.6412760008938,-77.360126
"8156",2025-05-20,30,"Pitt Agri. Center","PM2.5","Pitt",35.6412760008938,-77.360126
"8157",2025-05-21,30,"Pitt Agri. Center","PM2.5","Pitt",35.6412760008938,-77.360126
"8158",2025-05-22,21,"Pitt Agri. Center","PM2.5","Pitt",35.6412760008938,-77.360126
"8159",2025-05-23,10,"Pitt Agri. Center","PM2.5","Pitt",35.6412760008938,-77.360126
"8160",2025-05-24,22,"Pitt Agri. Center","PM2.5","Pitt",35.6412760008938,-77.360126
"8161",2025-05-25,34,"Pitt Agri. Center","PM2.5","Pitt",35.6412760008938,-77.360126
"8162",2025-05-26,17,"Pitt Agri. Center","PM2.5","Pitt",35.6412760008938,-77.360126
"8163",2025-05-27,14,"Pitt Agri. Center","PM2.5","Pitt",35.6412760008938,-77.360126
"8164",2025-05-28,17,"Pitt Agri. Center","PM2.5","Pitt",35.6412760008938,-77.360126
"8165",2025-05-29,28,"Pitt Agri. Center","PM2.5","Pitt",35.6412760008938,-77.360126
"8166",2025-05-30,23,"Pitt Agri. Center","PM2.5","Pitt",35.6412760008938,-77.360126
"8167",2025-05-31,34,"Pitt Agri. Center","PM2.5","Pitt",35.6412760008938,-77.360126
"8168",2025-06-01,44,"Pitt Agri. Center","PM2.5","Pitt",35.6412760008938,-77.360126
"8169",2025-06-02,36,"Pitt Agri. Center","PM2.5","Pitt",35.6412760008938,-77.360126
"8170",2025-06-03,34,"Pitt Agri. Center","PM2.5","Pitt",35.6412760008938,-77.360126
"8171",2025-06-04,40,"Pitt Agri. Center","PM2.5","Pitt",35.6412760008938,-77.360126
"8172",2025-06-05,31,"Pitt Agri. Center","PM2.5","Pitt",35.6412760008938,-77.360126
"8173",2025-06-06,42,"Pitt Agri. Center","PM2.5","Pitt",35.6412760008938,-77.360126
"8174",2025-06-07,54,"Pitt Agri. Center","PM2.5","Pitt",35.6412760008938,-77.360126
"8175",2025-06-08,31,"Pitt Agri. Center","PM2.5","Pitt",35.6412760008938,-77.360126
"8176",2025-06-09,48,"Pitt Agri. Center","PM2.5","Pitt",35.6412760008938,-77.360126
"8177",2025-06-10,25,"Pitt Agri. Center","PM2.5","Pitt",35.6412760008938,-77.360126
"8178",2025-06-11,39,"Pitt Agri. Center","PM2.5","Pitt",35.6412760008938,-77.360126
"8179",2025-06-12,37,"Pitt Agri. Center","PM2.5","Pitt",35.6412760008938,-77.360126
"8180",2025-06-13,29,"Pitt Agri. Center","PM2.5","Pitt",35.6412760008938,-77.360126
"8181",2025-06-14,43,"Pitt Agri. Center","PM2.5","Pitt",35.6412760008938,-77.360126
"8182",2025-06-15,35,"Pitt Agri. Center","PM2.5","Pitt",35.6412760008938,-77.360126
"8183",2025-06-16,32,"Pitt Agri. Center","PM2.5","Pitt",35.6412760008938,-77.360126
"8184",2025-06-17,39,"Pitt Agri. Center","PM2.5","Pitt",35.6412760008938,-77.360126
"8185",2025-06-18,38,"Pitt Agri. Center","PM2.5","Pitt",35.6412760008938,-77.360126
"8186",2025-06-19,42,"Pitt Agri. Center","PM2.5","Pitt",35.6412760008938,-77.360126
"8187",2025-06-20,24,"Pitt Agri. Center","PM2.5","Pitt",35.6412760008938,-77.360126
"8188",2025-06-21,43,"Pitt Agri. Center","PM2.5","Pitt",35.6412760008938,-77.360126
"8189",2025-06-22,46,"Pitt Agri. Center","PM2.5","Pitt",35.6412760008938,-77.360126
"8190",2025-06-23,54,"Pitt Agri. Center","PM2.5","Pitt",35.6412760008938,-77.360126
"8191",2025-06-24,67,"Pitt Agri. Center","PM2.5","Pitt",35.6412760008938,-77.360126
"8192",2025-06-25,70,"Pitt Agri. Center","PM2.5","Pitt",35.6412760008938,-77.360126
"8193",2025-06-26,58,"Pitt Agri. Center","PM2.5","Pitt",35.6412760008938,-77.360126
"8194",2025-06-27,56,"Pitt Agri. Center","PM2.5","Pitt",35.6412760008938,-77.360126
"8195",2025-06-28,42,"Pitt Agri. Center","PM2.5","Pitt",35.6412760008938,-77.360126
"8196",2025-06-29,49,"Pitt Agri. Center","PM2.5","Pitt",35.6412760008938,-77.360126
"8197",2025-06-30,48,"Pitt Agri. Center","PM2.5","Pitt",35.6412760008938,-77.360126
"8198",2025-07-01,43,"Pitt Agri. Center","PM2.5","Pitt",35.6412760008938,-77.360126
"8199",2025-07-02,42,"Pitt Agri. Center","PM2.5","Pitt",35.6412760008938,-77.360126
"8200",2025-07-03,39,"Pitt Agri. Center","PM2.5","Pitt",35.6412760008938,-77.360126
"8201",2025-07-04,56,"Pitt Agri. Center","PM2.5","Pitt",35.6412760008938,-77.360126
"8202",2025-07-05,47,"Pitt Agri. Center","PM2.5","Pitt",35.6412760008938,-77.360126
"8203",2025-07-06,20,"Pitt Agri. Center","PM2.5","Pitt",35.6412760008938,-77.360126
"8204",2025-07-07,40,"Pitt Agri. Center","PM2.5","Pitt",35.6412760008938,-77.360126
"8205",2025-07-08,45,"Pitt Agri. Center","PM2.5","Pitt",35.6412760008938,-77.360126
"8206",2025-07-09,29,"Pitt Agri. Center","PM2.5","Pitt",35.6412760008938,-77.360126
"8207",2025-07-10,32,"Pitt Agri. Center","PM2.5","Pitt",35.6412760008938,-77.360126
"8208",2025-07-11,36,"Pitt Agri. Center","PM2.5","Pitt",35.6412760008938,-77.360126
"8209",2025-07-12,52,"Pitt Agri. Center","PM2.5","Pitt",35.6412760008938,-77.360126
"8210",2025-07-13,43,"Pitt Agri. Center","PM2.5","Pitt",35.6412760008938,-77.360126
"8211",2025-07-14,30,"Pitt Agri. Center","PM2.5","Pitt",35.6412760008938,-77.360126
"8212",2025-07-15,24,"Pitt Agri. Center","PM2.5","Pitt",35.6412760008938,-77.360126
"8213",2025-07-16,37,"Pitt Agri. Center","PM2.5","Pitt",35.6412760008938,-77.360126
"8214",2025-07-17,36,"Pitt Agri. Center","PM2.5","Pitt",35.6412760008938,-77.360126
"8215",2025-07-18,36,"Pitt Agri. Center","PM2.5","Pitt",35.6412760008938,-77.360126
"8216",2025-07-19,47,"Pitt Agri. Center","PM2.5","Pitt",35.6412760008938,-77.360126
"8217",2025-07-20,37,"Pitt Agri. Center","PM2.5","Pitt",35.6412760008938,-77.360126
"8218",2025-07-21,48,"Pitt Agri. Center","PM2.5","Pitt",35.6412760008938,-77.360126
"8219",2025-07-22,33,"Pitt Agri. Center","PM2.5","Pitt",35.6412760008938,-77.360126
"8220",2025-07-23,55,"Pitt Agri. Center","PM2.5","Pitt",35.6412760008938,-77.360126
"8221",2025-07-24,36,"Pitt Agri. Center","PM2.5","Pitt",35.6412760008938,-77.360126
"8222",2025-07-25,50,"Pitt Agri. Center","PM2.5","Pitt",35.6412760008938,-77.360126
"8223",2025-07-26,59,"Pitt Agri. Center","PM2.5","Pitt",35.6412760008938,-77.360126
"8224",2025-07-27,54,"Pitt Agri. Center","PM2.5","Pitt",35.6412760008938,-77.360126
"8225",2025-07-28,31,"Pitt Agri. Center","PM2.5","Pitt",35.6412760008938,-77.360126
"8226",2025-07-29,39,"Pitt Agri. Center","PM2.5","Pitt",35.6412760008938,-77.360126
"8227",2025-07-30,38,"Pitt Agri. Center","PM2.5","Pitt",35.6412760008938,-77.360126
"8228",2025-07-31,40,"Pitt Agri. Center","PM2.5","Pitt",35.6412760008938,-77.360126
"8229",2025-08-01,44,"Pitt Agri. Center","PM2.5","Pitt",35.6412760008938,-77.360126
"8230",2025-08-02,19,"Pitt Agri. Center","PM2.5","Pitt",35.6412760008938,-77.360126
"8231",2025-08-03,29,"Pitt Agri. Center","PM2.5","Pitt",35.6412760008938,-77.360126
"8232",2025-08-04,22,"Pitt Agri. Center","PM2.5","Pitt",35.6412760008938,-77.360126
"8233",2025-08-05,26,"Pitt Agri. Center","PM2.5","Pitt",35.6412760008938,-77.360126
"8234",2025-08-06,33,"Pitt Agri. Center","PM2.5","Pitt",35.6412760008938,-77.360126
"8235",2025-08-07,68,"Pitt Agri. Center","PM2.5","Pitt",35.6412760008938,-77.360126
"8236",2025-08-08,61,"Pitt Agri. Center","PM2.5","Pitt",35.6412760008938,-77.360126
"8237",2025-08-09,27,"Pitt Agri. Center","PM2.5","Pitt",35.6412760008938,-77.360126
"8238",2025-08-10,15,"Pitt Agri. Center","PM2.5","Pitt",35.6412760008938,-77.360126
"8239",2025-08-11,11,"Pitt Agri. Center","PM2.5","Pitt",35.6412760008938,-77.360126
"8240",2025-08-12,8,"Pitt Agri. Center","PM2.5","Pitt",35.6412760008938,-77.360126
"8241",2025-08-13,23,"Pitt Agri. Center","PM2.5","Pitt",35.6412760008938,-77.360126
"8242",2025-08-14,31,"Pitt Agri. Center","PM2.5","Pitt",35.6412760008938,-77.360126
"8243",2025-08-15,24,"Pitt Agri. Center","PM2.5","Pitt",35.6412760008938,-77.360126
"8244",2025-08-16,32,"Pitt Agri. Center","PM2.5","Pitt",35.6412760008938,-77.360126
"8245",2025-08-17,46,"Pitt Agri. Center","PM2.5","Pitt",35.6412760008938,-77.360126
"8246",2025-08-18,53,"Pitt Agri. Center","PM2.5","Pitt",35.6412760008938,-77.360126
"8247",2025-08-19,22,"Pitt Agri. Center","PM2.5","Pitt",35.6412760008938,-77.360126
"8248",2025-08-20,22,"Pitt Agri. Center","PM2.5","Pitt",35.6412760008938,-77.360126
"8249",2025-08-21,23,"Pitt Agri. Center","PM2.5","Pitt",35.6412760008938,-77.360126
"8250",2025-08-22,16,"Pitt Agri. Center","PM2.5","Pitt",35.6412760008938,-77.360126
"8251",2025-08-23,29,"Pitt Agri. Center","PM2.5","Pitt",35.6412760008938,-77.360126
"8252",2025-08-24,27,"Pitt Agri. Center","PM2.5","Pitt",35.6412760008938,-77.360126
"8253",2025-08-25,41,"Pitt Agri. Center","PM2.5","Pitt",35.6412760008938,-77.360126
"8254",2025-08-26,32,"Pitt Agri. Center","PM2.5","Pitt",35.6412760008938,-77.360126
"8255",2025-08-27,33,"Pitt Agri. Center","PM2.5","Pitt",35.6412760008938,-77.360126
"8256",2025-08-28,39,"Pitt Agri. Center","PM2.5","Pitt",35.6412760008938,-77.360126
"8257",2025-08-29,41,"Pitt Agri. Center","PM2.5","Pitt",35.6412760008938,-77.360126
"8258",2025-08-30,43,"Pitt Agri. Center","PM2.5","Pitt",35.6412760008938,-77.360126
"8259",2025-08-31,16,"Pitt Agri. Center","PM2.5","Pitt",35.6412760008938,-77.360126
"8260",2025-09-01,18,"Pitt Agri. Center","PM2.5","Pitt",35.6412760008938,-77.360126
"8261",2025-09-02,14,"Pitt Agri. Center","PM2.5","Pitt",35.6412760008938,-77.360126
"8262",2025-09-03,23,"Pitt Agri. Center","PM2.5","Pitt",35.6412760008938,-77.360126
"8263",2025-09-04,31,"Pitt Agri. Center","PM2.5","Pitt",35.6412760008938,-77.360126
"8264",2025-09-05,39,"Pitt Agri. Center","PM2.5","Pitt",35.6412760008938,-77.360126
"8265",2025-09-06,35,"Pitt Agri. Center","PM2.5","Pitt",35.6412760008938,-77.360126
"8266",2025-09-07,46,"Pitt Agri. Center","PM2.5","Pitt",35.6412760008938,-77.360126
"8267",2025-09-08,37,"Pitt Agri. Center","PM2.5","Pitt",35.6412760008938,-77.360126
"8268",2025-09-09,25,"Pitt Agri. Center","PM2.5","Pitt",35.6412760008938,-77.360126
"8269",2025-09-10,18,"Pitt Agri. Center","PM2.5","Pitt",35.6412760008938,-77.360126
"8270",2025-09-11,17,"Pitt Agri. Center","PM2.5","Pitt",35.6412760008938,-77.360126
"8271",2025-09-12,32,"Pitt Agri. Center","PM2.5","Pitt",35.6412760008938,-77.360126
"8272",2025-09-13,31,"Pitt Agri. Center","PM2.5","Pitt",35.6412760008938,-77.360126
"8273",2025-09-14,39,"Pitt Agri. Center","PM2.5","Pitt",35.6412760008938,-77.360126
"8274",2025-09-15,31,"Pitt Agri. Center","PM2.5","Pitt",35.6412760008938,-77.360126
"8275",2025-09-16,18,"Pitt Agri. Center","PM2.5","Pitt",35.6412760008938,-77.360126
"8276",2025-09-17,17,"Pitt Agri. Center","PM2.5","Pitt",35.6412760008938,-77.360126
"8277",2025-09-18,19,"Pitt Agri. Center","PM2.5","Pitt",35.6412760008938,-77.360126
"8278",2025-09-19,16,"Pitt Agri. Center","PM2.5","Pitt",35.6412760008938,-77.360126
"8279",2025-09-20,7,"Pitt Agri. Center","PM2.5","Pitt",35.6412760008938,-77.360126
"8280",2025-09-21,6,"Pitt Agri. Center","PM2.5","Pitt",35.6412760008938,-77.360126
"8281",2025-09-22,6,"Pitt Agri. Center","PM2.5","Pitt",35.6412760008938,-77.360126
"8282",2025-09-23,8,"Pitt Agri. Center","PM2.5","Pitt",35.6412760008938,-77.360126
"8283",2025-09-24,19,"Pitt Agri. Center","PM2.5","Pitt",35.6412760008938,-77.360126
"8284",2025-09-25,36,"Pitt Agri. Center","PM2.5","Pitt",35.6412760008938,-77.360126
"8285",2025-09-26,35,"Pitt Agri. Center","PM2.5","Pitt",35.6412760008938,-77.360126
"8286",2025-09-27,33,"Pitt Agri. Center","PM2.5","Pitt",35.6412760008938,-77.360126
"8287",2025-09-28,24,"Pitt Agri. Center","PM2.5","Pitt",35.6412760008938,-77.360126
"8288",2025-09-29,27,"Pitt Agri. Center","PM2.5","Pitt",35.6412760008938,-77.360126
"8289",2025-09-30,33,"Pitt Agri. Center","PM2.5","Pitt",35.6412760008938,-77.360126
"8290",2025-10-01,40,"Pitt Agri. Center","PM2.5","Pitt",35.6412760008938,-77.360126
"8291",2025-10-02,26,"Pitt Agri. Center","PM2.5","Pitt",35.6412760008938,-77.360126
"8292",2025-10-03,23,"Pitt Agri. Center","PM2.5","Pitt",35.6412760008938,-77.360126
"8293",2025-10-04,25,"Pitt Agri. Center","PM2.5","Pitt",35.6412760008938,-77.360126
"8294",2025-10-05,22,"Pitt Agri. Center","PM2.5","Pitt",35.6412760008938,-77.360126
"8295",2025-10-06,14,"Pitt Agri. Center","PM2.5","Pitt",35.6412760008938,-77.360126
"8296",2025-10-07,18,"Pitt Agri. Center","PM2.5","Pitt",35.6412760008938,-77.360126
"8297",2025-10-08,25,"Pitt Agri. Center","PM2.5","Pitt",35.6412760008938,-77.360126
"8298",2025-10-09,21,"Pitt Agri. Center","PM2.5","Pitt",35.6412760008938,-77.360126
"8299",2025-10-10,21,"Pitt Agri. Center","PM2.5","Pitt",35.6412760008938,-77.360126
"8300",2025-10-11,27,"Pitt Agri. Center","PM2.5","Pitt",35.6412760008938,-77.360126
"8301",2025-10-12,8,"Pitt Agri. Center","PM2.5","Pitt",35.6412760008938,-77.360126
"8302",2025-10-13,8,"Pitt Agri. Center","PM2.5","Pitt",35.6412760008938,-77.360126
"8303",2025-10-14,9,"Pitt Agri. Center","PM2.5","Pitt",35.6412760008938,-77.360126
"8304",2025-10-15,19,"Pitt Agri. Center","PM2.5","Pitt",35.6412760008938,-77.360126
"8305",2025-10-16,21,"Pitt Agri. Center","PM2.5","Pitt",35.6412760008938,-77.360126
"8306",2025-10-17,21,"Pitt Agri. Center","PM2.5","Pitt",35.6412760008938,-77.360126
"8307",2025-10-21,37,"Pitt Agri. Center","PM2.5","Pitt",35.6412760008938,-77.360126
"8308",2025-10-22,34,"Pitt Agri. Center","PM2.5","Pitt",35.6412760008938,-77.360126
"8309",2025-10-23,28,"Pitt Agri. Center","PM2.5","Pitt",35.6412760008938,-77.360126
"8310",2025-10-24,22,"Pitt Agri. Center","PM2.5","Pitt",35.6412760008938,-77.360126
"8311",2025-10-25,22,"Pitt Agri. Center","PM2.5","Pitt",35.6412760008938,-77.360126
"8312",2025-10-26,17,"Pitt Agri. Center","PM2.5","Pitt",35.6412760008938,-77.360126
"8313",2025-10-27,14,"Pitt Agri. Center","PM2.5","Pitt",35.6412760008938,-77.360126
"8314",2025-10-28,9,"Pitt Agri. Center","PM2.5","Pitt",35.6412760008938,-77.360126
"8315",2025-10-29,11,"Pitt Agri. Center","PM2.5","Pitt",35.6412760008938,-77.360126
"8316",2025-10-30,12,"Pitt Agri. Center","PM2.5","Pitt",35.6412760008938,-77.360126
"8317",2025-10-31,19,"Pitt Agri. Center","PM2.5","Pitt",35.6412760008938,-77.360126
"8318",2025-11-01,37,"Pitt Agri. Center","PM2.5","Pitt",35.6412760008938,-77.360126
"8319",2025-11-02,43,"Pitt Agri. Center","PM2.5","Pitt",35.6412760008938,-77.360126
"8320",2025-11-03,21,"Pitt Agri. Center","PM2.5","Pitt",35.6412760008938,-77.360126
"8321",2025-11-04,26,"Pitt Agri. Center","PM2.5","Pitt",35.6412760008938,-77.360126
"8322",2025-11-05,43,"Pitt Agri. Center","PM2.5","Pitt",35.6412760008938,-77.360126
"8323",2025-11-06,34,"Pitt Agri. Center","PM2.5","Pitt",35.6412760008938,-77.360126
"8324",2025-11-07,34,"Pitt Agri. Center","PM2.5","Pitt",35.6412760008938,-77.360126
"8325",2025-11-08,54,"Pitt Agri. Center","PM2.5","Pitt",35.6412760008938,-77.360126
"8326",2025-11-09,53,"Pitt Agri. Center","PM2.5","Pitt",35.6412760008938,-77.360126
"8327",2025-11-10,8,"Pitt Agri. Center","PM2.5","Pitt",35.6412760008938,-77.360126
"8328",2025-11-11,16,"Pitt Agri. Center","PM2.5","Pitt",35.6412760008938,-77.360126
"8329",2025-11-12,42,"Pitt Agri. Center","PM2.5","Pitt",35.6412760008938,-77.360126
"8330",2025-11-13,35,"Pitt Agri. Center","PM2.5","Pitt",35.6412760008938,-77.360126
"8331",2025-11-14,40,"Pitt Agri. Center","PM2.5","Pitt",35.6412760008938,-77.360126
"8332",2025-11-15,53,"Pitt Agri. Center","PM2.5","Pitt",35.6412760008938,-77.360126
"8333",2025-11-16,44,"Pitt Agri. Center","PM2.5","Pitt",35.6412760008938,-77.360126
"8334",2025-11-17,21,"Pitt Agri. Center","PM2.5","Pitt",35.6412760008938,-77.360126
"8335",2025-11-18,52,"Pitt Agri. Center","PM2.5","Pitt",35.6412760008938,-77.360126
"8336",2025-11-19,47,"Pitt Agri. Center","PM2.5","Pitt",35.6412760008938,-77.360126
"8337",2025-11-20,53,"Pitt Agri. Center","PM2.5","Pitt",35.6412760008938,-77.360126
"8338",2025-11-21,62,"Pitt Agri. Center","PM2.5","Pitt",35.6412760008938,-77.360126
"8339",2025-11-22,55,"Pitt Agri. Center","PM2.5","Pitt",35.6412760008938,-77.360126
"8340",2025-11-23,25,"Pitt Agri. Center","PM2.5","Pitt",35.6412760008938,-77.360126
"8341",2025-11-24,41,"Pitt Agri. Center","PM2.5","Pitt",35.6412760008938,-77.360126
"8342",2025-11-25,28,"Pitt Agri. Center","PM2.5","Pitt",35.6412760008938,-77.360126
"8343",2025-11-26,24,"Pitt Agri. Center","PM2.5","Pitt",35.6412760008938,-77.360126
"8344",2025-11-27,10,"Pitt Agri. Center","PM2.5","Pitt",35.6412760008938,-77.360126
"8345",2025-11-28,19,"Pitt Agri. Center","PM2.5","Pitt",35.6412760008938,-77.360126
"8346",2025-11-29,24,"Pitt Agri. Center","PM2.5","Pitt",35.6412760008938,-77.360126
"8347",2025-11-30,36,"Pitt Agri. Center","PM2.5","Pitt",35.6412760008938,-77.360126
"8348",2025-12-01,27,"Pitt Agri. Center","PM2.5","Pitt",35.6412760008938,-77.360126
"8349",2025-12-02,23,"Pitt Agri. Center","PM2.5","Pitt",35.6412760008938,-77.360126
"8350",2025-12-03,34,"Pitt Agri. Center","PM2.5","Pitt",35.6412760008938,-77.360126
"8351",2025-12-04,56,"Pitt Agri. Center","PM2.5","Pitt",35.6412760008938,-77.360126
"8352",2025-12-05,26,"Pitt Agri. Center","PM2.5","Pitt",35.6412760008938,-77.360126
"8353",2025-12-06,33,"Pitt Agri. Center","PM2.5","Pitt",35.6412760008938,-77.360126
"8354",2025-12-07,53,"Pitt Agri. Center","PM2.5","Pitt",35.6412760008938,-77.360126
"8355",2025-12-08,37,"Pitt Agri. Center","PM2.5","Pitt",35.6412760008938,-77.360126
"8356",2025-12-09,24,"Pitt Agri. Center","PM2.5","Pitt",35.6412760008938,-77.360126
"8357",2025-12-10,46,"Pitt Agri. Center","PM2.5","Pitt",35.6412760008938,-77.360126
"8358",2025-12-11,20,"Pitt Agri. Center","PM2.5","Pitt",35.6412760008938,-77.360126
"8359",2025-12-12,26,"Pitt Agri. Center","PM2.5","Pitt",35.6412760008938,-77.360126
"8360",2025-12-13,56,"Pitt Agri. Center","PM2.5","Pitt",35.6412760008938,-77.360126
"8361",2025-12-14,33,"Pitt Agri. Center","PM2.5","Pitt",35.6412760008938,-77.360126
"8362",2025-12-15,19,"Pitt Agri. Center","PM2.5","Pitt",35.6412760008938,-77.360126
"8363",2025-12-16,48,"Pitt Agri. Center","PM2.5","Pitt",35.6412760008938,-77.360126
"8364",2025-12-17,53,"Pitt Agri. Center","PM2.5","Pitt",35.6412760008938,-77.360126
"8365",2025-12-18,53,"Pitt Agri. Center","PM2.5","Pitt",35.6412760008938,-77.360126
"8366",2025-12-19,11,"Pitt Agri. Center","PM2.5","Pitt",35.6412760008938,-77.360126
"8367",2025-12-20,21,"Pitt Agri. Center","PM2.5","Pitt",35.6412760008938,-77.360126
"8368",2025-12-21,26,"Pitt Agri. Center","PM2.5","Pitt",35.6412760008938,-77.360126
"8369",2025-12-22,18,"Pitt Agri. Center","PM2.5","Pitt",35.6412760008938,-77.360126
"8370",2025-12-23,31,"Pitt Agri. Center","PM2.5","Pitt",35.6412760008938,-77.360126
"8371",2025-12-24,36,"Pitt Agri. Center","PM2.5","Pitt",35.6412760008938,-77.360126
"8372",2025-12-25,52,"Pitt Agri. Center","PM2.5","Pitt",35.6412760008938,-77.360126
"8373",2025-12-26,25,"Pitt Agri. Center","PM2.5","Pitt",35.6412760008938,-77.360126
"8374",2025-12-27,30,"Pitt Agri. Center","PM2.5","Pitt",35.6412760008938,-77.360126
"8375",2025-12-28,31,"Pitt Agri. Center","PM2.5","Pitt",35.6412760008938,-77.360126
"8376",2025-12-29,69,"Pitt Agri. Center","PM2.5","Pitt",35.6412760008938,-77.360126
"8377",2025-12-30,11,"Pitt Agri. Center","PM2.5","Pitt",35.6412760008938,-77.360126
"8378",2025-12-31,23,"Pitt Agri. Center","PM2.5","Pitt",35.6412760008938,-77.360126
"8379",2025-01-01,4,"Rockwell","PM2.5","Rowan",35.551868,-80.395039
"8380",2025-01-02,21,"Rockwell","PM2.5","Rowan",35.551868,-80.395039
"8381",2025-01-03,25,"Rockwell","PM2.5","Rowan",35.551868,-80.395039
"8382",2025-01-04,48,"Rockwell","PM2.5","Rowan",35.551868,-80.395039
"8383",2025-01-05,52,"Rockwell","PM2.5","Rowan",35.551868,-80.395039
"8384",2025-01-06,33,"Rockwell","PM2.5","Rowan",35.551868,-80.395039
"8385",2025-01-07,12,"Rockwell","PM2.5","Rowan",35.551868,-80.395039
"8386",2025-01-08,24,"Rockwell","PM2.5","Rowan",35.551868,-80.395039
"8387",2025-01-09,19,"Rockwell","PM2.5","Rowan",35.551868,-80.395039
"8388",2025-01-10,42,"Rockwell","PM2.5","Rowan",35.551868,-80.395039
"8389",2025-01-11,29,"Rockwell","PM2.5","Rowan",35.551868,-80.395039
"8390",2025-01-12,34,"Rockwell","PM2.5","Rowan",35.551868,-80.395039
"8391",2025-01-13,55,"Rockwell","PM2.5","Rowan",35.551868,-80.395039
"8392",2025-01-14,23,"Rockwell","PM2.5","Rowan",35.551868,-80.395039
"8393",2025-01-15,28,"Rockwell","PM2.5","Rowan",35.551868,-80.395039
"8394",2025-01-16,52,"Rockwell","PM2.5","Rowan",35.551868,-80.395039
"8395",2025-01-17,42,"Rockwell","PM2.5","Rowan",35.551868,-80.395039
"8396",2025-01-18,45,"Rockwell","PM2.5","Rowan",35.551868,-80.395039
"8397",2025-01-19,37,"Rockwell","PM2.5","Rowan",35.551868,-80.395039
"8398",2025-01-20,12,"Rockwell","PM2.5","Rowan",35.551868,-80.395039
"8399",2025-01-21,22,"Rockwell","PM2.5","Rowan",35.551868,-80.395039
"8400",2025-01-22,35,"Rockwell","PM2.5","Rowan",35.551868,-80.395039
"8401",2025-01-23,59,"Rockwell","PM2.5","Rowan",35.551868,-80.395039
"8402",2025-01-24,63,"Rockwell","PM2.5","Rowan",35.551868,-80.395039
"8403",2025-01-25,64,"Rockwell","PM2.5","Rowan",35.551868,-80.395039
"8404",2025-01-26,56,"Rockwell","PM2.5","Rowan",35.551868,-80.395039
"8405",2025-01-27,65,"Rockwell","PM2.5","Rowan",35.551868,-80.395039
"8406",2025-01-28,28,"Rockwell","PM2.5","Rowan",35.551868,-80.395039
"8407",2025-01-29,23,"Rockwell","PM2.5","Rowan",35.551868,-80.395039
"8408",2025-01-30,43,"Rockwell","PM2.5","Rowan",35.551868,-80.395039
"8409",2025-01-31,48,"Rockwell","PM2.5","Rowan",35.551868,-80.395039
"8410",2025-02-01,17,"Rockwell","PM2.5","Rowan",35.551868,-80.395039
"8411",2025-02-02,26,"Rockwell","PM2.5","Rowan",35.551868,-80.395039
"8412",2025-02-03,55,"Rockwell","PM2.5","Rowan",35.551868,-80.395039
"8413",2025-02-04,52,"Rockwell","PM2.5","Rowan",35.551868,-80.395039
"8414",2025-02-05,38,"Rockwell","PM2.5","Rowan",35.551868,-80.395039
"8415",2025-02-06,57,"Rockwell","PM2.5","Rowan",35.551868,-80.395039
"8416",2025-02-07,31,"Rockwell","PM2.5","Rowan",35.551868,-80.395039
"8417",2025-02-08,43,"Rockwell","PM2.5","Rowan",35.551868,-80.395039
"8418",2025-02-09,37,"Rockwell","PM2.5","Rowan",35.551868,-80.395039
"8419",2025-02-10,27,"Rockwell","PM2.5","Rowan",35.551868,-80.395039
"8420",2025-02-11,36,"Rockwell","PM2.5","Rowan",35.551868,-80.395039
"8421",2025-02-12,3,"Rockwell","PM2.5","Rowan",35.551868,-80.395039
"8422",2025-02-13,20,"Rockwell","PM2.5","Rowan",35.551868,-80.395039
"8423",2025-02-14,28,"Rockwell","PM2.5","Rowan",35.551868,-80.395039
"8424",2025-02-15,42,"Rockwell","PM2.5","Rowan",35.551868,-80.395039
"8425",2025-02-16,13,"Rockwell","PM2.5","Rowan",35.551868,-80.395039
"8426",2025-02-17,17,"Rockwell","PM2.5","Rowan",35.551868,-80.395039
"8427",2025-02-18,54,"Rockwell","PM2.5","Rowan",35.551868,-80.395039
"8428",2025-02-19,46,"Rockwell","PM2.5","Rowan",35.551868,-80.395039
"8429",2025-02-20,27,"Rockwell","PM2.5","Rowan",35.551868,-80.395039
"8430",2025-02-21,17,"Rockwell","PM2.5","Rowan",35.551868,-80.395039
"8431",2025-02-22,51,"Rockwell","PM2.5","Rowan",35.551868,-80.395039
"8432",2025-02-23,49,"Rockwell","PM2.5","Rowan",35.551868,-80.395039
"8433",2025-02-24,60,"Rockwell","PM2.5","Rowan",35.551868,-80.395039
"8434",2025-02-25,55,"Rockwell","PM2.5","Rowan",35.551868,-80.395039
"8435",2025-02-26,54,"Rockwell","PM2.5","Rowan",35.551868,-80.395039
"8436",2025-02-27,55,"Rockwell","PM2.5","Rowan",35.551868,-80.395039
"8437",2025-02-28,18,"Rockwell","PM2.5","Rowan",35.551868,-80.395039
"8438",2025-03-01,33,"Rockwell","PM2.5","Rowan",35.551868,-80.395039
"8439",2025-03-02,26,"Rockwell","PM2.5","Rowan",35.551868,-80.395039
"8440",2025-03-03,44,"Rockwell","PM2.5","Rowan",35.551868,-80.395039
"8441",2025-03-04,28,"Rockwell","PM2.5","Rowan",35.551868,-80.395039
"8442",2025-03-05,30,"Rockwell","PM2.5","Rowan",35.551868,-80.395039
"8443",2025-03-06,4,"Rockwell","PM2.5","Rowan",35.551868,-80.395039
"8444",2025-03-07,23,"Rockwell","PM2.5","Rowan",35.551868,-80.395039
"8445",2025-03-08,51,"Rockwell","PM2.5","Rowan",35.551868,-80.395039
"8446",2025-03-09,24,"Rockwell","PM2.5","Rowan",35.551868,-80.395039
"8447",2025-03-10,40,"Rockwell","PM2.5","Rowan",35.551868,-80.395039
"8448",2025-03-11,29,"Rockwell","PM2.5","Rowan",35.551868,-80.395039
"8449",2025-03-12,52,"Rockwell","PM2.5","Rowan",35.551868,-80.395039
"8450",2025-03-13,65,"Rockwell","PM2.5","Rowan",35.551868,-80.395039
"8451",2025-03-14,79,"Rockwell","PM2.5","Rowan",35.551868,-80.395039
"8452",2025-03-15,59,"Rockwell","PM2.5","Rowan",35.551868,-80.395039
"8453",2025-03-16,31,"Rockwell","PM2.5","Rowan",35.551868,-80.395039
"8454",2025-03-17,12,"Rockwell","PM2.5","Rowan",35.551868,-80.395039
"8455",2025-03-18,11,"Rockwell","PM2.5","Rowan",35.551868,-80.395039
"8456",2025-03-19,53,"Rockwell","PM2.5","Rowan",35.551868,-80.395039
"8457",2025-03-20,55,"Rockwell","PM2.5","Rowan",35.551868,-80.395039
"8458",2025-03-21,17,"Rockwell","PM2.5","Rowan",35.551868,-80.395039
"8459",2025-03-22,36,"Rockwell","PM2.5","Rowan",35.551868,-80.395039
"8460",2025-03-23,21,"Rockwell","PM2.5","Rowan",35.551868,-80.395039
"8461",2025-03-24,55,"Rockwell","PM2.5","Rowan",35.551868,-80.395039
"8462",2025-03-25,16,"Rockwell","PM2.5","Rowan",35.551868,-80.395039
"8463",2025-03-26,18,"Rockwell","PM2.5","Rowan",35.551868,-80.395039
"8464",2025-03-27,27,"Rockwell","PM2.5","Rowan",35.551868,-80.395039
"8465",2025-03-28,50,"Rockwell","PM2.5","Rowan",35.551868,-80.395039
"8466",2025-03-29,36,"Rockwell","PM2.5","Rowan",35.551868,-80.395039
"8467",2025-03-30,38,"Rockwell","PM2.5","Rowan",35.551868,-80.395039
"8468",2025-03-31,33,"Rockwell","PM2.5","Rowan",35.551868,-80.395039
"8469",2025-04-01,7,"Rockwell","PM2.5","Rowan",35.551868,-80.395039
"8470",2025-04-02,51,"Rockwell","PM2.5","Rowan",35.551868,-80.395039
"8471",2025-04-03,44,"Rockwell","PM2.5","Rowan",35.551868,-80.395039
"8472",2025-04-04,47,"Rockwell","PM2.5","Rowan",35.551868,-80.395039
"8473",2025-04-05,51,"Rockwell","PM2.5","Rowan",35.551868,-80.395039
"8474",2025-04-06,38,"Rockwell","PM2.5","Rowan",35.551868,-80.395039
"8475",2025-04-07,33,"Rockwell","PM2.5","Rowan",35.551868,-80.395039
"8476",2025-04-08,23,"Rockwell","PM2.5","Rowan",35.551868,-80.395039
"8477",2025-04-09,31,"Rockwell","PM2.5","Rowan",35.551868,-80.395039
"8478",2025-04-10,47,"Rockwell","PM2.5","Rowan",35.551868,-80.395039
"8479",2025-04-11,21,"Rockwell","PM2.5","Rowan",35.551868,-80.395039
"8480",2025-04-12,29,"Rockwell","PM2.5","Rowan",35.551868,-80.395039
"8481",2025-04-13,37,"Rockwell","PM2.5","Rowan",35.551868,-80.395039
"8482",2025-04-14,54,"Rockwell","PM2.5","Rowan",35.551868,-80.395039
"8483",2025-04-15,42,"Rockwell","PM2.5","Rowan",35.551868,-80.395039
"8484",2025-04-16,24,"Rockwell","PM2.5","Rowan",35.551868,-80.395039
"8485",2025-04-17,46,"Rockwell","PM2.5","Rowan",35.551868,-80.395039
"8486",2025-04-18,55,"Rockwell","PM2.5","Rowan",35.551868,-80.395039
"8487",2025-04-19,57,"Rockwell","PM2.5","Rowan",35.551868,-80.395039
"8488",2025-04-20,51,"Rockwell","PM2.5","Rowan",35.551868,-80.395039
"8489",2025-04-21,49,"Rockwell","PM2.5","Rowan",35.551868,-80.395039
"8490",2025-04-22,53,"Rockwell","PM2.5","Rowan",35.551868,-80.395039
"8491",2025-04-23,42,"Rockwell","PM2.5","Rowan",35.551868,-80.395039
"8492",2025-04-24,54,"Rockwell","PM2.5","Rowan",35.551868,-80.395039
"8493",2025-05-01,51,"Rockwell","PM2.5","Rowan",35.551868,-80.395039
"8494",2025-05-02,47,"Rockwell","PM2.5","Rowan",35.551868,-80.395039
"8495",2025-05-03,33,"Rockwell","PM2.5","Rowan",35.551868,-80.395039
"8496",2025-05-04,16,"Rockwell","PM2.5","Rowan",35.551868,-80.395039
"8497",2025-05-05,26,"Rockwell","PM2.5","Rowan",35.551868,-80.395039
"8498",2025-05-06,28,"Rockwell","PM2.5","Rowan",35.551868,-80.395039
"8499",2025-05-07,41,"Rockwell","PM2.5","Rowan",35.551868,-80.395039
"8500",2025-05-08,48,"Rockwell","PM2.5","Rowan",35.551868,-80.395039
"8501",2025-05-09,30,"Rockwell","PM2.5","Rowan",35.551868,-80.395039
"8502",2025-05-10,27,"Rockwell","PM2.5","Rowan",35.551868,-80.395039
"8503",2025-05-11,43,"Rockwell","PM2.5","Rowan",35.551868,-80.395039
"8504",2025-05-12,17,"Rockwell","PM2.5","Rowan",35.551868,-80.395039
"8505",2025-05-13,15,"Rockwell","PM2.5","Rowan",35.551868,-80.395039
"8506",2025-05-14,22,"Rockwell","PM2.5","Rowan",35.551868,-80.395039
"8507",2025-05-15,52,"Rockwell","PM2.5","Rowan",35.551868,-80.395039
"8508",2025-05-16,57,"Rockwell","PM2.5","Rowan",35.551868,-80.395039
"8509",2025-05-17,28,"Rockwell","PM2.5","Rowan",35.551868,-80.395039
"8510",2025-05-18,32,"Rockwell","PM2.5","Rowan",35.551868,-80.395039
"8511",2025-05-19,37,"Rockwell","PM2.5","Rowan",35.551868,-80.395039
"8512",2025-05-20,54,"Rockwell","PM2.5","Rowan",35.551868,-80.395039
"8513",2025-05-21,46,"Rockwell","PM2.5","Rowan",35.551868,-80.395039
"8514",2025-05-22,16,"Rockwell","PM2.5","Rowan",35.551868,-80.395039
"8515",2025-05-23,8,"Rockwell","PM2.5","Rowan",35.551868,-80.395039
"8516",2025-05-24,29,"Rockwell","PM2.5","Rowan",35.551868,-80.395039
"8517",2025-05-25,46,"Rockwell","PM2.5","Rowan",35.551868,-80.395039
"8518",2025-05-26,49,"Rockwell","PM2.5","Rowan",35.551868,-80.395039
"8519",2025-05-27,10,"Rockwell","PM2.5","Rowan",35.551868,-80.395039
"8520",2025-05-28,13,"Rockwell","PM2.5","Rowan",35.551868,-80.395039
"8521",2025-05-29,34,"Rockwell","PM2.5","Rowan",35.551868,-80.395039
"8522",2025-05-30,21,"Rockwell","PM2.5","Rowan",35.551868,-80.395039
"8523",2025-05-31,39,"Rockwell","PM2.5","Rowan",35.551868,-80.395039
"8524",2025-06-01,56,"Rockwell","PM2.5","Rowan",35.551868,-80.395039
"8525",2025-06-02,39,"Rockwell","PM2.5","Rowan",35.551868,-80.395039
"8526",2025-06-03,59,"Rockwell","PM2.5","Rowan",35.551868,-80.395039
"8527",2025-06-04,62,"Rockwell","PM2.5","Rowan",35.551868,-80.395039
"8528",2025-06-05,32,"Rockwell","PM2.5","Rowan",35.551868,-80.395039
"8529",2025-06-06,51,"Rockwell","PM2.5","Rowan",35.551868,-80.395039
"8530",2025-06-07,32,"Rockwell","PM2.5","Rowan",35.551868,-80.395039
"8531",2025-06-08,31,"Rockwell","PM2.5","Rowan",35.551868,-80.395039
"8532",2025-06-09,26,"Rockwell","PM2.5","Rowan",35.551868,-80.395039
"8533",2025-06-10,29,"Rockwell","PM2.5","Rowan",35.551868,-80.395039
"8534",2025-06-11,42,"Rockwell","PM2.5","Rowan",35.551868,-80.395039
"8535",2025-06-12,52,"Rockwell","PM2.5","Rowan",35.551868,-80.395039
"8536",2025-06-13,25,"Rockwell","PM2.5","Rowan",35.551868,-80.395039
"8537",2025-06-14,22,"Rockwell","PM2.5","Rowan",35.551868,-80.395039
"8538",2025-06-15,28,"Rockwell","PM2.5","Rowan",35.551868,-80.395039
"8539",2025-06-16,41,"Rockwell","PM2.5","Rowan",35.551868,-80.395039
"8540",2025-06-17,34,"Rockwell","PM2.5","Rowan",35.551868,-80.395039
"8541",2025-06-18,30,"Rockwell","PM2.5","Rowan",35.551868,-80.395039
"8542",2025-06-19,31,"Rockwell","PM2.5","Rowan",35.551868,-80.395039
"8543",2025-06-20,27,"Rockwell","PM2.5","Rowan",35.551868,-80.395039
"8544",2025-06-21,55,"Rockwell","PM2.5","Rowan",35.551868,-80.395039
"8545",2025-06-22,54,"Rockwell","PM2.5","Rowan",35.551868,-80.395039
"8546",2025-06-23,55,"Rockwell","PM2.5","Rowan",35.551868,-80.395039
"8547",2025-06-24,61,"Rockwell","PM2.5","Rowan",35.551868,-80.395039
"8548",2025-06-25,60,"Rockwell","PM2.5","Rowan",35.551868,-80.395039
"8549",2025-06-26,52,"Rockwell","PM2.5","Rowan",35.551868,-80.395039
"8550",2025-06-27,54,"Rockwell","PM2.5","Rowan",35.551868,-80.395039
"8551",2025-06-28,52,"Rockwell","PM2.5","Rowan",35.551868,-80.395039
"8552",2025-06-29,44,"Rockwell","PM2.5","Rowan",35.551868,-80.395039
"8553",2025-06-30,52,"Rockwell","PM2.5","Rowan",35.551868,-80.395039
"8554",2025-07-01,49,"Rockwell","PM2.5","Rowan",35.551868,-80.395039
"8555",2025-07-02,29,"Rockwell","PM2.5","Rowan",35.551868,-80.395039
"8556",2025-07-03,33,"Rockwell","PM2.5","Rowan",35.551868,-80.395039
"8557",2025-07-04,58,"Rockwell","PM2.5","Rowan",35.551868,-80.395039
"8558",2025-07-05,60,"Rockwell","PM2.5","Rowan",35.551868,-80.395039
"8559",2025-07-06,41,"Rockwell","PM2.5","Rowan",35.551868,-80.395039
"8560",2025-07-07,40,"Rockwell","PM2.5","Rowan",35.551868,-80.395039
"8561",2025-07-08,57,"Rockwell","PM2.5","Rowan",35.551868,-80.395039
"8562",2025-07-09,51,"Rockwell","PM2.5","Rowan",35.551868,-80.395039
"8563",2025-07-10,37,"Rockwell","PM2.5","Rowan",35.551868,-80.395039
"8564",2025-07-11,42,"Rockwell","PM2.5","Rowan",35.551868,-80.395039
"8565",2025-07-12,37,"Rockwell","PM2.5","Rowan",35.551868,-80.395039
"8566",2025-07-13,36,"Rockwell","PM2.5","Rowan",35.551868,-80.395039
"8567",2025-07-14,34,"Rockwell","PM2.5","Rowan",35.551868,-80.395039
"8568",2025-07-15,41,"Rockwell","PM2.5","Rowan",35.551868,-80.395039
"8569",2025-07-16,35,"Rockwell","PM2.5","Rowan",35.551868,-80.395039
"8570",2025-07-17,35,"Rockwell","PM2.5","Rowan",35.551868,-80.395039
"8571",2025-07-18,45,"Rockwell","PM2.5","Rowan",35.551868,-80.395039
"8572",2025-07-19,36,"Rockwell","PM2.5","Rowan",35.551868,-80.395039
"8573",2025-07-20,36,"Rockwell","PM2.5","Rowan",35.551868,-80.395039
"8574",2025-07-21,53,"Rockwell","PM2.5","Rowan",35.551868,-80.395039
"8575",2025-07-22,37,"Rockwell","PM2.5","Rowan",35.551868,-80.395039
"8576",2025-07-23,53,"Rockwell","PM2.5","Rowan",35.551868,-80.395039
"8577",2025-07-24,53,"Rockwell","PM2.5","Rowan",35.551868,-80.395039
"8578",2025-07-25,40,"Rockwell","PM2.5","Rowan",35.551868,-80.395039
"8579",2025-07-26,38,"Rockwell","PM2.5","Rowan",35.551868,-80.395039
"8580",2025-07-27,33,"Rockwell","PM2.5","Rowan",35.551868,-80.395039
"8581",2025-07-28,22,"Rockwell","PM2.5","Rowan",35.551868,-80.395039
"8582",2025-07-29,38,"Rockwell","PM2.5","Rowan",35.551868,-80.395039
"8583",2025-07-30,44,"Rockwell","PM2.5","Rowan",35.551868,-80.395039
"8584",2025-07-31,28,"Rockwell","PM2.5","Rowan",35.551868,-80.395039
"8585",2025-08-01,23,"Rockwell","PM2.5","Rowan",35.551868,-80.395039
"8586",2025-08-02,26,"Rockwell","PM2.5","Rowan",35.551868,-80.395039
"8587",2025-08-03,39,"Rockwell","PM2.5","Rowan",35.551868,-80.395039
"8588",2025-08-04,45,"Rockwell","PM2.5","Rowan",35.551868,-80.395039
"8589",2025-08-05,23,"Rockwell","PM2.5","Rowan",35.551868,-80.395039
"8590",2025-08-06,16,"Rockwell","PM2.5","Rowan",35.551868,-80.395039
"8591",2025-08-07,52,"Rockwell","PM2.5","Rowan",35.551868,-80.395039
"8592",2025-08-08,81,"Rockwell","PM2.5","Rowan",35.551868,-80.395039
"8593",2025-08-09,57,"Rockwell","PM2.5","Rowan",35.551868,-80.395039
"8594",2025-08-10,47,"Rockwell","PM2.5","Rowan",35.551868,-80.395039
"8595",2025-08-11,13,"Rockwell","PM2.5","Rowan",35.551868,-80.395039
"8596",2025-08-12,23,"Rockwell","PM2.5","Rowan",35.551868,-80.395039
"8597",2025-08-13,29,"Rockwell","PM2.5","Rowan",35.551868,-80.395039
"8598",2025-08-14,30,"Rockwell","PM2.5","Rowan",35.551868,-80.395039
"8599",2025-08-15,37,"Rockwell","PM2.5","Rowan",35.551868,-80.395039
"8600",2025-08-16,51,"Rockwell","PM2.5","Rowan",35.551868,-80.395039
"8601",2025-08-17,44,"Rockwell","PM2.5","Rowan",35.551868,-80.395039
"8602",2025-08-18,49,"Rockwell","PM2.5","Rowan",35.551868,-80.395039
"8603",2025-08-19,39,"Rockwell","PM2.5","Rowan",35.551868,-80.395039
"8604",2025-08-20,35,"Rockwell","PM2.5","Rowan",35.551868,-80.395039
"8605",2025-08-21,36,"Rockwell","PM2.5","Rowan",35.551868,-80.395039
"8606",2025-08-22,26,"Rockwell","PM2.5","Rowan",35.551868,-80.395039
"8607",2025-08-23,32,"Rockwell","PM2.5","Rowan",35.551868,-80.395039
"8608",2025-08-24,35,"Rockwell","PM2.5","Rowan",35.551868,-80.395039
"8609",2025-08-25,26,"Rockwell","PM2.5","Rowan",35.551868,-80.395039
"8610",2025-08-26,25,"Rockwell","PM2.5","Rowan",35.551868,-80.395039
"8611",2025-08-27,24,"Rockwell","PM2.5","Rowan",35.551868,-80.395039
"8612",2025-08-28,46,"Rockwell","PM2.5","Rowan",35.551868,-80.395039
"8613",2025-08-29,40,"Rockwell","PM2.5","Rowan",35.551868,-80.395039
"8614",2025-08-30,42,"Rockwell","PM2.5","Rowan",35.551868,-80.395039
"8615",2025-08-31,28,"Rockwell","PM2.5","Rowan",35.551868,-80.395039
"8616",2025-09-01,24,"Rockwell","PM2.5","Rowan",35.551868,-80.395039
"8617",2025-09-02,27,"Rockwell","PM2.5","Rowan",35.551868,-80.395039
"8618",2025-09-03,51,"Rockwell","PM2.5","Rowan",35.551868,-80.395039
"8619",2025-09-04,51,"Rockwell","PM2.5","Rowan",35.551868,-80.395039
"8620",2025-09-05,52,"Rockwell","PM2.5","Rowan",35.551868,-80.395039
"8621",2025-09-06,57,"Rockwell","PM2.5","Rowan",35.551868,-80.395039
"8622",2025-09-07,32,"Rockwell","PM2.5","Rowan",35.551868,-80.395039
"8623",2025-09-08,26,"Rockwell","PM2.5","Rowan",35.551868,-80.395039
"8624",2025-09-09,24,"Rockwell","PM2.5","Rowan",35.551868,-80.395039
"8625",2025-09-10,25,"Rockwell","PM2.5","Rowan",35.551868,-80.395039
"8626",2025-09-11,26,"Rockwell","PM2.5","Rowan",35.551868,-80.395039
"8627",2025-09-12,41,"Rockwell","PM2.5","Rowan",35.551868,-80.395039
"8628",2025-09-13,43,"Rockwell","PM2.5","Rowan",35.551868,-80.395039
"8629",2025-09-14,44,"Rockwell","PM2.5","Rowan",35.551868,-80.395039
"8630",2025-09-15,49,"Rockwell","PM2.5","Rowan",35.551868,-80.395039
"8631",2025-09-16,34,"Rockwell","PM2.5","Rowan",35.551868,-80.395039
"8632",2025-09-17,47,"Rockwell","PM2.5","Rowan",35.551868,-80.395039
"8633",2025-09-18,39,"Rockwell","PM2.5","Rowan",35.551868,-80.395039
"8634",2025-09-19,53,"Rockwell","PM2.5","Rowan",35.551868,-80.395039
"8635",2025-09-20,56,"Rockwell","PM2.5","Rowan",35.551868,-80.395039
"8636",2025-09-21,54,"Rockwell","PM2.5","Rowan",35.551868,-80.395039
"8637",2025-09-22,52,"Rockwell","PM2.5","Rowan",35.551868,-80.395039
"8638",2025-09-23,55,"Rockwell","PM2.5","Rowan",35.551868,-80.395039
"8639",2025-09-24,57,"Rockwell","PM2.5","Rowan",35.551868,-80.395039
"8640",2025-09-25,47,"Rockwell","PM2.5","Rowan",35.551868,-80.395039
"8641",2025-09-26,28,"Rockwell","PM2.5","Rowan",35.551868,-80.395039
"8642",2025-09-27,37,"Rockwell","PM2.5","Rowan",35.551868,-80.395039
"8643",2025-09-28,21,"Rockwell","PM2.5","Rowan",35.551868,-80.395039
"8644",2025-09-29,32,"Rockwell","PM2.5","Rowan",35.551868,-80.395039
"8645",2025-09-30,39,"Rockwell","PM2.5","Rowan",35.551868,-80.395039
"8646",2025-10-08,18,"Rockwell","PM2.5","Rowan",35.551868,-80.395039
"8647",2025-10-09,15,"Rockwell","PM2.5","Rowan",35.551868,-80.395039
"8648",2025-10-10,17,"Rockwell","PM2.5","Rowan",35.551868,-80.395039
"8649",2025-10-11,24,"Rockwell","PM2.5","Rowan",35.551868,-80.395039
"8650",2025-10-12,14,"Rockwell","PM2.5","Rowan",35.551868,-80.395039
"8651",2025-10-13,9,"Rockwell","PM2.5","Rowan",35.551868,-80.395039
"8652",2025-10-14,16,"Rockwell","PM2.5","Rowan",35.551868,-80.395039
"8653",2025-10-15,14,"Rockwell","PM2.5","Rowan",35.551868,-80.395039
"8654",2025-10-16,19,"Rockwell","PM2.5","Rowan",35.551868,-80.395039
"8655",2025-10-17,40,"Rockwell","PM2.5","Rowan",35.551868,-80.395039
"8656",2025-10-18,52,"Rockwell","PM2.5","Rowan",35.551868,-80.395039
"8657",2025-10-19,25,"Rockwell","PM2.5","Rowan",35.551868,-80.395039
"8658",2025-10-20,19,"Rockwell","PM2.5","Rowan",35.551868,-80.395039
"8659",2025-10-21,43,"Rockwell","PM2.5","Rowan",35.551868,-80.395039
"8660",2025-10-22,19,"Rockwell","PM2.5","Rowan",35.551868,-80.395039
"8661",2025-10-23,18,"Rockwell","PM2.5","Rowan",35.551868,-80.395039
"8662",2025-10-24,22,"Rockwell","PM2.5","Rowan",35.551868,-80.395039
"8663",2025-10-25,21,"Rockwell","PM2.5","Rowan",35.551868,-80.395039
"8664",2025-10-26,37,"Rockwell","PM2.5","Rowan",35.551868,-80.395039
"8665",2025-10-27,26,"Rockwell","PM2.5","Rowan",35.551868,-80.395039
"8666",2025-10-28,11,"Rockwell","PM2.5","Rowan",35.551868,-80.395039
"8667",2025-10-29,17,"Rockwell","PM2.5","Rowan",35.551868,-80.395039
"8668",2025-10-30,5,"Rockwell","PM2.5","Rowan",35.551868,-80.395039
"8669",2025-10-31,19,"Rockwell","PM2.5","Rowan",35.551868,-80.395039
"8670",2025-11-01,51,"Rockwell","PM2.5","Rowan",35.551868,-80.395039
"8671",2025-11-02,55,"Rockwell","PM2.5","Rowan",35.551868,-80.395039
"8672",2025-11-03,32,"Rockwell","PM2.5","Rowan",35.551868,-80.395039
"8673",2025-11-04,27,"Rockwell","PM2.5","Rowan",35.551868,-80.395039
"8674",2025-11-05,52,"Rockwell","PM2.5","Rowan",35.551868,-80.395039
"8675",2025-11-06,38,"Rockwell","PM2.5","Rowan",35.551868,-80.395039
"8676",2025-11-07,54,"Rockwell","PM2.5","Rowan",35.551868,-80.395039
"8677",2025-11-08,58,"Rockwell","PM2.5","Rowan",35.551868,-80.395039
"8678",2025-11-09,50,"Rockwell","PM2.5","Rowan",35.551868,-80.395039
"8679",2025-11-10,0,"Rockwell","PM2.5","Rowan",35.551868,-80.395039
"8680",2025-11-11,9,"Rockwell","PM2.5","Rowan",35.551868,-80.395039
"8681",2025-11-12,47,"Rockwell","PM2.5","Rowan",35.551868,-80.395039
"8682",2025-11-13,52,"Rockwell","PM2.5","Rowan",35.551868,-80.395039
"8683",2025-11-14,47,"Rockwell","PM2.5","Rowan",35.551868,-80.395039
"8684",2025-11-15,53,"Rockwell","PM2.5","Rowan",35.551868,-80.395039
"8685",2025-11-16,38,"Rockwell","PM2.5","Rowan",35.551868,-80.395039
"8686",2025-11-17,11,"Rockwell","PM2.5","Rowan",35.551868,-80.395039
"8687",2025-11-18,38,"Rockwell","PM2.5","Rowan",35.551868,-80.395039
"8688",2025-11-19,53,"Rockwell","PM2.5","Rowan",35.551868,-80.395039
"8689",2025-11-20,58,"Rockwell","PM2.5","Rowan",35.551868,-80.395039
"8690",2025-11-21,88,"Rockwell","PM2.5","Rowan",35.551868,-80.395039
"8691",2025-11-22,44,"Rockwell","PM2.5","Rowan",35.551868,-80.395039
"8692",2025-11-23,37,"Rockwell","PM2.5","Rowan",35.551868,-80.395039
"8693",2025-11-24,45,"Rockwell","PM2.5","Rowan",35.551868,-80.395039
"8694",2025-11-25,49,"Rockwell","PM2.5","Rowan",35.551868,-80.395039
"8695",2025-11-26,33,"Rockwell","PM2.5","Rowan",35.551868,-80.395039
"8696",2025-11-27,7,"Rockwell","PM2.5","Rowan",35.551868,-80.395039
"8697",2025-11-28,17,"Rockwell","PM2.5","Rowan",35.551868,-80.395039
"8698",2025-11-29,27,"Rockwell","PM2.5","Rowan",35.551868,-80.395039
"8699",2025-11-30,51,"Rockwell","PM2.5","Rowan",35.551868,-80.395039
"8700",2025-12-01,31,"Rockwell","PM2.5","Rowan",35.551868,-80.395039
"8701",2025-12-02,29,"Rockwell","PM2.5","Rowan",35.551868,-80.395039
"8702",2025-12-03,31,"Rockwell","PM2.5","Rowan",35.551868,-80.395039
"8703",2025-12-04,60,"Rockwell","PM2.5","Rowan",35.551868,-80.395039
"8704",2025-12-05,47,"Rockwell","PM2.5","Rowan",35.551868,-80.395039
"8705",2025-12-06,51,"Rockwell","PM2.5","Rowan",35.551868,-80.395039
"8706",2025-12-07,56,"Rockwell","PM2.5","Rowan",35.551868,-80.395039
"8707",2025-12-08,47,"Rockwell","PM2.5","Rowan",35.551868,-80.395039
"8708",2025-12-09,37,"Rockwell","PM2.5","Rowan",35.551868,-80.395039
"8709",2025-12-10,41,"Rockwell","PM2.5","Rowan",35.551868,-80.395039
"8710",2025-12-11,12,"Rockwell","PM2.5","Rowan",35.551868,-80.395039
"8711",2025-12-12,63,"Rockwell","PM2.5","Rowan",35.551868,-80.395039
"8712",2025-12-13,62,"Rockwell","PM2.5","Rowan",35.551868,-80.395039
"8713",2025-12-14,44,"Rockwell","PM2.5","Rowan",35.551868,-80.395039
"8714",2025-12-15,16,"Rockwell","PM2.5","Rowan",35.551868,-80.395039
"8715",2025-12-16,56,"Rockwell","PM2.5","Rowan",35.551868,-80.395039
"8716",2025-12-17,61,"Rockwell","PM2.5","Rowan",35.551868,-80.395039
"8717",2025-12-18,59,"Rockwell","PM2.5","Rowan",35.551868,-80.395039
"8718",2025-12-19,8,"Rockwell","PM2.5","Rowan",35.551868,-80.395039
"8719",2025-12-20,32,"Rockwell","PM2.5","Rowan",35.551868,-80.395039
"8720",2025-12-21,47,"Rockwell","PM2.5","Rowan",35.551868,-80.395039
"8721",2025-12-22,28,"Rockwell","PM2.5","Rowan",35.551868,-80.395039
"8722",2025-12-23,49,"Rockwell","PM2.5","Rowan",35.551868,-80.395039
"8723",2025-12-24,53,"Rockwell","PM2.5","Rowan",35.551868,-80.395039
"8724",2025-12-25,52,"Rockwell","PM2.5","Rowan",35.551868,-80.395039
"8725",2025-12-26,41,"Rockwell","PM2.5","Rowan",35.551868,-80.395039
"8726",2025-12-27,51,"Rockwell","PM2.5","Rowan",35.551868,-80.395039
"8727",2025-12-28,39,"Rockwell","PM2.5","Rowan",35.551868,-80.395039
"8728",2025-12-29,22,"Rockwell","PM2.5","Rowan",35.551868,-80.395039
"8729",2025-12-30,9,"Rockwell","PM2.5","Rowan",35.551868,-80.395039
"8730",2025-12-31,21,"Rockwell","PM2.5","Rowan",35.551868,-80.395039
"8731",2025-01-01,7,"Bryson City","PM2.5","Swain",35.434767,-83.442133
"8732",2025-01-02,11,"Bryson City","PM2.5","Swain",35.434767,-83.442133
"8733",2025-01-03,25,"Bryson City","PM2.5","Swain",35.434767,-83.442133
"8734",2025-01-04,3,"Bryson City","PM2.5","Swain",35.434767,-83.442133
"8735",2025-01-05,28,"Bryson City","PM2.5","Swain",35.434767,-83.442133
"8736",2025-01-06,13,"Bryson City","PM2.5","Swain",35.434767,-83.442133
"8737",2025-01-07,11,"Bryson City","PM2.5","Swain",35.434767,-83.442133
"8738",2025-01-08,9,"Bryson City","PM2.5","Swain",35.434767,-83.442133
"8739",2025-01-09,17,"Bryson City","PM2.5","Swain",35.434767,-83.442133
"8740",2025-01-10,38,"Bryson City","PM2.5","Swain",35.434767,-83.442133
"8741",2025-01-11,19,"Bryson City","PM2.5","Swain",35.434767,-83.442133
"8742",2025-01-12,32,"Bryson City","PM2.5","Swain",35.434767,-83.442133
"8743",2025-01-13,38,"Bryson City","PM2.5","Swain",35.434767,-83.442133
"8744",2025-01-14,13,"Bryson City","PM2.5","Swain",35.434767,-83.442133
"8745",2025-01-15,17,"Bryson City","PM2.5","Swain",35.434767,-83.442133
"8746",2025-01-16,24,"Bryson City","PM2.5","Swain",35.434767,-83.442133
"8747",2025-01-17,27,"Bryson City","PM2.5","Swain",35.434767,-83.442133
"8748",2025-01-18,47,"Bryson City","PM2.5","Swain",35.434767,-83.442133
"8749",2025-01-19,11,"Bryson City","PM2.5","Swain",35.434767,-83.442133
"8750",2025-01-20,9,"Bryson City","PM2.5","Swain",35.434767,-83.442133
"8751",2025-01-21,7,"Bryson City","PM2.5","Swain",35.434767,-83.442133
"8752",2025-01-22,27,"Bryson City","PM2.5","Swain",35.434767,-83.442133
"8753",2025-01-23,42,"Bryson City","PM2.5","Swain",35.434767,-83.442133
"8754",2025-01-24,39,"Bryson City","PM2.5","Swain",35.434767,-83.442133
"8755",2025-01-25,49,"Bryson City","PM2.5","Swain",35.434767,-83.442133
"8756",2025-01-26,54,"Bryson City","PM2.5","Swain",35.434767,-83.442133
"8757",2025-01-27,43,"Bryson City","PM2.5","Swain",35.434767,-83.442133
"8758",2025-01-28,19,"Bryson City","PM2.5","Swain",35.434767,-83.442133
"8759",2025-01-29,21,"Bryson City","PM2.5","Swain",35.434767,-83.442133
"8760",2025-01-30,54,"Bryson City","PM2.5","Swain",35.434767,-83.442133
"8761",2025-01-31,47,"Bryson City","PM2.5","Swain",35.434767,-83.442133
"8762",2025-02-01,32,"Bryson City","PM2.5","Swain",35.434767,-83.442133
"8763",2025-02-02,49,"Bryson City","PM2.5","Swain",35.434767,-83.442133
"8764",2025-02-03,46,"Bryson City","PM2.5","Swain",35.434767,-83.442133
"8765",2025-02-04,52,"Bryson City","PM2.5","Swain",35.434767,-83.442133
"8766",2025-02-05,49,"Bryson City","PM2.5","Swain",35.434767,-83.442133
"8767",2025-02-06,46,"Bryson City","PM2.5","Swain",35.434767,-83.442133
"8768",2025-02-07,19,"Bryson City","PM2.5","Swain",35.434767,-83.442133
"8769",2025-02-08,32,"Bryson City","PM2.5","Swain",35.434767,-83.442133
"8770",2025-02-09,21,"Bryson City","PM2.5","Swain",35.434767,-83.442133
"8771",2025-02-10,18,"Bryson City","PM2.5","Swain",35.434767,-83.442133
"8772",2025-02-11,21,"Bryson City","PM2.5","Swain",35.434767,-83.442133
"8773",2025-02-12,23,"Bryson City","PM2.5","Swain",35.434767,-83.442133
"8774",2025-02-13,15,"Bryson City","PM2.5","Swain",35.434767,-83.442133
"8775",2025-02-14,34,"Bryson City","PM2.5","Swain",35.434767,-83.442133
"8776",2025-02-15,46,"Bryson City","PM2.5","Swain",35.434767,-83.442133
"8777",2025-02-16,19,"Bryson City","PM2.5","Swain",35.434767,-83.442133
"8778",2025-02-17,19,"Bryson City","PM2.5","Swain",35.434767,-83.442133
"8779",2025-02-18,34,"Bryson City","PM2.5","Swain",35.434767,-83.442133
"8780",2025-02-19,42,"Bryson City","PM2.5","Swain",35.434767,-83.442133
"8781",2025-02-20,22,"Bryson City","PM2.5","Swain",35.434767,-83.442133
"8782",2025-02-21,16,"Bryson City","PM2.5","Swain",35.434767,-83.442133
"8783",2025-02-22,51,"Bryson City","PM2.5","Swain",35.434767,-83.442133
"8784",2025-02-23,51,"Bryson City","PM2.5","Swain",35.434767,-83.442133
"8785",2025-02-24,35,"Bryson City","PM2.5","Swain",35.434767,-83.442133
"8786",2025-02-25,41,"Bryson City","PM2.5","Swain",35.434767,-83.442133
"8787",2025-02-26,29,"Bryson City","PM2.5","Swain",35.434767,-83.442133
"8788",2025-02-27,34,"Bryson City","PM2.5","Swain",35.434767,-83.442133
"8789",2025-02-28,19,"Bryson City","PM2.5","Swain",35.434767,-83.442133
"8790",2025-03-01,17,"Bryson City","PM2.5","Swain",35.434767,-83.442133
"8791",2025-03-02,12,"Bryson City","PM2.5","Swain",35.434767,-83.442133
"8792",2025-03-03,27,"Bryson City","PM2.5","Swain",35.434767,-83.442133
"8793",2025-03-04,48,"Bryson City","PM2.5","Swain",35.434767,-83.442133
"8794",2025-03-05,25,"Bryson City","PM2.5","Swain",35.434767,-83.442133
"8795",2025-03-06,13,"Bryson City","PM2.5","Swain",35.434767,-83.442133
"8796",2025-03-07,20,"Bryson City","PM2.5","Swain",35.434767,-83.442133
"8797",2025-03-08,41,"Bryson City","PM2.5","Swain",35.434767,-83.442133
"8798",2025-03-09,25,"Bryson City","PM2.5","Swain",35.434767,-83.442133
"8799",2025-03-10,29,"Bryson City","PM2.5","Swain",35.434767,-83.442133
"8800",2025-03-11,30,"Bryson City","PM2.5","Swain",35.434767,-83.442133
"8801",2025-03-12,44,"Bryson City","PM2.5","Swain",35.434767,-83.442133
"8802",2025-03-13,53,"Bryson City","PM2.5","Swain",35.434767,-83.442133
"8803",2025-03-14,52,"Bryson City","PM2.5","Swain",35.434767,-83.442133
"8804",2025-03-15,51,"Bryson City","PM2.5","Swain",35.434767,-83.442133
"8805",2025-03-16,50,"Bryson City","PM2.5","Swain",35.434767,-83.442133
"8806",2025-03-17,23,"Bryson City","PM2.5","Swain",35.434767,-83.442133
"8807",2025-03-18,28,"Bryson City","PM2.5","Swain",35.434767,-83.442133
"8808",2025-03-19,38,"Bryson City","PM2.5","Swain",35.434767,-83.442133
"8809",2025-03-20,25,"Bryson City","PM2.5","Swain",35.434767,-83.442133
"8810",2025-03-21,16,"Bryson City","PM2.5","Swain",35.434767,-83.442133
"8811",2025-03-22,19,"Bryson City","PM2.5","Swain",35.434767,-83.442133
"8812",2025-03-23,20,"Bryson City","PM2.5","Swain",35.434767,-83.442133
"8813",2025-03-24,28,"Bryson City","PM2.5","Swain",35.434767,-83.442133
"8814",2025-03-25,19,"Bryson City","PM2.5","Swain",35.434767,-83.442133
"8815",2025-03-26,24,"Bryson City","PM2.5","Swain",35.434767,-83.442133
"8816",2025-03-27,37,"Bryson City","PM2.5","Swain",35.434767,-83.442133
"8817",2025-03-28,56,"Bryson City","PM2.5","Swain",35.434767,-83.442133
"8818",2025-03-29,66,"Bryson City","PM2.5","Swain",35.434767,-83.442133
"8819",2025-03-30,34,"Bryson City","PM2.5","Swain",35.434767,-83.442133
"8820",2025-03-31,14,"Bryson City","PM2.5","Swain",35.434767,-83.442133
"8821",2025-04-01,12,"Bryson City","PM2.5","Swain",35.434767,-83.442133
"8822",2025-04-02,33,"Bryson City","PM2.5","Swain",35.434767,-83.442133
"8823",2025-04-03,41,"Bryson City","PM2.5","Swain",35.434767,-83.442133
"8824",2025-04-04,35,"Bryson City","PM2.5","Swain",35.434767,-83.442133
"8825",2025-04-05,38,"Bryson City","PM2.5","Swain",35.434767,-83.442133
"8826",2025-04-06,16,"Bryson City","PM2.5","Swain",35.434767,-83.442133
"8827",2025-04-07,8,"Bryson City","PM2.5","Swain",35.434767,-83.442133
"8828",2025-04-08,25,"Bryson City","PM2.5","Swain",35.434767,-83.442133
"8829",2025-04-09,27,"Bryson City","PM2.5","Swain",35.434767,-83.442133
"8830",2025-04-10,51,"Bryson City","PM2.5","Swain",35.434767,-83.442133
"8831",2025-04-11,23,"Bryson City","PM2.5","Swain",35.434767,-83.442133
"8832",2025-04-12,27,"Bryson City","PM2.5","Swain",35.434767,-83.442133
"8833",2025-04-13,26,"Bryson City","PM2.5","Swain",35.434767,-83.442133
"8834",2025-04-14,49,"Bryson City","PM2.5","Swain",35.434767,-83.442133
"8835",2025-04-15,32,"Bryson City","PM2.5","Swain",35.434767,-83.442133
"8836",2025-04-16,22,"Bryson City","PM2.5","Swain",35.434767,-83.442133
"8837",2025-04-17,30,"Bryson City","PM2.5","Swain",35.434767,-83.442133
"8838",2025-04-18,62,"Bryson City","PM2.5","Swain",35.434767,-83.442133
"8839",2025-04-19,80,"Bryson City","PM2.5","Swain",35.434767,-83.442133
"8840",2025-04-20,76,"Bryson City","PM2.5","Swain",35.434767,-83.442133
"8841",2025-04-21,44,"Bryson City","PM2.5","Swain",35.434767,-83.442133
"8842",2025-04-22,34,"Bryson City","PM2.5","Swain",35.434767,-83.442133
"8843",2025-04-23,16,"Bryson City","PM2.5","Swain",35.434767,-83.442133
"8844",2025-04-24,27,"Bryson City","PM2.5","Swain",35.434767,-83.442133
"8845",2025-04-25,47,"Bryson City","PM2.5","Swain",35.434767,-83.442133
"8846",2025-04-26,33,"Bryson City","PM2.5","Swain",35.434767,-83.442133
"8847",2025-04-27,31,"Bryson City","PM2.5","Swain",35.434767,-83.442133
"8848",2025-04-28,36,"Bryson City","PM2.5","Swain",35.434767,-83.442133
"8849",2025-04-29,47,"Bryson City","PM2.5","Swain",35.434767,-83.442133
"8850",2025-04-30,51,"Bryson City","PM2.5","Swain",35.434767,-83.442133
"8851",2025-05-01,46,"Bryson City","PM2.5","Swain",35.434767,-83.442133
"8852",2025-05-02,31,"Bryson City","PM2.5","Swain",35.434767,-83.442133
"8853",2025-05-03,12,"Bryson City","PM2.5","Swain",35.434767,-83.442133
"8854",2025-05-04,16,"Bryson City","PM2.5","Swain",35.434767,-83.442133
"8855",2025-05-05,21,"Bryson City","PM2.5","Swain",35.434767,-83.442133
"8856",2025-05-06,26,"Bryson City","PM2.5","Swain",35.434767,-83.442133
"8857",2025-05-07,29,"Bryson City","PM2.5","Swain",35.434767,-83.442133
"8858",2025-05-08,31,"Bryson City","PM2.5","Swain",35.434767,-83.442133
"8859",2025-05-09,23,"Bryson City","PM2.5","Swain",35.434767,-83.442133
"8860",2025-05-10,33,"Bryson City","PM2.5","Swain",35.434767,-83.442133
"8861",2025-05-11,22,"Bryson City","PM2.5","Swain",35.434767,-83.442133
"8862",2025-05-12,20,"Bryson City","PM2.5","Swain",35.434767,-83.442133
"8863",2025-05-13,16,"Bryson City","PM2.5","Swain",35.434767,-83.442133
"8864",2025-05-14,27,"Bryson City","PM2.5","Swain",35.434767,-83.442133
"8865",2025-05-15,45,"Bryson City","PM2.5","Swain",35.434767,-83.442133
"8866",2025-05-16,51,"Bryson City","PM2.5","Swain",35.434767,-83.442133
"8867",2025-05-17,26,"Bryson City","PM2.5","Swain",35.434767,-83.442133
"8868",2025-05-18,37,"Bryson City","PM2.5","Swain",35.434767,-83.442133
"8869",2025-05-19,33,"Bryson City","PM2.5","Swain",35.434767,-83.442133
"8870",2025-05-20,39,"Bryson City","PM2.5","Swain",35.434767,-83.442133
"8871",2025-05-21,18,"Bryson City","PM2.5","Swain",35.434767,-83.442133
"8872",2025-05-22,14,"Bryson City","PM2.5","Swain",35.434767,-83.442133
"8873",2025-05-23,23,"Bryson City","PM2.5","Swain",35.434767,-83.442133
"8874",2025-05-24,31,"Bryson City","PM2.5","Swain",35.434767,-83.442133
"8875",2025-05-25,36,"Bryson City","PM2.5","Swain",35.434767,-83.442133
"8876",2025-05-26,23,"Bryson City","PM2.5","Swain",35.434767,-83.442133
"8877",2025-05-27,18,"Bryson City","PM2.5","Swain",35.434767,-83.442133
"8878",2025-05-28,39,"Bryson City","PM2.5","Swain",35.434767,-83.442133
"8879",2025-05-29,32,"Bryson City","PM2.5","Swain",35.434767,-83.442133
"8880",2025-05-30,14,"Bryson City","PM2.5","Swain",35.434767,-83.442133
"8881",2025-05-31,48,"Bryson City","PM2.5","Swain",35.434767,-83.442133
"8882",2025-06-01,54,"Bryson City","PM2.5","Swain",35.434767,-83.442133
"8883",2025-06-02,62,"Bryson City","PM2.5","Swain",35.434767,-83.442133
"8884",2025-06-03,68,"Bryson City","PM2.5","Swain",35.434767,-83.442133
"8885",2025-06-04,68,"Bryson City","PM2.5","Swain",35.434767,-83.442133
"8886",2025-06-05,60,"Bryson City","PM2.5","Swain",35.434767,-83.442133
"8887",2025-06-06,54,"Bryson City","PM2.5","Swain",35.434767,-83.442133
"8888",2025-06-07,12,"Bryson City","PM2.5","Swain",35.434767,-83.442133
"8889",2025-06-08,26,"Bryson City","PM2.5","Swain",35.434767,-83.442133
"8890",2025-06-09,24,"Bryson City","PM2.5","Swain",35.434767,-83.442133
"8891",2025-06-10,23,"Bryson City","PM2.5","Swain",35.434767,-83.442133
"8892",2025-06-11,57,"Bryson City","PM2.5","Swain",35.434767,-83.442133
"8893",2025-06-12,53,"Bryson City","PM2.5","Swain",35.434767,-83.442133
"8894",2025-06-13,23,"Bryson City","PM2.5","Swain",35.434767,-83.442133
"8895",2025-06-14,26,"Bryson City","PM2.5","Swain",35.434767,-83.442133
"8896",2025-06-15,28,"Bryson City","PM2.5","Swain",35.434767,-83.442133
"8897",2025-06-16,29,"Bryson City","PM2.5","Swain",35.434767,-83.442133
"8898",2025-06-17,21,"Bryson City","PM2.5","Swain",35.434767,-83.442133
"8899",2025-06-18,26,"Bryson City","PM2.5","Swain",35.434767,-83.442133
"8900",2025-06-19,24,"Bryson City","PM2.5","Swain",35.434767,-83.442133
"8901",2025-06-20,27,"Bryson City","PM2.5","Swain",35.434767,-83.442133
"8902",2025-06-21,42,"Bryson City","PM2.5","Swain",35.434767,-83.442133
"8903",2025-06-22,45,"Bryson City","PM2.5","Swain",35.434767,-83.442133
"8904",2025-06-23,45,"Bryson City","PM2.5","Swain",35.434767,-83.442133
"8905",2025-06-24,47,"Bryson City","PM2.5","Swain",35.434767,-83.442133
"8906",2025-06-25,51,"Bryson City","PM2.5","Swain",35.434767,-83.442133
"8907",2025-06-26,44,"Bryson City","PM2.5","Swain",35.434767,-83.442133
"8908",2025-06-27,44,"Bryson City","PM2.5","Swain",35.434767,-83.442133
"8909",2025-06-28,29,"Bryson City","PM2.5","Swain",35.434767,-83.442133
"8910",2025-06-29,27,"Bryson City","PM2.5","Swain",35.434767,-83.442133
"8911",2025-06-30,31,"Bryson City","PM2.5","Swain",35.434767,-83.442133
"8912",2025-07-01,30,"Bryson City","PM2.5","Swain",35.434767,-83.442133
"8913",2025-07-02,29,"Bryson City","PM2.5","Swain",35.434767,-83.442133
"8914",2025-07-03,53,"Bryson City","PM2.5","Swain",35.434767,-83.442133
"8915",2025-07-04,58,"Bryson City","PM2.5","Swain",35.434767,-83.442133
"8916",2025-07-05,57,"Bryson City","PM2.5","Swain",35.434767,-83.442133
"8917",2025-07-06,54,"Bryson City","PM2.5","Swain",35.434767,-83.442133
"8918",2025-07-07,53,"Bryson City","PM2.5","Swain",35.434767,-83.442133
"8919",2025-07-08,52,"Bryson City","PM2.5","Swain",35.434767,-83.442133
"8920",2025-07-09,44,"Bryson City","PM2.5","Swain",35.434767,-83.442133
"8921",2025-07-10,27,"Bryson City","PM2.5","Swain",35.434767,-83.442133
"8922",2025-07-11,22,"Bryson City","PM2.5","Swain",35.434767,-83.442133
"8923",2025-07-12,29,"Bryson City","PM2.5","Swain",35.434767,-83.442133
"8924",2025-07-13,33,"Bryson City","PM2.5","Swain",35.434767,-83.442133
"8925",2025-07-14,21,"Bryson City","PM2.5","Swain",35.434767,-83.442133
"8926",2025-07-15,28,"Bryson City","PM2.5","Swain",35.434767,-83.442133
"8927",2025-07-16,25,"Bryson City","PM2.5","Swain",35.434767,-83.442133
"8928",2025-07-17,32,"Bryson City","PM2.5","Swain",35.434767,-83.442133
"8929",2025-07-18,27,"Bryson City","PM2.5","Swain",35.434767,-83.442133
"8930",2025-07-19,20,"Bryson City","PM2.5","Swain",35.434767,-83.442133
"8931",2025-07-20,34,"Bryson City","PM2.5","Swain",35.434767,-83.442133
"8932",2025-07-21,41,"Bryson City","PM2.5","Swain",35.434767,-83.442133
"8933",2025-07-22,37,"Bryson City","PM2.5","Swain",35.434767,-83.442133
"8934",2025-07-23,41,"Bryson City","PM2.5","Swain",35.434767,-83.442133
"8935",2025-07-24,53,"Bryson City","PM2.5","Swain",35.434767,-83.442133
"8936",2025-07-25,34,"Bryson City","PM2.5","Swain",35.434767,-83.442133
"8937",2025-07-26,24,"Bryson City","PM2.5","Swain",35.434767,-83.442133
"8938",2025-07-27,25,"Bryson City","PM2.5","Swain",35.434767,-83.442133
"8939",2025-07-28,16,"Bryson City","PM2.5","Swain",35.434767,-83.442133
"8940",2025-07-29,20,"Bryson City","PM2.5","Swain",35.434767,-83.442133
"8941",2025-07-30,18,"Bryson City","PM2.5","Swain",35.434767,-83.442133
"8942",2025-08-02,16,"Bryson City","PM2.5","Swain",35.434767,-83.442133
"8943",2025-08-03,22,"Bryson City","PM2.5","Swain",35.434767,-83.442133
"8944",2025-08-04,25,"Bryson City","PM2.5","Swain",35.434767,-83.442133
"8945",2025-08-05,13,"Bryson City","PM2.5","Swain",35.434767,-83.442133
"8946",2025-08-06,21,"Bryson City","PM2.5","Swain",35.434767,-83.442133
"8947",2025-08-07,24,"Bryson City","PM2.5","Swain",35.434767,-83.442133
"8948",2025-08-08,36,"Bryson City","PM2.5","Swain",35.434767,-83.442133
"8949",2025-08-09,58,"Bryson City","PM2.5","Swain",35.434767,-83.442133
"8950",2025-08-10,45,"Bryson City","PM2.5","Swain",35.434767,-83.442133
"8951",2025-08-11,24,"Bryson City","PM2.5","Swain",35.434767,-83.442133
"8952",2025-08-12,16,"Bryson City","PM2.5","Swain",35.434767,-83.442133
"8953",2025-08-13,13,"Bryson City","PM2.5","Swain",35.434767,-83.442133
"8954",2025-08-14,17,"Bryson City","PM2.5","Swain",35.434767,-83.442133
"8955",2025-08-15,29,"Bryson City","PM2.5","Swain",35.434767,-83.442133
"8956",2025-08-16,38,"Bryson City","PM2.5","Swain",35.434767,-83.442133
"8957",2025-08-17,45,"Bryson City","PM2.5","Swain",35.434767,-83.442133
"8958",2025-08-18,47,"Bryson City","PM2.5","Swain",35.434767,-83.442133
"8959",2025-08-19,37,"Bryson City","PM2.5","Swain",35.434767,-83.442133
"8960",2025-08-20,27,"Bryson City","PM2.5","Swain",35.434767,-83.442133
"8961",2025-08-21,29,"Bryson City","PM2.5","Swain",35.434767,-83.442133
"8962",2025-08-22,32,"Bryson City","PM2.5","Swain",35.434767,-83.442133
"8963",2025-08-23,30,"Bryson City","PM2.5","Swain",35.434767,-83.442133
"8964",2025-08-24,31,"Bryson City","PM2.5","Swain",35.434767,-83.442133
"8965",2025-08-25,18,"Bryson City","PM2.5","Swain",35.434767,-83.442133
"8966",2025-08-26,22,"Bryson City","PM2.5","Swain",35.434767,-83.442133
"8967",2025-08-27,20,"Bryson City","PM2.5","Swain",35.434767,-83.442133
"8968",2025-08-28,23,"Bryson City","PM2.5","Swain",35.434767,-83.442133
"8969",2025-08-29,32,"Bryson City","PM2.5","Swain",35.434767,-83.442133
"8970",2025-08-30,41,"Bryson City","PM2.5","Swain",35.434767,-83.442133
"8971",2025-08-31,36,"Bryson City","PM2.5","Swain",35.434767,-83.442133
"8972",2025-09-01,38,"Bryson City","PM2.5","Swain",35.434767,-83.442133
"8973",2025-09-02,31,"Bryson City","PM2.5","Swain",35.434767,-83.442133
"8974",2025-09-03,30,"Bryson City","PM2.5","Swain",35.434767,-83.442133
"8975",2025-09-04,30,"Bryson City","PM2.5","Swain",35.434767,-83.442133
"8976",2025-09-05,50,"Bryson City","PM2.5","Swain",35.434767,-83.442133
"8977",2025-09-06,27,"Bryson City","PM2.5","Swain",35.434767,-83.442133
"8978",2025-09-07,18,"Bryson City","PM2.5","Swain",35.434767,-83.442133
"8979",2025-09-08,21,"Bryson City","PM2.5","Swain",35.434767,-83.442133
"8980",2025-09-09,28,"Bryson City","PM2.5","Swain",35.434767,-83.442133
"8981",2025-09-10,28,"Bryson City","PM2.5","Swain",35.434767,-83.442133
"8982",2025-09-11,34,"Bryson City","PM2.5","Swain",35.434767,-83.442133
"8983",2025-09-12,39,"Bryson City","PM2.5","Swain",35.434767,-83.442133
"8984",2025-09-13,34,"Bryson City","PM2.5","Swain",35.434767,-83.442133
"8985",2025-09-14,42,"Bryson City","PM2.5","Swain",35.434767,-83.442133
"8986",2025-09-15,40,"Bryson City","PM2.5","Swain",35.434767,-83.442133
"8987",2025-09-16,48,"Bryson City","PM2.5","Swain",35.434767,-83.442133
"8988",2025-09-17,39,"Bryson City","PM2.5","Swain",35.434767,-83.442133
"8989",2025-09-18,38,"Bryson City","PM2.5","Swain",35.434767,-83.442133
"8990",2025-09-19,32,"Bryson City","PM2.5","Swain",35.434767,-83.442133
"8991",2025-09-20,32,"Bryson City","PM2.5","Swain",35.434767,-83.442133
"8992",2025-09-21,43,"Bryson City","PM2.5","Swain",35.434767,-83.442133
"8993",2025-09-22,52,"Bryson City","PM2.5","Swain",35.434767,-83.442133
"8994",2025-09-23,52,"Bryson City","PM2.5","Swain",35.434767,-83.442133
"8995",2025-09-24,51,"Bryson City","PM2.5","Swain",35.434767,-83.442133
"8996",2025-09-25,14,"Bryson City","PM2.5","Swain",35.434767,-83.442133
"8997",2025-09-26,16,"Bryson City","PM2.5","Swain",35.434767,-83.442133
"8998",2025-09-27,13,"Bryson City","PM2.5","Swain",35.434767,-83.442133
"8999",2025-09-28,22,"Bryson City","PM2.5","Swain",35.434767,-83.442133
"9000",2025-09-29,22,"Bryson City","PM2.5","Swain",35.434767,-83.442133
"9001",2025-09-30,8,"Bryson City","PM2.5","Swain",35.434767,-83.442133
"9002",2025-10-01,13,"Bryson City","PM2.5","Swain",35.434767,-83.442133
"9003",2025-10-02,32,"Bryson City","PM2.5","Swain",35.434767,-83.442133
"9004",2025-10-03,32,"Bryson City","PM2.5","Swain",35.434767,-83.442133
"9005",2025-10-04,39,"Bryson City","PM2.5","Swain",35.434767,-83.442133
"9006",2025-10-05,22,"Bryson City","PM2.5","Swain",35.434767,-83.442133
"9007",2025-10-06,13,"Bryson City","PM2.5","Swain",35.434767,-83.442133
"9008",2025-10-07,18,"Bryson City","PM2.5","Swain",35.434767,-83.442133
"9009",2025-10-08,22,"Bryson City","PM2.5","Swain",35.434767,-83.442133
"9010",2025-10-09,27,"Bryson City","PM2.5","Swain",35.434767,-83.442133
"9011",2025-10-10,28,"Bryson City","PM2.5","Swain",35.434767,-83.442133
"9012",2025-10-11,35,"Bryson City","PM2.5","Swain",35.434767,-83.442133
"9013",2025-10-12,32,"Bryson City","PM2.5","Swain",35.434767,-83.442133
"9014",2025-10-13,29,"Bryson City","PM2.5","Swain",35.434767,-83.442133
"9015",2025-10-14,15,"Bryson City","PM2.5","Swain",35.434767,-83.442133
"9016",2025-10-15,34,"Bryson City","PM2.5","Swain",35.434767,-83.442133
"9017",2025-10-16,27,"Bryson City","PM2.5","Swain",35.434767,-83.442133
"9018",2025-10-17,37,"Bryson City","PM2.5","Swain",35.434767,-83.442133
"9019",2025-10-18,60,"Bryson City","PM2.5","Swain",35.434767,-83.442133
"9020",2025-10-19,29,"Bryson City","PM2.5","Swain",35.434767,-83.442133
"9021",2025-10-20,15,"Bryson City","PM2.5","Swain",35.434767,-83.442133
"9022",2025-10-21,28,"Bryson City","PM2.5","Swain",35.434767,-83.442133
"9023",2025-10-22,16,"Bryson City","PM2.5","Swain",35.434767,-83.442133
"9024",2025-10-23,32,"Bryson City","PM2.5","Swain",35.434767,-83.442133
"9025",2025-10-24,23,"Bryson City","PM2.5","Swain",35.434767,-83.442133
"9026",2025-10-25,42,"Bryson City","PM2.5","Swain",35.434767,-83.442133
"9027",2025-10-26,39,"Bryson City","PM2.5","Swain",35.434767,-83.442133
"9028",2025-10-27,12,"Bryson City","PM2.5","Swain",35.434767,-83.442133
"9029",2025-10-28,12,"Bryson City","PM2.5","Swain",35.434767,-83.442133
"9030",2025-10-29,9,"Bryson City","PM2.5","Swain",35.434767,-83.442133
"9031",2025-10-30,9,"Bryson City","PM2.5","Swain",35.434767,-83.442133
"9032",2025-10-31,28,"Bryson City","PM2.5","Swain",35.434767,-83.442133
"9033",2025-11-01,33,"Bryson City","PM2.5","Swain",35.434767,-83.442133
"9034",2025-11-02,31,"Bryson City","PM2.5","Swain",35.434767,-83.442133
"9035",2025-11-03,15,"Bryson City","PM2.5","Swain",35.434767,-83.442133
"9036",2025-11-04,31,"Bryson City","PM2.5","Swain",35.434767,-83.442133
"9037",2025-11-05,31,"Bryson City","PM2.5","Swain",35.434767,-83.442133
"9038",2025-11-06,41,"Bryson City","PM2.5","Swain",35.434767,-83.442133
"9039",2025-11-07,55,"Bryson City","PM2.5","Swain",35.434767,-83.442133
"9040",2025-11-08,38,"Bryson City","PM2.5","Swain",35.434767,-83.442133
"9041",2025-11-09,32,"Bryson City","PM2.5","Swain",35.434767,-83.442133
"9042",2025-11-10,9,"Bryson City","PM2.5","Swain",35.434767,-83.442133
"9043",2025-11-11,25,"Bryson City","PM2.5","Swain",35.434767,-83.442133
"9044",2025-11-12,36,"Bryson City","PM2.5","Swain",35.434767,-83.442133
"9045",2025-11-13,34,"Bryson City","PM2.5","Swain",35.434767,-83.442133
"9046",2025-11-14,54,"Bryson City","PM2.5","Swain",35.434767,-83.442133
"9047",2025-11-15,57,"Bryson City","PM2.5","Swain",35.434767,-83.442133
"9048",2025-11-16,29,"Bryson City","PM2.5","Swain",35.434767,-83.442133
"9049",2025-11-17,13,"Bryson City","PM2.5","Swain",35.434767,-83.442133
"9050",2025-11-18,36,"Bryson City","PM2.5","Swain",35.434767,-83.442133
"9051",2025-11-19,47,"Bryson City","PM2.5","Swain",35.434767,-83.442133
"9052",2025-11-20,51,"Bryson City","PM2.5","Swain",35.434767,-83.442133
"9053",2025-11-21,54,"Bryson City","PM2.5","Swain",35.434767,-83.442133
"9054",2025-11-22,46,"Bryson City","PM2.5","Swain",35.434767,-83.442133
"9055",2025-11-23,34,"Bryson City","PM2.5","Swain",35.434767,-83.442133
"9056",2025-11-24,55,"Bryson City","PM2.5","Swain",35.434767,-83.442133
"9057",2025-11-25,54,"Bryson City","PM2.5","Swain",35.434767,-83.442133
"9058",2025-11-26,18,"Bryson City","PM2.5","Swain",35.434767,-83.442133
"9059",2025-11-27,11,"Bryson City","PM2.5","Swain",35.434767,-83.442133
"9060",2025-11-28,28,"Bryson City","PM2.5","Swain",35.434767,-83.442133
"9061",2025-11-29,41,"Bryson City","PM2.5","Swain",35.434767,-83.442133
"9062",2025-11-30,33,"Bryson City","PM2.5","Swain",35.434767,-83.442133
"9063",2025-12-01,28,"Bryson City","PM2.5","Swain",35.434767,-83.442133
"9064",2025-12-02,19,"Bryson City","PM2.5","Swain",35.434767,-83.442133
"9065",2025-12-03,25,"Bryson City","PM2.5","Swain",35.434767,-83.442133
"9066",2025-12-04,53,"Bryson City","PM2.5","Swain",35.434767,-83.442133
"9067",2025-12-05,21,"Bryson City","PM2.5","Swain",35.434767,-83.442133
"9068",2025-12-06,56,"Bryson City","PM2.5","Swain",35.434767,-83.442133
"9069",2025-12-07,42,"Bryson City","PM2.5","Swain",35.434767,-83.442133
"9070",2025-12-08,52,"Bryson City","PM2.5","Swain",35.434767,-83.442133
"9071",2025-12-09,32,"Bryson City","PM2.5","Swain",35.434767,-83.442133
"9072",2025-12-10,37,"Bryson City","PM2.5","Swain",35.434767,-83.442133
"9073",2025-12-11,18,"Bryson City","PM2.5","Swain",35.434767,-83.442133
"9074",2025-12-12,51,"Bryson City","PM2.5","Swain",35.434767,-83.442133
"9075",2025-12-13,66,"Bryson City","PM2.5","Swain",35.434767,-83.442133
"9076",2025-12-14,29,"Bryson City","PM2.5","Swain",35.434767,-83.442133
"9077",2025-12-15,45,"Bryson City","PM2.5","Swain",35.434767,-83.442133
"9078",2025-12-16,55,"Bryson City","PM2.5","Swain",35.434767,-83.442133
"9079",2025-12-17,65,"Bryson City","PM2.5","Swain",35.434767,-83.442133
"9080",2025-12-18,57,"Bryson City","PM2.5","Swain",35.434767,-83.442133
"9081",2025-12-19,10,"Bryson City","PM2.5","Swain",35.434767,-83.442133
"9082",2025-12-20,60,"Bryson City","PM2.5","Swain",35.434767,-83.442133
"9083",2025-12-21,64,"Bryson City","PM2.5","Swain",35.434767,-83.442133
"9084",2025-12-22,76,"Bryson City","PM2.5","Swain",35.434767,-83.442133
"9085",2025-12-23,71,"Bryson City","PM2.5","Swain",35.434767,-83.442133
"9086",2025-12-24,68,"Bryson City","PM2.5","Swain",35.434767,-83.442133
"9087",2025-12-25,52,"Bryson City","PM2.5","Swain",35.434767,-83.442133
"9088",2025-12-26,41,"Bryson City","PM2.5","Swain",35.434767,-83.442133
"9089",2025-12-27,39,"Bryson City","PM2.5","Swain",35.434767,-83.442133
"9090",2025-12-28,56,"Bryson City","PM2.5","Swain",35.434767,-83.442133
"9091",2025-12-29,12,"Bryson City","PM2.5","Swain",35.434767,-83.442133
"9092",2025-12-30,12,"Bryson City","PM2.5","Swain",35.434767,-83.442133
"9093",2025-12-31,22,"Bryson City","PM2.5","Swain",35.434767,-83.442133
"9094",2025-01-19,13,"Old High School","PM2.5","Swain",35.498711,-83.310242
"9095",2025-01-25,19,"Old High School","PM2.5","Swain",35.498711,-83.310242
"9096",2025-01-31,32,"Old High School","PM2.5","Swain",35.498711,-83.310242
"9097",2025-02-06,51,"Old High School","PM2.5","Swain",35.498711,-83.310242
"9098",2025-02-12,20,"Old High School","PM2.5","Swain",35.498711,-83.310242
"9099",2025-02-18,13,"Old High School","PM2.5","Swain",35.498711,-83.310242
"9100",2025-02-24,16,"Old High School","PM2.5","Swain",35.498711,-83.310242
"9101",2025-03-02,13,"Old High School","PM2.5","Swain",35.498711,-83.310242
"9102",2025-03-08,28,"Old High School","PM2.5","Swain",35.498711,-83.310242
"9103",2025-03-14,44,"Old High School","PM2.5","Swain",35.498711,-83.310242
"9104",2025-03-20,29,"Old High School","PM2.5","Swain",35.498711,-83.310242
"9105",2025-03-26,23,"Old High School","PM2.5","Swain",35.498711,-83.310242
"9106",2025-04-01,14,"Old High School","PM2.5","Swain",35.498711,-83.310242
"9107",2025-04-07,12,"Old High School","PM2.5","Swain",35.498711,-83.310242
"9108",2025-04-13,21,"Old High School","PM2.5","Swain",35.498711,-83.310242
"9109",2025-04-25,34,"Old High School","PM2.5","Swain",35.498711,-83.310242
"9110",2025-04-26,42,"Old High School","PM2.5","Swain",35.498711,-83.310242
"9111",2025-06-18,26,"Old High School","PM2.5","Swain",35.498711,-83.310242
"9112",2025-07-18,22,"Old High School","PM2.5","Swain",35.498711,-83.310242
"9113",2025-07-24,58,"Old High School","PM2.5","Swain",35.498711,-83.310242
"9114",2025-07-30,31,"Old High School","PM2.5","Swain",35.498711,-83.310242
"9115",2025-08-06,28,"Old High School","PM2.5","Swain",35.498711,-83.310242
"9116",2025-08-12,49,"Old High School","PM2.5","Swain",35.498711,-83.310242
"9117",2025-08-23,24,"Old High School","PM2.5","Swain",35.498711,-83.310242
"9118",2025-08-24,29,"Old High School","PM2.5","Swain",35.498711,-83.310242
"9119",2025-08-29,28,"Old High School","PM2.5","Swain",35.498711,-83.310242
"9120",2025-09-04,34,"Old High School","PM2.5","Swain",35.498711,-83.310242
"9121",2025-09-10,30,"Old High School","PM2.5","Swain",35.498711,-83.310242
"9122",2025-09-22,51,"Old High School","PM2.5","Swain",35.498711,-83.310242
"9123",2025-09-23,52,"Old High School","PM2.5","Swain",35.498711,-83.310242
"9124",2025-09-28,31,"Old High School","PM2.5","Swain",35.498711,-83.310242
"9125",2025-10-04,26,"Old High School","PM2.5","Swain",35.498711,-83.310242
"9126",2025-10-10,26,"Old High School","PM2.5","Swain",35.498711,-83.310242
"9127",2025-10-16,21,"Old High School","PM2.5","Swain",35.498711,-83.310242
"9128",2025-10-22,15,"Old High School","PM2.5","Swain",35.498711,-83.310242
"9129",2025-10-28,13,"Old High School","PM2.5","Swain",35.498711,-83.310242
"9130",2025-11-03,26,"Old High School","PM2.5","Swain",35.498711,-83.310242
"9131",2025-11-09,28,"Old High School","PM2.5","Swain",35.498711,-83.310242
"9132",2025-11-15,34,"Old High School","PM2.5","Swain",35.498711,-83.310242
"9133",2025-11-21,50,"Old High School","PM2.5","Swain",35.498711,-83.310242
"9134",2025-11-27,9,"Old High School","PM2.5","Swain",35.498711,-83.310242
"9135",2025-12-03,14,"Old High School","PM2.5","Swain",35.498711,-83.310242
"9136",2025-12-09,16,"Old High School","PM2.5","Swain",35.498711,-83.310242
"9137",2025-12-15,9,"Old High School","PM2.5","Swain",35.498711,-83.310242
"9138",2025-12-21,16,"Old High School","PM2.5","Swain",35.498711,-83.310242
"9139",2025-12-24,48,"Old High School","PM2.5","Swain",35.498711,-83.310242
"9140",2025-12-27,34,"Old High School","PM2.5","Swain",35.498711,-83.310242
"9141",2025-04-19,69,"Old High School","PM2.5","Swain",35.498711,-83.310242
"9142",2025-04-20,64,"Old High School","PM2.5","Swain",35.498711,-83.310242
"9143",2025-04-21,52,"Old High School","PM2.5","Swain",35.498711,-83.310242
"9144",2025-04-22,37,"Old High School","PM2.5","Swain",35.498711,-83.310242
"9145",2025-04-23,29,"Old High School","PM2.5","Swain",35.498711,-83.310242
"9146",2025-04-24,37,"Old High School","PM2.5","Swain",35.498711,-83.310242
"9147",2025-04-25,55,"Old High School","PM2.5","Swain",35.498711,-83.310242
"9148",2025-04-26,40,"Old High School","PM2.5","Swain",35.498711,-83.310242
"9149",2025-04-27,37,"Old High School","PM2.5","Swain",35.498711,-83.310242
"9150",2025-04-28,41,"Old High School","PM2.5","Swain",35.498711,-83.310242
"9151",2025-04-29,47,"Old High School","PM2.5","Swain",35.498711,-83.310242
"9152",2025-04-30,53,"Old High School","PM2.5","Swain",35.498711,-83.310242
"9153",2025-05-01,53,"Old High School","PM2.5","Swain",35.498711,-83.310242
"9154",2025-05-02,32,"Old High School","PM2.5","Swain",35.498711,-83.310242
"9155",2025-05-03,20,"Old High School","PM2.5","Swain",35.498711,-83.310242
"9156",2025-05-04,21,"Old High School","PM2.5","Swain",35.498711,-83.310242
"9157",2025-06-11,62,"Old High School","PM2.5","Swain",35.498711,-83.310242
"9158",2025-06-12,54,"Old High School","PM2.5","Swain",35.498711,-83.310242
"9159",2025-06-13,34,"Old High School","PM2.5","Swain",35.498711,-83.310242
"9160",2025-06-14,33,"Old High School","PM2.5","Swain",35.498711,-83.310242
"9161",2025-06-15,34,"Old High School","PM2.5","Swain",35.498711,-83.310242
"9162",2025-06-16,41,"Old High School","PM2.5","Swain",35.498711,-83.310242
"9163",2025-06-17,29,"Old High School","PM2.5","Swain",35.498711,-83.310242
"9164",2025-06-18,35,"Old High School","PM2.5","Swain",35.498711,-83.310242
"9165",2025-06-19,32,"Old High School","PM2.5","Swain",35.498711,-83.310242
"9166",2025-06-20,34,"Old High School","PM2.5","Swain",35.498711,-83.310242
"9167",2025-06-21,41,"Old High School","PM2.5","Swain",35.498711,-83.310242
"9168",2025-06-22,46,"Old High School","PM2.5","Swain",35.498711,-83.310242
"9169",2025-06-23,52,"Old High School","PM2.5","Swain",35.498711,-83.310242
"9170",2025-06-24,54,"Old High School","PM2.5","Swain",35.498711,-83.310242
"9171",2025-06-25,53,"Old High School","PM2.5","Swain",35.498711,-83.310242
"9172",2025-06-26,55,"Old High School","PM2.5","Swain",35.498711,-83.310242
"9173",2025-06-27,52,"Old High School","PM2.5","Swain",35.498711,-83.310242
"9174",2025-06-28,34,"Old High School","PM2.5","Swain",35.498711,-83.310242
"9175",2025-06-29,35,"Old High School","PM2.5","Swain",35.498711,-83.310242
"9176",2025-06-30,36,"Old High School","PM2.5","Swain",35.498711,-83.310242
"9177",2025-07-01,31,"Old High School","PM2.5","Swain",35.498711,-83.310242
"9178",2025-07-02,25,"Old High School","PM2.5","Swain",35.498711,-83.310242
"9179",2025-07-03,43,"Old High School","PM2.5","Swain",35.498711,-83.310242
"9180",2025-07-04,47,"Old High School","PM2.5","Swain",35.498711,-83.310242
"9181",2025-07-05,54,"Old High School","PM2.5","Swain",35.498711,-83.310242
"9182",2025-07-06,54,"Old High School","PM2.5","Swain",35.498711,-83.310242
"9183",2025-07-07,55,"Old High School","PM2.5","Swain",35.498711,-83.310242
"9184",2025-07-08,55,"Old High School","PM2.5","Swain",35.498711,-83.310242
"9185",2025-07-09,50,"Old High School","PM2.5","Swain",35.498711,-83.310242
"9186",2025-07-10,28,"Old High School","PM2.5","Swain",35.498711,-83.310242
"9187",2025-07-11,29,"Old High School","PM2.5","Swain",35.498711,-83.310242
"9188",2025-07-12,28,"Old High School","PM2.5","Swain",35.498711,-83.310242
"9189",2025-07-13,39,"Old High School","PM2.5","Swain",35.498711,-83.310242
"9190",2025-07-14,29,"Old High School","PM2.5","Swain",35.498711,-83.310242
"9191",2025-07-15,33,"Old High School","PM2.5","Swain",35.498711,-83.310242
"9192",2025-07-16,28,"Old High School","PM2.5","Swain",35.498711,-83.310242
"9193",2025-07-17,33,"Old High School","PM2.5","Swain",35.498711,-83.310242
"9194",2025-07-18,28,"Old High School","PM2.5","Swain",35.498711,-83.310242
"9195",2025-07-19,24,"Old High School","PM2.5","Swain",35.498711,-83.310242
"9196",2025-07-20,38,"Old High School","PM2.5","Swain",35.498711,-83.310242
"9197",2025-07-21,45,"Old High School","PM2.5","Swain",35.498711,-83.310242
"9198",2025-07-22,41,"Old High School","PM2.5","Swain",35.498711,-83.310242
"9199",2025-07-23,49,"Old High School","PM2.5","Swain",35.498711,-83.310242
"9200",2025-07-24,54,"Old High School","PM2.5","Swain",35.498711,-83.310242
"9201",2025-07-25,41,"Old High School","PM2.5","Swain",35.498711,-83.310242
"9202",2025-07-26,28,"Old High School","PM2.5","Swain",35.498711,-83.310242
"9203",2025-07-27,27,"Old High School","PM2.5","Swain",35.498711,-83.310242
"9204",2025-07-28,22,"Old High School","PM2.5","Swain",35.498711,-83.310242
"9205",2025-07-29,29,"Old High School","PM2.5","Swain",35.498711,-83.310242
"9206",2025-07-30,35,"Old High School","PM2.5","Swain",35.498711,-83.310242
"9207",2025-07-31,31,"Old High School","PM2.5","Swain",35.498711,-83.310242
"9208",2025-08-01,33,"Old High School","PM2.5","Swain",35.498711,-83.310242
"9209",2025-08-02,21,"Old High School","PM2.5","Swain",35.498711,-83.310242
"9210",2025-08-03,25,"Old High School","PM2.5","Swain",35.498711,-83.310242
"9211",2025-08-04,26,"Old High School","PM2.5","Swain",35.498711,-83.310242
"9212",2025-08-05,17,"Old High School","PM2.5","Swain",35.498711,-83.310242
"9213",2025-08-06,23,"Old High School","PM2.5","Swain",35.498711,-83.310242
"9214",2025-08-07,28,"Old High School","PM2.5","Swain",35.498711,-83.310242
"9215",2025-08-08,37,"Old High School","PM2.5","Swain",35.498711,-83.310242
"9216",2025-08-09,54,"Old High School","PM2.5","Swain",35.498711,-83.310242
"9217",2025-08-10,40,"Old High School","PM2.5","Swain",35.498711,-83.310242
"9218",2025-08-11,21,"Old High School","PM2.5","Swain",35.498711,-83.310242
"9219",2025-08-12,24,"Old High School","PM2.5","Swain",35.498711,-83.310242
"9220",2025-08-13,18,"Old High School","PM2.5","Swain",35.498711,-83.310242
"9221",2025-08-14,23,"Old High School","PM2.5","Swain",35.498711,-83.310242
"9222",2025-08-15,36,"Old High School","PM2.5","Swain",35.498711,-83.310242
"9223",2025-08-16,41,"Old High School","PM2.5","Swain",35.498711,-83.310242
"9224",2025-08-17,46,"Old High School","PM2.5","Swain",35.498711,-83.310242
"9225",2025-08-18,43,"Old High School","PM2.5","Swain",35.498711,-83.310242
"9226",2025-08-19,38,"Old High School","PM2.5","Swain",35.498711,-83.310242
"9227",2025-08-20,30,"Old High School","PM2.5","Swain",35.498711,-83.310242
"9228",2025-08-21,33,"Old High School","PM2.5","Swain",35.498711,-83.310242
"9229",2025-08-22,34,"Old High School","PM2.5","Swain",35.498711,-83.310242
"9230",2025-08-23,27,"Old High School","PM2.5","Swain",35.498711,-83.310242
"9231",2025-08-24,27,"Old High School","PM2.5","Swain",35.498711,-83.310242
"9232",2025-08-25,26,"Old High School","PM2.5","Swain",35.498711,-83.310242
"9233",2025-08-26,17,"Old High School","PM2.5","Swain",35.498711,-83.310242
"9234",2025-08-27,15,"Old High School","PM2.5","Swain",35.498711,-83.310242
"9235",2025-08-28,18,"Old High School","PM2.5","Swain",35.498711,-83.310242
"9236",2025-08-29,19,"Old High School","PM2.5","Swain",35.498711,-83.310242
"9237",2025-08-30,23,"Old High School","PM2.5","Swain",35.498711,-83.310242
"9238",2025-08-31,27,"Old High School","PM2.5","Swain",35.498711,-83.310242
"9239",2025-09-01,26,"Old High School","PM2.5","Swain",35.498711,-83.310242
"9240",2025-09-02,23,"Old High School","PM2.5","Swain",35.498711,-83.310242
"9241",2025-09-03,22,"Old High School","PM2.5","Swain",35.498711,-83.310242
"9242",2025-09-04,28,"Old High School","PM2.5","Swain",35.498711,-83.310242
"9243",2025-09-05,43,"Old High School","PM2.5","Swain",35.498711,-83.310242
"9244",2025-09-06,34,"Old High School","PM2.5","Swain",35.498711,-83.310242
"9245",2025-09-07,21,"Old High School","PM2.5","Swain",35.498711,-83.310242
"9246",2025-09-08,20,"Old High School","PM2.5","Swain",35.498711,-83.310242
"9247",2025-09-09,22,"Old High School","PM2.5","Swain",35.498711,-83.310242
"9248",2025-09-10,23,"Old High School","PM2.5","Swain",35.498711,-83.310242
"9249",2025-09-11,28,"Old High School","PM2.5","Swain",35.498711,-83.310242
"9250",2025-09-12,32,"Old High School","PM2.5","Swain",35.498711,-83.310242
"9251",2025-09-13,28,"Old High School","PM2.5","Swain",35.498711,-83.310242
"9252",2025-09-14,31,"Old High School","PM2.5","Swain",35.498711,-83.310242
"9253",2025-09-15,39,"Old High School","PM2.5","Swain",35.498711,-83.310242
"9254",2025-09-16,41,"Old High School","PM2.5","Swain",35.498711,-83.310242
"9255",2025-09-17,38,"Old High School","PM2.5","Swain",35.498711,-83.310242
"9256",2025-09-18,33,"Old High School","PM2.5","Swain",35.498711,-83.310242
"9257",2025-09-19,33,"Old High School","PM2.5","Swain",35.498711,-83.310242
"9258",2025-09-20,31,"Old High School","PM2.5","Swain",35.498711,-83.310242
"9259",2025-09-21,36,"Old High School","PM2.5","Swain",35.498711,-83.310242
"9260",2025-09-22,43,"Old High School","PM2.5","Swain",35.498711,-83.310242
"9261",2025-09-23,47,"Old High School","PM2.5","Swain",35.498711,-83.310242
"9262",2025-09-24,44,"Old High School","PM2.5","Swain",35.498711,-83.310242
"9263",2025-09-25,19,"Old High School","PM2.5","Swain",35.498711,-83.310242
"9264",2025-09-26,25,"Old High School","PM2.5","Swain",35.498711,-83.310242
"9265",2025-09-27,26,"Old High School","PM2.5","Swain",35.498711,-83.310242
"9266",2025-09-28,26,"Old High School","PM2.5","Swain",35.498711,-83.310242
"9267",2025-09-29,22,"Old High School","PM2.5","Swain",35.498711,-83.310242
"9268",2025-09-30,17,"Old High School","PM2.5","Swain",35.498711,-83.310242
"9269",2025-10-01,21,"Old High School","PM2.5","Swain",35.498711,-83.310242
"9270",2025-10-02,31,"Old High School","PM2.5","Swain",35.498711,-83.310242
"9271",2025-10-03,24,"Old High School","PM2.5","Swain",35.498711,-83.310242
"9272",2025-10-04,21,"Old High School","PM2.5","Swain",35.498711,-83.310242
"9273",2025-10-05,14,"Old High School","PM2.5","Swain",35.498711,-83.310242
"9274",2025-10-06,13,"Old High School","PM2.5","Swain",35.498711,-83.310242
"9275",2025-10-07,17,"Old High School","PM2.5","Swain",35.498711,-83.310242
"9276",2025-10-08,23,"Old High School","PM2.5","Swain",35.498711,-83.310242
"9277",2025-10-09,18,"Old High School","PM2.5","Swain",35.498711,-83.310242
"9278",2025-10-10,20,"Old High School","PM2.5","Swain",35.498711,-83.310242
"9279",2025-10-11,35,"Old High School","PM2.5","Swain",35.498711,-83.310242
"9280",2025-10-12,18,"Old High School","PM2.5","Swain",35.498711,-83.310242
"9281",2025-10-13,11,"Old High School","PM2.5","Swain",35.498711,-83.310242
"9282",2025-10-14,12,"Old High School","PM2.5","Swain",35.498711,-83.310242
"9283",2025-10-15,13,"Old High School","PM2.5","Swain",35.498711,-83.310242
"9284",2025-10-16,17,"Old High School","PM2.5","Swain",35.498711,-83.310242
"9285",2025-10-17,17,"Old High School","PM2.5","Swain",35.498711,-83.310242
"9286",2025-10-18,47,"Old High School","PM2.5","Swain",35.498711,-83.310242
"9287",2025-10-19,21,"Old High School","PM2.5","Swain",35.498711,-83.310242
"9288",2025-10-20,12,"Old High School","PM2.5","Swain",35.498711,-83.310242
"9289",2025-10-21,21,"Old High School","PM2.5","Swain",35.498711,-83.310242
"9290",2025-10-22,14,"Old High School","PM2.5","Swain",35.498711,-83.310242
"9291",2025-10-23,15,"Old High School","PM2.5","Swain",35.498711,-83.310242
"9292",2025-10-24,13,"Old High School","PM2.5","Swain",35.498711,-83.310242
"9293",2025-10-25,16,"Old High School","PM2.5","Swain",35.498711,-83.310242
"9294",2025-10-26,23,"Old High School","PM2.5","Swain",35.498711,-83.310242
"9295",2025-10-27,13,"Old High School","PM2.5","Swain",35.498711,-83.310242
"9296",2025-10-28,13,"Old High School","PM2.5","Swain",35.498711,-83.310242
"9297",2025-10-29,9,"Old High School","PM2.5","Swain",35.498711,-83.310242
"9298",2025-10-30,9,"Old High School","PM2.5","Swain",35.498711,-83.310242
"9299",2025-10-31,18,"Old High School","PM2.5","Swain",35.498711,-83.310242
"9300",2025-11-01,17,"Old High School","PM2.5","Swain",35.498711,-83.310242
"9301",2025-11-02,19,"Old High School","PM2.5","Swain",35.498711,-83.310242
"9302",2025-11-03,25,"Old High School","PM2.5","Swain",35.498711,-83.310242
"9303",2025-11-04,17,"Old High School","PM2.5","Swain",35.498711,-83.310242
"9304",2025-11-05,23,"Old High School","PM2.5","Swain",35.498711,-83.310242
"9305",2025-11-06,29,"Old High School","PM2.5","Swain",35.498711,-83.310242
"9306",2025-11-07,47,"Old High School","PM2.5","Swain",35.498711,-83.310242
"9307",2025-11-08,28,"Old High School","PM2.5","Swain",35.498711,-83.310242
"9308",2025-11-09,28,"Old High School","PM2.5","Swain",35.498711,-83.310242
"9309",2025-11-10,9,"Old High School","PM2.5","Swain",35.498711,-83.310242
"9310",2025-11-11,10,"Old High School","PM2.5","Swain",35.498711,-83.310242
"9311",2025-11-12,17,"Old High School","PM2.5","Swain",35.498711,-83.310242
"9312",2025-11-13,22,"Old High School","PM2.5","Swain",35.498711,-83.310242
"9313",2025-11-14,21,"Old High School","PM2.5","Swain",35.498711,-83.310242
"9314",2025-11-15,31,"Old High School","PM2.5","Swain",35.498711,-83.310242
"9315",2025-11-16,25,"Old High School","PM2.5","Swain",35.498711,-83.310242
"9316",2025-11-17,11,"Old High School","PM2.5","Swain",35.498711,-83.310242
"9317",2025-11-18,15,"Old High School","PM2.5","Swain",35.498711,-83.310242
"9318",2025-11-19,28,"Old High School","PM2.5","Swain",35.498711,-83.310242
"9319",2025-11-20,37,"Old High School","PM2.5","Swain",35.498711,-83.310242
"9320",2025-11-21,43,"Old High School","PM2.5","Swain",35.498711,-83.310242
"9321",2025-11-22,25,"Old High School","PM2.5","Swain",35.498711,-83.310242
"9322",2025-11-23,12,"Old High School","PM2.5","Swain",35.498711,-83.310242
"9323",2025-11-24,18,"Old High School","PM2.5","Swain",35.498711,-83.310242
"9324",2025-11-25,28,"Old High School","PM2.5","Swain",35.498711,-83.310242
"9325",2025-11-26,16,"Old High School","PM2.5","Swain",35.498711,-83.310242
"9326",2025-11-27,11,"Old High School","PM2.5","Swain",35.498711,-83.310242
"9327",2025-11-28,15,"Old High School","PM2.5","Swain",35.498711,-83.310242
"9328",2025-11-29,17,"Old High School","PM2.5","Swain",35.498711,-83.310242
"9329",2025-11-30,22,"Old High School","PM2.5","Swain",35.498711,-83.310242
"9330",2025-12-01,19,"Old High School","PM2.5","Swain",35.498711,-83.310242
"9331",2025-12-02,7,"Old High School","PM2.5","Swain",35.498711,-83.310242
"9332",2025-12-03,12,"Old High School","PM2.5","Swain",35.498711,-83.310242
"9333",2025-12-04,23,"Old High School","PM2.5","Swain",35.498711,-83.310242
"9334",2025-12-05,11,"Old High School","PM2.5","Swain",35.498711,-83.310242
"9335",2025-12-06,15,"Old High School","PM2.5","Swain",35.498711,-83.310242
"9336",2025-12-07,14,"Old High School","PM2.5","Swain",35.498711,-83.310242
"9337",2025-12-08,17,"Old High School","PM2.5","Swain",35.498711,-83.310242
"9338",2025-12-09,16,"Old High School","PM2.5","Swain",35.498711,-83.310242
"9339",2025-12-10,22,"Old High School","PM2.5","Swain",35.498711,-83.310242
"9340",2025-12-11,13,"Old High School","PM2.5","Swain",35.498711,-83.310242
"9341",2025-12-12,22,"Old High School","PM2.5","Swain",35.498711,-83.310242
"9342",2025-12-13,27,"Old High School","PM2.5","Swain",35.498711,-83.310242
"9343",2025-12-14,11,"Old High School","PM2.5","Swain",35.498711,-83.310242
"9344",2025-12-15,12,"Old High School","PM2.5","Swain",35.498711,-83.310242
"9345",2025-01-01,16,"Millbrook School","PM2.5","Wake",35.856111,-78.574167
"9346",2025-01-04,19,"Millbrook School","PM2.5","Wake",35.856111,-78.574167
"9347",2025-01-07,18,"Millbrook School","PM2.5","Wake",35.856111,-78.574167
"9348",2025-01-10,49,"Millbrook School","PM2.5","Wake",35.856111,-78.574167
"9349",2025-01-13,51,"Millbrook School","PM2.5","Wake",35.856111,-78.574167
"9350",2025-01-16,53,"Millbrook School","PM2.5","Wake",35.856111,-78.574167
"9351",2025-01-19,52,"Millbrook School","PM2.5","Wake",35.856111,-78.574167
"9352",2025-01-22,46,"Millbrook School","PM2.5","Wake",35.856111,-78.574167
"9353",2025-01-25,57,"Millbrook School","PM2.5","Wake",35.856111,-78.574167
"9354",2025-01-28,37,"Millbrook School","PM2.5","Wake",35.856111,-78.574167
"9355",2025-01-31,54,"Millbrook School","PM2.5","Wake",35.856111,-78.574167
"9356",2025-02-03,50,"Millbrook School","PM2.5","Wake",35.856111,-78.574167
"9357",2025-02-06,57,"Millbrook School","PM2.5","Wake",35.856111,-78.574167
"9358",2025-02-09,46,"Millbrook School","PM2.5","Wake",35.856111,-78.574167
"9359",2025-02-12,11,"Millbrook School","PM2.5","Wake",35.856111,-78.574167
"9360",2025-02-15,28,"Millbrook School","PM2.5","Wake",35.856111,-78.574167
"9361",2025-02-18,23,"Millbrook School","PM2.5","Wake",35.856111,-78.574167
"9362",2025-02-21,23,"Millbrook School","PM2.5","Wake",35.856111,-78.574167
"9363",2025-02-24,52,"Millbrook School","PM2.5","Wake",35.856111,-78.574167
"9364",2025-02-27,62,"Millbrook School","PM2.5","Wake",35.856111,-78.574167
"9365",2025-03-02,18,"Millbrook School","PM2.5","Wake",35.856111,-78.574167
"9366",2025-03-05,31,"Millbrook School","PM2.5","Wake",35.856111,-78.574167
"9367",2025-03-08,48,"Millbrook School","PM2.5","Wake",35.856111,-78.574167
"9368",2025-03-11,34,"Millbrook School","PM2.5","Wake",35.856111,-78.574167
"9369",2025-03-14,57,"Millbrook School","PM2.5","Wake",35.856111,-78.574167
"9370",2025-03-17,27,"Millbrook School","PM2.5","Wake",35.856111,-78.574167
"9371",2025-03-20,56,"Millbrook School","PM2.5","Wake",35.856111,-78.574167
"9372",2025-03-23,41,"Millbrook School","PM2.5","Wake",35.856111,-78.574167
"9373",2025-03-26,23,"Millbrook School","PM2.5","Wake",35.856111,-78.574167
"9374",2025-03-29,40,"Millbrook School","PM2.5","Wake",35.856111,-78.574167
"9375",2025-04-01,16,"Millbrook School","PM2.5","Wake",35.856111,-78.574167
"9376",2025-04-04,57,"Millbrook School","PM2.5","Wake",35.856111,-78.574167
"9377",2025-04-07,41,"Millbrook School","PM2.5","Wake",35.856111,-78.574167
"9378",2025-04-10,32,"Millbrook School","PM2.5","Wake",35.856111,-78.574167
"9379",2025-04-13,29,"Millbrook School","PM2.5","Wake",35.856111,-78.574167
"9380",2025-04-16,27,"Millbrook School","PM2.5","Wake",35.856111,-78.574167
"9381",2025-04-19,46,"Millbrook School","PM2.5","Wake",35.856111,-78.574167
"9382",2025-04-22,56,"Millbrook School","PM2.5","Wake",35.856111,-78.574167
"9383",2025-04-25,54,"Millbrook School","PM2.5","Wake",35.856111,-78.574167
"9384",2025-04-28,33,"Millbrook School","PM2.5","Wake",35.856111,-78.574167
"9385",2025-05-01,54,"Millbrook School","PM2.5","Wake",35.856111,-78.574167
"9386",2025-05-04,44,"Millbrook School","PM2.5","Wake",35.856111,-78.574167
"9387",2025-05-07,37,"Millbrook School","PM2.5","Wake",35.856111,-78.574167
"9388",2025-05-10,29,"Millbrook School","PM2.5","Wake",35.856111,-78.574167
"9389",2025-05-13,19,"Millbrook School","PM2.5","Wake",35.856111,-78.574167
"9390",2025-05-16,57,"Millbrook School","PM2.5","Wake",35.856111,-78.574167
"9391",2025-05-19,41,"Millbrook School","PM2.5","Wake",35.856111,-78.574167
"9392",2025-05-22,24,"Millbrook School","PM2.5","Wake",35.856111,-78.574167
"9393",2025-05-25,36,"Millbrook School","PM2.5","Wake",35.856111,-78.574167
"9394",2025-05-28,15,"Millbrook School","PM2.5","Wake",35.856111,-78.574167
"9395",2025-05-31,43,"Millbrook School","PM2.5","Wake",35.856111,-78.574167
"9396",2025-06-03,49,"Millbrook School","PM2.5","Wake",35.856111,-78.574167
"9397",2025-06-06,48,"Millbrook School","PM2.5","Wake",35.856111,-78.574167
"9398",2025-06-09,37,"Millbrook School","PM2.5","Wake",35.856111,-78.574167
"9399",2025-06-12,45,"Millbrook School","PM2.5","Wake",35.856111,-78.574167
"9400",2025-06-15,40,"Millbrook School","PM2.5","Wake",35.856111,-78.574167
"9401",2025-06-18,37,"Millbrook School","PM2.5","Wake",35.856111,-78.574167
"9402",2025-06-21,52,"Millbrook School","PM2.5","Wake",35.856111,-78.574167
"9403",2025-06-24,65,"Millbrook School","PM2.5","Wake",35.856111,-78.574167
"9404",2025-06-27,56,"Millbrook School","PM2.5","Wake",35.856111,-78.574167
"9405",2025-06-30,52,"Millbrook School","PM2.5","Wake",35.856111,-78.574167
"9406",2025-07-03,41,"Millbrook School","PM2.5","Wake",35.856111,-78.574167
"9407",2025-07-06,25,"Millbrook School","PM2.5","Wake",35.856111,-78.574167
"9408",2025-07-09,43,"Millbrook School","PM2.5","Wake",35.856111,-78.574167
"9409",2025-07-12,54,"Millbrook School","PM2.5","Wake",35.856111,-78.574167
"9410",2025-07-15,39,"Millbrook School","PM2.5","Wake",35.856111,-78.574167
"9411",2025-07-18,43,"Millbrook School","PM2.5","Wake",35.856111,-78.574167
"9412",2025-07-21,48,"Millbrook School","PM2.5","Wake",35.856111,-78.574167
"9413",2025-07-24,48,"Millbrook School","PM2.5","Wake",35.856111,-78.574167
"9414",2025-07-27,54,"Millbrook School","PM2.5","Wake",35.856111,-78.574167
"9415",2025-07-30,38,"Millbrook School","PM2.5","Wake",35.856111,-78.574167
"9416",2025-08-02,27,"Millbrook School","PM2.5","Wake",35.856111,-78.574167
"9417",2025-08-05,38,"Millbrook School","PM2.5","Wake",35.856111,-78.574167
"9418",2025-08-08,67,"Millbrook School","PM2.5","Wake",35.856111,-78.574167
"9419",2025-08-11,20,"Millbrook School","PM2.5","Wake",35.856111,-78.574167
"9420",2025-08-14,36,"Millbrook School","PM2.5","Wake",35.856111,-78.574167
"9421",2025-08-17,49,"Millbrook School","PM2.5","Wake",35.856111,-78.574167
"9422",2025-08-20,29,"Millbrook School","PM2.5","Wake",35.856111,-78.574167
"9423",2025-08-23,39,"Millbrook School","PM2.5","Wake",35.856111,-78.574167
"9424",2025-08-26,32,"Millbrook School","PM2.5","Wake",35.856111,-78.574167
"9425",2025-08-29,44,"Millbrook School","PM2.5","Wake",35.856111,-78.574167
"9426",2025-09-01,24,"Millbrook School","PM2.5","Wake",35.856111,-78.574167
"9427",2025-09-04,48,"Millbrook School","PM2.5","Wake",35.856111,-78.574167
"9428",2025-09-07,39,"Millbrook School","PM2.5","Wake",35.856111,-78.574167
"9429",2025-09-10,17,"Millbrook School","PM2.5","Wake",35.856111,-78.574167
"9430",2025-09-13,39,"Millbrook School","PM2.5","Wake",35.856111,-78.574167
"9431",2025-09-16,35,"Millbrook School","PM2.5","Wake",35.856111,-78.574167
"9432",2025-09-19,48,"Millbrook School","PM2.5","Wake",35.856111,-78.574167
"9433",2025-09-22,37,"Millbrook School","PM2.5","Wake",35.856111,-78.574167
"9434",2025-09-25,43,"Millbrook School","PM2.5","Wake",35.856111,-78.574167
"9435",2025-09-28,34,"Millbrook School","PM2.5","Wake",35.856111,-78.574167
"9436",2025-10-01,45,"Millbrook School","PM2.5","Wake",35.856111,-78.574167
"9437",2025-10-04,38,"Millbrook School","PM2.5","Wake",35.856111,-78.574167
"9438",2025-10-07,30,"Millbrook School","PM2.5","Wake",35.856111,-78.574167
"9439",2025-10-10,28,"Millbrook School","PM2.5","Wake",35.856111,-78.574167
"9440",2025-10-13,11,"Millbrook School","PM2.5","Wake",35.856111,-78.574167
"9441",2025-10-16,33,"Millbrook School","PM2.5","Wake",35.856111,-78.574167
"9442",2025-10-19,34,"Millbrook School","PM2.5","Wake",35.856111,-78.574167
"9443",2025-10-22,36,"Millbrook School","PM2.5","Wake",35.856111,-78.574167
"9444",2025-10-25,28,"Millbrook School","PM2.5","Wake",35.856111,-78.574167
"9445",2025-10-28,16,"Millbrook School","PM2.5","Wake",35.856111,-78.574167
"9446",2025-10-31,20,"Millbrook School","PM2.5","Wake",35.856111,-78.574167
"9447",2025-11-03,29,"Millbrook School","PM2.5","Wake",35.856111,-78.574167
"9448",2025-11-06,53,"Millbrook School","PM2.5","Wake",35.856111,-78.574167
"9449",2025-11-09,56,"Millbrook School","PM2.5","Wake",35.856111,-78.574167
"9450",2025-11-12,42,"Millbrook School","PM2.5","Wake",35.856111,-78.574167
"9451",2025-11-17,22,"Millbrook School","PM2.5","Wake",35.856111,-78.574167
"9452",2025-11-18,46,"Millbrook School","PM2.5","Wake",35.856111,-78.574167
"9453",2025-11-21,68,"Millbrook School","PM2.5","Wake",35.856111,-78.574167
"9454",2025-11-24,46,"Millbrook School","PM2.5","Wake",35.856111,-78.574167
"9455",2025-11-27,13,"Millbrook School","PM2.5","Wake",35.856111,-78.574167
"9456",2025-11-30,37,"Millbrook School","PM2.5","Wake",35.856111,-78.574167
"9457",2025-12-03,40,"Millbrook School","PM2.5","Wake",35.856111,-78.574167
"9458",2025-12-11,16,"Millbrook School","PM2.5","Wake",35.856111,-78.574167
"9459",2025-12-12,39,"Millbrook School","PM2.5","Wake",35.856111,-78.574167
"9460",2025-12-13,64,"Millbrook School","PM2.5","Wake",35.856111,-78.574167
"9461",2025-12-16,52,"Millbrook School","PM2.5","Wake",35.856111,-78.574167
"9462",2025-12-18,58,"Millbrook School","PM2.5","Wake",35.856111,-78.574167
"9463",2025-12-24,46,"Millbrook School","PM2.5","Wake",35.856111,-78.574167
"9464",2025-12-27,51,"Millbrook School","PM2.5","Wake",35.856111,-78.574167
"9465",2025-12-30,16,"Millbrook School","PM2.5","Wake",35.856111,-78.574167
"9466",2025-01-01,7,"Millbrook School","PM2.5","Wake",35.856111,-78.574167
"9467",2025-01-02,23,"Millbrook School","PM2.5","Wake",35.856111,-78.574167
"9468",2025-01-03,27,"Millbrook School","PM2.5","Wake",35.856111,-78.574167
"9469",2025-01-04,20,"Millbrook School","PM2.5","Wake",35.856111,-78.574167
"9470",2025-01-05,19,"Millbrook School","PM2.5","Wake",35.856111,-78.574167
"9471",2025-01-06,22,"Millbrook School","PM2.5","Wake",35.856111,-78.574167
"9472",2025-01-07,17,"Millbrook School","PM2.5","Wake",35.856111,-78.574167
"9473",2025-01-08,25,"Millbrook School","PM2.5","Wake",35.856111,-78.574167
"9474",2025-01-09,26,"Millbrook School","PM2.5","Wake",35.856111,-78.574167
"9475",2025-01-10,42,"Millbrook School","PM2.5","Wake",35.856111,-78.574167
"9476",2025-01-11,34,"Millbrook School","PM2.5","Wake",35.856111,-78.574167
"9477",2025-01-12,51,"Millbrook School","PM2.5","Wake",35.856111,-78.574167
"9478",2025-01-13,54,"Millbrook School","PM2.5","Wake",35.856111,-78.574167
"9479",2025-01-14,24,"Millbrook School","PM2.5","Wake",35.856111,-78.574167
"9480",2025-01-15,34,"Millbrook School","PM2.5","Wake",35.856111,-78.574167
"9481",2025-01-16,53,"Millbrook School","PM2.5","Wake",35.856111,-78.574167
"9482",2025-01-17,37,"Millbrook School","PM2.5","Wake",35.856111,-78.574167
"9483",2025-01-18,58,"Millbrook School","PM2.5","Wake",35.856111,-78.574167
"9484",2025-01-19,55,"Millbrook School","PM2.5","Wake",35.856111,-78.574167
"9485",2025-01-20,19,"Millbrook School","PM2.5","Wake",35.856111,-78.574167
"9486",2025-01-21,23,"Millbrook School","PM2.5","Wake",35.856111,-78.574167
"9487",2025-01-22,39,"Millbrook School","PM2.5","Wake",35.856111,-78.574167
"9488",2025-01-23,55,"Millbrook School","PM2.5","Wake",35.856111,-78.574167
"9489",2025-01-24,57,"Millbrook School","PM2.5","Wake",35.856111,-78.574167
"9490",2025-01-25,58,"Millbrook School","PM2.5","Wake",35.856111,-78.574167
"9491",2025-01-26,55,"Millbrook School","PM2.5","Wake",35.856111,-78.574167
"9492",2025-01-27,52,"Millbrook School","PM2.5","Wake",35.856111,-78.574167
"9493",2025-01-28,47,"Millbrook School","PM2.5","Wake",35.856111,-78.574167
"9494",2025-01-29,29,"Millbrook School","PM2.5","Wake",35.856111,-78.574167
"9495",2025-01-30,27,"Millbrook School","PM2.5","Wake",35.856111,-78.574167
"9496",2025-01-31,52,"Millbrook School","PM2.5","Wake",35.856111,-78.574167
"9497",2025-02-01,22,"Millbrook School","PM2.5","Wake",35.856111,-78.574167
"9498",2025-02-02,23,"Millbrook School","PM2.5","Wake",35.856111,-78.574167
"9499",2025-02-03,43,"Millbrook School","PM2.5","Wake",35.856111,-78.574167
"9500",2025-02-04,53,"Millbrook School","PM2.5","Wake",35.856111,-78.574167
"9501",2025-02-05,29,"Millbrook School","PM2.5","Wake",35.856111,-78.574167
"9502",2025-02-06,59,"Millbrook School","PM2.5","Wake",35.856111,-78.574167
"9503",2025-02-07,44,"Millbrook School","PM2.5","Wake",35.856111,-78.574167
"9504",2025-02-08,37,"Millbrook School","PM2.5","Wake",35.856111,-78.574167
"9505",2025-02-09,46,"Millbrook School","PM2.5","Wake",35.856111,-78.574167
"9506",2025-02-10,32,"Millbrook School","PM2.5","Wake",35.856111,-78.574167
"9507",2025-02-11,39,"Millbrook School","PM2.5","Wake",35.856111,-78.574167
"9508",2025-02-12,10,"Millbrook School","PM2.5","Wake",35.856111,-78.574167
"9509",2025-02-13,21,"Millbrook School","PM2.5","Wake",35.856111,-78.574167
"9510",2025-02-14,38,"Millbrook School","PM2.5","Wake",35.856111,-78.574167
"9511",2025-02-15,28,"Millbrook School","PM2.5","Wake",35.856111,-78.574167
"9512",2025-02-16,17,"Millbrook School","PM2.5","Wake",35.856111,-78.574167
"9513",2025-02-17,18,"Millbrook School","PM2.5","Wake",35.856111,-78.574167
"9514",2025-02-18,22,"Millbrook School","PM2.5","Wake",35.856111,-78.574167
"9515",2025-02-19,28,"Millbrook School","PM2.5","Wake",35.856111,-78.574167
"9516",2025-02-20,23,"Millbrook School","PM2.5","Wake",35.856111,-78.574167
"9517",2025-02-21,21,"Millbrook School","PM2.5","Wake",35.856111,-78.574167
"9518",2025-02-22,31,"Millbrook School","PM2.5","Wake",35.856111,-78.574167
"9519",2025-02-23,43,"Millbrook School","PM2.5","Wake",35.856111,-78.574167
"9520",2025-02-24,52,"Millbrook School","PM2.5","Wake",35.856111,-78.574167
"9521",2025-02-25,61,"Millbrook School","PM2.5","Wake",35.856111,-78.574167
"9522",2025-02-26,53,"Millbrook School","PM2.5","Wake",35.856111,-78.574167
"9523",2025-02-27,68,"Millbrook School","PM2.5","Wake",35.856111,-78.574167
"9524",2025-02-28,24,"Millbrook School","PM2.5","Wake",35.856111,-78.574167
"9525",2025-03-01,37,"Millbrook School","PM2.5","Wake",35.856111,-78.574167
"9526",2025-03-02,18,"Millbrook School","PM2.5","Wake",35.856111,-78.574167
"9527",2025-03-03,39,"Millbrook School","PM2.5","Wake",35.856111,-78.574167
"9528",2025-03-04,34,"Millbrook School","PM2.5","Wake",35.856111,-78.574167
"9529",2025-03-05,31,"Millbrook School","PM2.5","Wake",35.856111,-78.574167
"9530",2025-03-06,11,"Millbrook School","PM2.5","Wake",35.856111,-78.574167
"9531",2025-03-07,47,"Millbrook School","PM2.5","Wake",35.856111,-78.574167
"9532",2025-03-08,52,"Millbrook School","PM2.5","Wake",35.856111,-78.574167
"9533",2025-03-09,26,"Millbrook School","PM2.5","Wake",35.856111,-78.574167
"9534",2025-03-10,44,"Millbrook School","PM2.5","Wake",35.856111,-78.574167
"9535",2025-03-11,31,"Millbrook School","PM2.5","Wake",35.856111,-78.574167
"9536",2025-03-12,53,"Millbrook School","PM2.5","Wake",35.856111,-78.574167
"9537",2025-03-13,69,"Millbrook School","PM2.5","Wake",35.856111,-78.574167
"9538",2025-03-14,66,"Millbrook School","PM2.5","Wake",35.856111,-78.574167
"9539",2025-03-15,58,"Millbrook School","PM2.5","Wake",35.856111,-78.574167
"9540",2025-03-16,27,"Millbrook School","PM2.5","Wake",35.856111,-78.574167
"9541",2025-03-17,28,"Millbrook School","PM2.5","Wake",35.856111,-78.574167
"9542",2025-03-18,18,"Millbrook School","PM2.5","Wake",35.856111,-78.574167
"9543",2025-03-19,57,"Millbrook School","PM2.5","Wake",35.856111,-78.574167
"9544",2025-03-20,57,"Millbrook School","PM2.5","Wake",35.856111,-78.574167
"9545",2025-03-21,15,"Millbrook School","PM2.5","Wake",35.856111,-78.574167
"9546",2025-03-22,46,"Millbrook School","PM2.5","Wake",35.856111,-78.574167
"9547",2025-03-23,35,"Millbrook School","PM2.5","Wake",35.856111,-78.574167
"9548",2025-03-24,53,"Millbrook School","PM2.5","Wake",35.856111,-78.574167
"9549",2025-03-25,23,"Millbrook School","PM2.5","Wake",35.856111,-78.574167
"9550",2025-03-26,20,"Millbrook School","PM2.5","Wake",35.856111,-78.574167
"9551",2025-03-27,24,"Millbrook School","PM2.5","Wake",35.856111,-78.574167
"9552",2025-03-28,51,"Millbrook School","PM2.5","Wake",35.856111,-78.574167
"9553",2025-03-29,40,"Millbrook School","PM2.5","Wake",35.856111,-78.574167
"9554",2025-03-30,29,"Millbrook School","PM2.5","Wake",35.856111,-78.574167
"9555",2025-03-31,39,"Millbrook School","PM2.5","Wake",35.856111,-78.574167
"9556",2025-04-01,14,"Millbrook School","PM2.5","Wake",35.856111,-78.574167
"9557",2025-04-02,34,"Millbrook School","PM2.5","Wake",35.856111,-78.574167
"9558",2025-04-03,53,"Millbrook School","PM2.5","Wake",35.856111,-78.574167
"9559",2025-04-04,58,"Millbrook School","PM2.5","Wake",35.856111,-78.574167
"9560",2025-04-05,55,"Millbrook School","PM2.5","Wake",35.856111,-78.574167
"9561",2025-04-06,42,"Millbrook School","PM2.5","Wake",35.856111,-78.574167
"9562",2025-04-07,38,"Millbrook School","PM2.5","Wake",35.856111,-78.574167
"9563",2025-04-08,21,"Millbrook School","PM2.5","Wake",35.856111,-78.574167
"9564",2025-04-09,23,"Millbrook School","PM2.5","Wake",35.856111,-78.574167
"9565",2025-04-10,30,"Millbrook School","PM2.5","Wake",35.856111,-78.574167
"9566",2025-04-11,24,"Millbrook School","PM2.5","Wake",35.856111,-78.574167
"9567",2025-04-12,18,"Millbrook School","PM2.5","Wake",35.856111,-78.574167
"9568",2025-04-13,25,"Millbrook School","PM2.5","Wake",35.856111,-78.574167
"9569",2025-04-14,54,"Millbrook School","PM2.5","Wake",35.856111,-78.574167
"9570",2025-04-15,43,"Millbrook School","PM2.5","Wake",35.856111,-78.574167
"9571",2025-04-16,26,"Millbrook School","PM2.5","Wake",35.856111,-78.574167
"9572",2025-04-17,33,"Millbrook School","PM2.5","Wake",35.856111,-78.574167
"9573",2025-04-18,53,"Millbrook School","PM2.5","Wake",35.856111,-78.574167
"9574",2025-04-19,47,"Millbrook School","PM2.5","Wake",35.856111,-78.574167
"9575",2025-04-20,54,"Millbrook School","PM2.5","Wake",35.856111,-78.574167
"9576",2025-04-21,57,"Millbrook School","PM2.5","Wake",35.856111,-78.574167
"9577",2025-04-22,55,"Millbrook School","PM2.5","Wake",35.856111,-78.574167
"9578",2025-04-23,52,"Millbrook School","PM2.5","Wake",35.856111,-78.574167
"9579",2025-04-24,58,"Millbrook School","PM2.5","Wake",35.856111,-78.574167
"9580",2025-04-25,55,"Millbrook School","PM2.5","Wake",35.856111,-78.574167
"9581",2025-04-26,41,"Millbrook School","PM2.5","Wake",35.856111,-78.574167
"9582",2025-04-27,24,"Millbrook School","PM2.5","Wake",35.856111,-78.574167
"9583",2025-04-28,29,"Millbrook School","PM2.5","Wake",35.856111,-78.574167
"9584",2025-04-29,43,"Millbrook School","PM2.5","Wake",35.856111,-78.574167
"9585",2025-04-30,54,"Millbrook School","PM2.5","Wake",35.856111,-78.574167
"9586",2025-05-01,57,"Millbrook School","PM2.5","Wake",35.856111,-78.574167
"9587",2025-05-02,48,"Millbrook School","PM2.5","Wake",35.856111,-78.574167
"9588",2025-05-03,37,"Millbrook School","PM2.5","Wake",35.856111,-78.574167
"9589",2025-05-04,23,"Millbrook School","PM2.5","Wake",35.856111,-78.574167
"9590",2025-05-05,34,"Millbrook School","PM2.5","Wake",35.856111,-78.574167
"9591",2025-05-06,30,"Millbrook School","PM2.5","Wake",35.856111,-78.574167
"9592",2025-05-07,35,"Millbrook School","PM2.5","Wake",35.856111,-78.574167
"9593",2025-05-08,50,"Millbrook School","PM2.5","Wake",35.856111,-78.574167
"9594",2025-05-09,30,"Millbrook School","PM2.5","Wake",35.856111,-78.574167
"9595",2025-05-10,27,"Millbrook School","PM2.5","Wake",35.856111,-78.574167
"9596",2025-05-11,41,"Millbrook School","PM2.5","Wake",35.856111,-78.574167
"9597",2025-05-12,27,"Millbrook School","PM2.5","Wake",35.856111,-78.574167
"9598",2025-05-13,19,"Millbrook School","PM2.5","Wake",35.856111,-78.574167
"9599",2025-05-14,31,"Millbrook School","PM2.5","Wake",35.856111,-78.574167
"9600",2025-05-15,54,"Millbrook School","PM2.5","Wake",35.856111,-78.574167
"9601",2025-05-16,60,"Millbrook School","PM2.5","Wake",35.856111,-78.574167
"9602",2025-05-17,39,"Millbrook School","PM2.5","Wake",35.856111,-78.574167
"9603",2025-05-18,26,"Millbrook School","PM2.5","Wake",35.856111,-78.574167
"9604",2025-05-19,23,"Millbrook School","PM2.5","Wake",35.856111,-78.574167
"9605",2025-05-20,37,"Millbrook School","PM2.5","Wake",35.856111,-78.574167
"9606",2025-05-21,39,"Millbrook School","PM2.5","Wake",35.856111,-78.574167
"9607",2025-05-22,22,"Millbrook School","PM2.5","Wake",35.856111,-78.574167
"9608",2025-05-23,14,"Millbrook School","PM2.5","Wake",35.856111,-78.574167
"9609",2025-05-24,22,"Millbrook School","PM2.5","Wake",35.856111,-78.574167
"9610",2025-05-25,29,"Millbrook School","PM2.5","Wake",35.856111,-78.574167
"9611",2025-05-26,31,"Millbrook School","PM2.5","Wake",35.856111,-78.574167
"9612",2025-05-27,17,"Millbrook School","PM2.5","Wake",35.856111,-78.574167
"9613",2025-05-28,17,"Millbrook School","PM2.5","Wake",35.856111,-78.574167
"9614",2025-05-29,37,"Millbrook School","PM2.5","Wake",35.856111,-78.574167
"9615",2025-05-30,26,"Millbrook School","PM2.5","Wake",35.856111,-78.574167
"9616",2025-05-31,48,"Millbrook School","PM2.5","Wake",35.856111,-78.574167
"9617",2025-06-01,53,"Millbrook School","PM2.5","Wake",35.856111,-78.574167
"9618",2025-06-02,41,"Millbrook School","PM2.5","Wake",35.856111,-78.574167
"9619",2025-06-03,44,"Millbrook School","PM2.5","Wake",35.856111,-78.574167
"9620",2025-06-04,51,"Millbrook School","PM2.5","Wake",35.856111,-78.574167
"9621",2025-06-05,39,"Millbrook School","PM2.5","Wake",35.856111,-78.574167
"9622",2025-06-06,53,"Millbrook School","PM2.5","Wake",35.856111,-78.574167
"9623",2025-06-07,38,"Millbrook School","PM2.5","Wake",35.856111,-78.574167
"9624",2025-06-08,39,"Millbrook School","PM2.5","Wake",35.856111,-78.574167
"9625",2025-06-09,35,"Millbrook School","PM2.5","Wake",35.856111,-78.574167
"9626",2025-06-10,34,"Millbrook School","PM2.5","Wake",35.856111,-78.574167
"9627",2025-06-11,48,"Millbrook School","PM2.5","Wake",35.856111,-78.574167
"9628",2025-06-12,47,"Millbrook School","PM2.5","Wake",35.856111,-78.574167
"9629",2025-06-13,36,"Millbrook School","PM2.5","Wake",35.856111,-78.574167
"9630",2025-06-14,34,"Millbrook School","PM2.5","Wake",35.856111,-78.574167
"9631",2025-06-15,39,"Millbrook School","PM2.5","Wake",35.856111,-78.574167
"9632",2025-06-16,39,"Millbrook School","PM2.5","Wake",35.856111,-78.574167
"9633",2025-06-17,39,"Millbrook School","PM2.5","Wake",35.856111,-78.574167
"9634",2025-06-18,35,"Millbrook School","PM2.5","Wake",35.856111,-78.574167
"9635",2025-06-19,33,"Millbrook School","PM2.5","Wake",35.856111,-78.574167
"9636",2025-06-20,33,"Millbrook School","PM2.5","Wake",35.856111,-78.574167
"9637",2025-06-21,53,"Millbrook School","PM2.5","Wake",35.856111,-78.574167
"9638",2025-06-22,57,"Millbrook School","PM2.5","Wake",35.856111,-78.574167
"9639",2025-06-23,64,"Millbrook School","PM2.5","Wake",35.856111,-78.574167
"9640",2025-06-24,69,"Millbrook School","PM2.5","Wake",35.856111,-78.574167
"9641",2025-06-25,67,"Millbrook School","PM2.5","Wake",35.856111,-78.574167
"9642",2025-06-26,62,"Millbrook School","PM2.5","Wake",35.856111,-78.574167
"9643",2025-06-27,58,"Millbrook School","PM2.5","Wake",35.856111,-78.574167
"9644",2025-06-28,54,"Millbrook School","PM2.5","Wake",35.856111,-78.574167
"9645",2025-06-29,54,"Millbrook School","PM2.5","Wake",35.856111,-78.574167
"9646",2025-06-30,53,"Millbrook School","PM2.5","Wake",35.856111,-78.574167
"9647",2025-07-01,47,"Millbrook School","PM2.5","Wake",35.856111,-78.574167
"9648",2025-07-02,32,"Millbrook School","PM2.5","Wake",35.856111,-78.574167
"9649",2025-07-03,44,"Millbrook School","PM2.5","Wake",35.856111,-78.574167
"9650",2025-07-04,64,"Millbrook School","PM2.5","Wake",35.856111,-78.574167
"9651",2025-07-05,58,"Millbrook School","PM2.5","Wake",35.856111,-78.574167
"9652",2025-07-06,24,"Millbrook School","PM2.5","Wake",35.856111,-78.574167
"9653",2025-07-07,48,"Millbrook School","PM2.5","Wake",35.856111,-78.574167
"9654",2025-07-08,57,"Millbrook School","PM2.5","Wake",35.856111,-78.574167
"9655",2025-07-09,47,"Millbrook School","PM2.5","Wake",35.856111,-78.574167
"9656",2025-07-10,33,"Millbrook School","PM2.5","Wake",35.856111,-78.574167
"9657",2025-07-11,47,"Millbrook School","PM2.5","Wake",35.856111,-78.574167
"9658",2025-07-12,53,"Millbrook School","PM2.5","Wake",35.856111,-78.574167
"9659",2025-07-13,51,"Millbrook School","PM2.5","Wake",35.856111,-78.574167
"9660",2025-07-14,49,"Millbrook School","PM2.5","Wake",35.856111,-78.574167
"9661",2025-07-15,29,"Millbrook School","PM2.5","Wake",35.856111,-78.574167
"9662",2025-07-16,38,"Millbrook School","PM2.5","Wake",35.856111,-78.574167
"9663",2025-07-17,43,"Millbrook School","PM2.5","Wake",35.856111,-78.574167
"9664",2025-07-18,42,"Millbrook School","PM2.5","Wake",35.856111,-78.574167
"9665",2025-07-19,42,"Millbrook School","PM2.5","Wake",35.856111,-78.574167
"9666",2025-07-20,39,"Millbrook School","PM2.5","Wake",35.856111,-78.574167
"9667",2025-07-21,43,"Millbrook School","PM2.5","Wake",35.856111,-78.574167
"9668",2025-07-22,52,"Millbrook School","PM2.5","Wake",35.856111,-78.574167
"9669",2025-07-23,55,"Millbrook School","PM2.5","Wake",35.856111,-78.574167
"9670",2025-07-24,52,"Millbrook School","PM2.5","Wake",35.856111,-78.574167
"9671",2025-07-25,52,"Millbrook School","PM2.5","Wake",35.856111,-78.574167
"9672",2025-07-26,58,"Millbrook School","PM2.5","Wake",35.856111,-78.574167
"9673",2025-07-27,55,"Millbrook School","PM2.5","Wake",35.856111,-78.574167
"9674",2025-07-28,42,"Millbrook School","PM2.5","Wake",35.856111,-78.574167
"9675",2025-07-29,43,"Millbrook School","PM2.5","Wake",35.856111,-78.574167
"9676",2025-07-30,39,"Millbrook School","PM2.5","Wake",35.856111,-78.574167
"9677",2025-07-31,52,"Millbrook School","PM2.5","Wake",35.856111,-78.574167
"9678",2025-08-01,42,"Millbrook School","PM2.5","Wake",35.856111,-78.574167
"9679",2025-08-02,31,"Millbrook School","PM2.5","Wake",35.856111,-78.574167
"9680",2025-08-03,34,"Millbrook School","PM2.5","Wake",35.856111,-78.574167
"9681",2025-08-04,38,"Millbrook School","PM2.5","Wake",35.856111,-78.574167
"9682",2025-08-05,38,"Millbrook School","PM2.5","Wake",35.856111,-78.574167
"9683",2025-08-06,28,"Millbrook School","PM2.5","Wake",35.856111,-78.574167
"9684",2025-08-07,67,"Millbrook School","PM2.5","Wake",35.856111,-78.574167
"9685",2025-08-08,73,"Millbrook School","PM2.5","Wake",35.856111,-78.574167
"9686",2025-08-09,44,"Millbrook School","PM2.5","Wake",35.856111,-78.574167
"9687",2025-08-10,35,"Millbrook School","PM2.5","Wake",35.856111,-78.574167
"9688",2025-08-11,24,"Millbrook School","PM2.5","Wake",35.856111,-78.574167
"9689",2025-08-12,22,"Millbrook School","PM2.5","Wake",35.856111,-78.574167
"9690",2025-08-13,28,"Millbrook School","PM2.5","Wake",35.856111,-78.574167
"9691",2025-08-14,34,"Millbrook School","PM2.5","Wake",35.856111,-78.574167
"9692",2025-08-15,43,"Millbrook School","PM2.5","Wake",35.856111,-78.574167
"9693",2025-08-16,51,"Millbrook School","PM2.5","Wake",35.856111,-78.574167
"9694",2025-08-17,54,"Millbrook School","PM2.5","Wake",35.856111,-78.574167
"9695",2025-08-18,53,"Millbrook School","PM2.5","Wake",35.856111,-78.574167
"9696",2025-08-19,28,"Millbrook School","PM2.5","Wake",35.856111,-78.574167
"9697",2025-08-20,32,"Millbrook School","PM2.5","Wake",35.856111,-78.574167
"9698",2025-08-21,31,"Millbrook School","PM2.5","Wake",35.856111,-78.574167
"9699",2025-08-22,30,"Millbrook School","PM2.5","Wake",35.856111,-78.574167
"9700",2025-08-23,38,"Millbrook School","PM2.5","Wake",35.856111,-78.574167
"9701",2025-08-24,41,"Millbrook School","PM2.5","Wake",35.856111,-78.574167
"9702",2025-08-25,43,"Millbrook School","PM2.5","Wake",35.856111,-78.574167
"9703",2025-08-26,31,"Millbrook School","PM2.5","Wake",35.856111,-78.574167
"9704",2025-08-27,26,"Millbrook School","PM2.5","Wake",35.856111,-78.574167
"9705",2025-08-28,42,"Millbrook School","PM2.5","Wake",35.856111,-78.574167
"9706",2025-08-29,44,"Millbrook School","PM2.5","Wake",35.856111,-78.574167
"9707",2025-08-30,43,"Millbrook School","PM2.5","Wake",35.856111,-78.574167
"9708",2025-08-31,28,"Millbrook School","PM2.5","Wake",35.856111,-78.574167
"9709",2025-09-01,23,"Millbrook School","PM2.5","Wake",35.856111,-78.574167
"9710",2025-09-02,23,"Millbrook School","PM2.5","Wake",35.856111,-78.574167
"9711",2025-09-03,34,"Millbrook School","PM2.5","Wake",35.856111,-78.574167
"9712",2025-09-04,52,"Millbrook School","PM2.5","Wake",35.856111,-78.574167
"9713",2025-09-05,54,"Millbrook School","PM2.5","Wake",35.856111,-78.574167
"9714",2025-09-06,55,"Millbrook School","PM2.5","Wake",35.856111,-78.574167
"9715",2025-09-07,46,"Millbrook School","PM2.5","Wake",35.856111,-78.574167
"9716",2025-09-08,27,"Millbrook School","PM2.5","Wake",35.856111,-78.574167
"9717",2025-09-09,33,"Millbrook School","PM2.5","Wake",35.856111,-78.574167
"9718",2025-09-10,20,"Millbrook School","PM2.5","Wake",35.856111,-78.574167
"9719",2025-09-11,31,"Millbrook School","PM2.5","Wake",35.856111,-78.574167
"9720",2025-09-12,33,"Millbrook School","PM2.5","Wake",35.856111,-78.574167
"9721",2025-09-13,39,"Millbrook School","PM2.5","Wake",35.856111,-78.574167
"9722",2025-09-14,49,"Millbrook School","PM2.5","Wake",35.856111,-78.574167
"9723",2025-09-15,51,"Millbrook School","PM2.5","Wake",35.856111,-78.574167
"9724",2025-09-16,38,"Millbrook School","PM2.5","Wake",35.856111,-78.574167
"9725",2025-09-17,25,"Millbrook School","PM2.5","Wake",35.856111,-78.574167
"9726",2025-09-18,22,"Millbrook School","PM2.5","Wake",35.856111,-78.574167
"9727",2025-09-19,49,"Millbrook School","PM2.5","Wake",35.856111,-78.574167
"9728",2025-09-20,54,"Millbrook School","PM2.5","Wake",35.856111,-78.574167
"9729",2025-09-21,54,"Millbrook School","PM2.5","Wake",35.856111,-78.574167
"9730",2025-09-22,39,"Millbrook School","PM2.5","Wake",35.856111,-78.574167
"9731",2025-09-23,46,"Millbrook School","PM2.5","Wake",35.856111,-78.574167
"9732",2025-09-24,44,"Millbrook School","PM2.5","Wake",35.856111,-78.574167
"9733",2025-09-25,37,"Millbrook School","PM2.5","Wake",35.856111,-78.574167
"9734",2025-09-26,41,"Millbrook School","PM2.5","Wake",35.856111,-78.574167
"9735",2025-09-27,27,"Millbrook School","PM2.5","Wake",35.856111,-78.574167
"9736",2025-09-28,33,"Millbrook School","PM2.5","Wake",35.856111,-78.574167
"9737",2025-09-29,41,"Millbrook School","PM2.5","Wake",35.856111,-78.574167
"9738",2025-09-30,55,"Millbrook School","PM2.5","Wake",35.856111,-78.574167
"9739",2025-10-01,48,"Millbrook School","PM2.5","Wake",35.856111,-78.574167
"9740",2025-10-02,31,"Millbrook School","PM2.5","Wake",35.856111,-78.574167
"9741",2025-10-03,31,"Millbrook School","PM2.5","Wake",35.856111,-78.574167
"9742",2025-10-04,36,"Millbrook School","PM2.5","Wake",35.856111,-78.574167
"9743",2025-10-05,30,"Millbrook School","PM2.5","Wake",35.856111,-78.574167
"9744",2025-10-06,27,"Millbrook School","PM2.5","Wake",35.856111,-78.574167
"9745",2025-10-07,25,"Millbrook School","PM2.5","Wake",35.856111,-78.574167
"9746",2025-10-08,23,"Millbrook School","PM2.5","Wake",35.856111,-78.574167
"9747",2025-10-09,19,"Millbrook School","PM2.5","Wake",35.856111,-78.574167
"9748",2025-10-10,24,"Millbrook School","PM2.5","Wake",35.856111,-78.574167
"9749",2025-10-11,30,"Millbrook School","PM2.5","Wake",35.856111,-78.574167
"9750",2025-10-12,11,"Millbrook School","PM2.5","Wake",35.856111,-78.574167
"9751",2025-10-13,12,"Millbrook School","PM2.5","Wake",35.856111,-78.574167
"9752",2025-10-14,16,"Millbrook School","PM2.5","Wake",35.856111,-78.574167
"9753",2025-10-15,26,"Millbrook School","PM2.5","Wake",35.856111,-78.574167
"9754",2025-10-16,26,"Millbrook School","PM2.5","Wake",35.856111,-78.574167
"9755",2025-10-17,31,"Millbrook School","PM2.5","Wake",35.856111,-78.574167
"9756",2025-10-18,51,"Millbrook School","PM2.5","Wake",35.856111,-78.574167
"9757",2025-10-19,31,"Millbrook School","PM2.5","Wake",35.856111,-78.574167
"9758",2025-10-20,21,"Millbrook School","PM2.5","Wake",35.856111,-78.574167
"9759",2025-10-21,43,"Millbrook School","PM2.5","Wake",35.856111,-78.574167
"9760",2025-10-22,32,"Millbrook School","PM2.5","Wake",35.856111,-78.574167
"9761",2025-10-23,22,"Millbrook School","PM2.5","Wake",35.856111,-78.574167
"9762",2025-10-24,27,"Millbrook School","PM2.5","Wake",35.856111,-78.574167
"9763",2025-10-25,23,"Millbrook School","PM2.5","Wake",35.856111,-78.574167
"9764",2025-10-26,24,"Millbrook School","PM2.5","Wake",35.856111,-78.574167
"9765",2025-10-27,23,"Millbrook School","PM2.5","Wake",35.856111,-78.574167
"9766",2025-10-28,17,"Millbrook School","PM2.5","Wake",35.856111,-78.574167
"9767",2025-10-29,20,"Millbrook School","PM2.5","Wake",35.856111,-78.574167
"9768",2025-10-30,22,"Millbrook School","PM2.5","Wake",35.856111,-78.574167
"9769",2025-10-31,20,"Millbrook School","PM2.5","Wake",35.856111,-78.574167
"9770",2025-11-01,46,"Millbrook School","PM2.5","Wake",35.856111,-78.574167
"9771",2025-11-02,57,"Millbrook School","PM2.5","Wake",35.856111,-78.574167
"9772",2025-11-03,36,"Millbrook School","PM2.5","Wake",35.856111,-78.574167
"9773",2025-11-04,33,"Millbrook School","PM2.5","Wake",35.856111,-78.574167
"9774",2025-11-05,53,"Millbrook School","PM2.5","Wake",35.856111,-78.574167
"9775",2025-11-06,55,"Millbrook School","PM2.5","Wake",35.856111,-78.574167
"9776",2025-11-07,44,"Millbrook School","PM2.5","Wake",35.856111,-78.574167
"9777",2025-11-08,65,"Millbrook School","PM2.5","Wake",35.856111,-78.574167
"9778",2025-11-09,60,"Millbrook School","PM2.5","Wake",35.856111,-78.574167
"9779",2025-11-10,9,"Millbrook School","PM2.5","Wake",35.856111,-78.574167
"9780",2025-11-11,14,"Millbrook School","PM2.5","Wake",35.856111,-78.574167
"9781",2025-11-12,31,"Millbrook School","PM2.5","Wake",35.856111,-78.574167
"9782",2025-11-13,37,"Millbrook School","PM2.5","Wake",35.856111,-78.574167
"9783",2025-11-14,29,"Millbrook School","PM2.5","Wake",35.856111,-78.574167
"9784",2025-11-15,53,"Millbrook School","PM2.5","Wake",35.856111,-78.574167
"9785",2025-11-16,50,"Millbrook School","PM2.5","Wake",35.856111,-78.574167
"9786",2025-11-17,19,"Millbrook School","PM2.5","Wake",35.856111,-78.574167
"9787",2025-11-18,38,"Millbrook School","PM2.5","Wake",35.856111,-78.574167
"9788",2025-11-19,46,"Millbrook School","PM2.5","Wake",35.856111,-78.574167
"9789",2025-11-20,54,"Millbrook School","PM2.5","Wake",35.856111,-78.574167
"9790",2025-11-21,76,"Millbrook School","PM2.5","Wake",35.856111,-78.574167
"9791",2025-11-22,65,"Millbrook School","PM2.5","Wake",35.856111,-78.574167
"9792",2025-11-23,43,"Millbrook School","PM2.5","Wake",35.856111,-78.574167
"9793",2025-11-24,46,"Millbrook School","PM2.5","Wake",35.856111,-78.574167
"9794",2025-11-25,39,"Millbrook School","PM2.5","Wake",35.856111,-78.574167
"9795",2025-11-26,36,"Millbrook School","PM2.5","Wake",35.856111,-78.574167
"9796",2025-11-27,17,"Millbrook School","PM2.5","Wake",35.856111,-78.574167
"9797",2025-11-28,19,"Millbrook School","PM2.5","Wake",35.856111,-78.574167
"9798",2025-11-29,37,"Millbrook School","PM2.5","Wake",35.856111,-78.574167
"9799",2025-11-30,41,"Millbrook School","PM2.5","Wake",35.856111,-78.574167
"9800",2025-12-01,37,"Millbrook School","PM2.5","Wake",35.856111,-78.574167
"9801",2025-12-02,29,"Millbrook School","PM2.5","Wake",35.856111,-78.574167
"9802",2025-12-03,42,"Millbrook School","PM2.5","Wake",35.856111,-78.574167
"9803",2025-12-04,54,"Millbrook School","PM2.5","Wake",35.856111,-78.574167
"9804",2025-12-05,35,"Millbrook School","PM2.5","Wake",35.856111,-78.574167
"9805",2025-12-06,53,"Millbrook School","PM2.5","Wake",35.856111,-78.574167
"9806",2025-12-07,61,"Millbrook School","PM2.5","Wake",35.856111,-78.574167
"9807",2025-12-08,54,"Millbrook School","PM2.5","Wake",35.856111,-78.574167
"9808",2025-12-09,36,"Millbrook School","PM2.5","Wake",35.856111,-78.574167
"9809",2025-12-10,52,"Millbrook School","PM2.5","Wake",35.856111,-78.574167
"9810",2025-12-11,17,"Millbrook School","PM2.5","Wake",35.856111,-78.574167
"9811",2025-12-12,41,"Millbrook School","PM2.5","Wake",35.856111,-78.574167
"9812",2025-12-13,65,"Millbrook School","PM2.5","Wake",35.856111,-78.574167
"9813",2025-12-14,51,"Millbrook School","PM2.5","Wake",35.856111,-78.574167
"9814",2025-12-15,32,"Millbrook School","PM2.5","Wake",35.856111,-78.574167
"9815",2025-12-16,49,"Millbrook School","PM2.5","Wake",35.856111,-78.574167
"9816",2025-12-17,67,"Millbrook School","PM2.5","Wake",35.856111,-78.574167
"9817",2025-12-18,64,"Millbrook School","PM2.5","Wake",35.856111,-78.574167
"9818",2025-12-19,14,"Millbrook School","PM2.5","Wake",35.856111,-78.574167
"9819",2025-12-20,30,"Millbrook School","PM2.5","Wake",35.856111,-78.574167
"9820",2025-12-21,31,"Millbrook School","PM2.5","Wake",35.856111,-78.574167
"9821",2025-12-22,21,"Millbrook School","PM2.5","Wake",35.856111,-78.574167
"9822",2025-12-23,36,"Millbrook School","PM2.5","Wake",35.856111,-78.574167
"9823",2025-12-24,47,"Millbrook School","PM2.5","Wake",35.856111,-78.574167
"9824",2025-12-25,58,"Millbrook School","PM2.5","Wake",35.856111,-78.574167
"9825",2025-12-26,38,"Millbrook School","PM2.5","Wake",35.856111,-78.574167
"9826",2025-12-27,52,"Millbrook School","PM2.5","Wake",35.856111,-78.574167
"9827",2025-12-28,34,"Millbrook School","PM2.5","Wake",35.856111,-78.574167
"9828",2025-12-29,32,"Millbrook School","PM2.5","Wake",35.856111,-78.574167
"9829",2025-12-30,19,"Millbrook School","PM2.5","Wake",35.856111,-78.574167
"9830",2025-12-31,24,"Millbrook School","PM2.5","Wake",35.856111,-78.574167
"9831",2025-01-01,1,"Triple Oak","PM2.5","Wake",35.8652,-78.8197
"9832",2025-01-02,21,"Triple Oak","PM2.5","Wake",35.8652,-78.8197
"9833",2025-01-03,31,"Triple Oak","PM2.5","Wake",35.8652,-78.8197
"9834",2025-01-04,19,"Triple Oak","PM2.5","Wake",35.8652,-78.8197
"9835",2025-01-05,27,"Triple Oak","PM2.5","Wake",35.8652,-78.8197
"9836",2025-01-06,25,"Triple Oak","PM2.5","Wake",35.8652,-78.8197
"9837",2025-01-07,21,"Triple Oak","PM2.5","Wake",35.8652,-78.8197
"9838",2025-01-08,25,"Triple Oak","PM2.5","Wake",35.8652,-78.8197
"9839",2025-01-09,31,"Triple Oak","PM2.5","Wake",35.8652,-78.8197
"9840",2025-01-10,54,"Triple Oak","PM2.5","Wake",35.8652,-78.8197
"9841",2025-01-11,38,"Triple Oak","PM2.5","Wake",35.8652,-78.8197
"9842",2025-01-12,39,"Triple Oak","PM2.5","Wake",35.8652,-78.8197
"9843",2025-01-13,53,"Triple Oak","PM2.5","Wake",35.8652,-78.8197
"9844",2025-01-14,25,"Triple Oak","PM2.5","Wake",35.8652,-78.8197
"9845",2025-01-15,31,"Triple Oak","PM2.5","Wake",35.8652,-78.8197
"9846",2025-01-16,51,"Triple Oak","PM2.5","Wake",35.8652,-78.8197
"9847",2025-01-17,42,"Triple Oak","PM2.5","Wake",35.8652,-78.8197
"9848",2025-01-18,49,"Triple Oak","PM2.5","Wake",35.8652,-78.8197
"9849",2025-01-19,44,"Triple Oak","PM2.5","Wake",35.8652,-78.8197
"9850",2025-01-20,17,"Triple Oak","PM2.5","Wake",35.8652,-78.8197
"9851",2025-01-21,22,"Triple Oak","PM2.5","Wake",35.8652,-78.8197
"9852",2025-01-22,31,"Triple Oak","PM2.5","Wake",35.8652,-78.8197
"9853",2025-01-23,56,"Triple Oak","PM2.5","Wake",35.8652,-78.8197
"9854",2025-01-24,53,"Triple Oak","PM2.5","Wake",35.8652,-78.8197
"9855",2025-01-25,54,"Triple Oak","PM2.5","Wake",35.8652,-78.8197
"9856",2025-01-26,52,"Triple Oak","PM2.5","Wake",35.8652,-78.8197
"9857",2025-01-27,53,"Triple Oak","PM2.5","Wake",35.8652,-78.8197
"9858",2025-01-28,41,"Triple Oak","PM2.5","Wake",35.8652,-78.8197
"9859",2025-01-29,27,"Triple Oak","PM2.5","Wake",35.8652,-78.8197
"9860",2025-01-30,34,"Triple Oak","PM2.5","Wake",35.8652,-78.8197
"9861",2025-01-31,53,"Triple Oak","PM2.5","Wake",35.8652,-78.8197
"9862",2025-02-01,17,"Triple Oak","PM2.5","Wake",35.8652,-78.8197
"9863",2025-02-02,19,"Triple Oak","PM2.5","Wake",35.8652,-78.8197
"9864",2025-02-03,55,"Triple Oak","PM2.5","Wake",35.8652,-78.8197
"9865",2025-02-04,55,"Triple Oak","PM2.5","Wake",35.8652,-78.8197
"9866",2025-02-05,25,"Triple Oak","PM2.5","Wake",35.8652,-78.8197
"9867",2025-02-06,57,"Triple Oak","PM2.5","Wake",35.8652,-78.8197
"9868",2025-02-07,42,"Triple Oak","PM2.5","Wake",35.8652,-78.8197
"9869",2025-02-08,33,"Triple Oak","PM2.5","Wake",35.8652,-78.8197
"9870",2025-02-09,40,"Triple Oak","PM2.5","Wake",35.8652,-78.8197
"9871",2025-02-10,22,"Triple Oak","PM2.5","Wake",35.8652,-78.8197
"9872",2025-02-11,31,"Triple Oak","PM2.5","Wake",35.8652,-78.8197
"9873",2025-02-12,10,"Triple Oak","PM2.5","Wake",35.8652,-78.8197
"9874",2025-02-13,11,"Triple Oak","PM2.5","Wake",35.8652,-78.8197
"9875",2025-02-14,24,"Triple Oak","PM2.5","Wake",35.8652,-78.8197
"9876",2025-02-15,26,"Triple Oak","PM2.5","Wake",35.8652,-78.8197
"9877",2025-02-16,14,"Triple Oak","PM2.5","Wake",35.8652,-78.8197
"9878",2025-02-17,15,"Triple Oak","PM2.5","Wake",35.8652,-78.8197
"9879",2025-02-18,32,"Triple Oak","PM2.5","Wake",35.8652,-78.8197
"9880",2025-02-19,35,"Triple Oak","PM2.5","Wake",35.8652,-78.8197
"9881",2025-02-20,27,"Triple Oak","PM2.5","Wake",35.8652,-78.8197
"9882",2025-02-21,30,"Triple Oak","PM2.5","Wake",35.8652,-78.8197
"9883",2025-02-22,32,"Triple Oak","PM2.5","Wake",35.8652,-78.8197
"9884",2025-02-23,42,"Triple Oak","PM2.5","Wake",35.8652,-78.8197
"9885",2025-02-24,51,"Triple Oak","PM2.5","Wake",35.8652,-78.8197
"9886",2025-02-25,56,"Triple Oak","PM2.5","Wake",35.8652,-78.8197
"9887",2025-02-26,48,"Triple Oak","PM2.5","Wake",35.8652,-78.8197
"9888",2025-02-27,68,"Triple Oak","PM2.5","Wake",35.8652,-78.8197
"9889",2025-02-28,20,"Triple Oak","PM2.5","Wake",35.8652,-78.8197
"9890",2025-03-01,37,"Triple Oak","PM2.5","Wake",35.8652,-78.8197
"9891",2025-03-02,18,"Triple Oak","PM2.5","Wake",35.8652,-78.8197
"9892",2025-03-03,35,"Triple Oak","PM2.5","Wake",35.8652,-78.8197
"9893",2025-03-04,29,"Triple Oak","PM2.5","Wake",35.8652,-78.8197
"9894",2025-03-05,32,"Triple Oak","PM2.5","Wake",35.8652,-78.8197
"9895",2025-03-06,11,"Triple Oak","PM2.5","Wake",35.8652,-78.8197
"9896",2025-03-07,52,"Triple Oak","PM2.5","Wake",35.8652,-78.8197
"9897",2025-03-08,48,"Triple Oak","PM2.5","Wake",35.8652,-78.8197
"9898",2025-03-09,21,"Triple Oak","PM2.5","Wake",35.8652,-78.8197
"9899",2025-03-10,39,"Triple Oak","PM2.5","Wake",35.8652,-78.8197
"9900",2025-03-11,32,"Triple Oak","PM2.5","Wake",35.8652,-78.8197
"9901",2025-03-12,56,"Triple Oak","PM2.5","Wake",35.8652,-78.8197
"9902",2025-03-13,63,"Triple Oak","PM2.5","Wake",35.8652,-78.8197
"9903",2025-03-14,58,"Triple Oak","PM2.5","Wake",35.8652,-78.8197
"9904",2025-03-15,52,"Triple Oak","PM2.5","Wake",35.8652,-78.8197
"9905",2025-03-16,29,"Triple Oak","PM2.5","Wake",35.8652,-78.8197
"9906",2025-03-17,21,"Triple Oak","PM2.5","Wake",35.8652,-78.8197
"9907",2025-03-18,16,"Triple Oak","PM2.5","Wake",35.8652,-78.8197
"9908",2025-03-19,58,"Triple Oak","PM2.5","Wake",35.8652,-78.8197
"9909",2025-03-20,59,"Triple Oak","PM2.5","Wake",35.8652,-78.8197
"9910",2025-03-21,11,"Triple Oak","PM2.5","Wake",35.8652,-78.8197
"9911",2025-03-22,46,"Triple Oak","PM2.5","Wake",35.8652,-78.8197
"9912",2025-03-23,36,"Triple Oak","PM2.5","Wake",35.8652,-78.8197
"9913",2025-03-24,55,"Triple Oak","PM2.5","Wake",35.8652,-78.8197
"9914",2025-03-25,21,"Triple Oak","PM2.5","Wake",35.8652,-78.8197
"9915",2025-03-28,53,"Triple Oak","PM2.5","Wake",35.8652,-78.8197
"9916",2025-03-29,49,"Triple Oak","PM2.5","Wake",35.8652,-78.8197
"9917",2025-03-30,29,"Triple Oak","PM2.5","Wake",35.8652,-78.8197
"9918",2025-03-31,34,"Triple Oak","PM2.5","Wake",35.8652,-78.8197
"9919",2025-04-01,7,"Triple Oak","PM2.5","Wake",35.8652,-78.8197
"9920",2025-04-02,34,"Triple Oak","PM2.5","Wake",35.8652,-78.8197
"9921",2025-04-03,53,"Triple Oak","PM2.5","Wake",35.8652,-78.8197
"9922",2025-04-04,57,"Triple Oak","PM2.5","Wake",35.8652,-78.8197
"9923",2025-04-05,54,"Triple Oak","PM2.5","Wake",35.8652,-78.8197
"9924",2025-04-06,32,"Triple Oak","PM2.5","Wake",35.8652,-78.8197
"9925",2025-04-07,37,"Triple Oak","PM2.5","Wake",35.8652,-78.8197
"9926",2025-04-08,18,"Triple Oak","PM2.5","Wake",35.8652,-78.8197
"9927",2025-04-09,24,"Triple Oak","PM2.5","Wake",35.8652,-78.8197
"9928",2025-04-10,32,"Triple Oak","PM2.5","Wake",35.8652,-78.8197
"9929",2025-04-11,17,"Triple Oak","PM2.5","Wake",35.8652,-78.8197
"9930",2025-04-12,12,"Triple Oak","PM2.5","Wake",35.8652,-78.8197
"9931",2025-04-13,20,"Triple Oak","PM2.5","Wake",35.8652,-78.8197
"9932",2025-04-14,53,"Triple Oak","PM2.5","Wake",35.8652,-78.8197
"9933",2025-04-15,38,"Triple Oak","PM2.5","Wake",35.8652,-78.8197
"9934",2025-04-16,28,"Triple Oak","PM2.5","Wake",35.8652,-78.8197
"9935",2025-04-17,37,"Triple Oak","PM2.5","Wake",35.8652,-78.8197
"9936",2025-04-18,53,"Triple Oak","PM2.5","Wake",35.8652,-78.8197
"9937",2025-04-19,49,"Triple Oak","PM2.5","Wake",35.8652,-78.8197
"9938",2025-04-20,52,"Triple Oak","PM2.5","Wake",35.8652,-78.8197
"9939",2025-04-21,58,"Triple Oak","PM2.5","Wake",35.8652,-78.8197
"9940",2025-04-22,55,"Triple Oak","PM2.5","Wake",35.8652,-78.8197
"9941",2025-04-23,55,"Triple Oak","PM2.5","Wake",35.8652,-78.8197
"9942",2025-04-24,53,"Triple Oak","PM2.5","Wake",35.8652,-78.8197
"9943",2025-04-25,57,"Triple Oak","PM2.5","Wake",35.8652,-78.8197
"9944",2025-04-26,41,"Triple Oak","PM2.5","Wake",35.8652,-78.8197
"9945",2025-04-27,17,"Triple Oak","PM2.5","Wake",35.8652,-78.8197
"9946",2025-04-28,33,"Triple Oak","PM2.5","Wake",35.8652,-78.8197
"9947",2025-04-29,51,"Triple Oak","PM2.5","Wake",35.8652,-78.8197
"9948",2025-04-30,58,"Triple Oak","PM2.5","Wake",35.8652,-78.8197
"9949",2025-05-01,61,"Triple Oak","PM2.5","Wake",35.8652,-78.8197
"9950",2025-05-02,52,"Triple Oak","PM2.5","Wake",35.8652,-78.8197
"9951",2025-05-03,31,"Triple Oak","PM2.5","Wake",35.8652,-78.8197
"9952",2025-05-04,21,"Triple Oak","PM2.5","Wake",35.8652,-78.8197
"9953",2025-05-05,37,"Triple Oak","PM2.5","Wake",35.8652,-78.8197
"9954",2025-05-06,31,"Triple Oak","PM2.5","Wake",35.8652,-78.8197
"9955",2025-05-07,37,"Triple Oak","PM2.5","Wake",35.8652,-78.8197
"9956",2025-05-08,47,"Triple Oak","PM2.5","Wake",35.8652,-78.8197
"9957",2025-05-09,30,"Triple Oak","PM2.5","Wake",35.8652,-78.8197
"9958",2025-05-10,24,"Triple Oak","PM2.5","Wake",35.8652,-78.8197
"9959",2025-05-11,43,"Triple Oak","PM2.5","Wake",35.8652,-78.8197
"9960",2025-05-12,27,"Triple Oak","PM2.5","Wake",35.8652,-78.8197
"9961",2025-05-13,18,"Triple Oak","PM2.5","Wake",35.8652,-78.8197
"9962",2025-05-14,32,"Triple Oak","PM2.5","Wake",35.8652,-78.8197
"9963",2025-05-15,52,"Triple Oak","PM2.5","Wake",35.8652,-78.8197
"9964",2025-05-16,60,"Triple Oak","PM2.5","Wake",35.8652,-78.8197
"9965",2025-05-17,36,"Triple Oak","PM2.5","Wake",35.8652,-78.8197
"9966",2025-05-18,33,"Triple Oak","PM2.5","Wake",35.8652,-78.8197
"9967",2025-05-19,34,"Triple Oak","PM2.5","Wake",35.8652,-78.8197
"9968",2025-05-20,43,"Triple Oak","PM2.5","Wake",35.8652,-78.8197
"9969",2025-05-21,37,"Triple Oak","PM2.5","Wake",35.8652,-78.8197
"9970",2025-05-22,27,"Triple Oak","PM2.5","Wake",35.8652,-78.8197
"9971",2025-05-23,14,"Triple Oak","PM2.5","Wake",35.8652,-78.8197
"9972",2025-05-24,24,"Triple Oak","PM2.5","Wake",35.8652,-78.8197
"9973",2025-05-25,29,"Triple Oak","PM2.5","Wake",35.8652,-78.8197
"9974",2025-05-26,40,"Triple Oak","PM2.5","Wake",35.8652,-78.8197
"9975",2025-05-27,18,"Triple Oak","PM2.5","Wake",35.8652,-78.8197
"9976",2025-05-28,16,"Triple Oak","PM2.5","Wake",35.8652,-78.8197
"9977",2025-05-29,23,"Triple Oak","PM2.5","Wake",35.8652,-78.8197
"9978",2025-05-30,24,"Triple Oak","PM2.5","Wake",35.8652,-78.8197
"9979",2025-05-31,41,"Triple Oak","PM2.5","Wake",35.8652,-78.8197
"9980",2025-06-01,54,"Triple Oak","PM2.5","Wake",35.8652,-78.8197
"9981",2025-06-02,33,"Triple Oak","PM2.5","Wake",35.8652,-78.8197
"9982",2025-06-03,39,"Triple Oak","PM2.5","Wake",35.8652,-78.8197
"9983",2025-06-04,52,"Triple Oak","PM2.5","Wake",35.8652,-78.8197
"9984",2025-06-05,33,"Triple Oak","PM2.5","Wake",35.8652,-78.8197
"9985",2025-06-06,50,"Triple Oak","PM2.5","Wake",35.8652,-78.8197
"9986",2025-06-07,36,"Triple Oak","PM2.5","Wake",35.8652,-78.8197
"9987",2025-06-08,42,"Triple Oak","PM2.5","Wake",35.8652,-78.8197
"9988",2025-06-09,39,"Triple Oak","PM2.5","Wake",35.8652,-78.8197
"9989",2025-06-10,33,"Triple Oak","PM2.5","Wake",35.8652,-78.8197
"9990",2025-06-11,52,"Triple Oak","PM2.5","Wake",35.8652,-78.8197
"9991",2025-06-12,52,"Triple Oak","PM2.5","Wake",35.8652,-78.8197
"9992",2025-06-13,44,"Triple Oak","PM2.5","Wake",35.8652,-78.8197
"9993",2025-06-14,36,"Triple Oak","PM2.5","Wake",35.8652,-78.8197
"9994",2025-06-15,38,"Triple Oak","PM2.5","Wake",35.8652,-78.8197
"9995",2025-06-16,36,"Triple Oak","PM2.5","Wake",35.8652,-78.8197
"9996",2025-06-17,46,"Triple Oak","PM2.5","Wake",35.8652,-78.8197
"9997",2025-06-18,38,"Triple Oak","PM2.5","Wake",35.8652,-78.8197
"9998",2025-06-19,33,"Triple Oak","PM2.5","Wake",35.8652,-78.8197
"9999",2025-06-20,26,"Triple Oak","PM2.5","Wake",35.8652,-78.8197
"10000",2025-06-21,47,"Triple Oak","PM2.5","Wake",35.8652,-78.8197
"10001",2025-06-22,55,"Triple Oak","PM2.5","Wake",35.8652,-78.8197
"10002",2025-06-23,62,"Triple Oak","PM2.5","Wake",35.8652,-78.8197
"10003",2025-06-24,67,"Triple Oak","PM2.5","Wake",35.8652,-78.8197
"10004",2025-06-25,62,"Triple Oak","PM2.5","Wake",35.8652,-78.8197
"10005",2025-06-26,58,"Triple Oak","PM2.5","Wake",35.8652,-78.8197
"10006",2025-06-27,55,"Triple Oak","PM2.5","Wake",35.8652,-78.8197
"10007",2025-06-28,52,"Triple Oak","PM2.5","Wake",35.8652,-78.8197
"10008",2025-06-29,56,"Triple Oak","PM2.5","Wake",35.8652,-78.8197
"10009",2025-06-30,53,"Triple Oak","PM2.5","Wake",35.8652,-78.8197
"10010",2025-07-01,50,"Triple Oak","PM2.5","Wake",35.8652,-78.8197
"10011",2025-07-02,28,"Triple Oak","PM2.5","Wake",35.8652,-78.8197
"10012",2025-07-03,39,"Triple Oak","PM2.5","Wake",35.8652,-78.8197
"10013",2025-07-04,58,"Triple Oak","PM2.5","Wake",35.8652,-78.8197
"10014",2025-07-05,57,"Triple Oak","PM2.5","Wake",35.8652,-78.8197
"10015",2025-07-06,20,"Triple Oak","PM2.5","Wake",35.8652,-78.8197
"10016",2025-07-07,47,"Triple Oak","PM2.5","Wake",35.8652,-78.8197
"10017",2025-07-08,58,"Triple Oak","PM2.5","Wake",35.8652,-78.8197
"10018",2025-07-09,53,"Triple Oak","PM2.5","Wake",35.8652,-78.8197
"10019",2025-07-10,33,"Triple Oak","PM2.5","Wake",35.8652,-78.8197
"10020",2025-07-11,46,"Triple Oak","PM2.5","Wake",35.8652,-78.8197
"10021",2025-07-12,46,"Triple Oak","PM2.5","Wake",35.8652,-78.8197
"10022",2025-07-13,48,"Triple Oak","PM2.5","Wake",35.8652,-78.8197
"10023",2025-07-16,41,"Triple Oak","PM2.5","Wake",35.8652,-78.8197
"10024",2025-07-17,46,"Triple Oak","PM2.5","Wake",35.8652,-78.8197
"10025",2025-07-18,46,"Triple Oak","PM2.5","Wake",35.8652,-78.8197
"10026",2025-07-19,41,"Triple Oak","PM2.5","Wake",35.8652,-78.8197
"10027",2025-07-20,36,"Triple Oak","PM2.5","Wake",35.8652,-78.8197
"10028",2025-07-21,46,"Triple Oak","PM2.5","Wake",35.8652,-78.8197
"10029",2025-07-22,52,"Triple Oak","PM2.5","Wake",35.8652,-78.8197
"10030",2025-07-23,52,"Triple Oak","PM2.5","Wake",35.8652,-78.8197
"10031",2025-07-24,48,"Triple Oak","PM2.5","Wake",35.8652,-78.8197
"10032",2025-07-25,52,"Triple Oak","PM2.5","Wake",35.8652,-78.8197
"10033",2025-07-26,53,"Triple Oak","PM2.5","Wake",35.8652,-78.8197
"10034",2025-07-27,52,"Triple Oak","PM2.5","Wake",35.8652,-78.8197
"10035",2025-07-28,36,"Triple Oak","PM2.5","Wake",35.8652,-78.8197
"10036",2025-07-29,48,"Triple Oak","PM2.5","Wake",35.8652,-78.8197
"10037",2025-07-30,53,"Triple Oak","PM2.5","Wake",35.8652,-78.8197
"10038",2025-07-31,52,"Triple Oak","PM2.5","Wake",35.8652,-78.8197
"10039",2025-08-01,33,"Triple Oak","PM2.5","Wake",35.8652,-78.8197
"10040",2025-08-02,19,"Triple Oak","PM2.5","Wake",35.8652,-78.8197
"10041",2025-08-03,26,"Triple Oak","PM2.5","Wake",35.8652,-78.8197
"10042",2025-08-04,38,"Triple Oak","PM2.5","Wake",35.8652,-78.8197
"10043",2025-08-05,36,"Triple Oak","PM2.5","Wake",35.8652,-78.8197
"10044",2025-08-06,26,"Triple Oak","PM2.5","Wake",35.8652,-78.8197
"10045",2025-08-07,58,"Triple Oak","PM2.5","Wake",35.8652,-78.8197
"10046",2025-08-08,69,"Triple Oak","PM2.5","Wake",35.8652,-78.8197
"10047",2025-08-09,43,"Triple Oak","PM2.5","Wake",35.8652,-78.8197
"10048",2025-08-10,33,"Triple Oak","PM2.5","Wake",35.8652,-78.8197
"10049",2025-08-11,21,"Triple Oak","PM2.5","Wake",35.8652,-78.8197
"10050",2025-08-12,20,"Triple Oak","PM2.5","Wake",35.8652,-78.8197
"10051",2025-08-13,36,"Triple Oak","PM2.5","Wake",35.8652,-78.8197
"10052",2025-08-14,43,"Triple Oak","PM2.5","Wake",35.8652,-78.8197
"10053",2025-08-15,36,"Triple Oak","PM2.5","Wake",35.8652,-78.8197
"10054",2025-08-16,44,"Triple Oak","PM2.5","Wake",35.8652,-78.8197
"10055",2025-08-17,49,"Triple Oak","PM2.5","Wake",35.8652,-78.8197
"10056",2025-08-18,51,"Triple Oak","PM2.5","Wake",35.8652,-78.8197
"10057",2025-08-19,18,"Triple Oak","PM2.5","Wake",35.8652,-78.8197
"10058",2025-08-20,22,"Triple Oak","PM2.5","Wake",35.8652,-78.8197
"10059",2025-08-21,22,"Triple Oak","PM2.5","Wake",35.8652,-78.8197
"10060",2025-08-22,18,"Triple Oak","PM2.5","Wake",35.8652,-78.8197
"10061",2025-08-23,28,"Triple Oak","PM2.5","Wake",35.8652,-78.8197
"10062",2025-08-24,31,"Triple Oak","PM2.5","Wake",35.8652,-78.8197
"10063",2025-08-25,35,"Triple Oak","PM2.5","Wake",35.8652,-78.8197
"10064",2025-08-26,31,"Triple Oak","PM2.5","Wake",35.8652,-78.8197
"10065",2025-08-27,28,"Triple Oak","PM2.5","Wake",35.8652,-78.8197
"10066",2025-08-28,39,"Triple Oak","PM2.5","Wake",35.8652,-78.8197
"10067",2025-08-29,32,"Triple Oak","PM2.5","Wake",35.8652,-78.8197
"10068",2025-08-30,28,"Triple Oak","PM2.5","Wake",35.8652,-78.8197
"10069",2025-08-31,24,"Triple Oak","PM2.5","Wake",35.8652,-78.8197
"10070",2025-09-01,18,"Triple Oak","PM2.5","Wake",35.8652,-78.8197
"10071",2025-09-02,14,"Triple Oak","PM2.5","Wake",35.8652,-78.8197
"10072",2025-09-03,31,"Triple Oak","PM2.5","Wake",35.8652,-78.8197
"10073",2025-09-04,47,"Triple Oak","PM2.5","Wake",35.8652,-78.8197
"10074",2025-09-05,54,"Triple Oak","PM2.5","Wake",35.8652,-78.8197
"10075",2025-09-06,55,"Triple Oak","PM2.5","Wake",35.8652,-78.8197
"10076",2025-09-07,37,"Triple Oak","PM2.5","Wake",35.8652,-78.8197
"10077",2025-09-08,22,"Triple Oak","PM2.5","Wake",35.8652,-78.8197
"10078",2025-09-09,22,"Triple Oak","PM2.5","Wake",35.8652,-78.8197
"10079",2025-09-10,21,"Triple Oak","PM2.5","Wake",35.8652,-78.8197
"10080",2025-09-11,26,"Triple Oak","PM2.5","Wake",35.8652,-78.8197
"10081",2025-09-12,29,"Triple Oak","PM2.5","Wake",35.8652,-78.8197
"10082",2025-09-13,36,"Triple Oak","PM2.5","Wake",35.8652,-78.8197
"10083",2025-09-14,38,"Triple Oak","PM2.5","Wake",35.8652,-78.8197
"10084",2025-09-15,36,"Triple Oak","PM2.5","Wake",35.8652,-78.8197
"10085",2025-09-16,34,"Triple Oak","PM2.5","Wake",35.8652,-78.8197
"10086",2025-09-17,23,"Triple Oak","PM2.5","Wake",35.8652,-78.8197
"10087",2025-09-18,22,"Triple Oak","PM2.5","Wake",35.8652,-78.8197
"10088",2025-09-19,44,"Triple Oak","PM2.5","Wake",35.8652,-78.8197
"10089",2025-09-20,53,"Triple Oak","PM2.5","Wake",35.8652,-78.8197
"10090",2025-09-21,54,"Triple Oak","PM2.5","Wake",35.8652,-78.8197
"10091",2025-09-22,39,"Triple Oak","PM2.5","Wake",35.8652,-78.8197
"10092",2025-09-23,48,"Triple Oak","PM2.5","Wake",35.8652,-78.8197
"10093",2025-09-24,55,"Triple Oak","PM2.5","Wake",35.8652,-78.8197
"10094",2025-09-25,52,"Triple Oak","PM2.5","Wake",35.8652,-78.8197
"10095",2025-09-26,51,"Triple Oak","PM2.5","Wake",35.8652,-78.8197
"10096",2025-09-27,23,"Triple Oak","PM2.5","Wake",35.8652,-78.8197
"10097",2025-09-28,25,"Triple Oak","PM2.5","Wake",35.8652,-78.8197
"10098",2025-09-29,43,"Triple Oak","PM2.5","Wake",35.8652,-78.8197
"10099",2025-09-30,53,"Triple Oak","PM2.5","Wake",35.8652,-78.8197
"10100",2025-10-01,44,"Triple Oak","PM2.5","Wake",35.8652,-78.8197
"10101",2025-10-02,26,"Triple Oak","PM2.5","Wake",35.8652,-78.8197
"10102",2025-10-03,18,"Triple Oak","PM2.5","Wake",35.8652,-78.8197
"10103",2025-10-04,29,"Triple Oak","PM2.5","Wake",35.8652,-78.8197
"10104",2025-10-05,26,"Triple Oak","PM2.5","Wake",35.8652,-78.8197
"10105",2025-10-06,23,"Triple Oak","PM2.5","Wake",35.8652,-78.8197
"10106",2025-10-07,26,"Triple Oak","PM2.5","Wake",35.8652,-78.8197
"10107",2025-10-08,25,"Triple Oak","PM2.5","Wake",35.8652,-78.8197
"10108",2025-10-09,11,"Triple Oak","PM2.5","Wake",35.8652,-78.8197
"10109",2025-10-10,15,"Triple Oak","PM2.5","Wake",35.8652,-78.8197
"10110",2025-10-11,25,"Triple Oak","PM2.5","Wake",35.8652,-78.8197
"10111",2025-10-12,8,"Triple Oak","PM2.5","Wake",35.8652,-78.8197
"10112",2025-10-13,5,"Triple Oak","PM2.5","Wake",35.8652,-78.8197
"10113",2025-10-14,1,"Triple Oak","PM2.5","Wake",35.8652,-78.8197
"10114",2025-10-15,17,"Triple Oak","PM2.5","Wake",35.8652,-78.8197
"10115",2025-10-19,4,"Triple Oak","PM2.5","Wake",35.8652,-78.8197
"10116",2025-10-24,27,"Triple Oak","PM2.5","Wake",35.8652,-78.8197
"10117",2025-10-25,25,"Triple Oak","PM2.5","Wake",35.8652,-78.8197
"10118",2025-10-26,22,"Triple Oak","PM2.5","Wake",35.8652,-78.8197
"10119",2025-10-27,27,"Triple Oak","PM2.5","Wake",35.8652,-78.8197
"10120",2025-10-28,15,"Triple Oak","PM2.5","Wake",35.8652,-78.8197
"10121",2025-10-29,17,"Triple Oak","PM2.5","Wake",35.8652,-78.8197
"10122",2025-10-30,18,"Triple Oak","PM2.5","Wake",35.8652,-78.8197
"10123",2025-10-31,37,"Triple Oak","PM2.5","Wake",35.8652,-78.8197
"10124",2025-11-01,43,"Triple Oak","PM2.5","Wake",35.8652,-78.8197
"10125",2025-11-02,48,"Triple Oak","PM2.5","Wake",35.8652,-78.8197
"10126",2025-11-03,33,"Triple Oak","PM2.5","Wake",35.8652,-78.8197
"10127",2025-11-04,26,"Triple Oak","PM2.5","Wake",35.8652,-78.8197
"10128",2025-11-05,53,"Triple Oak","PM2.5","Wake",35.8652,-78.8197
"10129",2025-11-06,51,"Triple Oak","PM2.5","Wake",35.8652,-78.8197
"10130",2025-11-07,42,"Triple Oak","PM2.5","Wake",35.8652,-78.8197
"10131",2025-11-08,57,"Triple Oak","PM2.5","Wake",35.8652,-78.8197
"10132",2025-11-09,55,"Triple Oak","PM2.5","Wake",35.8652,-78.8197
"10133",2025-11-10,3,"Triple Oak","PM2.5","Wake",35.8652,-78.8197
"10134",2025-11-11,22,"Triple Oak","PM2.5","Wake",35.8652,-78.8197
"10135",2025-11-12,49,"Triple Oak","PM2.5","Wake",35.8652,-78.8197
"10136",2025-11-13,45,"Triple Oak","PM2.5","Wake",35.8652,-78.8197
"10137",2025-11-14,40,"Triple Oak","PM2.5","Wake",35.8652,-78.8197
"10138",2025-11-15,54,"Triple Oak","PM2.5","Wake",35.8652,-78.8197
"10139",2025-11-16,36,"Triple Oak","PM2.5","Wake",35.8652,-78.8197
"10140",2025-11-17,24,"Triple Oak","PM2.5","Wake",35.8652,-78.8197
"10141",2025-11-18,39,"Triple Oak","PM2.5","Wake",35.8652,-78.8197
"10142",2025-11-19,51,"Triple Oak","PM2.5","Wake",35.8652,-78.8197
"10143",2025-11-20,44,"Triple Oak","PM2.5","Wake",35.8652,-78.8197
"10144",2025-11-21,69,"Triple Oak","PM2.5","Wake",35.8652,-78.8197
"10145",2025-11-22,57,"Triple Oak","PM2.5","Wake",35.8652,-78.8197
"10146",2025-11-23,40,"Triple Oak","PM2.5","Wake",35.8652,-78.8197
"10147",2025-11-24,43,"Triple Oak","PM2.5","Wake",35.8652,-78.8197
"10148",2025-11-25,48,"Triple Oak","PM2.5","Wake",35.8652,-78.8197
"10149",2025-11-26,37,"Triple Oak","PM2.5","Wake",35.8652,-78.8197
"10150",2025-11-27,18,"Triple Oak","PM2.5","Wake",35.8652,-78.8197
"10151",2025-11-28,22,"Triple Oak","PM2.5","Wake",35.8652,-78.8197
"10152",2025-11-29,25,"Triple Oak","PM2.5","Wake",35.8652,-78.8197
"10153",2025-11-30,46,"Triple Oak","PM2.5","Wake",35.8652,-78.8197
"10154",2025-12-01,29,"Triple Oak","PM2.5","Wake",35.8652,-78.8197
"10155",2025-12-02,26,"Triple Oak","PM2.5","Wake",35.8652,-78.8197
"10156",2025-12-03,36,"Triple Oak","PM2.5","Wake",35.8652,-78.8197
"10157",2025-12-04,51,"Triple Oak","PM2.5","Wake",35.8652,-78.8197
"10158",2025-12-05,34,"Triple Oak","PM2.5","Wake",35.8652,-78.8197
"10159",2025-12-06,51,"Triple Oak","PM2.5","Wake",35.8652,-78.8197
"10160",2025-12-07,57,"Triple Oak","PM2.5","Wake",35.8652,-78.8197
"10161",2025-12-08,51,"Triple Oak","PM2.5","Wake",35.8652,-78.8197
"10162",2025-12-09,35,"Triple Oak","PM2.5","Wake",35.8652,-78.8197
"10163",2025-12-10,48,"Triple Oak","PM2.5","Wake",35.8652,-78.8197
"10164",2025-12-11,17,"Triple Oak","PM2.5","Wake",35.8652,-78.8197
"10165",2025-12-12,37,"Triple Oak","PM2.5","Wake",35.8652,-78.8197
"10166",2025-12-13,56,"Triple Oak","PM2.5","Wake",35.8652,-78.8197
"10167",2025-12-14,43,"Triple Oak","PM2.5","Wake",35.8652,-78.8197
"10168",2025-12-15,26,"Triple Oak","PM2.5","Wake",35.8652,-78.8197
"10169",2025-12-16,52,"Triple Oak","PM2.5","Wake",35.8652,-78.8197
"10170",2025-12-17,58,"Triple Oak","PM2.5","Wake",35.8652,-78.8197
"10171",2025-12-18,58,"Triple Oak","PM2.5","Wake",35.8652,-78.8197
"10172",2025-12-19,9,"Triple Oak","PM2.5","Wake",35.8652,-78.8197
"10173",2025-12-20,29,"Triple Oak","PM2.5","Wake",35.8652,-78.8197
"10174",2025-12-21,29,"Triple Oak","PM2.5","Wake",35.8652,-78.8197
"10175",2025-12-22,24,"Triple Oak","PM2.5","Wake",35.8652,-78.8197
"10176",2025-12-23,47,"Triple Oak","PM2.5","Wake",35.8652,-78.8197
"10177",2025-12-24,50,"Triple Oak","PM2.5","Wake",35.8652,-78.8197
"10178",2025-12-25,52,"Triple Oak","PM2.5","Wake",35.8652,-78.8197
"10179",2025-12-26,33,"Triple Oak","PM2.5","Wake",35.8652,-78.8197
"10180",2025-12-27,49,"Triple Oak","PM2.5","Wake",35.8652,-78.8197
"10181",2025-12-28,26,"Triple Oak","PM2.5","Wake",35.8652,-78.8197
"10182",2025-12-29,29,"Triple Oak","PM2.5","Wake",35.8652,-78.8197
"10183",2025-12-30,23,"Triple Oak","PM2.5","Wake",35.8652,-78.8197
"10184",2025-12-31,24,"Triple Oak","PM2.5","Wake",35.8652,-78.8197
