"","Date","Daily.AQI.Value","Local.Site.Name","AQS.Parameter.Description","County","Site.Latitude","Site.Longitude"
"1",2025-03-01,47,"Taylorsville Liledoun","Ozone","Alexander",35.9138000008966,-81.191
"2",2025-03-02,41,"Taylorsville Liledoun","Ozone","Alexander",35.9138000008966,-81.191
"3",2025-03-03,43,"Taylorsville Liledoun","Ozone","Alexander",35.9138000008966,-81.191
"4",2025-03-04,42,"Taylorsville Liledoun","Ozone","Alexander",35.9138000008966,-81.191
"5",2025-03-05,44,"Taylorsville Liledoun","Ozone","Alexander",35.9138000008966,-81.191
"6",2025-03-06,36,"Taylorsville Liledoun","Ozone","Alexander",35.9138000008966,-81.191
"7",2025-03-07,33,"Taylorsville Liledoun","Ozone","Alexander",35.9138000008966,-81.191
"8",2025-03-08,42,"Taylorsville Liledoun","Ozone","Alexander",35.9138000008966,-81.191
"9",2025-03-09,41,"Taylorsville Liledoun","Ozone","Alexander",35.9138000008966,-81.191
"10",2025-03-10,41,"Taylorsville Liledoun","Ozone","Alexander",35.9138000008966,-81.191
"11",2025-03-11,51,"Taylorsville Liledoun","Ozone","Alexander",35.9138000008966,-81.191
"12",2025-03-12,77,"Taylorsville Liledoun","Ozone","Alexander",35.9138000008966,-81.191
"13",2025-03-13,64,"Taylorsville Liledoun","Ozone","Alexander",35.9138000008966,-81.191
"14",2025-03-14,50,"Taylorsville Liledoun","Ozone","Alexander",35.9138000008966,-81.191
"15",2025-03-15,35,"Taylorsville Liledoun","Ozone","Alexander",35.9138000008966,-81.191
"16",2025-03-16,44,"Taylorsville Liledoun","Ozone","Alexander",35.9138000008966,-81.191
"17",2025-03-17,33,"Taylorsville Liledoun","Ozone","Alexander",35.9138000008966,-81.191
"18",2025-03-18,44,"Taylorsville Liledoun","Ozone","Alexander",35.9138000008966,-81.191
"19",2025-03-19,54,"Taylorsville Liledoun","Ozone","Alexander",35.9138000008966,-81.191
"20",2025-03-20,39,"Taylorsville Liledoun","Ozone","Alexander",35.9138000008966,-81.191
"21",2025-03-21,45,"Taylorsville Liledoun","Ozone","Alexander",35.9138000008966,-81.191
"22",2025-03-22,48,"Taylorsville Liledoun","Ozone","Alexander",35.9138000008966,-81.191
"23",2025-03-23,49,"Taylorsville Liledoun","Ozone","Alexander",35.9138000008966,-81.191
"24",2025-03-24,44,"Taylorsville Liledoun","Ozone","Alexander",35.9138000008966,-81.191
"25",2025-03-25,49,"Taylorsville Liledoun","Ozone","Alexander",35.9138000008966,-81.191
"26",2025-03-26,46,"Taylorsville Liledoun","Ozone","Alexander",35.9138000008966,-81.191
"27",2025-03-27,50,"Taylorsville Liledoun","Ozone","Alexander",35.9138000008966,-81.191
"28",2025-03-28,74,"Taylorsville Liledoun","Ozone","Alexander",35.9138000008966,-81.191
"29",2025-03-29,44,"Taylorsville Liledoun","Ozone","Alexander",35.9138000008966,-81.191
"30",2025-03-30,38,"Taylorsville Liledoun","Ozone","Alexander",35.9138000008966,-81.191
"31",2025-03-31,29,"Taylorsville Liledoun","Ozone","Alexander",35.9138000008966,-81.191
"32",2025-04-01,34,"Taylorsville Liledoun","Ozone","Alexander",35.9138000008966,-81.191
"33",2025-04-02,16,"Taylorsville Liledoun","Ozone","Alexander",35.9138000008966,-81.191
"34",2025-04-03,30,"Taylorsville Liledoun","Ozone","Alexander",35.9138000008966,-81.191
"35",2025-04-04,36,"Taylorsville Liledoun","Ozone","Alexander",35.9138000008966,-81.191
"36",2025-04-05,40,"Taylorsville Liledoun","Ozone","Alexander",35.9138000008966,-81.191
"37",2025-04-06,44,"Taylorsville Liledoun","Ozone","Alexander",35.9138000008966,-81.191
"38",2025-04-07,33,"Taylorsville Liledoun","Ozone","Alexander",35.9138000008966,-81.191
"39",2025-04-08,50,"Taylorsville Liledoun","Ozone","Alexander",35.9138000008966,-81.191
"40",2025-04-09,48,"Taylorsville Liledoun","Ozone","Alexander",35.9138000008966,-81.191
"41",2025-04-10,30,"Taylorsville Liledoun","Ozone","Alexander",35.9138000008966,-81.191
"42",2025-04-11,43,"Taylorsville Liledoun","Ozone","Alexander",35.9138000008966,-81.191
"43",2025-04-12,41,"Taylorsville Liledoun","Ozone","Alexander",35.9138000008966,-81.191
"44",2025-04-13,47,"Taylorsville Liledoun","Ozone","Alexander",35.9138000008966,-81.191
"45",2025-04-14,80,"Taylorsville Liledoun","Ozone","Alexander",35.9138000008966,-81.191
"46",2025-04-15,44,"Taylorsville Liledoun","Ozone","Alexander",35.9138000008966,-81.191
"47",2025-04-16,47,"Taylorsville Liledoun","Ozone","Alexander",35.9138000008966,-81.191
"48",2025-04-17,64,"Taylorsville Liledoun","Ozone","Alexander",35.9138000008966,-81.191
"49",2025-04-18,74,"Taylorsville Liledoun","Ozone","Alexander",35.9138000008966,-81.191
"50",2025-04-19,51,"Taylorsville Liledoun","Ozone","Alexander",35.9138000008966,-81.191
"51",2025-04-20,44,"Taylorsville Liledoun","Ozone","Alexander",35.9138000008966,-81.191
"52",2025-04-21,50,"Taylorsville Liledoun","Ozone","Alexander",35.9138000008966,-81.191
"53",2025-04-22,31,"Taylorsville Liledoun","Ozone","Alexander",35.9138000008966,-81.191
"54",2025-04-23,48,"Taylorsville Liledoun","Ozone","Alexander",35.9138000008966,-81.191
"55",2025-04-24,35,"Taylorsville Liledoun","Ozone","Alexander",35.9138000008966,-81.191
"56",2025-04-25,35,"Taylorsville Liledoun","Ozone","Alexander",35.9138000008966,-81.191
"57",2025-04-26,38,"Taylorsville Liledoun","Ozone","Alexander",35.9138000008966,-81.191
"58",2025-04-27,48,"Taylorsville Liledoun","Ozone","Alexander",35.9138000008966,-81.191
"59",2025-04-28,74,"Taylorsville Liledoun","Ozone","Alexander",35.9138000008966,-81.191
"60",2025-04-29,45,"Taylorsville Liledoun","Ozone","Alexander",35.9138000008966,-81.191
"61",2025-04-30,37,"Taylorsville Liledoun","Ozone","Alexander",35.9138000008966,-81.191
"62",2025-05-01,38,"Taylorsville Liledoun","Ozone","Alexander",35.9138000008966,-81.191
"63",2025-05-02,41,"Taylorsville Liledoun","Ozone","Alexander",35.9138000008966,-81.191
"64",2025-05-03,29,"Taylorsville Liledoun","Ozone","Alexander",35.9138000008966,-81.191
"65",2025-05-04,44,"Taylorsville Liledoun","Ozone","Alexander",35.9138000008966,-81.191
"66",2025-05-05,44,"Taylorsville Liledoun","Ozone","Alexander",35.9138000008966,-81.191
"67",2025-05-06,44,"Taylorsville Liledoun","Ozone","Alexander",35.9138000008966,-81.191
"68",2025-05-07,41,"Taylorsville Liledoun","Ozone","Alexander",35.9138000008966,-81.191
"69",2025-05-08,39,"Taylorsville Liledoun","Ozone","Alexander",35.9138000008966,-81.191
"70",2025-05-09,44,"Taylorsville Liledoun","Ozone","Alexander",35.9138000008966,-81.191
"71",2025-05-10,44,"Taylorsville Liledoun","Ozone","Alexander",35.9138000008966,-81.191
"72",2025-05-11,33,"Taylorsville Liledoun","Ozone","Alexander",35.9138000008966,-81.191
"73",2025-05-12,23,"Taylorsville Liledoun","Ozone","Alexander",35.9138000008966,-81.191
"74",2025-05-13,42,"Taylorsville Liledoun","Ozone","Alexander",35.9138000008966,-81.191
"75",2025-05-14,36,"Taylorsville Liledoun","Ozone","Alexander",35.9138000008966,-81.191
"76",2025-05-15,49,"Taylorsville Liledoun","Ozone","Alexander",35.9138000008966,-81.191
"77",2025-05-16,32,"Taylorsville Liledoun","Ozone","Alexander",35.9138000008966,-81.191
"78",2025-05-17,43,"Taylorsville Liledoun","Ozone","Alexander",35.9138000008966,-81.191
"79",2025-05-18,42,"Taylorsville Liledoun","Ozone","Alexander",35.9138000008966,-81.191
"80",2025-05-19,40,"Taylorsville Liledoun","Ozone","Alexander",35.9138000008966,-81.191
"81",2025-05-20,47,"Taylorsville Liledoun","Ozone","Alexander",35.9138000008966,-81.191
"82",2025-05-21,43,"Taylorsville Liledoun","Ozone","Alexander",35.9138000008966,-81.191
"83",2025-05-22,48,"Taylorsville Liledoun","Ozone","Alexander",35.9138000008966,-81.191
"84",2025-05-23,40,"Taylorsville Liledoun","Ozone","Alexander",35.9138000008966,-81.191
"85",2025-05-24,39,"Taylorsville Liledoun","Ozone","Alexander",35.9138000008966,-81.191
"86",2025-05-25,42,"Taylorsville Liledoun","Ozone","Alexander",35.9138000008966,-81.191
"87",2025-05-26,27,"Taylorsville Liledoun","Ozone","Alexander",35.9138000008966,-81.191
"88",2025-05-27,30,"Taylorsville Liledoun","Ozone","Alexander",35.9138000008966,-81.191
"89",2025-05-28,26,"Taylorsville Liledoun","Ozone","Alexander",35.9138000008966,-81.191
"90",2025-05-29,30,"Taylorsville Liledoun","Ozone","Alexander",35.9138000008966,-81.191
"91",2025-05-30,43,"Taylorsville Liledoun","Ozone","Alexander",35.9138000008966,-81.191
"92",2025-05-31,44,"Taylorsville Liledoun","Ozone","Alexander",35.9138000008966,-81.191
"93",2025-06-01,37,"Taylorsville Liledoun","Ozone","Alexander",35.9138000008966,-81.191
"94",2025-06-02,45,"Taylorsville Liledoun","Ozone","Alexander",35.9138000008966,-81.191
"95",2025-06-03,61,"Taylorsville Liledoun","Ozone","Alexander",35.9138000008966,-81.191
"96",2025-06-04,54,"Taylorsville Liledoun","Ozone","Alexander",35.9138000008966,-81.191
"97",2025-06-05,31,"Taylorsville Liledoun","Ozone","Alexander",35.9138000008966,-81.191
"98",2025-06-06,37,"Taylorsville Liledoun","Ozone","Alexander",35.9138000008966,-81.191
"99",2025-06-07,35,"Taylorsville Liledoun","Ozone","Alexander",35.9138000008966,-81.191
"100",2025-06-08,31,"Taylorsville Liledoun","Ozone","Alexander",35.9138000008966,-81.191
"101",2025-06-09,44,"Taylorsville Liledoun","Ozone","Alexander",35.9138000008966,-81.191
"102",2025-06-10,40,"Taylorsville Liledoun","Ozone","Alexander",35.9138000008966,-81.191
"103",2025-06-11,42,"Taylorsville Liledoun","Ozone","Alexander",35.9138000008966,-81.191
"104",2025-06-12,49,"Taylorsville Liledoun","Ozone","Alexander",35.9138000008966,-81.191
"105",2025-06-13,29,"Taylorsville Liledoun","Ozone","Alexander",35.9138000008966,-81.191
"106",2025-06-14,29,"Taylorsville Liledoun","Ozone","Alexander",35.9138000008966,-81.191
"107",2025-06-15,24,"Taylorsville Liledoun","Ozone","Alexander",35.9138000008966,-81.191
"108",2025-06-16,28,"Taylorsville Liledoun","Ozone","Alexander",35.9138000008966,-81.191
"109",2025-06-17,35,"Taylorsville Liledoun","Ozone","Alexander",35.9138000008966,-81.191
"110",2025-06-18,31,"Taylorsville Liledoun","Ozone","Alexander",35.9138000008966,-81.191
"111",2025-06-19,23,"Taylorsville Liledoun","Ozone","Alexander",35.9138000008966,-81.191
"112",2025-06-20,47,"Taylorsville Liledoun","Ozone","Alexander",35.9138000008966,-81.191
"113",2025-06-21,47,"Taylorsville Liledoun","Ozone","Alexander",35.9138000008966,-81.191
"114",2025-06-22,40,"Taylorsville Liledoun","Ozone","Alexander",35.9138000008966,-81.191
"115",2025-06-23,38,"Taylorsville Liledoun","Ozone","Alexander",35.9138000008966,-81.191
"116",2025-06-24,37,"Taylorsville Liledoun","Ozone","Alexander",35.9138000008966,-81.191
"117",2025-06-25,35,"Taylorsville Liledoun","Ozone","Alexander",35.9138000008966,-81.191
"118",2025-06-26,40,"Taylorsville Liledoun","Ozone","Alexander",35.9138000008966,-81.191
"119",2025-06-27,51,"Taylorsville Liledoun","Ozone","Alexander",35.9138000008966,-81.191
"120",2025-06-28,41,"Taylorsville Liledoun","Ozone","Alexander",35.9138000008966,-81.191
"121",2025-06-29,37,"Taylorsville Liledoun","Ozone","Alexander",35.9138000008966,-81.191
"122",2025-06-30,40,"Taylorsville Liledoun","Ozone","Alexander",35.9138000008966,-81.191
"123",2025-07-01,37,"Taylorsville Liledoun","Ozone","Alexander",35.9138000008966,-81.191
"124",2025-07-02,37,"Taylorsville Liledoun","Ozone","Alexander",35.9138000008966,-81.191
"125",2025-07-03,44,"Taylorsville Liledoun","Ozone","Alexander",35.9138000008966,-81.191
"126",2025-07-04,48,"Taylorsville Liledoun","Ozone","Alexander",35.9138000008966,-81.191
"127",2025-07-05,46,"Taylorsville Liledoun","Ozone","Alexander",35.9138000008966,-81.191
"128",2025-07-06,29,"Taylorsville Liledoun","Ozone","Alexander",35.9138000008966,-81.191
"129",2025-07-07,37,"Taylorsville Liledoun","Ozone","Alexander",35.9138000008966,-81.191
"130",2025-07-08,39,"Taylorsville Liledoun","Ozone","Alexander",35.9138000008966,-81.191
"131",2025-07-09,42,"Taylorsville Liledoun","Ozone","Alexander",35.9138000008966,-81.191
"132",2025-07-10,30,"Taylorsville Liledoun","Ozone","Alexander",35.9138000008966,-81.191
"133",2025-07-11,35,"Taylorsville Liledoun","Ozone","Alexander",35.9138000008966,-81.191
"134",2025-07-12,32,"Taylorsville Liledoun","Ozone","Alexander",35.9138000008966,-81.191
"135",2025-07-13,26,"Taylorsville Liledoun","Ozone","Alexander",35.9138000008966,-81.191
"136",2025-07-14,31,"Taylorsville Liledoun","Ozone","Alexander",35.9138000008966,-81.191
"137",2025-07-15,40,"Taylorsville Liledoun","Ozone","Alexander",35.9138000008966,-81.191
"138",2025-07-16,37,"Taylorsville Liledoun","Ozone","Alexander",35.9138000008966,-81.191
"139",2025-07-17,30,"Taylorsville Liledoun","Ozone","Alexander",35.9138000008966,-81.191
"140",2025-07-18,33,"Taylorsville Liledoun","Ozone","Alexander",35.9138000008966,-81.191
"141",2025-07-19,30,"Taylorsville Liledoun","Ozone","Alexander",35.9138000008966,-81.191
"142",2025-07-20,28,"Taylorsville Liledoun","Ozone","Alexander",35.9138000008966,-81.191
"143",2025-07-21,28,"Taylorsville Liledoun","Ozone","Alexander",35.9138000008966,-81.191
"144",2025-07-22,36,"Taylorsville Liledoun","Ozone","Alexander",35.9138000008966,-81.191
"145",2025-07-23,61,"Taylorsville Liledoun","Ozone","Alexander",35.9138000008966,-81.191
"146",2025-07-24,42,"Taylorsville Liledoun","Ozone","Alexander",35.9138000008966,-81.191
"147",2025-07-25,35,"Taylorsville Liledoun","Ozone","Alexander",35.9138000008966,-81.191
"148",2025-07-26,39,"Taylorsville Liledoun","Ozone","Alexander",35.9138000008966,-81.191
"149",2025-07-27,27,"Taylorsville Liledoun","Ozone","Alexander",35.9138000008966,-81.191
"150",2025-07-28,31,"Taylorsville Liledoun","Ozone","Alexander",35.9138000008966,-81.191
"151",2025-07-29,36,"Taylorsville Liledoun","Ozone","Alexander",35.9138000008966,-81.191
"152",2025-07-30,46,"Taylorsville Liledoun","Ozone","Alexander",35.9138000008966,-81.191
"153",2025-07-31,35,"Taylorsville Liledoun","Ozone","Alexander",35.9138000008966,-81.191
"154",2025-08-01,32,"Taylorsville Liledoun","Ozone","Alexander",35.9138000008966,-81.191
"155",2025-08-02,27,"Taylorsville Liledoun","Ozone","Alexander",35.9138000008966,-81.191
"156",2025-08-03,26,"Taylorsville Liledoun","Ozone","Alexander",35.9138000008966,-81.191
"157",2025-08-04,38,"Taylorsville Liledoun","Ozone","Alexander",35.9138000008966,-81.191
"158",2025-08-05,31,"Taylorsville Liledoun","Ozone","Alexander",35.9138000008966,-81.191
"159",2025-08-06,29,"Taylorsville Liledoun","Ozone","Alexander",35.9138000008966,-81.191
"160",2025-08-07,31,"Taylorsville Liledoun","Ozone","Alexander",35.9138000008966,-81.191
"161",2025-08-08,33,"Taylorsville Liledoun","Ozone","Alexander",35.9138000008966,-81.191
"162",2025-08-09,35,"Taylorsville Liledoun","Ozone","Alexander",35.9138000008966,-81.191
"163",2025-08-10,31,"Taylorsville Liledoun","Ozone","Alexander",35.9138000008966,-81.191
"164",2025-08-11,18,"Taylorsville Liledoun","Ozone","Alexander",35.9138000008966,-81.191
"165",2025-08-12,19,"Taylorsville Liledoun","Ozone","Alexander",35.9138000008966,-81.191
"166",2025-08-13,20,"Taylorsville Liledoun","Ozone","Alexander",35.9138000008966,-81.191
"167",2025-08-14,25,"Taylorsville Liledoun","Ozone","Alexander",35.9138000008966,-81.191
"168",2025-08-15,32,"Taylorsville Liledoun","Ozone","Alexander",35.9138000008966,-81.191
"169",2025-08-16,36,"Taylorsville Liledoun","Ozone","Alexander",35.9138000008966,-81.191
"170",2025-08-17,36,"Taylorsville Liledoun","Ozone","Alexander",35.9138000008966,-81.191
"171",2025-08-18,41,"Taylorsville Liledoun","Ozone","Alexander",35.9138000008966,-81.191
"172",2025-08-19,32,"Taylorsville Liledoun","Ozone","Alexander",35.9138000008966,-81.191
"173",2025-08-20,29,"Taylorsville Liledoun","Ozone","Alexander",35.9138000008966,-81.191
"174",2025-08-21,32,"Taylorsville Liledoun","Ozone","Alexander",35.9138000008966,-81.191
"175",2025-08-22,28,"Taylorsville Liledoun","Ozone","Alexander",35.9138000008966,-81.191
"176",2025-08-23,29,"Taylorsville Liledoun","Ozone","Alexander",35.9138000008966,-81.191
"177",2025-08-24,29,"Taylorsville Liledoun","Ozone","Alexander",35.9138000008966,-81.191
"178",2025-08-25,32,"Taylorsville Liledoun","Ozone","Alexander",35.9138000008966,-81.191
"179",2025-08-26,34,"Taylorsville Liledoun","Ozone","Alexander",35.9138000008966,-81.191
"180",2025-08-27,38,"Taylorsville Liledoun","Ozone","Alexander",35.9138000008966,-81.191
"181",2025-08-28,44,"Taylorsville Liledoun","Ozone","Alexander",35.9138000008966,-81.191
"182",2025-08-29,40,"Taylorsville Liledoun","Ozone","Alexander",35.9138000008966,-81.191
"183",2025-08-30,40,"Taylorsville Liledoun","Ozone","Alexander",35.9138000008966,-81.191
"184",2025-08-31,35,"Taylorsville Liledoun","Ozone","Alexander",35.9138000008966,-81.191
"185",2025-09-01,39,"Taylorsville Liledoun","Ozone","Alexander",35.9138000008966,-81.191
"186",2025-09-02,37,"Taylorsville Liledoun","Ozone","Alexander",35.9138000008966,-81.191
"187",2025-09-03,34,"Taylorsville Liledoun","Ozone","Alexander",35.9138000008966,-81.191
"188",2025-09-04,32,"Taylorsville Liledoun","Ozone","Alexander",35.9138000008966,-81.191
"189",2025-09-05,36,"Taylorsville Liledoun","Ozone","Alexander",35.9138000008966,-81.191
"190",2025-09-06,34,"Taylorsville Liledoun","Ozone","Alexander",35.9138000008966,-81.191
"191",2025-09-07,29,"Taylorsville Liledoun","Ozone","Alexander",35.9138000008966,-81.191
"192",2025-09-08,38,"Taylorsville Liledoun","Ozone","Alexander",35.9138000008966,-81.191
"193",2025-09-09,43,"Taylorsville Liledoun","Ozone","Alexander",35.9138000008966,-81.191
"194",2025-09-10,42,"Taylorsville Liledoun","Ozone","Alexander",35.9138000008966,-81.191
"195",2025-09-11,45,"Taylorsville Liledoun","Ozone","Alexander",35.9138000008966,-81.191
"196",2025-09-12,46,"Taylorsville Liledoun","Ozone","Alexander",35.9138000008966,-81.191
"197",2025-09-13,45,"Taylorsville Liledoun","Ozone","Alexander",35.9138000008966,-81.191
"198",2025-09-14,48,"Taylorsville Liledoun","Ozone","Alexander",35.9138000008966,-81.191
"199",2025-09-15,46,"Taylorsville Liledoun","Ozone","Alexander",35.9138000008966,-81.191
"200",2025-09-16,40,"Taylorsville Liledoun","Ozone","Alexander",35.9138000008966,-81.191
"201",2025-09-17,36,"Taylorsville Liledoun","Ozone","Alexander",35.9138000008966,-81.191
"202",2025-09-18,44,"Taylorsville Liledoun","Ozone","Alexander",35.9138000008966,-81.191
"203",2025-09-19,67,"Taylorsville Liledoun","Ozone","Alexander",35.9138000008966,-81.191
"204",2025-09-20,61,"Taylorsville Liledoun","Ozone","Alexander",35.9138000008966,-81.191
"205",2025-09-21,45,"Taylorsville Liledoun","Ozone","Alexander",35.9138000008966,-81.191
"206",2025-09-22,44,"Taylorsville Liledoun","Ozone","Alexander",35.9138000008966,-81.191
"207",2025-09-23,46,"Taylorsville Liledoun","Ozone","Alexander",35.9138000008966,-81.191
"208",2025-09-24,41,"Taylorsville Liledoun","Ozone","Alexander",35.9138000008966,-81.191
"209",2025-09-25,27,"Taylorsville Liledoun","Ozone","Alexander",35.9138000008966,-81.191
"210",2025-09-26,32,"Taylorsville Liledoun","Ozone","Alexander",35.9138000008966,-81.191
"211",2025-09-27,35,"Taylorsville Liledoun","Ozone","Alexander",35.9138000008966,-81.191
"212",2025-09-28,34,"Taylorsville Liledoun","Ozone","Alexander",35.9138000008966,-81.191
"213",2025-09-29,33,"Taylorsville Liledoun","Ozone","Alexander",35.9138000008966,-81.191
"214",2025-09-30,38,"Taylorsville Liledoun","Ozone","Alexander",35.9138000008966,-81.191
"215",2025-10-01,49,"Taylorsville Liledoun","Ozone","Alexander",35.9138000008966,-81.191
"216",2025-10-02,41,"Taylorsville Liledoun","Ozone","Alexander",35.9138000008966,-81.191
"217",2025-10-03,33,"Taylorsville Liledoun","Ozone","Alexander",35.9138000008966,-81.191
"218",2025-10-04,38,"Taylorsville Liledoun","Ozone","Alexander",35.9138000008966,-81.191
"219",2025-10-05,32,"Taylorsville Liledoun","Ozone","Alexander",35.9138000008966,-81.191
"220",2025-10-06,33,"Taylorsville Liledoun","Ozone","Alexander",35.9138000008966,-81.191
"221",2025-10-07,32,"Taylorsville Liledoun","Ozone","Alexander",35.9138000008966,-81.191
"222",2025-10-08,31,"Taylorsville Liledoun","Ozone","Alexander",35.9138000008966,-81.191
"223",2025-10-09,37,"Taylorsville Liledoun","Ozone","Alexander",35.9138000008966,-81.191
"224",2025-10-10,32,"Taylorsville Liledoun","Ozone","Alexander",35.9138000008966,-81.191
"225",2025-10-11,31,"Taylorsville Liledoun","Ozone","Alexander",35.9138000008966,-81.191
"226",2025-10-12,30,"Taylorsville Liledoun","Ozone","Alexander",35.9138000008966,-81.191
"227",2025-10-13,31,"Taylorsville Liledoun","Ozone","Alexander",35.9138000008966,-81.191
"228",2025-10-14,36,"Taylorsville Liledoun","Ozone","Alexander",35.9138000008966,-81.191
"229",2025-10-15,39,"Taylorsville Liledoun","Ozone","Alexander",35.9138000008966,-81.191
"230",2025-10-16,37,"Taylorsville Liledoun","Ozone","Alexander",35.9138000008966,-81.191
"231",2025-10-17,43,"Taylorsville Liledoun","Ozone","Alexander",35.9138000008966,-81.191
"232",2025-10-18,47,"Taylorsville Liledoun","Ozone","Alexander",35.9138000008966,-81.191
"233",2025-10-19,32,"Taylorsville Liledoun","Ozone","Alexander",35.9138000008966,-81.191
"234",2025-10-20,33,"Taylorsville Liledoun","Ozone","Alexander",35.9138000008966,-81.191
"235",2025-10-21,40,"Taylorsville Liledoun","Ozone","Alexander",35.9138000008966,-81.191
"236",2025-10-22,36,"Taylorsville Liledoun","Ozone","Alexander",35.9138000008966,-81.191
"237",2025-10-23,38,"Taylorsville Liledoun","Ozone","Alexander",35.9138000008966,-81.191
"238",2025-10-24,35,"Taylorsville Liledoun","Ozone","Alexander",35.9138000008966,-81.191
"239",2025-10-25,33,"Taylorsville Liledoun","Ozone","Alexander",35.9138000008966,-81.191
"240",2025-10-26,34,"Taylorsville Liledoun","Ozone","Alexander",35.9138000008966,-81.191
"241",2025-10-27,31,"Taylorsville Liledoun","Ozone","Alexander",35.9138000008966,-81.191
"242",2025-10-28,31,"Taylorsville Liledoun","Ozone","Alexander",35.9138000008966,-81.191
"243",2025-10-29,14,"Taylorsville Liledoun","Ozone","Alexander",35.9138000008966,-81.191
"244",2025-10-30,23,"Taylorsville Liledoun","Ozone","Alexander",35.9138000008966,-81.191
"245",2025-10-31,33,"Taylorsville Liledoun","Ozone","Alexander",35.9138000008966,-81.191
"246",2025-11-01,33,"Taylorsville Liledoun","Ozone","Alexander",35.9138000008966,-81.191
"247",2025-11-02,35,"Taylorsville Liledoun","Ozone","Alexander",35.9138000008966,-81.191
"248",2025-03-01,47,"Linville Falls","Ozone","Avery",35.972347,-81.933072
"249",2025-03-02,43,"Linville Falls","Ozone","Avery",35.972347,-81.933072
"250",2025-03-03,44,"Linville Falls","Ozone","Avery",35.972347,-81.933072
"251",2025-03-04,44,"Linville Falls","Ozone","Avery",35.972347,-81.933072
"252",2025-03-05,45,"Linville Falls","Ozone","Avery",35.972347,-81.933072
"253",2025-03-06,38,"Linville Falls","Ozone","Avery",35.972347,-81.933072
"254",2025-03-07,41,"Linville Falls","Ozone","Avery",35.972347,-81.933072
"255",2025-03-08,42,"Linville Falls","Ozone","Avery",35.972347,-81.933072
"256",2025-03-09,44,"Linville Falls","Ozone","Avery",35.972347,-81.933072
"257",2025-03-10,43,"Linville Falls","Ozone","Avery",35.972347,-81.933072
"258",2025-03-11,51,"Linville Falls","Ozone","Avery",35.972347,-81.933072
"259",2025-03-12,71,"Linville Falls","Ozone","Avery",35.972347,-81.933072
"260",2025-03-13,67,"Linville Falls","Ozone","Avery",35.972347,-81.933072
"261",2025-03-14,67,"Linville Falls","Ozone","Avery",35.972347,-81.933072
"262",2025-03-15,41,"Linville Falls","Ozone","Avery",35.972347,-81.933072
"263",2025-03-16,43,"Linville Falls","Ozone","Avery",35.972347,-81.933072
"264",2025-03-17,33,"Linville Falls","Ozone","Avery",35.972347,-81.933072
"265",2025-03-18,47,"Linville Falls","Ozone","Avery",35.972347,-81.933072
"266",2025-03-19,58,"Linville Falls","Ozone","Avery",35.972347,-81.933072
"267",2025-03-20,38,"Linville Falls","Ozone","Avery",35.972347,-81.933072
"268",2025-03-21,44,"Linville Falls","Ozone","Avery",35.972347,-81.933072
"269",2025-03-22,49,"Linville Falls","Ozone","Avery",35.972347,-81.933072
"270",2025-03-23,61,"Linville Falls","Ozone","Avery",35.972347,-81.933072
"271",2025-03-24,45,"Linville Falls","Ozone","Avery",35.972347,-81.933072
"272",2025-03-25,48,"Linville Falls","Ozone","Avery",35.972347,-81.933072
"273",2025-03-26,46,"Linville Falls","Ozone","Avery",35.972347,-81.933072
"274",2025-03-27,51,"Linville Falls","Ozone","Avery",35.972347,-81.933072
"275",2025-03-28,80,"Linville Falls","Ozone","Avery",35.972347,-81.933072
"276",2025-03-29,46,"Linville Falls","Ozone","Avery",35.972347,-81.933072
"277",2025-03-30,38,"Linville Falls","Ozone","Avery",35.972347,-81.933072
"278",2025-03-31,40,"Linville Falls","Ozone","Avery",35.972347,-81.933072
"279",2025-04-01,37,"Linville Falls","Ozone","Avery",35.972347,-81.933072
"280",2025-04-02,28,"Linville Falls","Ozone","Avery",35.972347,-81.933072
"281",2025-04-03,31,"Linville Falls","Ozone","Avery",35.972347,-81.933072
"282",2025-04-04,32,"Linville Falls","Ozone","Avery",35.972347,-81.933072
"283",2025-04-05,43,"Linville Falls","Ozone","Avery",35.972347,-81.933072
"284",2025-04-06,45,"Linville Falls","Ozone","Avery",35.972347,-81.933072
"285",2025-04-07,43,"Linville Falls","Ozone","Avery",35.972347,-81.933072
"286",2025-04-08,48,"Linville Falls","Ozone","Avery",35.972347,-81.933072
"287",2025-04-09,48,"Linville Falls","Ozone","Avery",35.972347,-81.933072
"288",2025-04-10,38,"Linville Falls","Ozone","Avery",35.972347,-81.933072
"289",2025-04-11,45,"Linville Falls","Ozone","Avery",35.972347,-81.933072
"290",2025-04-12,42,"Linville Falls","Ozone","Avery",35.972347,-81.933072
"291",2025-04-13,48,"Linville Falls","Ozone","Avery",35.972347,-81.933072
"292",2025-04-14,67,"Linville Falls","Ozone","Avery",35.972347,-81.933072
"293",2025-04-15,44,"Linville Falls","Ozone","Avery",35.972347,-81.933072
"294",2025-04-16,48,"Linville Falls","Ozone","Avery",35.972347,-81.933072
"295",2025-04-17,67,"Linville Falls","Ozone","Avery",35.972347,-81.933072
"296",2025-04-18,90,"Linville Falls","Ozone","Avery",35.972347,-81.933072
"297",2025-04-19,51,"Linville Falls","Ozone","Avery",35.972347,-81.933072
"298",2025-04-20,50,"Linville Falls","Ozone","Avery",35.972347,-81.933072
"299",2025-04-21,46,"Linville Falls","Ozone","Avery",35.972347,-81.933072
"300",2025-04-22,42,"Linville Falls","Ozone","Avery",35.972347,-81.933072
"301",2025-04-23,45,"Linville Falls","Ozone","Avery",35.972347,-81.933072
"302",2025-04-24,42,"Linville Falls","Ozone","Avery",35.972347,-81.933072
"303",2025-04-25,34,"Linville Falls","Ozone","Avery",35.972347,-81.933072
"304",2025-04-26,44,"Linville Falls","Ozone","Avery",35.972347,-81.933072
"305",2025-04-27,46,"Linville Falls","Ozone","Avery",35.972347,-81.933072
"306",2025-04-28,50,"Linville Falls","Ozone","Avery",35.972347,-81.933072
"307",2025-04-29,46,"Linville Falls","Ozone","Avery",35.972347,-81.933072
"308",2025-04-30,37,"Linville Falls","Ozone","Avery",35.972347,-81.933072
"309",2025-05-01,42,"Linville Falls","Ozone","Avery",35.972347,-81.933072
"310",2025-05-02,44,"Linville Falls","Ozone","Avery",35.972347,-81.933072
"311",2025-05-03,39,"Linville Falls","Ozone","Avery",35.972347,-81.933072
"312",2025-05-04,41,"Linville Falls","Ozone","Avery",35.972347,-81.933072
"313",2025-05-05,41,"Linville Falls","Ozone","Avery",35.972347,-81.933072
"314",2025-05-06,42,"Linville Falls","Ozone","Avery",35.972347,-81.933072
"315",2025-05-07,44,"Linville Falls","Ozone","Avery",35.972347,-81.933072
"316",2025-05-08,43,"Linville Falls","Ozone","Avery",35.972347,-81.933072
"317",2025-05-10,43,"Linville Falls","Ozone","Avery",35.972347,-81.933072
"318",2025-05-11,40,"Linville Falls","Ozone","Avery",35.972347,-81.933072
"319",2025-05-12,33,"Linville Falls","Ozone","Avery",35.972347,-81.933072
"320",2025-05-13,43,"Linville Falls","Ozone","Avery",35.972347,-81.933072
"321",2025-05-14,41,"Linville Falls","Ozone","Avery",35.972347,-81.933072
"322",2025-05-15,42,"Linville Falls","Ozone","Avery",35.972347,-81.933072
"323",2025-05-16,34,"Linville Falls","Ozone","Avery",35.972347,-81.933072
"324",2025-05-17,48,"Linville Falls","Ozone","Avery",35.972347,-81.933072
"325",2025-05-18,47,"Linville Falls","Ozone","Avery",35.972347,-81.933072
"326",2025-05-19,40,"Linville Falls","Ozone","Avery",35.972347,-81.933072
"327",2025-05-20,37,"Linville Falls","Ozone","Avery",35.972347,-81.933072
"328",2025-05-21,44,"Linville Falls","Ozone","Avery",35.972347,-81.933072
"329",2025-05-22,49,"Linville Falls","Ozone","Avery",35.972347,-81.933072
"330",2025-05-23,41,"Linville Falls","Ozone","Avery",35.972347,-81.933072
"331",2025-05-24,43,"Linville Falls","Ozone","Avery",35.972347,-81.933072
"332",2025-05-25,40,"Linville Falls","Ozone","Avery",35.972347,-81.933072
"333",2025-05-26,29,"Linville Falls","Ozone","Avery",35.972347,-81.933072
"334",2025-05-27,29,"Linville Falls","Ozone","Avery",35.972347,-81.933072
"335",2025-05-28,27,"Linville Falls","Ozone","Avery",35.972347,-81.933072
"336",2025-05-29,29,"Linville Falls","Ozone","Avery",35.972347,-81.933072
"337",2025-05-30,44,"Linville Falls","Ozone","Avery",35.972347,-81.933072
"338",2025-05-31,48,"Linville Falls","Ozone","Avery",35.972347,-81.933072
"339",2025-06-01,46,"Linville Falls","Ozone","Avery",35.972347,-81.933072
"340",2025-06-02,46,"Linville Falls","Ozone","Avery",35.972347,-81.933072
"341",2025-06-03,50,"Linville Falls","Ozone","Avery",35.972347,-81.933072
"342",2025-06-04,49,"Linville Falls","Ozone","Avery",35.972347,-81.933072
"343",2025-06-05,31,"Linville Falls","Ozone","Avery",35.972347,-81.933072
"344",2025-06-06,37,"Linville Falls","Ozone","Avery",35.972347,-81.933072
"345",2025-06-07,35,"Linville Falls","Ozone","Avery",35.972347,-81.933072
"346",2025-06-08,42,"Linville Falls","Ozone","Avery",35.972347,-81.933072
"347",2025-06-09,42,"Linville Falls","Ozone","Avery",35.972347,-81.933072
"348",2025-06-10,40,"Linville Falls","Ozone","Avery",35.972347,-81.933072
"349",2025-06-11,44,"Linville Falls","Ozone","Avery",35.972347,-81.933072
"350",2025-06-12,39,"Linville Falls","Ozone","Avery",35.972347,-81.933072
"351",2025-06-13,26,"Linville Falls","Ozone","Avery",35.972347,-81.933072
"352",2025-06-14,27,"Linville Falls","Ozone","Avery",35.972347,-81.933072
"353",2025-06-15,26,"Linville Falls","Ozone","Avery",35.972347,-81.933072
"354",2025-06-16,27,"Linville Falls","Ozone","Avery",35.972347,-81.933072
"355",2025-06-17,28,"Linville Falls","Ozone","Avery",35.972347,-81.933072
"356",2025-06-18,30,"Linville Falls","Ozone","Avery",35.972347,-81.933072
"357",2025-06-19,31,"Linville Falls","Ozone","Avery",35.972347,-81.933072
"358",2025-06-20,44,"Linville Falls","Ozone","Avery",35.972347,-81.933072
"359",2025-06-21,38,"Linville Falls","Ozone","Avery",35.972347,-81.933072
"360",2025-06-22,37,"Linville Falls","Ozone","Avery",35.972347,-81.933072
"361",2025-06-23,35,"Linville Falls","Ozone","Avery",35.972347,-81.933072
"362",2025-06-24,34,"Linville Falls","Ozone","Avery",35.972347,-81.933072
"363",2025-06-25,29,"Linville Falls","Ozone","Avery",35.972347,-81.933072
"364",2025-07-01,31,"Linville Falls","Ozone","Avery",35.972347,-81.933072
"365",2025-07-02,42,"Linville Falls","Ozone","Avery",35.972347,-81.933072
"366",2025-07-03,45,"Linville Falls","Ozone","Avery",35.972347,-81.933072
"367",2025-07-04,45,"Linville Falls","Ozone","Avery",35.972347,-81.933072
"368",2025-07-05,41,"Linville Falls","Ozone","Avery",35.972347,-81.933072
"369",2025-07-06,39,"Linville Falls","Ozone","Avery",35.972347,-81.933072
"370",2025-07-07,37,"Linville Falls","Ozone","Avery",35.972347,-81.933072
"371",2025-07-08,35,"Linville Falls","Ozone","Avery",35.972347,-81.933072
"372",2025-07-09,32,"Linville Falls","Ozone","Avery",35.972347,-81.933072
"373",2025-07-10,29,"Linville Falls","Ozone","Avery",35.972347,-81.933072
"374",2025-07-11,25,"Linville Falls","Ozone","Avery",35.972347,-81.933072
"375",2025-07-12,28,"Linville Falls","Ozone","Avery",35.972347,-81.933072
"376",2025-07-13,24,"Linville Falls","Ozone","Avery",35.972347,-81.933072
"377",2025-07-14,28,"Linville Falls","Ozone","Avery",35.972347,-81.933072
"378",2025-07-15,25,"Linville Falls","Ozone","Avery",35.972347,-81.933072
"379",2025-07-16,34,"Linville Falls","Ozone","Avery",35.972347,-81.933072
"380",2025-07-17,31,"Linville Falls","Ozone","Avery",35.972347,-81.933072
"381",2025-07-18,28,"Linville Falls","Ozone","Avery",35.972347,-81.933072
"382",2025-07-19,29,"Linville Falls","Ozone","Avery",35.972347,-81.933072
"383",2025-07-20,31,"Linville Falls","Ozone","Avery",35.972347,-81.933072
"384",2025-07-21,30,"Linville Falls","Ozone","Avery",35.972347,-81.933072
"385",2025-07-22,31,"Linville Falls","Ozone","Avery",35.972347,-81.933072
"386",2025-07-23,39,"Linville Falls","Ozone","Avery",35.972347,-81.933072
"387",2025-07-24,41,"Linville Falls","Ozone","Avery",35.972347,-81.933072
"388",2025-07-25,31,"Linville Falls","Ozone","Avery",35.972347,-81.933072
"389",2025-07-26,31,"Linville Falls","Ozone","Avery",35.972347,-81.933072
"390",2025-07-27,25,"Linville Falls","Ozone","Avery",35.972347,-81.933072
"391",2025-07-28,29,"Linville Falls","Ozone","Avery",35.972347,-81.933072
"392",2025-07-29,24,"Linville Falls","Ozone","Avery",35.972347,-81.933072
"393",2025-07-30,32,"Linville Falls","Ozone","Avery",35.972347,-81.933072
"394",2025-07-31,25,"Linville Falls","Ozone","Avery",35.972347,-81.933072
"395",2025-08-01,33,"Linville Falls","Ozone","Avery",35.972347,-81.933072
"396",2025-08-02,31,"Linville Falls","Ozone","Avery",35.972347,-81.933072
"397",2025-08-03,33,"Linville Falls","Ozone","Avery",35.972347,-81.933072
"398",2025-08-04,35,"Linville Falls","Ozone","Avery",35.972347,-81.933072
"399",2025-08-05,33,"Linville Falls","Ozone","Avery",35.972347,-81.933072
"400",2025-08-06,26,"Linville Falls","Ozone","Avery",35.972347,-81.933072
"401",2025-08-07,31,"Linville Falls","Ozone","Avery",35.972347,-81.933072
"402",2025-08-08,34,"Linville Falls","Ozone","Avery",35.972347,-81.933072
"403",2025-08-09,32,"Linville Falls","Ozone","Avery",35.972347,-81.933072
"404",2025-08-10,28,"Linville Falls","Ozone","Avery",35.972347,-81.933072
"405",2025-08-11,21,"Linville Falls","Ozone","Avery",35.972347,-81.933072
"406",2025-08-12,19,"Linville Falls","Ozone","Avery",35.972347,-81.933072
"407",2025-08-13,22,"Linville Falls","Ozone","Avery",35.972347,-81.933072
"408",2025-08-14,27,"Linville Falls","Ozone","Avery",35.972347,-81.933072
"409",2025-08-15,29,"Linville Falls","Ozone","Avery",35.972347,-81.933072
"410",2025-08-16,26,"Linville Falls","Ozone","Avery",35.972347,-81.933072
"411",2025-08-17,38,"Linville Falls","Ozone","Avery",35.972347,-81.933072
"412",2025-08-18,32,"Linville Falls","Ozone","Avery",35.972347,-81.933072
"413",2025-08-19,29,"Linville Falls","Ozone","Avery",35.972347,-81.933072
"414",2025-08-20,31,"Linville Falls","Ozone","Avery",35.972347,-81.933072
"415",2025-08-21,24,"Linville Falls","Ozone","Avery",35.972347,-81.933072
"416",2025-08-22,31,"Linville Falls","Ozone","Avery",35.972347,-81.933072
"417",2025-08-23,30,"Linville Falls","Ozone","Avery",35.972347,-81.933072
"418",2025-08-24,30,"Linville Falls","Ozone","Avery",35.972347,-81.933072
"419",2025-08-25,34,"Linville Falls","Ozone","Avery",35.972347,-81.933072
"420",2025-08-26,37,"Linville Falls","Ozone","Avery",35.972347,-81.933072
"421",2025-08-27,37,"Linville Falls","Ozone","Avery",35.972347,-81.933072
"422",2025-08-28,41,"Linville Falls","Ozone","Avery",35.972347,-81.933072
"423",2025-08-29,39,"Linville Falls","Ozone","Avery",35.972347,-81.933072
"424",2025-08-30,32,"Linville Falls","Ozone","Avery",35.972347,-81.933072
"425",2025-08-31,31,"Linville Falls","Ozone","Avery",35.972347,-81.933072
"426",2025-09-01,36,"Linville Falls","Ozone","Avery",35.972347,-81.933072
"427",2025-09-02,31,"Linville Falls","Ozone","Avery",35.972347,-81.933072
"428",2025-09-03,29,"Linville Falls","Ozone","Avery",35.972347,-81.933072
"429",2025-09-04,27,"Linville Falls","Ozone","Avery",35.972347,-81.933072
"430",2025-09-05,31,"Linville Falls","Ozone","Avery",35.972347,-81.933072
"431",2025-09-06,34,"Linville Falls","Ozone","Avery",35.972347,-81.933072
"432",2025-09-07,30,"Linville Falls","Ozone","Avery",35.972347,-81.933072
"433",2025-09-08,34,"Linville Falls","Ozone","Avery",35.972347,-81.933072
"434",2025-09-09,34,"Linville Falls","Ozone","Avery",35.972347,-81.933072
"435",2025-09-10,39,"Linville Falls","Ozone","Avery",35.972347,-81.933072
"436",2025-09-11,43,"Linville Falls","Ozone","Avery",35.972347,-81.933072
"437",2025-09-12,40,"Linville Falls","Ozone","Avery",35.972347,-81.933072
"438",2025-09-13,41,"Linville Falls","Ozone","Avery",35.972347,-81.933072
"439",2025-09-14,41,"Linville Falls","Ozone","Avery",35.972347,-81.933072
"440",2025-09-15,40,"Linville Falls","Ozone","Avery",35.972347,-81.933072
"441",2025-09-16,31,"Linville Falls","Ozone","Avery",35.972347,-81.933072
"442",2025-09-17,38,"Linville Falls","Ozone","Avery",35.972347,-81.933072
"443",2025-09-18,37,"Linville Falls","Ozone","Avery",35.972347,-81.933072
"444",2025-09-19,34,"Linville Falls","Ozone","Avery",35.972347,-81.933072
"445",2025-09-20,44,"Linville Falls","Ozone","Avery",35.972347,-81.933072
"446",2025-09-21,43,"Linville Falls","Ozone","Avery",35.972347,-81.933072
"447",2025-09-22,43,"Linville Falls","Ozone","Avery",35.972347,-81.933072
"448",2025-09-23,33,"Linville Falls","Ozone","Avery",35.972347,-81.933072
"449",2025-09-24,31,"Linville Falls","Ozone","Avery",35.972347,-81.933072
"450",2025-09-25,27,"Linville Falls","Ozone","Avery",35.972347,-81.933072
"451",2025-09-26,29,"Linville Falls","Ozone","Avery",35.972347,-81.933072
"452",2025-09-27,29,"Linville Falls","Ozone","Avery",35.972347,-81.933072
"453",2025-09-28,29,"Linville Falls","Ozone","Avery",35.972347,-81.933072
"454",2025-09-29,35,"Linville Falls","Ozone","Avery",35.972347,-81.933072
"455",2025-09-30,29,"Linville Falls","Ozone","Avery",35.972347,-81.933072
"456",2025-10-01,41,"Linville Falls","Ozone","Avery",35.972347,-81.933072
"457",2025-10-02,38,"Linville Falls","Ozone","Avery",35.972347,-81.933072
"458",2025-10-03,29,"Linville Falls","Ozone","Avery",35.972347,-81.933072
"459",2025-10-04,34,"Linville Falls","Ozone","Avery",35.972347,-81.933072
"460",2025-10-05,29,"Linville Falls","Ozone","Avery",35.972347,-81.933072
"461",2025-10-06,33,"Linville Falls","Ozone","Avery",35.972347,-81.933072
"462",2025-10-07,30,"Linville Falls","Ozone","Avery",35.972347,-81.933072
"463",2025-10-08,31,"Linville Falls","Ozone","Avery",35.972347,-81.933072
"464",2025-10-09,35,"Linville Falls","Ozone","Avery",35.972347,-81.933072
"465",2025-10-10,35,"Linville Falls","Ozone","Avery",35.972347,-81.933072
"466",2025-10-11,38,"Linville Falls","Ozone","Avery",35.972347,-81.933072
"467",2025-10-12,31,"Linville Falls","Ozone","Avery",35.972347,-81.933072
"468",2025-10-13,37,"Linville Falls","Ozone","Avery",35.972347,-81.933072
"469",2025-10-14,38,"Linville Falls","Ozone","Avery",35.972347,-81.933072
"470",2025-10-15,44,"Linville Falls","Ozone","Avery",35.972347,-81.933072
"471",2025-10-16,40,"Linville Falls","Ozone","Avery",35.972347,-81.933072
"472",2025-10-17,40,"Linville Falls","Ozone","Avery",35.972347,-81.933072
"473",2025-10-18,46,"Linville Falls","Ozone","Avery",35.972347,-81.933072
"474",2025-10-20,34,"Linville Falls","Ozone","Avery",35.972347,-81.933072
"475",2025-10-21,42,"Linville Falls","Ozone","Avery",35.972347,-81.933072
"476",2025-10-22,38,"Linville Falls","Ozone","Avery",35.972347,-81.933072
"477",2025-10-23,40,"Linville Falls","Ozone","Avery",35.972347,-81.933072
"478",2025-10-24,38,"Linville Falls","Ozone","Avery",35.972347,-81.933072
"479",2025-10-25,34,"Linville Falls","Ozone","Avery",35.972347,-81.933072
"480",2025-10-26,35,"Linville Falls","Ozone","Avery",35.972347,-81.933072
"481",2025-10-27,32,"Linville Falls","Ozone","Avery",35.972347,-81.933072
"482",2025-10-28,34,"Linville Falls","Ozone","Avery",35.972347,-81.933072
"483",2025-10-29,18,"Linville Falls","Ozone","Avery",35.972347,-81.933072
"484",2025-10-30,29,"Linville Falls","Ozone","Avery",35.972347,-81.933072
"485",2025-10-31,33,"Linville Falls","Ozone","Avery",35.972347,-81.933072
"486",2025-11-01,34,"Linville Falls","Ozone","Avery",35.972347,-81.933072
"487",2025-11-02,37,"Linville Falls","Ozone","Avery",35.972347,-81.933072
"488",2025-03-01,46,"Bent Creek","Ozone","Buncombe",35.500102002749,-82.5998603096712
"489",2025-03-02,41,"Bent Creek","Ozone","Buncombe",35.500102002749,-82.5998603096712
"490",2025-03-03,45,"Bent Creek","Ozone","Buncombe",35.500102002749,-82.5998603096712
"491",2025-03-04,40,"Bent Creek","Ozone","Buncombe",35.500102002749,-82.5998603096712
"492",2025-03-05,44,"Bent Creek","Ozone","Buncombe",35.500102002749,-82.5998603096712
"493",2025-03-06,36,"Bent Creek","Ozone","Buncombe",35.500102002749,-82.5998603096712
"494",2025-03-07,35,"Bent Creek","Ozone","Buncombe",35.500102002749,-82.5998603096712
"495",2025-03-08,43,"Bent Creek","Ozone","Buncombe",35.500102002749,-82.5998603096712
"496",2025-03-09,40,"Bent Creek","Ozone","Buncombe",35.500102002749,-82.5998603096712
"497",2025-03-10,42,"Bent Creek","Ozone","Buncombe",35.500102002749,-82.5998603096712
"498",2025-03-11,54,"Bent Creek","Ozone","Buncombe",35.500102002749,-82.5998603096712
"499",2025-03-12,61,"Bent Creek","Ozone","Buncombe",35.500102002749,-82.5998603096712
"500",2025-03-13,49,"Bent Creek","Ozone","Buncombe",35.500102002749,-82.5998603096712
"501",2025-03-14,71,"Bent Creek","Ozone","Buncombe",35.500102002749,-82.5998603096712
"502",2025-03-15,42,"Bent Creek","Ozone","Buncombe",35.500102002749,-82.5998603096712
"503",2025-03-16,44,"Bent Creek","Ozone","Buncombe",35.500102002749,-82.5998603096712
"504",2025-03-17,33,"Bent Creek","Ozone","Buncombe",35.500102002749,-82.5998603096712
"505",2025-03-18,44,"Bent Creek","Ozone","Buncombe",35.500102002749,-82.5998603096712
"506",2025-03-19,51,"Bent Creek","Ozone","Buncombe",35.500102002749,-82.5998603096712
"507",2025-03-20,35,"Bent Creek","Ozone","Buncombe",35.500102002749,-82.5998603096712
"508",2025-03-21,42,"Bent Creek","Ozone","Buncombe",35.500102002749,-82.5998603096712
"509",2025-03-22,48,"Bent Creek","Ozone","Buncombe",35.500102002749,-82.5998603096712
"510",2025-03-23,54,"Bent Creek","Ozone","Buncombe",35.500102002749,-82.5998603096712
"511",2025-03-24,45,"Bent Creek","Ozone","Buncombe",35.500102002749,-82.5998603096712
"512",2025-03-25,47,"Bent Creek","Ozone","Buncombe",35.500102002749,-82.5998603096712
"513",2025-03-26,46,"Bent Creek","Ozone","Buncombe",35.500102002749,-82.5998603096712
"514",2025-03-27,87,"Bent Creek","Ozone","Buncombe",35.500102002749,-82.5998603096712
"515",2025-03-28,64,"Bent Creek","Ozone","Buncombe",35.500102002749,-82.5998603096712
"516",2025-03-29,45,"Bent Creek","Ozone","Buncombe",35.500102002749,-82.5998603096712
"517",2025-03-30,35,"Bent Creek","Ozone","Buncombe",35.500102002749,-82.5998603096712
"518",2025-03-31,33,"Bent Creek","Ozone","Buncombe",35.500102002749,-82.5998603096712
"519",2025-04-01,38,"Bent Creek","Ozone","Buncombe",35.500102002749,-82.5998603096712
"520",2025-04-02,24,"Bent Creek","Ozone","Buncombe",35.500102002749,-82.5998603096712
"521",2025-04-03,31,"Bent Creek","Ozone","Buncombe",35.500102002749,-82.5998603096712
"522",2025-04-04,34,"Bent Creek","Ozone","Buncombe",35.500102002749,-82.5998603096712
"523",2025-04-05,43,"Bent Creek","Ozone","Buncombe",35.500102002749,-82.5998603096712
"524",2025-04-06,32,"Bent Creek","Ozone","Buncombe",35.500102002749,-82.5998603096712
"525",2025-04-07,35,"Bent Creek","Ozone","Buncombe",35.500102002749,-82.5998603096712
"526",2025-04-08,47,"Bent Creek","Ozone","Buncombe",35.500102002749,-82.5998603096712
"527",2025-04-09,47,"Bent Creek","Ozone","Buncombe",35.500102002749,-82.5998603096712
"528",2025-04-10,37,"Bent Creek","Ozone","Buncombe",35.500102002749,-82.5998603096712
"529",2025-04-11,44,"Bent Creek","Ozone","Buncombe",35.500102002749,-82.5998603096712
"530",2025-04-12,39,"Bent Creek","Ozone","Buncombe",35.500102002749,-82.5998603096712
"531",2025-04-13,46,"Bent Creek","Ozone","Buncombe",35.500102002749,-82.5998603096712
"532",2025-04-14,13,"Bent Creek","Ozone","Buncombe",35.500102002749,-82.5998603096712
"533",2025-04-15,44,"Bent Creek","Ozone","Buncombe",35.500102002749,-82.5998603096712
"534",2025-04-16,48,"Bent Creek","Ozone","Buncombe",35.500102002749,-82.5998603096712
"535",2025-04-17,61,"Bent Creek","Ozone","Buncombe",35.500102002749,-82.5998603096712
"536",2025-04-18,87,"Bent Creek","Ozone","Buncombe",35.500102002749,-82.5998603096712
"537",2025-04-19,51,"Bent Creek","Ozone","Buncombe",35.500102002749,-82.5998603096712
"538",2025-04-20,47,"Bent Creek","Ozone","Buncombe",35.500102002749,-82.5998603096712
"539",2025-04-21,44,"Bent Creek","Ozone","Buncombe",35.500102002749,-82.5998603096712
"540",2025-04-22,26,"Bent Creek","Ozone","Buncombe",35.500102002749,-82.5998603096712
"541",2025-04-23,38,"Bent Creek","Ozone","Buncombe",35.500102002749,-82.5998603096712
"542",2025-04-24,34,"Bent Creek","Ozone","Buncombe",35.500102002749,-82.5998603096712
"543",2025-04-25,31,"Bent Creek","Ozone","Buncombe",35.500102002749,-82.5998603096712
"544",2025-04-26,40,"Bent Creek","Ozone","Buncombe",35.500102002749,-82.5998603096712
"545",2025-04-27,49,"Bent Creek","Ozone","Buncombe",35.500102002749,-82.5998603096712
"546",2025-04-28,50,"Bent Creek","Ozone","Buncombe",35.500102002749,-82.5998603096712
"547",2025-04-29,42,"Bent Creek","Ozone","Buncombe",35.500102002749,-82.5998603096712
"548",2025-04-30,37,"Bent Creek","Ozone","Buncombe",35.500102002749,-82.5998603096712
"549",2025-05-01,42,"Bent Creek","Ozone","Buncombe",35.500102002749,-82.5998603096712
"550",2025-05-02,36,"Bent Creek","Ozone","Buncombe",35.500102002749,-82.5998603096712
"551",2025-05-03,40,"Bent Creek","Ozone","Buncombe",35.500102002749,-82.5998603096712
"552",2025-05-04,37,"Bent Creek","Ozone","Buncombe",35.500102002749,-82.5998603096712
"553",2025-05-05,30,"Bent Creek","Ozone","Buncombe",35.500102002749,-82.5998603096712
"554",2025-05-06,40,"Bent Creek","Ozone","Buncombe",35.500102002749,-82.5998603096712
"555",2025-05-07,31,"Bent Creek","Ozone","Buncombe",35.500102002749,-82.5998603096712
"556",2025-05-08,41,"Bent Creek","Ozone","Buncombe",35.500102002749,-82.5998603096712
"557",2025-05-09,44,"Bent Creek","Ozone","Buncombe",35.500102002749,-82.5998603096712
"558",2025-05-10,36,"Bent Creek","Ozone","Buncombe",35.500102002749,-82.5998603096712
"559",2025-05-11,33,"Bent Creek","Ozone","Buncombe",35.500102002749,-82.5998603096712
"560",2025-05-12,22,"Bent Creek","Ozone","Buncombe",35.500102002749,-82.5998603096712
"561",2025-05-13,40,"Bent Creek","Ozone","Buncombe",35.500102002749,-82.5998603096712
"562",2025-05-14,37,"Bent Creek","Ozone","Buncombe",35.500102002749,-82.5998603096712
"563",2025-05-15,40,"Bent Creek","Ozone","Buncombe",35.500102002749,-82.5998603096712
"564",2025-05-16,28,"Bent Creek","Ozone","Buncombe",35.500102002749,-82.5998603096712
"565",2025-05-17,45,"Bent Creek","Ozone","Buncombe",35.500102002749,-82.5998603096712
"566",2025-05-18,44,"Bent Creek","Ozone","Buncombe",35.500102002749,-82.5998603096712
"567",2025-05-19,31,"Bent Creek","Ozone","Buncombe",35.500102002749,-82.5998603096712
"568",2025-05-20,38,"Bent Creek","Ozone","Buncombe",35.500102002749,-82.5998603096712
"569",2025-05-21,44,"Bent Creek","Ozone","Buncombe",35.500102002749,-82.5998603096712
"570",2025-05-22,51,"Bent Creek","Ozone","Buncombe",35.500102002749,-82.5998603096712
"571",2025-05-23,38,"Bent Creek","Ozone","Buncombe",35.500102002749,-82.5998603096712
"572",2025-05-24,36,"Bent Creek","Ozone","Buncombe",35.500102002749,-82.5998603096712
"573",2025-05-25,33,"Bent Creek","Ozone","Buncombe",35.500102002749,-82.5998603096712
"574",2025-05-26,26,"Bent Creek","Ozone","Buncombe",35.500102002749,-82.5998603096712
"575",2025-05-27,23,"Bent Creek","Ozone","Buncombe",35.500102002749,-82.5998603096712
"576",2025-05-28,26,"Bent Creek","Ozone","Buncombe",35.500102002749,-82.5998603096712
"577",2025-05-29,29,"Bent Creek","Ozone","Buncombe",35.500102002749,-82.5998603096712
"578",2025-05-30,44,"Bent Creek","Ozone","Buncombe",35.500102002749,-82.5998603096712
"579",2025-05-31,49,"Bent Creek","Ozone","Buncombe",35.500102002749,-82.5998603096712
"580",2025-06-01,47,"Bent Creek","Ozone","Buncombe",35.500102002749,-82.5998603096712
"581",2025-06-02,46,"Bent Creek","Ozone","Buncombe",35.500102002749,-82.5998603096712
"582",2025-06-03,58,"Bent Creek","Ozone","Buncombe",35.500102002749,-82.5998603096712
"583",2025-06-04,46,"Bent Creek","Ozone","Buncombe",35.500102002749,-82.5998603096712
"584",2025-06-05,44,"Bent Creek","Ozone","Buncombe",35.500102002749,-82.5998603096712
"585",2025-06-06,36,"Bent Creek","Ozone","Buncombe",35.500102002749,-82.5998603096712
"586",2025-06-07,32,"Bent Creek","Ozone","Buncombe",35.500102002749,-82.5998603096712
"587",2025-06-08,40,"Bent Creek","Ozone","Buncombe",35.500102002749,-82.5998603096712
"588",2025-06-09,40,"Bent Creek","Ozone","Buncombe",35.500102002749,-82.5998603096712
"589",2025-06-10,36,"Bent Creek","Ozone","Buncombe",35.500102002749,-82.5998603096712
"590",2025-06-11,54,"Bent Creek","Ozone","Buncombe",35.500102002749,-82.5998603096712
"591",2025-06-12,32,"Bent Creek","Ozone","Buncombe",35.500102002749,-82.5998603096712
"592",2025-06-13,21,"Bent Creek","Ozone","Buncombe",35.500102002749,-82.5998603096712
"593",2025-06-14,26,"Bent Creek","Ozone","Buncombe",35.500102002749,-82.5998603096712
"594",2025-06-15,25,"Bent Creek","Ozone","Buncombe",35.500102002749,-82.5998603096712
"595",2025-06-16,28,"Bent Creek","Ozone","Buncombe",35.500102002749,-82.5998603096712
"596",2025-06-17,25,"Bent Creek","Ozone","Buncombe",35.500102002749,-82.5998603096712
"597",2025-06-18,28,"Bent Creek","Ozone","Buncombe",35.500102002749,-82.5998603096712
"598",2025-06-19,35,"Bent Creek","Ozone","Buncombe",35.500102002749,-82.5998603096712
"599",2025-06-20,42,"Bent Creek","Ozone","Buncombe",35.500102002749,-82.5998603096712
"600",2025-06-21,41,"Bent Creek","Ozone","Buncombe",35.500102002749,-82.5998603096712
"601",2025-06-22,43,"Bent Creek","Ozone","Buncombe",35.500102002749,-82.5998603096712
"602",2025-06-23,37,"Bent Creek","Ozone","Buncombe",35.500102002749,-82.5998603096712
"603",2025-06-24,37,"Bent Creek","Ozone","Buncombe",35.500102002749,-82.5998603096712
"604",2025-06-25,36,"Bent Creek","Ozone","Buncombe",35.500102002749,-82.5998603096712
"605",2025-06-26,33,"Bent Creek","Ozone","Buncombe",35.500102002749,-82.5998603096712
"606",2025-06-27,42,"Bent Creek","Ozone","Buncombe",35.500102002749,-82.5998603096712
"607",2025-06-28,34,"Bent Creek","Ozone","Buncombe",35.500102002749,-82.5998603096712
"608",2025-06-29,36,"Bent Creek","Ozone","Buncombe",35.500102002749,-82.5998603096712
"609",2025-06-30,33,"Bent Creek","Ozone","Buncombe",35.500102002749,-82.5998603096712
"610",2025-07-01,27,"Bent Creek","Ozone","Buncombe",35.500102002749,-82.5998603096712
"611",2025-07-02,44,"Bent Creek","Ozone","Buncombe",35.500102002749,-82.5998603096712
"612",2025-07-03,46,"Bent Creek","Ozone","Buncombe",35.500102002749,-82.5998603096712
"613",2025-07-04,45,"Bent Creek","Ozone","Buncombe",35.500102002749,-82.5998603096712
"614",2025-07-05,42,"Bent Creek","Ozone","Buncombe",35.500102002749,-82.5998603096712
"615",2025-07-06,35,"Bent Creek","Ozone","Buncombe",35.500102002749,-82.5998603096712
"616",2025-07-07,35,"Bent Creek","Ozone","Buncombe",35.500102002749,-82.5998603096712
"617",2025-07-08,35,"Bent Creek","Ozone","Buncombe",35.500102002749,-82.5998603096712
"618",2025-07-09,31,"Bent Creek","Ozone","Buncombe",35.500102002749,-82.5998603096712
"619",2025-07-10,27,"Bent Creek","Ozone","Buncombe",35.500102002749,-82.5998603096712
"620",2025-07-11,31,"Bent Creek","Ozone","Buncombe",35.500102002749,-82.5998603096712
"621",2025-07-12,30,"Bent Creek","Ozone","Buncombe",35.500102002749,-82.5998603096712
"622",2025-07-13,23,"Bent Creek","Ozone","Buncombe",35.500102002749,-82.5998603096712
"623",2025-07-14,28,"Bent Creek","Ozone","Buncombe",35.500102002749,-82.5998603096712
"624",2025-07-15,32,"Bent Creek","Ozone","Buncombe",35.500102002749,-82.5998603096712
"625",2025-07-16,33,"Bent Creek","Ozone","Buncombe",35.500102002749,-82.5998603096712
"626",2025-07-17,26,"Bent Creek","Ozone","Buncombe",35.500102002749,-82.5998603096712
"627",2025-07-18,24,"Bent Creek","Ozone","Buncombe",35.500102002749,-82.5998603096712
"628",2025-07-19,27,"Bent Creek","Ozone","Buncombe",35.500102002749,-82.5998603096712
"629",2025-07-20,22,"Bent Creek","Ozone","Buncombe",35.500102002749,-82.5998603096712
"630",2025-07-21,27,"Bent Creek","Ozone","Buncombe",35.500102002749,-82.5998603096712
"631",2025-07-22,29,"Bent Creek","Ozone","Buncombe",35.500102002749,-82.5998603096712
"632",2025-07-23,38,"Bent Creek","Ozone","Buncombe",35.500102002749,-82.5998603096712
"633",2025-07-24,40,"Bent Creek","Ozone","Buncombe",35.500102002749,-82.5998603096712
"634",2025-07-25,0,"Bent Creek","Ozone","Buncombe",35.500102002749,-82.5998603096712
"635",2025-07-26,0,"Bent Creek","Ozone","Buncombe",35.500102002749,-82.5998603096712
"636",2025-07-27,0,"Bent Creek","Ozone","Buncombe",35.500102002749,-82.5998603096712
"637",2025-07-28,27,"Bent Creek","Ozone","Buncombe",35.500102002749,-82.5998603096712
"638",2025-07-29,33,"Bent Creek","Ozone","Buncombe",35.500102002749,-82.5998603096712
"639",2025-07-30,38,"Bent Creek","Ozone","Buncombe",35.500102002749,-82.5998603096712
"640",2025-07-31,20,"Bent Creek","Ozone","Buncombe",35.500102002749,-82.5998603096712
"641",2025-08-01,32,"Bent Creek","Ozone","Buncombe",35.500102002749,-82.5998603096712
"642",2025-08-02,21,"Bent Creek","Ozone","Buncombe",35.500102002749,-82.5998603096712
"643",2025-08-03,28,"Bent Creek","Ozone","Buncombe",35.500102002749,-82.5998603096712
"644",2025-08-04,21,"Bent Creek","Ozone","Buncombe",35.500102002749,-82.5998603096712
"645",2025-08-05,27,"Bent Creek","Ozone","Buncombe",35.500102002749,-82.5998603096712
"646",2025-08-06,29,"Bent Creek","Ozone","Buncombe",35.500102002749,-82.5998603096712
"647",2025-08-07,29,"Bent Creek","Ozone","Buncombe",35.500102002749,-82.5998603096712
"648",2025-08-08,32,"Bent Creek","Ozone","Buncombe",35.500102002749,-82.5998603096712
"649",2025-08-09,31,"Bent Creek","Ozone","Buncombe",35.500102002749,-82.5998603096712
"650",2025-08-10,29,"Bent Creek","Ozone","Buncombe",35.500102002749,-82.5998603096712
"651",2025-08-11,19,"Bent Creek","Ozone","Buncombe",35.500102002749,-82.5998603096712
"652",2025-08-12,19,"Bent Creek","Ozone","Buncombe",35.500102002749,-82.5998603096712
"653",2025-08-13,19,"Bent Creek","Ozone","Buncombe",35.500102002749,-82.5998603096712
"654",2025-08-14,29,"Bent Creek","Ozone","Buncombe",35.500102002749,-82.5998603096712
"655",2025-08-15,33,"Bent Creek","Ozone","Buncombe",35.500102002749,-82.5998603096712
"656",2025-08-16,36,"Bent Creek","Ozone","Buncombe",35.500102002749,-82.5998603096712
"657",2025-08-17,31,"Bent Creek","Ozone","Buncombe",35.500102002749,-82.5998603096712
"658",2025-08-18,42,"Bent Creek","Ozone","Buncombe",35.500102002749,-82.5998603096712
"659",2025-08-19,31,"Bent Creek","Ozone","Buncombe",35.500102002749,-82.5998603096712
"660",2025-08-20,30,"Bent Creek","Ozone","Buncombe",35.500102002749,-82.5998603096712
"661",2025-08-21,31,"Bent Creek","Ozone","Buncombe",35.500102002749,-82.5998603096712
"662",2025-08-22,31,"Bent Creek","Ozone","Buncombe",35.500102002749,-82.5998603096712
"663",2025-08-23,27,"Bent Creek","Ozone","Buncombe",35.500102002749,-82.5998603096712
"664",2025-08-24,21,"Bent Creek","Ozone","Buncombe",35.500102002749,-82.5998603096712
"665",2025-08-25,31,"Bent Creek","Ozone","Buncombe",35.500102002749,-82.5998603096712
"666",2025-08-26,35,"Bent Creek","Ozone","Buncombe",35.500102002749,-82.5998603096712
"667",2025-08-27,36,"Bent Creek","Ozone","Buncombe",35.500102002749,-82.5998603096712
"668",2025-08-28,33,"Bent Creek","Ozone","Buncombe",35.500102002749,-82.5998603096712
"669",2025-08-29,37,"Bent Creek","Ozone","Buncombe",35.500102002749,-82.5998603096712
"670",2025-08-30,39,"Bent Creek","Ozone","Buncombe",35.500102002749,-82.5998603096712
"671",2025-08-31,31,"Bent Creek","Ozone","Buncombe",35.500102002749,-82.5998603096712
"672",2025-09-01,36,"Bent Creek","Ozone","Buncombe",35.500102002749,-82.5998603096712
"673",2025-09-02,35,"Bent Creek","Ozone","Buncombe",35.500102002749,-82.5998603096712
"674",2025-09-03,27,"Bent Creek","Ozone","Buncombe",35.500102002749,-82.5998603096712
"675",2025-09-04,31,"Bent Creek","Ozone","Buncombe",35.500102002749,-82.5998603096712
"676",2025-09-05,31,"Bent Creek","Ozone","Buncombe",35.500102002749,-82.5998603096712
"677",2025-09-06,32,"Bent Creek","Ozone","Buncombe",35.500102002749,-82.5998603096712
"678",2025-09-07,33,"Bent Creek","Ozone","Buncombe",35.500102002749,-82.5998603096712
"679",2025-09-08,35,"Bent Creek","Ozone","Buncombe",35.500102002749,-82.5998603096712
"680",2025-09-09,41,"Bent Creek","Ozone","Buncombe",35.500102002749,-82.5998603096712
"681",2025-09-10,41,"Bent Creek","Ozone","Buncombe",35.500102002749,-82.5998603096712
"682",2025-09-11,42,"Bent Creek","Ozone","Buncombe",35.500102002749,-82.5998603096712
"683",2025-09-12,45,"Bent Creek","Ozone","Buncombe",35.500102002749,-82.5998603096712
"684",2025-09-13,44,"Bent Creek","Ozone","Buncombe",35.500102002749,-82.5998603096712
"685",2025-09-14,36,"Bent Creek","Ozone","Buncombe",35.500102002749,-82.5998603096712
"686",2025-09-15,40,"Bent Creek","Ozone","Buncombe",35.500102002749,-82.5998603096712
"687",2025-09-16,32,"Bent Creek","Ozone","Buncombe",35.500102002749,-82.5998603096712
"688",2025-09-17,38,"Bent Creek","Ozone","Buncombe",35.500102002749,-82.5998603096712
"689",2025-09-18,37,"Bent Creek","Ozone","Buncombe",35.500102002749,-82.5998603096712
"690",2025-09-19,44,"Bent Creek","Ozone","Buncombe",35.500102002749,-82.5998603096712
"691",2025-09-20,28,"Bent Creek","Ozone","Buncombe",35.500102002749,-82.5998603096712
"692",2025-09-21,39,"Bent Creek","Ozone","Buncombe",35.500102002749,-82.5998603096712
"693",2025-09-22,38,"Bent Creek","Ozone","Buncombe",35.500102002749,-82.5998603096712
"694",2025-09-23,32,"Bent Creek","Ozone","Buncombe",35.500102002749,-82.5998603096712
"695",2025-09-24,29,"Bent Creek","Ozone","Buncombe",35.500102002749,-82.5998603096712
"696",2025-09-25,20,"Bent Creek","Ozone","Buncombe",35.500102002749,-82.5998603096712
"697",2025-09-26,26,"Bent Creek","Ozone","Buncombe",35.500102002749,-82.5998603096712
"698",2025-09-27,27,"Bent Creek","Ozone","Buncombe",35.500102002749,-82.5998603096712
"699",2025-09-28,31,"Bent Creek","Ozone","Buncombe",35.500102002749,-82.5998603096712
"700",2025-09-29,33,"Bent Creek","Ozone","Buncombe",35.500102002749,-82.5998603096712
"701",2025-09-30,19,"Bent Creek","Ozone","Buncombe",35.500102002749,-82.5998603096712
"702",2025-10-01,42,"Bent Creek","Ozone","Buncombe",35.500102002749,-82.5998603096712
"703",2025-10-02,37,"Bent Creek","Ozone","Buncombe",35.500102002749,-82.5998603096712
"704",2025-10-03,35,"Bent Creek","Ozone","Buncombe",35.500102002749,-82.5998603096712
"705",2025-10-04,36,"Bent Creek","Ozone","Buncombe",35.500102002749,-82.5998603096712
"706",2025-10-05,29,"Bent Creek","Ozone","Buncombe",35.500102002749,-82.5998603096712
"707",2025-10-06,29,"Bent Creek","Ozone","Buncombe",35.500102002749,-82.5998603096712
"708",2025-10-07,27,"Bent Creek","Ozone","Buncombe",35.500102002749,-82.5998603096712
"709",2025-10-08,31,"Bent Creek","Ozone","Buncombe",35.500102002749,-82.5998603096712
"710",2025-10-09,36,"Bent Creek","Ozone","Buncombe",35.500102002749,-82.5998603096712
"711",2025-10-10,36,"Bent Creek","Ozone","Buncombe",35.500102002749,-82.5998603096712
"712",2025-10-11,31,"Bent Creek","Ozone","Buncombe",35.500102002749,-82.5998603096712
"713",2025-10-12,35,"Bent Creek","Ozone","Buncombe",35.500102002749,-82.5998603096712
"714",2025-10-13,36,"Bent Creek","Ozone","Buncombe",35.500102002749,-82.5998603096712
"715",2025-10-14,42,"Bent Creek","Ozone","Buncombe",35.500102002749,-82.5998603096712
"716",2025-10-15,42,"Bent Creek","Ozone","Buncombe",35.500102002749,-82.5998603096712
"717",2025-10-16,39,"Bent Creek","Ozone","Buncombe",35.500102002749,-82.5998603096712
"718",2025-10-17,40,"Bent Creek","Ozone","Buncombe",35.500102002749,-82.5998603096712
"719",2025-10-18,42,"Bent Creek","Ozone","Buncombe",35.500102002749,-82.5998603096712
"720",2025-10-19,33,"Bent Creek","Ozone","Buncombe",35.500102002749,-82.5998603096712
"721",2025-10-20,31,"Bent Creek","Ozone","Buncombe",35.500102002749,-82.5998603096712
"722",2025-10-21,39,"Bent Creek","Ozone","Buncombe",35.500102002749,-82.5998603096712
"723",2025-10-22,36,"Bent Creek","Ozone","Buncombe",35.500102002749,-82.5998603096712
"724",2025-10-23,40,"Bent Creek","Ozone","Buncombe",35.500102002749,-82.5998603096712
"725",2025-10-24,34,"Bent Creek","Ozone","Buncombe",35.500102002749,-82.5998603096712
"726",2025-10-25,36,"Bent Creek","Ozone","Buncombe",35.500102002749,-82.5998603096712
"727",2025-10-26,32,"Bent Creek","Ozone","Buncombe",35.500102002749,-82.5998603096712
"728",2025-10-27,27,"Bent Creek","Ozone","Buncombe",35.500102002749,-82.5998603096712
"729",2025-10-28,32,"Bent Creek","Ozone","Buncombe",35.500102002749,-82.5998603096712
"730",2025-10-29,14,"Bent Creek","Ozone","Buncombe",35.500102002749,-82.5998603096712
"731",2025-10-30,28,"Bent Creek","Ozone","Buncombe",35.500102002749,-82.5998603096712
"732",2025-10-31,33,"Bent Creek","Ozone","Buncombe",35.500102002749,-82.5998603096712
"733",2025-11-01,31,"Bent Creek","Ozone","Buncombe",35.500102002749,-82.5998603096712
"734",2025-11-02,35,"Bent Creek","Ozone","Buncombe",35.500102002749,-82.5998603096712
"735",2025-03-01,46,"Lenoir (city)","Ozone","Caldwell",35.9359000008969,-81.5306
"736",2025-03-02,40,"Lenoir (city)","Ozone","Caldwell",35.9359000008969,-81.5306
"737",2025-03-03,41,"Lenoir (city)","Ozone","Caldwell",35.9359000008969,-81.5306
"738",2025-03-04,39,"Lenoir (city)","Ozone","Caldwell",35.9359000008969,-81.5306
"739",2025-03-05,43,"Lenoir (city)","Ozone","Caldwell",35.9359000008969,-81.5306
"740",2025-03-06,35,"Lenoir (city)","Ozone","Caldwell",35.9359000008969,-81.5306
"741",2025-03-07,32,"Lenoir (city)","Ozone","Caldwell",35.9359000008969,-81.5306
"742",2025-03-08,41,"Lenoir (city)","Ozone","Caldwell",35.9359000008969,-81.5306
"743",2025-03-09,39,"Lenoir (city)","Ozone","Caldwell",35.9359000008969,-81.5306
"744",2025-03-10,39,"Lenoir (city)","Ozone","Caldwell",35.9359000008969,-81.5306
"745",2025-03-11,49,"Lenoir (city)","Ozone","Caldwell",35.9359000008969,-81.5306
"746",2025-03-12,67,"Lenoir (city)","Ozone","Caldwell",35.9359000008969,-81.5306
"747",2025-03-13,50,"Lenoir (city)","Ozone","Caldwell",35.9359000008969,-81.5306
"748",2025-03-14,51,"Lenoir (city)","Ozone","Caldwell",35.9359000008969,-81.5306
"749",2025-03-15,36,"Lenoir (city)","Ozone","Caldwell",35.9359000008969,-81.5306
"750",2025-03-16,43,"Lenoir (city)","Ozone","Caldwell",35.9359000008969,-81.5306
"751",2025-03-17,32,"Lenoir (city)","Ozone","Caldwell",35.9359000008969,-81.5306
"752",2025-03-18,44,"Lenoir (city)","Ozone","Caldwell",35.9359000008969,-81.5306
"753",2025-03-19,50,"Lenoir (city)","Ozone","Caldwell",35.9359000008969,-81.5306
"754",2025-03-20,37,"Lenoir (city)","Ozone","Caldwell",35.9359000008969,-81.5306
"755",2025-03-21,44,"Lenoir (city)","Ozone","Caldwell",35.9359000008969,-81.5306
"756",2025-03-22,48,"Lenoir (city)","Ozone","Caldwell",35.9359000008969,-81.5306
"757",2025-03-23,49,"Lenoir (city)","Ozone","Caldwell",35.9359000008969,-81.5306
"758",2025-03-24,43,"Lenoir (city)","Ozone","Caldwell",35.9359000008969,-81.5306
"759",2025-03-25,48,"Lenoir (city)","Ozone","Caldwell",35.9359000008969,-81.5306
"760",2025-03-26,45,"Lenoir (city)","Ozone","Caldwell",35.9359000008969,-81.5306
"761",2025-03-27,50,"Lenoir (city)","Ozone","Caldwell",35.9359000008969,-81.5306
"762",2025-03-28,74,"Lenoir (city)","Ozone","Caldwell",35.9359000008969,-81.5306
"763",2025-03-29,44,"Lenoir (city)","Ozone","Caldwell",35.9359000008969,-81.5306
"764",2025-03-30,38,"Lenoir (city)","Ozone","Caldwell",35.9359000008969,-81.5306
"765",2025-03-31,31,"Lenoir (city)","Ozone","Caldwell",35.9359000008969,-81.5306
"766",2025-04-01,35,"Lenoir (city)","Ozone","Caldwell",35.9359000008969,-81.5306
"767",2025-04-02,18,"Lenoir (city)","Ozone","Caldwell",35.9359000008969,-81.5306
"768",2025-04-03,30,"Lenoir (city)","Ozone","Caldwell",35.9359000008969,-81.5306
"769",2025-04-04,34,"Lenoir (city)","Ozone","Caldwell",35.9359000008969,-81.5306
"770",2025-04-05,39,"Lenoir (city)","Ozone","Caldwell",35.9359000008969,-81.5306
"771",2025-04-06,42,"Lenoir (city)","Ozone","Caldwell",35.9359000008969,-81.5306
"772",2025-04-07,32,"Lenoir (city)","Ozone","Caldwell",35.9359000008969,-81.5306
"773",2025-04-08,49,"Lenoir (city)","Ozone","Caldwell",35.9359000008969,-81.5306
"774",2025-04-09,46,"Lenoir (city)","Ozone","Caldwell",35.9359000008969,-81.5306
"775",2025-04-10,26,"Lenoir (city)","Ozone","Caldwell",35.9359000008969,-81.5306
"776",2025-04-11,43,"Lenoir (city)","Ozone","Caldwell",35.9359000008969,-81.5306
"777",2025-04-12,41,"Lenoir (city)","Ozone","Caldwell",35.9359000008969,-81.5306
"778",2025-04-13,46,"Lenoir (city)","Ozone","Caldwell",35.9359000008969,-81.5306
"779",2025-04-14,64,"Lenoir (city)","Ozone","Caldwell",35.9359000008969,-81.5306
"780",2025-04-15,44,"Lenoir (city)","Ozone","Caldwell",35.9359000008969,-81.5306
"781",2025-04-16,47,"Lenoir (city)","Ozone","Caldwell",35.9359000008969,-81.5306
"782",2025-04-17,54,"Lenoir (city)","Ozone","Caldwell",35.9359000008969,-81.5306
"783",2025-04-18,77,"Lenoir (city)","Ozone","Caldwell",35.9359000008969,-81.5306
"784",2025-04-19,46,"Lenoir (city)","Ozone","Caldwell",35.9359000008969,-81.5306
"785",2025-04-20,45,"Lenoir (city)","Ozone","Caldwell",35.9359000008969,-81.5306
"786",2025-04-21,45,"Lenoir (city)","Ozone","Caldwell",35.9359000008969,-81.5306
"787",2025-04-22,31,"Lenoir (city)","Ozone","Caldwell",35.9359000008969,-81.5306
"788",2025-04-23,44,"Lenoir (city)","Ozone","Caldwell",35.9359000008969,-81.5306
"789",2025-04-24,29,"Lenoir (city)","Ozone","Caldwell",35.9359000008969,-81.5306
"790",2025-04-25,34,"Lenoir (city)","Ozone","Caldwell",35.9359000008969,-81.5306
"791",2025-04-26,40,"Lenoir (city)","Ozone","Caldwell",35.9359000008969,-81.5306
"792",2025-04-27,45,"Lenoir (city)","Ozone","Caldwell",35.9359000008969,-81.5306
"793",2025-04-28,61,"Lenoir (city)","Ozone","Caldwell",35.9359000008969,-81.5306
"794",2025-04-29,44,"Lenoir (city)","Ozone","Caldwell",35.9359000008969,-81.5306
"795",2025-04-30,35,"Lenoir (city)","Ozone","Caldwell",35.9359000008969,-81.5306
"796",2025-05-01,37,"Lenoir (city)","Ozone","Caldwell",35.9359000008969,-81.5306
"797",2025-05-02,42,"Lenoir (city)","Ozone","Caldwell",35.9359000008969,-81.5306
"798",2025-05-03,36,"Lenoir (city)","Ozone","Caldwell",35.9359000008969,-81.5306
"799",2025-05-04,40,"Lenoir (city)","Ozone","Caldwell",35.9359000008969,-81.5306
"800",2025-05-05,40,"Lenoir (city)","Ozone","Caldwell",35.9359000008969,-81.5306
"801",2025-05-06,42,"Lenoir (city)","Ozone","Caldwell",35.9359000008969,-81.5306
"802",2025-05-07,39,"Lenoir (city)","Ozone","Caldwell",35.9359000008969,-81.5306
"803",2025-05-08,37,"Lenoir (city)","Ozone","Caldwell",35.9359000008969,-81.5306
"804",2025-05-09,45,"Lenoir (city)","Ozone","Caldwell",35.9359000008969,-81.5306
"805",2025-05-10,40,"Lenoir (city)","Ozone","Caldwell",35.9359000008969,-81.5306
"806",2025-05-11,31,"Lenoir (city)","Ozone","Caldwell",35.9359000008969,-81.5306
"807",2025-05-12,23,"Lenoir (city)","Ozone","Caldwell",35.9359000008969,-81.5306
"808",2025-05-13,42,"Lenoir (city)","Ozone","Caldwell",35.9359000008969,-81.5306
"809",2025-05-14,36,"Lenoir (city)","Ozone","Caldwell",35.9359000008969,-81.5306
"810",2025-05-15,43,"Lenoir (city)","Ozone","Caldwell",35.9359000008969,-81.5306
"811",2025-05-16,31,"Lenoir (city)","Ozone","Caldwell",35.9359000008969,-81.5306
"812",2025-05-17,46,"Lenoir (city)","Ozone","Caldwell",35.9359000008969,-81.5306
"813",2025-05-18,44,"Lenoir (city)","Ozone","Caldwell",35.9359000008969,-81.5306
"814",2025-05-19,39,"Lenoir (city)","Ozone","Caldwell",35.9359000008969,-81.5306
"815",2025-05-20,44,"Lenoir (city)","Ozone","Caldwell",35.9359000008969,-81.5306
"816",2025-05-21,44,"Lenoir (city)","Ozone","Caldwell",35.9359000008969,-81.5306
"817",2025-05-22,49,"Lenoir (city)","Ozone","Caldwell",35.9359000008969,-81.5306
"818",2025-05-23,40,"Lenoir (city)","Ozone","Caldwell",35.9359000008969,-81.5306
"819",2025-05-24,39,"Lenoir (city)","Ozone","Caldwell",35.9359000008969,-81.5306
"820",2025-05-25,39,"Lenoir (city)","Ozone","Caldwell",35.9359000008969,-81.5306
"821",2025-05-26,25,"Lenoir (city)","Ozone","Caldwell",35.9359000008969,-81.5306
"822",2025-05-27,28,"Lenoir (city)","Ozone","Caldwell",35.9359000008969,-81.5306
"823",2025-05-28,26,"Lenoir (city)","Ozone","Caldwell",35.9359000008969,-81.5306
"824",2025-05-29,26,"Lenoir (city)","Ozone","Caldwell",35.9359000008969,-81.5306
"825",2025-05-30,42,"Lenoir (city)","Ozone","Caldwell",35.9359000008969,-81.5306
"826",2025-05-31,46,"Lenoir (city)","Ozone","Caldwell",35.9359000008969,-81.5306
"827",2025-06-01,38,"Lenoir (city)","Ozone","Caldwell",35.9359000008969,-81.5306
"828",2025-06-02,43,"Lenoir (city)","Ozone","Caldwell",35.9359000008969,-81.5306
"829",2025-06-03,45,"Lenoir (city)","Ozone","Caldwell",35.9359000008969,-81.5306
"830",2025-06-04,49,"Lenoir (city)","Ozone","Caldwell",35.9359000008969,-81.5306
"831",2025-06-05,32,"Lenoir (city)","Ozone","Caldwell",35.9359000008969,-81.5306
"832",2025-06-06,34,"Lenoir (city)","Ozone","Caldwell",35.9359000008969,-81.5306
"833",2025-06-07,37,"Lenoir (city)","Ozone","Caldwell",35.9359000008969,-81.5306
"834",2025-06-08,38,"Lenoir (city)","Ozone","Caldwell",35.9359000008969,-81.5306
"835",2025-06-09,42,"Lenoir (city)","Ozone","Caldwell",35.9359000008969,-81.5306
"836",2025-06-10,38,"Lenoir (city)","Ozone","Caldwell",35.9359000008969,-81.5306
"837",2025-06-11,43,"Lenoir (city)","Ozone","Caldwell",35.9359000008969,-81.5306
"838",2025-06-12,46,"Lenoir (city)","Ozone","Caldwell",35.9359000008969,-81.5306
"839",2025-06-13,27,"Lenoir (city)","Ozone","Caldwell",35.9359000008969,-81.5306
"840",2025-06-14,27,"Lenoir (city)","Ozone","Caldwell",35.9359000008969,-81.5306
"841",2025-06-15,23,"Lenoir (city)","Ozone","Caldwell",35.9359000008969,-81.5306
"842",2025-06-16,25,"Lenoir (city)","Ozone","Caldwell",35.9359000008969,-81.5306
"843",2025-06-17,28,"Lenoir (city)","Ozone","Caldwell",35.9359000008969,-81.5306
"844",2025-06-18,32,"Lenoir (city)","Ozone","Caldwell",35.9359000008969,-81.5306
"845",2025-06-19,21,"Lenoir (city)","Ozone","Caldwell",35.9359000008969,-81.5306
"846",2025-06-20,49,"Lenoir (city)","Ozone","Caldwell",35.9359000008969,-81.5306
"847",2025-06-21,39,"Lenoir (city)","Ozone","Caldwell",35.9359000008969,-81.5306
"848",2025-06-22,37,"Lenoir (city)","Ozone","Caldwell",35.9359000008969,-81.5306
"849",2025-06-23,38,"Lenoir (city)","Ozone","Caldwell",35.9359000008969,-81.5306
"850",2025-06-24,36,"Lenoir (city)","Ozone","Caldwell",35.9359000008969,-81.5306
"851",2025-06-25,36,"Lenoir (city)","Ozone","Caldwell",35.9359000008969,-81.5306
"852",2025-06-26,38,"Lenoir (city)","Ozone","Caldwell",35.9359000008969,-81.5306
"853",2025-06-27,42,"Lenoir (city)","Ozone","Caldwell",35.9359000008969,-81.5306
"854",2025-06-28,32,"Lenoir (city)","Ozone","Caldwell",35.9359000008969,-81.5306
"855",2025-06-29,35,"Lenoir (city)","Ozone","Caldwell",35.9359000008969,-81.5306
"856",2025-06-30,40,"Lenoir (city)","Ozone","Caldwell",35.9359000008969,-81.5306
"857",2025-07-01,32,"Lenoir (city)","Ozone","Caldwell",35.9359000008969,-81.5306
"858",2025-07-02,39,"Lenoir (city)","Ozone","Caldwell",35.9359000008969,-81.5306
"859",2025-07-03,44,"Lenoir (city)","Ozone","Caldwell",35.9359000008969,-81.5306
"860",2025-07-04,44,"Lenoir (city)","Ozone","Caldwell",35.9359000008969,-81.5306
"861",2025-07-05,42,"Lenoir (city)","Ozone","Caldwell",35.9359000008969,-81.5306
"862",2025-07-06,30,"Lenoir (city)","Ozone","Caldwell",35.9359000008969,-81.5306
"863",2025-07-07,36,"Lenoir (city)","Ozone","Caldwell",35.9359000008969,-81.5306
"864",2025-07-08,36,"Lenoir (city)","Ozone","Caldwell",35.9359000008969,-81.5306
"865",2025-07-09,37,"Lenoir (city)","Ozone","Caldwell",35.9359000008969,-81.5306
"866",2025-07-10,29,"Lenoir (city)","Ozone","Caldwell",35.9359000008969,-81.5306
"867",2025-07-11,34,"Lenoir (city)","Ozone","Caldwell",35.9359000008969,-81.5306
"868",2025-07-12,31,"Lenoir (city)","Ozone","Caldwell",35.9359000008969,-81.5306
"869",2025-07-13,22,"Lenoir (city)","Ozone","Caldwell",35.9359000008969,-81.5306
"870",2025-07-14,31,"Lenoir (city)","Ozone","Caldwell",35.9359000008969,-81.5306
"871",2025-07-15,30,"Lenoir (city)","Ozone","Caldwell",35.9359000008969,-81.5306
"872",2025-07-16,35,"Lenoir (city)","Ozone","Caldwell",35.9359000008969,-81.5306
"873",2025-07-17,31,"Lenoir (city)","Ozone","Caldwell",35.9359000008969,-81.5306
"874",2025-07-18,31,"Lenoir (city)","Ozone","Caldwell",35.9359000008969,-81.5306
"875",2025-07-19,31,"Lenoir (city)","Ozone","Caldwell",35.9359000008969,-81.5306
"876",2025-07-20,29,"Lenoir (city)","Ozone","Caldwell",35.9359000008969,-81.5306
"877",2025-07-21,31,"Lenoir (city)","Ozone","Caldwell",35.9359000008969,-81.5306
"878",2025-07-22,29,"Lenoir (city)","Ozone","Caldwell",35.9359000008969,-81.5306
"879",2025-07-23,45,"Lenoir (city)","Ozone","Caldwell",35.9359000008969,-81.5306
"880",2025-07-24,43,"Lenoir (city)","Ozone","Caldwell",35.9359000008969,-81.5306
"881",2025-07-25,31,"Lenoir (city)","Ozone","Caldwell",35.9359000008969,-81.5306
"882",2025-07-26,35,"Lenoir (city)","Ozone","Caldwell",35.9359000008969,-81.5306
"883",2025-07-27,27,"Lenoir (city)","Ozone","Caldwell",35.9359000008969,-81.5306
"884",2025-07-28,27,"Lenoir (city)","Ozone","Caldwell",35.9359000008969,-81.5306
"885",2025-07-29,32,"Lenoir (city)","Ozone","Caldwell",35.9359000008969,-81.5306
"886",2025-07-30,41,"Lenoir (city)","Ozone","Caldwell",35.9359000008969,-81.5306
"887",2025-07-31,29,"Lenoir (city)","Ozone","Caldwell",35.9359000008969,-81.5306
"888",2025-08-01,32,"Lenoir (city)","Ozone","Caldwell",35.9359000008969,-81.5306
"889",2025-08-02,26,"Lenoir (city)","Ozone","Caldwell",35.9359000008969,-81.5306
"890",2025-08-03,23,"Lenoir (city)","Ozone","Caldwell",35.9359000008969,-81.5306
"891",2025-08-04,30,"Lenoir (city)","Ozone","Caldwell",35.9359000008969,-81.5306
"892",2025-08-05,26,"Lenoir (city)","Ozone","Caldwell",35.9359000008969,-81.5306
"893",2025-08-06,26,"Lenoir (city)","Ozone","Caldwell",35.9359000008969,-81.5306
"894",2025-08-07,30,"Lenoir (city)","Ozone","Caldwell",35.9359000008969,-81.5306
"895",2025-08-08,31,"Lenoir (city)","Ozone","Caldwell",35.9359000008969,-81.5306
"896",2025-08-09,33,"Lenoir (city)","Ozone","Caldwell",35.9359000008969,-81.5306
"897",2025-08-10,27,"Lenoir (city)","Ozone","Caldwell",35.9359000008969,-81.5306
"898",2025-08-11,15,"Lenoir (city)","Ozone","Caldwell",35.9359000008969,-81.5306
"899",2025-08-12,19,"Lenoir (city)","Ozone","Caldwell",35.9359000008969,-81.5306
"900",2025-08-13,20,"Lenoir (city)","Ozone","Caldwell",35.9359000008969,-81.5306
"901",2025-08-14,26,"Lenoir (city)","Ozone","Caldwell",35.9359000008969,-81.5306
"902",2025-08-15,32,"Lenoir (city)","Ozone","Caldwell",35.9359000008969,-81.5306
"903",2025-08-16,34,"Lenoir (city)","Ozone","Caldwell",35.9359000008969,-81.5306
"904",2025-08-17,32,"Lenoir (city)","Ozone","Caldwell",35.9359000008969,-81.5306
"905",2025-08-18,37,"Lenoir (city)","Ozone","Caldwell",35.9359000008969,-81.5306
"906",2025-08-19,30,"Lenoir (city)","Ozone","Caldwell",35.9359000008969,-81.5306
"907",2025-08-20,31,"Lenoir (city)","Ozone","Caldwell",35.9359000008969,-81.5306
"908",2025-08-21,31,"Lenoir (city)","Ozone","Caldwell",35.9359000008969,-81.5306
"909",2025-08-22,27,"Lenoir (city)","Ozone","Caldwell",35.9359000008969,-81.5306
"910",2025-08-23,27,"Lenoir (city)","Ozone","Caldwell",35.9359000008969,-81.5306
"911",2025-08-24,27,"Lenoir (city)","Ozone","Caldwell",35.9359000008969,-81.5306
"912",2025-08-25,35,"Lenoir (city)","Ozone","Caldwell",35.9359000008969,-81.5306
"913",2025-08-26,35,"Lenoir (city)","Ozone","Caldwell",35.9359000008969,-81.5306
"914",2025-08-27,36,"Lenoir (city)","Ozone","Caldwell",35.9359000008969,-81.5306
"915",2025-08-28,39,"Lenoir (city)","Ozone","Caldwell",35.9359000008969,-81.5306
"916",2025-08-29,39,"Lenoir (city)","Ozone","Caldwell",35.9359000008969,-81.5306
"917",2025-08-30,35,"Lenoir (city)","Ozone","Caldwell",35.9359000008969,-81.5306
"918",2025-08-31,31,"Lenoir (city)","Ozone","Caldwell",35.9359000008969,-81.5306
"919",2025-09-01,36,"Lenoir (city)","Ozone","Caldwell",35.9359000008969,-81.5306
"920",2025-09-02,33,"Lenoir (city)","Ozone","Caldwell",35.9359000008969,-81.5306
"921",2025-09-03,29,"Lenoir (city)","Ozone","Caldwell",35.9359000008969,-81.5306
"922",2025-09-04,30,"Lenoir (city)","Ozone","Caldwell",35.9359000008969,-81.5306
"923",2025-09-05,32,"Lenoir (city)","Ozone","Caldwell",35.9359000008969,-81.5306
"924",2025-09-06,33,"Lenoir (city)","Ozone","Caldwell",35.9359000008969,-81.5306
"925",2025-09-07,29,"Lenoir (city)","Ozone","Caldwell",35.9359000008969,-81.5306
"926",2025-09-08,36,"Lenoir (city)","Ozone","Caldwell",35.9359000008969,-81.5306
"927",2025-09-09,41,"Lenoir (city)","Ozone","Caldwell",35.9359000008969,-81.5306
"928",2025-09-10,37,"Lenoir (city)","Ozone","Caldwell",35.9359000008969,-81.5306
"929",2025-09-11,42,"Lenoir (city)","Ozone","Caldwell",35.9359000008969,-81.5306
"930",2025-09-12,44,"Lenoir (city)","Ozone","Caldwell",35.9359000008969,-81.5306
"931",2025-09-13,46,"Lenoir (city)","Ozone","Caldwell",35.9359000008969,-81.5306
"932",2025-09-14,44,"Lenoir (city)","Ozone","Caldwell",35.9359000008969,-81.5306
"933",2025-09-15,39,"Lenoir (city)","Ozone","Caldwell",35.9359000008969,-81.5306
"934",2025-09-16,35,"Lenoir (city)","Ozone","Caldwell",35.9359000008969,-81.5306
"935",2025-09-17,37,"Lenoir (city)","Ozone","Caldwell",35.9359000008969,-81.5306
"936",2025-09-18,47,"Lenoir (city)","Ozone","Caldwell",35.9359000008969,-81.5306
"937",2025-09-19,48,"Lenoir (city)","Ozone","Caldwell",35.9359000008969,-81.5306
"938",2025-09-20,44,"Lenoir (city)","Ozone","Caldwell",35.9359000008969,-81.5306
"939",2025-09-21,41,"Lenoir (city)","Ozone","Caldwell",35.9359000008969,-81.5306
"940",2025-09-22,41,"Lenoir (city)","Ozone","Caldwell",35.9359000008969,-81.5306
"941",2025-09-23,40,"Lenoir (city)","Ozone","Caldwell",35.9359000008969,-81.5306
"942",2025-09-24,33,"Lenoir (city)","Ozone","Caldwell",35.9359000008969,-81.5306
"943",2025-09-25,24,"Lenoir (city)","Ozone","Caldwell",35.9359000008969,-81.5306
"944",2025-09-26,31,"Lenoir (city)","Ozone","Caldwell",35.9359000008969,-81.5306
"945",2025-09-27,33,"Lenoir (city)","Ozone","Caldwell",35.9359000008969,-81.5306
"946",2025-09-28,31,"Lenoir (city)","Ozone","Caldwell",35.9359000008969,-81.5306
"947",2025-09-29,31,"Lenoir (city)","Ozone","Caldwell",35.9359000008969,-81.5306
"948",2025-09-30,28,"Lenoir (city)","Ozone","Caldwell",35.9359000008969,-81.5306
"949",2025-10-01,44,"Lenoir (city)","Ozone","Caldwell",35.9359000008969,-81.5306
"950",2025-10-02,37,"Lenoir (city)","Ozone","Caldwell",35.9359000008969,-81.5306
"951",2025-10-03,30,"Lenoir (city)","Ozone","Caldwell",35.9359000008969,-81.5306
"952",2025-10-04,36,"Lenoir (city)","Ozone","Caldwell",35.9359000008969,-81.5306
"953",2025-10-05,27,"Lenoir (city)","Ozone","Caldwell",35.9359000008969,-81.5306
"954",2025-10-06,32,"Lenoir (city)","Ozone","Caldwell",35.9359000008969,-81.5306
"955",2025-10-07,29,"Lenoir (city)","Ozone","Caldwell",35.9359000008969,-81.5306
"956",2025-10-08,32,"Lenoir (city)","Ozone","Caldwell",35.9359000008969,-81.5306
"957",2025-10-09,35,"Lenoir (city)","Ozone","Caldwell",35.9359000008969,-81.5306
"958",2025-10-10,31,"Lenoir (city)","Ozone","Caldwell",35.9359000008969,-81.5306
"959",2025-10-11,31,"Lenoir (city)","Ozone","Caldwell",35.9359000008969,-81.5306
"960",2025-10-12,30,"Lenoir (city)","Ozone","Caldwell",35.9359000008969,-81.5306
"961",2025-10-13,31,"Lenoir (city)","Ozone","Caldwell",35.9359000008969,-81.5306
"962",2025-10-14,35,"Lenoir (city)","Ozone","Caldwell",35.9359000008969,-81.5306
"963",2025-10-15,38,"Lenoir (city)","Ozone","Caldwell",35.9359000008969,-81.5306
"964",2025-10-16,38,"Lenoir (city)","Ozone","Caldwell",35.9359000008969,-81.5306
"965",2025-10-17,40,"Lenoir (city)","Ozone","Caldwell",35.9359000008969,-81.5306
"966",2025-10-18,42,"Lenoir (city)","Ozone","Caldwell",35.9359000008969,-81.5306
"967",2025-10-19,31,"Lenoir (city)","Ozone","Caldwell",35.9359000008969,-81.5306
"968",2025-10-20,31,"Lenoir (city)","Ozone","Caldwell",35.9359000008969,-81.5306
"969",2025-10-21,39,"Lenoir (city)","Ozone","Caldwell",35.9359000008969,-81.5306
"970",2025-10-22,38,"Lenoir (city)","Ozone","Caldwell",35.9359000008969,-81.5306
"971",2025-10-23,37,"Lenoir (city)","Ozone","Caldwell",35.9359000008969,-81.5306
"972",2025-10-24,35,"Lenoir (city)","Ozone","Caldwell",35.9359000008969,-81.5306
"973",2025-10-25,32,"Lenoir (city)","Ozone","Caldwell",35.9359000008969,-81.5306
"974",2025-10-26,31,"Lenoir (city)","Ozone","Caldwell",35.9359000008969,-81.5306
"975",2025-10-27,30,"Lenoir (city)","Ozone","Caldwell",35.9359000008969,-81.5306
"976",2025-10-28,32,"Lenoir (city)","Ozone","Caldwell",35.9359000008969,-81.5306
"977",2025-10-29,13,"Lenoir (city)","Ozone","Caldwell",35.9359000008969,-81.5306
"978",2025-10-30,23,"Lenoir (city)","Ozone","Caldwell",35.9359000008969,-81.5306
"979",2025-10-31,32,"Lenoir (city)","Ozone","Caldwell",35.9359000008969,-81.5306
"980",2025-11-01,32,"Lenoir (city)","Ozone","Caldwell",35.9359000008969,-81.5306
"981",2025-11-02,33,"Lenoir (city)","Ozone","Caldwell",35.9359000008969,-81.5306
"982",2025-01-01,32,"Beaufort","Ozone","Carteret",34.8848,-76.6203
"983",2025-01-02,29,"Beaufort","Ozone","Carteret",34.8848,-76.6203
"984",2025-01-03,34,"Beaufort","Ozone","Carteret",34.8848,-76.6203
"985",2025-01-04,31,"Beaufort","Ozone","Carteret",34.8848,-76.6203
"986",2025-01-05,35,"Beaufort","Ozone","Carteret",34.8848,-76.6203
"987",2025-01-06,39,"Beaufort","Ozone","Carteret",34.8848,-76.6203
"988",2025-01-09,34,"Beaufort","Ozone","Carteret",34.8848,-76.6203
"989",2025-01-10,31,"Beaufort","Ozone","Carteret",34.8848,-76.6203
"990",2025-01-12,30,"Beaufort","Ozone","Carteret",34.8848,-76.6203
"991",2025-01-13,33,"Beaufort","Ozone","Carteret",34.8848,-76.6203
"992",2025-01-14,38,"Beaufort","Ozone","Carteret",34.8848,-76.6203
"993",2025-01-15,33,"Beaufort","Ozone","Carteret",34.8848,-76.6203
"994",2025-01-16,40,"Beaufort","Ozone","Carteret",34.8848,-76.6203
"995",2025-01-17,34,"Beaufort","Ozone","Carteret",34.8848,-76.6203
"996",2025-01-18,30,"Beaufort","Ozone","Carteret",34.8848,-76.6203
"997",2025-01-19,33,"Beaufort","Ozone","Carteret",34.8848,-76.6203
"998",2025-01-20,32,"Beaufort","Ozone","Carteret",34.8848,-76.6203
"999",2025-01-21,31,"Beaufort","Ozone","Carteret",34.8848,-76.6203
"1000",2025-01-22,33,"Beaufort","Ozone","Carteret",34.8848,-76.6203
"1001",2025-01-23,34,"Beaufort","Ozone","Carteret",34.8848,-76.6203
"1002",2025-01-24,33,"Beaufort","Ozone","Carteret",34.8848,-76.6203
"1003",2025-01-25,39,"Beaufort","Ozone","Carteret",34.8848,-76.6203
"1004",2025-01-26,42,"Beaufort","Ozone","Carteret",34.8848,-76.6203
"1005",2025-01-27,38,"Beaufort","Ozone","Carteret",34.8848,-76.6203
"1006",2025-01-28,35,"Beaufort","Ozone","Carteret",34.8848,-76.6203
"1007",2025-01-29,37,"Beaufort","Ozone","Carteret",34.8848,-76.6203
"1008",2025-01-30,38,"Beaufort","Ozone","Carteret",34.8848,-76.6203
"1009",2025-01-31,42,"Beaufort","Ozone","Carteret",34.8848,-76.6203
"1010",2025-02-01,35,"Beaufort","Ozone","Carteret",34.8848,-76.6203
"1011",2025-02-02,36,"Beaufort","Ozone","Carteret",34.8848,-76.6203
"1012",2025-02-03,32,"Beaufort","Ozone","Carteret",34.8848,-76.6203
"1013",2025-02-04,42,"Beaufort","Ozone","Carteret",34.8848,-76.6203
"1014",2025-02-05,35,"Beaufort","Ozone","Carteret",34.8848,-76.6203
"1015",2025-02-06,34,"Beaufort","Ozone","Carteret",34.8848,-76.6203
"1016",2025-02-07,33,"Beaufort","Ozone","Carteret",34.8848,-76.6203
"1017",2025-02-08,31,"Beaufort","Ozone","Carteret",34.8848,-76.6203
"1018",2025-02-09,34,"Beaufort","Ozone","Carteret",34.8848,-76.6203
"1019",2025-02-10,36,"Beaufort","Ozone","Carteret",34.8848,-76.6203
"1020",2025-02-11,37,"Beaufort","Ozone","Carteret",34.8848,-76.6203
"1021",2025-02-12,33,"Beaufort","Ozone","Carteret",34.8848,-76.6203
"1022",2025-02-13,25,"Beaufort","Ozone","Carteret",34.8848,-76.6203
"1023",2025-02-14,37,"Beaufort","Ozone","Carteret",34.8848,-76.6203
"1024",2025-02-15,44,"Beaufort","Ozone","Carteret",34.8848,-76.6203
"1025",2025-02-16,35,"Beaufort","Ozone","Carteret",34.8848,-76.6203
"1026",2025-02-17,38,"Beaufort","Ozone","Carteret",34.8848,-76.6203
"1027",2025-02-18,38,"Beaufort","Ozone","Carteret",34.8848,-76.6203
"1028",2025-02-19,33,"Beaufort","Ozone","Carteret",34.8848,-76.6203
"1029",2025-02-20,32,"Beaufort","Ozone","Carteret",34.8848,-76.6203
"1030",2025-02-21,36,"Beaufort","Ozone","Carteret",34.8848,-76.6203
"1031",2025-02-22,40,"Beaufort","Ozone","Carteret",34.8848,-76.6203
"1032",2025-02-23,44,"Beaufort","Ozone","Carteret",34.8848,-76.6203
"1033",2025-02-24,45,"Beaufort","Ozone","Carteret",34.8848,-76.6203
"1034",2025-02-25,48,"Beaufort","Ozone","Carteret",34.8848,-76.6203
"1035",2025-02-26,51,"Beaufort","Ozone","Carteret",34.8848,-76.6203
"1036",2025-02-27,77,"Beaufort","Ozone","Carteret",34.8848,-76.6203
"1037",2025-02-28,46,"Beaufort","Ozone","Carteret",34.8848,-76.6203
"1038",2025-03-01,64,"Beaufort","Ozone","Carteret",34.8848,-76.6203
"1039",2025-03-02,39,"Beaufort","Ozone","Carteret",34.8848,-76.6203
"1040",2025-03-03,42,"Beaufort","Ozone","Carteret",34.8848,-76.6203
"1041",2025-03-04,44,"Beaufort","Ozone","Carteret",34.8848,-76.6203
"1042",2025-03-05,43,"Beaufort","Ozone","Carteret",34.8848,-76.6203
"1043",2025-03-06,34,"Beaufort","Ozone","Carteret",34.8848,-76.6203
"1044",2025-03-07,43,"Beaufort","Ozone","Carteret",34.8848,-76.6203
"1045",2025-03-08,44,"Beaufort","Ozone","Carteret",34.8848,-76.6203
"1046",2025-03-09,41,"Beaufort","Ozone","Carteret",34.8848,-76.6203
"1047",2025-03-10,44,"Beaufort","Ozone","Carteret",34.8848,-76.6203
"1048",2025-03-11,44,"Beaufort","Ozone","Carteret",34.8848,-76.6203
"1049",2025-03-12,80,"Beaufort","Ozone","Carteret",34.8848,-76.6203
"1050",2025-03-13,71,"Beaufort","Ozone","Carteret",34.8848,-76.6203
"1051",2025-03-14,39,"Beaufort","Ozone","Carteret",34.8848,-76.6203
"1052",2025-03-15,38,"Beaufort","Ozone","Carteret",34.8848,-76.6203
"1053",2025-03-16,38,"Beaufort","Ozone","Carteret",34.8848,-76.6203
"1054",2025-03-17,34,"Beaufort","Ozone","Carteret",34.8848,-76.6203
"1055",2025-03-18,41,"Beaufort","Ozone","Carteret",34.8848,-76.6203
"1056",2025-03-19,44,"Beaufort","Ozone","Carteret",34.8848,-76.6203
"1057",2025-03-20,61,"Beaufort","Ozone","Carteret",34.8848,-76.6203
"1058",2025-03-21,39,"Beaufort","Ozone","Carteret",34.8848,-76.6203
"1059",2025-03-22,58,"Beaufort","Ozone","Carteret",34.8848,-76.6203
"1060",2025-03-23,41,"Beaufort","Ozone","Carteret",34.8848,-76.6203
"1061",2025-03-24,51,"Beaufort","Ozone","Carteret",34.8848,-76.6203
"1062",2025-03-25,48,"Beaufort","Ozone","Carteret",34.8848,-76.6203
"1063",2025-03-26,46,"Beaufort","Ozone","Carteret",34.8848,-76.6203
"1064",2025-03-27,46,"Beaufort","Ozone","Carteret",34.8848,-76.6203
"1065",2025-03-28,50,"Beaufort","Ozone","Carteret",34.8848,-76.6203
"1066",2025-03-29,44,"Beaufort","Ozone","Carteret",34.8848,-76.6203
"1067",2025-03-30,43,"Beaufort","Ozone","Carteret",34.8848,-76.6203
"1068",2025-03-31,36,"Beaufort","Ozone","Carteret",34.8848,-76.6203
"1069",2025-04-01,35,"Beaufort","Ozone","Carteret",34.8848,-76.6203
"1070",2025-04-02,41,"Beaufort","Ozone","Carteret",34.8848,-76.6203
"1071",2025-04-03,26,"Beaufort","Ozone","Carteret",34.8848,-76.6203
"1072",2025-04-04,26,"Beaufort","Ozone","Carteret",34.8848,-76.6203
"1073",2025-04-05,31,"Beaufort","Ozone","Carteret",34.8848,-76.6203
"1074",2025-04-06,31,"Beaufort","Ozone","Carteret",34.8848,-76.6203
"1075",2025-04-07,35,"Beaufort","Ozone","Carteret",34.8848,-76.6203
"1076",2025-04-08,41,"Beaufort","Ozone","Carteret",34.8848,-76.6203
"1077",2025-04-09,44,"Beaufort","Ozone","Carteret",34.8848,-76.6203
"1078",2025-04-10,45,"Beaufort","Ozone","Carteret",34.8848,-76.6203
"1079",2025-04-11,46,"Beaufort","Ozone","Carteret",34.8848,-76.6203
"1080",2025-04-12,35,"Beaufort","Ozone","Carteret",34.8848,-76.6203
"1081",2025-04-13,40,"Beaufort","Ozone","Carteret",34.8848,-76.6203
"1082",2025-04-14,61,"Beaufort","Ozone","Carteret",34.8848,-76.6203
"1083",2025-04-15,48,"Beaufort","Ozone","Carteret",34.8848,-76.6203
"1084",2025-04-16,47,"Beaufort","Ozone","Carteret",34.8848,-76.6203
"1085",2025-04-17,46,"Beaufort","Ozone","Carteret",34.8848,-76.6203
"1086",2025-04-18,64,"Beaufort","Ozone","Carteret",34.8848,-76.6203
"1087",2025-04-19,47,"Beaufort","Ozone","Carteret",34.8848,-76.6203
"1088",2025-04-20,37,"Beaufort","Ozone","Carteret",34.8848,-76.6203
"1089",2025-04-21,47,"Beaufort","Ozone","Carteret",34.8848,-76.6203
"1090",2025-04-22,41,"Beaufort","Ozone","Carteret",34.8848,-76.6203
"1091",2025-04-23,40,"Beaufort","Ozone","Carteret",34.8848,-76.6203
"1092",2025-04-24,46,"Beaufort","Ozone","Carteret",34.8848,-76.6203
"1093",2025-04-25,45,"Beaufort","Ozone","Carteret",34.8848,-76.6203
"1094",2025-04-26,36,"Beaufort","Ozone","Carteret",34.8848,-76.6203
"1095",2025-04-27,44,"Beaufort","Ozone","Carteret",34.8848,-76.6203
"1096",2025-04-28,46,"Beaufort","Ozone","Carteret",34.8848,-76.6203
"1097",2025-04-29,49,"Beaufort","Ozone","Carteret",34.8848,-76.6203
"1098",2025-04-30,44,"Beaufort","Ozone","Carteret",34.8848,-76.6203
"1099",2025-05-01,41,"Beaufort","Ozone","Carteret",34.8848,-76.6203
"1100",2025-05-02,41,"Beaufort","Ozone","Carteret",34.8848,-76.6203
"1101",2025-05-03,44,"Beaufort","Ozone","Carteret",34.8848,-76.6203
"1102",2025-05-04,44,"Beaufort","Ozone","Carteret",34.8848,-76.6203
"1103",2025-05-05,49,"Beaufort","Ozone","Carteret",34.8848,-76.6203
"1104",2025-05-06,48,"Beaufort","Ozone","Carteret",34.8848,-76.6203
"1105",2025-05-07,51,"Beaufort","Ozone","Carteret",34.8848,-76.6203
"1106",2025-05-08,51,"Beaufort","Ozone","Carteret",34.8848,-76.6203
"1107",2025-05-09,50,"Beaufort","Ozone","Carteret",34.8848,-76.6203
"1108",2025-05-10,46,"Beaufort","Ozone","Carteret",34.8848,-76.6203
"1109",2025-05-11,44,"Beaufort","Ozone","Carteret",34.8848,-76.6203
"1110",2025-05-12,40,"Beaufort","Ozone","Carteret",34.8848,-76.6203
"1111",2025-05-13,32,"Beaufort","Ozone","Carteret",34.8848,-76.6203
"1112",2025-05-14,45,"Beaufort","Ozone","Carteret",34.8848,-76.6203
"1113",2025-05-15,44,"Beaufort","Ozone","Carteret",34.8848,-76.6203
"1114",2025-05-16,43,"Beaufort","Ozone","Carteret",34.8848,-76.6203
"1115",2025-05-17,42,"Beaufort","Ozone","Carteret",34.8848,-76.6203
"1116",2025-05-18,45,"Beaufort","Ozone","Carteret",34.8848,-76.6203
"1117",2025-05-19,45,"Beaufort","Ozone","Carteret",34.8848,-76.6203
"1118",2025-05-20,45,"Beaufort","Ozone","Carteret",34.8848,-76.6203
"1119",2025-05-21,37,"Beaufort","Ozone","Carteret",34.8848,-76.6203
"1120",2025-05-22,50,"Beaufort","Ozone","Carteret",34.8848,-76.6203
"1121",2025-05-23,47,"Beaufort","Ozone","Carteret",34.8848,-76.6203
"1122",2025-05-24,44,"Beaufort","Ozone","Carteret",34.8848,-76.6203
"1123",2025-05-25,45,"Beaufort","Ozone","Carteret",34.8848,-76.6203
"1124",2025-05-26,43,"Beaufort","Ozone","Carteret",34.8848,-76.6203
"1125",2025-05-27,38,"Beaufort","Ozone","Carteret",34.8848,-76.6203
"1126",2025-05-28,29,"Beaufort","Ozone","Carteret",34.8848,-76.6203
"1127",2025-05-29,31,"Beaufort","Ozone","Carteret",34.8848,-76.6203
"1128",2025-05-30,37,"Beaufort","Ozone","Carteret",34.8848,-76.6203
"1129",2025-05-31,45,"Beaufort","Ozone","Carteret",34.8848,-76.6203
"1130",2025-06-01,46,"Beaufort","Ozone","Carteret",34.8848,-76.6203
"1131",2025-06-02,44,"Beaufort","Ozone","Carteret",34.8848,-76.6203
"1132",2025-06-03,51,"Beaufort","Ozone","Carteret",34.8848,-76.6203
"1133",2025-06-04,48,"Beaufort","Ozone","Carteret",34.8848,-76.6203
"1134",2025-06-05,27,"Beaufort","Ozone","Carteret",34.8848,-76.6203
"1135",2025-06-06,28,"Beaufort","Ozone","Carteret",34.8848,-76.6203
"1136",2025-06-07,37,"Beaufort","Ozone","Carteret",34.8848,-76.6203
"1137",2025-06-08,36,"Beaufort","Ozone","Carteret",34.8848,-76.6203
"1138",2025-06-09,38,"Beaufort","Ozone","Carteret",34.8848,-76.6203
"1139",2025-06-10,31,"Beaufort","Ozone","Carteret",34.8848,-76.6203
"1140",2025-06-11,32,"Beaufort","Ozone","Carteret",34.8848,-76.6203
"1141",2025-06-12,30,"Beaufort","Ozone","Carteret",34.8848,-76.6203
"1142",2025-06-13,19,"Beaufort","Ozone","Carteret",34.8848,-76.6203
"1143",2025-06-14,23,"Beaufort","Ozone","Carteret",34.8848,-76.6203
"1144",2025-06-15,29,"Beaufort","Ozone","Carteret",34.8848,-76.6203
"1145",2025-06-16,26,"Beaufort","Ozone","Carteret",34.8848,-76.6203
"1146",2025-06-17,26,"Beaufort","Ozone","Carteret",34.8848,-76.6203
"1147",2025-06-18,31,"Beaufort","Ozone","Carteret",34.8848,-76.6203
"1148",2025-06-19,31,"Beaufort","Ozone","Carteret",34.8848,-76.6203
"1149",2025-06-20,34,"Beaufort","Ozone","Carteret",34.8848,-76.6203
"1150",2025-06-21,34,"Beaufort","Ozone","Carteret",34.8848,-76.6203
"1151",2025-06-22,27,"Beaufort","Ozone","Carteret",34.8848,-76.6203
"1152",2025-06-23,40,"Beaufort","Ozone","Carteret",34.8848,-76.6203
"1153",2025-06-24,45,"Beaufort","Ozone","Carteret",34.8848,-76.6203
"1154",2025-06-25,47,"Beaufort","Ozone","Carteret",34.8848,-76.6203
"1155",2025-06-26,50,"Beaufort","Ozone","Carteret",34.8848,-76.6203
"1156",2025-06-27,38,"Beaufort","Ozone","Carteret",34.8848,-76.6203
"1157",2025-06-28,31,"Beaufort","Ozone","Carteret",34.8848,-76.6203
"1158",2025-06-29,37,"Beaufort","Ozone","Carteret",34.8848,-76.6203
"1159",2025-06-30,28,"Beaufort","Ozone","Carteret",34.8848,-76.6203
"1160",2025-07-01,31,"Beaufort","Ozone","Carteret",34.8848,-76.6203
"1161",2025-07-02,28,"Beaufort","Ozone","Carteret",34.8848,-76.6203
"1162",2025-07-03,29,"Beaufort","Ozone","Carteret",34.8848,-76.6203
"1163",2025-07-04,41,"Beaufort","Ozone","Carteret",34.8848,-76.6203
"1164",2025-07-05,34,"Beaufort","Ozone","Carteret",34.8848,-76.6203
"1165",2025-07-06,32,"Beaufort","Ozone","Carteret",34.8848,-76.6203
"1166",2025-07-07,31,"Beaufort","Ozone","Carteret",34.8848,-76.6203
"1167",2025-07-08,31,"Beaufort","Ozone","Carteret",34.8848,-76.6203
"1168",2025-07-09,23,"Beaufort","Ozone","Carteret",34.8848,-76.6203
"1169",2025-07-10,39,"Beaufort","Ozone","Carteret",34.8848,-76.6203
"1170",2025-07-11,34,"Beaufort","Ozone","Carteret",34.8848,-76.6203
"1171",2025-07-12,36,"Beaufort","Ozone","Carteret",34.8848,-76.6203
"1172",2025-07-13,34,"Beaufort","Ozone","Carteret",34.8848,-76.6203
"1173",2025-07-14,29,"Beaufort","Ozone","Carteret",34.8848,-76.6203
"1174",2025-07-15,30,"Beaufort","Ozone","Carteret",34.8848,-76.6203
"1175",2025-07-16,13,"Beaufort","Ozone","Carteret",34.8848,-76.6203
"1176",2025-07-17,18,"Beaufort","Ozone","Carteret",34.8848,-76.6203
"1177",2025-07-18,22,"Beaufort","Ozone","Carteret",34.8848,-76.6203
"1178",2025-07-19,33,"Beaufort","Ozone","Carteret",34.8848,-76.6203
"1179",2025-07-20,31,"Beaufort","Ozone","Carteret",34.8848,-76.6203
"1180",2025-07-21,32,"Beaufort","Ozone","Carteret",34.8848,-76.6203
"1181",2025-07-22,35,"Beaufort","Ozone","Carteret",34.8848,-76.6203
"1182",2025-07-23,36,"Beaufort","Ozone","Carteret",34.8848,-76.6203
"1183",2025-07-24,31,"Beaufort","Ozone","Carteret",34.8848,-76.6203
"1184",2025-07-25,33,"Beaufort","Ozone","Carteret",34.8848,-76.6203
"1185",2025-07-26,42,"Beaufort","Ozone","Carteret",34.8848,-76.6203
"1186",2025-07-27,35,"Beaufort","Ozone","Carteret",34.8848,-76.6203
"1187",2025-07-28,36,"Beaufort","Ozone","Carteret",34.8848,-76.6203
"1188",2025-07-29,34,"Beaufort","Ozone","Carteret",34.8848,-76.6203
"1189",2025-07-30,35,"Beaufort","Ozone","Carteret",34.8848,-76.6203
"1190",2025-07-31,38,"Beaufort","Ozone","Carteret",34.8848,-76.6203
"1191",2025-08-01,32,"Beaufort","Ozone","Carteret",34.8848,-76.6203
"1192",2025-08-02,32,"Beaufort","Ozone","Carteret",34.8848,-76.6203
"1193",2025-08-03,32,"Beaufort","Ozone","Carteret",34.8848,-76.6203
"1194",2025-08-04,32,"Beaufort","Ozone","Carteret",34.8848,-76.6203
"1195",2025-08-05,31,"Beaufort","Ozone","Carteret",34.8848,-76.6203
"1196",2025-08-06,31,"Beaufort","Ozone","Carteret",34.8848,-76.6203
"1197",2025-08-07,38,"Beaufort","Ozone","Carteret",34.8848,-76.6203
"1198",2025-08-08,31,"Beaufort","Ozone","Carteret",34.8848,-76.6203
"1199",2025-08-09,26,"Beaufort","Ozone","Carteret",34.8848,-76.6203
"1200",2025-08-10,27,"Beaufort","Ozone","Carteret",34.8848,-76.6203
"1201",2025-08-11,19,"Beaufort","Ozone","Carteret",34.8848,-76.6203
"1202",2025-08-12,17,"Beaufort","Ozone","Carteret",34.8848,-76.6203
"1203",2025-08-13,20,"Beaufort","Ozone","Carteret",34.8848,-76.6203
"1204",2025-08-14,26,"Beaufort","Ozone","Carteret",34.8848,-76.6203
"1205",2025-08-15,21,"Beaufort","Ozone","Carteret",34.8848,-76.6203
"1206",2025-08-16,27,"Beaufort","Ozone","Carteret",34.8848,-76.6203
"1207",2025-08-17,34,"Beaufort","Ozone","Carteret",34.8848,-76.6203
"1208",2025-08-18,33,"Beaufort","Ozone","Carteret",34.8848,-76.6203
"1209",2025-08-19,31,"Beaufort","Ozone","Carteret",34.8848,-76.6203
"1210",2025-08-20,23,"Beaufort","Ozone","Carteret",34.8848,-76.6203
"1211",2025-08-21,23,"Beaufort","Ozone","Carteret",34.8848,-76.6203
"1212",2025-08-22,37,"Beaufort","Ozone","Carteret",34.8848,-76.6203
"1213",2025-08-23,33,"Beaufort","Ozone","Carteret",34.8848,-76.6203
"1214",2025-08-24,27,"Beaufort","Ozone","Carteret",34.8848,-76.6203
"1215",2025-08-25,33,"Beaufort","Ozone","Carteret",34.8848,-76.6203
"1216",2025-08-26,34,"Beaufort","Ozone","Carteret",34.8848,-76.6203
"1217",2025-08-27,36,"Beaufort","Ozone","Carteret",34.8848,-76.6203
"1218",2025-08-28,40,"Beaufort","Ozone","Carteret",34.8848,-76.6203
"1219",2025-08-29,44,"Beaufort","Ozone","Carteret",34.8848,-76.6203
"1220",2025-08-30,43,"Beaufort","Ozone","Carteret",34.8848,-76.6203
"1221",2025-08-31,40,"Beaufort","Ozone","Carteret",34.8848,-76.6203
"1222",2025-09-01,36,"Beaufort","Ozone","Carteret",34.8848,-76.6203
"1223",2025-09-02,31,"Beaufort","Ozone","Carteret",34.8848,-76.6203
"1224",2025-09-03,33,"Beaufort","Ozone","Carteret",34.8848,-76.6203
"1225",2025-09-04,43,"Beaufort","Ozone","Carteret",34.8848,-76.6203
"1226",2025-09-05,37,"Beaufort","Ozone","Carteret",34.8848,-76.6203
"1227",2025-09-06,30,"Beaufort","Ozone","Carteret",34.8848,-76.6203
"1228",2025-09-07,27,"Beaufort","Ozone","Carteret",34.8848,-76.6203
"1229",2025-09-08,36,"Beaufort","Ozone","Carteret",34.8848,-76.6203
"1230",2025-09-09,32,"Beaufort","Ozone","Carteret",34.8848,-76.6203
"1231",2025-09-10,21,"Beaufort","Ozone","Carteret",34.8848,-76.6203
"1232",2025-09-11,36,"Beaufort","Ozone","Carteret",34.8848,-76.6203
"1233",2025-09-12,40,"Beaufort","Ozone","Carteret",34.8848,-76.6203
"1234",2025-09-13,37,"Beaufort","Ozone","Carteret",34.8848,-76.6203
"1235",2025-09-14,39,"Beaufort","Ozone","Carteret",34.8848,-76.6203
"1236",2025-09-15,36,"Beaufort","Ozone","Carteret",34.8848,-76.6203
"1237",2025-09-16,31,"Beaufort","Ozone","Carteret",34.8848,-76.6203
"1238",2025-09-17,35,"Beaufort","Ozone","Carteret",34.8848,-76.6203
"1239",2025-09-18,25,"Beaufort","Ozone","Carteret",34.8848,-76.6203
"1240",2025-09-19,37,"Beaufort","Ozone","Carteret",34.8848,-76.6203
"1241",2025-09-20,47,"Beaufort","Ozone","Carteret",34.8848,-76.6203
"1242",2025-09-21,34,"Beaufort","Ozone","Carteret",34.8848,-76.6203
"1243",2025-09-22,32,"Beaufort","Ozone","Carteret",34.8848,-76.6203
"1244",2025-09-23,29,"Beaufort","Ozone","Carteret",34.8848,-76.6203
"1245",2025-09-24,21,"Beaufort","Ozone","Carteret",34.8848,-76.6203
"1246",2025-09-25,30,"Beaufort","Ozone","Carteret",34.8848,-76.6203
"1247",2025-09-26,31,"Beaufort","Ozone","Carteret",34.8848,-76.6203
"1248",2025-09-27,20,"Beaufort","Ozone","Carteret",34.8848,-76.6203
"1249",2025-09-28,33,"Beaufort","Ozone","Carteret",34.8848,-76.6203
"1250",2025-09-29,27,"Beaufort","Ozone","Carteret",34.8848,-76.6203
"1251",2025-09-30,41,"Beaufort","Ozone","Carteret",34.8848,-76.6203
"1252",2025-10-01,31,"Beaufort","Ozone","Carteret",34.8848,-76.6203
"1253",2025-10-02,30,"Beaufort","Ozone","Carteret",34.8848,-76.6203
"1254",2025-10-03,33,"Beaufort","Ozone","Carteret",34.8848,-76.6203
"1255",2025-10-04,31,"Beaufort","Ozone","Carteret",34.8848,-76.6203
"1256",2025-10-05,33,"Beaufort","Ozone","Carteret",34.8848,-76.6203
"1257",2025-10-06,33,"Beaufort","Ozone","Carteret",34.8848,-76.6203
"1258",2025-10-07,31,"Beaufort","Ozone","Carteret",34.8848,-76.6203
"1259",2025-10-08,30,"Beaufort","Ozone","Carteret",34.8848,-76.6203
"1260",2025-10-09,33,"Beaufort","Ozone","Carteret",34.8848,-76.6203
"1261",2025-10-10,35,"Beaufort","Ozone","Carteret",34.8848,-76.6203
"1262",2025-10-11,34,"Beaufort","Ozone","Carteret",34.8848,-76.6203
"1263",2025-10-12,34,"Beaufort","Ozone","Carteret",34.8848,-76.6203
"1264",2025-10-13,22,"Beaufort","Ozone","Carteret",34.8848,-76.6203
"1265",2025-10-14,20,"Beaufort","Ozone","Carteret",34.8848,-76.6203
"1266",2025-10-15,20,"Beaufort","Ozone","Carteret",34.8848,-76.6203
"1267",2025-10-16,35,"Beaufort","Ozone","Carteret",34.8848,-76.6203
"1268",2025-10-17,31,"Beaufort","Ozone","Carteret",34.8848,-76.6203
"1269",2025-10-18,42,"Beaufort","Ozone","Carteret",34.8848,-76.6203
"1270",2025-10-19,41,"Beaufort","Ozone","Carteret",34.8848,-76.6203
"1271",2025-10-20,32,"Beaufort","Ozone","Carteret",34.8848,-76.6203
"1272",2025-10-21,43,"Beaufort","Ozone","Carteret",34.8848,-76.6203
"1273",2025-10-22,40,"Beaufort","Ozone","Carteret",34.8848,-76.6203
"1274",2025-10-23,35,"Beaufort","Ozone","Carteret",34.8848,-76.6203
"1275",2025-10-24,33,"Beaufort","Ozone","Carteret",34.8848,-76.6203
"1276",2025-10-25,31,"Beaufort","Ozone","Carteret",34.8848,-76.6203
"1277",2025-10-26,31,"Beaufort","Ozone","Carteret",34.8848,-76.6203
"1278",2025-10-28,30,"Beaufort","Ozone","Carteret",34.8848,-76.6203
"1279",2025-10-29,26,"Beaufort","Ozone","Carteret",34.8848,-76.6203
"1280",2025-10-30,28,"Beaufort","Ozone","Carteret",34.8848,-76.6203
"1281",2025-10-31,31,"Beaufort","Ozone","Carteret",34.8848,-76.6203
"1282",2025-11-01,31,"Beaufort","Ozone","Carteret",34.8848,-76.6203
"1283",2025-11-02,36,"Beaufort","Ozone","Carteret",34.8848,-76.6203
"1284",2025-11-03,32,"Beaufort","Ozone","Carteret",34.8848,-76.6203
"1285",2025-11-04,31,"Beaufort","Ozone","Carteret",34.8848,-76.6203
"1286",2025-11-05,41,"Beaufort","Ozone","Carteret",34.8848,-76.6203
"1287",2025-11-06,35,"Beaufort","Ozone","Carteret",34.8848,-76.6203
"1288",2025-11-07,38,"Beaufort","Ozone","Carteret",34.8848,-76.6203
"1289",2025-11-08,33,"Beaufort","Ozone","Carteret",34.8848,-76.6203
"1290",2025-11-09,32,"Beaufort","Ozone","Carteret",34.8848,-76.6203
"1291",2025-11-10,25,"Beaufort","Ozone","Carteret",34.8848,-76.6203
"1292",2025-11-11,30,"Beaufort","Ozone","Carteret",34.8848,-76.6203
"1293",2025-11-12,33,"Beaufort","Ozone","Carteret",34.8848,-76.6203
"1294",2025-11-13,39,"Beaufort","Ozone","Carteret",34.8848,-76.6203
"1295",2025-11-14,34,"Beaufort","Ozone","Carteret",34.8848,-76.6203
"1296",2025-11-15,44,"Beaufort","Ozone","Carteret",34.8848,-76.6203
"1297",2025-11-16,36,"Beaufort","Ozone","Carteret",34.8848,-76.6203
"1298",2025-11-17,37,"Beaufort","Ozone","Carteret",34.8848,-76.6203
"1299",2025-11-18,34,"Beaufort","Ozone","Carteret",34.8848,-76.6203
"1300",2025-11-19,36,"Beaufort","Ozone","Carteret",34.8848,-76.6203
"1301",2025-11-20,27,"Beaufort","Ozone","Carteret",34.8848,-76.6203
"1302",2025-11-21,19,"Beaufort","Ozone","Carteret",34.8848,-76.6203
"1303",2025-11-22,25,"Beaufort","Ozone","Carteret",34.8848,-76.6203
"1304",2025-11-23,28,"Beaufort","Ozone","Carteret",34.8848,-76.6203
"1305",2025-11-24,32,"Beaufort","Ozone","Carteret",34.8848,-76.6203
"1306",2025-11-25,38,"Beaufort","Ozone","Carteret",34.8848,-76.6203
"1307",2025-11-26,35,"Beaufort","Ozone","Carteret",34.8848,-76.6203
"1308",2025-11-27,31,"Beaufort","Ozone","Carteret",34.8848,-76.6203
"1309",2025-11-28,31,"Beaufort","Ozone","Carteret",34.8848,-76.6203
"1310",2025-11-29,32,"Beaufort","Ozone","Carteret",34.8848,-76.6203
"1311",2025-11-30,37,"Beaufort","Ozone","Carteret",34.8848,-76.6203
"1312",2025-12-01,29,"Beaufort","Ozone","Carteret",34.8848,-76.6203
"1313",2025-12-02,30,"Beaufort","Ozone","Carteret",34.8848,-76.6203
"1314",2025-12-03,31,"Beaufort","Ozone","Carteret",34.8848,-76.6203
"1315",2025-12-04,25,"Beaufort","Ozone","Carteret",34.8848,-76.6203
"1316",2025-12-05,30,"Beaufort","Ozone","Carteret",34.8848,-76.6203
"1317",2025-12-06,15,"Beaufort","Ozone","Carteret",34.8848,-76.6203
"1318",2025-12-07,15,"Beaufort","Ozone","Carteret",34.8848,-76.6203
"1319",2025-12-08,28,"Beaufort","Ozone","Carteret",34.8848,-76.6203
"1320",2025-12-09,28,"Beaufort","Ozone","Carteret",34.8848,-76.6203
"1321",2025-12-10,36,"Beaufort","Ozone","Carteret",34.8848,-76.6203
"1322",2025-12-11,27,"Beaufort","Ozone","Carteret",34.8848,-76.6203
"1323",2025-12-12,27,"Beaufort","Ozone","Carteret",34.8848,-76.6203
"1324",2025-12-13,40,"Beaufort","Ozone","Carteret",34.8848,-76.6203
"1325",2025-12-14,32,"Beaufort","Ozone","Carteret",34.8848,-76.6203
"1326",2025-12-15,30,"Beaufort","Ozone","Carteret",34.8848,-76.6203
"1327",2025-12-16,35,"Beaufort","Ozone","Carteret",34.8848,-76.6203
"1328",2025-12-17,37,"Beaufort","Ozone","Carteret",34.8848,-76.6203
"1329",2025-12-18,35,"Beaufort","Ozone","Carteret",34.8848,-76.6203
"1330",2025-12-19,38,"Beaufort","Ozone","Carteret",34.8848,-76.6203
"1331",2025-12-20,32,"Beaufort","Ozone","Carteret",34.8848,-76.6203
"1332",2025-12-21,35,"Beaufort","Ozone","Carteret",34.8848,-76.6203
"1333",2025-12-22,34,"Beaufort","Ozone","Carteret",34.8848,-76.6203
"1334",2025-12-23,30,"Beaufort","Ozone","Carteret",34.8848,-76.6203
"1335",2025-12-24,32,"Beaufort","Ozone","Carteret",34.8848,-76.6203
"1336",2025-12-25,39,"Beaufort","Ozone","Carteret",34.8848,-76.6203
"1337",2025-12-26,33,"Beaufort","Ozone","Carteret",34.8848,-76.6203
"1338",2025-12-27,28,"Beaufort","Ozone","Carteret",34.8848,-76.6203
"1339",2025-12-28,35,"Beaufort","Ozone","Carteret",34.8848,-76.6203
"1340",2025-12-29,31,"Beaufort","Ozone","Carteret",34.8848,-76.6203
"1341",2025-12-30,28,"Beaufort","Ozone","Carteret",34.8848,-76.6203
"1342",2025-12-31,35,"Beaufort","Ozone","Carteret",34.8848,-76.6203
"1343",2025-03-01,48,"Cherry Grove","Ozone","Caswell",36.307033,-79.467417
"1344",2025-03-02,40,"Cherry Grove","Ozone","Caswell",36.307033,-79.467417
"1345",2025-03-03,42,"Cherry Grove","Ozone","Caswell",36.307033,-79.467417
"1346",2025-03-04,44,"Cherry Grove","Ozone","Caswell",36.307033,-79.467417
"1347",2025-03-05,43,"Cherry Grove","Ozone","Caswell",36.307033,-79.467417
"1348",2025-03-06,35,"Cherry Grove","Ozone","Caswell",36.307033,-79.467417
"1349",2025-03-07,35,"Cherry Grove","Ozone","Caswell",36.307033,-79.467417
"1350",2025-03-08,41,"Cherry Grove","Ozone","Caswell",36.307033,-79.467417
"1351",2025-03-09,44,"Cherry Grove","Ozone","Caswell",36.307033,-79.467417
"1352",2025-03-10,39,"Cherry Grove","Ozone","Caswell",36.307033,-79.467417
"1353",2025-03-11,58,"Cherry Grove","Ozone","Caswell",36.307033,-79.467417
"1354",2025-03-12,77,"Cherry Grove","Ozone","Caswell",36.307033,-79.467417
"1355",2025-03-13,46,"Cherry Grove","Ozone","Caswell",36.307033,-79.467417
"1356",2025-03-14,40,"Cherry Grove","Ozone","Caswell",36.307033,-79.467417
"1357",2025-03-15,34,"Cherry Grove","Ozone","Caswell",36.307033,-79.467417
"1358",2025-03-16,36,"Cherry Grove","Ozone","Caswell",36.307033,-79.467417
"1359",2025-03-17,31,"Cherry Grove","Ozone","Caswell",36.307033,-79.467417
"1360",2025-03-18,44,"Cherry Grove","Ozone","Caswell",36.307033,-79.467417
"1361",2025-03-19,61,"Cherry Grove","Ozone","Caswell",36.307033,-79.467417
"1362",2025-03-20,42,"Cherry Grove","Ozone","Caswell",36.307033,-79.467417
"1363",2025-03-21,43,"Cherry Grove","Ozone","Caswell",36.307033,-79.467417
"1364",2025-03-22,48,"Cherry Grove","Ozone","Caswell",36.307033,-79.467417
"1365",2025-03-23,46,"Cherry Grove","Ozone","Caswell",36.307033,-79.467417
"1366",2025-03-24,40,"Cherry Grove","Ozone","Caswell",36.307033,-79.467417
"1367",2025-03-25,48,"Cherry Grove","Ozone","Caswell",36.307033,-79.467417
"1368",2025-03-26,45,"Cherry Grove","Ozone","Caswell",36.307033,-79.467417
"1369",2025-03-27,49,"Cherry Grove","Ozone","Caswell",36.307033,-79.467417
"1370",2025-03-28,74,"Cherry Grove","Ozone","Caswell",36.307033,-79.467417
"1371",2025-03-29,45,"Cherry Grove","Ozone","Caswell",36.307033,-79.467417
"1372",2025-03-30,40,"Cherry Grove","Ozone","Caswell",36.307033,-79.467417
"1373",2025-03-31,31,"Cherry Grove","Ozone","Caswell",36.307033,-79.467417
"1374",2025-04-01,31,"Cherry Grove","Ozone","Caswell",36.307033,-79.467417
"1375",2025-04-02,36,"Cherry Grove","Ozone","Caswell",36.307033,-79.467417
"1376",2025-04-03,28,"Cherry Grove","Ozone","Caswell",36.307033,-79.467417
"1377",2025-04-04,39,"Cherry Grove","Ozone","Caswell",36.307033,-79.467417
"1378",2025-04-05,35,"Cherry Grove","Ozone","Caswell",36.307033,-79.467417
"1379",2025-04-06,45,"Cherry Grove","Ozone","Caswell",36.307033,-79.467417
"1380",2025-04-07,27,"Cherry Grove","Ozone","Caswell",36.307033,-79.467417
"1381",2025-04-08,46,"Cherry Grove","Ozone","Caswell",36.307033,-79.467417
"1382",2025-04-09,45,"Cherry Grove","Ozone","Caswell",36.307033,-79.467417
"1383",2025-04-10,43,"Cherry Grove","Ozone","Caswell",36.307033,-79.467417
"1384",2025-04-11,30,"Cherry Grove","Ozone","Caswell",36.307033,-79.467417
"1385",2025-04-12,38,"Cherry Grove","Ozone","Caswell",36.307033,-79.467417
"1386",2025-04-13,44,"Cherry Grove","Ozone","Caswell",36.307033,-79.467417
"1387",2025-04-14,71,"Cherry Grove","Ozone","Caswell",36.307033,-79.467417
"1388",2025-04-15,44,"Cherry Grove","Ozone","Caswell",36.307033,-79.467417
"1389",2025-04-16,46,"Cherry Grove","Ozone","Caswell",36.307033,-79.467417
"1390",2025-04-17,49,"Cherry Grove","Ozone","Caswell",36.307033,-79.467417
"1391",2025-04-18,64,"Cherry Grove","Ozone","Caswell",36.307033,-79.467417
"1392",2025-04-19,44,"Cherry Grove","Ozone","Caswell",36.307033,-79.467417
"1393",2025-04-20,40,"Cherry Grove","Ozone","Caswell",36.307033,-79.467417
"1394",2025-04-21,47,"Cherry Grove","Ozone","Caswell",36.307033,-79.467417
"1395",2025-04-22,38,"Cherry Grove","Ozone","Caswell",36.307033,-79.467417
"1396",2025-04-23,51,"Cherry Grove","Ozone","Caswell",36.307033,-79.467417
"1397",2025-04-24,50,"Cherry Grove","Ozone","Caswell",36.307033,-79.467417
"1398",2025-04-25,36,"Cherry Grove","Ozone","Caswell",36.307033,-79.467417
"1399",2025-04-26,38,"Cherry Grove","Ozone","Caswell",36.307033,-79.467417
"1400",2025-04-27,45,"Cherry Grove","Ozone","Caswell",36.307033,-79.467417
"1401",2025-04-28,51,"Cherry Grove","Ozone","Caswell",36.307033,-79.467417
"1402",2025-04-29,49,"Cherry Grove","Ozone","Caswell",36.307033,-79.467417
"1403",2025-04-30,43,"Cherry Grove","Ozone","Caswell",36.307033,-79.467417
"1404",2025-05-01,45,"Cherry Grove","Ozone","Caswell",36.307033,-79.467417
"1405",2025-05-02,44,"Cherry Grove","Ozone","Caswell",36.307033,-79.467417
"1406",2025-05-03,33,"Cherry Grove","Ozone","Caswell",36.307033,-79.467417
"1407",2025-05-04,42,"Cherry Grove","Ozone","Caswell",36.307033,-79.467417
"1408",2025-05-05,41,"Cherry Grove","Ozone","Caswell",36.307033,-79.467417
"1409",2025-05-06,46,"Cherry Grove","Ozone","Caswell",36.307033,-79.467417
"1410",2025-05-07,46,"Cherry Grove","Ozone","Caswell",36.307033,-79.467417
"1411",2025-05-08,47,"Cherry Grove","Ozone","Caswell",36.307033,-79.467417
"1412",2025-05-09,43,"Cherry Grove","Ozone","Caswell",36.307033,-79.467417
"1413",2025-05-10,42,"Cherry Grove","Ozone","Caswell",36.307033,-79.467417
"1414",2025-05-11,33,"Cherry Grove","Ozone","Caswell",36.307033,-79.467417
"1415",2025-05-12,24,"Cherry Grove","Ozone","Caswell",36.307033,-79.467417
"1416",2025-05-13,31,"Cherry Grove","Ozone","Caswell",36.307033,-79.467417
"1417",2025-05-14,34,"Cherry Grove","Ozone","Caswell",36.307033,-79.467417
"1418",2025-05-15,44,"Cherry Grove","Ozone","Caswell",36.307033,-79.467417
"1419",2025-05-16,34,"Cherry Grove","Ozone","Caswell",36.307033,-79.467417
"1420",2025-05-17,44,"Cherry Grove","Ozone","Caswell",36.307033,-79.467417
"1421",2025-05-18,40,"Cherry Grove","Ozone","Caswell",36.307033,-79.467417
"1422",2025-05-19,44,"Cherry Grove","Ozone","Caswell",36.307033,-79.467417
"1423",2025-05-20,43,"Cherry Grove","Ozone","Caswell",36.307033,-79.467417
"1424",2025-05-21,24,"Cherry Grove","Ozone","Caswell",36.307033,-79.467417
"1425",2025-05-22,44,"Cherry Grove","Ozone","Caswell",36.307033,-79.467417
"1426",2025-05-23,37,"Cherry Grove","Ozone","Caswell",36.307033,-79.467417
"1427",2025-05-24,43,"Cherry Grove","Ozone","Caswell",36.307033,-79.467417
"1428",2025-05-25,36,"Cherry Grove","Ozone","Caswell",36.307033,-79.467417
"1429",2025-05-26,21,"Cherry Grove","Ozone","Caswell",36.307033,-79.467417
"1430",2025-05-27,30,"Cherry Grove","Ozone","Caswell",36.307033,-79.467417
"1431",2025-05-28,22,"Cherry Grove","Ozone","Caswell",36.307033,-79.467417
"1432",2025-05-29,31,"Cherry Grove","Ozone","Caswell",36.307033,-79.467417
"1433",2025-05-30,39,"Cherry Grove","Ozone","Caswell",36.307033,-79.467417
"1434",2025-05-31,42,"Cherry Grove","Ozone","Caswell",36.307033,-79.467417
"1435",2025-06-01,43,"Cherry Grove","Ozone","Caswell",36.307033,-79.467417
"1436",2025-06-02,43,"Cherry Grove","Ozone","Caswell",36.307033,-79.467417
"1437",2025-06-03,54,"Cherry Grove","Ozone","Caswell",36.307033,-79.467417
"1438",2025-06-04,47,"Cherry Grove","Ozone","Caswell",36.307033,-79.467417
"1439",2025-06-05,21,"Cherry Grove","Ozone","Caswell",36.307033,-79.467417
"1440",2025-06-06,42,"Cherry Grove","Ozone","Caswell",36.307033,-79.467417
"1441",2025-06-07,32,"Cherry Grove","Ozone","Caswell",36.307033,-79.467417
"1442",2025-06-08,34,"Cherry Grove","Ozone","Caswell",36.307033,-79.467417
"1443",2025-06-09,44,"Cherry Grove","Ozone","Caswell",36.307033,-79.467417
"1444",2025-06-10,39,"Cherry Grove","Ozone","Caswell",36.307033,-79.467417
"1445",2025-06-11,44,"Cherry Grove","Ozone","Caswell",36.307033,-79.467417
"1446",2025-06-12,64,"Cherry Grove","Ozone","Caswell",36.307033,-79.467417
"1447",2025-06-13,31,"Cherry Grove","Ozone","Caswell",36.307033,-79.467417
"1448",2025-06-14,32,"Cherry Grove","Ozone","Caswell",36.307033,-79.467417
"1449",2025-06-15,28,"Cherry Grove","Ozone","Caswell",36.307033,-79.467417
"1450",2025-06-16,25,"Cherry Grove","Ozone","Caswell",36.307033,-79.467417
"1451",2025-06-17,38,"Cherry Grove","Ozone","Caswell",36.307033,-79.467417
"1452",2025-06-18,39,"Cherry Grove","Ozone","Caswell",36.307033,-79.467417
"1453",2025-06-19,35,"Cherry Grove","Ozone","Caswell",36.307033,-79.467417
"1454",2025-06-20,43,"Cherry Grove","Ozone","Caswell",36.307033,-79.467417
"1455",2025-06-21,49,"Cherry Grove","Ozone","Caswell",36.307033,-79.467417
"1456",2025-06-22,46,"Cherry Grove","Ozone","Caswell",36.307033,-79.467417
"1457",2025-06-23,34,"Cherry Grove","Ozone","Caswell",36.307033,-79.467417
"1458",2025-06-24,42,"Cherry Grove","Ozone","Caswell",36.307033,-79.467417
"1459",2025-06-25,29,"Cherry Grove","Ozone","Caswell",36.307033,-79.467417
"1460",2025-06-26,40,"Cherry Grove","Ozone","Caswell",36.307033,-79.467417
"1461",2025-06-27,41,"Cherry Grove","Ozone","Caswell",36.307033,-79.467417
"1462",2025-06-28,37,"Cherry Grove","Ozone","Caswell",36.307033,-79.467417
"1463",2025-06-29,34,"Cherry Grove","Ozone","Caswell",36.307033,-79.467417
"1464",2025-06-30,36,"Cherry Grove","Ozone","Caswell",36.307033,-79.467417
"1465",2025-07-01,37,"Cherry Grove","Ozone","Caswell",36.307033,-79.467417
"1466",2025-07-02,26,"Cherry Grove","Ozone","Caswell",36.307033,-79.467417
"1467",2025-07-03,44,"Cherry Grove","Ozone","Caswell",36.307033,-79.467417
"1468",2025-07-04,46,"Cherry Grove","Ozone","Caswell",36.307033,-79.467417
"1469",2025-07-05,44,"Cherry Grove","Ozone","Caswell",36.307033,-79.467417
"1470",2025-07-06,21,"Cherry Grove","Ozone","Caswell",36.307033,-79.467417
"1471",2025-07-07,43,"Cherry Grove","Ozone","Caswell",36.307033,-79.467417
"1472",2025-07-08,44,"Cherry Grove","Ozone","Caswell",36.307033,-79.467417
"1473",2025-07-09,41,"Cherry Grove","Ozone","Caswell",36.307033,-79.467417
"1474",2025-07-10,36,"Cherry Grove","Ozone","Caswell",36.307033,-79.467417
"1475",2025-07-11,37,"Cherry Grove","Ozone","Caswell",36.307033,-79.467417
"1476",2025-07-12,42,"Cherry Grove","Ozone","Caswell",36.307033,-79.467417
"1477",2025-07-13,31,"Cherry Grove","Ozone","Caswell",36.307033,-79.467417
"1478",2025-07-14,32,"Cherry Grove","Ozone","Caswell",36.307033,-79.467417
"1479",2025-07-15,30,"Cherry Grove","Ozone","Caswell",36.307033,-79.467417
"1480",2025-07-16,35,"Cherry Grove","Ozone","Caswell",36.307033,-79.467417
"1481",2025-07-17,32,"Cherry Grove","Ozone","Caswell",36.307033,-79.467417
"1482",2025-07-18,38,"Cherry Grove","Ozone","Caswell",36.307033,-79.467417
"1483",2025-07-19,30,"Cherry Grove","Ozone","Caswell",36.307033,-79.467417
"1484",2025-07-20,29,"Cherry Grove","Ozone","Caswell",36.307033,-79.467417
"1485",2025-07-21,27,"Cherry Grove","Ozone","Caswell",36.307033,-79.467417
"1486",2025-07-22,44,"Cherry Grove","Ozone","Caswell",36.307033,-79.467417
"1487",2025-07-23,41,"Cherry Grove","Ozone","Caswell",36.307033,-79.467417
"1488",2025-07-24,32,"Cherry Grove","Ozone","Caswell",36.307033,-79.467417
"1489",2025-07-25,45,"Cherry Grove","Ozone","Caswell",36.307033,-79.467417
"1490",2025-07-26,30,"Cherry Grove","Ozone","Caswell",36.307033,-79.467417
"1491",2025-07-27,25,"Cherry Grove","Ozone","Caswell",36.307033,-79.467417
"1492",2025-07-28,34,"Cherry Grove","Ozone","Caswell",36.307033,-79.467417
"1493",2025-07-29,34,"Cherry Grove","Ozone","Caswell",36.307033,-79.467417
"1494",2025-07-30,34,"Cherry Grove","Ozone","Caswell",36.307033,-79.467417
"1495",2025-07-31,45,"Cherry Grove","Ozone","Caswell",36.307033,-79.467417
"1496",2025-08-01,31,"Cherry Grove","Ozone","Caswell",36.307033,-79.467417
"1497",2025-08-02,28,"Cherry Grove","Ozone","Caswell",36.307033,-79.467417
"1498",2025-08-03,31,"Cherry Grove","Ozone","Caswell",36.307033,-79.467417
"1499",2025-08-04,37,"Cherry Grove","Ozone","Caswell",36.307033,-79.467417
"1500",2025-08-05,28,"Cherry Grove","Ozone","Caswell",36.307033,-79.467417
"1501",2025-08-06,29,"Cherry Grove","Ozone","Caswell",36.307033,-79.467417
"1502",2025-08-07,26,"Cherry Grove","Ozone","Caswell",36.307033,-79.467417
"1503",2025-08-08,33,"Cherry Grove","Ozone","Caswell",36.307033,-79.467417
"1504",2025-08-09,33,"Cherry Grove","Ozone","Caswell",36.307033,-79.467417
"1505",2025-08-10,31,"Cherry Grove","Ozone","Caswell",36.307033,-79.467417
"1506",2025-08-11,18,"Cherry Grove","Ozone","Caswell",36.307033,-79.467417
"1507",2025-08-12,21,"Cherry Grove","Ozone","Caswell",36.307033,-79.467417
"1508",2025-08-13,25,"Cherry Grove","Ozone","Caswell",36.307033,-79.467417
"1509",2025-08-14,28,"Cherry Grove","Ozone","Caswell",36.307033,-79.467417
"1510",2025-08-15,39,"Cherry Grove","Ozone","Caswell",36.307033,-79.467417
"1511",2025-08-16,37,"Cherry Grove","Ozone","Caswell",36.307033,-79.467417
"1512",2025-08-17,38,"Cherry Grove","Ozone","Caswell",36.307033,-79.467417
"1513",2025-08-18,35,"Cherry Grove","Ozone","Caswell",36.307033,-79.467417
"1514",2025-08-19,24,"Cherry Grove","Ozone","Caswell",36.307033,-79.467417
"1515",2025-08-20,29,"Cherry Grove","Ozone","Caswell",36.307033,-79.467417
"1516",2025-08-21,28,"Cherry Grove","Ozone","Caswell",36.307033,-79.467417
"1517",2025-08-22,31,"Cherry Grove","Ozone","Caswell",36.307033,-79.467417
"1518",2025-08-23,34,"Cherry Grove","Ozone","Caswell",36.307033,-79.467417
"1519",2025-08-24,33,"Cherry Grove","Ozone","Caswell",36.307033,-79.467417
"1520",2025-08-25,35,"Cherry Grove","Ozone","Caswell",36.307033,-79.467417
"1521",2025-08-26,34,"Cherry Grove","Ozone","Caswell",36.307033,-79.467417
"1522",2025-08-27,37,"Cherry Grove","Ozone","Caswell",36.307033,-79.467417
"1523",2025-08-28,44,"Cherry Grove","Ozone","Caswell",36.307033,-79.467417
"1524",2025-08-29,41,"Cherry Grove","Ozone","Caswell",36.307033,-79.467417
"1525",2025-08-30,40,"Cherry Grove","Ozone","Caswell",36.307033,-79.467417
"1526",2025-08-31,37,"Cherry Grove","Ozone","Caswell",36.307033,-79.467417
"1527",2025-09-01,35,"Cherry Grove","Ozone","Caswell",36.307033,-79.467417
"1528",2025-09-02,34,"Cherry Grove","Ozone","Caswell",36.307033,-79.467417
"1529",2025-09-03,46,"Cherry Grove","Ozone","Caswell",36.307033,-79.467417
"1530",2025-09-04,44,"Cherry Grove","Ozone","Caswell",36.307033,-79.467417
"1531",2025-09-05,48,"Cherry Grove","Ozone","Caswell",36.307033,-79.467417
"1532",2025-09-06,37,"Cherry Grove","Ozone","Caswell",36.307033,-79.467417
"1533",2025-09-07,19,"Cherry Grove","Ozone","Caswell",36.307033,-79.467417
"1534",2025-09-08,35,"Cherry Grove","Ozone","Caswell",36.307033,-79.467417
"1535",2025-09-09,39,"Cherry Grove","Ozone","Caswell",36.307033,-79.467417
"1536",2025-09-10,35,"Cherry Grove","Ozone","Caswell",36.307033,-79.467417
"1537",2025-09-11,33,"Cherry Grove","Ozone","Caswell",36.307033,-79.467417
"1538",2025-09-12,42,"Cherry Grove","Ozone","Caswell",36.307033,-79.467417
"1539",2025-09-13,42,"Cherry Grove","Ozone","Caswell",36.307033,-79.467417
"1540",2025-09-14,44,"Cherry Grove","Ozone","Caswell",36.307033,-79.467417
"1541",2025-09-15,38,"Cherry Grove","Ozone","Caswell",36.307033,-79.467417
"1542",2025-09-16,39,"Cherry Grove","Ozone","Caswell",36.307033,-79.467417
"1543",2025-09-17,30,"Cherry Grove","Ozone","Caswell",36.307033,-79.467417
"1544",2025-09-18,39,"Cherry Grove","Ozone","Caswell",36.307033,-79.467417
"1545",2025-09-19,64,"Cherry Grove","Ozone","Caswell",36.307033,-79.467417
"1546",2025-09-20,45,"Cherry Grove","Ozone","Caswell",36.307033,-79.467417
"1547",2025-09-21,45,"Cherry Grove","Ozone","Caswell",36.307033,-79.467417
"1548",2025-09-22,38,"Cherry Grove","Ozone","Caswell",36.307033,-79.467417
"1549",2025-09-23,54,"Cherry Grove","Ozone","Caswell",36.307033,-79.467417
"1550",2025-09-24,49,"Cherry Grove","Ozone","Caswell",36.307033,-79.467417
"1551",2025-09-25,34,"Cherry Grove","Ozone","Caswell",36.307033,-79.467417
"1552",2025-09-26,25,"Cherry Grove","Ozone","Caswell",36.307033,-79.467417
"1553",2025-09-27,31,"Cherry Grove","Ozone","Caswell",36.307033,-79.467417
"1554",2025-09-28,33,"Cherry Grove","Ozone","Caswell",36.307033,-79.467417
"1555",2025-09-29,28,"Cherry Grove","Ozone","Caswell",36.307033,-79.467417
"1556",2025-09-30,31,"Cherry Grove","Ozone","Caswell",36.307033,-79.467417
"1557",2025-10-01,32,"Cherry Grove","Ozone","Caswell",36.307033,-79.467417
"1558",2025-10-02,29,"Cherry Grove","Ozone","Caswell",36.307033,-79.467417
"1559",2025-10-03,31,"Cherry Grove","Ozone","Caswell",36.307033,-79.467417
"1560",2025-10-04,31,"Cherry Grove","Ozone","Caswell",36.307033,-79.467417
"1561",2025-10-05,29,"Cherry Grove","Ozone","Caswell",36.307033,-79.467417
"1562",2025-10-06,34,"Cherry Grove","Ozone","Caswell",36.307033,-79.467417
"1563",2025-10-07,32,"Cherry Grove","Ozone","Caswell",36.307033,-79.467417
"1564",2025-10-08,31,"Cherry Grove","Ozone","Caswell",36.307033,-79.467417
"1565",2025-10-09,35,"Cherry Grove","Ozone","Caswell",36.307033,-79.467417
"1566",2025-10-10,31,"Cherry Grove","Ozone","Caswell",36.307033,-79.467417
"1567",2025-10-11,28,"Cherry Grove","Ozone","Caswell",36.307033,-79.467417
"1568",2025-10-12,24,"Cherry Grove","Ozone","Caswell",36.307033,-79.467417
"1569",2025-10-13,30,"Cherry Grove","Ozone","Caswell",36.307033,-79.467417
"1570",2025-10-14,28,"Cherry Grove","Ozone","Caswell",36.307033,-79.467417
"1571",2025-10-15,38,"Cherry Grove","Ozone","Caswell",36.307033,-79.467417
"1572",2025-10-16,33,"Cherry Grove","Ozone","Caswell",36.307033,-79.467417
"1573",2025-10-17,38,"Cherry Grove","Ozone","Caswell",36.307033,-79.467417
"1574",2025-10-18,46,"Cherry Grove","Ozone","Caswell",36.307033,-79.467417
"1575",2025-10-19,39,"Cherry Grove","Ozone","Caswell",36.307033,-79.467417
"1576",2025-10-20,31,"Cherry Grove","Ozone","Caswell",36.307033,-79.467417
"1577",2025-10-21,45,"Cherry Grove","Ozone","Caswell",36.307033,-79.467417
"1578",2025-10-22,37,"Cherry Grove","Ozone","Caswell",36.307033,-79.467417
"1579",2025-10-23,36,"Cherry Grove","Ozone","Caswell",36.307033,-79.467417
"1580",2025-10-24,34,"Cherry Grove","Ozone","Caswell",36.307033,-79.467417
"1581",2025-10-25,33,"Cherry Grove","Ozone","Caswell",36.307033,-79.467417
"1582",2025-10-26,30,"Cherry Grove","Ozone","Caswell",36.307033,-79.467417
"1583",2025-10-27,28,"Cherry Grove","Ozone","Caswell",36.307033,-79.467417
"1584",2025-10-28,22,"Cherry Grove","Ozone","Caswell",36.307033,-79.467417
"1585",2025-10-29,12,"Cherry Grove","Ozone","Caswell",36.307033,-79.467417
"1586",2025-10-30,27,"Cherry Grove","Ozone","Caswell",36.307033,-79.467417
"1587",2025-10-31,33,"Cherry Grove","Ozone","Caswell",36.307033,-79.467417
"1588",2025-11-01,33,"Cherry Grove","Ozone","Caswell",36.307033,-79.467417
"1589",2025-11-02,35,"Cherry Grove","Ozone","Caswell",36.307033,-79.467417
"1590",2025-03-01,50,"Honeycutt School","Ozone","Cumberland",35.0023035275774,-78.9916923423935
"1591",2025-03-02,38,"Honeycutt School","Ozone","Cumberland",35.0023035275774,-78.9916923423935
"1592",2025-03-03,44,"Honeycutt School","Ozone","Cumberland",35.0023035275774,-78.9916923423935
"1593",2025-03-04,42,"Honeycutt School","Ozone","Cumberland",35.0023035275774,-78.9916923423935
"1594",2025-03-05,40,"Honeycutt School","Ozone","Cumberland",35.0023035275774,-78.9916923423935
"1595",2025-03-06,33,"Honeycutt School","Ozone","Cumberland",35.0023035275774,-78.9916923423935
"1596",2025-03-07,35,"Honeycutt School","Ozone","Cumberland",35.0023035275774,-78.9916923423935
"1597",2025-03-08,46,"Honeycutt School","Ozone","Cumberland",35.0023035275774,-78.9916923423935
"1598",2025-03-09,43,"Honeycutt School","Ozone","Cumberland",35.0023035275774,-78.9916923423935
"1599",2025-03-10,34,"Honeycutt School","Ozone","Cumberland",35.0023035275774,-78.9916923423935
"1600",2025-03-11,49,"Honeycutt School","Ozone","Cumberland",35.0023035275774,-78.9916923423935
"1601",2025-03-12,74,"Honeycutt School","Ozone","Cumberland",35.0023035275774,-78.9916923423935
"1602",2025-03-13,54,"Honeycutt School","Ozone","Cumberland",35.0023035275774,-78.9916923423935
"1603",2025-03-14,27,"Honeycutt School","Ozone","Cumberland",35.0023035275774,-78.9916923423935
"1604",2025-03-15,40,"Honeycutt School","Ozone","Cumberland",35.0023035275774,-78.9916923423935
"1605",2025-03-16,34,"Honeycutt School","Ozone","Cumberland",35.0023035275774,-78.9916923423935
"1606",2025-03-17,31,"Honeycutt School","Ozone","Cumberland",35.0023035275774,-78.9916923423935
"1607",2025-03-18,42,"Honeycutt School","Ozone","Cumberland",35.0023035275774,-78.9916923423935
"1608",2025-03-19,71,"Honeycutt School","Ozone","Cumberland",35.0023035275774,-78.9916923423935
"1609",2025-03-20,42,"Honeycutt School","Ozone","Cumberland",35.0023035275774,-78.9916923423935
"1610",2025-03-21,41,"Honeycutt School","Ozone","Cumberland",35.0023035275774,-78.9916923423935
"1611",2025-03-22,49,"Honeycutt School","Ozone","Cumberland",35.0023035275774,-78.9916923423935
"1612",2025-03-23,46,"Honeycutt School","Ozone","Cumberland",35.0023035275774,-78.9916923423935
"1613",2025-03-24,43,"Honeycutt School","Ozone","Cumberland",35.0023035275774,-78.9916923423935
"1614",2025-03-25,48,"Honeycutt School","Ozone","Cumberland",35.0023035275774,-78.9916923423935
"1615",2025-03-26,45,"Honeycutt School","Ozone","Cumberland",35.0023035275774,-78.9916923423935
"1616",2025-03-27,48,"Honeycutt School","Ozone","Cumberland",35.0023035275774,-78.9916923423935
"1617",2025-03-28,54,"Honeycutt School","Ozone","Cumberland",35.0023035275774,-78.9916923423935
"1618",2025-03-29,43,"Honeycutt School","Ozone","Cumberland",35.0023035275774,-78.9916923423935
"1619",2025-03-30,37,"Honeycutt School","Ozone","Cumberland",35.0023035275774,-78.9916923423935
"1620",2025-03-31,34,"Honeycutt School","Ozone","Cumberland",35.0023035275774,-78.9916923423935
"1621",2025-04-01,33,"Honeycutt School","Ozone","Cumberland",35.0023035275774,-78.9916923423935
"1622",2025-04-02,40,"Honeycutt School","Ozone","Cumberland",35.0023035275774,-78.9916923423935
"1623",2025-04-03,30,"Honeycutt School","Ozone","Cumberland",35.0023035275774,-78.9916923423935
"1624",2025-04-04,32,"Honeycutt School","Ozone","Cumberland",35.0023035275774,-78.9916923423935
"1625",2025-04-05,34,"Honeycutt School","Ozone","Cumberland",35.0023035275774,-78.9916923423935
"1626",2025-04-06,32,"Honeycutt School","Ozone","Cumberland",35.0023035275774,-78.9916923423935
"1627",2025-04-07,31,"Honeycutt School","Ozone","Cumberland",35.0023035275774,-78.9916923423935
"1628",2025-04-08,46,"Honeycutt School","Ozone","Cumberland",35.0023035275774,-78.9916923423935
"1629",2025-04-09,45,"Honeycutt School","Ozone","Cumberland",35.0023035275774,-78.9916923423935
"1630",2025-04-10,47,"Honeycutt School","Ozone","Cumberland",35.0023035275774,-78.9916923423935
"1631",2025-04-11,44,"Honeycutt School","Ozone","Cumberland",35.0023035275774,-78.9916923423935
"1632",2025-04-12,35,"Honeycutt School","Ozone","Cumberland",35.0023035275774,-78.9916923423935
"1633",2025-04-13,47,"Honeycutt School","Ozone","Cumberland",35.0023035275774,-78.9916923423935
"1634",2025-04-14,67,"Honeycutt School","Ozone","Cumberland",35.0023035275774,-78.9916923423935
"1635",2025-04-15,46,"Honeycutt School","Ozone","Cumberland",35.0023035275774,-78.9916923423935
"1636",2025-04-16,46,"Honeycutt School","Ozone","Cumberland",35.0023035275774,-78.9916923423935
"1637",2025-04-17,54,"Honeycutt School","Ozone","Cumberland",35.0023035275774,-78.9916923423935
"1638",2025-04-18,50,"Honeycutt School","Ozone","Cumberland",35.0023035275774,-78.9916923423935
"1639",2025-04-19,44,"Honeycutt School","Ozone","Cumberland",35.0023035275774,-78.9916923423935
"1640",2025-04-20,40,"Honeycutt School","Ozone","Cumberland",35.0023035275774,-78.9916923423935
"1641",2025-04-21,46,"Honeycutt School","Ozone","Cumberland",35.0023035275774,-78.9916923423935
"1642",2025-04-22,45,"Honeycutt School","Ozone","Cumberland",35.0023035275774,-78.9916923423935
"1643",2025-04-23,41,"Honeycutt School","Ozone","Cumberland",35.0023035275774,-78.9916923423935
"1644",2025-04-24,50,"Honeycutt School","Ozone","Cumberland",35.0023035275774,-78.9916923423935
"1645",2025-04-25,43,"Honeycutt School","Ozone","Cumberland",35.0023035275774,-78.9916923423935
"1646",2025-04-26,38,"Honeycutt School","Ozone","Cumberland",35.0023035275774,-78.9916923423935
"1647",2025-04-27,46,"Honeycutt School","Ozone","Cumberland",35.0023035275774,-78.9916923423935
"1648",2025-04-28,50,"Honeycutt School","Ozone","Cumberland",35.0023035275774,-78.9916923423935
"1649",2025-04-29,49,"Honeycutt School","Ozone","Cumberland",35.0023035275774,-78.9916923423935
"1650",2025-04-30,44,"Honeycutt School","Ozone","Cumberland",35.0023035275774,-78.9916923423935
"1651",2025-05-01,46,"Honeycutt School","Ozone","Cumberland",35.0023035275774,-78.9916923423935
"1652",2025-05-02,44,"Honeycutt School","Ozone","Cumberland",35.0023035275774,-78.9916923423935
"1653",2025-05-03,40,"Honeycutt School","Ozone","Cumberland",35.0023035275774,-78.9916923423935
"1654",2025-05-04,41,"Honeycutt School","Ozone","Cumberland",35.0023035275774,-78.9916923423935
"1655",2025-05-05,45,"Honeycutt School","Ozone","Cumberland",35.0023035275774,-78.9916923423935
"1656",2025-05-06,46,"Honeycutt School","Ozone","Cumberland",35.0023035275774,-78.9916923423935
"1657",2025-05-07,48,"Honeycutt School","Ozone","Cumberland",35.0023035275774,-78.9916923423935
"1658",2025-05-08,45,"Honeycutt School","Ozone","Cumberland",35.0023035275774,-78.9916923423935
"1659",2025-05-09,45,"Honeycutt School","Ozone","Cumberland",35.0023035275774,-78.9916923423935
"1660",2025-05-10,43,"Honeycutt School","Ozone","Cumberland",35.0023035275774,-78.9916923423935
"1661",2025-05-11,26,"Honeycutt School","Ozone","Cumberland",35.0023035275774,-78.9916923423935
"1662",2025-05-12,21,"Honeycutt School","Ozone","Cumberland",35.0023035275774,-78.9916923423935
"1663",2025-05-13,37,"Honeycutt School","Ozone","Cumberland",35.0023035275774,-78.9916923423935
"1664",2025-05-14,39,"Honeycutt School","Ozone","Cumberland",35.0023035275774,-78.9916923423935
"1665",2025-05-15,47,"Honeycutt School","Ozone","Cumberland",35.0023035275774,-78.9916923423935
"1666",2025-05-16,43,"Honeycutt School","Ozone","Cumberland",35.0023035275774,-78.9916923423935
"1667",2025-05-17,41,"Honeycutt School","Ozone","Cumberland",35.0023035275774,-78.9916923423935
"1668",2025-05-18,44,"Honeycutt School","Ozone","Cumberland",35.0023035275774,-78.9916923423935
"1669",2025-05-19,46,"Honeycutt School","Ozone","Cumberland",35.0023035275774,-78.9916923423935
"1670",2025-05-20,46,"Honeycutt School","Ozone","Cumberland",35.0023035275774,-78.9916923423935
"1671",2025-05-21,44,"Honeycutt School","Ozone","Cumberland",35.0023035275774,-78.9916923423935
"1672",2025-05-22,50,"Honeycutt School","Ozone","Cumberland",35.0023035275774,-78.9916923423935
"1673",2025-05-23,48,"Honeycutt School","Ozone","Cumberland",35.0023035275774,-78.9916923423935
"1674",2025-05-24,43,"Honeycutt School","Ozone","Cumberland",35.0023035275774,-78.9916923423935
"1675",2025-05-25,42,"Honeycutt School","Ozone","Cumberland",35.0023035275774,-78.9916923423935
"1676",2025-05-26,33,"Honeycutt School","Ozone","Cumberland",35.0023035275774,-78.9916923423935
"1677",2025-05-27,22,"Honeycutt School","Ozone","Cumberland",35.0023035275774,-78.9916923423935
"1678",2025-05-28,22,"Honeycutt School","Ozone","Cumberland",35.0023035275774,-78.9916923423935
"1679",2025-05-29,33,"Honeycutt School","Ozone","Cumberland",35.0023035275774,-78.9916923423935
"1680",2025-05-30,31,"Honeycutt School","Ozone","Cumberland",35.0023035275774,-78.9916923423935
"1681",2025-05-31,45,"Honeycutt School","Ozone","Cumberland",35.0023035275774,-78.9916923423935
"1682",2025-06-01,44,"Honeycutt School","Ozone","Cumberland",35.0023035275774,-78.9916923423935
"1683",2025-06-02,49,"Honeycutt School","Ozone","Cumberland",35.0023035275774,-78.9916923423935
"1684",2025-06-03,48,"Honeycutt School","Ozone","Cumberland",35.0023035275774,-78.9916923423935
"1685",2025-06-04,45,"Honeycutt School","Ozone","Cumberland",35.0023035275774,-78.9916923423935
"1686",2025-06-05,21,"Honeycutt School","Ozone","Cumberland",35.0023035275774,-78.9916923423935
"1687",2025-06-06,35,"Honeycutt School","Ozone","Cumberland",35.0023035275774,-78.9916923423935
"1688",2025-06-07,35,"Honeycutt School","Ozone","Cumberland",35.0023035275774,-78.9916923423935
"1689",2025-06-08,33,"Honeycutt School","Ozone","Cumberland",35.0023035275774,-78.9916923423935
"1690",2025-06-09,44,"Honeycutt School","Ozone","Cumberland",35.0023035275774,-78.9916923423935
"1691",2025-06-10,27,"Honeycutt School","Ozone","Cumberland",35.0023035275774,-78.9916923423935
"1692",2025-06-11,36,"Honeycutt School","Ozone","Cumberland",35.0023035275774,-78.9916923423935
"1693",2025-06-12,31,"Honeycutt School","Ozone","Cumberland",35.0023035275774,-78.9916923423935
"1694",2025-06-13,25,"Honeycutt School","Ozone","Cumberland",35.0023035275774,-78.9916923423935
"1695",2025-06-14,25,"Honeycutt School","Ozone","Cumberland",35.0023035275774,-78.9916923423935
"1696",2025-06-15,25,"Honeycutt School","Ozone","Cumberland",35.0023035275774,-78.9916923423935
"1697",2025-06-16,29,"Honeycutt School","Ozone","Cumberland",35.0023035275774,-78.9916923423935
"1698",2025-06-17,30,"Honeycutt School","Ozone","Cumberland",35.0023035275774,-78.9916923423935
"1699",2025-06-18,30,"Honeycutt School","Ozone","Cumberland",35.0023035275774,-78.9916923423935
"1700",2025-06-19,34,"Honeycutt School","Ozone","Cumberland",35.0023035275774,-78.9916923423935
"1701",2025-06-20,45,"Honeycutt School","Ozone","Cumberland",35.0023035275774,-78.9916923423935
"1702",2025-06-21,44,"Honeycutt School","Ozone","Cumberland",35.0023035275774,-78.9916923423935
"1703",2025-06-22,44,"Honeycutt School","Ozone","Cumberland",35.0023035275774,-78.9916923423935
"1704",2025-06-23,44,"Honeycutt School","Ozone","Cumberland",35.0023035275774,-78.9916923423935
"1705",2025-06-24,54,"Honeycutt School","Ozone","Cumberland",35.0023035275774,-78.9916923423935
"1706",2025-06-25,42,"Honeycutt School","Ozone","Cumberland",35.0023035275774,-78.9916923423935
"1707",2025-06-26,49,"Honeycutt School","Ozone","Cumberland",35.0023035275774,-78.9916923423935
"1708",2025-06-27,44,"Honeycutt School","Ozone","Cumberland",35.0023035275774,-78.9916923423935
"1709",2025-06-28,36,"Honeycutt School","Ozone","Cumberland",35.0023035275774,-78.9916923423935
"1710",2025-06-29,38,"Honeycutt School","Ozone","Cumberland",35.0023035275774,-78.9916923423935
"1711",2025-06-30,30,"Honeycutt School","Ozone","Cumberland",35.0023035275774,-78.9916923423935
"1712",2025-07-01,33,"Honeycutt School","Ozone","Cumberland",35.0023035275774,-78.9916923423935
"1713",2025-07-02,30,"Honeycutt School","Ozone","Cumberland",35.0023035275774,-78.9916923423935
"1714",2025-07-03,40,"Honeycutt School","Ozone","Cumberland",35.0023035275774,-78.9916923423935
"1715",2025-07-04,47,"Honeycutt School","Ozone","Cumberland",35.0023035275774,-78.9916923423935
"1716",2025-07-05,43,"Honeycutt School","Ozone","Cumberland",35.0023035275774,-78.9916923423935
"1717",2025-07-06,21,"Honeycutt School","Ozone","Cumberland",35.0023035275774,-78.9916923423935
"1718",2025-07-07,37,"Honeycutt School","Ozone","Cumberland",35.0023035275774,-78.9916923423935
"1719",2025-07-08,32,"Honeycutt School","Ozone","Cumberland",35.0023035275774,-78.9916923423935
"1720",2025-07-09,27,"Honeycutt School","Ozone","Cumberland",35.0023035275774,-78.9916923423935
"1721",2025-07-10,33,"Honeycutt School","Ozone","Cumberland",35.0023035275774,-78.9916923423935
"1722",2025-07-11,34,"Honeycutt School","Ozone","Cumberland",35.0023035275774,-78.9916923423935
"1723",2025-07-12,37,"Honeycutt School","Ozone","Cumberland",35.0023035275774,-78.9916923423935
"1724",2025-07-13,36,"Honeycutt School","Ozone","Cumberland",35.0023035275774,-78.9916923423935
"1725",2025-07-14,30,"Honeycutt School","Ozone","Cumberland",35.0023035275774,-78.9916923423935
"1726",2025-07-15,31,"Honeycutt School","Ozone","Cumberland",35.0023035275774,-78.9916923423935
"1727",2025-07-16,27,"Honeycutt School","Ozone","Cumberland",35.0023035275774,-78.9916923423935
"1728",2025-07-17,29,"Honeycutt School","Ozone","Cumberland",35.0023035275774,-78.9916923423935
"1729",2025-07-18,29,"Honeycutt School","Ozone","Cumberland",35.0023035275774,-78.9916923423935
"1730",2025-07-19,32,"Honeycutt School","Ozone","Cumberland",35.0023035275774,-78.9916923423935
"1731",2025-07-20,35,"Honeycutt School","Ozone","Cumberland",35.0023035275774,-78.9916923423935
"1732",2025-07-21,33,"Honeycutt School","Ozone","Cumberland",35.0023035275774,-78.9916923423935
"1733",2025-07-22,41,"Honeycutt School","Ozone","Cumberland",35.0023035275774,-78.9916923423935
"1734",2025-07-23,40,"Honeycutt School","Ozone","Cumberland",35.0023035275774,-78.9916923423935
"1735",2025-07-24,39,"Honeycutt School","Ozone","Cumberland",35.0023035275774,-78.9916923423935
"1736",2025-07-25,36,"Honeycutt School","Ozone","Cumberland",35.0023035275774,-78.9916923423935
"1737",2025-07-26,38,"Honeycutt School","Ozone","Cumberland",35.0023035275774,-78.9916923423935
"1738",2025-07-27,34,"Honeycutt School","Ozone","Cumberland",35.0023035275774,-78.9916923423935
"1739",2025-07-28,39,"Honeycutt School","Ozone","Cumberland",35.0023035275774,-78.9916923423935
"1740",2025-07-29,43,"Honeycutt School","Ozone","Cumberland",35.0023035275774,-78.9916923423935
"1741",2025-07-30,36,"Honeycutt School","Ozone","Cumberland",35.0023035275774,-78.9916923423935
"1742",2025-07-31,40,"Honeycutt School","Ozone","Cumberland",35.0023035275774,-78.9916923423935
"1743",2025-08-01,39,"Honeycutt School","Ozone","Cumberland",35.0023035275774,-78.9916923423935
"1744",2025-08-02,28,"Honeycutt School","Ozone","Cumberland",35.0023035275774,-78.9916923423935
"1745",2025-08-03,39,"Honeycutt School","Ozone","Cumberland",35.0023035275774,-78.9916923423935
"1746",2025-08-04,38,"Honeycutt School","Ozone","Cumberland",35.0023035275774,-78.9916923423935
"1747",2025-08-05,31,"Honeycutt School","Ozone","Cumberland",35.0023035275774,-78.9916923423935
"1748",2025-08-06,26,"Honeycutt School","Ozone","Cumberland",35.0023035275774,-78.9916923423935
"1749",2025-08-07,25,"Honeycutt School","Ozone","Cumberland",35.0023035275774,-78.9916923423935
"1750",2025-08-08,28,"Honeycutt School","Ozone","Cumberland",35.0023035275774,-78.9916923423935
"1751",2025-08-09,31,"Honeycutt School","Ozone","Cumberland",35.0023035275774,-78.9916923423935
"1752",2025-08-10,23,"Honeycutt School","Ozone","Cumberland",35.0023035275774,-78.9916923423935
"1753",2025-08-11,17,"Honeycutt School","Ozone","Cumberland",35.0023035275774,-78.9916923423935
"1754",2025-08-12,18,"Honeycutt School","Ozone","Cumberland",35.0023035275774,-78.9916923423935
"1755",2025-08-13,23,"Honeycutt School","Ozone","Cumberland",35.0023035275774,-78.9916923423935
"1756",2025-08-14,23,"Honeycutt School","Ozone","Cumberland",35.0023035275774,-78.9916923423935
"1757",2025-08-15,40,"Honeycutt School","Ozone","Cumberland",35.0023035275774,-78.9916923423935
"1758",2025-08-16,30,"Honeycutt School","Ozone","Cumberland",35.0023035275774,-78.9916923423935
"1759",2025-08-17,38,"Honeycutt School","Ozone","Cumberland",35.0023035275774,-78.9916923423935
"1760",2025-08-18,39,"Honeycutt School","Ozone","Cumberland",35.0023035275774,-78.9916923423935
"1761",2025-08-19,33,"Honeycutt School","Ozone","Cumberland",35.0023035275774,-78.9916923423935
"1762",2025-08-20,31,"Honeycutt School","Ozone","Cumberland",35.0023035275774,-78.9916923423935
"1763",2025-08-21,28,"Honeycutt School","Ozone","Cumberland",35.0023035275774,-78.9916923423935
"1764",2025-08-22,29,"Honeycutt School","Ozone","Cumberland",35.0023035275774,-78.9916923423935
"1765",2025-08-23,35,"Honeycutt School","Ozone","Cumberland",35.0023035275774,-78.9916923423935
"1766",2025-08-24,30,"Honeycutt School","Ozone","Cumberland",35.0023035275774,-78.9916923423935
"1767",2025-08-25,36,"Honeycutt School","Ozone","Cumberland",35.0023035275774,-78.9916923423935
"1768",2025-08-26,39,"Honeycutt School","Ozone","Cumberland",35.0023035275774,-78.9916923423935
"1769",2025-08-27,42,"Honeycutt School","Ozone","Cumberland",35.0023035275774,-78.9916923423935
"1770",2025-08-28,42,"Honeycutt School","Ozone","Cumberland",35.0023035275774,-78.9916923423935
"1771",2025-08-29,44,"Honeycutt School","Ozone","Cumberland",35.0023035275774,-78.9916923423935
"1772",2025-08-30,46,"Honeycutt School","Ozone","Cumberland",35.0023035275774,-78.9916923423935
"1773",2025-08-31,38,"Honeycutt School","Ozone","Cumberland",35.0023035275774,-78.9916923423935
"1774",2025-09-01,33,"Honeycutt School","Ozone","Cumberland",35.0023035275774,-78.9916923423935
"1775",2025-09-02,36,"Honeycutt School","Ozone","Cumberland",35.0023035275774,-78.9916923423935
"1776",2025-09-03,42,"Honeycutt School","Ozone","Cumberland",35.0023035275774,-78.9916923423935
"1777",2025-09-04,45,"Honeycutt School","Ozone","Cumberland",35.0023035275774,-78.9916923423935
"1778",2025-09-05,42,"Honeycutt School","Ozone","Cumberland",35.0023035275774,-78.9916923423935
"1779",2025-09-06,40,"Honeycutt School","Ozone","Cumberland",35.0023035275774,-78.9916923423935
"1780",2025-09-07,26,"Honeycutt School","Ozone","Cumberland",35.0023035275774,-78.9916923423935
"1781",2025-09-08,38,"Honeycutt School","Ozone","Cumberland",35.0023035275774,-78.9916923423935
"1782",2025-09-09,34,"Honeycutt School","Ozone","Cumberland",35.0023035275774,-78.9916923423935
"1783",2025-09-10,25,"Honeycutt School","Ozone","Cumberland",35.0023035275774,-78.9916923423935
"1784",2025-09-11,27,"Honeycutt School","Ozone","Cumberland",35.0023035275774,-78.9916923423935
"1785",2025-09-12,38,"Honeycutt School","Ozone","Cumberland",35.0023035275774,-78.9916923423935
"1786",2025-09-13,40,"Honeycutt School","Ozone","Cumberland",35.0023035275774,-78.9916923423935
"1787",2025-09-14,39,"Honeycutt School","Ozone","Cumberland",35.0023035275774,-78.9916923423935
"1788",2025-09-15,43,"Honeycutt School","Ozone","Cumberland",35.0023035275774,-78.9916923423935
"1789",2025-09-16,41,"Honeycutt School","Ozone","Cumberland",35.0023035275774,-78.9916923423935
"1790",2025-09-17,42,"Honeycutt School","Ozone","Cumberland",35.0023035275774,-78.9916923423935
"1791",2025-09-18,39,"Honeycutt School","Ozone","Cumberland",35.0023035275774,-78.9916923423935
"1792",2025-09-19,46,"Honeycutt School","Ozone","Cumberland",35.0023035275774,-78.9916923423935
"1793",2025-09-20,47,"Honeycutt School","Ozone","Cumberland",35.0023035275774,-78.9916923423935
"1794",2025-09-21,42,"Honeycutt School","Ozone","Cumberland",35.0023035275774,-78.9916923423935
"1795",2025-09-22,42,"Honeycutt School","Ozone","Cumberland",35.0023035275774,-78.9916923423935
"1796",2025-09-23,43,"Honeycutt School","Ozone","Cumberland",35.0023035275774,-78.9916923423935
"1797",2025-09-24,44,"Honeycutt School","Ozone","Cumberland",35.0023035275774,-78.9916923423935
"1798",2025-09-25,32,"Honeycutt School","Ozone","Cumberland",35.0023035275774,-78.9916923423935
"1799",2025-09-26,31,"Honeycutt School","Ozone","Cumberland",35.0023035275774,-78.9916923423935
"1800",2025-09-27,30,"Honeycutt School","Ozone","Cumberland",35.0023035275774,-78.9916923423935
"1801",2025-09-28,31,"Honeycutt School","Ozone","Cumberland",35.0023035275774,-78.9916923423935
"1802",2025-09-29,22,"Honeycutt School","Ozone","Cumberland",35.0023035275774,-78.9916923423935
"1803",2025-09-30,30,"Honeycutt School","Ozone","Cumberland",35.0023035275774,-78.9916923423935
"1804",2025-10-01,32,"Honeycutt School","Ozone","Cumberland",35.0023035275774,-78.9916923423935
"1805",2025-10-02,29,"Honeycutt School","Ozone","Cumberland",35.0023035275774,-78.9916923423935
"1806",2025-10-03,33,"Honeycutt School","Ozone","Cumberland",35.0023035275774,-78.9916923423935
"1807",2025-10-04,31,"Honeycutt School","Ozone","Cumberland",35.0023035275774,-78.9916923423935
"1808",2025-10-05,30,"Honeycutt School","Ozone","Cumberland",35.0023035275774,-78.9916923423935
"1809",2025-10-06,28,"Honeycutt School","Ozone","Cumberland",35.0023035275774,-78.9916923423935
"1810",2025-10-07,29,"Honeycutt School","Ozone","Cumberland",35.0023035275774,-78.9916923423935
"1811",2025-10-08,27,"Honeycutt School","Ozone","Cumberland",35.0023035275774,-78.9916923423935
"1812",2025-10-09,34,"Honeycutt School","Ozone","Cumberland",35.0023035275774,-78.9916923423935
"1813",2025-10-10,32,"Honeycutt School","Ozone","Cumberland",35.0023035275774,-78.9916923423935
"1814",2025-10-11,24,"Honeycutt School","Ozone","Cumberland",35.0023035275774,-78.9916923423935
"1815",2025-10-12,27,"Honeycutt School","Ozone","Cumberland",35.0023035275774,-78.9916923423935
"1816",2025-10-13,25,"Honeycutt School","Ozone","Cumberland",35.0023035275774,-78.9916923423935
"1817",2025-10-14,25,"Honeycutt School","Ozone","Cumberland",35.0023035275774,-78.9916923423935
"1818",2025-10-15,35,"Honeycutt School","Ozone","Cumberland",35.0023035275774,-78.9916923423935
"1819",2025-10-16,33,"Honeycutt School","Ozone","Cumberland",35.0023035275774,-78.9916923423935
"1820",2025-10-17,35,"Honeycutt School","Ozone","Cumberland",35.0023035275774,-78.9916923423935
"1821",2025-10-18,40,"Honeycutt School","Ozone","Cumberland",35.0023035275774,-78.9916923423935
"1822",2025-10-19,38,"Honeycutt School","Ozone","Cumberland",35.0023035275774,-78.9916923423935
"1823",2025-10-20,31,"Honeycutt School","Ozone","Cumberland",35.0023035275774,-78.9916923423935
"1824",2025-10-21,43,"Honeycutt School","Ozone","Cumberland",35.0023035275774,-78.9916923423935
"1825",2025-10-22,37,"Honeycutt School","Ozone","Cumberland",35.0023035275774,-78.9916923423935
"1826",2025-10-23,37,"Honeycutt School","Ozone","Cumberland",35.0023035275774,-78.9916923423935
"1827",2025-10-24,34,"Honeycutt School","Ozone","Cumberland",35.0023035275774,-78.9916923423935
"1828",2025-10-25,31,"Honeycutt School","Ozone","Cumberland",35.0023035275774,-78.9916923423935
"1829",2025-10-26,31,"Honeycutt School","Ozone","Cumberland",35.0023035275774,-78.9916923423935
"1830",2025-10-27,30,"Honeycutt School","Ozone","Cumberland",35.0023035275774,-78.9916923423935
"1831",2025-10-28,24,"Honeycutt School","Ozone","Cumberland",35.0023035275774,-78.9916923423935
"1832",2025-10-29,11,"Honeycutt School","Ozone","Cumberland",35.0023035275774,-78.9916923423935
"1833",2025-10-30,23,"Honeycutt School","Ozone","Cumberland",35.0023035275774,-78.9916923423935
"1834",2025-10-31,33,"Honeycutt School","Ozone","Cumberland",35.0023035275774,-78.9916923423935
"1835",2025-11-01,31,"Honeycutt School","Ozone","Cumberland",35.0023035275774,-78.9916923423935
"1836",2025-11-02,31,"Honeycutt School","Ozone","Cumberland",35.0023035275774,-78.9916923423935
"1837",2025-03-01,54,"Wade School","Ozone","Cumberland",35.1487,-78.7068
"1838",2025-03-02,41,"Wade School","Ozone","Cumberland",35.1487,-78.7068
"1839",2025-03-03,44,"Wade School","Ozone","Cumberland",35.1487,-78.7068
"1840",2025-03-04,44,"Wade School","Ozone","Cumberland",35.1487,-78.7068
"1841",2025-03-05,40,"Wade School","Ozone","Cumberland",35.1487,-78.7068
"1842",2025-03-06,36,"Wade School","Ozone","Cumberland",35.1487,-78.7068
"1843",2025-03-07,38,"Wade School","Ozone","Cumberland",35.1487,-78.7068
"1844",2025-03-08,48,"Wade School","Ozone","Cumberland",35.1487,-78.7068
"1845",2025-03-09,44,"Wade School","Ozone","Cumberland",35.1487,-78.7068
"1846",2025-03-10,36,"Wade School","Ozone","Cumberland",35.1487,-78.7068
"1847",2025-03-11,51,"Wade School","Ozone","Cumberland",35.1487,-78.7068
"1848",2025-03-12,71,"Wade School","Ozone","Cumberland",35.1487,-78.7068
"1849",2025-03-13,64,"Wade School","Ozone","Cumberland",35.1487,-78.7068
"1850",2025-03-14,31,"Wade School","Ozone","Cumberland",35.1487,-78.7068
"1851",2025-03-15,42,"Wade School","Ozone","Cumberland",35.1487,-78.7068
"1852",2025-03-16,34,"Wade School","Ozone","Cumberland",35.1487,-78.7068
"1853",2025-03-17,31,"Wade School","Ozone","Cumberland",35.1487,-78.7068
"1854",2025-03-18,44,"Wade School","Ozone","Cumberland",35.1487,-78.7068
"1855",2025-03-19,64,"Wade School","Ozone","Cumberland",35.1487,-78.7068
"1856",2025-03-20,43,"Wade School","Ozone","Cumberland",35.1487,-78.7068
"1857",2025-03-21,43,"Wade School","Ozone","Cumberland",35.1487,-78.7068
"1858",2025-03-22,51,"Wade School","Ozone","Cumberland",35.1487,-78.7068
"1859",2025-03-23,46,"Wade School","Ozone","Cumberland",35.1487,-78.7068
"1860",2025-03-24,44,"Wade School","Ozone","Cumberland",35.1487,-78.7068
"1861",2025-03-25,51,"Wade School","Ozone","Cumberland",35.1487,-78.7068
"1862",2025-03-26,46,"Wade School","Ozone","Cumberland",35.1487,-78.7068
"1863",2025-03-27,50,"Wade School","Ozone","Cumberland",35.1487,-78.7068
"1864",2025-03-28,61,"Wade School","Ozone","Cumberland",35.1487,-78.7068
"1865",2025-03-29,44,"Wade School","Ozone","Cumberland",35.1487,-78.7068
"1866",2025-03-30,39,"Wade School","Ozone","Cumberland",35.1487,-78.7068
"1867",2025-03-31,34,"Wade School","Ozone","Cumberland",35.1487,-78.7068
"1868",2025-04-01,34,"Wade School","Ozone","Cumberland",35.1487,-78.7068
"1869",2025-04-02,39,"Wade School","Ozone","Cumberland",35.1487,-78.7068
"1870",2025-04-03,30,"Wade School","Ozone","Cumberland",35.1487,-78.7068
"1871",2025-04-04,34,"Wade School","Ozone","Cumberland",35.1487,-78.7068
"1872",2025-04-05,33,"Wade School","Ozone","Cumberland",35.1487,-78.7068
"1873",2025-04-06,34,"Wade School","Ozone","Cumberland",35.1487,-78.7068
"1874",2025-04-07,32,"Wade School","Ozone","Cumberland",35.1487,-78.7068
"1875",2025-04-08,49,"Wade School","Ozone","Cumberland",35.1487,-78.7068
"1876",2025-04-09,47,"Wade School","Ozone","Cumberland",35.1487,-78.7068
"1877",2025-04-10,48,"Wade School","Ozone","Cumberland",35.1487,-78.7068
"1878",2025-04-11,42,"Wade School","Ozone","Cumberland",35.1487,-78.7068
"1879",2025-04-12,37,"Wade School","Ozone","Cumberland",35.1487,-78.7068
"1880",2025-04-13,45,"Wade School","Ozone","Cumberland",35.1487,-78.7068
"1881",2025-04-14,67,"Wade School","Ozone","Cumberland",35.1487,-78.7068
"1882",2025-04-15,47,"Wade School","Ozone","Cumberland",35.1487,-78.7068
"1883",2025-04-16,47,"Wade School","Ozone","Cumberland",35.1487,-78.7068
"1884",2025-04-17,54,"Wade School","Ozone","Cumberland",35.1487,-78.7068
"1885",2025-04-18,54,"Wade School","Ozone","Cumberland",35.1487,-78.7068
"1886",2025-04-19,45,"Wade School","Ozone","Cumberland",35.1487,-78.7068
"1887",2025-04-20,42,"Wade School","Ozone","Cumberland",35.1487,-78.7068
"1888",2025-04-21,48,"Wade School","Ozone","Cumberland",35.1487,-78.7068
"1889",2025-04-22,46,"Wade School","Ozone","Cumberland",35.1487,-78.7068
"1890",2025-04-23,42,"Wade School","Ozone","Cumberland",35.1487,-78.7068
"1891",2025-04-24,58,"Wade School","Ozone","Cumberland",35.1487,-78.7068
"1892",2025-04-25,48,"Wade School","Ozone","Cumberland",35.1487,-78.7068
"1893",2025-04-26,40,"Wade School","Ozone","Cumberland",35.1487,-78.7068
"1894",2025-04-27,48,"Wade School","Ozone","Cumberland",35.1487,-78.7068
"1895",2025-04-28,58,"Wade School","Ozone","Cumberland",35.1487,-78.7068
"1896",2025-04-29,50,"Wade School","Ozone","Cumberland",35.1487,-78.7068
"1897",2025-04-30,45,"Wade School","Ozone","Cumberland",35.1487,-78.7068
"1898",2025-05-01,46,"Wade School","Ozone","Cumberland",35.1487,-78.7068
"1899",2025-05-02,45,"Wade School","Ozone","Cumberland",35.1487,-78.7068
"1900",2025-05-03,41,"Wade School","Ozone","Cumberland",35.1487,-78.7068
"1901",2025-05-04,41,"Wade School","Ozone","Cumberland",35.1487,-78.7068
"1902",2025-05-05,44,"Wade School","Ozone","Cumberland",35.1487,-78.7068
"1903",2025-05-06,49,"Wade School","Ozone","Cumberland",35.1487,-78.7068
"1904",2025-05-07,51,"Wade School","Ozone","Cumberland",35.1487,-78.7068
"1905",2025-05-08,46,"Wade School","Ozone","Cumberland",35.1487,-78.7068
"1906",2025-05-09,46,"Wade School","Ozone","Cumberland",35.1487,-78.7068
"1907",2025-05-10,47,"Wade School","Ozone","Cumberland",35.1487,-78.7068
"1908",2025-05-11,26,"Wade School","Ozone","Cumberland",35.1487,-78.7068
"1909",2025-05-12,25,"Wade School","Ozone","Cumberland",35.1487,-78.7068
"1910",2025-05-13,35,"Wade School","Ozone","Cumberland",35.1487,-78.7068
"1911",2025-05-14,39,"Wade School","Ozone","Cumberland",35.1487,-78.7068
"1912",2025-05-15,47,"Wade School","Ozone","Cumberland",35.1487,-78.7068
"1913",2025-05-16,44,"Wade School","Ozone","Cumberland",35.1487,-78.7068
"1914",2025-05-17,44,"Wade School","Ozone","Cumberland",35.1487,-78.7068
"1915",2025-05-18,48,"Wade School","Ozone","Cumberland",35.1487,-78.7068
"1916",2025-05-19,49,"Wade School","Ozone","Cumberland",35.1487,-78.7068
"1917",2025-05-20,49,"Wade School","Ozone","Cumberland",35.1487,-78.7068
"1918",2025-05-21,46,"Wade School","Ozone","Cumberland",35.1487,-78.7068
"1919",2025-05-22,54,"Wade School","Ozone","Cumberland",35.1487,-78.7068
"1920",2025-05-23,49,"Wade School","Ozone","Cumberland",35.1487,-78.7068
"1921",2025-05-24,45,"Wade School","Ozone","Cumberland",35.1487,-78.7068
"1922",2025-05-25,42,"Wade School","Ozone","Cumberland",35.1487,-78.7068
"1923",2025-05-26,35,"Wade School","Ozone","Cumberland",35.1487,-78.7068
"1924",2025-05-27,27,"Wade School","Ozone","Cumberland",35.1487,-78.7068
"1925",2025-05-28,24,"Wade School","Ozone","Cumberland",35.1487,-78.7068
"1926",2025-05-29,33,"Wade School","Ozone","Cumberland",35.1487,-78.7068
"1927",2025-05-30,35,"Wade School","Ozone","Cumberland",35.1487,-78.7068
"1928",2025-05-31,48,"Wade School","Ozone","Cumberland",35.1487,-78.7068
"1929",2025-06-01,44,"Wade School","Ozone","Cumberland",35.1487,-78.7068
"1930",2025-06-02,48,"Wade School","Ozone","Cumberland",35.1487,-78.7068
"1931",2025-06-03,49,"Wade School","Ozone","Cumberland",35.1487,-78.7068
"1932",2025-06-04,51,"Wade School","Ozone","Cumberland",35.1487,-78.7068
"1933",2025-06-05,24,"Wade School","Ozone","Cumberland",35.1487,-78.7068
"1934",2025-06-06,36,"Wade School","Ozone","Cumberland",35.1487,-78.7068
"1935",2025-06-07,38,"Wade School","Ozone","Cumberland",35.1487,-78.7068
"1936",2025-06-08,33,"Wade School","Ozone","Cumberland",35.1487,-78.7068
"1937",2025-06-09,46,"Wade School","Ozone","Cumberland",35.1487,-78.7068
"1938",2025-06-10,29,"Wade School","Ozone","Cumberland",35.1487,-78.7068
"1939",2025-06-11,40,"Wade School","Ozone","Cumberland",35.1487,-78.7068
"1940",2025-06-12,31,"Wade School","Ozone","Cumberland",35.1487,-78.7068
"1941",2025-06-13,28,"Wade School","Ozone","Cumberland",35.1487,-78.7068
"1942",2025-06-14,28,"Wade School","Ozone","Cumberland",35.1487,-78.7068
"1943",2025-06-15,27,"Wade School","Ozone","Cumberland",35.1487,-78.7068
"1944",2025-06-16,28,"Wade School","Ozone","Cumberland",35.1487,-78.7068
"1945",2025-06-17,31,"Wade School","Ozone","Cumberland",35.1487,-78.7068
"1946",2025-06-18,31,"Wade School","Ozone","Cumberland",35.1487,-78.7068
"1947",2025-06-19,36,"Wade School","Ozone","Cumberland",35.1487,-78.7068
"1948",2025-06-20,44,"Wade School","Ozone","Cumberland",35.1487,-78.7068
"1949",2025-06-21,42,"Wade School","Ozone","Cumberland",35.1487,-78.7068
"1950",2025-06-22,46,"Wade School","Ozone","Cumberland",35.1487,-78.7068
"1951",2025-06-23,45,"Wade School","Ozone","Cumberland",35.1487,-78.7068
"1952",2025-06-24,54,"Wade School","Ozone","Cumberland",35.1487,-78.7068
"1953",2025-06-25,41,"Wade School","Ozone","Cumberland",35.1487,-78.7068
"1954",2025-06-26,51,"Wade School","Ozone","Cumberland",35.1487,-78.7068
"1955",2025-06-27,48,"Wade School","Ozone","Cumberland",35.1487,-78.7068
"1956",2025-06-28,39,"Wade School","Ozone","Cumberland",35.1487,-78.7068
"1957",2025-06-29,39,"Wade School","Ozone","Cumberland",35.1487,-78.7068
"1958",2025-06-30,31,"Wade School","Ozone","Cumberland",35.1487,-78.7068
"1959",2025-07-01,35,"Wade School","Ozone","Cumberland",35.1487,-78.7068
"1960",2025-07-02,26,"Wade School","Ozone","Cumberland",35.1487,-78.7068
"1961",2025-07-03,43,"Wade School","Ozone","Cumberland",35.1487,-78.7068
"1962",2025-07-04,51,"Wade School","Ozone","Cumberland",35.1487,-78.7068
"1963",2025-07-05,45,"Wade School","Ozone","Cumberland",35.1487,-78.7068
"1964",2025-07-06,23,"Wade School","Ozone","Cumberland",35.1487,-78.7068
"1965",2025-07-07,37,"Wade School","Ozone","Cumberland",35.1487,-78.7068
"1966",2025-07-08,33,"Wade School","Ozone","Cumberland",35.1487,-78.7068
"1967",2025-07-09,29,"Wade School","Ozone","Cumberland",35.1487,-78.7068
"1968",2025-07-10,37,"Wade School","Ozone","Cumberland",35.1487,-78.7068
"1969",2025-07-11,41,"Wade School","Ozone","Cumberland",35.1487,-78.7068
"1970",2025-07-12,37,"Wade School","Ozone","Cumberland",35.1487,-78.7068
"1971",2025-07-13,37,"Wade School","Ozone","Cumberland",35.1487,-78.7068
"1972",2025-07-14,31,"Wade School","Ozone","Cumberland",35.1487,-78.7068
"1973",2025-07-15,31,"Wade School","Ozone","Cumberland",35.1487,-78.7068
"1974",2025-07-16,28,"Wade School","Ozone","Cumberland",35.1487,-78.7068
"1975",2025-07-17,31,"Wade School","Ozone","Cumberland",35.1487,-78.7068
"1976",2025-07-18,32,"Wade School","Ozone","Cumberland",35.1487,-78.7068
"1977",2025-07-19,35,"Wade School","Ozone","Cumberland",35.1487,-78.7068
"1978",2025-07-20,32,"Wade School","Ozone","Cumberland",35.1487,-78.7068
"1979",2025-07-21,35,"Wade School","Ozone","Cumberland",35.1487,-78.7068
"1980",2025-07-22,43,"Wade School","Ozone","Cumberland",35.1487,-78.7068
"1981",2025-07-23,40,"Wade School","Ozone","Cumberland",35.1487,-78.7068
"1982",2025-07-24,38,"Wade School","Ozone","Cumberland",35.1487,-78.7068
"1983",2025-07-25,43,"Wade School","Ozone","Cumberland",35.1487,-78.7068
"1984",2025-07-26,41,"Wade School","Ozone","Cumberland",35.1487,-78.7068
"1985",2025-07-27,39,"Wade School","Ozone","Cumberland",35.1487,-78.7068
"1986",2025-07-28,45,"Wade School","Ozone","Cumberland",35.1487,-78.7068
"1987",2025-07-29,41,"Wade School","Ozone","Cumberland",35.1487,-78.7068
"1988",2025-07-30,34,"Wade School","Ozone","Cumberland",35.1487,-78.7068
"1989",2025-07-31,40,"Wade School","Ozone","Cumberland",35.1487,-78.7068
"1990",2025-08-01,36,"Wade School","Ozone","Cumberland",35.1487,-78.7068
"1991",2025-08-02,32,"Wade School","Ozone","Cumberland",35.1487,-78.7068
"1992",2025-08-03,40,"Wade School","Ozone","Cumberland",35.1487,-78.7068
"1993",2025-08-04,39,"Wade School","Ozone","Cumberland",35.1487,-78.7068
"1994",2025-08-05,31,"Wade School","Ozone","Cumberland",35.1487,-78.7068
"1995",2025-08-06,23,"Wade School","Ozone","Cumberland",35.1487,-78.7068
"1996",2025-08-07,28,"Wade School","Ozone","Cumberland",35.1487,-78.7068
"1997",2025-08-08,31,"Wade School","Ozone","Cumberland",35.1487,-78.7068
"1998",2025-08-09,32,"Wade School","Ozone","Cumberland",35.1487,-78.7068
"1999",2025-08-10,26,"Wade School","Ozone","Cumberland",35.1487,-78.7068
"2000",2025-08-11,18,"Wade School","Ozone","Cumberland",35.1487,-78.7068
"2001",2025-08-12,17,"Wade School","Ozone","Cumberland",35.1487,-78.7068
"2002",2025-08-13,23,"Wade School","Ozone","Cumberland",35.1487,-78.7068
"2003",2025-08-14,25,"Wade School","Ozone","Cumberland",35.1487,-78.7068
"2004",2025-08-15,38,"Wade School","Ozone","Cumberland",35.1487,-78.7068
"2005",2025-08-16,32,"Wade School","Ozone","Cumberland",35.1487,-78.7068
"2006",2025-08-17,39,"Wade School","Ozone","Cumberland",35.1487,-78.7068
"2007",2025-08-18,42,"Wade School","Ozone","Cumberland",35.1487,-78.7068
"2008",2025-08-19,34,"Wade School","Ozone","Cumberland",35.1487,-78.7068
"2009",2025-08-20,29,"Wade School","Ozone","Cumberland",35.1487,-78.7068
"2010",2025-08-21,29,"Wade School","Ozone","Cumberland",35.1487,-78.7068
"2011",2025-08-22,32,"Wade School","Ozone","Cumberland",35.1487,-78.7068
"2012",2025-08-23,38,"Wade School","Ozone","Cumberland",35.1487,-78.7068
"2013",2025-08-24,32,"Wade School","Ozone","Cumberland",35.1487,-78.7068
"2014",2025-08-25,38,"Wade School","Ozone","Cumberland",35.1487,-78.7068
"2015",2025-08-26,41,"Wade School","Ozone","Cumberland",35.1487,-78.7068
"2016",2025-08-27,44,"Wade School","Ozone","Cumberland",35.1487,-78.7068
"2017",2025-08-28,45,"Wade School","Ozone","Cumberland",35.1487,-78.7068
"2018",2025-08-29,46,"Wade School","Ozone","Cumberland",35.1487,-78.7068
"2019",2025-08-30,50,"Wade School","Ozone","Cumberland",35.1487,-78.7068
"2020",2025-08-31,41,"Wade School","Ozone","Cumberland",35.1487,-78.7068
"2021",2025-09-01,36,"Wade School","Ozone","Cumberland",35.1487,-78.7068
"2022",2025-09-02,39,"Wade School","Ozone","Cumberland",35.1487,-78.7068
"2023",2025-09-03,46,"Wade School","Ozone","Cumberland",35.1487,-78.7068
"2024",2025-09-04,48,"Wade School","Ozone","Cumberland",35.1487,-78.7068
"2025",2025-09-05,45,"Wade School","Ozone","Cumberland",35.1487,-78.7068
"2026",2025-09-06,41,"Wade School","Ozone","Cumberland",35.1487,-78.7068
"2027",2025-09-07,28,"Wade School","Ozone","Cumberland",35.1487,-78.7068
"2028",2025-09-08,42,"Wade School","Ozone","Cumberland",35.1487,-78.7068
"2029",2025-09-09,35,"Wade School","Ozone","Cumberland",35.1487,-78.7068
"2030",2025-09-10,24,"Wade School","Ozone","Cumberland",35.1487,-78.7068
"2031",2025-09-11,26,"Wade School","Ozone","Cumberland",35.1487,-78.7068
"2032",2025-09-12,43,"Wade School","Ozone","Cumberland",35.1487,-78.7068
"2033",2025-09-13,44,"Wade School","Ozone","Cumberland",35.1487,-78.7068
"2034",2025-09-14,42,"Wade School","Ozone","Cumberland",35.1487,-78.7068
"2035",2025-09-15,44,"Wade School","Ozone","Cumberland",35.1487,-78.7068
"2036",2025-09-16,40,"Wade School","Ozone","Cumberland",35.1487,-78.7068
"2037",2025-09-17,43,"Wade School","Ozone","Cumberland",35.1487,-78.7068
"2038",2025-09-18,37,"Wade School","Ozone","Cumberland",35.1487,-78.7068
"2039",2025-09-19,46,"Wade School","Ozone","Cumberland",35.1487,-78.7068
"2040",2025-09-20,51,"Wade School","Ozone","Cumberland",35.1487,-78.7068
"2041",2025-09-21,46,"Wade School","Ozone","Cumberland",35.1487,-78.7068
"2042",2025-09-22,43,"Wade School","Ozone","Cumberland",35.1487,-78.7068
"2043",2025-09-23,46,"Wade School","Ozone","Cumberland",35.1487,-78.7068
"2044",2025-09-24,47,"Wade School","Ozone","Cumberland",35.1487,-78.7068
"2045",2025-09-25,34,"Wade School","Ozone","Cumberland",35.1487,-78.7068
"2046",2025-09-26,35,"Wade School","Ozone","Cumberland",35.1487,-78.7068
"2047",2025-09-27,27,"Wade School","Ozone","Cumberland",35.1487,-78.7068
"2048",2025-09-28,34,"Wade School","Ozone","Cumberland",35.1487,-78.7068
"2049",2025-09-29,23,"Wade School","Ozone","Cumberland",35.1487,-78.7068
"2050",2025-09-30,30,"Wade School","Ozone","Cumberland",35.1487,-78.7068
"2051",2025-10-01,34,"Wade School","Ozone","Cumberland",35.1487,-78.7068
"2052",2025-10-02,30,"Wade School","Ozone","Cumberland",35.1487,-78.7068
"2053",2025-10-03,37,"Wade School","Ozone","Cumberland",35.1487,-78.7068
"2054",2025-10-04,35,"Wade School","Ozone","Cumberland",35.1487,-78.7068
"2055",2025-10-05,32,"Wade School","Ozone","Cumberland",35.1487,-78.7068
"2056",2025-10-06,33,"Wade School","Ozone","Cumberland",35.1487,-78.7068
"2057",2025-10-07,31,"Wade School","Ozone","Cumberland",35.1487,-78.7068
"2058",2025-10-08,28,"Wade School","Ozone","Cumberland",35.1487,-78.7068
"2059",2025-10-09,37,"Wade School","Ozone","Cumberland",35.1487,-78.7068
"2060",2025-10-10,35,"Wade School","Ozone","Cumberland",35.1487,-78.7068
"2061",2025-10-11,24,"Wade School","Ozone","Cumberland",35.1487,-78.7068
"2062",2025-10-12,28,"Wade School","Ozone","Cumberland",35.1487,-78.7068
"2063",2025-10-13,26,"Wade School","Ozone","Cumberland",35.1487,-78.7068
"2064",2025-10-14,26,"Wade School","Ozone","Cumberland",35.1487,-78.7068
"2065",2025-10-15,38,"Wade School","Ozone","Cumberland",35.1487,-78.7068
"2066",2025-10-16,37,"Wade School","Ozone","Cumberland",35.1487,-78.7068
"2067",2025-10-17,40,"Wade School","Ozone","Cumberland",35.1487,-78.7068
"2068",2025-10-18,44,"Wade School","Ozone","Cumberland",35.1487,-78.7068
"2069",2025-10-19,41,"Wade School","Ozone","Cumberland",35.1487,-78.7068
"2070",2025-10-20,35,"Wade School","Ozone","Cumberland",35.1487,-78.7068
"2071",2025-10-21,44,"Wade School","Ozone","Cumberland",35.1487,-78.7068
"2072",2025-10-22,42,"Wade School","Ozone","Cumberland",35.1487,-78.7068
"2073",2025-10-23,39,"Wade School","Ozone","Cumberland",35.1487,-78.7068
"2074",2025-10-24,39,"Wade School","Ozone","Cumberland",35.1487,-78.7068
"2075",2025-10-25,35,"Wade School","Ozone","Cumberland",35.1487,-78.7068
"2076",2025-10-26,33,"Wade School","Ozone","Cumberland",35.1487,-78.7068
"2077",2025-10-27,32,"Wade School","Ozone","Cumberland",35.1487,-78.7068
"2078",2025-10-28,25,"Wade School","Ozone","Cumberland",35.1487,-78.7068
"2079",2025-10-29,17,"Wade School","Ozone","Cumberland",35.1487,-78.7068
"2080",2025-10-30,26,"Wade School","Ozone","Cumberland",35.1487,-78.7068
"2081",2025-10-31,36,"Wade School","Ozone","Cumberland",35.1487,-78.7068
"2082",2025-11-01,35,"Wade School","Ozone","Cumberland",35.1487,-78.7068
"2083",2025-11-02,34,"Wade School","Ozone","Cumberland",35.1487,-78.7068
"2084",2025-03-04,43,"Durham Armory","Ozone","Durham",36.0329550008979,-78.904037
"2085",2025-03-05,37,"Durham Armory","Ozone","Durham",36.0329550008979,-78.904037
"2086",2025-03-06,34,"Durham Armory","Ozone","Durham",36.0329550008979,-78.904037
"2087",2025-03-07,36,"Durham Armory","Ozone","Durham",36.0329550008979,-78.904037
"2088",2025-03-08,42,"Durham Armory","Ozone","Durham",36.0329550008979,-78.904037
"2089",2025-03-09,41,"Durham Armory","Ozone","Durham",36.0329550008979,-78.904037
"2090",2025-03-10,40,"Durham Armory","Ozone","Durham",36.0329550008979,-78.904037
"2091",2025-03-11,48,"Durham Armory","Ozone","Durham",36.0329550008979,-78.904037
"2092",2025-03-12,71,"Durham Armory","Ozone","Durham",36.0329550008979,-78.904037
"2093",2025-03-13,45,"Durham Armory","Ozone","Durham",36.0329550008979,-78.904037
"2094",2025-03-14,31,"Durham Armory","Ozone","Durham",36.0329550008979,-78.904037
"2095",2025-03-15,35,"Durham Armory","Ozone","Durham",36.0329550008979,-78.904037
"2096",2025-03-16,33,"Durham Armory","Ozone","Durham",36.0329550008979,-78.904037
"2097",2025-03-17,31,"Durham Armory","Ozone","Durham",36.0329550008979,-78.904037
"2098",2025-03-18,42,"Durham Armory","Ozone","Durham",36.0329550008979,-78.904037
"2099",2025-03-19,67,"Durham Armory","Ozone","Durham",36.0329550008979,-78.904037
"2100",2025-03-20,39,"Durham Armory","Ozone","Durham",36.0329550008979,-78.904037
"2101",2025-03-21,41,"Durham Armory","Ozone","Durham",36.0329550008979,-78.904037
"2102",2025-03-22,49,"Durham Armory","Ozone","Durham",36.0329550008979,-78.904037
"2103",2025-03-23,46,"Durham Armory","Ozone","Durham",36.0329550008979,-78.904037
"2104",2025-03-24,36,"Durham Armory","Ozone","Durham",36.0329550008979,-78.904037
"2105",2025-03-25,45,"Durham Armory","Ozone","Durham",36.0329550008979,-78.904037
"2106",2025-03-26,44,"Durham Armory","Ozone","Durham",36.0329550008979,-78.904037
"2107",2025-03-27,49,"Durham Armory","Ozone","Durham",36.0329550008979,-78.904037
"2108",2025-03-28,58,"Durham Armory","Ozone","Durham",36.0329550008979,-78.904037
"2109",2025-03-29,41,"Durham Armory","Ozone","Durham",36.0329550008979,-78.904037
"2110",2025-03-30,38,"Durham Armory","Ozone","Durham",36.0329550008979,-78.904037
"2111",2025-03-31,31,"Durham Armory","Ozone","Durham",36.0329550008979,-78.904037
"2112",2025-04-01,31,"Durham Armory","Ozone","Durham",36.0329550008979,-78.904037
"2113",2025-04-02,37,"Durham Armory","Ozone","Durham",36.0329550008979,-78.904037
"2114",2025-04-03,28,"Durham Armory","Ozone","Durham",36.0329550008979,-78.904037
"2115",2025-04-04,31,"Durham Armory","Ozone","Durham",36.0329550008979,-78.904037
"2116",2025-04-05,33,"Durham Armory","Ozone","Durham",36.0329550008979,-78.904037
"2117",2025-04-06,40,"Durham Armory","Ozone","Durham",36.0329550008979,-78.904037
"2118",2025-04-07,24,"Durham Armory","Ozone","Durham",36.0329550008979,-78.904037
"2119",2025-04-08,44,"Durham Armory","Ozone","Durham",36.0329550008979,-78.904037
"2120",2025-04-09,46,"Durham Armory","Ozone","Durham",36.0329550008979,-78.904037
"2121",2025-04-10,44,"Durham Armory","Ozone","Durham",36.0329550008979,-78.904037
"2122",2025-04-11,30,"Durham Armory","Ozone","Durham",36.0329550008979,-78.904037
"2123",2025-04-12,33,"Durham Armory","Ozone","Durham",36.0329550008979,-78.904037
"2124",2025-04-13,43,"Durham Armory","Ozone","Durham",36.0329550008979,-78.904037
"2125",2025-04-14,51,"Durham Armory","Ozone","Durham",36.0329550008979,-78.904037
"2126",2025-04-15,44,"Durham Armory","Ozone","Durham",36.0329550008979,-78.904037
"2127",2025-04-16,44,"Durham Armory","Ozone","Durham",36.0329550008979,-78.904037
"2128",2025-04-17,51,"Durham Armory","Ozone","Durham",36.0329550008979,-78.904037
"2129",2025-04-18,58,"Durham Armory","Ozone","Durham",36.0329550008979,-78.904037
"2130",2025-04-19,41,"Durham Armory","Ozone","Durham",36.0329550008979,-78.904037
"2131",2025-04-20,40,"Durham Armory","Ozone","Durham",36.0329550008979,-78.904037
"2132",2025-04-21,44,"Durham Armory","Ozone","Durham",36.0329550008979,-78.904037
"2133",2025-04-22,40,"Durham Armory","Ozone","Durham",36.0329550008979,-78.904037
"2134",2025-04-23,48,"Durham Armory","Ozone","Durham",36.0329550008979,-78.904037
"2135",2025-04-24,51,"Durham Armory","Ozone","Durham",36.0329550008979,-78.904037
"2136",2025-04-25,36,"Durham Armory","Ozone","Durham",36.0329550008979,-78.904037
"2137",2025-04-26,37,"Durham Armory","Ozone","Durham",36.0329550008979,-78.904037
"2138",2025-04-27,44,"Durham Armory","Ozone","Durham",36.0329550008979,-78.904037
"2139",2025-04-28,61,"Durham Armory","Ozone","Durham",36.0329550008979,-78.904037
"2140",2025-04-29,47,"Durham Armory","Ozone","Durham",36.0329550008979,-78.904037
"2141",2025-04-30,43,"Durham Armory","Ozone","Durham",36.0329550008979,-78.904037
"2142",2025-05-01,42,"Durham Armory","Ozone","Durham",36.0329550008979,-78.904037
"2143",2025-05-02,44,"Durham Armory","Ozone","Durham",36.0329550008979,-78.904037
"2144",2025-05-03,40,"Durham Armory","Ozone","Durham",36.0329550008979,-78.904037
"2145",2025-05-04,39,"Durham Armory","Ozone","Durham",36.0329550008979,-78.904037
"2146",2025-05-05,34,"Durham Armory","Ozone","Durham",36.0329550008979,-78.904037
"2147",2025-05-06,44,"Durham Armory","Ozone","Durham",36.0329550008979,-78.904037
"2148",2025-05-07,44,"Durham Armory","Ozone","Durham",36.0329550008979,-78.904037
"2149",2025-05-08,47,"Durham Armory","Ozone","Durham",36.0329550008979,-78.904037
"2150",2025-05-09,42,"Durham Armory","Ozone","Durham",36.0329550008979,-78.904037
"2151",2025-05-10,43,"Durham Armory","Ozone","Durham",36.0329550008979,-78.904037
"2152",2025-05-11,22,"Durham Armory","Ozone","Durham",36.0329550008979,-78.904037
"2153",2025-05-12,25,"Durham Armory","Ozone","Durham",36.0329550008979,-78.904037
"2154",2025-05-13,30,"Durham Armory","Ozone","Durham",36.0329550008979,-78.904037
"2155",2025-05-14,32,"Durham Armory","Ozone","Durham",36.0329550008979,-78.904037
"2156",2025-05-15,35,"Durham Armory","Ozone","Durham",36.0329550008979,-78.904037
"2157",2025-05-16,35,"Durham Armory","Ozone","Durham",36.0329550008979,-78.904037
"2158",2025-05-17,41,"Durham Armory","Ozone","Durham",36.0329550008979,-78.904037
"2159",2025-05-18,43,"Durham Armory","Ozone","Durham",36.0329550008979,-78.904037
"2160",2025-05-19,48,"Durham Armory","Ozone","Durham",36.0329550008979,-78.904037
"2161",2025-05-20,50,"Durham Armory","Ozone","Durham",36.0329550008979,-78.904037
"2162",2025-05-21,34,"Durham Armory","Ozone","Durham",36.0329550008979,-78.904037
"2163",2025-05-22,45,"Durham Armory","Ozone","Durham",36.0329550008979,-78.904037
"2164",2025-05-23,40,"Durham Armory","Ozone","Durham",36.0329550008979,-78.904037
"2165",2025-05-24,45,"Durham Armory","Ozone","Durham",36.0329550008979,-78.904037
"2166",2025-05-25,41,"Durham Armory","Ozone","Durham",36.0329550008979,-78.904037
"2167",2025-05-26,28,"Durham Armory","Ozone","Durham",36.0329550008979,-78.904037
"2168",2025-05-28,25,"Durham Armory","Ozone","Durham",36.0329550008979,-78.904037
"2169",2025-05-29,30,"Durham Armory","Ozone","Durham",36.0329550008979,-78.904037
"2170",2025-05-30,37,"Durham Armory","Ozone","Durham",36.0329550008979,-78.904037
"2171",2025-05-31,42,"Durham Armory","Ozone","Durham",36.0329550008979,-78.904037
"2172",2025-06-01,44,"Durham Armory","Ozone","Durham",36.0329550008979,-78.904037
"2173",2025-06-02,43,"Durham Armory","Ozone","Durham",36.0329550008979,-78.904037
"2174",2025-06-03,77,"Durham Armory","Ozone","Durham",36.0329550008979,-78.904037
"2175",2025-06-04,71,"Durham Armory","Ozone","Durham",36.0329550008979,-78.904037
"2176",2025-06-05,24,"Durham Armory","Ozone","Durham",36.0329550008979,-78.904037
"2177",2025-06-06,42,"Durham Armory","Ozone","Durham",36.0329550008979,-78.904037
"2178",2025-06-07,36,"Durham Armory","Ozone","Durham",36.0329550008979,-78.904037
"2179",2025-06-08,31,"Durham Armory","Ozone","Durham",36.0329550008979,-78.904037
"2180",2025-06-09,44,"Durham Armory","Ozone","Durham",36.0329550008979,-78.904037
"2181",2025-06-10,33,"Durham Armory","Ozone","Durham",36.0329550008979,-78.904037
"2182",2025-06-11,41,"Durham Armory","Ozone","Durham",36.0329550008979,-78.904037
"2183",2025-06-12,44,"Durham Armory","Ozone","Durham",36.0329550008979,-78.904037
"2184",2025-06-13,26,"Durham Armory","Ozone","Durham",36.0329550008979,-78.904037
"2185",2025-06-14,27,"Durham Armory","Ozone","Durham",36.0329550008979,-78.904037
"2186",2025-06-15,23,"Durham Armory","Ozone","Durham",36.0329550008979,-78.904037
"2187",2025-06-17,32,"Durham Armory","Ozone","Durham",36.0329550008979,-78.904037
"2188",2025-06-18,32,"Durham Armory","Ozone","Durham",36.0329550008979,-78.904037
"2189",2025-06-19,31,"Durham Armory","Ozone","Durham",36.0329550008979,-78.904037
"2190",2025-06-20,47,"Durham Armory","Ozone","Durham",36.0329550008979,-78.904037
"2191",2025-06-21,54,"Durham Armory","Ozone","Durham",36.0329550008979,-78.904037
"2192",2025-06-22,48,"Durham Armory","Ozone","Durham",36.0329550008979,-78.904037
"2193",2025-06-23,42,"Durham Armory","Ozone","Durham",36.0329550008979,-78.904037
"2194",2025-06-24,42,"Durham Armory","Ozone","Durham",36.0329550008979,-78.904037
"2195",2025-06-25,31,"Durham Armory","Ozone","Durham",36.0329550008979,-78.904037
"2196",2025-06-26,67,"Durham Armory","Ozone","Durham",36.0329550008979,-78.904037
"2197",2025-06-27,54,"Durham Armory","Ozone","Durham",36.0329550008979,-78.904037
"2198",2025-06-28,37,"Durham Armory","Ozone","Durham",36.0329550008979,-78.904037
"2199",2025-06-29,41,"Durham Armory","Ozone","Durham",36.0329550008979,-78.904037
"2200",2025-06-30,39,"Durham Armory","Ozone","Durham",36.0329550008979,-78.904037
"2201",2025-07-01,38,"Durham Armory","Ozone","Durham",36.0329550008979,-78.904037
"2202",2025-07-02,26,"Durham Armory","Ozone","Durham",36.0329550008979,-78.904037
"2203",2025-07-03,44,"Durham Armory","Ozone","Durham",36.0329550008979,-78.904037
"2204",2025-07-04,48,"Durham Armory","Ozone","Durham",36.0329550008979,-78.904037
"2205",2025-07-05,47,"Durham Armory","Ozone","Durham",36.0329550008979,-78.904037
"2206",2025-07-06,21,"Durham Armory","Ozone","Durham",36.0329550008979,-78.904037
"2207",2025-07-07,38,"Durham Armory","Ozone","Durham",36.0329550008979,-78.904037
"2208",2025-07-08,41,"Durham Armory","Ozone","Durham",36.0329550008979,-78.904037
"2209",2025-07-09,39,"Durham Armory","Ozone","Durham",36.0329550008979,-78.904037
"2210",2025-07-10,37,"Durham Armory","Ozone","Durham",36.0329550008979,-78.904037
"2211",2025-07-11,37,"Durham Armory","Ozone","Durham",36.0329550008979,-78.904037
"2212",2025-07-12,44,"Durham Armory","Ozone","Durham",36.0329550008979,-78.904037
"2213",2025-07-13,35,"Durham Armory","Ozone","Durham",36.0329550008979,-78.904037
"2214",2025-07-14,36,"Durham Armory","Ozone","Durham",36.0329550008979,-78.904037
"2215",2025-07-15,30,"Durham Armory","Ozone","Durham",36.0329550008979,-78.904037
"2216",2025-07-16,33,"Durham Armory","Ozone","Durham",36.0329550008979,-78.904037
"2217",2025-07-17,31,"Durham Armory","Ozone","Durham",36.0329550008979,-78.904037
"2218",2025-07-18,40,"Durham Armory","Ozone","Durham",36.0329550008979,-78.904037
"2219",2025-07-19,33,"Durham Armory","Ozone","Durham",36.0329550008979,-78.904037
"2220",2025-07-20,31,"Durham Armory","Ozone","Durham",36.0329550008979,-78.904037
"2221",2025-07-21,34,"Durham Armory","Ozone","Durham",36.0329550008979,-78.904037
"2222",2025-07-22,44,"Durham Armory","Ozone","Durham",36.0329550008979,-78.904037
"2223",2025-07-23,41,"Durham Armory","Ozone","Durham",36.0329550008979,-78.904037
"2224",2025-07-24,39,"Durham Armory","Ozone","Durham",36.0329550008979,-78.904037
"2225",2025-07-25,45,"Durham Armory","Ozone","Durham",36.0329550008979,-78.904037
"2226",2025-07-26,38,"Durham Armory","Ozone","Durham",36.0329550008979,-78.904037
"2227",2025-07-27,33,"Durham Armory","Ozone","Durham",36.0329550008979,-78.904037
"2228",2025-07-28,36,"Durham Armory","Ozone","Durham",36.0329550008979,-78.904037
"2229",2025-07-30,54,"Durham Armory","Ozone","Durham",36.0329550008979,-78.904037
"2230",2025-07-31,36,"Durham Armory","Ozone","Durham",36.0329550008979,-78.904037
"2231",2025-08-01,31,"Durham Armory","Ozone","Durham",36.0329550008979,-78.904037
"2232",2025-08-02,31,"Durham Armory","Ozone","Durham",36.0329550008979,-78.904037
"2233",2025-08-03,41,"Durham Armory","Ozone","Durham",36.0329550008979,-78.904037
"2234",2025-08-04,44,"Durham Armory","Ozone","Durham",36.0329550008979,-78.904037
"2235",2025-08-05,36,"Durham Armory","Ozone","Durham",36.0329550008979,-78.904037
"2236",2025-08-06,30,"Durham Armory","Ozone","Durham",36.0329550008979,-78.904037
"2237",2025-08-07,31,"Durham Armory","Ozone","Durham",36.0329550008979,-78.904037
"2238",2025-08-08,37,"Durham Armory","Ozone","Durham",36.0329550008979,-78.904037
"2239",2025-08-09,37,"Durham Armory","Ozone","Durham",36.0329550008979,-78.904037
"2240",2025-08-10,33,"Durham Armory","Ozone","Durham",36.0329550008979,-78.904037
"2241",2025-08-11,25,"Durham Armory","Ozone","Durham",36.0329550008979,-78.904037
"2242",2025-08-12,19,"Durham Armory","Ozone","Durham",36.0329550008979,-78.904037
"2243",2025-08-13,24,"Durham Armory","Ozone","Durham",36.0329550008979,-78.904037
"2244",2025-08-14,29,"Durham Armory","Ozone","Durham",36.0329550008979,-78.904037
"2245",2025-08-15,39,"Durham Armory","Ozone","Durham",36.0329550008979,-78.904037
"2246",2025-08-16,32,"Durham Armory","Ozone","Durham",36.0329550008979,-78.904037
"2247",2025-08-17,39,"Durham Armory","Ozone","Durham",36.0329550008979,-78.904037
"2248",2025-08-18,36,"Durham Armory","Ozone","Durham",36.0329550008979,-78.904037
"2249",2025-08-19,22,"Durham Armory","Ozone","Durham",36.0329550008979,-78.904037
"2250",2025-08-20,29,"Durham Armory","Ozone","Durham",36.0329550008979,-78.904037
"2251",2025-08-21,28,"Durham Armory","Ozone","Durham",36.0329550008979,-78.904037
"2252",2025-08-22,33,"Durham Armory","Ozone","Durham",36.0329550008979,-78.904037
"2253",2025-08-23,40,"Durham Armory","Ozone","Durham",36.0329550008979,-78.904037
"2254",2025-08-24,35,"Durham Armory","Ozone","Durham",36.0329550008979,-78.904037
"2255",2025-08-25,39,"Durham Armory","Ozone","Durham",36.0329550008979,-78.904037
"2256",2025-08-26,38,"Durham Armory","Ozone","Durham",36.0329550008979,-78.904037
"2257",2025-08-27,42,"Durham Armory","Ozone","Durham",36.0329550008979,-78.904037
"2258",2025-08-28,48,"Durham Armory","Ozone","Durham",36.0329550008979,-78.904037
"2259",2025-08-29,44,"Durham Armory","Ozone","Durham",36.0329550008979,-78.904037
"2260",2025-08-30,42,"Durham Armory","Ozone","Durham",36.0329550008979,-78.904037
"2261",2025-08-31,40,"Durham Armory","Ozone","Durham",36.0329550008979,-78.904037
"2262",2025-09-01,37,"Durham Armory","Ozone","Durham",36.0329550008979,-78.904037
"2263",2025-09-02,39,"Durham Armory","Ozone","Durham",36.0329550008979,-78.904037
"2264",2025-09-03,47,"Durham Armory","Ozone","Durham",36.0329550008979,-78.904037
"2265",2025-09-04,45,"Durham Armory","Ozone","Durham",36.0329550008979,-78.904037
"2266",2025-09-05,44,"Durham Armory","Ozone","Durham",36.0329550008979,-78.904037
"2267",2025-09-06,39,"Durham Armory","Ozone","Durham",36.0329550008979,-78.904037
"2268",2025-09-07,25,"Durham Armory","Ozone","Durham",36.0329550008979,-78.904037
"2269",2025-09-08,40,"Durham Armory","Ozone","Durham",36.0329550008979,-78.904037
"2270",2025-09-09,37,"Durham Armory","Ozone","Durham",36.0329550008979,-78.904037
"2271",2025-09-10,29,"Durham Armory","Ozone","Durham",36.0329550008979,-78.904037
"2272",2025-09-11,34,"Durham Armory","Ozone","Durham",36.0329550008979,-78.904037
"2273",2025-09-12,47,"Durham Armory","Ozone","Durham",36.0329550008979,-78.904037
"2274",2025-09-13,44,"Durham Armory","Ozone","Durham",36.0329550008979,-78.904037
"2275",2025-09-14,43,"Durham Armory","Ozone","Durham",36.0329550008979,-78.904037
"2276",2025-09-15,44,"Durham Armory","Ozone","Durham",36.0329550008979,-78.904037
"2277",2025-09-16,40,"Durham Armory","Ozone","Durham",36.0329550008979,-78.904037
"2278",2025-09-17,30,"Durham Armory","Ozone","Durham",36.0329550008979,-78.904037
"2279",2025-09-18,35,"Durham Armory","Ozone","Durham",36.0329550008979,-78.904037
"2280",2025-09-19,67,"Durham Armory","Ozone","Durham",36.0329550008979,-78.904037
"2281",2025-09-20,50,"Durham Armory","Ozone","Durham",36.0329550008979,-78.904037
"2282",2025-09-21,47,"Durham Armory","Ozone","Durham",36.0329550008979,-78.904037
"2283",2025-09-22,46,"Durham Armory","Ozone","Durham",36.0329550008979,-78.904037
"2284",2025-09-23,48,"Durham Armory","Ozone","Durham",36.0329550008979,-78.904037
"2285",2025-09-24,45,"Durham Armory","Ozone","Durham",36.0329550008979,-78.904037
"2286",2025-09-25,34,"Durham Armory","Ozone","Durham",36.0329550008979,-78.904037
"2287",2025-09-26,34,"Durham Armory","Ozone","Durham",36.0329550008979,-78.904037
"2288",2025-09-27,29,"Durham Armory","Ozone","Durham",36.0329550008979,-78.904037
"2289",2025-09-28,37,"Durham Armory","Ozone","Durham",36.0329550008979,-78.904037
"2290",2025-09-29,28,"Durham Armory","Ozone","Durham",36.0329550008979,-78.904037
"2291",2025-10-02,31,"Durham Armory","Ozone","Durham",36.0329550008979,-78.904037
"2292",2025-10-03,33,"Durham Armory","Ozone","Durham",36.0329550008979,-78.904037
"2293",2025-10-04,42,"Durham Armory","Ozone","Durham",36.0329550008979,-78.904037
"2294",2025-10-05,31,"Durham Armory","Ozone","Durham",36.0329550008979,-78.904037
"2295",2025-10-06,42,"Durham Armory","Ozone","Durham",36.0329550008979,-78.904037
"2296",2025-10-07,35,"Durham Armory","Ozone","Durham",36.0329550008979,-78.904037
"2297",2025-10-08,31,"Durham Armory","Ozone","Durham",36.0329550008979,-78.904037
"2298",2025-10-09,38,"Durham Armory","Ozone","Durham",36.0329550008979,-78.904037
"2299",2025-10-10,35,"Durham Armory","Ozone","Durham",36.0329550008979,-78.904037
"2300",2025-10-11,29,"Durham Armory","Ozone","Durham",36.0329550008979,-78.904037
"2301",2025-10-12,29,"Durham Armory","Ozone","Durham",36.0329550008979,-78.904037
"2302",2025-10-13,29,"Durham Armory","Ozone","Durham",36.0329550008979,-78.904037
"2303",2025-10-14,26,"Durham Armory","Ozone","Durham",36.0329550008979,-78.904037
"2304",2025-10-15,39,"Durham Armory","Ozone","Durham",36.0329550008979,-78.904037
"2305",2025-10-16,35,"Durham Armory","Ozone","Durham",36.0329550008979,-78.904037
"2306",2025-10-17,38,"Durham Armory","Ozone","Durham",36.0329550008979,-78.904037
"2307",2025-10-18,43,"Durham Armory","Ozone","Durham",36.0329550008979,-78.904037
"2308",2025-10-19,42,"Durham Armory","Ozone","Durham",36.0329550008979,-78.904037
"2309",2025-10-20,34,"Durham Armory","Ozone","Durham",36.0329550008979,-78.904037
"2310",2025-10-21,44,"Durham Armory","Ozone","Durham",36.0329550008979,-78.904037
"2311",2025-10-22,41,"Durham Armory","Ozone","Durham",36.0329550008979,-78.904037
"2312",2025-10-23,38,"Durham Armory","Ozone","Durham",36.0329550008979,-78.904037
"2313",2025-10-24,37,"Durham Armory","Ozone","Durham",36.0329550008979,-78.904037
"2314",2025-10-25,34,"Durham Armory","Ozone","Durham",36.0329550008979,-78.904037
"2315",2025-10-26,32,"Durham Armory","Ozone","Durham",36.0329550008979,-78.904037
"2316",2025-10-27,31,"Durham Armory","Ozone","Durham",36.0329550008979,-78.904037
"2317",2025-10-28,26,"Durham Armory","Ozone","Durham",36.0329550008979,-78.904037
"2318",2025-10-29,14,"Durham Armory","Ozone","Durham",36.0329550008979,-78.904037
"2319",2025-10-30,27,"Durham Armory","Ozone","Durham",36.0329550008979,-78.904037
"2320",2025-10-31,36,"Durham Armory","Ozone","Durham",36.0329550008979,-78.904037
"2321",2025-11-01,35,"Durham Armory","Ozone","Durham",36.0329550008979,-78.904037
"2322",2025-11-02,37,"Durham Armory","Ozone","Durham",36.0329550008979,-78.904037
"2323",2025-03-01,0,"Leggett","Ozone","Edgecombe",35.988278,-77.5843
"2324",2025-03-02,0,"Leggett","Ozone","Edgecombe",35.988278,-77.5843
"2325",2025-03-03,0,"Leggett","Ozone","Edgecombe",35.988278,-77.5843
"2326",2025-03-06,36,"Leggett","Ozone","Edgecombe",35.988278,-77.5843
"2327",2025-03-07,39,"Leggett","Ozone","Edgecombe",35.988278,-77.5843
"2328",2025-03-08,44,"Leggett","Ozone","Edgecombe",35.988278,-77.5843
"2329",2025-03-09,44,"Leggett","Ozone","Edgecombe",35.988278,-77.5843
"2330",2025-03-10,41,"Leggett","Ozone","Edgecombe",35.988278,-77.5843
"2331",2025-03-11,46,"Leggett","Ozone","Edgecombe",35.988278,-77.5843
"2332",2025-03-12,64,"Leggett","Ozone","Edgecombe",35.988278,-77.5843
"2333",2025-03-13,37,"Leggett","Ozone","Edgecombe",35.988278,-77.5843
"2334",2025-03-14,33,"Leggett","Ozone","Edgecombe",35.988278,-77.5843
"2335",2025-03-15,39,"Leggett","Ozone","Edgecombe",35.988278,-77.5843
"2336",2025-03-16,34,"Leggett","Ozone","Edgecombe",35.988278,-77.5843
"2337",2025-03-17,31,"Leggett","Ozone","Edgecombe",35.988278,-77.5843
"2338",2025-03-18,41,"Leggett","Ozone","Edgecombe",35.988278,-77.5843
"2339",2025-03-19,47,"Leggett","Ozone","Edgecombe",35.988278,-77.5843
"2340",2025-03-20,42,"Leggett","Ozone","Edgecombe",35.988278,-77.5843
"2341",2025-03-21,40,"Leggett","Ozone","Edgecombe",35.988278,-77.5843
"2342",2025-03-22,50,"Leggett","Ozone","Edgecombe",35.988278,-77.5843
"2343",2025-03-23,43,"Leggett","Ozone","Edgecombe",35.988278,-77.5843
"2344",2025-03-24,45,"Leggett","Ozone","Edgecombe",35.988278,-77.5843
"2345",2025-03-25,49,"Leggett","Ozone","Edgecombe",35.988278,-77.5843
"2346",2025-03-26,45,"Leggett","Ozone","Edgecombe",35.988278,-77.5843
"2347",2025-03-27,49,"Leggett","Ozone","Edgecombe",35.988278,-77.5843
"2348",2025-03-28,58,"Leggett","Ozone","Edgecombe",35.988278,-77.5843
"2349",2025-03-29,44,"Leggett","Ozone","Edgecombe",35.988278,-77.5843
"2350",2025-03-30,41,"Leggett","Ozone","Edgecombe",35.988278,-77.5843
"2351",2025-03-31,32,"Leggett","Ozone","Edgecombe",35.988278,-77.5843
"2352",2025-04-02,40,"Leggett","Ozone","Edgecombe",35.988278,-77.5843
"2353",2025-04-03,31,"Leggett","Ozone","Edgecombe",35.988278,-77.5843
"2354",2025-04-04,32,"Leggett","Ozone","Edgecombe",35.988278,-77.5843
"2355",2025-04-05,31,"Leggett","Ozone","Edgecombe",35.988278,-77.5843
"2356",2025-04-06,36,"Leggett","Ozone","Edgecombe",35.988278,-77.5843
"2357",2025-04-07,28,"Leggett","Ozone","Edgecombe",35.988278,-77.5843
"2358",2025-04-08,37,"Leggett","Ozone","Edgecombe",35.988278,-77.5843
"2359",2025-04-09,45,"Leggett","Ozone","Edgecombe",35.988278,-77.5843
"2360",2025-04-10,45,"Leggett","Ozone","Edgecombe",35.988278,-77.5843
"2361",2025-04-11,32,"Leggett","Ozone","Edgecombe",35.988278,-77.5843
"2362",2025-04-12,30,"Leggett","Ozone","Edgecombe",35.988278,-77.5843
"2363",2025-04-13,43,"Leggett","Ozone","Edgecombe",35.988278,-77.5843
"2364",2025-04-14,58,"Leggett","Ozone","Edgecombe",35.988278,-77.5843
"2365",2025-04-15,44,"Leggett","Ozone","Edgecombe",35.988278,-77.5843
"2366",2025-04-16,44,"Leggett","Ozone","Edgecombe",35.988278,-77.5843
"2367",2025-04-17,48,"Leggett","Ozone","Edgecombe",35.988278,-77.5843
"2368",2025-04-18,54,"Leggett","Ozone","Edgecombe",35.988278,-77.5843
"2369",2025-04-19,44,"Leggett","Ozone","Edgecombe",35.988278,-77.5843
"2370",2025-04-20,41,"Leggett","Ozone","Edgecombe",35.988278,-77.5843
"2371",2025-04-21,46,"Leggett","Ozone","Edgecombe",35.988278,-77.5843
"2372",2025-04-22,43,"Leggett","Ozone","Edgecombe",35.988278,-77.5843
"2373",2025-04-23,44,"Leggett","Ozone","Edgecombe",35.988278,-77.5843
"2374",2025-04-24,47,"Leggett","Ozone","Edgecombe",35.988278,-77.5843
"2375",2025-04-25,44,"Leggett","Ozone","Edgecombe",35.988278,-77.5843
"2376",2025-04-26,40,"Leggett","Ozone","Edgecombe",35.988278,-77.5843
"2377",2025-04-27,44,"Leggett","Ozone","Edgecombe",35.988278,-77.5843
"2378",2025-04-28,46,"Leggett","Ozone","Edgecombe",35.988278,-77.5843
"2379",2025-04-29,51,"Leggett","Ozone","Edgecombe",35.988278,-77.5843
"2380",2025-04-30,46,"Leggett","Ozone","Edgecombe",35.988278,-77.5843
"2381",2025-05-01,47,"Leggett","Ozone","Edgecombe",35.988278,-77.5843
"2382",2025-05-02,46,"Leggett","Ozone","Edgecombe",35.988278,-77.5843
"2383",2025-05-03,42,"Leggett","Ozone","Edgecombe",35.988278,-77.5843
"2384",2025-05-04,33,"Leggett","Ozone","Edgecombe",35.988278,-77.5843
"2385",2025-05-05,36,"Leggett","Ozone","Edgecombe",35.988278,-77.5843
"2386",2025-05-06,46,"Leggett","Ozone","Edgecombe",35.988278,-77.5843
"2387",2025-05-07,45,"Leggett","Ozone","Edgecombe",35.988278,-77.5843
"2388",2025-05-08,58,"Leggett","Ozone","Edgecombe",35.988278,-77.5843
"2389",2025-05-09,43,"Leggett","Ozone","Edgecombe",35.988278,-77.5843
"2390",2025-05-10,48,"Leggett","Ozone","Edgecombe",35.988278,-77.5843
"2391",2025-05-11,36,"Leggett","Ozone","Edgecombe",35.988278,-77.5843
"2392",2025-05-12,31,"Leggett","Ozone","Edgecombe",35.988278,-77.5843
"2393",2025-05-13,30,"Leggett","Ozone","Edgecombe",35.988278,-77.5843
"2394",2025-05-14,37,"Leggett","Ozone","Edgecombe",35.988278,-77.5843
"2395",2025-05-15,40,"Leggett","Ozone","Edgecombe",35.988278,-77.5843
"2396",2025-05-16,38,"Leggett","Ozone","Edgecombe",35.988278,-77.5843
"2397",2025-05-17,44,"Leggett","Ozone","Edgecombe",35.988278,-77.5843
"2398",2025-05-18,40,"Leggett","Ozone","Edgecombe",35.988278,-77.5843
"2399",2025-05-19,44,"Leggett","Ozone","Edgecombe",35.988278,-77.5843
"2400",2025-05-20,42,"Leggett","Ozone","Edgecombe",35.988278,-77.5843
"2401",2025-05-21,30,"Leggett","Ozone","Edgecombe",35.988278,-77.5843
"2402",2025-05-22,44,"Leggett","Ozone","Edgecombe",35.988278,-77.5843
"2403",2025-05-24,44,"Leggett","Ozone","Edgecombe",35.988278,-77.5843
"2404",2025-05-25,39,"Leggett","Ozone","Edgecombe",35.988278,-77.5843
"2405",2025-05-26,31,"Leggett","Ozone","Edgecombe",35.988278,-77.5843
"2406",2025-05-27,30,"Leggett","Ozone","Edgecombe",35.988278,-77.5843
"2407",2025-05-28,26,"Leggett","Ozone","Edgecombe",35.988278,-77.5843
"2408",2025-05-29,27,"Leggett","Ozone","Edgecombe",35.988278,-77.5843
"2409",2025-05-30,38,"Leggett","Ozone","Edgecombe",35.988278,-77.5843
"2410",2025-05-31,44,"Leggett","Ozone","Edgecombe",35.988278,-77.5843
"2411",2025-06-01,44,"Leggett","Ozone","Edgecombe",35.988278,-77.5843
"2412",2025-06-02,44,"Leggett","Ozone","Edgecombe",35.988278,-77.5843
"2413",2025-06-03,49,"Leggett","Ozone","Edgecombe",35.988278,-77.5843
"2414",2025-06-04,49,"Leggett","Ozone","Edgecombe",35.988278,-77.5843
"2415",2025-06-05,25,"Leggett","Ozone","Edgecombe",35.988278,-77.5843
"2416",2025-06-06,35,"Leggett","Ozone","Edgecombe",35.988278,-77.5843
"2417",2025-06-07,41,"Leggett","Ozone","Edgecombe",35.988278,-77.5843
"2418",2025-06-08,35,"Leggett","Ozone","Edgecombe",35.988278,-77.5843
"2419",2025-06-09,44,"Leggett","Ozone","Edgecombe",35.988278,-77.5843
"2420",2025-06-10,36,"Leggett","Ozone","Edgecombe",35.988278,-77.5843
"2421",2025-06-11,42,"Leggett","Ozone","Edgecombe",35.988278,-77.5843
"2422",2025-06-12,46,"Leggett","Ozone","Edgecombe",35.988278,-77.5843
"2423",2025-06-13,25,"Leggett","Ozone","Edgecombe",35.988278,-77.5843
"2424",2025-06-14,29,"Leggett","Ozone","Edgecombe",35.988278,-77.5843
"2425",2025-06-15,28,"Leggett","Ozone","Edgecombe",35.988278,-77.5843
"2426",2025-06-16,27,"Leggett","Ozone","Edgecombe",35.988278,-77.5843
"2427",2025-06-17,34,"Leggett","Ozone","Edgecombe",35.988278,-77.5843
"2428",2025-06-18,34,"Leggett","Ozone","Edgecombe",35.988278,-77.5843
"2429",2025-06-19,39,"Leggett","Ozone","Edgecombe",35.988278,-77.5843
"2430",2025-06-20,42,"Leggett","Ozone","Edgecombe",35.988278,-77.5843
"2431",2025-06-21,40,"Leggett","Ozone","Edgecombe",35.988278,-77.5843
"2432",2025-06-22,44,"Leggett","Ozone","Edgecombe",35.988278,-77.5843
"2433",2025-06-23,44,"Leggett","Ozone","Edgecombe",35.988278,-77.5843
"2434",2025-06-26,48,"Leggett","Ozone","Edgecombe",35.988278,-77.5843
"2435",2025-06-27,46,"Leggett","Ozone","Edgecombe",35.988278,-77.5843
"2436",2025-06-28,44,"Leggett","Ozone","Edgecombe",35.988278,-77.5843
"2437",2025-06-29,42,"Leggett","Ozone","Edgecombe",35.988278,-77.5843
"2438",2025-06-30,37,"Leggett","Ozone","Edgecombe",35.988278,-77.5843
"2439",2025-07-01,36,"Leggett","Ozone","Edgecombe",35.988278,-77.5843
"2440",2025-07-02,27,"Leggett","Ozone","Edgecombe",35.988278,-77.5843
"2441",2025-07-03,43,"Leggett","Ozone","Edgecombe",35.988278,-77.5843
"2442",2025-07-04,50,"Leggett","Ozone","Edgecombe",35.988278,-77.5843
"2443",2025-07-05,44,"Leggett","Ozone","Edgecombe",35.988278,-77.5843
"2444",2025-07-06,26,"Leggett","Ozone","Edgecombe",35.988278,-77.5843
"2445",2025-07-07,37,"Leggett","Ozone","Edgecombe",35.988278,-77.5843
"2446",2025-07-08,36,"Leggett","Ozone","Edgecombe",35.988278,-77.5843
"2447",2025-07-09,31,"Leggett","Ozone","Edgecombe",35.988278,-77.5843
"2448",2025-07-10,38,"Leggett","Ozone","Edgecombe",35.988278,-77.5843
"2449",2025-07-11,42,"Leggett","Ozone","Edgecombe",35.988278,-77.5843
"2450",2025-07-12,39,"Leggett","Ozone","Edgecombe",35.988278,-77.5843
"2451",2025-07-13,36,"Leggett","Ozone","Edgecombe",35.988278,-77.5843
"2452",2025-07-14,34,"Leggett","Ozone","Edgecombe",35.988278,-77.5843
"2453",2025-07-15,32,"Leggett","Ozone","Edgecombe",35.988278,-77.5843
"2454",2025-07-16,32,"Leggett","Ozone","Edgecombe",35.988278,-77.5843
"2455",2025-07-17,31,"Leggett","Ozone","Edgecombe",35.988278,-77.5843
"2456",2025-07-18,44,"Leggett","Ozone","Edgecombe",35.988278,-77.5843
"2457",2025-07-19,37,"Leggett","Ozone","Edgecombe",35.988278,-77.5843
"2458",2025-07-20,35,"Leggett","Ozone","Edgecombe",35.988278,-77.5843
"2459",2025-07-21,38,"Leggett","Ozone","Edgecombe",35.988278,-77.5843
"2460",2025-07-22,44,"Leggett","Ozone","Edgecombe",35.988278,-77.5843
"2461",2025-07-25,44,"Leggett","Ozone","Edgecombe",35.988278,-77.5843
"2462",2025-07-26,38,"Leggett","Ozone","Edgecombe",35.988278,-77.5843
"2463",2025-07-27,32,"Leggett","Ozone","Edgecombe",35.988278,-77.5843
"2464",2025-07-28,35,"Leggett","Ozone","Edgecombe",35.988278,-77.5843
"2465",2025-07-29,38,"Leggett","Ozone","Edgecombe",35.988278,-77.5843
"2466",2025-07-30,40,"Leggett","Ozone","Edgecombe",35.988278,-77.5843
"2467",2025-07-31,38,"Leggett","Ozone","Edgecombe",35.988278,-77.5843
"2468",2025-08-01,25,"Leggett","Ozone","Edgecombe",35.988278,-77.5843
"2469",2025-08-02,30,"Leggett","Ozone","Edgecombe",35.988278,-77.5843
"2470",2025-08-03,37,"Leggett","Ozone","Edgecombe",35.988278,-77.5843
"2471",2025-08-04,41,"Leggett","Ozone","Edgecombe",35.988278,-77.5843
"2472",2025-08-05,28,"Leggett","Ozone","Edgecombe",35.988278,-77.5843
"2473",2025-08-06,26,"Leggett","Ozone","Edgecombe",35.988278,-77.5843
"2474",2025-08-07,31,"Leggett","Ozone","Edgecombe",35.988278,-77.5843
"2475",2025-08-08,28,"Leggett","Ozone","Edgecombe",35.988278,-77.5843
"2476",2025-08-09,28,"Leggett","Ozone","Edgecombe",35.988278,-77.5843
"2477",2025-08-10,24,"Leggett","Ozone","Edgecombe",35.988278,-77.5843
"2478",2025-08-11,19,"Leggett","Ozone","Edgecombe",35.988278,-77.5843
"2479",2025-08-12,19,"Leggett","Ozone","Edgecombe",35.988278,-77.5843
"2480",2025-08-13,24,"Leggett","Ozone","Edgecombe",35.988278,-77.5843
"2481",2025-08-14,22,"Leggett","Ozone","Edgecombe",35.988278,-77.5843
"2482",2025-08-15,30,"Leggett","Ozone","Edgecombe",35.988278,-77.5843
"2483",2025-08-16,34,"Leggett","Ozone","Edgecombe",35.988278,-77.5843
"2484",2025-08-17,35,"Leggett","Ozone","Edgecombe",35.988278,-77.5843
"2485",2025-08-18,38,"Leggett","Ozone","Edgecombe",35.988278,-77.5843
"2486",2025-08-19,22,"Leggett","Ozone","Edgecombe",35.988278,-77.5843
"2487",2025-08-20,20,"Leggett","Ozone","Edgecombe",35.988278,-77.5843
"2488",2025-08-21,25,"Leggett","Ozone","Edgecombe",35.988278,-77.5843
"2489",2025-08-22,34,"Leggett","Ozone","Edgecombe",35.988278,-77.5843
"2490",2025-08-23,32,"Leggett","Ozone","Edgecombe",35.988278,-77.5843
"2491",2025-08-24,27,"Leggett","Ozone","Edgecombe",35.988278,-77.5843
"2492",2025-08-25,33,"Leggett","Ozone","Edgecombe",35.988278,-77.5843
"2493",2025-08-26,32,"Leggett","Ozone","Edgecombe",35.988278,-77.5843
"2494",2025-08-27,39,"Leggett","Ozone","Edgecombe",35.988278,-77.5843
"2495",2025-08-28,42,"Leggett","Ozone","Edgecombe",35.988278,-77.5843
"2496",2025-08-29,41,"Leggett","Ozone","Edgecombe",35.988278,-77.5843
"2497",2025-08-30,38,"Leggett","Ozone","Edgecombe",35.988278,-77.5843
"2498",2025-08-31,40,"Leggett","Ozone","Edgecombe",35.988278,-77.5843
"2499",2025-09-01,34,"Leggett","Ozone","Edgecombe",35.988278,-77.5843
"2500",2025-09-02,31,"Leggett","Ozone","Edgecombe",35.988278,-77.5843
"2501",2025-09-03,42,"Leggett","Ozone","Edgecombe",35.988278,-77.5843
"2502",2025-09-04,44,"Leggett","Ozone","Edgecombe",35.988278,-77.5843
"2503",2025-09-05,44,"Leggett","Ozone","Edgecombe",35.988278,-77.5843
"2504",2025-09-06,41,"Leggett","Ozone","Edgecombe",35.988278,-77.5843
"2505",2025-09-07,26,"Leggett","Ozone","Edgecombe",35.988278,-77.5843
"2506",2025-09-08,40,"Leggett","Ozone","Edgecombe",35.988278,-77.5843
"2507",2025-09-09,29,"Leggett","Ozone","Edgecombe",35.988278,-77.5843
"2508",2025-09-10,20,"Leggett","Ozone","Edgecombe",35.988278,-77.5843
"2509",2025-09-11,21,"Leggett","Ozone","Edgecombe",35.988278,-77.5843
"2510",2025-09-12,46,"Leggett","Ozone","Edgecombe",35.988278,-77.5843
"2511",2025-09-13,43,"Leggett","Ozone","Edgecombe",35.988278,-77.5843
"2512",2025-09-14,42,"Leggett","Ozone","Edgecombe",35.988278,-77.5843
"2513",2025-09-15,40,"Leggett","Ozone","Edgecombe",35.988278,-77.5843
"2514",2025-09-16,31,"Leggett","Ozone","Edgecombe",35.988278,-77.5843
"2515",2025-09-17,25,"Leggett","Ozone","Edgecombe",35.988278,-77.5843
"2516",2025-09-18,26,"Leggett","Ozone","Edgecombe",35.988278,-77.5843
"2517",2025-09-19,47,"Leggett","Ozone","Edgecombe",35.988278,-77.5843
"2518",2025-09-20,49,"Leggett","Ozone","Edgecombe",35.988278,-77.5843
"2519",2025-09-21,40,"Leggett","Ozone","Edgecombe",35.988278,-77.5843
"2520",2025-09-22,36,"Leggett","Ozone","Edgecombe",35.988278,-77.5843
"2521",2025-09-23,41,"Leggett","Ozone","Edgecombe",35.988278,-77.5843
"2522",2025-09-24,41,"Leggett","Ozone","Edgecombe",35.988278,-77.5843
"2523",2025-09-25,35,"Leggett","Ozone","Edgecombe",35.988278,-77.5843
"2524",2025-09-26,41,"Leggett","Ozone","Edgecombe",35.988278,-77.5843
"2525",2025-09-27,20,"Leggett","Ozone","Edgecombe",35.988278,-77.5843
"2526",2025-09-28,31,"Leggett","Ozone","Edgecombe",35.988278,-77.5843
"2527",2025-09-29,31,"Leggett","Ozone","Edgecombe",35.988278,-77.5843
"2528",2025-09-30,33,"Leggett","Ozone","Edgecombe",35.988278,-77.5843
"2529",2025-10-01,31,"Leggett","Ozone","Edgecombe",35.988278,-77.5843
"2530",2025-10-02,30,"Leggett","Ozone","Edgecombe",35.988278,-77.5843
"2531",2025-10-03,33,"Leggett","Ozone","Edgecombe",35.988278,-77.5843
"2532",2025-10-04,32,"Leggett","Ozone","Edgecombe",35.988278,-77.5843
"2533",2025-10-05,31,"Leggett","Ozone","Edgecombe",35.988278,-77.5843
"2534",2025-10-06,34,"Leggett","Ozone","Edgecombe",35.988278,-77.5843
"2535",2025-10-07,31,"Leggett","Ozone","Edgecombe",35.988278,-77.5843
"2536",2025-10-08,25,"Leggett","Ozone","Edgecombe",35.988278,-77.5843
"2537",2025-10-09,34,"Leggett","Ozone","Edgecombe",35.988278,-77.5843
"2538",2025-10-10,33,"Leggett","Ozone","Edgecombe",35.988278,-77.5843
"2539",2025-10-11,27,"Leggett","Ozone","Edgecombe",35.988278,-77.5843
"2540",2025-10-12,30,"Leggett","Ozone","Edgecombe",35.988278,-77.5843
"2541",2025-10-13,24,"Leggett","Ozone","Edgecombe",35.988278,-77.5843
"2542",2025-10-14,20,"Leggett","Ozone","Edgecombe",35.988278,-77.5843
"2543",2025-10-15,34,"Leggett","Ozone","Edgecombe",35.988278,-77.5843
"2544",2025-10-16,37,"Leggett","Ozone","Edgecombe",35.988278,-77.5843
"2545",2025-10-17,33,"Leggett","Ozone","Edgecombe",35.988278,-77.5843
"2546",2025-10-18,44,"Leggett","Ozone","Edgecombe",35.988278,-77.5843
"2547",2025-10-19,40,"Leggett","Ozone","Edgecombe",35.988278,-77.5843
"2548",2025-10-20,33,"Leggett","Ozone","Edgecombe",35.988278,-77.5843
"2549",2025-10-21,42,"Leggett","Ozone","Edgecombe",35.988278,-77.5843
"2550",2025-10-22,40,"Leggett","Ozone","Edgecombe",35.988278,-77.5843
"2551",2025-10-23,37,"Leggett","Ozone","Edgecombe",35.988278,-77.5843
"2552",2025-10-24,36,"Leggett","Ozone","Edgecombe",35.988278,-77.5843
"2553",2025-10-25,31,"Leggett","Ozone","Edgecombe",35.988278,-77.5843
"2554",2025-10-26,29,"Leggett","Ozone","Edgecombe",35.988278,-77.5843
"2555",2025-10-27,31,"Leggett","Ozone","Edgecombe",35.988278,-77.5843
"2556",2025-10-28,25,"Leggett","Ozone","Edgecombe",35.988278,-77.5843
"2557",2025-10-29,19,"Leggett","Ozone","Edgecombe",35.988278,-77.5843
"2558",2025-10-30,29,"Leggett","Ozone","Edgecombe",35.988278,-77.5843
"2559",2025-10-31,34,"Leggett","Ozone","Edgecombe",35.988278,-77.5843
"2560",2025-11-01,33,"Leggett","Ozone","Edgecombe",35.988278,-77.5843
"2561",2025-11-02,37,"Leggett","Ozone","Edgecombe",35.988278,-77.5843
"2562",2025-02-25,46,"Hattie Avenue","Ozone","Forsyth",36.11094,-80.224501
"2563",2025-02-26,54,"Hattie Avenue","Ozone","Forsyth",36.11094,-80.224501
"2564",2025-02-27,44,"Hattie Avenue","Ozone","Forsyth",36.11094,-80.224501
"2565",2025-02-28,44,"Hattie Avenue","Ozone","Forsyth",36.11094,-80.224501
"2566",2025-03-01,47,"Hattie Avenue","Ozone","Forsyth",36.11094,-80.224501
"2567",2025-03-02,41,"Hattie Avenue","Ozone","Forsyth",36.11094,-80.224501
"2568",2025-03-03,44,"Hattie Avenue","Ozone","Forsyth",36.11094,-80.224501
"2569",2025-03-04,44,"Hattie Avenue","Ozone","Forsyth",36.11094,-80.224501
"2570",2025-03-05,44,"Hattie Avenue","Ozone","Forsyth",36.11094,-80.224501
"2571",2025-03-06,35,"Hattie Avenue","Ozone","Forsyth",36.11094,-80.224501
"2572",2025-03-07,33,"Hattie Avenue","Ozone","Forsyth",36.11094,-80.224501
"2573",2025-03-08,41,"Hattie Avenue","Ozone","Forsyth",36.11094,-80.224501
"2574",2025-03-09,44,"Hattie Avenue","Ozone","Forsyth",36.11094,-80.224501
"2575",2025-03-10,44,"Hattie Avenue","Ozone","Forsyth",36.11094,-80.224501
"2576",2025-03-11,64,"Hattie Avenue","Ozone","Forsyth",36.11094,-80.224501
"2577",2025-03-12,84,"Hattie Avenue","Ozone","Forsyth",36.11094,-80.224501
"2578",2025-03-13,80,"Hattie Avenue","Ozone","Forsyth",36.11094,-80.224501
"2579",2025-03-14,50,"Hattie Avenue","Ozone","Forsyth",36.11094,-80.224501
"2580",2025-03-15,37,"Hattie Avenue","Ozone","Forsyth",36.11094,-80.224501
"2581",2025-03-16,41,"Hattie Avenue","Ozone","Forsyth",36.11094,-80.224501
"2582",2025-03-17,33,"Hattie Avenue","Ozone","Forsyth",36.11094,-80.224501
"2583",2025-03-18,44,"Hattie Avenue","Ozone","Forsyth",36.11094,-80.224501
"2584",2025-03-19,67,"Hattie Avenue","Ozone","Forsyth",36.11094,-80.224501
"2585",2025-03-20,40,"Hattie Avenue","Ozone","Forsyth",36.11094,-80.224501
"2586",2025-03-21,44,"Hattie Avenue","Ozone","Forsyth",36.11094,-80.224501
"2587",2025-03-22,50,"Hattie Avenue","Ozone","Forsyth",36.11094,-80.224501
"2588",2025-03-23,50,"Hattie Avenue","Ozone","Forsyth",36.11094,-80.224501
"2589",2025-03-24,41,"Hattie Avenue","Ozone","Forsyth",36.11094,-80.224501
"2590",2025-03-25,49,"Hattie Avenue","Ozone","Forsyth",36.11094,-80.224501
"2591",2025-03-26,46,"Hattie Avenue","Ozone","Forsyth",36.11094,-80.224501
"2592",2025-03-27,51,"Hattie Avenue","Ozone","Forsyth",36.11094,-80.224501
"2593",2025-03-28,77,"Hattie Avenue","Ozone","Forsyth",36.11094,-80.224501
"2594",2025-03-29,46,"Hattie Avenue","Ozone","Forsyth",36.11094,-80.224501
"2595",2025-03-30,44,"Hattie Avenue","Ozone","Forsyth",36.11094,-80.224501
"2596",2025-03-31,31,"Hattie Avenue","Ozone","Forsyth",36.11094,-80.224501
"2597",2025-04-01,34,"Hattie Avenue","Ozone","Forsyth",36.11094,-80.224501
"2598",2025-04-02,32,"Hattie Avenue","Ozone","Forsyth",36.11094,-80.224501
"2599",2025-04-03,29,"Hattie Avenue","Ozone","Forsyth",36.11094,-80.224501
"2600",2025-04-04,38,"Hattie Avenue","Ozone","Forsyth",36.11094,-80.224501
"2601",2025-04-05,38,"Hattie Avenue","Ozone","Forsyth",36.11094,-80.224501
"2602",2025-04-06,45,"Hattie Avenue","Ozone","Forsyth",36.11094,-80.224501
"2603",2025-04-07,28,"Hattie Avenue","Ozone","Forsyth",36.11094,-80.224501
"2604",2025-04-08,49,"Hattie Avenue","Ozone","Forsyth",36.11094,-80.224501
"2605",2025-04-09,49,"Hattie Avenue","Ozone","Forsyth",36.11094,-80.224501
"2606",2025-04-10,40,"Hattie Avenue","Ozone","Forsyth",36.11094,-80.224501
"2607",2025-04-11,35,"Hattie Avenue","Ozone","Forsyth",36.11094,-80.224501
"2608",2025-04-12,40,"Hattie Avenue","Ozone","Forsyth",36.11094,-80.224501
"2609",2025-04-13,47,"Hattie Avenue","Ozone","Forsyth",36.11094,-80.224501
"2610",2025-04-14,71,"Hattie Avenue","Ozone","Forsyth",36.11094,-80.224501
"2611",2025-04-15,44,"Hattie Avenue","Ozone","Forsyth",36.11094,-80.224501
"2612",2025-04-16,47,"Hattie Avenue","Ozone","Forsyth",36.11094,-80.224501
"2613",2025-04-17,67,"Hattie Avenue","Ozone","Forsyth",36.11094,-80.224501
"2614",2025-04-18,90,"Hattie Avenue","Ozone","Forsyth",36.11094,-80.224501
"2615",2025-04-19,46,"Hattie Avenue","Ozone","Forsyth",36.11094,-80.224501
"2616",2025-04-20,47,"Hattie Avenue","Ozone","Forsyth",36.11094,-80.224501
"2617",2025-04-21,47,"Hattie Avenue","Ozone","Forsyth",36.11094,-80.224501
"2618",2025-04-22,37,"Hattie Avenue","Ozone","Forsyth",36.11094,-80.224501
"2619",2025-04-23,67,"Hattie Avenue","Ozone","Forsyth",36.11094,-80.224501
"2620",2025-04-24,40,"Hattie Avenue","Ozone","Forsyth",36.11094,-80.224501
"2621",2025-04-25,40,"Hattie Avenue","Ozone","Forsyth",36.11094,-80.224501
"2622",2025-04-26,38,"Hattie Avenue","Ozone","Forsyth",36.11094,-80.224501
"2623",2025-04-27,50,"Hattie Avenue","Ozone","Forsyth",36.11094,-80.224501
"2624",2025-04-28,58,"Hattie Avenue","Ozone","Forsyth",36.11094,-80.224501
"2625",2025-04-29,49,"Hattie Avenue","Ozone","Forsyth",36.11094,-80.224501
"2626",2025-04-30,44,"Hattie Avenue","Ozone","Forsyth",36.11094,-80.224501
"2627",2025-05-01,45,"Hattie Avenue","Ozone","Forsyth",36.11094,-80.224501
"2628",2025-05-02,48,"Hattie Avenue","Ozone","Forsyth",36.11094,-80.224501
"2629",2025-05-03,35,"Hattie Avenue","Ozone","Forsyth",36.11094,-80.224501
"2630",2025-05-04,44,"Hattie Avenue","Ozone","Forsyth",36.11094,-80.224501
"2631",2025-05-05,47,"Hattie Avenue","Ozone","Forsyth",36.11094,-80.224501
"2632",2025-05-06,47,"Hattie Avenue","Ozone","Forsyth",36.11094,-80.224501
"2633",2025-05-07,45,"Hattie Avenue","Ozone","Forsyth",36.11094,-80.224501
"2634",2025-05-08,49,"Hattie Avenue","Ozone","Forsyth",36.11094,-80.224501
"2635",2025-05-09,46,"Hattie Avenue","Ozone","Forsyth",36.11094,-80.224501
"2636",2025-05-10,49,"Hattie Avenue","Ozone","Forsyth",36.11094,-80.224501
"2637",2025-05-11,36,"Hattie Avenue","Ozone","Forsyth",36.11094,-80.224501
"2638",2025-05-12,25,"Hattie Avenue","Ozone","Forsyth",36.11094,-80.224501
"2639",2025-05-13,42,"Hattie Avenue","Ozone","Forsyth",36.11094,-80.224501
"2640",2025-05-14,41,"Hattie Avenue","Ozone","Forsyth",36.11094,-80.224501
"2641",2025-05-15,51,"Hattie Avenue","Ozone","Forsyth",36.11094,-80.224501
"2642",2025-05-16,35,"Hattie Avenue","Ozone","Forsyth",36.11094,-80.224501
"2643",2025-05-17,44,"Hattie Avenue","Ozone","Forsyth",36.11094,-80.224501
"2644",2025-05-18,44,"Hattie Avenue","Ozone","Forsyth",36.11094,-80.224501
"2645",2025-05-19,45,"Hattie Avenue","Ozone","Forsyth",36.11094,-80.224501
"2646",2025-05-20,58,"Hattie Avenue","Ozone","Forsyth",36.11094,-80.224501
"2647",2025-05-21,40,"Hattie Avenue","Ozone","Forsyth",36.11094,-80.224501
"2648",2025-05-22,46,"Hattie Avenue","Ozone","Forsyth",36.11094,-80.224501
"2649",2025-05-23,37,"Hattie Avenue","Ozone","Forsyth",36.11094,-80.224501
"2650",2025-05-24,43,"Hattie Avenue","Ozone","Forsyth",36.11094,-80.224501
"2651",2025-05-25,45,"Hattie Avenue","Ozone","Forsyth",36.11094,-80.224501
"2652",2025-05-26,25,"Hattie Avenue","Ozone","Forsyth",36.11094,-80.224501
"2653",2025-05-27,31,"Hattie Avenue","Ozone","Forsyth",36.11094,-80.224501
"2654",2025-05-28,26,"Hattie Avenue","Ozone","Forsyth",36.11094,-80.224501
"2655",2025-05-29,31,"Hattie Avenue","Ozone","Forsyth",36.11094,-80.224501
"2656",2025-05-30,41,"Hattie Avenue","Ozone","Forsyth",36.11094,-80.224501
"2657",2025-05-31,43,"Hattie Avenue","Ozone","Forsyth",36.11094,-80.224501
"2658",2025-06-01,45,"Hattie Avenue","Ozone","Forsyth",36.11094,-80.224501
"2659",2025-06-02,67,"Hattie Avenue","Ozone","Forsyth",36.11094,-80.224501
"2660",2025-06-03,64,"Hattie Avenue","Ozone","Forsyth",36.11094,-80.224501
"2661",2025-06-04,64,"Hattie Avenue","Ozone","Forsyth",36.11094,-80.224501
"2662",2025-06-05,30,"Hattie Avenue","Ozone","Forsyth",36.11094,-80.224501
"2663",2025-06-06,41,"Hattie Avenue","Ozone","Forsyth",36.11094,-80.224501
"2664",2025-06-07,35,"Hattie Avenue","Ozone","Forsyth",36.11094,-80.224501
"2665",2025-06-08,36,"Hattie Avenue","Ozone","Forsyth",36.11094,-80.224501
"2666",2025-06-09,49,"Hattie Avenue","Ozone","Forsyth",36.11094,-80.224501
"2667",2025-06-10,42,"Hattie Avenue","Ozone","Forsyth",36.11094,-80.224501
"2668",2025-06-11,67,"Hattie Avenue","Ozone","Forsyth",36.11094,-80.224501
"2669",2025-06-12,80,"Hattie Avenue","Ozone","Forsyth",36.11094,-80.224501
"2670",2025-06-13,35,"Hattie Avenue","Ozone","Forsyth",36.11094,-80.224501
"2671",2025-06-14,33,"Hattie Avenue","Ozone","Forsyth",36.11094,-80.224501
"2672",2025-06-15,32,"Hattie Avenue","Ozone","Forsyth",36.11094,-80.224501
"2673",2025-06-16,33,"Hattie Avenue","Ozone","Forsyth",36.11094,-80.224501
"2674",2025-06-17,39,"Hattie Avenue","Ozone","Forsyth",36.11094,-80.224501
"2675",2025-06-18,39,"Hattie Avenue","Ozone","Forsyth",36.11094,-80.224501
"2676",2025-06-19,37,"Hattie Avenue","Ozone","Forsyth",36.11094,-80.224501
"2677",2025-06-20,67,"Hattie Avenue","Ozone","Forsyth",36.11094,-80.224501
"2678",2025-06-21,74,"Hattie Avenue","Ozone","Forsyth",36.11094,-80.224501
"2679",2025-06-22,46,"Hattie Avenue","Ozone","Forsyth",36.11094,-80.224501
"2680",2025-06-23,50,"Hattie Avenue","Ozone","Forsyth",36.11094,-80.224501
"2681",2025-06-24,44,"Hattie Avenue","Ozone","Forsyth",36.11094,-80.224501
"2682",2025-06-25,41,"Hattie Avenue","Ozone","Forsyth",36.11094,-80.224501
"2683",2025-06-26,71,"Hattie Avenue","Ozone","Forsyth",36.11094,-80.224501
"2684",2025-06-27,50,"Hattie Avenue","Ozone","Forsyth",36.11094,-80.224501
"2685",2025-06-28,44,"Hattie Avenue","Ozone","Forsyth",36.11094,-80.224501
"2686",2025-06-29,46,"Hattie Avenue","Ozone","Forsyth",36.11094,-80.224501
"2687",2025-06-30,44,"Hattie Avenue","Ozone","Forsyth",36.11094,-80.224501
"2688",2025-07-01,49,"Hattie Avenue","Ozone","Forsyth",36.11094,-80.224501
"2689",2025-07-02,32,"Hattie Avenue","Ozone","Forsyth",36.11094,-80.224501
"2690",2025-07-03,49,"Hattie Avenue","Ozone","Forsyth",36.11094,-80.224501
"2691",2025-07-04,50,"Hattie Avenue","Ozone","Forsyth",36.11094,-80.224501
"2692",2025-07-05,48,"Hattie Avenue","Ozone","Forsyth",36.11094,-80.224501
"2693",2025-07-06,19,"Hattie Avenue","Ozone","Forsyth",36.11094,-80.224501
"2694",2025-07-07,41,"Hattie Avenue","Ozone","Forsyth",36.11094,-80.224501
"2695",2025-07-08,58,"Hattie Avenue","Ozone","Forsyth",36.11094,-80.224501
"2696",2025-07-09,50,"Hattie Avenue","Ozone","Forsyth",36.11094,-80.224501
"2697",2025-07-10,38,"Hattie Avenue","Ozone","Forsyth",36.11094,-80.224501
"2698",2025-07-11,48,"Hattie Avenue","Ozone","Forsyth",36.11094,-80.224501
"2699",2025-07-12,47,"Hattie Avenue","Ozone","Forsyth",36.11094,-80.224501
"2700",2025-07-13,33,"Hattie Avenue","Ozone","Forsyth",36.11094,-80.224501
"2701",2025-07-14,45,"Hattie Avenue","Ozone","Forsyth",36.11094,-80.224501
"2702",2025-07-15,43,"Hattie Avenue","Ozone","Forsyth",36.11094,-80.224501
"2703",2025-07-16,40,"Hattie Avenue","Ozone","Forsyth",36.11094,-80.224501
"2704",2025-07-17,36,"Hattie Avenue","Ozone","Forsyth",36.11094,-80.224501
"2705",2025-07-18,38,"Hattie Avenue","Ozone","Forsyth",36.11094,-80.224501
"2706",2025-07-19,32,"Hattie Avenue","Ozone","Forsyth",36.11094,-80.224501
"2707",2025-07-20,30,"Hattie Avenue","Ozone","Forsyth",36.11094,-80.224501
"2708",2025-07-21,32,"Hattie Avenue","Ozone","Forsyth",36.11094,-80.224501
"2709",2025-07-22,44,"Hattie Avenue","Ozone","Forsyth",36.11094,-80.224501
"2710",2025-07-23,51,"Hattie Avenue","Ozone","Forsyth",36.11094,-80.224501
"2711",2025-07-24,50,"Hattie Avenue","Ozone","Forsyth",36.11094,-80.224501
"2712",2025-07-25,43,"Hattie Avenue","Ozone","Forsyth",36.11094,-80.224501
"2713",2025-07-26,44,"Hattie Avenue","Ozone","Forsyth",36.11094,-80.224501
"2714",2025-07-27,31,"Hattie Avenue","Ozone","Forsyth",36.11094,-80.224501
"2715",2025-07-28,43,"Hattie Avenue","Ozone","Forsyth",36.11094,-80.224501
"2716",2025-07-29,47,"Hattie Avenue","Ozone","Forsyth",36.11094,-80.224501
"2717",2025-07-30,54,"Hattie Avenue","Ozone","Forsyth",36.11094,-80.224501
"2718",2025-07-31,46,"Hattie Avenue","Ozone","Forsyth",36.11094,-80.224501
"2719",2025-08-01,36,"Hattie Avenue","Ozone","Forsyth",36.11094,-80.224501
"2720",2025-08-02,35,"Hattie Avenue","Ozone","Forsyth",36.11094,-80.224501
"2721",2025-08-03,32,"Hattie Avenue","Ozone","Forsyth",36.11094,-80.224501
"2722",2025-08-04,42,"Hattie Avenue","Ozone","Forsyth",36.11094,-80.224501
"2723",2025-08-05,36,"Hattie Avenue","Ozone","Forsyth",36.11094,-80.224501
"2724",2025-08-06,30,"Hattie Avenue","Ozone","Forsyth",36.11094,-80.224501
"2725",2025-08-07,26,"Hattie Avenue","Ozone","Forsyth",36.11094,-80.224501
"2726",2025-08-08,39,"Hattie Avenue","Ozone","Forsyth",36.11094,-80.224501
"2727",2025-08-09,36,"Hattie Avenue","Ozone","Forsyth",36.11094,-80.224501
"2728",2025-08-10,36,"Hattie Avenue","Ozone","Forsyth",36.11094,-80.224501
"2729",2025-08-11,22,"Hattie Avenue","Ozone","Forsyth",36.11094,-80.224501
"2730",2025-08-12,21,"Hattie Avenue","Ozone","Forsyth",36.11094,-80.224501
"2731",2025-08-13,24,"Hattie Avenue","Ozone","Forsyth",36.11094,-80.224501
"2732",2025-08-14,30,"Hattie Avenue","Ozone","Forsyth",36.11094,-80.224501
"2733",2025-08-15,44,"Hattie Avenue","Ozone","Forsyth",36.11094,-80.224501
"2734",2025-08-16,45,"Hattie Avenue","Ozone","Forsyth",36.11094,-80.224501
"2735",2025-08-17,37,"Hattie Avenue","Ozone","Forsyth",36.11094,-80.224501
"2736",2025-08-18,46,"Hattie Avenue","Ozone","Forsyth",36.11094,-80.224501
"2737",2025-08-19,35,"Hattie Avenue","Ozone","Forsyth",36.11094,-80.224501
"2738",2025-08-20,32,"Hattie Avenue","Ozone","Forsyth",36.11094,-80.224501
"2739",2025-08-21,38,"Hattie Avenue","Ozone","Forsyth",36.11094,-80.224501
"2740",2025-08-22,32,"Hattie Avenue","Ozone","Forsyth",36.11094,-80.224501
"2741",2025-08-23,35,"Hattie Avenue","Ozone","Forsyth",36.11094,-80.224501
"2742",2025-08-24,39,"Hattie Avenue","Ozone","Forsyth",36.11094,-80.224501
"2743",2025-08-25,37,"Hattie Avenue","Ozone","Forsyth",36.11094,-80.224501
"2744",2025-08-26,39,"Hattie Avenue","Ozone","Forsyth",36.11094,-80.224501
"2745",2025-08-27,43,"Hattie Avenue","Ozone","Forsyth",36.11094,-80.224501
"2746",2025-08-28,54,"Hattie Avenue","Ozone","Forsyth",36.11094,-80.224501
"2747",2025-08-29,44,"Hattie Avenue","Ozone","Forsyth",36.11094,-80.224501
"2748",2025-08-30,43,"Hattie Avenue","Ozone","Forsyth",36.11094,-80.224501
"2749",2025-08-31,43,"Hattie Avenue","Ozone","Forsyth",36.11094,-80.224501
"2750",2025-09-01,40,"Hattie Avenue","Ozone","Forsyth",36.11094,-80.224501
"2751",2025-09-02,44,"Hattie Avenue","Ozone","Forsyth",36.11094,-80.224501
"2752",2025-09-03,45,"Hattie Avenue","Ozone","Forsyth",36.11094,-80.224501
"2753",2025-09-04,41,"Hattie Avenue","Ozone","Forsyth",36.11094,-80.224501
"2754",2025-09-05,46,"Hattie Avenue","Ozone","Forsyth",36.11094,-80.224501
"2755",2025-09-06,36,"Hattie Avenue","Ozone","Forsyth",36.11094,-80.224501
"2756",2025-09-07,27,"Hattie Avenue","Ozone","Forsyth",36.11094,-80.224501
"2757",2025-09-08,41,"Hattie Avenue","Ozone","Forsyth",36.11094,-80.224501
"2758",2025-09-09,46,"Hattie Avenue","Ozone","Forsyth",36.11094,-80.224501
"2759",2025-09-10,41,"Hattie Avenue","Ozone","Forsyth",36.11094,-80.224501
"2760",2025-09-11,46,"Hattie Avenue","Ozone","Forsyth",36.11094,-80.224501
"2761",2025-09-12,50,"Hattie Avenue","Ozone","Forsyth",36.11094,-80.224501
"2762",2025-09-13,46,"Hattie Avenue","Ozone","Forsyth",36.11094,-80.224501
"2763",2025-09-14,61,"Hattie Avenue","Ozone","Forsyth",36.11094,-80.224501
"2764",2025-09-15,46,"Hattie Avenue","Ozone","Forsyth",36.11094,-80.224501
"2765",2025-09-16,43,"Hattie Avenue","Ozone","Forsyth",36.11094,-80.224501
"2766",2025-09-17,42,"Hattie Avenue","Ozone","Forsyth",36.11094,-80.224501
"2767",2025-09-18,45,"Hattie Avenue","Ozone","Forsyth",36.11094,-80.224501
"2768",2025-09-19,87,"Hattie Avenue","Ozone","Forsyth",36.11094,-80.224501
"2769",2025-09-20,61,"Hattie Avenue","Ozone","Forsyth",36.11094,-80.224501
"2770",2025-09-21,49,"Hattie Avenue","Ozone","Forsyth",36.11094,-80.224501
"2771",2025-09-22,49,"Hattie Avenue","Ozone","Forsyth",36.11094,-80.224501
"2772",2025-09-23,64,"Hattie Avenue","Ozone","Forsyth",36.11094,-80.224501
"2773",2025-09-24,54,"Hattie Avenue","Ozone","Forsyth",36.11094,-80.224501
"2774",2025-09-25,32,"Hattie Avenue","Ozone","Forsyth",36.11094,-80.224501
"2775",2025-09-26,37,"Hattie Avenue","Ozone","Forsyth",36.11094,-80.224501
"2776",2025-09-27,39,"Hattie Avenue","Ozone","Forsyth",36.11094,-80.224501
"2777",2025-09-28,41,"Hattie Avenue","Ozone","Forsyth",36.11094,-80.224501
"2778",2025-09-29,39,"Hattie Avenue","Ozone","Forsyth",36.11094,-80.224501
"2779",2025-09-30,39,"Hattie Avenue","Ozone","Forsyth",36.11094,-80.224501
"2780",2025-10-01,41,"Hattie Avenue","Ozone","Forsyth",36.11094,-80.224501
"2781",2025-10-02,38,"Hattie Avenue","Ozone","Forsyth",36.11094,-80.224501
"2782",2025-10-03,35,"Hattie Avenue","Ozone","Forsyth",36.11094,-80.224501
"2783",2025-10-04,46,"Hattie Avenue","Ozone","Forsyth",36.11094,-80.224501
"2784",2025-10-05,34,"Hattie Avenue","Ozone","Forsyth",36.11094,-80.224501
"2785",2025-10-06,43,"Hattie Avenue","Ozone","Forsyth",36.11094,-80.224501
"2786",2025-10-07,33,"Hattie Avenue","Ozone","Forsyth",36.11094,-80.224501
"2787",2025-10-08,32,"Hattie Avenue","Ozone","Forsyth",36.11094,-80.224501
"2788",2025-10-09,38,"Hattie Avenue","Ozone","Forsyth",36.11094,-80.224501
"2789",2025-10-10,33,"Hattie Avenue","Ozone","Forsyth",36.11094,-80.224501
"2790",2025-10-11,31,"Hattie Avenue","Ozone","Forsyth",36.11094,-80.224501
"2791",2025-10-12,28,"Hattie Avenue","Ozone","Forsyth",36.11094,-80.224501
"2792",2025-10-13,32,"Hattie Avenue","Ozone","Forsyth",36.11094,-80.224501
"2793",2025-10-14,35,"Hattie Avenue","Ozone","Forsyth",36.11094,-80.224501
"2794",2025-10-15,39,"Hattie Avenue","Ozone","Forsyth",36.11094,-80.224501
"2795",2025-10-16,37,"Hattie Avenue","Ozone","Forsyth",36.11094,-80.224501
"2796",2025-10-17,43,"Hattie Avenue","Ozone","Forsyth",36.11094,-80.224501
"2797",2025-10-18,50,"Hattie Avenue","Ozone","Forsyth",36.11094,-80.224501
"2798",2025-10-19,39,"Hattie Avenue","Ozone","Forsyth",36.11094,-80.224501
"2799",2025-10-20,32,"Hattie Avenue","Ozone","Forsyth",36.11094,-80.224501
"2800",2025-10-21,44,"Hattie Avenue","Ozone","Forsyth",36.11094,-80.224501
"2801",2025-10-22,36,"Hattie Avenue","Ozone","Forsyth",36.11094,-80.224501
"2802",2025-10-23,37,"Hattie Avenue","Ozone","Forsyth",36.11094,-80.224501
"2803",2025-10-24,37,"Hattie Avenue","Ozone","Forsyth",36.11094,-80.224501
"2804",2025-10-25,36,"Hattie Avenue","Ozone","Forsyth",36.11094,-80.224501
"2805",2025-10-26,32,"Hattie Avenue","Ozone","Forsyth",36.11094,-80.224501
"2806",2025-10-27,31,"Hattie Avenue","Ozone","Forsyth",36.11094,-80.224501
"2807",2025-10-28,27,"Hattie Avenue","Ozone","Forsyth",36.11094,-80.224501
"2808",2025-10-29,15,"Hattie Avenue","Ozone","Forsyth",36.11094,-80.224501
"2809",2025-10-30,25,"Hattie Avenue","Ozone","Forsyth",36.11094,-80.224501
"2810",2025-10-31,32,"Hattie Avenue","Ozone","Forsyth",36.11094,-80.224501
"2811",2025-11-01,35,"Hattie Avenue","Ozone","Forsyth",36.11094,-80.224501
"2812",2025-11-02,39,"Hattie Avenue","Ozone","Forsyth",36.11094,-80.224501
"2813",2025-11-03,35,"Hattie Avenue","Ozone","Forsyth",36.11094,-80.224501
"2814",2025-02-27,45,"Clemmons Middle","Ozone","Forsyth",36.026612,-80.341962
"2815",2025-02-28,45,"Clemmons Middle","Ozone","Forsyth",36.026612,-80.341962
"2816",2025-03-01,48,"Clemmons Middle","Ozone","Forsyth",36.026612,-80.341962
"2817",2025-03-02,41,"Clemmons Middle","Ozone","Forsyth",36.026612,-80.341962
"2818",2025-03-03,44,"Clemmons Middle","Ozone","Forsyth",36.026612,-80.341962
"2819",2025-03-04,44,"Clemmons Middle","Ozone","Forsyth",36.026612,-80.341962
"2820",2025-03-05,44,"Clemmons Middle","Ozone","Forsyth",36.026612,-80.341962
"2821",2025-03-06,36,"Clemmons Middle","Ozone","Forsyth",36.026612,-80.341962
"2822",2025-03-07,35,"Clemmons Middle","Ozone","Forsyth",36.026612,-80.341962
"2823",2025-03-08,43,"Clemmons Middle","Ozone","Forsyth",36.026612,-80.341962
"2824",2025-03-09,44,"Clemmons Middle","Ozone","Forsyth",36.026612,-80.341962
"2825",2025-03-10,43,"Clemmons Middle","Ozone","Forsyth",36.026612,-80.341962
"2826",2025-03-11,64,"Clemmons Middle","Ozone","Forsyth",36.026612,-80.341962
"2827",2025-03-12,87,"Clemmons Middle","Ozone","Forsyth",36.026612,-80.341962
"2828",2025-03-13,84,"Clemmons Middle","Ozone","Forsyth",36.026612,-80.341962
"2829",2025-03-14,50,"Clemmons Middle","Ozone","Forsyth",36.026612,-80.341962
"2830",2025-03-15,36,"Clemmons Middle","Ozone","Forsyth",36.026612,-80.341962
"2831",2025-03-16,41,"Clemmons Middle","Ozone","Forsyth",36.026612,-80.341962
"2832",2025-03-17,32,"Clemmons Middle","Ozone","Forsyth",36.026612,-80.341962
"2833",2025-03-18,46,"Clemmons Middle","Ozone","Forsyth",36.026612,-80.341962
"2834",2025-03-19,67,"Clemmons Middle","Ozone","Forsyth",36.026612,-80.341962
"2835",2025-03-20,41,"Clemmons Middle","Ozone","Forsyth",36.026612,-80.341962
"2836",2025-03-21,45,"Clemmons Middle","Ozone","Forsyth",36.026612,-80.341962
"2837",2025-03-22,50,"Clemmons Middle","Ozone","Forsyth",36.026612,-80.341962
"2838",2025-03-23,50,"Clemmons Middle","Ozone","Forsyth",36.026612,-80.341962
"2839",2025-03-24,42,"Clemmons Middle","Ozone","Forsyth",36.026612,-80.341962
"2840",2025-03-25,50,"Clemmons Middle","Ozone","Forsyth",36.026612,-80.341962
"2841",2025-03-26,47,"Clemmons Middle","Ozone","Forsyth",36.026612,-80.341962
"2842",2025-03-27,54,"Clemmons Middle","Ozone","Forsyth",36.026612,-80.341962
"2843",2025-03-28,77,"Clemmons Middle","Ozone","Forsyth",36.026612,-80.341962
"2844",2025-03-29,46,"Clemmons Middle","Ozone","Forsyth",36.026612,-80.341962
"2845",2025-03-30,43,"Clemmons Middle","Ozone","Forsyth",36.026612,-80.341962
"2846",2025-03-31,31,"Clemmons Middle","Ozone","Forsyth",36.026612,-80.341962
"2847",2025-04-01,37,"Clemmons Middle","Ozone","Forsyth",36.026612,-80.341962
"2848",2025-04-02,32,"Clemmons Middle","Ozone","Forsyth",36.026612,-80.341962
"2849",2025-04-03,31,"Clemmons Middle","Ozone","Forsyth",36.026612,-80.341962
"2850",2025-04-04,38,"Clemmons Middle","Ozone","Forsyth",36.026612,-80.341962
"2851",2025-04-05,38,"Clemmons Middle","Ozone","Forsyth",36.026612,-80.341962
"2852",2025-04-06,46,"Clemmons Middle","Ozone","Forsyth",36.026612,-80.341962
"2853",2025-04-07,29,"Clemmons Middle","Ozone","Forsyth",36.026612,-80.341962
"2854",2025-04-08,50,"Clemmons Middle","Ozone","Forsyth",36.026612,-80.341962
"2855",2025-04-09,48,"Clemmons Middle","Ozone","Forsyth",36.026612,-80.341962
"2856",2025-04-10,38,"Clemmons Middle","Ozone","Forsyth",36.026612,-80.341962
"2857",2025-04-11,36,"Clemmons Middle","Ozone","Forsyth",36.026612,-80.341962
"2858",2025-04-12,40,"Clemmons Middle","Ozone","Forsyth",36.026612,-80.341962
"2859",2025-04-13,47,"Clemmons Middle","Ozone","Forsyth",36.026612,-80.341962
"2860",2025-04-14,77,"Clemmons Middle","Ozone","Forsyth",36.026612,-80.341962
"2861",2025-04-15,45,"Clemmons Middle","Ozone","Forsyth",36.026612,-80.341962
"2862",2025-04-16,47,"Clemmons Middle","Ozone","Forsyth",36.026612,-80.341962
"2863",2025-04-17,61,"Clemmons Middle","Ozone","Forsyth",36.026612,-80.341962
"2864",2025-04-18,90,"Clemmons Middle","Ozone","Forsyth",36.026612,-80.341962
"2865",2025-04-19,44,"Clemmons Middle","Ozone","Forsyth",36.026612,-80.341962
"2866",2025-04-20,45,"Clemmons Middle","Ozone","Forsyth",36.026612,-80.341962
"2867",2025-04-21,47,"Clemmons Middle","Ozone","Forsyth",36.026612,-80.341962
"2868",2025-04-22,39,"Clemmons Middle","Ozone","Forsyth",36.026612,-80.341962
"2869",2025-04-23,71,"Clemmons Middle","Ozone","Forsyth",36.026612,-80.341962
"2870",2025-04-24,39,"Clemmons Middle","Ozone","Forsyth",36.026612,-80.341962
"2871",2025-04-25,39,"Clemmons Middle","Ozone","Forsyth",36.026612,-80.341962
"2872",2025-04-26,37,"Clemmons Middle","Ozone","Forsyth",36.026612,-80.341962
"2873",2025-04-27,49,"Clemmons Middle","Ozone","Forsyth",36.026612,-80.341962
"2874",2025-04-28,50,"Clemmons Middle","Ozone","Forsyth",36.026612,-80.341962
"2875",2025-04-29,47,"Clemmons Middle","Ozone","Forsyth",36.026612,-80.341962
"2876",2025-04-30,44,"Clemmons Middle","Ozone","Forsyth",36.026612,-80.341962
"2877",2025-05-01,45,"Clemmons Middle","Ozone","Forsyth",36.026612,-80.341962
"2878",2025-05-02,47,"Clemmons Middle","Ozone","Forsyth",36.026612,-80.341962
"2879",2025-05-03,34,"Clemmons Middle","Ozone","Forsyth",36.026612,-80.341962
"2880",2025-05-04,43,"Clemmons Middle","Ozone","Forsyth",36.026612,-80.341962
"2881",2025-05-05,47,"Clemmons Middle","Ozone","Forsyth",36.026612,-80.341962
"2882",2025-05-06,47,"Clemmons Middle","Ozone","Forsyth",36.026612,-80.341962
"2883",2025-05-07,44,"Clemmons Middle","Ozone","Forsyth",36.026612,-80.341962
"2884",2025-05-08,44,"Clemmons Middle","Ozone","Forsyth",36.026612,-80.341962
"2885",2025-05-09,45,"Clemmons Middle","Ozone","Forsyth",36.026612,-80.341962
"2886",2025-05-10,48,"Clemmons Middle","Ozone","Forsyth",36.026612,-80.341962
"2887",2025-05-11,37,"Clemmons Middle","Ozone","Forsyth",36.026612,-80.341962
"2888",2025-05-12,24,"Clemmons Middle","Ozone","Forsyth",36.026612,-80.341962
"2889",2025-05-13,39,"Clemmons Middle","Ozone","Forsyth",36.026612,-80.341962
"2890",2025-05-14,39,"Clemmons Middle","Ozone","Forsyth",36.026612,-80.341962
"2891",2025-05-15,48,"Clemmons Middle","Ozone","Forsyth",36.026612,-80.341962
"2892",2025-05-16,32,"Clemmons Middle","Ozone","Forsyth",36.026612,-80.341962
"2893",2025-05-17,44,"Clemmons Middle","Ozone","Forsyth",36.026612,-80.341962
"2894",2025-05-18,44,"Clemmons Middle","Ozone","Forsyth",36.026612,-80.341962
"2895",2025-05-19,46,"Clemmons Middle","Ozone","Forsyth",36.026612,-80.341962
"2896",2025-05-20,49,"Clemmons Middle","Ozone","Forsyth",36.026612,-80.341962
"2897",2025-05-21,44,"Clemmons Middle","Ozone","Forsyth",36.026612,-80.341962
"2898",2025-05-22,48,"Clemmons Middle","Ozone","Forsyth",36.026612,-80.341962
"2899",2025-05-23,40,"Clemmons Middle","Ozone","Forsyth",36.026612,-80.341962
"2900",2025-05-24,43,"Clemmons Middle","Ozone","Forsyth",36.026612,-80.341962
"2901",2025-05-25,42,"Clemmons Middle","Ozone","Forsyth",36.026612,-80.341962
"2902",2025-05-26,26,"Clemmons Middle","Ozone","Forsyth",36.026612,-80.341962
"2903",2025-05-27,29,"Clemmons Middle","Ozone","Forsyth",36.026612,-80.341962
"2904",2025-05-28,24,"Clemmons Middle","Ozone","Forsyth",36.026612,-80.341962
"2905",2025-05-29,31,"Clemmons Middle","Ozone","Forsyth",36.026612,-80.341962
"2906",2025-05-30,44,"Clemmons Middle","Ozone","Forsyth",36.026612,-80.341962
"2907",2025-05-31,44,"Clemmons Middle","Ozone","Forsyth",36.026612,-80.341962
"2908",2025-06-01,44,"Clemmons Middle","Ozone","Forsyth",36.026612,-80.341962
"2909",2025-06-02,67,"Clemmons Middle","Ozone","Forsyth",36.026612,-80.341962
"2910",2025-06-03,51,"Clemmons Middle","Ozone","Forsyth",36.026612,-80.341962
"2911",2025-06-04,51,"Clemmons Middle","Ozone","Forsyth",36.026612,-80.341962
"2912",2025-06-05,30,"Clemmons Middle","Ozone","Forsyth",36.026612,-80.341962
"2913",2025-06-06,40,"Clemmons Middle","Ozone","Forsyth",36.026612,-80.341962
"2914",2025-06-07,37,"Clemmons Middle","Ozone","Forsyth",36.026612,-80.341962
"2915",2025-06-08,34,"Clemmons Middle","Ozone","Forsyth",36.026612,-80.341962
"2916",2025-06-09,46,"Clemmons Middle","Ozone","Forsyth",36.026612,-80.341962
"2917",2025-06-10,37,"Clemmons Middle","Ozone","Forsyth",36.026612,-80.341962
"2918",2025-06-11,61,"Clemmons Middle","Ozone","Forsyth",36.026612,-80.341962
"2919",2025-06-12,51,"Clemmons Middle","Ozone","Forsyth",36.026612,-80.341962
"2920",2025-06-13,34,"Clemmons Middle","Ozone","Forsyth",36.026612,-80.341962
"2921",2025-06-14,31,"Clemmons Middle","Ozone","Forsyth",36.026612,-80.341962
"2922",2025-06-15,31,"Clemmons Middle","Ozone","Forsyth",36.026612,-80.341962
"2923",2025-06-16,32,"Clemmons Middle","Ozone","Forsyth",36.026612,-80.341962
"2924",2025-06-17,37,"Clemmons Middle","Ozone","Forsyth",36.026612,-80.341962
"2925",2025-06-18,39,"Clemmons Middle","Ozone","Forsyth",36.026612,-80.341962
"2926",2025-06-19,34,"Clemmons Middle","Ozone","Forsyth",36.026612,-80.341962
"2927",2025-06-20,71,"Clemmons Middle","Ozone","Forsyth",36.026612,-80.341962
"2928",2025-06-21,54,"Clemmons Middle","Ozone","Forsyth",36.026612,-80.341962
"2929",2025-06-22,43,"Clemmons Middle","Ozone","Forsyth",36.026612,-80.341962
"2930",2025-06-23,43,"Clemmons Middle","Ozone","Forsyth",36.026612,-80.341962
"2931",2025-06-24,44,"Clemmons Middle","Ozone","Forsyth",36.026612,-80.341962
"2932",2025-06-25,42,"Clemmons Middle","Ozone","Forsyth",36.026612,-80.341962
"2933",2025-06-26,49,"Clemmons Middle","Ozone","Forsyth",36.026612,-80.341962
"2934",2025-06-27,47,"Clemmons Middle","Ozone","Forsyth",36.026612,-80.341962
"2935",2025-06-28,44,"Clemmons Middle","Ozone","Forsyth",36.026612,-80.341962
"2936",2025-06-29,42,"Clemmons Middle","Ozone","Forsyth",36.026612,-80.341962
"2937",2025-06-30,41,"Clemmons Middle","Ozone","Forsyth",36.026612,-80.341962
"2938",2025-07-01,48,"Clemmons Middle","Ozone","Forsyth",36.026612,-80.341962
"2939",2025-07-02,34,"Clemmons Middle","Ozone","Forsyth",36.026612,-80.341962
"2940",2025-07-03,54,"Clemmons Middle","Ozone","Forsyth",36.026612,-80.341962
"2941",2025-07-04,50,"Clemmons Middle","Ozone","Forsyth",36.026612,-80.341962
"2942",2025-07-05,47,"Clemmons Middle","Ozone","Forsyth",36.026612,-80.341962
"2943",2025-07-06,19,"Clemmons Middle","Ozone","Forsyth",36.026612,-80.341962
"2944",2025-07-07,41,"Clemmons Middle","Ozone","Forsyth",36.026612,-80.341962
"2945",2025-07-08,50,"Clemmons Middle","Ozone","Forsyth",36.026612,-80.341962
"2946",2025-07-09,49,"Clemmons Middle","Ozone","Forsyth",36.026612,-80.341962
"2947",2025-07-10,35,"Clemmons Middle","Ozone","Forsyth",36.026612,-80.341962
"2948",2025-07-11,40,"Clemmons Middle","Ozone","Forsyth",36.026612,-80.341962
"2949",2025-07-12,42,"Clemmons Middle","Ozone","Forsyth",36.026612,-80.341962
"2950",2025-07-13,33,"Clemmons Middle","Ozone","Forsyth",36.026612,-80.341962
"2951",2025-07-14,36,"Clemmons Middle","Ozone","Forsyth",36.026612,-80.341962
"2952",2025-07-15,42,"Clemmons Middle","Ozone","Forsyth",36.026612,-80.341962
"2953",2025-07-16,39,"Clemmons Middle","Ozone","Forsyth",36.026612,-80.341962
"2954",2025-07-17,35,"Clemmons Middle","Ozone","Forsyth",36.026612,-80.341962
"2955",2025-07-18,34,"Clemmons Middle","Ozone","Forsyth",36.026612,-80.341962
"2956",2025-07-19,31,"Clemmons Middle","Ozone","Forsyth",36.026612,-80.341962
"2957",2025-07-20,31,"Clemmons Middle","Ozone","Forsyth",36.026612,-80.341962
"2958",2025-07-21,31,"Clemmons Middle","Ozone","Forsyth",36.026612,-80.341962
"2959",2025-07-22,44,"Clemmons Middle","Ozone","Forsyth",36.026612,-80.341962
"2960",2025-07-23,67,"Clemmons Middle","Ozone","Forsyth",36.026612,-80.341962
"2961",2025-07-24,42,"Clemmons Middle","Ozone","Forsyth",36.026612,-80.341962
"2962",2025-07-25,44,"Clemmons Middle","Ozone","Forsyth",36.026612,-80.341962
"2963",2025-07-26,51,"Clemmons Middle","Ozone","Forsyth",36.026612,-80.341962
"2964",2025-07-27,31,"Clemmons Middle","Ozone","Forsyth",36.026612,-80.341962
"2965",2025-07-28,41,"Clemmons Middle","Ozone","Forsyth",36.026612,-80.341962
"2966",2025-07-29,45,"Clemmons Middle","Ozone","Forsyth",36.026612,-80.341962
"2967",2025-07-30,49,"Clemmons Middle","Ozone","Forsyth",36.026612,-80.341962
"2968",2025-07-31,44,"Clemmons Middle","Ozone","Forsyth",36.026612,-80.341962
"2969",2025-08-01,39,"Clemmons Middle","Ozone","Forsyth",36.026612,-80.341962
"2970",2025-08-02,34,"Clemmons Middle","Ozone","Forsyth",36.026612,-80.341962
"2971",2025-08-03,33,"Clemmons Middle","Ozone","Forsyth",36.026612,-80.341962
"2972",2025-08-04,44,"Clemmons Middle","Ozone","Forsyth",36.026612,-80.341962
"2973",2025-08-05,34,"Clemmons Middle","Ozone","Forsyth",36.026612,-80.341962
"2974",2025-08-06,28,"Clemmons Middle","Ozone","Forsyth",36.026612,-80.341962
"2975",2025-08-07,27,"Clemmons Middle","Ozone","Forsyth",36.026612,-80.341962
"2976",2025-08-08,39,"Clemmons Middle","Ozone","Forsyth",36.026612,-80.341962
"2977",2025-08-09,37,"Clemmons Middle","Ozone","Forsyth",36.026612,-80.341962
"2978",2025-08-10,39,"Clemmons Middle","Ozone","Forsyth",36.026612,-80.341962
"2979",2025-08-11,24,"Clemmons Middle","Ozone","Forsyth",36.026612,-80.341962
"2980",2025-08-12,21,"Clemmons Middle","Ozone","Forsyth",36.026612,-80.341962
"2981",2025-08-13,24,"Clemmons Middle","Ozone","Forsyth",36.026612,-80.341962
"2982",2025-08-14,27,"Clemmons Middle","Ozone","Forsyth",36.026612,-80.341962
"2983",2025-08-15,46,"Clemmons Middle","Ozone","Forsyth",36.026612,-80.341962
"2984",2025-08-16,45,"Clemmons Middle","Ozone","Forsyth",36.026612,-80.341962
"2985",2025-08-17,37,"Clemmons Middle","Ozone","Forsyth",36.026612,-80.341962
"2986",2025-08-18,46,"Clemmons Middle","Ozone","Forsyth",36.026612,-80.341962
"2987",2025-08-20,36,"Clemmons Middle","Ozone","Forsyth",36.026612,-80.341962
"2988",2025-08-21,35,"Clemmons Middle","Ozone","Forsyth",36.026612,-80.341962
"2989",2025-08-22,31,"Clemmons Middle","Ozone","Forsyth",36.026612,-80.341962
"2990",2025-08-23,31,"Clemmons Middle","Ozone","Forsyth",36.026612,-80.341962
"2991",2025-08-24,34,"Clemmons Middle","Ozone","Forsyth",36.026612,-80.341962
"2992",2025-08-25,35,"Clemmons Middle","Ozone","Forsyth",36.026612,-80.341962
"2993",2025-08-26,37,"Clemmons Middle","Ozone","Forsyth",36.026612,-80.341962
"2994",2025-08-27,40,"Clemmons Middle","Ozone","Forsyth",36.026612,-80.341962
"2995",2025-08-28,47,"Clemmons Middle","Ozone","Forsyth",36.026612,-80.341962
"2996",2025-08-29,42,"Clemmons Middle","Ozone","Forsyth",36.026612,-80.341962
"2997",2025-08-30,44,"Clemmons Middle","Ozone","Forsyth",36.026612,-80.341962
"2998",2025-08-31,41,"Clemmons Middle","Ozone","Forsyth",36.026612,-80.341962
"2999",2025-09-01,40,"Clemmons Middle","Ozone","Forsyth",36.026612,-80.341962
"3000",2025-09-02,44,"Clemmons Middle","Ozone","Forsyth",36.026612,-80.341962
"3001",2025-09-03,45,"Clemmons Middle","Ozone","Forsyth",36.026612,-80.341962
"3002",2025-09-04,38,"Clemmons Middle","Ozone","Forsyth",36.026612,-80.341962
"3003",2025-09-05,41,"Clemmons Middle","Ozone","Forsyth",36.026612,-80.341962
"3004",2025-09-06,34,"Clemmons Middle","Ozone","Forsyth",36.026612,-80.341962
"3005",2025-09-07,25,"Clemmons Middle","Ozone","Forsyth",36.026612,-80.341962
"3006",2025-09-08,40,"Clemmons Middle","Ozone","Forsyth",36.026612,-80.341962
"3007",2025-09-09,45,"Clemmons Middle","Ozone","Forsyth",36.026612,-80.341962
"3008",2025-09-10,40,"Clemmons Middle","Ozone","Forsyth",36.026612,-80.341962
"3009",2025-09-11,44,"Clemmons Middle","Ozone","Forsyth",36.026612,-80.341962
"3010",2025-09-12,49,"Clemmons Middle","Ozone","Forsyth",36.026612,-80.341962
"3011",2025-09-13,45,"Clemmons Middle","Ozone","Forsyth",36.026612,-80.341962
"3012",2025-09-14,49,"Clemmons Middle","Ozone","Forsyth",36.026612,-80.341962
"3013",2025-09-15,44,"Clemmons Middle","Ozone","Forsyth",36.026612,-80.341962
"3014",2025-09-16,41,"Clemmons Middle","Ozone","Forsyth",36.026612,-80.341962
"3015",2025-09-17,39,"Clemmons Middle","Ozone","Forsyth",36.026612,-80.341962
"3016",2025-09-18,41,"Clemmons Middle","Ozone","Forsyth",36.026612,-80.341962
"3017",2025-09-19,77,"Clemmons Middle","Ozone","Forsyth",36.026612,-80.341962
"3018",2025-09-20,61,"Clemmons Middle","Ozone","Forsyth",36.026612,-80.341962
"3019",2025-09-21,47,"Clemmons Middle","Ozone","Forsyth",36.026612,-80.341962
"3020",2025-09-22,44,"Clemmons Middle","Ozone","Forsyth",36.026612,-80.341962
"3021",2025-09-23,54,"Clemmons Middle","Ozone","Forsyth",36.026612,-80.341962
"3022",2025-09-24,48,"Clemmons Middle","Ozone","Forsyth",36.026612,-80.341962
"3023",2025-09-25,31,"Clemmons Middle","Ozone","Forsyth",36.026612,-80.341962
"3024",2025-09-26,34,"Clemmons Middle","Ozone","Forsyth",36.026612,-80.341962
"3025",2025-09-27,33,"Clemmons Middle","Ozone","Forsyth",36.026612,-80.341962
"3026",2025-09-28,40,"Clemmons Middle","Ozone","Forsyth",36.026612,-80.341962
"3027",2025-09-29,37,"Clemmons Middle","Ozone","Forsyth",36.026612,-80.341962
"3028",2025-09-30,37,"Clemmons Middle","Ozone","Forsyth",36.026612,-80.341962
"3029",2025-10-01,41,"Clemmons Middle","Ozone","Forsyth",36.026612,-80.341962
"3030",2025-10-02,38,"Clemmons Middle","Ozone","Forsyth",36.026612,-80.341962
"3031",2025-10-03,36,"Clemmons Middle","Ozone","Forsyth",36.026612,-80.341962
"3032",2025-10-04,41,"Clemmons Middle","Ozone","Forsyth",36.026612,-80.341962
"3033",2025-10-05,31,"Clemmons Middle","Ozone","Forsyth",36.026612,-80.341962
"3034",2025-10-06,38,"Clemmons Middle","Ozone","Forsyth",36.026612,-80.341962
"3035",2025-10-07,32,"Clemmons Middle","Ozone","Forsyth",36.026612,-80.341962
"3036",2025-10-08,31,"Clemmons Middle","Ozone","Forsyth",36.026612,-80.341962
"3037",2025-10-09,38,"Clemmons Middle","Ozone","Forsyth",36.026612,-80.341962
"3038",2025-10-10,34,"Clemmons Middle","Ozone","Forsyth",36.026612,-80.341962
"3039",2025-10-11,31,"Clemmons Middle","Ozone","Forsyth",36.026612,-80.341962
"3040",2025-10-12,28,"Clemmons Middle","Ozone","Forsyth",36.026612,-80.341962
"3041",2025-10-13,32,"Clemmons Middle","Ozone","Forsyth",36.026612,-80.341962
"3042",2025-10-14,36,"Clemmons Middle","Ozone","Forsyth",36.026612,-80.341962
"3043",2025-10-15,38,"Clemmons Middle","Ozone","Forsyth",36.026612,-80.341962
"3044",2025-10-16,38,"Clemmons Middle","Ozone","Forsyth",36.026612,-80.341962
"3045",2025-10-17,42,"Clemmons Middle","Ozone","Forsyth",36.026612,-80.341962
"3046",2025-10-18,47,"Clemmons Middle","Ozone","Forsyth",36.026612,-80.341962
"3047",2025-10-19,38,"Clemmons Middle","Ozone","Forsyth",36.026612,-80.341962
"3048",2025-10-20,32,"Clemmons Middle","Ozone","Forsyth",36.026612,-80.341962
"3049",2025-10-21,44,"Clemmons Middle","Ozone","Forsyth",36.026612,-80.341962
"3050",2025-10-22,37,"Clemmons Middle","Ozone","Forsyth",36.026612,-80.341962
"3051",2025-10-23,38,"Clemmons Middle","Ozone","Forsyth",36.026612,-80.341962
"3052",2025-10-24,36,"Clemmons Middle","Ozone","Forsyth",36.026612,-80.341962
"3053",2025-10-25,34,"Clemmons Middle","Ozone","Forsyth",36.026612,-80.341962
"3054",2025-10-26,33,"Clemmons Middle","Ozone","Forsyth",36.026612,-80.341962
"3055",2025-10-27,30,"Clemmons Middle","Ozone","Forsyth",36.026612,-80.341962
"3056",2025-10-28,28,"Clemmons Middle","Ozone","Forsyth",36.026612,-80.341962
"3057",2025-10-29,13,"Clemmons Middle","Ozone","Forsyth",36.026612,-80.341962
"3058",2025-10-30,26,"Clemmons Middle","Ozone","Forsyth",36.026612,-80.341962
"3059",2025-10-31,33,"Clemmons Middle","Ozone","Forsyth",36.026612,-80.341962
"3060",2025-11-01,35,"Clemmons Middle","Ozone","Forsyth",36.026612,-80.341962
"3061",2025-11-02,37,"Clemmons Middle","Ozone","Forsyth",36.026612,-80.341962
"3062",2025-02-27,44,"Union Cross","Ozone","Forsyth",36.051805,-80.144933
"3063",2025-02-28,44,"Union Cross","Ozone","Forsyth",36.051805,-80.144933
"3064",2025-03-01,47,"Union Cross","Ozone","Forsyth",36.051805,-80.144933
"3065",2025-03-02,40,"Union Cross","Ozone","Forsyth",36.051805,-80.144933
"3066",2025-03-03,43,"Union Cross","Ozone","Forsyth",36.051805,-80.144933
"3067",2025-03-04,43,"Union Cross","Ozone","Forsyth",36.051805,-80.144933
"3068",2025-03-05,44,"Union Cross","Ozone","Forsyth",36.051805,-80.144933
"3069",2025-03-06,35,"Union Cross","Ozone","Forsyth",36.051805,-80.144933
"3070",2025-03-07,32,"Union Cross","Ozone","Forsyth",36.051805,-80.144933
"3071",2025-03-08,42,"Union Cross","Ozone","Forsyth",36.051805,-80.144933
"3072",2025-03-09,44,"Union Cross","Ozone","Forsyth",36.051805,-80.144933
"3073",2025-03-10,41,"Union Cross","Ozone","Forsyth",36.051805,-80.144933
"3074",2025-03-11,58,"Union Cross","Ozone","Forsyth",36.051805,-80.144933
"3075",2025-03-12,74,"Union Cross","Ozone","Forsyth",36.051805,-80.144933
"3076",2025-03-13,71,"Union Cross","Ozone","Forsyth",36.051805,-80.144933
"3077",2025-03-14,45,"Union Cross","Ozone","Forsyth",36.051805,-80.144933
"3078",2025-03-15,35,"Union Cross","Ozone","Forsyth",36.051805,-80.144933
"3079",2025-03-16,39,"Union Cross","Ozone","Forsyth",36.051805,-80.144933
"3080",2025-03-17,32,"Union Cross","Ozone","Forsyth",36.051805,-80.144933
"3081",2025-03-18,44,"Union Cross","Ozone","Forsyth",36.051805,-80.144933
"3082",2025-03-19,67,"Union Cross","Ozone","Forsyth",36.051805,-80.144933
"3083",2025-03-20,39,"Union Cross","Ozone","Forsyth",36.051805,-80.144933
"3084",2025-03-21,44,"Union Cross","Ozone","Forsyth",36.051805,-80.144933
"3085",2025-03-22,48,"Union Cross","Ozone","Forsyth",36.051805,-80.144933
"3086",2025-03-23,47,"Union Cross","Ozone","Forsyth",36.051805,-80.144933
"3087",2025-03-24,41,"Union Cross","Ozone","Forsyth",36.051805,-80.144933
"3088",2025-03-25,49,"Union Cross","Ozone","Forsyth",36.051805,-80.144933
"3089",2025-03-26,44,"Union Cross","Ozone","Forsyth",36.051805,-80.144933
"3090",2025-03-27,49,"Union Cross","Ozone","Forsyth",36.051805,-80.144933
"3091",2025-03-28,77,"Union Cross","Ozone","Forsyth",36.051805,-80.144933
"3092",2025-03-29,45,"Union Cross","Ozone","Forsyth",36.051805,-80.144933
"3093",2025-03-30,42,"Union Cross","Ozone","Forsyth",36.051805,-80.144933
"3094",2025-03-31,31,"Union Cross","Ozone","Forsyth",36.051805,-80.144933
"3095",2025-04-01,33,"Union Cross","Ozone","Forsyth",36.051805,-80.144933
"3096",2025-04-02,31,"Union Cross","Ozone","Forsyth",36.051805,-80.144933
"3097",2025-04-03,29,"Union Cross","Ozone","Forsyth",36.051805,-80.144933
"3098",2025-04-04,37,"Union Cross","Ozone","Forsyth",36.051805,-80.144933
"3099",2025-04-05,38,"Union Cross","Ozone","Forsyth",36.051805,-80.144933
"3100",2025-04-06,46,"Union Cross","Ozone","Forsyth",36.051805,-80.144933
"3101",2025-04-07,29,"Union Cross","Ozone","Forsyth",36.051805,-80.144933
"3102",2025-04-08,49,"Union Cross","Ozone","Forsyth",36.051805,-80.144933
"3103",2025-04-09,46,"Union Cross","Ozone","Forsyth",36.051805,-80.144933
"3104",2025-04-10,40,"Union Cross","Ozone","Forsyth",36.051805,-80.144933
"3105",2025-04-11,37,"Union Cross","Ozone","Forsyth",36.051805,-80.144933
"3106",2025-04-12,40,"Union Cross","Ozone","Forsyth",36.051805,-80.144933
"3107",2025-04-13,46,"Union Cross","Ozone","Forsyth",36.051805,-80.144933
"3108",2025-04-14,74,"Union Cross","Ozone","Forsyth",36.051805,-80.144933
"3109",2025-04-15,44,"Union Cross","Ozone","Forsyth",36.051805,-80.144933
"3110",2025-04-16,47,"Union Cross","Ozone","Forsyth",36.051805,-80.144933
"3111",2025-04-17,58,"Union Cross","Ozone","Forsyth",36.051805,-80.144933
"3112",2025-04-18,77,"Union Cross","Ozone","Forsyth",36.051805,-80.144933
"3113",2025-04-19,46,"Union Cross","Ozone","Forsyth",36.051805,-80.144933
"3114",2025-04-20,42,"Union Cross","Ozone","Forsyth",36.051805,-80.144933
"3115",2025-04-21,48,"Union Cross","Ozone","Forsyth",36.051805,-80.144933
"3116",2025-04-22,40,"Union Cross","Ozone","Forsyth",36.051805,-80.144933
"3117",2025-04-23,58,"Union Cross","Ozone","Forsyth",36.051805,-80.144933
"3118",2025-04-24,38,"Union Cross","Ozone","Forsyth",36.051805,-80.144933
"3119",2025-04-25,43,"Union Cross","Ozone","Forsyth",36.051805,-80.144933
"3120",2025-04-26,39,"Union Cross","Ozone","Forsyth",36.051805,-80.144933
"3121",2025-04-27,49,"Union Cross","Ozone","Forsyth",36.051805,-80.144933
"3122",2025-04-28,49,"Union Cross","Ozone","Forsyth",36.051805,-80.144933
"3123",2025-04-29,51,"Union Cross","Ozone","Forsyth",36.051805,-80.144933
"3124",2025-04-30,44,"Union Cross","Ozone","Forsyth",36.051805,-80.144933
"3125",2025-05-01,47,"Union Cross","Ozone","Forsyth",36.051805,-80.144933
"3126",2025-05-02,47,"Union Cross","Ozone","Forsyth",36.051805,-80.144933
"3127",2025-05-03,34,"Union Cross","Ozone","Forsyth",36.051805,-80.144933
"3128",2025-05-04,44,"Union Cross","Ozone","Forsyth",36.051805,-80.144933
"3129",2025-05-05,45,"Union Cross","Ozone","Forsyth",36.051805,-80.144933
"3130",2025-05-06,46,"Union Cross","Ozone","Forsyth",36.051805,-80.144933
"3131",2025-05-07,46,"Union Cross","Ozone","Forsyth",36.051805,-80.144933
"3132",2025-05-08,49,"Union Cross","Ozone","Forsyth",36.051805,-80.144933
"3133",2025-05-09,45,"Union Cross","Ozone","Forsyth",36.051805,-80.144933
"3134",2025-05-10,46,"Union Cross","Ozone","Forsyth",36.051805,-80.144933
"3135",2025-05-11,35,"Union Cross","Ozone","Forsyth",36.051805,-80.144933
"3136",2025-05-12,23,"Union Cross","Ozone","Forsyth",36.051805,-80.144933
"3137",2025-05-13,39,"Union Cross","Ozone","Forsyth",36.051805,-80.144933
"3138",2025-05-14,41,"Union Cross","Ozone","Forsyth",36.051805,-80.144933
"3139",2025-05-15,48,"Union Cross","Ozone","Forsyth",36.051805,-80.144933
"3140",2025-05-16,35,"Union Cross","Ozone","Forsyth",36.051805,-80.144933
"3141",2025-05-17,44,"Union Cross","Ozone","Forsyth",36.051805,-80.144933
"3142",2025-05-18,44,"Union Cross","Ozone","Forsyth",36.051805,-80.144933
"3143",2025-05-19,47,"Union Cross","Ozone","Forsyth",36.051805,-80.144933
"3144",2025-05-20,49,"Union Cross","Ozone","Forsyth",36.051805,-80.144933
"3145",2025-05-21,43,"Union Cross","Ozone","Forsyth",36.051805,-80.144933
"3146",2025-05-22,47,"Union Cross","Ozone","Forsyth",36.051805,-80.144933
"3147",2025-05-23,39,"Union Cross","Ozone","Forsyth",36.051805,-80.144933
"3148",2025-05-24,43,"Union Cross","Ozone","Forsyth",36.051805,-80.144933
"3149",2025-05-25,41,"Union Cross","Ozone","Forsyth",36.051805,-80.144933
"3150",2025-05-26,25,"Union Cross","Ozone","Forsyth",36.051805,-80.144933
"3151",2025-05-27,30,"Union Cross","Ozone","Forsyth",36.051805,-80.144933
"3152",2025-05-28,27,"Union Cross","Ozone","Forsyth",36.051805,-80.144933
"3153",2025-05-29,33,"Union Cross","Ozone","Forsyth",36.051805,-80.144933
"3154",2025-05-30,43,"Union Cross","Ozone","Forsyth",36.051805,-80.144933
"3155",2025-05-31,44,"Union Cross","Ozone","Forsyth",36.051805,-80.144933
"3156",2025-06-01,45,"Union Cross","Ozone","Forsyth",36.051805,-80.144933
"3157",2025-06-02,50,"Union Cross","Ozone","Forsyth",36.051805,-80.144933
"3158",2025-06-03,54,"Union Cross","Ozone","Forsyth",36.051805,-80.144933
"3159",2025-06-04,51,"Union Cross","Ozone","Forsyth",36.051805,-80.144933
"3160",2025-06-05,27,"Union Cross","Ozone","Forsyth",36.051805,-80.144933
"3161",2025-06-06,42,"Union Cross","Ozone","Forsyth",36.051805,-80.144933
"3162",2025-06-07,37,"Union Cross","Ozone","Forsyth",36.051805,-80.144933
"3163",2025-06-08,33,"Union Cross","Ozone","Forsyth",36.051805,-80.144933
"3164",2025-06-09,48,"Union Cross","Ozone","Forsyth",36.051805,-80.144933
"3165",2025-06-10,40,"Union Cross","Ozone","Forsyth",36.051805,-80.144933
"3166",2025-06-11,47,"Union Cross","Ozone","Forsyth",36.051805,-80.144933
"3167",2025-06-12,74,"Union Cross","Ozone","Forsyth",36.051805,-80.144933
"3168",2025-06-13,30,"Union Cross","Ozone","Forsyth",36.051805,-80.144933
"3169",2025-06-14,32,"Union Cross","Ozone","Forsyth",36.051805,-80.144933
"3170",2025-06-15,31,"Union Cross","Ozone","Forsyth",36.051805,-80.144933
"3171",2025-06-16,34,"Union Cross","Ozone","Forsyth",36.051805,-80.144933
"3172",2025-06-17,39,"Union Cross","Ozone","Forsyth",36.051805,-80.144933
"3173",2025-06-18,39,"Union Cross","Ozone","Forsyth",36.051805,-80.144933
"3174",2025-06-19,32,"Union Cross","Ozone","Forsyth",36.051805,-80.144933
"3175",2025-06-20,54,"Union Cross","Ozone","Forsyth",36.051805,-80.144933
"3176",2025-06-21,58,"Union Cross","Ozone","Forsyth",36.051805,-80.144933
"3177",2025-06-22,45,"Union Cross","Ozone","Forsyth",36.051805,-80.144933
"3178",2025-06-23,42,"Union Cross","Ozone","Forsyth",36.051805,-80.144933
"3179",2025-06-24,41,"Union Cross","Ozone","Forsyth",36.051805,-80.144933
"3180",2025-06-25,40,"Union Cross","Ozone","Forsyth",36.051805,-80.144933
"3181",2025-06-26,64,"Union Cross","Ozone","Forsyth",36.051805,-80.144933
"3182",2025-06-27,51,"Union Cross","Ozone","Forsyth",36.051805,-80.144933
"3183",2025-06-28,45,"Union Cross","Ozone","Forsyth",36.051805,-80.144933
"3184",2025-06-29,43,"Union Cross","Ozone","Forsyth",36.051805,-80.144933
"3185",2025-06-30,43,"Union Cross","Ozone","Forsyth",36.051805,-80.144933
"3186",2025-07-01,49,"Union Cross","Ozone","Forsyth",36.051805,-80.144933
"3187",2025-07-02,33,"Union Cross","Ozone","Forsyth",36.051805,-80.144933
"3188",2025-07-03,61,"Union Cross","Ozone","Forsyth",36.051805,-80.144933
"3189",2025-07-04,49,"Union Cross","Ozone","Forsyth",36.051805,-80.144933
"3190",2025-07-05,48,"Union Cross","Ozone","Forsyth",36.051805,-80.144933
"3191",2025-07-06,21,"Union Cross","Ozone","Forsyth",36.051805,-80.144933
"3192",2025-07-07,44,"Union Cross","Ozone","Forsyth",36.051805,-80.144933
"3193",2025-07-08,51,"Union Cross","Ozone","Forsyth",36.051805,-80.144933
"3194",2025-07-09,45,"Union Cross","Ozone","Forsyth",36.051805,-80.144933
"3195",2025-07-10,40,"Union Cross","Ozone","Forsyth",36.051805,-80.144933
"3196",2025-07-11,44,"Union Cross","Ozone","Forsyth",36.051805,-80.144933
"3197",2025-07-12,43,"Union Cross","Ozone","Forsyth",36.051805,-80.144933
"3198",2025-07-13,37,"Union Cross","Ozone","Forsyth",36.051805,-80.144933
"3199",2025-07-14,45,"Union Cross","Ozone","Forsyth",36.051805,-80.144933
"3200",2025-07-15,38,"Union Cross","Ozone","Forsyth",36.051805,-80.144933
"3201",2025-07-16,41,"Union Cross","Ozone","Forsyth",36.051805,-80.144933
"3202",2025-07-17,36,"Union Cross","Ozone","Forsyth",36.051805,-80.144933
"3203",2025-07-18,41,"Union Cross","Ozone","Forsyth",36.051805,-80.144933
"3204",2025-07-19,35,"Union Cross","Ozone","Forsyth",36.051805,-80.144933
"3205",2025-07-20,32,"Union Cross","Ozone","Forsyth",36.051805,-80.144933
"3206",2025-07-21,34,"Union Cross","Ozone","Forsyth",36.051805,-80.144933
"3207",2025-07-22,43,"Union Cross","Ozone","Forsyth",36.051805,-80.144933
"3208",2025-07-23,58,"Union Cross","Ozone","Forsyth",36.051805,-80.144933
"3209",2025-07-24,45,"Union Cross","Ozone","Forsyth",36.051805,-80.144933
"3210",2025-07-25,47,"Union Cross","Ozone","Forsyth",36.051805,-80.144933
"3211",2025-07-26,44,"Union Cross","Ozone","Forsyth",36.051805,-80.144933
"3212",2025-07-27,32,"Union Cross","Ozone","Forsyth",36.051805,-80.144933
"3213",2025-07-28,45,"Union Cross","Ozone","Forsyth",36.051805,-80.144933
"3214",2025-07-29,43,"Union Cross","Ozone","Forsyth",36.051805,-80.144933
"3215",2025-07-30,48,"Union Cross","Ozone","Forsyth",36.051805,-80.144933
"3216",2025-07-31,48,"Union Cross","Ozone","Forsyth",36.051805,-80.144933
"3217",2025-08-01,39,"Union Cross","Ozone","Forsyth",36.051805,-80.144933
"3218",2025-08-02,34,"Union Cross","Ozone","Forsyth",36.051805,-80.144933
"3219",2025-08-03,37,"Union Cross","Ozone","Forsyth",36.051805,-80.144933
"3220",2025-08-04,44,"Union Cross","Ozone","Forsyth",36.051805,-80.144933
"3221",2025-08-05,34,"Union Cross","Ozone","Forsyth",36.051805,-80.144933
"3222",2025-08-06,31,"Union Cross","Ozone","Forsyth",36.051805,-80.144933
"3223",2025-08-07,28,"Union Cross","Ozone","Forsyth",36.051805,-80.144933
"3224",2025-08-08,40,"Union Cross","Ozone","Forsyth",36.051805,-80.144933
"3225",2025-08-09,36,"Union Cross","Ozone","Forsyth",36.051805,-80.144933
"3226",2025-08-10,37,"Union Cross","Ozone","Forsyth",36.051805,-80.144933
"3227",2025-08-11,24,"Union Cross","Ozone","Forsyth",36.051805,-80.144933
"3228",2025-08-12,22,"Union Cross","Ozone","Forsyth",36.051805,-80.144933
"3229",2025-08-13,25,"Union Cross","Ozone","Forsyth",36.051805,-80.144933
"3230",2025-08-14,31,"Union Cross","Ozone","Forsyth",36.051805,-80.144933
"3231",2025-08-15,43,"Union Cross","Ozone","Forsyth",36.051805,-80.144933
"3232",2025-08-16,43,"Union Cross","Ozone","Forsyth",36.051805,-80.144933
"3233",2025-08-17,37,"Union Cross","Ozone","Forsyth",36.051805,-80.144933
"3234",2025-08-18,42,"Union Cross","Ozone","Forsyth",36.051805,-80.144933
"3235",2025-08-19,33,"Union Cross","Ozone","Forsyth",36.051805,-80.144933
"3236",2025-08-20,31,"Union Cross","Ozone","Forsyth",36.051805,-80.144933
"3237",2025-08-21,39,"Union Cross","Ozone","Forsyth",36.051805,-80.144933
"3238",2025-08-22,32,"Union Cross","Ozone","Forsyth",36.051805,-80.144933
"3239",2025-08-23,34,"Union Cross","Ozone","Forsyth",36.051805,-80.144933
"3240",2025-08-24,41,"Union Cross","Ozone","Forsyth",36.051805,-80.144933
"3241",2025-08-25,40,"Union Cross","Ozone","Forsyth",36.051805,-80.144933
"3242",2025-08-26,40,"Union Cross","Ozone","Forsyth",36.051805,-80.144933
"3243",2025-08-27,41,"Union Cross","Ozone","Forsyth",36.051805,-80.144933
"3244",2025-08-28,50,"Union Cross","Ozone","Forsyth",36.051805,-80.144933
"3245",2025-08-29,44,"Union Cross","Ozone","Forsyth",36.051805,-80.144933
"3246",2025-08-30,43,"Union Cross","Ozone","Forsyth",36.051805,-80.144933
"3247",2025-08-31,41,"Union Cross","Ozone","Forsyth",36.051805,-80.144933
"3248",2025-09-01,39,"Union Cross","Ozone","Forsyth",36.051805,-80.144933
"3249",2025-09-02,41,"Union Cross","Ozone","Forsyth",36.051805,-80.144933
"3250",2025-09-03,47,"Union Cross","Ozone","Forsyth",36.051805,-80.144933
"3251",2025-09-04,42,"Union Cross","Ozone","Forsyth",36.051805,-80.144933
"3252",2025-09-05,46,"Union Cross","Ozone","Forsyth",36.051805,-80.144933
"3253",2025-09-06,39,"Union Cross","Ozone","Forsyth",36.051805,-80.144933
"3254",2025-09-07,26,"Union Cross","Ozone","Forsyth",36.051805,-80.144933
"3255",2025-09-08,41,"Union Cross","Ozone","Forsyth",36.051805,-80.144933
"3256",2025-09-09,45,"Union Cross","Ozone","Forsyth",36.051805,-80.144933
"3257",2025-09-10,40,"Union Cross","Ozone","Forsyth",36.051805,-80.144933
"3258",2025-09-11,47,"Union Cross","Ozone","Forsyth",36.051805,-80.144933
"3259",2025-09-12,48,"Union Cross","Ozone","Forsyth",36.051805,-80.144933
"3260",2025-09-13,46,"Union Cross","Ozone","Forsyth",36.051805,-80.144933
"3261",2025-09-14,54,"Union Cross","Ozone","Forsyth",36.051805,-80.144933
"3262",2025-09-15,45,"Union Cross","Ozone","Forsyth",36.051805,-80.144933
"3263",2025-09-16,43,"Union Cross","Ozone","Forsyth",36.051805,-80.144933
"3264",2025-09-17,43,"Union Cross","Ozone","Forsyth",36.051805,-80.144933
"3265",2025-09-18,46,"Union Cross","Ozone","Forsyth",36.051805,-80.144933
"3266",2025-09-19,100,"Union Cross","Ozone","Forsyth",36.051805,-80.144933
"3267",2025-09-20,61,"Union Cross","Ozone","Forsyth",36.051805,-80.144933
"3268",2025-09-21,47,"Union Cross","Ozone","Forsyth",36.051805,-80.144933
"3269",2025-09-22,47,"Union Cross","Ozone","Forsyth",36.051805,-80.144933
"3270",2025-09-23,54,"Union Cross","Ozone","Forsyth",36.051805,-80.144933
"3271",2025-09-24,50,"Union Cross","Ozone","Forsyth",36.051805,-80.144933
"3272",2025-09-25,33,"Union Cross","Ozone","Forsyth",36.051805,-80.144933
"3273",2025-09-26,38,"Union Cross","Ozone","Forsyth",36.051805,-80.144933
"3274",2025-09-27,37,"Union Cross","Ozone","Forsyth",36.051805,-80.144933
"3275",2025-09-28,39,"Union Cross","Ozone","Forsyth",36.051805,-80.144933
"3276",2025-09-29,40,"Union Cross","Ozone","Forsyth",36.051805,-80.144933
"3277",2025-09-30,41,"Union Cross","Ozone","Forsyth",36.051805,-80.144933
"3278",2025-10-01,40,"Union Cross","Ozone","Forsyth",36.051805,-80.144933
"3279",2025-10-02,37,"Union Cross","Ozone","Forsyth",36.051805,-80.144933
"3280",2025-10-03,37,"Union Cross","Ozone","Forsyth",36.051805,-80.144933
"3281",2025-10-04,43,"Union Cross","Ozone","Forsyth",36.051805,-80.144933
"3282",2025-10-05,34,"Union Cross","Ozone","Forsyth",36.051805,-80.144933
"3283",2025-10-06,42,"Union Cross","Ozone","Forsyth",36.051805,-80.144933
"3284",2025-10-07,34,"Union Cross","Ozone","Forsyth",36.051805,-80.144933
"3285",2025-10-08,32,"Union Cross","Ozone","Forsyth",36.051805,-80.144933
"3286",2025-10-09,40,"Union Cross","Ozone","Forsyth",36.051805,-80.144933
"3287",2025-10-10,36,"Union Cross","Ozone","Forsyth",36.051805,-80.144933
"3288",2025-10-11,32,"Union Cross","Ozone","Forsyth",36.051805,-80.144933
"3289",2025-10-12,31,"Union Cross","Ozone","Forsyth",36.051805,-80.144933
"3290",2025-10-13,33,"Union Cross","Ozone","Forsyth",36.051805,-80.144933
"3291",2025-10-14,36,"Union Cross","Ozone","Forsyth",36.051805,-80.144933
"3292",2025-10-15,38,"Union Cross","Ozone","Forsyth",36.051805,-80.144933
"3293",2025-10-16,37,"Union Cross","Ozone","Forsyth",36.051805,-80.144933
"3294",2025-10-17,44,"Union Cross","Ozone","Forsyth",36.051805,-80.144933
"3295",2025-10-18,58,"Union Cross","Ozone","Forsyth",36.051805,-80.144933
"3296",2025-10-19,42,"Union Cross","Ozone","Forsyth",36.051805,-80.144933
"3297",2025-10-20,35,"Union Cross","Ozone","Forsyth",36.051805,-80.144933
"3298",2025-10-21,48,"Union Cross","Ozone","Forsyth",36.051805,-80.144933
"3299",2025-10-22,40,"Union Cross","Ozone","Forsyth",36.051805,-80.144933
"3300",2025-10-23,39,"Union Cross","Ozone","Forsyth",36.051805,-80.144933
"3301",2025-10-24,40,"Union Cross","Ozone","Forsyth",36.051805,-80.144933
"3302",2025-10-25,39,"Union Cross","Ozone","Forsyth",36.051805,-80.144933
"3303",2025-10-26,36,"Union Cross","Ozone","Forsyth",36.051805,-80.144933
"3304",2025-10-27,33,"Union Cross","Ozone","Forsyth",36.051805,-80.144933
"3305",2025-10-28,30,"Union Cross","Ozone","Forsyth",36.051805,-80.144933
"3306",2025-10-29,16,"Union Cross","Ozone","Forsyth",36.051805,-80.144933
"3307",2025-10-30,30,"Union Cross","Ozone","Forsyth",36.051805,-80.144933
"3308",2025-10-31,36,"Union Cross","Ozone","Forsyth",36.051805,-80.144933
"3309",2025-11-01,37,"Union Cross","Ozone","Forsyth",36.051805,-80.144933
"3310",2025-11-02,40,"Union Cross","Ozone","Forsyth",36.051805,-80.144933
"3311",2025-03-01,44,"Joanna Bald","Ozone","Graham",35.2578000008897,-83.7955
"3312",2025-03-02,46,"Joanna Bald","Ozone","Graham",35.2578000008897,-83.7955
"3313",2025-03-03,47,"Joanna Bald","Ozone","Graham",35.2578000008897,-83.7955
"3314",2025-03-04,44,"Joanna Bald","Ozone","Graham",35.2578000008897,-83.7955
"3315",2025-03-05,33,"Joanna Bald","Ozone","Graham",35.2578000008897,-83.7955
"3316",2025-03-06,43,"Joanna Bald","Ozone","Graham",35.2578000008897,-83.7955
"3317",2025-03-07,44,"Joanna Bald","Ozone","Graham",35.2578000008897,-83.7955
"3318",2025-03-08,47,"Joanna Bald","Ozone","Graham",35.2578000008897,-83.7955
"3319",2025-03-09,43,"Joanna Bald","Ozone","Graham",35.2578000008897,-83.7955
"3320",2025-03-10,50,"Joanna Bald","Ozone","Graham",35.2578000008897,-83.7955
"3321",2025-03-11,64,"Joanna Bald","Ozone","Graham",35.2578000008897,-83.7955
"3322",2025-03-12,80,"Joanna Bald","Ozone","Graham",35.2578000008897,-83.7955
"3323",2025-03-13,64,"Joanna Bald","Ozone","Graham",35.2578000008897,-83.7955
"3324",2025-03-14,47,"Joanna Bald","Ozone","Graham",35.2578000008897,-83.7955
"3325",2025-03-15,42,"Joanna Bald","Ozone","Graham",35.2578000008897,-83.7955
"3326",2025-03-16,41,"Joanna Bald","Ozone","Graham",35.2578000008897,-83.7955
"3327",2025-03-17,46,"Joanna Bald","Ozone","Graham",35.2578000008897,-83.7955
"3328",2025-03-18,49,"Joanna Bald","Ozone","Graham",35.2578000008897,-83.7955
"3329",2025-03-19,46,"Joanna Bald","Ozone","Graham",35.2578000008897,-83.7955
"3330",2025-03-20,37,"Joanna Bald","Ozone","Graham",35.2578000008897,-83.7955
"3331",2025-03-21,44,"Joanna Bald","Ozone","Graham",35.2578000008897,-83.7955
"3332",2025-03-22,48,"Joanna Bald","Ozone","Graham",35.2578000008897,-83.7955
"3333",2025-03-23,64,"Joanna Bald","Ozone","Graham",35.2578000008897,-83.7955
"3334",2025-03-24,46,"Joanna Bald","Ozone","Graham",35.2578000008897,-83.7955
"3335",2025-03-25,48,"Joanna Bald","Ozone","Graham",35.2578000008897,-83.7955
"3336",2025-03-26,49,"Joanna Bald","Ozone","Graham",35.2578000008897,-83.7955
"3337",2025-03-27,58,"Joanna Bald","Ozone","Graham",35.2578000008897,-83.7955
"3338",2025-03-28,61,"Joanna Bald","Ozone","Graham",35.2578000008897,-83.7955
"3339",2025-03-29,39,"Joanna Bald","Ozone","Graham",35.2578000008897,-83.7955
"3340",2025-03-30,31,"Joanna Bald","Ozone","Graham",35.2578000008897,-83.7955
"3341",2025-03-31,41,"Joanna Bald","Ozone","Graham",35.2578000008897,-83.7955
"3342",2025-04-01,45,"Joanna Bald","Ozone","Graham",35.2578000008897,-83.7955
"3343",2025-04-02,29,"Joanna Bald","Ozone","Graham",35.2578000008897,-83.7955
"3344",2025-04-03,35,"Joanna Bald","Ozone","Graham",35.2578000008897,-83.7955
"3345",2025-04-04,39,"Joanna Bald","Ozone","Graham",35.2578000008897,-83.7955
"3346",2025-04-05,44,"Joanna Bald","Ozone","Graham",35.2578000008897,-83.7955
"3347",2025-04-06,44,"Joanna Bald","Ozone","Graham",35.2578000008897,-83.7955
"3348",2025-04-07,43,"Joanna Bald","Ozone","Graham",35.2578000008897,-83.7955
"3349",2025-04-08,50,"Joanna Bald","Ozone","Graham",35.2578000008897,-83.7955
"3350",2025-04-09,48,"Joanna Bald","Ozone","Graham",35.2578000008897,-83.7955
"3351",2025-04-10,58,"Joanna Bald","Ozone","Graham",35.2578000008897,-83.7955
"3352",2025-04-11,44,"Joanna Bald","Ozone","Graham",35.2578000008897,-83.7955
"3353",2025-04-12,48,"Joanna Bald","Ozone","Graham",35.2578000008897,-83.7955
"3354",2025-04-13,45,"Joanna Bald","Ozone","Graham",35.2578000008897,-83.7955
"3355",2025-04-14,80,"Joanna Bald","Ozone","Graham",35.2578000008897,-83.7955
"3356",2025-04-15,44,"Joanna Bald","Ozone","Graham",35.2578000008897,-83.7955
"3357",2025-04-16,54,"Joanna Bald","Ozone","Graham",35.2578000008897,-83.7955
"3358",2025-04-17,58,"Joanna Bald","Ozone","Graham",35.2578000008897,-83.7955
"3359",2025-04-18,97,"Joanna Bald","Ozone","Graham",35.2578000008897,-83.7955
"3360",2025-04-19,67,"Joanna Bald","Ozone","Graham",35.2578000008897,-83.7955
"3361",2025-04-20,49,"Joanna Bald","Ozone","Graham",35.2578000008897,-83.7955
"3362",2025-04-21,47,"Joanna Bald","Ozone","Graham",35.2578000008897,-83.7955
"3363",2025-04-22,44,"Joanna Bald","Ozone","Graham",35.2578000008897,-83.7955
"3364",2025-04-23,44,"Joanna Bald","Ozone","Graham",35.2578000008897,-83.7955
"3365",2025-04-24,42,"Joanna Bald","Ozone","Graham",35.2578000008897,-83.7955
"3366",2025-04-25,38,"Joanna Bald","Ozone","Graham",35.2578000008897,-83.7955
"3367",2025-04-26,45,"Joanna Bald","Ozone","Graham",35.2578000008897,-83.7955
"3368",2025-04-27,46,"Joanna Bald","Ozone","Graham",35.2578000008897,-83.7955
"3369",2025-04-28,45,"Joanna Bald","Ozone","Graham",35.2578000008897,-83.7955
"3370",2025-04-29,42,"Joanna Bald","Ozone","Graham",35.2578000008897,-83.7955
"3371",2025-04-30,42,"Joanna Bald","Ozone","Graham",35.2578000008897,-83.7955
"3372",2025-05-01,42,"Joanna Bald","Ozone","Graham",35.2578000008897,-83.7955
"3373",2025-05-02,45,"Joanna Bald","Ozone","Graham",35.2578000008897,-83.7955
"3374",2025-05-03,45,"Joanna Bald","Ozone","Graham",35.2578000008897,-83.7955
"3375",2025-05-04,35,"Joanna Bald","Ozone","Graham",35.2578000008897,-83.7955
"3376",2025-05-05,36,"Joanna Bald","Ozone","Graham",35.2578000008897,-83.7955
"3377",2025-05-06,47,"Joanna Bald","Ozone","Graham",35.2578000008897,-83.7955
"3378",2025-05-07,36,"Joanna Bald","Ozone","Graham",35.2578000008897,-83.7955
"3379",2025-05-08,58,"Joanna Bald","Ozone","Graham",35.2578000008897,-83.7955
"3380",2025-05-09,45,"Joanna Bald","Ozone","Graham",35.2578000008897,-83.7955
"3381",2025-05-10,45,"Joanna Bald","Ozone","Graham",35.2578000008897,-83.7955
"3382",2025-05-11,37,"Joanna Bald","Ozone","Graham",35.2578000008897,-83.7955
"3383",2025-05-12,38,"Joanna Bald","Ozone","Graham",35.2578000008897,-83.7955
"3384",2025-05-13,40,"Joanna Bald","Ozone","Graham",35.2578000008897,-83.7955
"3385",2025-05-14,39,"Joanna Bald","Ozone","Graham",35.2578000008897,-83.7955
"3386",2025-05-15,41,"Joanna Bald","Ozone","Graham",35.2578000008897,-83.7955
"3387",2025-05-16,33,"Joanna Bald","Ozone","Graham",35.2578000008897,-83.7955
"3388",2025-05-17,51,"Joanna Bald","Ozone","Graham",35.2578000008897,-83.7955
"3389",2025-05-18,45,"Joanna Bald","Ozone","Graham",35.2578000008897,-83.7955
"3390",2025-05-19,31,"Joanna Bald","Ozone","Graham",35.2578000008897,-83.7955
"3391",2025-05-20,34,"Joanna Bald","Ozone","Graham",35.2578000008897,-83.7955
"3392",2025-05-21,46,"Joanna Bald","Ozone","Graham",35.2578000008897,-83.7955
"3393",2025-05-22,51,"Joanna Bald","Ozone","Graham",35.2578000008897,-83.7955
"3394",2025-05-23,42,"Joanna Bald","Ozone","Graham",35.2578000008897,-83.7955
"3395",2025-05-24,50,"Joanna Bald","Ozone","Graham",35.2578000008897,-83.7955
"3396",2025-05-25,37,"Joanna Bald","Ozone","Graham",35.2578000008897,-83.7955
"3397",2025-05-26,32,"Joanna Bald","Ozone","Graham",35.2578000008897,-83.7955
"3398",2025-05-27,26,"Joanna Bald","Ozone","Graham",35.2578000008897,-83.7955
"3399",2025-05-28,30,"Joanna Bald","Ozone","Graham",35.2578000008897,-83.7955
"3400",2025-05-29,42,"Joanna Bald","Ozone","Graham",35.2578000008897,-83.7955
"3401",2025-05-30,46,"Joanna Bald","Ozone","Graham",35.2578000008897,-83.7955
"3402",2025-05-31,71,"Joanna Bald","Ozone","Graham",35.2578000008897,-83.7955
"3403",2025-06-01,46,"Joanna Bald","Ozone","Graham",35.2578000008897,-83.7955
"3404",2025-06-02,51,"Joanna Bald","Ozone","Graham",35.2578000008897,-83.7955
"3405",2025-06-03,49,"Joanna Bald","Ozone","Graham",35.2578000008897,-83.7955
"3406",2025-06-04,42,"Joanna Bald","Ozone","Graham",35.2578000008897,-83.7955
"3407",2025-06-05,46,"Joanna Bald","Ozone","Graham",35.2578000008897,-83.7955
"3408",2025-06-06,36,"Joanna Bald","Ozone","Graham",35.2578000008897,-83.7955
"3409",2025-06-07,41,"Joanna Bald","Ozone","Graham",35.2578000008897,-83.7955
"3410",2025-06-08,43,"Joanna Bald","Ozone","Graham",35.2578000008897,-83.7955
"3411",2025-06-09,39,"Joanna Bald","Ozone","Graham",35.2578000008897,-83.7955
"3412",2025-06-10,50,"Joanna Bald","Ozone","Graham",35.2578000008897,-83.7955
"3413",2025-06-11,47,"Joanna Bald","Ozone","Graham",35.2578000008897,-83.7955
"3414",2025-06-12,30,"Joanna Bald","Ozone","Graham",35.2578000008897,-83.7955
"3415",2025-06-13,26,"Joanna Bald","Ozone","Graham",35.2578000008897,-83.7955
"3416",2025-06-14,28,"Joanna Bald","Ozone","Graham",35.2578000008897,-83.7955
"3417",2025-06-15,26,"Joanna Bald","Ozone","Graham",35.2578000008897,-83.7955
"3418",2025-06-16,27,"Joanna Bald","Ozone","Graham",35.2578000008897,-83.7955
"3419",2025-06-17,31,"Joanna Bald","Ozone","Graham",35.2578000008897,-83.7955
"3420",2025-06-18,28,"Joanna Bald","Ozone","Graham",35.2578000008897,-83.7955
"3421",2025-06-19,43,"Joanna Bald","Ozone","Graham",35.2578000008897,-83.7955
"3422",2025-06-20,40,"Joanna Bald","Ozone","Graham",35.2578000008897,-83.7955
"3423",2025-06-21,44,"Joanna Bald","Ozone","Graham",35.2578000008897,-83.7955
"3424",2025-06-22,41,"Joanna Bald","Ozone","Graham",35.2578000008897,-83.7955
"3425",2025-06-23,43,"Joanna Bald","Ozone","Graham",35.2578000008897,-83.7955
"3426",2025-06-24,43,"Joanna Bald","Ozone","Graham",35.2578000008897,-83.7955
"3427",2025-06-25,37,"Joanna Bald","Ozone","Graham",35.2578000008897,-83.7955
"3428",2025-06-26,43,"Joanna Bald","Ozone","Graham",35.2578000008897,-83.7955
"3429",2025-06-27,46,"Joanna Bald","Ozone","Graham",35.2578000008897,-83.7955
"3430",2025-06-28,42,"Joanna Bald","Ozone","Graham",35.2578000008897,-83.7955
"3431",2025-06-29,37,"Joanna Bald","Ozone","Graham",35.2578000008897,-83.7955
"3432",2025-06-30,32,"Joanna Bald","Ozone","Graham",35.2578000008897,-83.7955
"3433",2025-07-01,31,"Joanna Bald","Ozone","Graham",35.2578000008897,-83.7955
"3434",2025-07-02,47,"Joanna Bald","Ozone","Graham",35.2578000008897,-83.7955
"3435",2025-07-03,47,"Joanna Bald","Ozone","Graham",35.2578000008897,-83.7955
"3436",2025-07-04,45,"Joanna Bald","Ozone","Graham",35.2578000008897,-83.7955
"3437",2025-07-05,41,"Joanna Bald","Ozone","Graham",35.2578000008897,-83.7955
"3438",2025-07-06,44,"Joanna Bald","Ozone","Graham",35.2578000008897,-83.7955
"3439",2025-07-07,39,"Joanna Bald","Ozone","Graham",35.2578000008897,-83.7955
"3440",2025-07-08,35,"Joanna Bald","Ozone","Graham",35.2578000008897,-83.7955
"3441",2025-07-09,40,"Joanna Bald","Ozone","Graham",35.2578000008897,-83.7955
"3442",2025-07-10,29,"Joanna Bald","Ozone","Graham",35.2578000008897,-83.7955
"3443",2025-07-11,39,"Joanna Bald","Ozone","Graham",35.2578000008897,-83.7955
"3444",2025-07-12,34,"Joanna Bald","Ozone","Graham",35.2578000008897,-83.7955
"3445",2025-07-13,30,"Joanna Bald","Ozone","Graham",35.2578000008897,-83.7955
"3446",2025-07-14,31,"Joanna Bald","Ozone","Graham",35.2578000008897,-83.7955
"3447",2025-07-15,26,"Joanna Bald","Ozone","Graham",35.2578000008897,-83.7955
"3448",2025-07-16,26,"Joanna Bald","Ozone","Graham",35.2578000008897,-83.7955
"3449",2025-07-17,30,"Joanna Bald","Ozone","Graham",35.2578000008897,-83.7955
"3450",2025-07-18,29,"Joanna Bald","Ozone","Graham",35.2578000008897,-83.7955
"3451",2025-07-19,27,"Joanna Bald","Ozone","Graham",35.2578000008897,-83.7955
"3452",2025-07-20,27,"Joanna Bald","Ozone","Graham",35.2578000008897,-83.7955
"3453",2025-07-21,30,"Joanna Bald","Ozone","Graham",35.2578000008897,-83.7955
"3454",2025-07-22,31,"Joanna Bald","Ozone","Graham",35.2578000008897,-83.7955
"3455",2025-07-23,50,"Joanna Bald","Ozone","Graham",35.2578000008897,-83.7955
"3456",2025-07-24,33,"Joanna Bald","Ozone","Graham",35.2578000008897,-83.7955
"3457",2025-07-25,34,"Joanna Bald","Ozone","Graham",35.2578000008897,-83.7955
"3458",2025-07-26,31,"Joanna Bald","Ozone","Graham",35.2578000008897,-83.7955
"3459",2025-07-27,27,"Joanna Bald","Ozone","Graham",35.2578000008897,-83.7955
"3460",2025-07-28,32,"Joanna Bald","Ozone","Graham",35.2578000008897,-83.7955
"3461",2025-07-29,38,"Joanna Bald","Ozone","Graham",35.2578000008897,-83.7955
"3462",2025-07-30,37,"Joanna Bald","Ozone","Graham",35.2578000008897,-83.7955
"3463",2025-07-31,41,"Joanna Bald","Ozone","Graham",35.2578000008897,-83.7955
"3464",2025-08-01,35,"Joanna Bald","Ozone","Graham",35.2578000008897,-83.7955
"3465",2025-08-02,26,"Joanna Bald","Ozone","Graham",35.2578000008897,-83.7955
"3466",2025-08-03,28,"Joanna Bald","Ozone","Graham",35.2578000008897,-83.7955
"3467",2025-08-04,25,"Joanna Bald","Ozone","Graham",35.2578000008897,-83.7955
"3468",2025-08-05,21,"Joanna Bald","Ozone","Graham",35.2578000008897,-83.7955
"3469",2025-08-06,32,"Joanna Bald","Ozone","Graham",35.2578000008897,-83.7955
"3470",2025-08-07,27,"Joanna Bald","Ozone","Graham",35.2578000008897,-83.7955
"3471",2025-08-08,27,"Joanna Bald","Ozone","Graham",35.2578000008897,-83.7955
"3472",2025-08-09,31,"Joanna Bald","Ozone","Graham",35.2578000008897,-83.7955
"3473",2025-08-10,21,"Joanna Bald","Ozone","Graham",35.2578000008897,-83.7955
"3474",2025-08-11,18,"Joanna Bald","Ozone","Graham",35.2578000008897,-83.7955
"3475",2025-08-12,19,"Joanna Bald","Ozone","Graham",35.2578000008897,-83.7955
"3476",2025-08-13,21,"Joanna Bald","Ozone","Graham",35.2578000008897,-83.7955
"3477",2025-08-14,44,"Joanna Bald","Ozone","Graham",35.2578000008897,-83.7955
"3478",2025-08-15,36,"Joanna Bald","Ozone","Graham",35.2578000008897,-83.7955
"3479",2025-08-16,38,"Joanna Bald","Ozone","Graham",35.2578000008897,-83.7955
"3480",2025-08-17,35,"Joanna Bald","Ozone","Graham",35.2578000008897,-83.7955
"3481",2025-08-18,36,"Joanna Bald","Ozone","Graham",35.2578000008897,-83.7955
"3482",2025-08-19,34,"Joanna Bald","Ozone","Graham",35.2578000008897,-83.7955
"3483",2025-08-20,40,"Joanna Bald","Ozone","Graham",35.2578000008897,-83.7955
"3484",2025-08-21,31,"Joanna Bald","Ozone","Graham",35.2578000008897,-83.7955
"3485",2025-08-22,26,"Joanna Bald","Ozone","Graham",35.2578000008897,-83.7955
"3486",2025-08-23,34,"Joanna Bald","Ozone","Graham",35.2578000008897,-83.7955
"3487",2025-08-24,37,"Joanna Bald","Ozone","Graham",35.2578000008897,-83.7955
"3488",2025-08-25,34,"Joanna Bald","Ozone","Graham",35.2578000008897,-83.7955
"3489",2025-08-26,39,"Joanna Bald","Ozone","Graham",35.2578000008897,-83.7955
"3490",2025-08-27,44,"Joanna Bald","Ozone","Graham",35.2578000008897,-83.7955
"3491",2025-08-28,42,"Joanna Bald","Ozone","Graham",35.2578000008897,-83.7955
"3492",2025-08-29,44,"Joanna Bald","Ozone","Graham",35.2578000008897,-83.7955
"3493",2025-08-30,44,"Joanna Bald","Ozone","Graham",35.2578000008897,-83.7955
"3494",2025-08-31,36,"Joanna Bald","Ozone","Graham",35.2578000008897,-83.7955
"3495",2025-09-01,35,"Joanna Bald","Ozone","Graham",35.2578000008897,-83.7955
"3496",2025-09-02,40,"Joanna Bald","Ozone","Graham",35.2578000008897,-83.7955
"3497",2025-09-03,34,"Joanna Bald","Ozone","Graham",35.2578000008897,-83.7955
"3498",2025-09-04,38,"Joanna Bald","Ozone","Graham",35.2578000008897,-83.7955
"3499",2025-09-05,42,"Joanna Bald","Ozone","Graham",35.2578000008897,-83.7955
"3500",2025-09-06,45,"Joanna Bald","Ozone","Graham",35.2578000008897,-83.7955
"3501",2025-09-07,32,"Joanna Bald","Ozone","Graham",35.2578000008897,-83.7955
"3502",2025-09-08,37,"Joanna Bald","Ozone","Graham",35.2578000008897,-83.7955
"3503",2025-09-09,38,"Joanna Bald","Ozone","Graham",35.2578000008897,-83.7955
"3504",2025-09-10,39,"Joanna Bald","Ozone","Graham",35.2578000008897,-83.7955
"3505",2025-09-11,43,"Joanna Bald","Ozone","Graham",35.2578000008897,-83.7955
"3506",2025-09-12,54,"Joanna Bald","Ozone","Graham",35.2578000008897,-83.7955
"3507",2025-09-13,44,"Joanna Bald","Ozone","Graham",35.2578000008897,-83.7955
"3508",2025-09-14,51,"Joanna Bald","Ozone","Graham",35.2578000008897,-83.7955
"3509",2025-09-15,48,"Joanna Bald","Ozone","Graham",35.2578000008897,-83.7955
"3510",2025-09-16,50,"Joanna Bald","Ozone","Graham",35.2578000008897,-83.7955
"3511",2025-09-17,49,"Joanna Bald","Ozone","Graham",35.2578000008897,-83.7955
"3512",2025-09-18,44,"Joanna Bald","Ozone","Graham",35.2578000008897,-83.7955
"3513",2025-09-19,44,"Joanna Bald","Ozone","Graham",35.2578000008897,-83.7955
"3514",2025-09-20,48,"Joanna Bald","Ozone","Graham",35.2578000008897,-83.7955
"3515",2025-09-21,39,"Joanna Bald","Ozone","Graham",35.2578000008897,-83.7955
"3516",2025-09-22,35,"Joanna Bald","Ozone","Graham",35.2578000008897,-83.7955
"3517",2025-09-23,37,"Joanna Bald","Ozone","Graham",35.2578000008897,-83.7955
"3518",2025-09-24,32,"Joanna Bald","Ozone","Graham",35.2578000008897,-83.7955
"3519",2025-09-25,40,"Joanna Bald","Ozone","Graham",35.2578000008897,-83.7955
"3520",2025-09-26,33,"Joanna Bald","Ozone","Graham",35.2578000008897,-83.7955
"3521",2025-09-27,39,"Joanna Bald","Ozone","Graham",35.2578000008897,-83.7955
"3522",2025-09-28,33,"Joanna Bald","Ozone","Graham",35.2578000008897,-83.7955
"3523",2025-09-29,31,"Joanna Bald","Ozone","Graham",35.2578000008897,-83.7955
"3524",2025-09-30,31,"Joanna Bald","Ozone","Graham",35.2578000008897,-83.7955
"3525",2025-10-01,41,"Joanna Bald","Ozone","Graham",35.2578000008897,-83.7955
"3526",2025-10-02,40,"Joanna Bald","Ozone","Graham",35.2578000008897,-83.7955
"3527",2025-10-03,35,"Joanna Bald","Ozone","Graham",35.2578000008897,-83.7955
"3528",2025-10-04,31,"Joanna Bald","Ozone","Graham",35.2578000008897,-83.7955
"3529",2025-10-05,31,"Joanna Bald","Ozone","Graham",35.2578000008897,-83.7955
"3530",2025-10-06,28,"Joanna Bald","Ozone","Graham",35.2578000008897,-83.7955
"3531",2025-10-07,24,"Joanna Bald","Ozone","Graham",35.2578000008897,-83.7955
"3532",2025-10-08,31,"Joanna Bald","Ozone","Graham",35.2578000008897,-83.7955
"3533",2025-10-09,30,"Joanna Bald","Ozone","Graham",35.2578000008897,-83.7955
"3534",2025-10-10,35,"Joanna Bald","Ozone","Graham",35.2578000008897,-83.7955
"3535",2025-10-11,39,"Joanna Bald","Ozone","Graham",35.2578000008897,-83.7955
"3536",2025-10-12,40,"Joanna Bald","Ozone","Graham",35.2578000008897,-83.7955
"3537",2025-10-13,37,"Joanna Bald","Ozone","Graham",35.2578000008897,-83.7955
"3538",2025-10-14,44,"Joanna Bald","Ozone","Graham",35.2578000008897,-83.7955
"3539",2025-10-15,44,"Joanna Bald","Ozone","Graham",35.2578000008897,-83.7955
"3540",2025-10-16,43,"Joanna Bald","Ozone","Graham",35.2578000008897,-83.7955
"3541",2025-10-17,54,"Joanna Bald","Ozone","Graham",35.2578000008897,-83.7955
"3542",2025-10-18,43,"Joanna Bald","Ozone","Graham",35.2578000008897,-83.7955
"3543",2025-10-19,34,"Joanna Bald","Ozone","Graham",35.2578000008897,-83.7955
"3544",2025-10-20,38,"Joanna Bald","Ozone","Graham",35.2578000008897,-83.7955
"3545",2025-10-21,39,"Joanna Bald","Ozone","Graham",35.2578000008897,-83.7955
"3546",2025-10-22,39,"Joanna Bald","Ozone","Graham",35.2578000008897,-83.7955
"3547",2025-10-23,44,"Joanna Bald","Ozone","Graham",35.2578000008897,-83.7955
"3548",2025-10-24,41,"Joanna Bald","Ozone","Graham",35.2578000008897,-83.7955
"3549",2025-10-25,41,"Joanna Bald","Ozone","Graham",35.2578000008897,-83.7955
"3550",2025-10-26,36,"Joanna Bald","Ozone","Graham",35.2578000008897,-83.7955
"3551",2025-10-27,35,"Joanna Bald","Ozone","Graham",35.2578000008897,-83.7955
"3552",2025-10-28,31,"Joanna Bald","Ozone","Graham",35.2578000008897,-83.7955
"3553",2025-10-29,25,"Joanna Bald","Ozone","Graham",35.2578000008897,-83.7955
"3554",2025-10-30,29,"Joanna Bald","Ozone","Graham",35.2578000008897,-83.7955
"3555",2025-10-31,35,"Joanna Bald","Ozone","Graham",35.2578000008897,-83.7955
"3556",2025-11-01,35,"Joanna Bald","Ozone","Graham",35.2578000008897,-83.7955
"3557",2025-11-02,36,"Joanna Bald","Ozone","Graham",35.2578000008897,-83.7955
"3558",2025-03-05,39,"Butner","Ozone","Granville",36.141111,-78.768056
"3559",2025-03-06,35,"Butner","Ozone","Granville",36.141111,-78.768056
"3560",2025-03-07,39,"Butner","Ozone","Granville",36.141111,-78.768056
"3561",2025-03-08,43,"Butner","Ozone","Granville",36.141111,-78.768056
"3562",2025-03-09,42,"Butner","Ozone","Granville",36.141111,-78.768056
"3563",2025-03-10,41,"Butner","Ozone","Granville",36.141111,-78.768056
"3564",2025-03-11,49,"Butner","Ozone","Granville",36.141111,-78.768056
"3565",2025-03-12,77,"Butner","Ozone","Granville",36.141111,-78.768056
"3566",2025-03-13,44,"Butner","Ozone","Granville",36.141111,-78.768056
"3567",2025-03-14,32,"Butner","Ozone","Granville",36.141111,-78.768056
"3568",2025-03-15,35,"Butner","Ozone","Granville",36.141111,-78.768056
"3569",2025-03-16,34,"Butner","Ozone","Granville",36.141111,-78.768056
"3570",2025-03-17,31,"Butner","Ozone","Granville",36.141111,-78.768056
"3571",2025-03-18,43,"Butner","Ozone","Granville",36.141111,-78.768056
"3572",2025-03-19,71,"Butner","Ozone","Granville",36.141111,-78.768056
"3573",2025-03-20,42,"Butner","Ozone","Granville",36.141111,-78.768056
"3574",2025-03-21,42,"Butner","Ozone","Granville",36.141111,-78.768056
"3575",2025-03-22,50,"Butner","Ozone","Granville",36.141111,-78.768056
"3576",2025-03-23,47,"Butner","Ozone","Granville",36.141111,-78.768056
"3577",2025-03-24,39,"Butner","Ozone","Granville",36.141111,-78.768056
"3578",2025-03-25,46,"Butner","Ozone","Granville",36.141111,-78.768056
"3579",2025-03-26,45,"Butner","Ozone","Granville",36.141111,-78.768056
"3580",2025-03-27,49,"Butner","Ozone","Granville",36.141111,-78.768056
"3581",2025-03-28,61,"Butner","Ozone","Granville",36.141111,-78.768056
"3582",2025-03-29,42,"Butner","Ozone","Granville",36.141111,-78.768056
"3583",2025-03-30,40,"Butner","Ozone","Granville",36.141111,-78.768056
"3584",2025-03-31,32,"Butner","Ozone","Granville",36.141111,-78.768056
"3585",2025-04-02,37,"Butner","Ozone","Granville",36.141111,-78.768056
"3586",2025-04-03,31,"Butner","Ozone","Granville",36.141111,-78.768056
"3587",2025-04-04,33,"Butner","Ozone","Granville",36.141111,-78.768056
"3588",2025-04-05,35,"Butner","Ozone","Granville",36.141111,-78.768056
"3589",2025-04-06,43,"Butner","Ozone","Granville",36.141111,-78.768056
"3590",2025-04-07,25,"Butner","Ozone","Granville",36.141111,-78.768056
"3591",2025-04-08,46,"Butner","Ozone","Granville",36.141111,-78.768056
"3592",2025-04-09,47,"Butner","Ozone","Granville",36.141111,-78.768056
"3593",2025-04-10,48,"Butner","Ozone","Granville",36.141111,-78.768056
"3594",2025-04-11,33,"Butner","Ozone","Granville",36.141111,-78.768056
"3595",2025-04-12,37,"Butner","Ozone","Granville",36.141111,-78.768056
"3596",2025-04-13,44,"Butner","Ozone","Granville",36.141111,-78.768056
"3597",2025-04-14,58,"Butner","Ozone","Granville",36.141111,-78.768056
"3598",2025-04-15,45,"Butner","Ozone","Granville",36.141111,-78.768056
"3599",2025-04-16,45,"Butner","Ozone","Granville",36.141111,-78.768056
"3600",2025-04-17,50,"Butner","Ozone","Granville",36.141111,-78.768056
"3601",2025-04-18,64,"Butner","Ozone","Granville",36.141111,-78.768056
"3602",2025-04-19,43,"Butner","Ozone","Granville",36.141111,-78.768056
"3603",2025-04-20,40,"Butner","Ozone","Granville",36.141111,-78.768056
"3604",2025-04-21,45,"Butner","Ozone","Granville",36.141111,-78.768056
"3605",2025-04-22,42,"Butner","Ozone","Granville",36.141111,-78.768056
"3606",2025-04-23,51,"Butner","Ozone","Granville",36.141111,-78.768056
"3607",2025-04-24,54,"Butner","Ozone","Granville",36.141111,-78.768056
"3608",2025-04-25,40,"Butner","Ozone","Granville",36.141111,-78.768056
"3609",2025-04-26,38,"Butner","Ozone","Granville",36.141111,-78.768056
"3610",2025-04-27,45,"Butner","Ozone","Granville",36.141111,-78.768056
"3611",2025-04-28,50,"Butner","Ozone","Granville",36.141111,-78.768056
"3612",2025-04-29,50,"Butner","Ozone","Granville",36.141111,-78.768056
"3613",2025-04-30,46,"Butner","Ozone","Granville",36.141111,-78.768056
"3614",2025-05-01,44,"Butner","Ozone","Granville",36.141111,-78.768056
"3615",2025-05-02,47,"Butner","Ozone","Granville",36.141111,-78.768056
"3616",2025-05-03,42,"Butner","Ozone","Granville",36.141111,-78.768056
"3617",2025-05-04,39,"Butner","Ozone","Granville",36.141111,-78.768056
"3618",2025-05-05,34,"Butner","Ozone","Granville",36.141111,-78.768056
"3619",2025-05-06,45,"Butner","Ozone","Granville",36.141111,-78.768056
"3620",2025-05-07,44,"Butner","Ozone","Granville",36.141111,-78.768056
"3621",2025-05-08,54,"Butner","Ozone","Granville",36.141111,-78.768056
"3622",2025-05-09,44,"Butner","Ozone","Granville",36.141111,-78.768056
"3623",2025-05-10,42,"Butner","Ozone","Granville",36.141111,-78.768056
"3624",2025-05-11,25,"Butner","Ozone","Granville",36.141111,-78.768056
"3625",2025-05-12,26,"Butner","Ozone","Granville",36.141111,-78.768056
"3626",2025-05-13,31,"Butner","Ozone","Granville",36.141111,-78.768056
"3627",2025-05-14,35,"Butner","Ozone","Granville",36.141111,-78.768056
"3628",2025-05-15,38,"Butner","Ozone","Granville",36.141111,-78.768056
"3629",2025-05-16,36,"Butner","Ozone","Granville",36.141111,-78.768056
"3630",2025-05-17,43,"Butner","Ozone","Granville",36.141111,-78.768056
"3631",2025-05-18,44,"Butner","Ozone","Granville",36.141111,-78.768056
"3632",2025-05-19,48,"Butner","Ozone","Granville",36.141111,-78.768056
"3633",2025-05-20,45,"Butner","Ozone","Granville",36.141111,-78.768056
"3634",2025-05-21,30,"Butner","Ozone","Granville",36.141111,-78.768056
"3635",2025-05-22,48,"Butner","Ozone","Granville",36.141111,-78.768056
"3636",2025-05-23,40,"Butner","Ozone","Granville",36.141111,-78.768056
"3637",2025-05-24,46,"Butner","Ozone","Granville",36.141111,-78.768056
"3638",2025-05-25,41,"Butner","Ozone","Granville",36.141111,-78.768056
"3639",2025-05-26,30,"Butner","Ozone","Granville",36.141111,-78.768056
"3640",2025-05-27,25,"Butner","Ozone","Granville",36.141111,-78.768056
"3641",2025-05-29,33,"Butner","Ozone","Granville",36.141111,-78.768056
"3642",2025-05-30,40,"Butner","Ozone","Granville",36.141111,-78.768056
"3643",2025-05-31,43,"Butner","Ozone","Granville",36.141111,-78.768056
"3644",2025-06-01,44,"Butner","Ozone","Granville",36.141111,-78.768056
"3645",2025-06-02,44,"Butner","Ozone","Granville",36.141111,-78.768056
"3646",2025-06-03,87,"Butner","Ozone","Granville",36.141111,-78.768056
"3647",2025-06-04,58,"Butner","Ozone","Granville",36.141111,-78.768056
"3648",2025-06-05,23,"Butner","Ozone","Granville",36.141111,-78.768056
"3649",2025-06-06,40,"Butner","Ozone","Granville",36.141111,-78.768056
"3650",2025-06-07,36,"Butner","Ozone","Granville",36.141111,-78.768056
"3651",2025-06-08,31,"Butner","Ozone","Granville",36.141111,-78.768056
"3652",2025-06-09,43,"Butner","Ozone","Granville",36.141111,-78.768056
"3653",2025-06-10,36,"Butner","Ozone","Granville",36.141111,-78.768056
"3654",2025-06-11,44,"Butner","Ozone","Granville",36.141111,-78.768056
"3655",2025-06-12,54,"Butner","Ozone","Granville",36.141111,-78.768056
"3656",2025-06-13,30,"Butner","Ozone","Granville",36.141111,-78.768056
"3657",2025-06-14,31,"Butner","Ozone","Granville",36.141111,-78.768056
"3658",2025-06-15,26,"Butner","Ozone","Granville",36.141111,-78.768056
"3659",2025-06-16,31,"Butner","Ozone","Granville",36.141111,-78.768056
"3660",2025-06-17,34,"Butner","Ozone","Granville",36.141111,-78.768056
"3661",2025-06-18,35,"Butner","Ozone","Granville",36.141111,-78.768056
"3662",2025-06-19,31,"Butner","Ozone","Granville",36.141111,-78.768056
"3663",2025-06-20,46,"Butner","Ozone","Granville",36.141111,-78.768056
"3664",2025-06-21,49,"Butner","Ozone","Granville",36.141111,-78.768056
"3665",2025-06-22,46,"Butner","Ozone","Granville",36.141111,-78.768056
"3666",2025-06-23,44,"Butner","Ozone","Granville",36.141111,-78.768056
"3667",2025-06-24,42,"Butner","Ozone","Granville",36.141111,-78.768056
"3668",2025-06-25,38,"Butner","Ozone","Granville",36.141111,-78.768056
"3669",2025-06-26,74,"Butner","Ozone","Granville",36.141111,-78.768056
"3670",2025-06-27,61,"Butner","Ozone","Granville",36.141111,-78.768056
"3671",2025-06-28,41,"Butner","Ozone","Granville",36.141111,-78.768056
"3672",2025-06-29,44,"Butner","Ozone","Granville",36.141111,-78.768056
"3673",2025-06-30,41,"Butner","Ozone","Granville",36.141111,-78.768056
"3674",2025-07-01,40,"Butner","Ozone","Granville",36.141111,-78.768056
"3675",2025-07-02,25,"Butner","Ozone","Granville",36.141111,-78.768056
"3676",2025-07-03,47,"Butner","Ozone","Granville",36.141111,-78.768056
"3677",2025-07-04,51,"Butner","Ozone","Granville",36.141111,-78.768056
"3678",2025-07-05,48,"Butner","Ozone","Granville",36.141111,-78.768056
"3679",2025-07-06,22,"Butner","Ozone","Granville",36.141111,-78.768056
"3680",2025-07-07,41,"Butner","Ozone","Granville",36.141111,-78.768056
"3681",2025-07-08,45,"Butner","Ozone","Granville",36.141111,-78.768056
"3682",2025-07-09,41,"Butner","Ozone","Granville",36.141111,-78.768056
"3683",2025-07-10,36,"Butner","Ozone","Granville",36.141111,-78.768056
"3684",2025-07-11,40,"Butner","Ozone","Granville",36.141111,-78.768056
"3685",2025-07-12,48,"Butner","Ozone","Granville",36.141111,-78.768056
"3686",2025-07-13,34,"Butner","Ozone","Granville",36.141111,-78.768056
"3687",2025-07-14,46,"Butner","Ozone","Granville",36.141111,-78.768056
"3688",2025-07-15,31,"Butner","Ozone","Granville",36.141111,-78.768056
"3689",2025-07-16,34,"Butner","Ozone","Granville",36.141111,-78.768056
"3690",2025-07-17,31,"Butner","Ozone","Granville",36.141111,-78.768056
"3691",2025-07-18,40,"Butner","Ozone","Granville",36.141111,-78.768056
"3692",2025-07-19,33,"Butner","Ozone","Granville",36.141111,-78.768056
"3693",2025-07-20,30,"Butner","Ozone","Granville",36.141111,-78.768056
"3694",2025-07-21,36,"Butner","Ozone","Granville",36.141111,-78.768056
"3695",2025-07-22,44,"Butner","Ozone","Granville",36.141111,-78.768056
"3696",2025-07-23,41,"Butner","Ozone","Granville",36.141111,-78.768056
"3697",2025-07-24,39,"Butner","Ozone","Granville",36.141111,-78.768056
"3698",2025-07-25,54,"Butner","Ozone","Granville",36.141111,-78.768056
"3699",2025-07-26,34,"Butner","Ozone","Granville",36.141111,-78.768056
"3700",2025-07-27,33,"Butner","Ozone","Granville",36.141111,-78.768056
"3701",2025-07-28,36,"Butner","Ozone","Granville",36.141111,-78.768056
"3702",2025-07-29,39,"Butner","Ozone","Granville",36.141111,-78.768056
"3703",2025-07-30,49,"Butner","Ozone","Granville",36.141111,-78.768056
"3704",2025-07-31,39,"Butner","Ozone","Granville",36.141111,-78.768056
"3705",2025-08-01,31,"Butner","Ozone","Granville",36.141111,-78.768056
"3706",2025-08-02,31,"Butner","Ozone","Granville",36.141111,-78.768056
"3707",2025-08-03,40,"Butner","Ozone","Granville",36.141111,-78.768056
"3708",2025-08-04,43,"Butner","Ozone","Granville",36.141111,-78.768056
"3709",2025-08-05,31,"Butner","Ozone","Granville",36.141111,-78.768056
"3710",2025-08-06,30,"Butner","Ozone","Granville",36.141111,-78.768056
"3711",2025-08-07,30,"Butner","Ozone","Granville",36.141111,-78.768056
"3712",2025-08-08,37,"Butner","Ozone","Granville",36.141111,-78.768056
"3713",2025-08-09,37,"Butner","Ozone","Granville",36.141111,-78.768056
"3714",2025-08-10,31,"Butner","Ozone","Granville",36.141111,-78.768056
"3715",2025-08-11,22,"Butner","Ozone","Granville",36.141111,-78.768056
"3716",2025-08-12,20,"Butner","Ozone","Granville",36.141111,-78.768056
"3717",2025-08-13,25,"Butner","Ozone","Granville",36.141111,-78.768056
"3718",2025-08-14,33,"Butner","Ozone","Granville",36.141111,-78.768056
"3719",2025-08-15,40,"Butner","Ozone","Granville",36.141111,-78.768056
"3720",2025-08-16,32,"Butner","Ozone","Granville",36.141111,-78.768056
"3721",2025-08-17,36,"Butner","Ozone","Granville",36.141111,-78.768056
"3722",2025-08-18,37,"Butner","Ozone","Granville",36.141111,-78.768056
"3723",2025-08-19,19,"Butner","Ozone","Granville",36.141111,-78.768056
"3724",2025-08-20,26,"Butner","Ozone","Granville",36.141111,-78.768056
"3725",2025-08-21,26,"Butner","Ozone","Granville",36.141111,-78.768056
"3726",2025-08-22,32,"Butner","Ozone","Granville",36.141111,-78.768056
"3727",2025-08-23,37,"Butner","Ozone","Granville",36.141111,-78.768056
"3728",2025-08-24,31,"Butner","Ozone","Granville",36.141111,-78.768056
"3729",2025-08-25,37,"Butner","Ozone","Granville",36.141111,-78.768056
"3730",2025-08-26,36,"Butner","Ozone","Granville",36.141111,-78.768056
"3731",2025-08-27,42,"Butner","Ozone","Granville",36.141111,-78.768056
"3732",2025-08-28,49,"Butner","Ozone","Granville",36.141111,-78.768056
"3733",2025-08-29,42,"Butner","Ozone","Granville",36.141111,-78.768056
"3734",2025-08-30,40,"Butner","Ozone","Granville",36.141111,-78.768056
"3735",2025-08-31,39,"Butner","Ozone","Granville",36.141111,-78.768056
"3736",2025-09-01,36,"Butner","Ozone","Granville",36.141111,-78.768056
"3737",2025-09-02,37,"Butner","Ozone","Granville",36.141111,-78.768056
"3738",2025-09-03,42,"Butner","Ozone","Granville",36.141111,-78.768056
"3739",2025-09-04,44,"Butner","Ozone","Granville",36.141111,-78.768056
"3740",2025-09-05,44,"Butner","Ozone","Granville",36.141111,-78.768056
"3741",2025-09-06,39,"Butner","Ozone","Granville",36.141111,-78.768056
"3742",2025-09-07,22,"Butner","Ozone","Granville",36.141111,-78.768056
"3743",2025-09-08,40,"Butner","Ozone","Granville",36.141111,-78.768056
"3744",2025-09-09,36,"Butner","Ozone","Granville",36.141111,-78.768056
"3745",2025-09-10,25,"Butner","Ozone","Granville",36.141111,-78.768056
"3746",2025-09-11,32,"Butner","Ozone","Granville",36.141111,-78.768056
"3747",2025-09-12,46,"Butner","Ozone","Granville",36.141111,-78.768056
"3748",2025-09-13,44,"Butner","Ozone","Granville",36.141111,-78.768056
"3749",2025-09-14,42,"Butner","Ozone","Granville",36.141111,-78.768056
"3750",2025-09-15,43,"Butner","Ozone","Granville",36.141111,-78.768056
"3751",2025-09-16,38,"Butner","Ozone","Granville",36.141111,-78.768056
"3752",2025-09-17,25,"Butner","Ozone","Granville",36.141111,-78.768056
"3753",2025-09-18,35,"Butner","Ozone","Granville",36.141111,-78.768056
"3754",2025-09-19,54,"Butner","Ozone","Granville",36.141111,-78.768056
"3755",2025-09-20,46,"Butner","Ozone","Granville",36.141111,-78.768056
"3756",2025-09-21,45,"Butner","Ozone","Granville",36.141111,-78.768056
"3757",2025-09-22,43,"Butner","Ozone","Granville",36.141111,-78.768056
"3758",2025-09-23,48,"Butner","Ozone","Granville",36.141111,-78.768056
"3759",2025-09-24,44,"Butner","Ozone","Granville",36.141111,-78.768056
"3760",2025-09-25,34,"Butner","Ozone","Granville",36.141111,-78.768056
"3761",2025-09-26,32,"Butner","Ozone","Granville",36.141111,-78.768056
"3762",2025-09-27,28,"Butner","Ozone","Granville",36.141111,-78.768056
"3763",2025-09-28,37,"Butner","Ozone","Granville",36.141111,-78.768056
"3764",2025-09-29,30,"Butner","Ozone","Granville",36.141111,-78.768056
"3765",2025-09-30,31,"Butner","Ozone","Granville",36.141111,-78.768056
"3766",2025-10-01,32,"Butner","Ozone","Granville",36.141111,-78.768056
"3767",2025-10-02,31,"Butner","Ozone","Granville",36.141111,-78.768056
"3768",2025-10-03,32,"Butner","Ozone","Granville",36.141111,-78.768056
"3769",2025-10-04,38,"Butner","Ozone","Granville",36.141111,-78.768056
"3770",2025-10-05,31,"Butner","Ozone","Granville",36.141111,-78.768056
"3771",2025-10-06,36,"Butner","Ozone","Granville",36.141111,-78.768056
"3772",2025-10-07,36,"Butner","Ozone","Granville",36.141111,-78.768056
"3773",2025-10-08,31,"Butner","Ozone","Granville",36.141111,-78.768056
"3774",2025-10-09,39,"Butner","Ozone","Granville",36.141111,-78.768056
"3775",2025-10-10,35,"Butner","Ozone","Granville",36.141111,-78.768056
"3776",2025-10-11,27,"Butner","Ozone","Granville",36.141111,-78.768056
"3777",2025-10-12,27,"Butner","Ozone","Granville",36.141111,-78.768056
"3778",2025-10-13,27,"Butner","Ozone","Granville",36.141111,-78.768056
"3779",2025-10-14,27,"Butner","Ozone","Granville",36.141111,-78.768056
"3780",2025-10-15,38,"Butner","Ozone","Granville",36.141111,-78.768056
"3781",2025-10-16,36,"Butner","Ozone","Granville",36.141111,-78.768056
"3782",2025-10-17,37,"Butner","Ozone","Granville",36.141111,-78.768056
"3783",2025-10-18,44,"Butner","Ozone","Granville",36.141111,-78.768056
"3784",2025-10-19,43,"Butner","Ozone","Granville",36.141111,-78.768056
"3785",2025-10-20,34,"Butner","Ozone","Granville",36.141111,-78.768056
"3786",2025-10-21,45,"Butner","Ozone","Granville",36.141111,-78.768056
"3787",2025-10-22,41,"Butner","Ozone","Granville",36.141111,-78.768056
"3788",2025-10-23,38,"Butner","Ozone","Granville",36.141111,-78.768056
"3789",2025-10-24,37,"Butner","Ozone","Granville",36.141111,-78.768056
"3790",2025-10-25,34,"Butner","Ozone","Granville",36.141111,-78.768056
"3791",2025-10-26,31,"Butner","Ozone","Granville",36.141111,-78.768056
"3792",2025-10-27,31,"Butner","Ozone","Granville",36.141111,-78.768056
"3793",2025-10-28,24,"Butner","Ozone","Granville",36.141111,-78.768056
"3794",2025-10-29,14,"Butner","Ozone","Granville",36.141111,-78.768056
"3795",2025-10-30,27,"Butner","Ozone","Granville",36.141111,-78.768056
"3796",2025-10-31,34,"Butner","Ozone","Granville",36.141111,-78.768056
"3797",2025-11-01,34,"Butner","Ozone","Granville",36.141111,-78.768056
"3798",2025-11-02,35,"Butner","Ozone","Granville",36.141111,-78.768056
"3799",2025-03-01,47,"Mendenhall School","Ozone","Guilford",36.1090060008986,-79.802314
"3800",2025-03-02,39,"Mendenhall School","Ozone","Guilford",36.1090060008986,-79.802314
"3801",2025-03-03,41,"Mendenhall School","Ozone","Guilford",36.1090060008986,-79.802314
"3802",2025-03-04,43,"Mendenhall School","Ozone","Guilford",36.1090060008986,-79.802314
"3803",2025-03-05,43,"Mendenhall School","Ozone","Guilford",36.1090060008986,-79.802314
"3804",2025-03-06,34,"Mendenhall School","Ozone","Guilford",36.1090060008986,-79.802314
"3805",2025-03-07,33,"Mendenhall School","Ozone","Guilford",36.1090060008986,-79.802314
"3806",2025-03-08,42,"Mendenhall School","Ozone","Guilford",36.1090060008986,-79.802314
"3807",2025-03-09,44,"Mendenhall School","Ozone","Guilford",36.1090060008986,-79.802314
"3808",2025-03-10,38,"Mendenhall School","Ozone","Guilford",36.1090060008986,-79.802314
"3809",2025-03-11,58,"Mendenhall School","Ozone","Guilford",36.1090060008986,-79.802314
"3810",2025-03-12,77,"Mendenhall School","Ozone","Guilford",36.1090060008986,-79.802314
"3811",2025-03-13,51,"Mendenhall School","Ozone","Guilford",36.1090060008986,-79.802314
"3812",2025-03-14,42,"Mendenhall School","Ozone","Guilford",36.1090060008986,-79.802314
"3813",2025-03-15,34,"Mendenhall School","Ozone","Guilford",36.1090060008986,-79.802314
"3814",2025-03-16,36,"Mendenhall School","Ozone","Guilford",36.1090060008986,-79.802314
"3815",2025-03-17,31,"Mendenhall School","Ozone","Guilford",36.1090060008986,-79.802314
"3816",2025-03-18,43,"Mendenhall School","Ozone","Guilford",36.1090060008986,-79.802314
"3817",2025-03-19,74,"Mendenhall School","Ozone","Guilford",36.1090060008986,-79.802314
"3818",2025-03-20,40,"Mendenhall School","Ozone","Guilford",36.1090060008986,-79.802314
"3819",2025-03-21,43,"Mendenhall School","Ozone","Guilford",36.1090060008986,-79.802314
"3820",2025-03-22,48,"Mendenhall School","Ozone","Guilford",36.1090060008986,-79.802314
"3821",2025-03-23,47,"Mendenhall School","Ozone","Guilford",36.1090060008986,-79.802314
"3822",2025-03-24,37,"Mendenhall School","Ozone","Guilford",36.1090060008986,-79.802314
"3823",2025-03-25,48,"Mendenhall School","Ozone","Guilford",36.1090060008986,-79.802314
"3824",2025-03-26,44,"Mendenhall School","Ozone","Guilford",36.1090060008986,-79.802314
"3825",2025-03-27,49,"Mendenhall School","Ozone","Guilford",36.1090060008986,-79.802314
"3826",2025-03-28,71,"Mendenhall School","Ozone","Guilford",36.1090060008986,-79.802314
"3827",2025-03-29,45,"Mendenhall School","Ozone","Guilford",36.1090060008986,-79.802314
"3828",2025-03-30,40,"Mendenhall School","Ozone","Guilford",36.1090060008986,-79.802314
"3829",2025-03-31,31,"Mendenhall School","Ozone","Guilford",36.1090060008986,-79.802314
"3830",2025-04-01,32,"Mendenhall School","Ozone","Guilford",36.1090060008986,-79.802314
"3831",2025-04-02,35,"Mendenhall School","Ozone","Guilford",36.1090060008986,-79.802314
"3832",2025-04-03,28,"Mendenhall School","Ozone","Guilford",36.1090060008986,-79.802314
"3833",2025-04-04,37,"Mendenhall School","Ozone","Guilford",36.1090060008986,-79.802314
"3834",2025-04-05,35,"Mendenhall School","Ozone","Guilford",36.1090060008986,-79.802314
"3835",2025-04-06,45,"Mendenhall School","Ozone","Guilford",36.1090060008986,-79.802314
"3836",2025-04-07,27,"Mendenhall School","Ozone","Guilford",36.1090060008986,-79.802314
"3837",2025-04-08,47,"Mendenhall School","Ozone","Guilford",36.1090060008986,-79.802314
"3838",2025-04-09,45,"Mendenhall School","Ozone","Guilford",36.1090060008986,-79.802314
"3839",2025-04-10,42,"Mendenhall School","Ozone","Guilford",36.1090060008986,-79.802314
"3840",2025-04-11,31,"Mendenhall School","Ozone","Guilford",36.1090060008986,-79.802314
"3841",2025-04-12,37,"Mendenhall School","Ozone","Guilford",36.1090060008986,-79.802314
"3842",2025-04-13,44,"Mendenhall School","Ozone","Guilford",36.1090060008986,-79.802314
"3843",2025-04-14,67,"Mendenhall School","Ozone","Guilford",36.1090060008986,-79.802314
"3844",2025-04-15,43,"Mendenhall School","Ozone","Guilford",36.1090060008986,-79.802314
"3845",2025-04-16,46,"Mendenhall School","Ozone","Guilford",36.1090060008986,-79.802314
"3846",2025-04-17,61,"Mendenhall School","Ozone","Guilford",36.1090060008986,-79.802314
"3847",2025-04-18,64,"Mendenhall School","Ozone","Guilford",36.1090060008986,-79.802314
"3848",2025-04-19,44,"Mendenhall School","Ozone","Guilford",36.1090060008986,-79.802314
"3849",2025-04-20,43,"Mendenhall School","Ozone","Guilford",36.1090060008986,-79.802314
"3850",2025-04-21,49,"Mendenhall School","Ozone","Guilford",36.1090060008986,-79.802314
"3851",2025-04-22,37,"Mendenhall School","Ozone","Guilford",36.1090060008986,-79.802314
"3852",2025-04-23,48,"Mendenhall School","Ozone","Guilford",36.1090060008986,-79.802314
"3853",2025-04-24,46,"Mendenhall School","Ozone","Guilford",36.1090060008986,-79.802314
"3854",2025-04-25,38,"Mendenhall School","Ozone","Guilford",36.1090060008986,-79.802314
"3855",2025-04-26,35,"Mendenhall School","Ozone","Guilford",36.1090060008986,-79.802314
"3856",2025-04-27,45,"Mendenhall School","Ozone","Guilford",36.1090060008986,-79.802314
"3857",2025-04-28,49,"Mendenhall School","Ozone","Guilford",36.1090060008986,-79.802314
"3858",2025-04-29,51,"Mendenhall School","Ozone","Guilford",36.1090060008986,-79.802314
"3859",2025-04-30,43,"Mendenhall School","Ozone","Guilford",36.1090060008986,-79.802314
"3860",2025-05-01,46,"Mendenhall School","Ozone","Guilford",36.1090060008986,-79.802314
"3861",2025-05-02,49,"Mendenhall School","Ozone","Guilford",36.1090060008986,-79.802314
"3862",2025-05-03,32,"Mendenhall School","Ozone","Guilford",36.1090060008986,-79.802314
"3863",2025-05-04,43,"Mendenhall School","Ozone","Guilford",36.1090060008986,-79.802314
"3864",2025-05-05,44,"Mendenhall School","Ozone","Guilford",36.1090060008986,-79.802314
"3865",2025-05-06,46,"Mendenhall School","Ozone","Guilford",36.1090060008986,-79.802314
"3866",2025-05-07,48,"Mendenhall School","Ozone","Guilford",36.1090060008986,-79.802314
"3867",2025-05-08,51,"Mendenhall School","Ozone","Guilford",36.1090060008986,-79.802314
"3868",2025-05-09,44,"Mendenhall School","Ozone","Guilford",36.1090060008986,-79.802314
"3869",2025-05-10,44,"Mendenhall School","Ozone","Guilford",36.1090060008986,-79.802314
"3870",2025-05-11,31,"Mendenhall School","Ozone","Guilford",36.1090060008986,-79.802314
"3871",2025-05-12,24,"Mendenhall School","Ozone","Guilford",36.1090060008986,-79.802314
"3872",2025-05-13,37,"Mendenhall School","Ozone","Guilford",36.1090060008986,-79.802314
"3873",2025-05-14,31,"Mendenhall School","Ozone","Guilford",36.1090060008986,-79.802314
"3874",2025-05-15,48,"Mendenhall School","Ozone","Guilford",36.1090060008986,-79.802314
"3875",2025-05-16,37,"Mendenhall School","Ozone","Guilford",36.1090060008986,-79.802314
"3876",2025-05-17,44,"Mendenhall School","Ozone","Guilford",36.1090060008986,-79.802314
"3877",2025-05-18,44,"Mendenhall School","Ozone","Guilford",36.1090060008986,-79.802314
"3878",2025-05-19,48,"Mendenhall School","Ozone","Guilford",36.1090060008986,-79.802314
"3879",2025-05-20,47,"Mendenhall School","Ozone","Guilford",36.1090060008986,-79.802314
"3880",2025-05-21,40,"Mendenhall School","Ozone","Guilford",36.1090060008986,-79.802314
"3881",2025-05-22,45,"Mendenhall School","Ozone","Guilford",36.1090060008986,-79.802314
"3882",2025-05-23,37,"Mendenhall School","Ozone","Guilford",36.1090060008986,-79.802314
"3883",2025-05-24,44,"Mendenhall School","Ozone","Guilford",36.1090060008986,-79.802314
"3884",2025-05-25,40,"Mendenhall School","Ozone","Guilford",36.1090060008986,-79.802314
"3885",2025-05-26,21,"Mendenhall School","Ozone","Guilford",36.1090060008986,-79.802314
"3886",2025-05-27,27,"Mendenhall School","Ozone","Guilford",36.1090060008986,-79.802314
"3887",2025-05-28,27,"Mendenhall School","Ozone","Guilford",36.1090060008986,-79.802314
"3888",2025-05-29,32,"Mendenhall School","Ozone","Guilford",36.1090060008986,-79.802314
"3889",2025-05-30,41,"Mendenhall School","Ozone","Guilford",36.1090060008986,-79.802314
"3890",2025-05-31,42,"Mendenhall School","Ozone","Guilford",36.1090060008986,-79.802314
"3891",2025-06-01,44,"Mendenhall School","Ozone","Guilford",36.1090060008986,-79.802314
"3892",2025-06-02,46,"Mendenhall School","Ozone","Guilford",36.1090060008986,-79.802314
"3893",2025-06-03,58,"Mendenhall School","Ozone","Guilford",36.1090060008986,-79.802314
"3894",2025-06-04,49,"Mendenhall School","Ozone","Guilford",36.1090060008986,-79.802314
"3895",2025-06-05,17,"Mendenhall School","Ozone","Guilford",36.1090060008986,-79.802314
"3896",2025-06-06,45,"Mendenhall School","Ozone","Guilford",36.1090060008986,-79.802314
"3897",2025-06-07,37,"Mendenhall School","Ozone","Guilford",36.1090060008986,-79.802314
"3898",2025-06-08,35,"Mendenhall School","Ozone","Guilford",36.1090060008986,-79.802314
"3899",2025-06-09,51,"Mendenhall School","Ozone","Guilford",36.1090060008986,-79.802314
"3900",2025-06-10,41,"Mendenhall School","Ozone","Guilford",36.1090060008986,-79.802314
"3901",2025-06-11,43,"Mendenhall School","Ozone","Guilford",36.1090060008986,-79.802314
"3902",2025-06-12,77,"Mendenhall School","Ozone","Guilford",36.1090060008986,-79.802314
"3903",2025-06-13,32,"Mendenhall School","Ozone","Guilford",36.1090060008986,-79.802314
"3904",2025-06-14,32,"Mendenhall School","Ozone","Guilford",36.1090060008986,-79.802314
"3905",2025-06-15,31,"Mendenhall School","Ozone","Guilford",36.1090060008986,-79.802314
"3906",2025-06-16,34,"Mendenhall School","Ozone","Guilford",36.1090060008986,-79.802314
"3907",2025-06-17,40,"Mendenhall School","Ozone","Guilford",36.1090060008986,-79.802314
"3908",2025-06-18,38,"Mendenhall School","Ozone","Guilford",36.1090060008986,-79.802314
"3909",2025-06-19,34,"Mendenhall School","Ozone","Guilford",36.1090060008986,-79.802314
"3910",2025-06-20,44,"Mendenhall School","Ozone","Guilford",36.1090060008986,-79.802314
"3911",2025-06-21,50,"Mendenhall School","Ozone","Guilford",36.1090060008986,-79.802314
"3912",2025-06-22,46,"Mendenhall School","Ozone","Guilford",36.1090060008986,-79.802314
"3913",2025-06-23,36,"Mendenhall School","Ozone","Guilford",36.1090060008986,-79.802314
"3914",2025-06-24,38,"Mendenhall School","Ozone","Guilford",36.1090060008986,-79.802314
"3915",2025-06-25,33,"Mendenhall School","Ozone","Guilford",36.1090060008986,-79.802314
"3916",2025-06-26,54,"Mendenhall School","Ozone","Guilford",36.1090060008986,-79.802314
"3917",2025-06-27,41,"Mendenhall School","Ozone","Guilford",36.1090060008986,-79.802314
"3918",2025-06-28,40,"Mendenhall School","Ozone","Guilford",36.1090060008986,-79.802314
"3919",2025-06-29,38,"Mendenhall School","Ozone","Guilford",36.1090060008986,-79.802314
"3920",2025-06-30,38,"Mendenhall School","Ozone","Guilford",36.1090060008986,-79.802314
"3921",2025-07-01,40,"Mendenhall School","Ozone","Guilford",36.1090060008986,-79.802314
"3922",2025-07-02,30,"Mendenhall School","Ozone","Guilford",36.1090060008986,-79.802314
"3923",2025-07-03,44,"Mendenhall School","Ozone","Guilford",36.1090060008986,-79.802314
"3924",2025-07-04,43,"Mendenhall School","Ozone","Guilford",36.1090060008986,-79.802314
"3925",2025-07-05,42,"Mendenhall School","Ozone","Guilford",36.1090060008986,-79.802314
"3926",2025-07-06,17,"Mendenhall School","Ozone","Guilford",36.1090060008986,-79.802314
"3927",2025-07-07,43,"Mendenhall School","Ozone","Guilford",36.1090060008986,-79.802314
"3928",2025-07-08,48,"Mendenhall School","Ozone","Guilford",36.1090060008986,-79.802314
"3929",2025-07-09,41,"Mendenhall School","Ozone","Guilford",36.1090060008986,-79.802314
"3930",2025-07-10,41,"Mendenhall School","Ozone","Guilford",36.1090060008986,-79.802314
"3931",2025-07-11,44,"Mendenhall School","Ozone","Guilford",36.1090060008986,-79.802314
"3932",2025-07-12,43,"Mendenhall School","Ozone","Guilford",36.1090060008986,-79.802314
"3933",2025-07-13,31,"Mendenhall School","Ozone","Guilford",36.1090060008986,-79.802314
"3934",2025-07-14,39,"Mendenhall School","Ozone","Guilford",36.1090060008986,-79.802314
"3935",2025-07-15,34,"Mendenhall School","Ozone","Guilford",36.1090060008986,-79.802314
"3936",2025-07-16,40,"Mendenhall School","Ozone","Guilford",36.1090060008986,-79.802314
"3937",2025-07-17,35,"Mendenhall School","Ozone","Guilford",36.1090060008986,-79.802314
"3938",2025-07-18,40,"Mendenhall School","Ozone","Guilford",36.1090060008986,-79.802314
"3939",2025-07-19,36,"Mendenhall School","Ozone","Guilford",36.1090060008986,-79.802314
"3940",2025-07-20,31,"Mendenhall School","Ozone","Guilford",36.1090060008986,-79.802314
"3941",2025-07-21,32,"Mendenhall School","Ozone","Guilford",36.1090060008986,-79.802314
"3942",2025-07-22,36,"Mendenhall School","Ozone","Guilford",36.1090060008986,-79.802314
"3943",2025-07-23,42,"Mendenhall School","Ozone","Guilford",36.1090060008986,-79.802314
"3944",2025-07-24,42,"Mendenhall School","Ozone","Guilford",36.1090060008986,-79.802314
"3945",2025-07-25,49,"Mendenhall School","Ozone","Guilford",36.1090060008986,-79.802314
"3946",2025-07-26,34,"Mendenhall School","Ozone","Guilford",36.1090060008986,-79.802314
"3947",2025-07-27,31,"Mendenhall School","Ozone","Guilford",36.1090060008986,-79.802314
"3948",2025-07-28,34,"Mendenhall School","Ozone","Guilford",36.1090060008986,-79.802314
"3949",2025-07-29,36,"Mendenhall School","Ozone","Guilford",36.1090060008986,-79.802314
"3950",2025-07-30,41,"Mendenhall School","Ozone","Guilford",36.1090060008986,-79.802314
"3951",2025-07-31,47,"Mendenhall School","Ozone","Guilford",36.1090060008986,-79.802314
"3952",2025-08-01,31,"Mendenhall School","Ozone","Guilford",36.1090060008986,-79.802314
"3953",2025-08-02,27,"Mendenhall School","Ozone","Guilford",36.1090060008986,-79.802314
"3954",2025-08-03,33,"Mendenhall School","Ozone","Guilford",36.1090060008986,-79.802314
"3955",2025-08-04,37,"Mendenhall School","Ozone","Guilford",36.1090060008986,-79.802314
"3956",2025-08-05,31,"Mendenhall School","Ozone","Guilford",36.1090060008986,-79.802314
"3957",2025-08-06,26,"Mendenhall School","Ozone","Guilford",36.1090060008986,-79.802314
"3958",2025-08-07,21,"Mendenhall School","Ozone","Guilford",36.1090060008986,-79.802314
"3959",2025-08-08,33,"Mendenhall School","Ozone","Guilford",36.1090060008986,-79.802314
"3960",2025-08-09,31,"Mendenhall School","Ozone","Guilford",36.1090060008986,-79.802314
"3961",2025-08-10,32,"Mendenhall School","Ozone","Guilford",36.1090060008986,-79.802314
"3962",2025-08-11,19,"Mendenhall School","Ozone","Guilford",36.1090060008986,-79.802314
"3963",2025-08-12,23,"Mendenhall School","Ozone","Guilford",36.1090060008986,-79.802314
"3964",2025-08-13,24,"Mendenhall School","Ozone","Guilford",36.1090060008986,-79.802314
"3965",2025-08-14,37,"Mendenhall School","Ozone","Guilford",36.1090060008986,-79.802314
"3966",2025-08-15,38,"Mendenhall School","Ozone","Guilford",36.1090060008986,-79.802314
"3967",2025-08-16,36,"Mendenhall School","Ozone","Guilford",36.1090060008986,-79.802314
"3968",2025-08-17,37,"Mendenhall School","Ozone","Guilford",36.1090060008986,-79.802314
"3969",2025-08-18,36,"Mendenhall School","Ozone","Guilford",36.1090060008986,-79.802314
"3970",2025-08-19,25,"Mendenhall School","Ozone","Guilford",36.1090060008986,-79.802314
"3971",2025-08-20,25,"Mendenhall School","Ozone","Guilford",36.1090060008986,-79.802314
"3972",2025-08-21,31,"Mendenhall School","Ozone","Guilford",36.1090060008986,-79.802314
"3973",2025-08-22,27,"Mendenhall School","Ozone","Guilford",36.1090060008986,-79.802314
"3974",2025-08-23,32,"Mendenhall School","Ozone","Guilford",36.1090060008986,-79.802314
"3975",2025-08-24,40,"Mendenhall School","Ozone","Guilford",36.1090060008986,-79.802314
"3976",2025-08-25,37,"Mendenhall School","Ozone","Guilford",36.1090060008986,-79.802314
"3977",2025-08-26,36,"Mendenhall School","Ozone","Guilford",36.1090060008986,-79.802314
"3978",2025-08-27,36,"Mendenhall School","Ozone","Guilford",36.1090060008986,-79.802314
"3979",2025-08-28,45,"Mendenhall School","Ozone","Guilford",36.1090060008986,-79.802314
"3980",2025-08-29,44,"Mendenhall School","Ozone","Guilford",36.1090060008986,-79.802314
"3981",2025-08-30,39,"Mendenhall School","Ozone","Guilford",36.1090060008986,-79.802314
"3982",2025-08-31,36,"Mendenhall School","Ozone","Guilford",36.1090060008986,-79.802314
"3983",2025-09-01,34,"Mendenhall School","Ozone","Guilford",36.1090060008986,-79.802314
"3984",2025-09-02,36,"Mendenhall School","Ozone","Guilford",36.1090060008986,-79.802314
"3985",2025-09-03,46,"Mendenhall School","Ozone","Guilford",36.1090060008986,-79.802314
"3986",2025-09-04,43,"Mendenhall School","Ozone","Guilford",36.1090060008986,-79.802314
"3987",2025-09-05,47,"Mendenhall School","Ozone","Guilford",36.1090060008986,-79.802314
"3988",2025-09-06,37,"Mendenhall School","Ozone","Guilford",36.1090060008986,-79.802314
"3989",2025-09-07,21,"Mendenhall School","Ozone","Guilford",36.1090060008986,-79.802314
"3990",2025-09-08,35,"Mendenhall School","Ozone","Guilford",36.1090060008986,-79.802314
"3991",2025-09-09,39,"Mendenhall School","Ozone","Guilford",36.1090060008986,-79.802314
"3992",2025-09-10,38,"Mendenhall School","Ozone","Guilford",36.1090060008986,-79.802314
"3993",2025-09-11,35,"Mendenhall School","Ozone","Guilford",36.1090060008986,-79.802314
"3994",2025-09-12,42,"Mendenhall School","Ozone","Guilford",36.1090060008986,-79.802314
"3995",2025-09-13,43,"Mendenhall School","Ozone","Guilford",36.1090060008986,-79.802314
"3996",2025-09-14,44,"Mendenhall School","Ozone","Guilford",36.1090060008986,-79.802314
"3997",2025-09-15,37,"Mendenhall School","Ozone","Guilford",36.1090060008986,-79.802314
"3998",2025-09-16,38,"Mendenhall School","Ozone","Guilford",36.1090060008986,-79.802314
"3999",2025-09-17,32,"Mendenhall School","Ozone","Guilford",36.1090060008986,-79.802314
"4000",2025-09-18,41,"Mendenhall School","Ozone","Guilford",36.1090060008986,-79.802314
"4001",2025-09-19,74,"Mendenhall School","Ozone","Guilford",36.1090060008986,-79.802314
"4002",2025-09-20,47,"Mendenhall School","Ozone","Guilford",36.1090060008986,-79.802314
"4003",2025-09-21,41,"Mendenhall School","Ozone","Guilford",36.1090060008986,-79.802314
"4004",2025-09-22,45,"Mendenhall School","Ozone","Guilford",36.1090060008986,-79.802314
"4005",2025-09-23,51,"Mendenhall School","Ozone","Guilford",36.1090060008986,-79.802314
"4006",2025-09-24,58,"Mendenhall School","Ozone","Guilford",36.1090060008986,-79.802314
"4007",2025-09-25,33,"Mendenhall School","Ozone","Guilford",36.1090060008986,-79.802314
"4008",2025-09-26,28,"Mendenhall School","Ozone","Guilford",36.1090060008986,-79.802314
"4009",2025-09-27,36,"Mendenhall School","Ozone","Guilford",36.1090060008986,-79.802314
"4010",2025-09-28,32,"Mendenhall School","Ozone","Guilford",36.1090060008986,-79.802314
"4011",2025-09-29,29,"Mendenhall School","Ozone","Guilford",36.1090060008986,-79.802314
"4012",2025-09-30,33,"Mendenhall School","Ozone","Guilford",36.1090060008986,-79.802314
"4013",2025-10-01,33,"Mendenhall School","Ozone","Guilford",36.1090060008986,-79.802314
"4014",2025-10-02,30,"Mendenhall School","Ozone","Guilford",36.1090060008986,-79.802314
"4015",2025-10-03,31,"Mendenhall School","Ozone","Guilford",36.1090060008986,-79.802314
"4016",2025-10-04,41,"Mendenhall School","Ozone","Guilford",36.1090060008986,-79.802314
"4017",2025-10-05,31,"Mendenhall School","Ozone","Guilford",36.1090060008986,-79.802314
"4018",2025-10-06,34,"Mendenhall School","Ozone","Guilford",36.1090060008986,-79.802314
"4019",2025-10-07,31,"Mendenhall School","Ozone","Guilford",36.1090060008986,-79.802314
"4020",2025-10-08,30,"Mendenhall School","Ozone","Guilford",36.1090060008986,-79.802314
"4021",2025-10-09,34,"Mendenhall School","Ozone","Guilford",36.1090060008986,-79.802314
"4022",2025-10-10,30,"Mendenhall School","Ozone","Guilford",36.1090060008986,-79.802314
"4023",2025-10-11,27,"Mendenhall School","Ozone","Guilford",36.1090060008986,-79.802314
"4024",2025-10-12,24,"Mendenhall School","Ozone","Guilford",36.1090060008986,-79.802314
"4025",2025-10-13,31,"Mendenhall School","Ozone","Guilford",36.1090060008986,-79.802314
"4026",2025-10-14,30,"Mendenhall School","Ozone","Guilford",36.1090060008986,-79.802314
"4027",2025-10-15,36,"Mendenhall School","Ozone","Guilford",36.1090060008986,-79.802314
"4028",2025-10-16,34,"Mendenhall School","Ozone","Guilford",36.1090060008986,-79.802314
"4029",2025-10-17,41,"Mendenhall School","Ozone","Guilford",36.1090060008986,-79.802314
"4030",2025-10-18,48,"Mendenhall School","Ozone","Guilford",36.1090060008986,-79.802314
"4031",2025-10-19,37,"Mendenhall School","Ozone","Guilford",36.1090060008986,-79.802314
"4032",2025-10-20,31,"Mendenhall School","Ozone","Guilford",36.1090060008986,-79.802314
"4033",2025-10-21,45,"Mendenhall School","Ozone","Guilford",36.1090060008986,-79.802314
"4034",2025-10-22,36,"Mendenhall School","Ozone","Guilford",36.1090060008986,-79.802314
"4035",2025-10-23,36,"Mendenhall School","Ozone","Guilford",36.1090060008986,-79.802314
"4036",2025-10-24,35,"Mendenhall School","Ozone","Guilford",36.1090060008986,-79.802314
"4037",2025-10-25,33,"Mendenhall School","Ozone","Guilford",36.1090060008986,-79.802314
"4038",2025-10-26,30,"Mendenhall School","Ozone","Guilford",36.1090060008986,-79.802314
"4039",2025-10-27,26,"Mendenhall School","Ozone","Guilford",36.1090060008986,-79.802314
"4040",2025-10-28,22,"Mendenhall School","Ozone","Guilford",36.1090060008986,-79.802314
"4041",2025-10-29,11,"Mendenhall School","Ozone","Guilford",36.1090060008986,-79.802314
"4042",2025-10-30,25,"Mendenhall School","Ozone","Guilford",36.1090060008986,-79.802314
"4043",2025-10-31,31,"Mendenhall School","Ozone","Guilford",36.1090060008986,-79.802314
"4044",2025-11-01,32,"Mendenhall School","Ozone","Guilford",36.1090060008986,-79.802314
"4045",2025-11-02,34,"Mendenhall School","Ozone","Guilford",36.1090060008986,-79.802314
"4046",2025-03-01,46,"Waynesville School","Ozone","Haywood",35.507224,-82.963625
"4047",2025-03-02,43,"Waynesville School","Ozone","Haywood",35.507224,-82.963625
"4048",2025-03-03,44,"Waynesville School","Ozone","Haywood",35.507224,-82.963625
"4049",2025-03-04,44,"Waynesville School","Ozone","Haywood",35.507224,-82.963625
"4050",2025-03-05,44,"Waynesville School","Ozone","Haywood",35.507224,-82.963625
"4051",2025-03-06,36,"Waynesville School","Ozone","Haywood",35.507224,-82.963625
"4052",2025-03-07,42,"Waynesville School","Ozone","Haywood",35.507224,-82.963625
"4053",2025-03-08,44,"Waynesville School","Ozone","Haywood",35.507224,-82.963625
"4054",2025-03-09,42,"Waynesville School","Ozone","Haywood",35.507224,-82.963625
"4055",2025-03-10,40,"Waynesville School","Ozone","Haywood",35.507224,-82.963625
"4056",2025-03-11,50,"Waynesville School","Ozone","Haywood",35.507224,-82.963625
"4057",2025-03-12,50,"Waynesville School","Ozone","Haywood",35.507224,-82.963625
"4058",2025-03-13,49,"Waynesville School","Ozone","Haywood",35.507224,-82.963625
"4059",2025-03-14,61,"Waynesville School","Ozone","Haywood",35.507224,-82.963625
"4060",2025-03-15,46,"Waynesville School","Ozone","Haywood",35.507224,-82.963625
"4061",2025-03-16,45,"Waynesville School","Ozone","Haywood",35.507224,-82.963625
"4062",2025-03-17,36,"Waynesville School","Ozone","Haywood",35.507224,-82.963625
"4063",2025-03-18,46,"Waynesville School","Ozone","Haywood",35.507224,-82.963625
"4064",2025-03-19,48,"Waynesville School","Ozone","Haywood",35.507224,-82.963625
"4065",2025-03-20,38,"Waynesville School","Ozone","Haywood",35.507224,-82.963625
"4066",2025-03-21,44,"Waynesville School","Ozone","Haywood",35.507224,-82.963625
"4067",2025-03-22,49,"Waynesville School","Ozone","Haywood",35.507224,-82.963625
"4068",2025-03-23,61,"Waynesville School","Ozone","Haywood",35.507224,-82.963625
"4069",2025-03-24,43,"Waynesville School","Ozone","Haywood",35.507224,-82.963625
"4070",2025-03-25,47,"Waynesville School","Ozone","Haywood",35.507224,-82.963625
"4071",2025-03-26,47,"Waynesville School","Ozone","Haywood",35.507224,-82.963625
"4072",2025-03-27,47,"Waynesville School","Ozone","Haywood",35.507224,-82.963625
"4073",2025-03-28,58,"Waynesville School","Ozone","Haywood",35.507224,-82.963625
"4074",2025-03-29,45,"Waynesville School","Ozone","Haywood",35.507224,-82.963625
"4075",2025-03-30,37,"Waynesville School","Ozone","Haywood",35.507224,-82.963625
"4076",2025-03-31,39,"Waynesville School","Ozone","Haywood",35.507224,-82.963625
"4077",2025-04-01,34,"Waynesville School","Ozone","Haywood",35.507224,-82.963625
"4078",2025-04-02,33,"Waynesville School","Ozone","Haywood",35.507224,-82.963625
"4079",2025-04-03,35,"Waynesville School","Ozone","Haywood",35.507224,-82.963625
"4080",2025-04-04,37,"Waynesville School","Ozone","Haywood",35.507224,-82.963625
"4081",2025-04-05,45,"Waynesville School","Ozone","Haywood",35.507224,-82.963625
"4082",2025-04-06,37,"Waynesville School","Ozone","Haywood",35.507224,-82.963625
"4083",2025-04-07,31,"Waynesville School","Ozone","Haywood",35.507224,-82.963625
"4084",2025-04-08,49,"Waynesville School","Ozone","Haywood",35.507224,-82.963625
"4085",2025-04-09,46,"Waynesville School","Ozone","Haywood",35.507224,-82.963625
"4086",2025-04-10,43,"Waynesville School","Ozone","Haywood",35.507224,-82.963625
"4087",2025-04-11,44,"Waynesville School","Ozone","Haywood",35.507224,-82.963625
"4088",2025-04-12,42,"Waynesville School","Ozone","Haywood",35.507224,-82.963625
"4089",2025-04-13,47,"Waynesville School","Ozone","Haywood",35.507224,-82.963625
"4090",2025-04-14,80,"Waynesville School","Ozone","Haywood",35.507224,-82.963625
"4091",2025-04-15,46,"Waynesville School","Ozone","Haywood",35.507224,-82.963625
"4092",2025-04-16,50,"Waynesville School","Ozone","Haywood",35.507224,-82.963625
"4093",2025-04-17,51,"Waynesville School","Ozone","Haywood",35.507224,-82.963625
"4094",2025-04-18,87,"Waynesville School","Ozone","Haywood",35.507224,-82.963625
"4095",2025-04-19,58,"Waynesville School","Ozone","Haywood",35.507224,-82.963625
"4096",2025-04-20,49,"Waynesville School","Ozone","Haywood",35.507224,-82.963625
"4097",2025-04-21,46,"Waynesville School","Ozone","Haywood",35.507224,-82.963625
"4098",2025-04-22,34,"Waynesville School","Ozone","Haywood",35.507224,-82.963625
"4099",2025-04-23,36,"Waynesville School","Ozone","Haywood",35.507224,-82.963625
"4100",2025-04-24,33,"Waynesville School","Ozone","Haywood",35.507224,-82.963625
"4101",2025-04-25,37,"Waynesville School","Ozone","Haywood",35.507224,-82.963625
"4102",2025-04-26,43,"Waynesville School","Ozone","Haywood",35.507224,-82.963625
"4103",2025-04-27,58,"Waynesville School","Ozone","Haywood",35.507224,-82.963625
"4104",2025-04-28,47,"Waynesville School","Ozone","Haywood",35.507224,-82.963625
"4105",2025-04-29,46,"Waynesville School","Ozone","Haywood",35.507224,-82.963625
"4106",2025-04-30,41,"Waynesville School","Ozone","Haywood",35.507224,-82.963625
"4107",2025-05-01,47,"Waynesville School","Ozone","Haywood",35.507224,-82.963625
"4108",2025-05-02,40,"Waynesville School","Ozone","Haywood",35.507224,-82.963625
"4109",2025-05-03,43,"Waynesville School","Ozone","Haywood",35.507224,-82.963625
"4110",2025-05-04,42,"Waynesville School","Ozone","Haywood",35.507224,-82.963625
"4111",2025-05-05,42,"Waynesville School","Ozone","Haywood",35.507224,-82.963625
"4112",2025-05-06,42,"Waynesville School","Ozone","Haywood",35.507224,-82.963625
"4113",2025-05-07,33,"Waynesville School","Ozone","Haywood",35.507224,-82.963625
"4114",2025-05-08,42,"Waynesville School","Ozone","Haywood",35.507224,-82.963625
"4115",2025-05-09,47,"Waynesville School","Ozone","Haywood",35.507224,-82.963625
"4116",2025-05-10,35,"Waynesville School","Ozone","Haywood",35.507224,-82.963625
"4117",2025-05-11,39,"Waynesville School","Ozone","Haywood",35.507224,-82.963625
"4118",2025-05-12,27,"Waynesville School","Ozone","Haywood",35.507224,-82.963625
"4119",2025-05-13,42,"Waynesville School","Ozone","Haywood",35.507224,-82.963625
"4120",2025-05-14,41,"Waynesville School","Ozone","Haywood",35.507224,-82.963625
"4121",2025-05-15,44,"Waynesville School","Ozone","Haywood",35.507224,-82.963625
"4122",2025-05-16,36,"Waynesville School","Ozone","Haywood",35.507224,-82.963625
"4123",2025-05-19,30,"Waynesville School","Ozone","Haywood",35.507224,-82.963625
"4124",2025-05-20,31,"Waynesville School","Ozone","Haywood",35.507224,-82.963625
"4125",2025-05-21,45,"Waynesville School","Ozone","Haywood",35.507224,-82.963625
"4126",2025-05-22,58,"Waynesville School","Ozone","Haywood",35.507224,-82.963625
"4127",2025-05-23,41,"Waynesville School","Ozone","Haywood",35.507224,-82.963625
"4128",2025-05-24,38,"Waynesville School","Ozone","Haywood",35.507224,-82.963625
"4129",2025-05-25,35,"Waynesville School","Ozone","Haywood",35.507224,-82.963625
"4130",2025-05-26,29,"Waynesville School","Ozone","Haywood",35.507224,-82.963625
"4131",2025-05-27,21,"Waynesville School","Ozone","Haywood",35.507224,-82.963625
"4132",2025-05-28,34,"Waynesville School","Ozone","Haywood",35.507224,-82.963625
"4133",2025-05-29,33,"Waynesville School","Ozone","Haywood",35.507224,-82.963625
"4134",2025-05-30,44,"Waynesville School","Ozone","Haywood",35.507224,-82.963625
"4135",2025-05-31,54,"Waynesville School","Ozone","Haywood",35.507224,-82.963625
"4136",2025-06-01,48,"Waynesville School","Ozone","Haywood",35.507224,-82.963625
"4137",2025-06-02,50,"Waynesville School","Ozone","Haywood",35.507224,-82.963625
"4138",2025-06-03,50,"Waynesville School","Ozone","Haywood",35.507224,-82.963625
"4139",2025-06-04,46,"Waynesville School","Ozone","Haywood",35.507224,-82.963625
"4140",2025-06-05,44,"Waynesville School","Ozone","Haywood",35.507224,-82.963625
"4141",2025-06-06,39,"Waynesville School","Ozone","Haywood",35.507224,-82.963625
"4142",2025-06-07,40,"Waynesville School","Ozone","Haywood",35.507224,-82.963625
"4143",2025-06-08,43,"Waynesville School","Ozone","Haywood",35.507224,-82.963625
"4144",2025-06-09,42,"Waynesville School","Ozone","Haywood",35.507224,-82.963625
"4145",2025-06-10,40,"Waynesville School","Ozone","Haywood",35.507224,-82.963625
"4146",2025-06-11,47,"Waynesville School","Ozone","Haywood",35.507224,-82.963625
"4147",2025-06-12,31,"Waynesville School","Ozone","Haywood",35.507224,-82.963625
"4148",2025-06-13,28,"Waynesville School","Ozone","Haywood",35.507224,-82.963625
"4149",2025-06-14,31,"Waynesville School","Ozone","Haywood",35.507224,-82.963625
"4150",2025-06-15,32,"Waynesville School","Ozone","Haywood",35.507224,-82.963625
"4151",2025-06-16,32,"Waynesville School","Ozone","Haywood",35.507224,-82.963625
"4152",2025-06-17,28,"Waynesville School","Ozone","Haywood",35.507224,-82.963625
"4153",2025-06-18,30,"Waynesville School","Ozone","Haywood",35.507224,-82.963625
"4154",2025-06-19,42,"Waynesville School","Ozone","Haywood",35.507224,-82.963625
"4155",2025-06-20,41,"Waynesville School","Ozone","Haywood",35.507224,-82.963625
"4156",2025-06-21,44,"Waynesville School","Ozone","Haywood",35.507224,-82.963625
"4157",2025-06-22,43,"Waynesville School","Ozone","Haywood",35.507224,-82.963625
"4158",2025-06-23,39,"Waynesville School","Ozone","Haywood",35.507224,-82.963625
"4159",2025-06-24,41,"Waynesville School","Ozone","Haywood",35.507224,-82.963625
"4160",2025-06-25,39,"Waynesville School","Ozone","Haywood",35.507224,-82.963625
"4161",2025-06-26,32,"Waynesville School","Ozone","Haywood",35.507224,-82.963625
"4162",2025-06-27,41,"Waynesville School","Ozone","Haywood",35.507224,-82.963625
"4163",2025-06-28,31,"Waynesville School","Ozone","Haywood",35.507224,-82.963625
"4164",2025-06-29,38,"Waynesville School","Ozone","Haywood",35.507224,-82.963625
"4165",2025-06-30,36,"Waynesville School","Ozone","Haywood",35.507224,-82.963625
"4166",2025-07-01,34,"Waynesville School","Ozone","Haywood",35.507224,-82.963625
"4167",2025-07-02,48,"Waynesville School","Ozone","Haywood",35.507224,-82.963625
"4168",2025-07-03,48,"Waynesville School","Ozone","Haywood",35.507224,-82.963625
"4169",2025-07-04,47,"Waynesville School","Ozone","Haywood",35.507224,-82.963625
"4170",2025-07-05,43,"Waynesville School","Ozone","Haywood",35.507224,-82.963625
"4171",2025-07-06,40,"Waynesville School","Ozone","Haywood",35.507224,-82.963625
"4172",2025-07-07,40,"Waynesville School","Ozone","Haywood",35.507224,-82.963625
"4173",2025-07-08,37,"Waynesville School","Ozone","Haywood",35.507224,-82.963625
"4174",2025-07-09,35,"Waynesville School","Ozone","Haywood",35.507224,-82.963625
"4175",2025-07-10,35,"Waynesville School","Ozone","Haywood",35.507224,-82.963625
"4176",2025-07-11,35,"Waynesville School","Ozone","Haywood",35.507224,-82.963625
"4177",2025-07-12,31,"Waynesville School","Ozone","Haywood",35.507224,-82.963625
"4178",2025-07-13,24,"Waynesville School","Ozone","Haywood",35.507224,-82.963625
"4179",2025-07-14,31,"Waynesville School","Ozone","Haywood",35.507224,-82.963625
"4180",2025-07-15,27,"Waynesville School","Ozone","Haywood",35.507224,-82.963625
"4181",2025-07-16,32,"Waynesville School","Ozone","Haywood",35.507224,-82.963625
"4182",2025-07-17,33,"Waynesville School","Ozone","Haywood",35.507224,-82.963625
"4183",2025-07-18,30,"Waynesville School","Ozone","Haywood",35.507224,-82.963625
"4184",2025-07-19,31,"Waynesville School","Ozone","Haywood",35.507224,-82.963625
"4185",2025-07-20,26,"Waynesville School","Ozone","Haywood",35.507224,-82.963625
"4186",2025-07-21,31,"Waynesville School","Ozone","Haywood",35.507224,-82.963625
"4187",2025-07-22,29,"Waynesville School","Ozone","Haywood",35.507224,-82.963625
"4188",2025-07-23,38,"Waynesville School","Ozone","Haywood",35.507224,-82.963625
"4189",2025-07-24,39,"Waynesville School","Ozone","Haywood",35.507224,-82.963625
"4190",2025-07-25,34,"Waynesville School","Ozone","Haywood",35.507224,-82.963625
"4191",2025-07-26,33,"Waynesville School","Ozone","Haywood",35.507224,-82.963625
"4192",2025-07-27,27,"Waynesville School","Ozone","Haywood",35.507224,-82.963625
"4193",2025-07-28,31,"Waynesville School","Ozone","Haywood",35.507224,-82.963625
"4194",2025-07-29,32,"Waynesville School","Ozone","Haywood",35.507224,-82.963625
"4195",2025-07-30,31,"Waynesville School","Ozone","Haywood",35.507224,-82.963625
"4196",2025-07-31,27,"Waynesville School","Ozone","Haywood",35.507224,-82.963625
"4197",2025-08-01,35,"Waynesville School","Ozone","Haywood",35.507224,-82.963625
"4198",2025-08-02,22,"Waynesville School","Ozone","Haywood",35.507224,-82.963625
"4199",2025-08-03,31,"Waynesville School","Ozone","Haywood",35.507224,-82.963625
"4200",2025-08-04,28,"Waynesville School","Ozone","Haywood",35.507224,-82.963625
"4201",2025-08-05,28,"Waynesville School","Ozone","Haywood",35.507224,-82.963625
"4202",2025-08-06,32,"Waynesville School","Ozone","Haywood",35.507224,-82.963625
"4203",2025-08-07,31,"Waynesville School","Ozone","Haywood",35.507224,-82.963625
"4204",2025-08-08,34,"Waynesville School","Ozone","Haywood",35.507224,-82.963625
"4205",2025-08-09,32,"Waynesville School","Ozone","Haywood",35.507224,-82.963625
"4206",2025-08-10,29,"Waynesville School","Ozone","Haywood",35.507224,-82.963625
"4207",2025-08-11,22,"Waynesville School","Ozone","Haywood",35.507224,-82.963625
"4208",2025-08-12,22,"Waynesville School","Ozone","Haywood",35.507224,-82.963625
"4209",2025-08-13,23,"Waynesville School","Ozone","Haywood",35.507224,-82.963625
"4210",2025-08-14,34,"Waynesville School","Ozone","Haywood",35.507224,-82.963625
"4211",2025-08-15,31,"Waynesville School","Ozone","Haywood",35.507224,-82.963625
"4212",2025-08-16,34,"Waynesville School","Ozone","Haywood",35.507224,-82.963625
"4213",2025-08-17,37,"Waynesville School","Ozone","Haywood",35.507224,-82.963625
"4214",2025-08-18,42,"Waynesville School","Ozone","Haywood",35.507224,-82.963625
"4215",2025-08-19,31,"Waynesville School","Ozone","Haywood",35.507224,-82.963625
"4216",2025-08-20,36,"Waynesville School","Ozone","Haywood",35.507224,-82.963625
"4217",2025-08-21,33,"Waynesville School","Ozone","Haywood",35.507224,-82.963625
"4218",2025-08-22,34,"Waynesville School","Ozone","Haywood",35.507224,-82.963625
"4219",2025-08-23,26,"Waynesville School","Ozone","Haywood",35.507224,-82.963625
"4220",2025-08-24,31,"Waynesville School","Ozone","Haywood",35.507224,-82.963625
"4221",2025-08-25,34,"Waynesville School","Ozone","Haywood",35.507224,-82.963625
"4222",2025-08-26,38,"Waynesville School","Ozone","Haywood",35.507224,-82.963625
"4223",2025-08-27,38,"Waynesville School","Ozone","Haywood",35.507224,-82.963625
"4224",2025-08-28,37,"Waynesville School","Ozone","Haywood",35.507224,-82.963625
"4225",2025-08-29,42,"Waynesville School","Ozone","Haywood",35.507224,-82.963625
"4226",2025-08-30,38,"Waynesville School","Ozone","Haywood",35.507224,-82.963625
"4227",2025-08-31,32,"Waynesville School","Ozone","Haywood",35.507224,-82.963625
"4228",2025-09-01,34,"Waynesville School","Ozone","Haywood",35.507224,-82.963625
"4229",2025-09-02,28,"Waynesville School","Ozone","Haywood",35.507224,-82.963625
"4230",2025-09-03,34,"Waynesville School","Ozone","Haywood",35.507224,-82.963625
"4231",2025-09-04,33,"Waynesville School","Ozone","Haywood",35.507224,-82.963625
"4232",2025-09-05,36,"Waynesville School","Ozone","Haywood",35.507224,-82.963625
"4233",2025-09-06,33,"Waynesville School","Ozone","Haywood",35.507224,-82.963625
"4234",2025-09-07,33,"Waynesville School","Ozone","Haywood",35.507224,-82.963625
"4235",2025-09-08,35,"Waynesville School","Ozone","Haywood",35.507224,-82.963625
"4236",2025-09-09,39,"Waynesville School","Ozone","Haywood",35.507224,-82.963625
"4237",2025-09-10,43,"Waynesville School","Ozone","Haywood",35.507224,-82.963625
"4238",2025-09-11,44,"Waynesville School","Ozone","Haywood",35.507224,-82.963625
"4239",2025-09-12,40,"Waynesville School","Ozone","Haywood",35.507224,-82.963625
"4240",2025-09-13,43,"Waynesville School","Ozone","Haywood",35.507224,-82.963625
"4241",2025-09-14,43,"Waynesville School","Ozone","Haywood",35.507224,-82.963625
"4242",2025-09-15,44,"Waynesville School","Ozone","Haywood",35.507224,-82.963625
"4243",2025-09-16,41,"Waynesville School","Ozone","Haywood",35.507224,-82.963625
"4244",2025-09-17,46,"Waynesville School","Ozone","Haywood",35.507224,-82.963625
"4245",2025-09-18,41,"Waynesville School","Ozone","Haywood",35.507224,-82.963625
"4246",2025-09-19,38,"Waynesville School","Ozone","Haywood",35.507224,-82.963625
"4247",2025-09-20,33,"Waynesville School","Ozone","Haywood",35.507224,-82.963625
"4248",2025-09-21,33,"Waynesville School","Ozone","Haywood",35.507224,-82.963625
"4249",2025-09-22,30,"Waynesville School","Ozone","Haywood",35.507224,-82.963625
"4250",2025-09-23,37,"Waynesville School","Ozone","Haywood",35.507224,-82.963625
"4251",2025-09-24,33,"Waynesville School","Ozone","Haywood",35.507224,-82.963625
"4252",2025-09-25,30,"Waynesville School","Ozone","Haywood",35.507224,-82.963625
"4253",2025-09-26,30,"Waynesville School","Ozone","Haywood",35.507224,-82.963625
"4254",2025-09-27,34,"Waynesville School","Ozone","Haywood",35.507224,-82.963625
"4255",2025-09-28,39,"Waynesville School","Ozone","Haywood",35.507224,-82.963625
"4256",2025-09-29,40,"Waynesville School","Ozone","Haywood",35.507224,-82.963625
"4257",2025-09-30,25,"Waynesville School","Ozone","Haywood",35.507224,-82.963625
"4258",2025-10-01,40,"Waynesville School","Ozone","Haywood",35.507224,-82.963625
"4259",2025-10-02,38,"Waynesville School","Ozone","Haywood",35.507224,-82.963625
"4260",2025-10-03,39,"Waynesville School","Ozone","Haywood",35.507224,-82.963625
"4261",2025-10-04,33,"Waynesville School","Ozone","Haywood",35.507224,-82.963625
"4262",2025-10-05,31,"Waynesville School","Ozone","Haywood",35.507224,-82.963625
"4263",2025-10-06,31,"Waynesville School","Ozone","Haywood",35.507224,-82.963625
"4264",2025-10-07,30,"Waynesville School","Ozone","Haywood",35.507224,-82.963625
"4265",2025-10-08,35,"Waynesville School","Ozone","Haywood",35.507224,-82.963625
"4266",2025-10-09,35,"Waynesville School","Ozone","Haywood",35.507224,-82.963625
"4267",2025-10-10,39,"Waynesville School","Ozone","Haywood",35.507224,-82.963625
"4268",2025-10-11,36,"Waynesville School","Ozone","Haywood",35.507224,-82.963625
"4269",2025-10-12,39,"Waynesville School","Ozone","Haywood",35.507224,-82.963625
"4270",2025-10-13,38,"Waynesville School","Ozone","Haywood",35.507224,-82.963625
"4271",2025-10-14,43,"Waynesville School","Ozone","Haywood",35.507224,-82.963625
"4272",2025-10-15,44,"Waynesville School","Ozone","Haywood",35.507224,-82.963625
"4273",2025-10-16,42,"Waynesville School","Ozone","Haywood",35.507224,-82.963625
"4274",2025-10-17,41,"Waynesville School","Ozone","Haywood",35.507224,-82.963625
"4275",2025-10-18,44,"Waynesville School","Ozone","Haywood",35.507224,-82.963625
"4276",2025-10-19,40,"Waynesville School","Ozone","Haywood",35.507224,-82.963625
"4277",2025-10-20,33,"Waynesville School","Ozone","Haywood",35.507224,-82.963625
"4278",2025-10-21,41,"Waynesville School","Ozone","Haywood",35.507224,-82.963625
"4279",2025-10-22,36,"Waynesville School","Ozone","Haywood",35.507224,-82.963625
"4280",2025-10-23,41,"Waynesville School","Ozone","Haywood",35.507224,-82.963625
"4281",2025-10-24,34,"Waynesville School","Ozone","Haywood",35.507224,-82.963625
"4282",2025-10-25,38,"Waynesville School","Ozone","Haywood",35.507224,-82.963625
"4283",2025-10-26,34,"Waynesville School","Ozone","Haywood",35.507224,-82.963625
"4284",2025-10-27,31,"Waynesville School","Ozone","Haywood",35.507224,-82.963625
"4285",2025-10-28,32,"Waynesville School","Ozone","Haywood",35.507224,-82.963625
"4286",2025-10-29,19,"Waynesville School","Ozone","Haywood",35.507224,-82.963625
"4287",2025-10-30,26,"Waynesville School","Ozone","Haywood",35.507224,-82.963625
"4288",2025-10-31,35,"Waynesville School","Ozone","Haywood",35.507224,-82.963625
"4289",2025-11-01,34,"Waynesville School","Ozone","Haywood",35.507224,-82.963625
"4290",2025-11-02,35,"Waynesville School","Ozone","Haywood",35.507224,-82.963625
"4291",2025-03-01,46,"Frying Pan Mountain","Ozone","Haywood",35.379167,-82.7925
"4292",2025-03-02,45,"Frying Pan Mountain","Ozone","Haywood",35.379167,-82.7925
"4293",2025-03-03,47,"Frying Pan Mountain","Ozone","Haywood",35.379167,-82.7925
"4294",2025-03-04,44,"Frying Pan Mountain","Ozone","Haywood",35.379167,-82.7925
"4295",2025-03-06,42,"Frying Pan Mountain","Ozone","Haywood",35.379167,-82.7925
"4296",2025-03-07,45,"Frying Pan Mountain","Ozone","Haywood",35.379167,-82.7925
"4297",2025-03-08,46,"Frying Pan Mountain","Ozone","Haywood",35.379167,-82.7925
"4298",2025-03-09,44,"Frying Pan Mountain","Ozone","Haywood",35.379167,-82.7925
"4299",2025-03-10,48,"Frying Pan Mountain","Ozone","Haywood",35.379167,-82.7925
"4300",2025-03-11,74,"Frying Pan Mountain","Ozone","Haywood",35.379167,-82.7925
"4301",2025-03-12,74,"Frying Pan Mountain","Ozone","Haywood",35.379167,-82.7925
"4302",2025-03-13,74,"Frying Pan Mountain","Ozone","Haywood",35.379167,-82.7925
"4303",2025-03-14,64,"Frying Pan Mountain","Ozone","Haywood",35.379167,-82.7925
"4304",2025-03-15,41,"Frying Pan Mountain","Ozone","Haywood",35.379167,-82.7925
"4305",2025-03-17,44,"Frying Pan Mountain","Ozone","Haywood",35.379167,-82.7925
"4306",2025-03-18,48,"Frying Pan Mountain","Ozone","Haywood",35.379167,-82.7925
"4307",2025-03-19,50,"Frying Pan Mountain","Ozone","Haywood",35.379167,-82.7925
"4308",2025-03-20,40,"Frying Pan Mountain","Ozone","Haywood",35.379167,-82.7925
"4309",2025-03-21,46,"Frying Pan Mountain","Ozone","Haywood",35.379167,-82.7925
"4310",2025-03-22,48,"Frying Pan Mountain","Ozone","Haywood",35.379167,-82.7925
"4311",2025-03-23,61,"Frying Pan Mountain","Ozone","Haywood",35.379167,-82.7925
"4312",2025-03-24,45,"Frying Pan Mountain","Ozone","Haywood",35.379167,-82.7925
"4313",2025-03-25,46,"Frying Pan Mountain","Ozone","Haywood",35.379167,-82.7925
"4314",2025-03-26,47,"Frying Pan Mountain","Ozone","Haywood",35.379167,-82.7925
"4315",2025-03-27,49,"Frying Pan Mountain","Ozone","Haywood",35.379167,-82.7925
"4316",2025-03-28,61,"Frying Pan Mountain","Ozone","Haywood",35.379167,-82.7925
"4317",2025-03-29,44,"Frying Pan Mountain","Ozone","Haywood",35.379167,-82.7925
"4318",2025-03-30,32,"Frying Pan Mountain","Ozone","Haywood",35.379167,-82.7925
"4319",2025-03-31,44,"Frying Pan Mountain","Ozone","Haywood",35.379167,-82.7925
"4320",2025-04-01,37,"Frying Pan Mountain","Ozone","Haywood",35.379167,-82.7925
"4321",2025-04-02,30,"Frying Pan Mountain","Ozone","Haywood",35.379167,-82.7925
"4322",2025-04-03,30,"Frying Pan Mountain","Ozone","Haywood",35.379167,-82.7925
"4323",2025-04-04,33,"Frying Pan Mountain","Ozone","Haywood",35.379167,-82.7925
"4324",2025-04-05,41,"Frying Pan Mountain","Ozone","Haywood",35.379167,-82.7925
"4325",2025-04-06,42,"Frying Pan Mountain","Ozone","Haywood",35.379167,-82.7925
"4326",2025-04-07,44,"Frying Pan Mountain","Ozone","Haywood",35.379167,-82.7925
"4327",2025-04-08,49,"Frying Pan Mountain","Ozone","Haywood",35.379167,-82.7925
"4328",2025-04-09,48,"Frying Pan Mountain","Ozone","Haywood",35.379167,-82.7925
"4329",2025-04-10,61,"Frying Pan Mountain","Ozone","Haywood",35.379167,-82.7925
"4330",2025-04-11,44,"Frying Pan Mountain","Ozone","Haywood",35.379167,-82.7925
"4331",2025-04-12,46,"Frying Pan Mountain","Ozone","Haywood",35.379167,-82.7925
"4332",2025-04-13,67,"Frying Pan Mountain","Ozone","Haywood",35.379167,-82.7925
"4333",2025-04-14,77,"Frying Pan Mountain","Ozone","Haywood",35.379167,-82.7925
"4334",2025-04-15,45,"Frying Pan Mountain","Ozone","Haywood",35.379167,-82.7925
"4335",2025-04-16,54,"Frying Pan Mountain","Ozone","Haywood",35.379167,-82.7925
"4336",2025-04-17,58,"Frying Pan Mountain","Ozone","Haywood",35.379167,-82.7925
"4337",2025-04-18,84,"Frying Pan Mountain","Ozone","Haywood",35.379167,-82.7925
"4338",2025-04-19,74,"Frying Pan Mountain","Ozone","Haywood",35.379167,-82.7925
"4339",2025-04-20,50,"Frying Pan Mountain","Ozone","Haywood",35.379167,-82.7925
"4340",2025-04-21,49,"Frying Pan Mountain","Ozone","Haywood",35.379167,-82.7925
"4341",2025-04-22,44,"Frying Pan Mountain","Ozone","Haywood",35.379167,-82.7925
"4342",2025-04-23,44,"Frying Pan Mountain","Ozone","Haywood",35.379167,-82.7925
"4343",2025-04-24,41,"Frying Pan Mountain","Ozone","Haywood",35.379167,-82.7925
"4344",2025-04-25,40,"Frying Pan Mountain","Ozone","Haywood",35.379167,-82.7925
"4345",2025-04-26,43,"Frying Pan Mountain","Ozone","Haywood",35.379167,-82.7925
"4346",2025-04-27,64,"Frying Pan Mountain","Ozone","Haywood",35.379167,-82.7925
"4347",2025-04-28,50,"Frying Pan Mountain","Ozone","Haywood",35.379167,-82.7925
"4348",2025-04-29,43,"Frying Pan Mountain","Ozone","Haywood",35.379167,-82.7925
"4349",2025-04-30,44,"Frying Pan Mountain","Ozone","Haywood",35.379167,-82.7925
"4350",2025-05-01,46,"Frying Pan Mountain","Ozone","Haywood",35.379167,-82.7925
"4351",2025-05-02,44,"Frying Pan Mountain","Ozone","Haywood",35.379167,-82.7925
"4352",2025-05-03,46,"Frying Pan Mountain","Ozone","Haywood",35.379167,-82.7925
"4353",2025-05-04,42,"Frying Pan Mountain","Ozone","Haywood",35.379167,-82.7925
"4354",2025-05-05,43,"Frying Pan Mountain","Ozone","Haywood",35.379167,-82.7925
"4355",2025-05-06,46,"Frying Pan Mountain","Ozone","Haywood",35.379167,-82.7925
"4356",2025-05-07,39,"Frying Pan Mountain","Ozone","Haywood",35.379167,-82.7925
"4357",2025-05-08,51,"Frying Pan Mountain","Ozone","Haywood",35.379167,-82.7925
"4358",2025-05-09,48,"Frying Pan Mountain","Ozone","Haywood",35.379167,-82.7925
"4359",2025-05-10,44,"Frying Pan Mountain","Ozone","Haywood",35.379167,-82.7925
"4360",2025-05-11,36,"Frying Pan Mountain","Ozone","Haywood",35.379167,-82.7925
"4361",2025-05-12,39,"Frying Pan Mountain","Ozone","Haywood",35.379167,-82.7925
"4362",2025-05-13,41,"Frying Pan Mountain","Ozone","Haywood",35.379167,-82.7925
"4363",2025-05-14,46,"Frying Pan Mountain","Ozone","Haywood",35.379167,-82.7925
"4364",2025-05-15,46,"Frying Pan Mountain","Ozone","Haywood",35.379167,-82.7925
"4365",2025-05-16,42,"Frying Pan Mountain","Ozone","Haywood",35.379167,-82.7925
"4366",2025-05-17,48,"Frying Pan Mountain","Ozone","Haywood",35.379167,-82.7925
"4367",2025-05-18,48,"Frying Pan Mountain","Ozone","Haywood",35.379167,-82.7925
"4368",2025-05-19,39,"Frying Pan Mountain","Ozone","Haywood",35.379167,-82.7925
"4369",2025-05-20,34,"Frying Pan Mountain","Ozone","Haywood",35.379167,-82.7925
"4370",2025-05-21,45,"Frying Pan Mountain","Ozone","Haywood",35.379167,-82.7925
"4371",2025-05-22,50,"Frying Pan Mountain","Ozone","Haywood",35.379167,-82.7925
"4372",2025-05-23,42,"Frying Pan Mountain","Ozone","Haywood",35.379167,-82.7925
"4373",2025-05-24,45,"Frying Pan Mountain","Ozone","Haywood",35.379167,-82.7925
"4374",2025-05-25,33,"Frying Pan Mountain","Ozone","Haywood",35.379167,-82.7925
"4375",2025-05-26,27,"Frying Pan Mountain","Ozone","Haywood",35.379167,-82.7925
"4376",2025-05-27,31,"Frying Pan Mountain","Ozone","Haywood",35.379167,-82.7925
"4377",2025-05-28,36,"Frying Pan Mountain","Ozone","Haywood",35.379167,-82.7925
"4378",2025-05-29,41,"Frying Pan Mountain","Ozone","Haywood",35.379167,-82.7925
"4379",2025-05-30,44,"Frying Pan Mountain","Ozone","Haywood",35.379167,-82.7925
"4380",2025-05-31,51,"Frying Pan Mountain","Ozone","Haywood",35.379167,-82.7925
"4381",2025-06-01,47,"Frying Pan Mountain","Ozone","Haywood",35.379167,-82.7925
"4382",2025-06-02,44,"Frying Pan Mountain","Ozone","Haywood",35.379167,-82.7925
"4383",2025-06-03,49,"Frying Pan Mountain","Ozone","Haywood",35.379167,-82.7925
"4384",2025-06-04,44,"Frying Pan Mountain","Ozone","Haywood",35.379167,-82.7925
"4385",2025-06-05,40,"Frying Pan Mountain","Ozone","Haywood",35.379167,-82.7925
"4386",2025-06-06,36,"Frying Pan Mountain","Ozone","Haywood",35.379167,-82.7925
"4387",2025-06-07,43,"Frying Pan Mountain","Ozone","Haywood",35.379167,-82.7925
"4388",2025-06-08,42,"Frying Pan Mountain","Ozone","Haywood",35.379167,-82.7925
"4389",2025-06-09,42,"Frying Pan Mountain","Ozone","Haywood",35.379167,-82.7925
"4390",2025-06-10,49,"Frying Pan Mountain","Ozone","Haywood",35.379167,-82.7925
"4391",2025-06-11,42,"Frying Pan Mountain","Ozone","Haywood",35.379167,-82.7925
"4392",2025-06-12,31,"Frying Pan Mountain","Ozone","Haywood",35.379167,-82.7925
"4393",2025-06-13,23,"Frying Pan Mountain","Ozone","Haywood",35.379167,-82.7925
"4394",2025-06-14,31,"Frying Pan Mountain","Ozone","Haywood",35.379167,-82.7925
"4395",2025-06-15,31,"Frying Pan Mountain","Ozone","Haywood",35.379167,-82.7925
"4396",2025-06-16,29,"Frying Pan Mountain","Ozone","Haywood",35.379167,-82.7925
"4397",2025-06-17,39,"Frying Pan Mountain","Ozone","Haywood",35.379167,-82.7925
"4398",2025-06-18,30,"Frying Pan Mountain","Ozone","Haywood",35.379167,-82.7925
"4399",2025-06-19,44,"Frying Pan Mountain","Ozone","Haywood",35.379167,-82.7925
"4400",2025-06-20,34,"Frying Pan Mountain","Ozone","Haywood",35.379167,-82.7925
"4401",2025-06-21,44,"Frying Pan Mountain","Ozone","Haywood",35.379167,-82.7925
"4402",2025-06-22,48,"Frying Pan Mountain","Ozone","Haywood",35.379167,-82.7925
"4403",2025-06-23,43,"Frying Pan Mountain","Ozone","Haywood",35.379167,-82.7925
"4404",2025-06-24,41,"Frying Pan Mountain","Ozone","Haywood",35.379167,-82.7925
"4405",2025-06-25,43,"Frying Pan Mountain","Ozone","Haywood",35.379167,-82.7925
"4406",2025-06-26,44,"Frying Pan Mountain","Ozone","Haywood",35.379167,-82.7925
"4407",2025-06-27,44,"Frying Pan Mountain","Ozone","Haywood",35.379167,-82.7925
"4408",2025-06-28,40,"Frying Pan Mountain","Ozone","Haywood",35.379167,-82.7925
"4409",2025-06-29,37,"Frying Pan Mountain","Ozone","Haywood",35.379167,-82.7925
"4410",2025-06-30,33,"Frying Pan Mountain","Ozone","Haywood",35.379167,-82.7925
"4411",2025-07-01,30,"Frying Pan Mountain","Ozone","Haywood",35.379167,-82.7925
"4412",2025-07-02,44,"Frying Pan Mountain","Ozone","Haywood",35.379167,-82.7925
"4413",2025-07-03,51,"Frying Pan Mountain","Ozone","Haywood",35.379167,-82.7925
"4414",2025-07-04,43,"Frying Pan Mountain","Ozone","Haywood",35.379167,-82.7925
"4415",2025-07-05,45,"Frying Pan Mountain","Ozone","Haywood",35.379167,-82.7925
"4416",2025-07-06,41,"Frying Pan Mountain","Ozone","Haywood",35.379167,-82.7925
"4417",2025-07-07,36,"Frying Pan Mountain","Ozone","Haywood",35.379167,-82.7925
"4418",2025-07-08,36,"Frying Pan Mountain","Ozone","Haywood",35.379167,-82.7925
"4419",2025-07-09,35,"Frying Pan Mountain","Ozone","Haywood",35.379167,-82.7925
"4420",2025-07-10,33,"Frying Pan Mountain","Ozone","Haywood",35.379167,-82.7925
"4421",2025-07-11,36,"Frying Pan Mountain","Ozone","Haywood",35.379167,-82.7925
"4422",2025-07-12,34,"Frying Pan Mountain","Ozone","Haywood",35.379167,-82.7925
"4423",2025-07-13,29,"Frying Pan Mountain","Ozone","Haywood",35.379167,-82.7925
"4424",2025-07-14,29,"Frying Pan Mountain","Ozone","Haywood",35.379167,-82.7925
"4425",2025-07-15,24,"Frying Pan Mountain","Ozone","Haywood",35.379167,-82.7925
"4426",2025-07-16,32,"Frying Pan Mountain","Ozone","Haywood",35.379167,-82.7925
"4427",2025-07-17,35,"Frying Pan Mountain","Ozone","Haywood",35.379167,-82.7925
"4428",2025-07-18,32,"Frying Pan Mountain","Ozone","Haywood",35.379167,-82.7925
"4429",2025-07-19,28,"Frying Pan Mountain","Ozone","Haywood",35.379167,-82.7925
"4430",2025-07-20,29,"Frying Pan Mountain","Ozone","Haywood",35.379167,-82.7925
"4431",2025-07-21,31,"Frying Pan Mountain","Ozone","Haywood",35.379167,-82.7925
"4432",2025-07-22,30,"Frying Pan Mountain","Ozone","Haywood",35.379167,-82.7925
"4433",2025-07-23,39,"Frying Pan Mountain","Ozone","Haywood",35.379167,-82.7925
"4434",2025-07-24,32,"Frying Pan Mountain","Ozone","Haywood",35.379167,-82.7925
"4435",2025-07-25,31,"Frying Pan Mountain","Ozone","Haywood",35.379167,-82.7925
"4436",2025-07-26,30,"Frying Pan Mountain","Ozone","Haywood",35.379167,-82.7925
"4437",2025-07-27,27,"Frying Pan Mountain","Ozone","Haywood",35.379167,-82.7925
"4438",2025-07-28,32,"Frying Pan Mountain","Ozone","Haywood",35.379167,-82.7925
"4439",2025-07-29,31,"Frying Pan Mountain","Ozone","Haywood",35.379167,-82.7925
"4440",2025-07-30,34,"Frying Pan Mountain","Ozone","Haywood",35.379167,-82.7925
"4441",2025-07-31,33,"Frying Pan Mountain","Ozone","Haywood",35.379167,-82.7925
"4442",2025-08-01,37,"Frying Pan Mountain","Ozone","Haywood",35.379167,-82.7925
"4443",2025-08-02,26,"Frying Pan Mountain","Ozone","Haywood",35.379167,-82.7925
"4444",2025-08-03,34,"Frying Pan Mountain","Ozone","Haywood",35.379167,-82.7925
"4445",2025-08-04,35,"Frying Pan Mountain","Ozone","Haywood",35.379167,-82.7925
"4446",2025-08-05,29,"Frying Pan Mountain","Ozone","Haywood",35.379167,-82.7925
"4447",2025-08-06,26,"Frying Pan Mountain","Ozone","Haywood",35.379167,-82.7925
"4448",2025-08-07,29,"Frying Pan Mountain","Ozone","Haywood",35.379167,-82.7925
"4449",2025-08-08,30,"Frying Pan Mountain","Ozone","Haywood",35.379167,-82.7925
"4450",2025-08-09,30,"Frying Pan Mountain","Ozone","Haywood",35.379167,-82.7925
"4451",2025-08-10,25,"Frying Pan Mountain","Ozone","Haywood",35.379167,-82.7925
"4452",2025-08-11,19,"Frying Pan Mountain","Ozone","Haywood",35.379167,-82.7925
"4453",2025-08-12,23,"Frying Pan Mountain","Ozone","Haywood",35.379167,-82.7925
"4454",2025-08-13,23,"Frying Pan Mountain","Ozone","Haywood",35.379167,-82.7925
"4455",2025-08-14,35,"Frying Pan Mountain","Ozone","Haywood",35.379167,-82.7925
"4456",2025-08-15,43,"Frying Pan Mountain","Ozone","Haywood",35.379167,-82.7925
"4457",2025-08-16,39,"Frying Pan Mountain","Ozone","Haywood",35.379167,-82.7925
"4458",2025-08-17,42,"Frying Pan Mountain","Ozone","Haywood",35.379167,-82.7925
"4459",2025-08-18,38,"Frying Pan Mountain","Ozone","Haywood",35.379167,-82.7925
"4460",2025-08-19,36,"Frying Pan Mountain","Ozone","Haywood",35.379167,-82.7925
"4461",2025-08-20,36,"Frying Pan Mountain","Ozone","Haywood",35.379167,-82.7925
"4462",2025-08-21,32,"Frying Pan Mountain","Ozone","Haywood",35.379167,-82.7925
"4463",2025-08-22,27,"Frying Pan Mountain","Ozone","Haywood",35.379167,-82.7925
"4464",2025-08-23,34,"Frying Pan Mountain","Ozone","Haywood",35.379167,-82.7925
"4465",2025-08-24,31,"Frying Pan Mountain","Ozone","Haywood",35.379167,-82.7925
"4466",2025-08-25,31,"Frying Pan Mountain","Ozone","Haywood",35.379167,-82.7925
"4467",2025-08-26,34,"Frying Pan Mountain","Ozone","Haywood",35.379167,-82.7925
"4468",2025-08-27,34,"Frying Pan Mountain","Ozone","Haywood",35.379167,-82.7925
"4469",2025-08-28,45,"Frying Pan Mountain","Ozone","Haywood",35.379167,-82.7925
"4470",2025-08-29,44,"Frying Pan Mountain","Ozone","Haywood",35.379167,-82.7925
"4471",2025-08-30,41,"Frying Pan Mountain","Ozone","Haywood",35.379167,-82.7925
"4472",2025-08-31,31,"Frying Pan Mountain","Ozone","Haywood",35.379167,-82.7925
"4473",2025-09-01,39,"Frying Pan Mountain","Ozone","Haywood",35.379167,-82.7925
"4474",2025-09-02,35,"Frying Pan Mountain","Ozone","Haywood",35.379167,-82.7925
"4475",2025-09-03,36,"Frying Pan Mountain","Ozone","Haywood",35.379167,-82.7925
"4476",2025-09-04,36,"Frying Pan Mountain","Ozone","Haywood",35.379167,-82.7925
"4477",2025-09-05,41,"Frying Pan Mountain","Ozone","Haywood",35.379167,-82.7925
"4478",2025-09-06,44,"Frying Pan Mountain","Ozone","Haywood",35.379167,-82.7925
"4479",2025-09-07,33,"Frying Pan Mountain","Ozone","Haywood",35.379167,-82.7925
"4480",2025-09-08,38,"Frying Pan Mountain","Ozone","Haywood",35.379167,-82.7925
"4481",2025-09-09,39,"Frying Pan Mountain","Ozone","Haywood",35.379167,-82.7925
"4482",2025-09-10,42,"Frying Pan Mountain","Ozone","Haywood",35.379167,-82.7925
"4483",2025-09-11,47,"Frying Pan Mountain","Ozone","Haywood",35.379167,-82.7925
"4484",2025-09-12,49,"Frying Pan Mountain","Ozone","Haywood",35.379167,-82.7925
"4485",2025-09-13,48,"Frying Pan Mountain","Ozone","Haywood",35.379167,-82.7925
"4486",2025-09-14,47,"Frying Pan Mountain","Ozone","Haywood",35.379167,-82.7925
"4487",2025-09-15,45,"Frying Pan Mountain","Ozone","Haywood",35.379167,-82.7925
"4488",2025-09-16,44,"Frying Pan Mountain","Ozone","Haywood",35.379167,-82.7925
"4489",2025-09-17,44,"Frying Pan Mountain","Ozone","Haywood",35.379167,-82.7925
"4490",2025-09-18,44,"Frying Pan Mountain","Ozone","Haywood",35.379167,-82.7925
"4491",2025-09-19,51,"Frying Pan Mountain","Ozone","Haywood",35.379167,-82.7925
"4492",2025-09-20,50,"Frying Pan Mountain","Ozone","Haywood",35.379167,-82.7925
"4493",2025-09-21,37,"Frying Pan Mountain","Ozone","Haywood",35.379167,-82.7925
"4494",2025-09-22,38,"Frying Pan Mountain","Ozone","Haywood",35.379167,-82.7925
"4495",2025-09-23,36,"Frying Pan Mountain","Ozone","Haywood",35.379167,-82.7925
"4496",2025-09-24,37,"Frying Pan Mountain","Ozone","Haywood",35.379167,-82.7925
"4497",2025-09-25,32,"Frying Pan Mountain","Ozone","Haywood",35.379167,-82.7925
"4498",2025-09-26,30,"Frying Pan Mountain","Ozone","Haywood",35.379167,-82.7925
"4499",2025-09-27,35,"Frying Pan Mountain","Ozone","Haywood",35.379167,-82.7925
"4500",2025-09-28,38,"Frying Pan Mountain","Ozone","Haywood",35.379167,-82.7925
"4501",2025-09-29,36,"Frying Pan Mountain","Ozone","Haywood",35.379167,-82.7925
"4502",2025-09-30,39,"Frying Pan Mountain","Ozone","Haywood",35.379167,-82.7925
"4503",2025-10-01,45,"Frying Pan Mountain","Ozone","Haywood",35.379167,-82.7925
"4504",2025-10-02,40,"Frying Pan Mountain","Ozone","Haywood",35.379167,-82.7925
"4505",2025-10-03,44,"Frying Pan Mountain","Ozone","Haywood",35.379167,-82.7925
"4506",2025-10-04,36,"Frying Pan Mountain","Ozone","Haywood",35.379167,-82.7925
"4507",2025-10-05,28,"Frying Pan Mountain","Ozone","Haywood",35.379167,-82.7925
"4508",2025-10-06,26,"Frying Pan Mountain","Ozone","Haywood",35.379167,-82.7925
"4509",2025-10-07,24,"Frying Pan Mountain","Ozone","Haywood",35.379167,-82.7925
"4510",2025-10-08,32,"Frying Pan Mountain","Ozone","Haywood",35.379167,-82.7925
"4511",2025-10-09,37,"Frying Pan Mountain","Ozone","Haywood",35.379167,-82.7925
"4512",2025-10-10,38,"Frying Pan Mountain","Ozone","Haywood",35.379167,-82.7925
"4513",2025-10-11,39,"Frying Pan Mountain","Ozone","Haywood",35.379167,-82.7925
"4514",2025-10-12,37,"Frying Pan Mountain","Ozone","Haywood",35.379167,-82.7925
"4515",2025-10-13,39,"Frying Pan Mountain","Ozone","Haywood",35.379167,-82.7925
"4516",2025-10-14,43,"Frying Pan Mountain","Ozone","Haywood",35.379167,-82.7925
"4517",2025-10-15,44,"Frying Pan Mountain","Ozone","Haywood",35.379167,-82.7925
"4518",2025-10-16,43,"Frying Pan Mountain","Ozone","Haywood",35.379167,-82.7925
"4519",2025-10-17,43,"Frying Pan Mountain","Ozone","Haywood",35.379167,-82.7925
"4520",2025-10-18,43,"Frying Pan Mountain","Ozone","Haywood",35.379167,-82.7925
"4521",2025-10-19,37,"Frying Pan Mountain","Ozone","Haywood",35.379167,-82.7925
"4522",2025-10-20,48,"Frying Pan Mountain","Ozone","Haywood",35.379167,-82.7925
"4523",2025-10-21,45,"Frying Pan Mountain","Ozone","Haywood",35.379167,-82.7925
"4524",2025-10-22,39,"Frying Pan Mountain","Ozone","Haywood",35.379167,-82.7925
"4525",2025-10-23,41,"Frying Pan Mountain","Ozone","Haywood",35.379167,-82.7925
"4526",2025-10-24,37,"Frying Pan Mountain","Ozone","Haywood",35.379167,-82.7925
"4527",2025-10-25,39,"Frying Pan Mountain","Ozone","Haywood",35.379167,-82.7925
"4528",2025-10-26,36,"Frying Pan Mountain","Ozone","Haywood",35.379167,-82.7925
"4529",2025-10-27,36,"Frying Pan Mountain","Ozone","Haywood",35.379167,-82.7925
"4530",2025-10-28,38,"Frying Pan Mountain","Ozone","Haywood",35.379167,-82.7925
"4531",2025-10-29,24,"Frying Pan Mountain","Ozone","Haywood",35.379167,-82.7925
"4532",2025-10-30,30,"Frying Pan Mountain","Ozone","Haywood",35.379167,-82.7925
"4533",2025-10-31,34,"Frying Pan Mountain","Ozone","Haywood",35.379167,-82.7925
"4534",2025-11-01,36,"Frying Pan Mountain","Ozone","Haywood",35.379167,-82.7925
"4535",2025-11-02,38,"Frying Pan Mountain","Ozone","Haywood",35.379167,-82.7925
"4536",2025-03-01,46,"Purchase Knob","Ozone","Haywood",35.587144,-83.074156
"4537",2025-03-02,44,"Purchase Knob","Ozone","Haywood",35.587144,-83.074156
"4538",2025-03-03,47,"Purchase Knob","Ozone","Haywood",35.587144,-83.074156
"4539",2025-03-04,45,"Purchase Knob","Ozone","Haywood",35.587144,-83.074156
"4540",2025-03-05,41,"Purchase Knob","Ozone","Haywood",35.587144,-83.074156
"4541",2025-03-06,44,"Purchase Knob","Ozone","Haywood",35.587144,-83.074156
"4542",2025-03-07,44,"Purchase Knob","Ozone","Haywood",35.587144,-83.074156
"4543",2025-03-08,45,"Purchase Knob","Ozone","Haywood",35.587144,-83.074156
"4544",2025-03-09,43,"Purchase Knob","Ozone","Haywood",35.587144,-83.074156
"4545",2025-03-10,48,"Purchase Knob","Ozone","Haywood",35.587144,-83.074156
"4546",2025-03-11,67,"Purchase Knob","Ozone","Haywood",35.587144,-83.074156
"4547",2025-03-12,74,"Purchase Knob","Ozone","Haywood",35.587144,-83.074156
"4548",2025-03-13,71,"Purchase Knob","Ozone","Haywood",35.587144,-83.074156
"4549",2025-03-14,61,"Purchase Knob","Ozone","Haywood",35.587144,-83.074156
"4550",2025-03-16,42,"Purchase Knob","Ozone","Haywood",35.587144,-83.074156
"4551",2025-03-17,46,"Purchase Knob","Ozone","Haywood",35.587144,-83.074156
"4552",2025-03-18,48,"Purchase Knob","Ozone","Haywood",35.587144,-83.074156
"4553",2025-03-19,47,"Purchase Knob","Ozone","Haywood",35.587144,-83.074156
"4554",2025-03-20,38,"Purchase Knob","Ozone","Haywood",35.587144,-83.074156
"4555",2025-03-21,45,"Purchase Knob","Ozone","Haywood",35.587144,-83.074156
"4556",2025-03-22,48,"Purchase Knob","Ozone","Haywood",35.587144,-83.074156
"4557",2025-03-23,64,"Purchase Knob","Ozone","Haywood",35.587144,-83.074156
"4558",2025-03-24,46,"Purchase Knob","Ozone","Haywood",35.587144,-83.074156
"4559",2025-03-25,47,"Purchase Knob","Ozone","Haywood",35.587144,-83.074156
"4560",2025-03-26,48,"Purchase Knob","Ozone","Haywood",35.587144,-83.074156
"4561",2025-03-27,49,"Purchase Knob","Ozone","Haywood",35.587144,-83.074156
"4562",2025-03-28,54,"Purchase Knob","Ozone","Haywood",35.587144,-83.074156
"4563",2025-03-29,45,"Purchase Knob","Ozone","Haywood",35.587144,-83.074156
"4564",2025-03-30,35,"Purchase Knob","Ozone","Haywood",35.587144,-83.074156
"4565",2025-03-31,43,"Purchase Knob","Ozone","Haywood",35.587144,-83.074156
"4566",2025-04-01,41,"Purchase Knob","Ozone","Haywood",35.587144,-83.074156
"4567",2025-04-02,33,"Purchase Knob","Ozone","Haywood",35.587144,-83.074156
"4568",2025-04-03,35,"Purchase Knob","Ozone","Haywood",35.587144,-83.074156
"4569",2025-04-04,37,"Purchase Knob","Ozone","Haywood",35.587144,-83.074156
"4570",2025-04-05,45,"Purchase Knob","Ozone","Haywood",35.587144,-83.074156
"4571",2025-04-06,42,"Purchase Knob","Ozone","Haywood",35.587144,-83.074156
"4572",2025-04-07,46,"Purchase Knob","Ozone","Haywood",35.587144,-83.074156
"4573",2025-04-08,47,"Purchase Knob","Ozone","Haywood",35.587144,-83.074156
"4574",2025-04-09,50,"Purchase Knob","Ozone","Haywood",35.587144,-83.074156
"4575",2025-04-10,50,"Purchase Knob","Ozone","Haywood",35.587144,-83.074156
"4576",2025-04-11,44,"Purchase Knob","Ozone","Haywood",35.587144,-83.074156
"4577",2025-04-12,47,"Purchase Knob","Ozone","Haywood",35.587144,-83.074156
"4578",2025-04-13,50,"Purchase Knob","Ozone","Haywood",35.587144,-83.074156
"4579",2025-04-15,44,"Purchase Knob","Ozone","Haywood",35.587144,-83.074156
"4580",2025-04-16,58,"Purchase Knob","Ozone","Haywood",35.587144,-83.074156
"4581",2025-04-17,61,"Purchase Knob","Ozone","Haywood",35.587144,-83.074156
"4582",2025-04-18,84,"Purchase Knob","Ozone","Haywood",35.587144,-83.074156
"4583",2025-04-19,64,"Purchase Knob","Ozone","Haywood",35.587144,-83.074156
"4584",2025-04-20,54,"Purchase Knob","Ozone","Haywood",35.587144,-83.074156
"4585",2025-04-22,40,"Purchase Knob","Ozone","Haywood",35.587144,-83.074156
"4586",2025-04-23,44,"Purchase Knob","Ozone","Haywood",35.587144,-83.074156
"4587",2025-04-24,40,"Purchase Knob","Ozone","Haywood",35.587144,-83.074156
"4588",2025-04-25,37,"Purchase Knob","Ozone","Haywood",35.587144,-83.074156
"4589",2025-04-26,44,"Purchase Knob","Ozone","Haywood",35.587144,-83.074156
"4590",2025-04-27,48,"Purchase Knob","Ozone","Haywood",35.587144,-83.074156
"4591",2025-04-28,49,"Purchase Knob","Ozone","Haywood",35.587144,-83.074156
"4592",2025-04-29,46,"Purchase Knob","Ozone","Haywood",35.587144,-83.074156
"4593",2025-04-30,39,"Purchase Knob","Ozone","Haywood",35.587144,-83.074156
"4594",2025-05-01,43,"Purchase Knob","Ozone","Haywood",35.587144,-83.074156
"4595",2025-05-02,42,"Purchase Knob","Ozone","Haywood",35.587144,-83.074156
"4596",2025-05-03,43,"Purchase Knob","Ozone","Haywood",35.587144,-83.074156
"4597",2025-05-04,42,"Purchase Knob","Ozone","Haywood",35.587144,-83.074156
"4598",2025-05-05,42,"Purchase Knob","Ozone","Haywood",35.587144,-83.074156
"4599",2025-05-06,48,"Purchase Knob","Ozone","Haywood",35.587144,-83.074156
"4600",2025-05-07,39,"Purchase Knob","Ozone","Haywood",35.587144,-83.074156
"4601",2025-05-08,51,"Purchase Knob","Ozone","Haywood",35.587144,-83.074156
"4602",2025-05-09,48,"Purchase Knob","Ozone","Haywood",35.587144,-83.074156
"4603",2025-05-10,45,"Purchase Knob","Ozone","Haywood",35.587144,-83.074156
"4604",2025-05-11,41,"Purchase Knob","Ozone","Haywood",35.587144,-83.074156
"4605",2025-05-12,36,"Purchase Knob","Ozone","Haywood",35.587144,-83.074156
"4606",2025-05-13,43,"Purchase Knob","Ozone","Haywood",35.587144,-83.074156
"4607",2025-05-14,41,"Purchase Knob","Ozone","Haywood",35.587144,-83.074156
"4608",2025-05-15,44,"Purchase Knob","Ozone","Haywood",35.587144,-83.074156
"4609",2025-05-16,42,"Purchase Knob","Ozone","Haywood",35.587144,-83.074156
"4610",2025-05-17,54,"Purchase Knob","Ozone","Haywood",35.587144,-83.074156
"4611",2025-05-18,58,"Purchase Knob","Ozone","Haywood",35.587144,-83.074156
"4612",2025-05-19,36,"Purchase Knob","Ozone","Haywood",35.587144,-83.074156
"4613",2025-05-20,32,"Purchase Knob","Ozone","Haywood",35.587144,-83.074156
"4614",2025-05-21,49,"Purchase Knob","Ozone","Haywood",35.587144,-83.074156
"4615",2025-05-22,54,"Purchase Knob","Ozone","Haywood",35.587144,-83.074156
"4616",2025-05-23,43,"Purchase Knob","Ozone","Haywood",35.587144,-83.074156
"4617",2025-05-24,45,"Purchase Knob","Ozone","Haywood",35.587144,-83.074156
"4618",2025-05-25,33,"Purchase Knob","Ozone","Haywood",35.587144,-83.074156
"4619",2025-05-26,30,"Purchase Knob","Ozone","Haywood",35.587144,-83.074156
"4620",2025-05-27,24,"Purchase Knob","Ozone","Haywood",35.587144,-83.074156
"4621",2025-05-28,34,"Purchase Knob","Ozone","Haywood",35.587144,-83.074156
"4622",2025-05-29,41,"Purchase Knob","Ozone","Haywood",35.587144,-83.074156
"4623",2025-05-30,48,"Purchase Knob","Ozone","Haywood",35.587144,-83.074156
"4624",2025-05-31,64,"Purchase Knob","Ozone","Haywood",35.587144,-83.074156
"4625",2025-06-01,49,"Purchase Knob","Ozone","Haywood",35.587144,-83.074156
"4626",2025-06-02,47,"Purchase Knob","Ozone","Haywood",35.587144,-83.074156
"4627",2025-06-03,64,"Purchase Knob","Ozone","Haywood",35.587144,-83.074156
"4628",2025-06-04,50,"Purchase Knob","Ozone","Haywood",35.587144,-83.074156
"4629",2025-06-05,47,"Purchase Knob","Ozone","Haywood",35.587144,-83.074156
"4630",2025-06-06,37,"Purchase Knob","Ozone","Haywood",35.587144,-83.074156
"4631",2025-06-07,39,"Purchase Knob","Ozone","Haywood",35.587144,-83.074156
"4632",2025-06-08,45,"Purchase Knob","Ozone","Haywood",35.587144,-83.074156
"4633",2025-06-09,42,"Purchase Knob","Ozone","Haywood",35.587144,-83.074156
"4634",2025-06-10,48,"Purchase Knob","Ozone","Haywood",35.587144,-83.074156
"4635",2025-06-11,45,"Purchase Knob","Ozone","Haywood",35.587144,-83.074156
"4636",2025-06-12,34,"Purchase Knob","Ozone","Haywood",35.587144,-83.074156
"4637",2025-06-13,26,"Purchase Knob","Ozone","Haywood",35.587144,-83.074156
"4638",2025-06-14,29,"Purchase Knob","Ozone","Haywood",35.587144,-83.074156
"4639",2025-06-15,29,"Purchase Knob","Ozone","Haywood",35.587144,-83.074156
"4640",2025-06-16,30,"Purchase Knob","Ozone","Haywood",35.587144,-83.074156
"4641",2025-06-17,34,"Purchase Knob","Ozone","Haywood",35.587144,-83.074156
"4642",2025-06-18,28,"Purchase Knob","Ozone","Haywood",35.587144,-83.074156
"4643",2025-06-19,44,"Purchase Knob","Ozone","Haywood",35.587144,-83.074156
"4644",2025-06-20,41,"Purchase Knob","Ozone","Haywood",35.587144,-83.074156
"4645",2025-06-21,42,"Purchase Knob","Ozone","Haywood",35.587144,-83.074156
"4646",2025-06-22,44,"Purchase Knob","Ozone","Haywood",35.587144,-83.074156
"4647",2025-06-23,41,"Purchase Knob","Ozone","Haywood",35.587144,-83.074156
"4648",2025-06-24,43,"Purchase Knob","Ozone","Haywood",35.587144,-83.074156
"4649",2025-06-25,44,"Purchase Knob","Ozone","Haywood",35.587144,-83.074156
"4650",2025-06-26,38,"Purchase Knob","Ozone","Haywood",35.587144,-83.074156
"4651",2025-06-27,45,"Purchase Knob","Ozone","Haywood",35.587144,-83.074156
"4652",2025-06-28,44,"Purchase Knob","Ozone","Haywood",35.587144,-83.074156
"4653",2025-06-29,37,"Purchase Knob","Ozone","Haywood",35.587144,-83.074156
"4654",2025-06-30,31,"Purchase Knob","Ozone","Haywood",35.587144,-83.074156
"4655",2025-07-01,31,"Purchase Knob","Ozone","Haywood",35.587144,-83.074156
"4656",2025-07-02,47,"Purchase Knob","Ozone","Haywood",35.587144,-83.074156
"4657",2025-07-03,64,"Purchase Knob","Ozone","Haywood",35.587144,-83.074156
"4658",2025-07-04,48,"Purchase Knob","Ozone","Haywood",35.587144,-83.074156
"4659",2025-07-05,44,"Purchase Knob","Ozone","Haywood",35.587144,-83.074156
"4660",2025-07-06,44,"Purchase Knob","Ozone","Haywood",35.587144,-83.074156
"4661",2025-07-07,37,"Purchase Knob","Ozone","Haywood",35.587144,-83.074156
"4662",2025-07-08,32,"Purchase Knob","Ozone","Haywood",35.587144,-83.074156
"4663",2025-07-09,34,"Purchase Knob","Ozone","Haywood",35.587144,-83.074156
"4664",2025-07-10,31,"Purchase Knob","Ozone","Haywood",35.587144,-83.074156
"4665",2025-07-11,32,"Purchase Knob","Ozone","Haywood",35.587144,-83.074156
"4666",2025-07-12,32,"Purchase Knob","Ozone","Haywood",35.587144,-83.074156
"4667",2025-07-13,31,"Purchase Knob","Ozone","Haywood",35.587144,-83.074156
"4668",2025-07-14,32,"Purchase Knob","Ozone","Haywood",35.587144,-83.074156
"4669",2025-07-15,28,"Purchase Knob","Ozone","Haywood",35.587144,-83.074156
"4670",2025-07-16,30,"Purchase Knob","Ozone","Haywood",35.587144,-83.074156
"4671",2025-07-17,31,"Purchase Knob","Ozone","Haywood",35.587144,-83.074156
"4672",2025-07-18,31,"Purchase Knob","Ozone","Haywood",35.587144,-83.074156
"4673",2025-07-19,31,"Purchase Knob","Ozone","Haywood",35.587144,-83.074156
"4674",2025-07-20,31,"Purchase Knob","Ozone","Haywood",35.587144,-83.074156
"4675",2025-07-21,33,"Purchase Knob","Ozone","Haywood",35.587144,-83.074156
"4676",2025-07-22,33,"Purchase Knob","Ozone","Haywood",35.587144,-83.074156
"4677",2025-07-23,49,"Purchase Knob","Ozone","Haywood",35.587144,-83.074156
"4678",2025-07-24,42,"Purchase Knob","Ozone","Haywood",35.587144,-83.074156
"4679",2025-07-25,32,"Purchase Knob","Ozone","Haywood",35.587144,-83.074156
"4680",2025-07-26,30,"Purchase Knob","Ozone","Haywood",35.587144,-83.074156
"4681",2025-07-27,27,"Purchase Knob","Ozone","Haywood",35.587144,-83.074156
"4682",2025-07-28,35,"Purchase Knob","Ozone","Haywood",35.587144,-83.074156
"4683",2025-07-29,39,"Purchase Knob","Ozone","Haywood",35.587144,-83.074156
"4684",2025-07-30,34,"Purchase Knob","Ozone","Haywood",35.587144,-83.074156
"4685",2025-07-31,39,"Purchase Knob","Ozone","Haywood",35.587144,-83.074156
"4686",2025-08-01,34,"Purchase Knob","Ozone","Haywood",35.587144,-83.074156
"4687",2025-08-02,30,"Purchase Knob","Ozone","Haywood",35.587144,-83.074156
"4688",2025-08-03,35,"Purchase Knob","Ozone","Haywood",35.587144,-83.074156
"4689",2025-08-04,33,"Purchase Knob","Ozone","Haywood",35.587144,-83.074156
"4690",2025-08-05,29,"Purchase Knob","Ozone","Haywood",35.587144,-83.074156
"4691",2025-08-06,33,"Purchase Knob","Ozone","Haywood",35.587144,-83.074156
"4692",2025-08-07,32,"Purchase Knob","Ozone","Haywood",35.587144,-83.074156
"4693",2025-08-08,33,"Purchase Knob","Ozone","Haywood",35.587144,-83.074156
"4694",2025-08-09,33,"Purchase Knob","Ozone","Haywood",35.587144,-83.074156
"4695",2025-08-10,31,"Purchase Knob","Ozone","Haywood",35.587144,-83.074156
"4696",2025-08-11,21,"Purchase Knob","Ozone","Haywood",35.587144,-83.074156
"4697",2025-08-12,19,"Purchase Knob","Ozone","Haywood",35.587144,-83.074156
"4698",2025-08-13,19,"Purchase Knob","Ozone","Haywood",35.587144,-83.074156
"4699",2025-08-14,36,"Purchase Knob","Ozone","Haywood",35.587144,-83.074156
"4700",2025-08-15,43,"Purchase Knob","Ozone","Haywood",35.587144,-83.074156
"4701",2025-08-16,48,"Purchase Knob","Ozone","Haywood",35.587144,-83.074156
"4702",2025-08-17,44,"Purchase Knob","Ozone","Haywood",35.587144,-83.074156
"4703",2025-08-18,43,"Purchase Knob","Ozone","Haywood",35.587144,-83.074156
"4704",2025-08-19,39,"Purchase Knob","Ozone","Haywood",35.587144,-83.074156
"4705",2025-08-20,44,"Purchase Knob","Ozone","Haywood",35.587144,-83.074156
"4706",2025-08-21,35,"Purchase Knob","Ozone","Haywood",35.587144,-83.074156
"4707",2025-08-22,35,"Purchase Knob","Ozone","Haywood",35.587144,-83.074156
"4708",2025-08-23,28,"Purchase Knob","Ozone","Haywood",35.587144,-83.074156
"4709",2025-08-24,35,"Purchase Knob","Ozone","Haywood",35.587144,-83.074156
"4710",2025-08-25,34,"Purchase Knob","Ozone","Haywood",35.587144,-83.074156
"4711",2025-08-26,37,"Purchase Knob","Ozone","Haywood",35.587144,-83.074156
"4712",2025-08-27,43,"Purchase Knob","Ozone","Haywood",35.587144,-83.074156
"4713",2025-08-28,46,"Purchase Knob","Ozone","Haywood",35.587144,-83.074156
"4714",2025-08-29,46,"Purchase Knob","Ozone","Haywood",35.587144,-83.074156
"4715",2025-08-30,44,"Purchase Knob","Ozone","Haywood",35.587144,-83.074156
"4716",2025-08-31,34,"Purchase Knob","Ozone","Haywood",35.587144,-83.074156
"4717",2025-09-01,36,"Purchase Knob","Ozone","Haywood",35.587144,-83.074156
"4718",2025-09-02,32,"Purchase Knob","Ozone","Haywood",35.587144,-83.074156
"4719",2025-09-03,32,"Purchase Knob","Ozone","Haywood",35.587144,-83.074156
"4720",2025-09-04,32,"Purchase Knob","Ozone","Haywood",35.587144,-83.074156
"4721",2025-09-05,36,"Purchase Knob","Ozone","Haywood",35.587144,-83.074156
"4722",2025-09-06,39,"Purchase Knob","Ozone","Haywood",35.587144,-83.074156
"4723",2025-09-07,34,"Purchase Knob","Ozone","Haywood",35.587144,-83.074156
"4724",2025-09-08,37,"Purchase Knob","Ozone","Haywood",35.587144,-83.074156
"4725",2025-09-09,40,"Purchase Knob","Ozone","Haywood",35.587144,-83.074156
"4726",2025-09-10,46,"Purchase Knob","Ozone","Haywood",35.587144,-83.074156
"4727",2025-09-11,50,"Purchase Knob","Ozone","Haywood",35.587144,-83.074156
"4728",2025-09-12,50,"Purchase Knob","Ozone","Haywood",35.587144,-83.074156
"4729",2025-09-13,58,"Purchase Knob","Ozone","Haywood",35.587144,-83.074156
"4730",2025-09-14,51,"Purchase Knob","Ozone","Haywood",35.587144,-83.074156
"4731",2025-09-15,50,"Purchase Knob","Ozone","Haywood",35.587144,-83.074156
"4732",2025-09-16,50,"Purchase Knob","Ozone","Haywood",35.587144,-83.074156
"4733",2025-09-17,48,"Purchase Knob","Ozone","Haywood",35.587144,-83.074156
"4734",2025-09-18,49,"Purchase Knob","Ozone","Haywood",35.587144,-83.074156
"4735",2025-09-19,46,"Purchase Knob","Ozone","Haywood",35.587144,-83.074156
"4736",2025-09-20,44,"Purchase Knob","Ozone","Haywood",35.587144,-83.074156
"4737",2025-09-21,43,"Purchase Knob","Ozone","Haywood",35.587144,-83.074156
"4738",2025-09-22,37,"Purchase Knob","Ozone","Haywood",35.587144,-83.074156
"4739",2025-09-23,37,"Purchase Knob","Ozone","Haywood",35.587144,-83.074156
"4740",2025-09-24,32,"Purchase Knob","Ozone","Haywood",35.587144,-83.074156
"4741",2025-09-25,31,"Purchase Knob","Ozone","Haywood",35.587144,-83.074156
"4742",2025-09-26,35,"Purchase Knob","Ozone","Haywood",35.587144,-83.074156
"4743",2025-09-27,41,"Purchase Knob","Ozone","Haywood",35.587144,-83.074156
"4744",2025-09-28,40,"Purchase Knob","Ozone","Haywood",35.587144,-83.074156
"4745",2025-09-29,42,"Purchase Knob","Ozone","Haywood",35.587144,-83.074156
"4746",2025-09-30,37,"Purchase Knob","Ozone","Haywood",35.587144,-83.074156
"4747",2025-10-01,42,"Purchase Knob","Ozone","Haywood",35.587144,-83.074156
"4748",2025-10-02,42,"Purchase Knob","Ozone","Haywood",35.587144,-83.074156
"4749",2025-10-03,44,"Purchase Knob","Ozone","Haywood",35.587144,-83.074156
"4750",2025-10-04,40,"Purchase Knob","Ozone","Haywood",35.587144,-83.074156
"4751",2025-10-05,31,"Purchase Knob","Ozone","Haywood",35.587144,-83.074156
"4752",2025-10-06,31,"Purchase Knob","Ozone","Haywood",35.587144,-83.074156
"4753",2025-10-07,28,"Purchase Knob","Ozone","Haywood",35.587144,-83.074156
"4754",2025-10-08,35,"Purchase Knob","Ozone","Haywood",35.587144,-83.074156
"4755",2025-10-09,37,"Purchase Knob","Ozone","Haywood",35.587144,-83.074156
"4756",2025-10-10,42,"Purchase Knob","Ozone","Haywood",35.587144,-83.074156
"4757",2025-10-11,43,"Purchase Knob","Ozone","Haywood",35.587144,-83.074156
"4758",2025-10-12,41,"Purchase Knob","Ozone","Haywood",35.587144,-83.074156
"4759",2025-10-13,43,"Purchase Knob","Ozone","Haywood",35.587144,-83.074156
"4760",2025-10-14,45,"Purchase Knob","Ozone","Haywood",35.587144,-83.074156
"4761",2025-10-15,47,"Purchase Knob","Ozone","Haywood",35.587144,-83.074156
"4762",2025-10-16,45,"Purchase Knob","Ozone","Haywood",35.587144,-83.074156
"4763",2025-10-17,44,"Purchase Knob","Ozone","Haywood",35.587144,-83.074156
"4764",2025-10-18,46,"Purchase Knob","Ozone","Haywood",35.587144,-83.074156
"4765",2025-10-19,39,"Purchase Knob","Ozone","Haywood",35.587144,-83.074156
"4766",2025-10-20,44,"Purchase Knob","Ozone","Haywood",35.587144,-83.074156
"4767",2025-10-21,43,"Purchase Knob","Ozone","Haywood",35.587144,-83.074156
"4768",2025-10-22,42,"Purchase Knob","Ozone","Haywood",35.587144,-83.074156
"4769",2025-10-23,44,"Purchase Knob","Ozone","Haywood",35.587144,-83.074156
"4770",2025-10-24,40,"Purchase Knob","Ozone","Haywood",35.587144,-83.074156
"4771",2025-10-25,41,"Purchase Knob","Ozone","Haywood",35.587144,-83.074156
"4772",2025-10-26,38,"Purchase Knob","Ozone","Haywood",35.587144,-83.074156
"4773",2025-10-27,39,"Purchase Knob","Ozone","Haywood",35.587144,-83.074156
"4774",2025-10-28,37,"Purchase Knob","Ozone","Haywood",35.587144,-83.074156
"4775",2025-10-29,29,"Purchase Knob","Ozone","Haywood",35.587144,-83.074156
"4776",2025-10-30,33,"Purchase Knob","Ozone","Haywood",35.587144,-83.074156
"4777",2025-10-31,37,"Purchase Knob","Ozone","Haywood",35.587144,-83.074156
"4778",2025-11-01,37,"Purchase Knob","Ozone","Haywood",35.587144,-83.074156
"4779",2025-11-02,39,"Purchase Knob","Ozone","Haywood",35.587144,-83.074156
"4780",2025-03-06,36,"West Johnston Co.","Ozone","Johnston",35.59095,-78.4622
"4781",2025-03-07,40,"West Johnston Co.","Ozone","Johnston",35.59095,-78.4622
"4782",2025-03-08,47,"West Johnston Co.","Ozone","Johnston",35.59095,-78.4622
"4783",2025-03-09,43,"West Johnston Co.","Ozone","Johnston",35.59095,-78.4622
"4784",2025-03-10,41,"West Johnston Co.","Ozone","Johnston",35.59095,-78.4622
"4785",2025-03-11,51,"West Johnston Co.","Ozone","Johnston",35.59095,-78.4622
"4786",2025-03-12,84,"West Johnston Co.","Ozone","Johnston",35.59095,-78.4622
"4787",2025-03-13,64,"West Johnston Co.","Ozone","Johnston",35.59095,-78.4622
"4788",2025-03-14,31,"West Johnston Co.","Ozone","Johnston",35.59095,-78.4622
"4789",2025-03-15,40,"West Johnston Co.","Ozone","Johnston",35.59095,-78.4622
"4790",2025-03-16,32,"West Johnston Co.","Ozone","Johnston",35.59095,-78.4622
"4791",2025-03-17,31,"West Johnston Co.","Ozone","Johnston",35.59095,-78.4622
"4792",2025-03-18,44,"West Johnston Co.","Ozone","Johnston",35.59095,-78.4622
"4793",2025-03-19,64,"West Johnston Co.","Ozone","Johnston",35.59095,-78.4622
"4794",2025-03-20,44,"West Johnston Co.","Ozone","Johnston",35.59095,-78.4622
"4795",2025-03-21,43,"West Johnston Co.","Ozone","Johnston",35.59095,-78.4622
"4796",2025-03-22,51,"West Johnston Co.","Ozone","Johnston",35.59095,-78.4622
"4797",2025-03-23,46,"West Johnston Co.","Ozone","Johnston",35.59095,-78.4622
"4798",2025-03-24,44,"West Johnston Co.","Ozone","Johnston",35.59095,-78.4622
"4799",2025-03-25,50,"West Johnston Co.","Ozone","Johnston",35.59095,-78.4622
"4800",2025-03-26,46,"West Johnston Co.","Ozone","Johnston",35.59095,-78.4622
"4801",2025-03-27,50,"West Johnston Co.","Ozone","Johnston",35.59095,-78.4622
"4802",2025-03-28,64,"West Johnston Co.","Ozone","Johnston",35.59095,-78.4622
"4803",2025-03-29,44,"West Johnston Co.","Ozone","Johnston",35.59095,-78.4622
"4804",2025-03-30,40,"West Johnston Co.","Ozone","Johnston",35.59095,-78.4622
"4805",2025-03-31,32,"West Johnston Co.","Ozone","Johnston",35.59095,-78.4622
"4806",2025-04-01,34,"West Johnston Co.","Ozone","Johnston",35.59095,-78.4622
"4807",2025-04-02,39,"West Johnston Co.","Ozone","Johnston",35.59095,-78.4622
"4808",2025-04-03,31,"West Johnston Co.","Ozone","Johnston",35.59095,-78.4622
"4809",2025-04-04,32,"West Johnston Co.","Ozone","Johnston",35.59095,-78.4622
"4810",2025-04-05,32,"West Johnston Co.","Ozone","Johnston",35.59095,-78.4622
"4811",2025-04-06,35,"West Johnston Co.","Ozone","Johnston",35.59095,-78.4622
"4812",2025-04-07,26,"West Johnston Co.","Ozone","Johnston",35.59095,-78.4622
"4813",2025-04-08,48,"West Johnston Co.","Ozone","Johnston",35.59095,-78.4622
"4814",2025-04-09,46,"West Johnston Co.","Ozone","Johnston",35.59095,-78.4622
"4815",2025-04-10,48,"West Johnston Co.","Ozone","Johnston",35.59095,-78.4622
"4816",2025-04-11,42,"West Johnston Co.","Ozone","Johnston",35.59095,-78.4622
"4817",2025-04-12,33,"West Johnston Co.","Ozone","Johnston",35.59095,-78.4622
"4818",2025-04-13,45,"West Johnston Co.","Ozone","Johnston",35.59095,-78.4622
"4819",2025-04-14,50,"West Johnston Co.","Ozone","Johnston",35.59095,-78.4622
"4820",2025-04-15,48,"West Johnston Co.","Ozone","Johnston",35.59095,-78.4622
"4821",2025-04-16,48,"West Johnston Co.","Ozone","Johnston",35.59095,-78.4622
"4822",2025-04-17,54,"West Johnston Co.","Ozone","Johnston",35.59095,-78.4622
"4823",2025-04-18,61,"West Johnston Co.","Ozone","Johnston",35.59095,-78.4622
"4824",2025-04-19,45,"West Johnston Co.","Ozone","Johnston",35.59095,-78.4622
"4825",2025-04-20,37,"West Johnston Co.","Ozone","Johnston",35.59095,-78.4622
"4826",2025-04-21,49,"West Johnston Co.","Ozone","Johnston",35.59095,-78.4622
"4827",2025-04-22,40,"West Johnston Co.","Ozone","Johnston",35.59095,-78.4622
"4828",2025-04-23,41,"West Johnston Co.","Ozone","Johnston",35.59095,-78.4622
"4829",2025-04-24,51,"West Johnston Co.","Ozone","Johnston",35.59095,-78.4622
"4830",2025-04-25,44,"West Johnston Co.","Ozone","Johnston",35.59095,-78.4622
"4831",2025-04-26,37,"West Johnston Co.","Ozone","Johnston",35.59095,-78.4622
"4832",2025-04-27,44,"West Johnston Co.","Ozone","Johnston",35.59095,-78.4622
"4833",2025-04-28,50,"West Johnston Co.","Ozone","Johnston",35.59095,-78.4622
"4834",2025-04-29,51,"West Johnston Co.","Ozone","Johnston",35.59095,-78.4622
"4835",2025-05-01,47,"West Johnston Co.","Ozone","Johnston",35.59095,-78.4622
"4836",2025-05-02,44,"West Johnston Co.","Ozone","Johnston",35.59095,-78.4622
"4837",2025-05-03,39,"West Johnston Co.","Ozone","Johnston",35.59095,-78.4622
"4838",2025-05-04,35,"West Johnston Co.","Ozone","Johnston",35.59095,-78.4622
"4839",2025-05-05,36,"West Johnston Co.","Ozone","Johnston",35.59095,-78.4622
"4840",2025-05-06,45,"West Johnston Co.","Ozone","Johnston",35.59095,-78.4622
"4841",2025-05-07,45,"West Johnston Co.","Ozone","Johnston",35.59095,-78.4622
"4842",2025-05-08,43,"West Johnston Co.","Ozone","Johnston",35.59095,-78.4622
"4843",2025-05-09,48,"West Johnston Co.","Ozone","Johnston",35.59095,-78.4622
"4844",2025-05-10,42,"West Johnston Co.","Ozone","Johnston",35.59095,-78.4622
"4845",2025-05-11,27,"West Johnston Co.","Ozone","Johnston",35.59095,-78.4622
"4846",2025-05-12,28,"West Johnston Co.","Ozone","Johnston",35.59095,-78.4622
"4847",2025-05-13,29,"West Johnston Co.","Ozone","Johnston",35.59095,-78.4622
"4848",2025-05-14,36,"West Johnston Co.","Ozone","Johnston",35.59095,-78.4622
"4849",2025-05-15,42,"West Johnston Co.","Ozone","Johnston",35.59095,-78.4622
"4850",2025-05-16,39,"West Johnston Co.","Ozone","Johnston",35.59095,-78.4622
"4851",2025-05-17,43,"West Johnston Co.","Ozone","Johnston",35.59095,-78.4622
"4852",2025-05-18,45,"West Johnston Co.","Ozone","Johnston",35.59095,-78.4622
"4853",2025-05-19,50,"West Johnston Co.","Ozone","Johnston",35.59095,-78.4622
"4854",2025-05-22,46,"West Johnston Co.","Ozone","Johnston",35.59095,-78.4622
"4855",2025-05-23,42,"West Johnston Co.","Ozone","Johnston",35.59095,-78.4622
"4856",2025-05-24,44,"West Johnston Co.","Ozone","Johnston",35.59095,-78.4622
"4857",2025-05-25,39,"West Johnston Co.","Ozone","Johnston",35.59095,-78.4622
"4858",2025-05-26,32,"West Johnston Co.","Ozone","Johnston",35.59095,-78.4622
"4859",2025-05-27,29,"West Johnston Co.","Ozone","Johnston",35.59095,-78.4622
"4860",2025-05-28,24,"West Johnston Co.","Ozone","Johnston",35.59095,-78.4622
"4861",2025-05-29,25,"West Johnston Co.","Ozone","Johnston",35.59095,-78.4622
"4862",2025-05-30,35,"West Johnston Co.","Ozone","Johnston",35.59095,-78.4622
"4863",2025-05-31,45,"West Johnston Co.","Ozone","Johnston",35.59095,-78.4622
"4864",2025-06-01,45,"West Johnston Co.","Ozone","Johnston",35.59095,-78.4622
"4865",2025-06-02,45,"West Johnston Co.","Ozone","Johnston",35.59095,-78.4622
"4866",2025-06-03,50,"West Johnston Co.","Ozone","Johnston",35.59095,-78.4622
"4867",2025-06-04,50,"West Johnston Co.","Ozone","Johnston",35.59095,-78.4622
"4868",2025-06-05,21,"West Johnston Co.","Ozone","Johnston",35.59095,-78.4622
"4869",2025-06-06,40,"West Johnston Co.","Ozone","Johnston",35.59095,-78.4622
"4870",2025-06-07,35,"West Johnston Co.","Ozone","Johnston",35.59095,-78.4622
"4871",2025-06-08,31,"West Johnston Co.","Ozone","Johnston",35.59095,-78.4622
"4872",2025-06-09,43,"West Johnston Co.","Ozone","Johnston",35.59095,-78.4622
"4873",2025-06-10,31,"West Johnston Co.","Ozone","Johnston",35.59095,-78.4622
"4874",2025-06-12,40,"West Johnston Co.","Ozone","Johnston",35.59095,-78.4622
"4875",2025-06-13,24,"West Johnston Co.","Ozone","Johnston",35.59095,-78.4622
"4876",2025-06-14,29,"West Johnston Co.","Ozone","Johnston",35.59095,-78.4622
"4877",2025-06-15,28,"West Johnston Co.","Ozone","Johnston",35.59095,-78.4622
"4878",2025-06-16,32,"West Johnston Co.","Ozone","Johnston",35.59095,-78.4622
"4879",2025-06-17,28,"West Johnston Co.","Ozone","Johnston",35.59095,-78.4622
"4880",2025-06-18,32,"West Johnston Co.","Ozone","Johnston",35.59095,-78.4622
"4881",2025-06-19,36,"West Johnston Co.","Ozone","Johnston",35.59095,-78.4622
"4882",2025-06-20,46,"West Johnston Co.","Ozone","Johnston",35.59095,-78.4622
"4883",2025-06-21,47,"West Johnston Co.","Ozone","Johnston",35.59095,-78.4622
"4884",2025-06-22,43,"West Johnston Co.","Ozone","Johnston",35.59095,-78.4622
"4885",2025-06-23,64,"West Johnston Co.","Ozone","Johnston",35.59095,-78.4622
"4886",2025-06-26,67,"West Johnston Co.","Ozone","Johnston",35.59095,-78.4622
"4887",2025-06-27,47,"West Johnston Co.","Ozone","Johnston",35.59095,-78.4622
"4888",2025-06-28,39,"West Johnston Co.","Ozone","Johnston",35.59095,-78.4622
"4889",2025-06-29,39,"West Johnston Co.","Ozone","Johnston",35.59095,-78.4622
"4890",2025-06-30,34,"West Johnston Co.","Ozone","Johnston",35.59095,-78.4622
"4891",2025-07-01,36,"West Johnston Co.","Ozone","Johnston",35.59095,-78.4622
"4892",2025-07-02,24,"West Johnston Co.","Ozone","Johnston",35.59095,-78.4622
"4893",2025-07-03,40,"West Johnston Co.","Ozone","Johnston",35.59095,-78.4622
"4894",2025-07-04,51,"West Johnston Co.","Ozone","Johnston",35.59095,-78.4622
"4895",2025-07-05,45,"West Johnston Co.","Ozone","Johnston",35.59095,-78.4622
"4896",2025-07-10,35,"West Johnston Co.","Ozone","Johnston",35.59095,-78.4622
"4897",2025-07-11,35,"West Johnston Co.","Ozone","Johnston",35.59095,-78.4622
"4898",2025-07-12,36,"West Johnston Co.","Ozone","Johnston",35.59095,-78.4622
"4899",2025-07-13,32,"West Johnston Co.","Ozone","Johnston",35.59095,-78.4622
"4900",2025-07-14,36,"West Johnston Co.","Ozone","Johnston",35.59095,-78.4622
"4901",2025-07-15,31,"West Johnston Co.","Ozone","Johnston",35.59095,-78.4622
"4902",2025-07-17,27,"West Johnston Co.","Ozone","Johnston",35.59095,-78.4622
"4903",2025-07-18,35,"West Johnston Co.","Ozone","Johnston",35.59095,-78.4622
"4904",2025-07-19,34,"West Johnston Co.","Ozone","Johnston",35.59095,-78.4622
"4905",2025-07-20,33,"West Johnston Co.","Ozone","Johnston",35.59095,-78.4622
"4906",2025-07-21,44,"West Johnston Co.","Ozone","Johnston",35.59095,-78.4622
"4907",2025-07-22,44,"West Johnston Co.","Ozone","Johnston",35.59095,-78.4622
"4908",2025-07-23,39,"West Johnston Co.","Ozone","Johnston",35.59095,-78.4622
"4909",2025-07-24,39,"West Johnston Co.","Ozone","Johnston",35.59095,-78.4622
"4910",2025-07-25,39,"West Johnston Co.","Ozone","Johnston",35.59095,-78.4622
"4911",2025-07-26,46,"West Johnston Co.","Ozone","Johnston",35.59095,-78.4622
"4912",2025-07-27,44,"West Johnston Co.","Ozone","Johnston",35.59095,-78.4622
"4913",2025-07-28,43,"West Johnston Co.","Ozone","Johnston",35.59095,-78.4622
"4914",2025-07-29,42,"West Johnston Co.","Ozone","Johnston",35.59095,-78.4622
"4915",2025-07-30,38,"West Johnston Co.","Ozone","Johnston",35.59095,-78.4622
"4916",2025-07-31,41,"West Johnston Co.","Ozone","Johnston",35.59095,-78.4622
"4917",2025-08-01,31,"West Johnston Co.","Ozone","Johnston",35.59095,-78.4622
"4918",2025-08-02,30,"West Johnston Co.","Ozone","Johnston",35.59095,-78.4622
"4919",2025-08-03,37,"West Johnston Co.","Ozone","Johnston",35.59095,-78.4622
"4920",2025-08-04,42,"West Johnston Co.","Ozone","Johnston",35.59095,-78.4622
"4921",2025-08-05,30,"West Johnston Co.","Ozone","Johnston",35.59095,-78.4622
"4922",2025-08-06,29,"West Johnston Co.","Ozone","Johnston",35.59095,-78.4622
"4923",2025-08-07,27,"West Johnston Co.","Ozone","Johnston",35.59095,-78.4622
"4924",2025-08-08,27,"West Johnston Co.","Ozone","Johnston",35.59095,-78.4622
"4925",2025-08-09,31,"West Johnston Co.","Ozone","Johnston",35.59095,-78.4622
"4926",2025-08-10,27,"West Johnston Co.","Ozone","Johnston",35.59095,-78.4622
"4927",2025-08-11,21,"West Johnston Co.","Ozone","Johnston",35.59095,-78.4622
"4928",2025-08-12,19,"West Johnston Co.","Ozone","Johnston",35.59095,-78.4622
"4929",2025-08-13,36,"West Johnston Co.","Ozone","Johnston",35.59095,-78.4622
"4930",2025-08-14,31,"West Johnston Co.","Ozone","Johnston",35.59095,-78.4622
"4931",2025-08-15,43,"West Johnston Co.","Ozone","Johnston",35.59095,-78.4622
"4932",2025-08-16,32,"West Johnston Co.","Ozone","Johnston",35.59095,-78.4622
"4933",2025-08-17,40,"West Johnston Co.","Ozone","Johnston",35.59095,-78.4622
"4934",2025-08-18,39,"West Johnston Co.","Ozone","Johnston",35.59095,-78.4622
"4935",2025-08-19,25,"West Johnston Co.","Ozone","Johnston",35.59095,-78.4622
"4936",2025-08-20,24,"West Johnston Co.","Ozone","Johnston",35.59095,-78.4622
"4937",2025-08-21,25,"West Johnston Co.","Ozone","Johnston",35.59095,-78.4622
"4938",2025-08-22,30,"West Johnston Co.","Ozone","Johnston",35.59095,-78.4622
"4939",2025-08-23,33,"West Johnston Co.","Ozone","Johnston",35.59095,-78.4622
"4940",2025-08-24,26,"West Johnston Co.","Ozone","Johnston",35.59095,-78.4622
"4941",2025-08-25,43,"West Johnston Co.","Ozone","Johnston",35.59095,-78.4622
"4942",2025-08-26,33,"West Johnston Co.","Ozone","Johnston",35.59095,-78.4622
"4943",2025-08-27,40,"West Johnston Co.","Ozone","Johnston",35.59095,-78.4622
"4944",2025-08-28,42,"West Johnston Co.","Ozone","Johnston",35.59095,-78.4622
"4945",2025-08-29,46,"West Johnston Co.","Ozone","Johnston",35.59095,-78.4622
"4946",2025-08-30,42,"West Johnston Co.","Ozone","Johnston",35.59095,-78.4622
"4947",2025-08-31,38,"West Johnston Co.","Ozone","Johnston",35.59095,-78.4622
"4948",2025-09-01,33,"West Johnston Co.","Ozone","Johnston",35.59095,-78.4622
"4949",2025-09-02,35,"West Johnston Co.","Ozone","Johnston",35.59095,-78.4622
"4950",2025-09-03,42,"West Johnston Co.","Ozone","Johnston",35.59095,-78.4622
"4951",2025-09-04,47,"West Johnston Co.","Ozone","Johnston",35.59095,-78.4622
"4952",2025-09-05,43,"West Johnston Co.","Ozone","Johnston",35.59095,-78.4622
"4953",2025-09-06,40,"West Johnston Co.","Ozone","Johnston",35.59095,-78.4622
"4954",2025-09-07,21,"West Johnston Co.","Ozone","Johnston",35.59095,-78.4622
"4955",2025-09-08,38,"West Johnston Co.","Ozone","Johnston",35.59095,-78.4622
"4956",2025-09-09,31,"West Johnston Co.","Ozone","Johnston",35.59095,-78.4622
"4957",2025-09-10,20,"West Johnston Co.","Ozone","Johnston",35.59095,-78.4622
"4958",2025-09-11,24,"West Johnston Co.","Ozone","Johnston",35.59095,-78.4622
"4959",2025-09-12,41,"West Johnston Co.","Ozone","Johnston",35.59095,-78.4622
"4960",2025-09-13,42,"West Johnston Co.","Ozone","Johnston",35.59095,-78.4622
"4961",2025-09-14,41,"West Johnston Co.","Ozone","Johnston",35.59095,-78.4622
"4962",2025-09-15,41,"West Johnston Co.","Ozone","Johnston",35.59095,-78.4622
"4963",2025-09-16,37,"West Johnston Co.","Ozone","Johnston",35.59095,-78.4622
"4964",2025-09-17,35,"West Johnston Co.","Ozone","Johnston",35.59095,-78.4622
"4965",2025-09-18,41,"West Johnston Co.","Ozone","Johnston",35.59095,-78.4622
"4966",2025-09-19,49,"West Johnston Co.","Ozone","Johnston",35.59095,-78.4622
"4967",2025-09-20,49,"West Johnston Co.","Ozone","Johnston",35.59095,-78.4622
"4968",2025-09-21,43,"West Johnston Co.","Ozone","Johnston",35.59095,-78.4622
"4969",2025-09-22,41,"West Johnston Co.","Ozone","Johnston",35.59095,-78.4622
"4970",2025-09-23,45,"West Johnston Co.","Ozone","Johnston",35.59095,-78.4622
"4971",2025-09-24,44,"West Johnston Co.","Ozone","Johnston",35.59095,-78.4622
"4972",2025-09-26,31,"West Johnston Co.","Ozone","Johnston",35.59095,-78.4622
"4973",2025-09-27,24,"West Johnston Co.","Ozone","Johnston",35.59095,-78.4622
"4974",2025-09-28,33,"West Johnston Co.","Ozone","Johnston",35.59095,-78.4622
"4975",2025-09-29,24,"West Johnston Co.","Ozone","Johnston",35.59095,-78.4622
"4976",2025-09-30,31,"West Johnston Co.","Ozone","Johnston",35.59095,-78.4622
"4977",2025-10-01,31,"West Johnston Co.","Ozone","Johnston",35.59095,-78.4622
"4978",2025-10-02,30,"West Johnston Co.","Ozone","Johnston",35.59095,-78.4622
"4979",2025-10-03,33,"West Johnston Co.","Ozone","Johnston",35.59095,-78.4622
"4980",2025-10-04,33,"West Johnston Co.","Ozone","Johnston",35.59095,-78.4622
"4981",2025-10-05,31,"West Johnston Co.","Ozone","Johnston",35.59095,-78.4622
"4982",2025-10-06,35,"West Johnston Co.","Ozone","Johnston",35.59095,-78.4622
"4983",2025-10-07,31,"West Johnston Co.","Ozone","Johnston",35.59095,-78.4622
"4984",2025-10-08,28,"West Johnston Co.","Ozone","Johnston",35.59095,-78.4622
"4985",2025-10-09,35,"West Johnston Co.","Ozone","Johnston",35.59095,-78.4622
"4986",2025-10-10,34,"West Johnston Co.","Ozone","Johnston",35.59095,-78.4622
"4987",2025-10-11,24,"West Johnston Co.","Ozone","Johnston",35.59095,-78.4622
"4988",2025-10-12,29,"West Johnston Co.","Ozone","Johnston",35.59095,-78.4622
"4989",2025-10-13,25,"West Johnston Co.","Ozone","Johnston",35.59095,-78.4622
"4990",2025-10-14,22,"West Johnston Co.","Ozone","Johnston",35.59095,-78.4622
"4991",2025-10-15,35,"West Johnston Co.","Ozone","Johnston",35.59095,-78.4622
"4992",2025-10-16,34,"West Johnston Co.","Ozone","Johnston",35.59095,-78.4622
"4993",2025-10-17,36,"West Johnston Co.","Ozone","Johnston",35.59095,-78.4622
"4994",2025-10-18,39,"West Johnston Co.","Ozone","Johnston",35.59095,-78.4622
"4995",2025-10-19,41,"West Johnston Co.","Ozone","Johnston",35.59095,-78.4622
"4996",2025-10-20,34,"West Johnston Co.","Ozone","Johnston",35.59095,-78.4622
"4997",2025-10-21,44,"West Johnston Co.","Ozone","Johnston",35.59095,-78.4622
"4998",2025-10-22,42,"West Johnston Co.","Ozone","Johnston",35.59095,-78.4622
"4999",2025-10-23,38,"West Johnston Co.","Ozone","Johnston",35.59095,-78.4622
"5000",2025-10-24,37,"West Johnston Co.","Ozone","Johnston",35.59095,-78.4622
"5001",2025-10-25,31,"West Johnston Co.","Ozone","Johnston",35.59095,-78.4622
"5002",2025-10-26,31,"West Johnston Co.","Ozone","Johnston",35.59095,-78.4622
"5003",2025-10-27,35,"West Johnston Co.","Ozone","Johnston",35.59095,-78.4622
"5004",2025-10-28,29,"West Johnston Co.","Ozone","Johnston",35.59095,-78.4622
"5005",2025-10-29,16,"West Johnston Co.","Ozone","Johnston",35.59095,-78.4622
"5006",2025-10-30,24,"West Johnston Co.","Ozone","Johnston",35.59095,-78.4622
"5007",2025-10-31,34,"West Johnston Co.","Ozone","Johnston",35.59095,-78.4622
"5008",2025-11-01,34,"West Johnston Co.","Ozone","Johnston",35.59095,-78.4622
"5009",2025-11-02,33,"West Johnston Co.","Ozone","Johnston",35.59095,-78.4622
"5010",2025-03-01,49,"Lenoir Co. Comm. Coll.","Ozone","Lenoir",35.2318,-77.5669
"5011",2025-03-02,39,"Lenoir Co. Comm. Coll.","Ozone","Lenoir",35.2318,-77.5669
"5012",2025-03-03,43,"Lenoir Co. Comm. Coll.","Ozone","Lenoir",35.2318,-77.5669
"5013",2025-03-04,43,"Lenoir Co. Comm. Coll.","Ozone","Lenoir",35.2318,-77.5669
"5014",2025-03-05,39,"Lenoir Co. Comm. Coll.","Ozone","Lenoir",35.2318,-77.5669
"5015",2025-03-06,33,"Lenoir Co. Comm. Coll.","Ozone","Lenoir",35.2318,-77.5669
"5016",2025-03-07,38,"Lenoir Co. Comm. Coll.","Ozone","Lenoir",35.2318,-77.5669
"5017",2025-03-08,47,"Lenoir Co. Comm. Coll.","Ozone","Lenoir",35.2318,-77.5669
"5018",2025-03-09,39,"Lenoir Co. Comm. Coll.","Ozone","Lenoir",35.2318,-77.5669
"5019",2025-03-10,38,"Lenoir Co. Comm. Coll.","Ozone","Lenoir",35.2318,-77.5669
"5020",2025-03-11,45,"Lenoir Co. Comm. Coll.","Ozone","Lenoir",35.2318,-77.5669
"5021",2025-03-12,71,"Lenoir Co. Comm. Coll.","Ozone","Lenoir",35.2318,-77.5669
"5022",2025-03-13,58,"Lenoir Co. Comm. Coll.","Ozone","Lenoir",35.2318,-77.5669
"5023",2025-03-14,31,"Lenoir Co. Comm. Coll.","Ozone","Lenoir",35.2318,-77.5669
"5024",2025-03-15,39,"Lenoir Co. Comm. Coll.","Ozone","Lenoir",35.2318,-77.5669
"5025",2025-03-16,35,"Lenoir Co. Comm. Coll.","Ozone","Lenoir",35.2318,-77.5669
"5026",2025-03-17,34,"Lenoir Co. Comm. Coll.","Ozone","Lenoir",35.2318,-77.5669
"5027",2025-03-18,40,"Lenoir Co. Comm. Coll.","Ozone","Lenoir",35.2318,-77.5669
"5028",2025-03-19,46,"Lenoir Co. Comm. Coll.","Ozone","Lenoir",35.2318,-77.5669
"5029",2025-03-20,43,"Lenoir Co. Comm. Coll.","Ozone","Lenoir",35.2318,-77.5669
"5030",2025-03-21,40,"Lenoir Co. Comm. Coll.","Ozone","Lenoir",35.2318,-77.5669
"5031",2025-03-22,47,"Lenoir Co. Comm. Coll.","Ozone","Lenoir",35.2318,-77.5669
"5032",2025-03-23,42,"Lenoir Co. Comm. Coll.","Ozone","Lenoir",35.2318,-77.5669
"5033",2025-03-24,48,"Lenoir Co. Comm. Coll.","Ozone","Lenoir",35.2318,-77.5669
"5034",2025-03-25,48,"Lenoir Co. Comm. Coll.","Ozone","Lenoir",35.2318,-77.5669
"5035",2025-03-26,46,"Lenoir Co. Comm. Coll.","Ozone","Lenoir",35.2318,-77.5669
"5036",2025-03-27,48,"Lenoir Co. Comm. Coll.","Ozone","Lenoir",35.2318,-77.5669
"5037",2025-03-28,50,"Lenoir Co. Comm. Coll.","Ozone","Lenoir",35.2318,-77.5669
"5038",2025-03-29,42,"Lenoir Co. Comm. Coll.","Ozone","Lenoir",35.2318,-77.5669
"5039",2025-03-30,38,"Lenoir Co. Comm. Coll.","Ozone","Lenoir",35.2318,-77.5669
"5040",2025-03-31,32,"Lenoir Co. Comm. Coll.","Ozone","Lenoir",35.2318,-77.5669
"5041",2025-04-01,35,"Lenoir Co. Comm. Coll.","Ozone","Lenoir",35.2318,-77.5669
"5042",2025-04-02,38,"Lenoir Co. Comm. Coll.","Ozone","Lenoir",35.2318,-77.5669
"5043",2025-04-03,28,"Lenoir Co. Comm. Coll.","Ozone","Lenoir",35.2318,-77.5669
"5044",2025-04-04,30,"Lenoir Co. Comm. Coll.","Ozone","Lenoir",35.2318,-77.5669
"5045",2025-04-05,31,"Lenoir Co. Comm. Coll.","Ozone","Lenoir",35.2318,-77.5669
"5046",2025-04-06,33,"Lenoir Co. Comm. Coll.","Ozone","Lenoir",35.2318,-77.5669
"5047",2025-04-07,33,"Lenoir Co. Comm. Coll.","Ozone","Lenoir",35.2318,-77.5669
"5048",2025-04-08,43,"Lenoir Co. Comm. Coll.","Ozone","Lenoir",35.2318,-77.5669
"5049",2025-04-09,43,"Lenoir Co. Comm. Coll.","Ozone","Lenoir",35.2318,-77.5669
"5050",2025-04-10,46,"Lenoir Co. Comm. Coll.","Ozone","Lenoir",35.2318,-77.5669
"5051",2025-04-11,42,"Lenoir Co. Comm. Coll.","Ozone","Lenoir",35.2318,-77.5669
"5052",2025-04-12,32,"Lenoir Co. Comm. Coll.","Ozone","Lenoir",35.2318,-77.5669
"5053",2025-04-13,43,"Lenoir Co. Comm. Coll.","Ozone","Lenoir",35.2318,-77.5669
"5054",2025-04-14,54,"Lenoir Co. Comm. Coll.","Ozone","Lenoir",35.2318,-77.5669
"5055",2025-04-15,48,"Lenoir Co. Comm. Coll.","Ozone","Lenoir",35.2318,-77.5669
"5056",2025-04-16,46,"Lenoir Co. Comm. Coll.","Ozone","Lenoir",35.2318,-77.5669
"5057",2025-04-17,50,"Lenoir Co. Comm. Coll.","Ozone","Lenoir",35.2318,-77.5669
"5058",2025-04-18,51,"Lenoir Co. Comm. Coll.","Ozone","Lenoir",35.2318,-77.5669
"5059",2025-04-19,44,"Lenoir Co. Comm. Coll.","Ozone","Lenoir",35.2318,-77.5669
"5060",2025-04-20,41,"Lenoir Co. Comm. Coll.","Ozone","Lenoir",35.2318,-77.5669
"5061",2025-04-21,45,"Lenoir Co. Comm. Coll.","Ozone","Lenoir",35.2318,-77.5669
"5062",2025-04-22,43,"Lenoir Co. Comm. Coll.","Ozone","Lenoir",35.2318,-77.5669
"5063",2025-04-23,42,"Lenoir Co. Comm. Coll.","Ozone","Lenoir",35.2318,-77.5669
"5064",2025-04-24,44,"Lenoir Co. Comm. Coll.","Ozone","Lenoir",35.2318,-77.5669
"5065",2025-04-25,42,"Lenoir Co. Comm. Coll.","Ozone","Lenoir",35.2318,-77.5669
"5066",2025-04-26,39,"Lenoir Co. Comm. Coll.","Ozone","Lenoir",35.2318,-77.5669
"5067",2025-04-27,44,"Lenoir Co. Comm. Coll.","Ozone","Lenoir",35.2318,-77.5669
"5068",2025-04-28,48,"Lenoir Co. Comm. Coll.","Ozone","Lenoir",35.2318,-77.5669
"5069",2025-04-29,46,"Lenoir Co. Comm. Coll.","Ozone","Lenoir",35.2318,-77.5669
"5070",2025-04-30,45,"Lenoir Co. Comm. Coll.","Ozone","Lenoir",35.2318,-77.5669
"5071",2025-05-01,43,"Lenoir Co. Comm. Coll.","Ozone","Lenoir",35.2318,-77.5669
"5072",2025-05-02,43,"Lenoir Co. Comm. Coll.","Ozone","Lenoir",35.2318,-77.5669
"5073",2025-05-03,42,"Lenoir Co. Comm. Coll.","Ozone","Lenoir",35.2318,-77.5669
"5074",2025-05-04,33,"Lenoir Co. Comm. Coll.","Ozone","Lenoir",35.2318,-77.5669
"5075",2025-05-05,36,"Lenoir Co. Comm. Coll.","Ozone","Lenoir",35.2318,-77.5669
"5076",2025-05-06,48,"Lenoir Co. Comm. Coll.","Ozone","Lenoir",35.2318,-77.5669
"5077",2025-05-07,51,"Lenoir Co. Comm. Coll.","Ozone","Lenoir",35.2318,-77.5669
"5078",2025-05-08,48,"Lenoir Co. Comm. Coll.","Ozone","Lenoir",35.2318,-77.5669
"5079",2025-05-09,50,"Lenoir Co. Comm. Coll.","Ozone","Lenoir",35.2318,-77.5669
"5080",2025-05-10,46,"Lenoir Co. Comm. Coll.","Ozone","Lenoir",35.2318,-77.5669
"5081",2025-05-11,30,"Lenoir Co. Comm. Coll.","Ozone","Lenoir",35.2318,-77.5669
"5082",2025-05-12,31,"Lenoir Co. Comm. Coll.","Ozone","Lenoir",35.2318,-77.5669
"5083",2025-05-13,26,"Lenoir Co. Comm. Coll.","Ozone","Lenoir",35.2318,-77.5669
"5084",2025-05-14,40,"Lenoir Co. Comm. Coll.","Ozone","Lenoir",35.2318,-77.5669
"5085",2025-05-15,38,"Lenoir Co. Comm. Coll.","Ozone","Lenoir",35.2318,-77.5669
"5086",2025-05-16,43,"Lenoir Co. Comm. Coll.","Ozone","Lenoir",35.2318,-77.5669
"5087",2025-05-17,40,"Lenoir Co. Comm. Coll.","Ozone","Lenoir",35.2318,-77.5669
"5088",2025-05-18,45,"Lenoir Co. Comm. Coll.","Ozone","Lenoir",35.2318,-77.5669
"5089",2025-05-19,49,"Lenoir Co. Comm. Coll.","Ozone","Lenoir",35.2318,-77.5669
"5090",2025-05-20,44,"Lenoir Co. Comm. Coll.","Ozone","Lenoir",35.2318,-77.5669
"5091",2025-05-21,45,"Lenoir Co. Comm. Coll.","Ozone","Lenoir",35.2318,-77.5669
"5092",2025-05-22,49,"Lenoir Co. Comm. Coll.","Ozone","Lenoir",35.2318,-77.5669
"5093",2025-05-23,45,"Lenoir Co. Comm. Coll.","Ozone","Lenoir",35.2318,-77.5669
"5094",2025-05-24,46,"Lenoir Co. Comm. Coll.","Ozone","Lenoir",35.2318,-77.5669
"5095",2025-05-25,43,"Lenoir Co. Comm. Coll.","Ozone","Lenoir",35.2318,-77.5669
"5096",2025-05-26,35,"Lenoir Co. Comm. Coll.","Ozone","Lenoir",35.2318,-77.5669
"5097",2025-05-27,29,"Lenoir Co. Comm. Coll.","Ozone","Lenoir",35.2318,-77.5669
"5098",2025-05-28,28,"Lenoir Co. Comm. Coll.","Ozone","Lenoir",35.2318,-77.5669
"5099",2025-05-29,28,"Lenoir Co. Comm. Coll.","Ozone","Lenoir",35.2318,-77.5669
"5100",2025-05-30,36,"Lenoir Co. Comm. Coll.","Ozone","Lenoir",35.2318,-77.5669
"5101",2025-05-31,46,"Lenoir Co. Comm. Coll.","Ozone","Lenoir",35.2318,-77.5669
"5102",2025-06-01,44,"Lenoir Co. Comm. Coll.","Ozone","Lenoir",35.2318,-77.5669
"5103",2025-06-02,45,"Lenoir Co. Comm. Coll.","Ozone","Lenoir",35.2318,-77.5669
"5104",2025-06-03,45,"Lenoir Co. Comm. Coll.","Ozone","Lenoir",35.2318,-77.5669
"5105",2025-06-04,45,"Lenoir Co. Comm. Coll.","Ozone","Lenoir",35.2318,-77.5669
"5106",2025-06-05,21,"Lenoir Co. Comm. Coll.","Ozone","Lenoir",35.2318,-77.5669
"5107",2025-06-06,35,"Lenoir Co. Comm. Coll.","Ozone","Lenoir",35.2318,-77.5669
"5108",2025-06-07,38,"Lenoir Co. Comm. Coll.","Ozone","Lenoir",35.2318,-77.5669
"5109",2025-06-08,32,"Lenoir Co. Comm. Coll.","Ozone","Lenoir",35.2318,-77.5669
"5110",2025-06-09,42,"Lenoir Co. Comm. Coll.","Ozone","Lenoir",35.2318,-77.5669
"5111",2025-06-10,24,"Lenoir Co. Comm. Coll.","Ozone","Lenoir",35.2318,-77.5669
"5112",2025-06-11,30,"Lenoir Co. Comm. Coll.","Ozone","Lenoir",35.2318,-77.5669
"5113",2025-06-12,33,"Lenoir Co. Comm. Coll.","Ozone","Lenoir",35.2318,-77.5669
"5114",2025-06-13,19,"Lenoir Co. Comm. Coll.","Ozone","Lenoir",35.2318,-77.5669
"5115",2025-06-14,20,"Lenoir Co. Comm. Coll.","Ozone","Lenoir",35.2318,-77.5669
"5116",2025-06-15,24,"Lenoir Co. Comm. Coll.","Ozone","Lenoir",35.2318,-77.5669
"5117",2025-06-16,28,"Lenoir Co. Comm. Coll.","Ozone","Lenoir",35.2318,-77.5669
"5118",2025-06-17,29,"Lenoir Co. Comm. Coll.","Ozone","Lenoir",35.2318,-77.5669
"5119",2025-06-18,29,"Lenoir Co. Comm. Coll.","Ozone","Lenoir",35.2318,-77.5669
"5120",2025-06-19,33,"Lenoir Co. Comm. Coll.","Ozone","Lenoir",35.2318,-77.5669
"5121",2025-06-20,38,"Lenoir Co. Comm. Coll.","Ozone","Lenoir",35.2318,-77.5669
"5122",2025-06-21,35,"Lenoir Co. Comm. Coll.","Ozone","Lenoir",35.2318,-77.5669
"5123",2025-06-22,37,"Lenoir Co. Comm. Coll.","Ozone","Lenoir",35.2318,-77.5669
"5124",2025-06-23,58,"Lenoir Co. Comm. Coll.","Ozone","Lenoir",35.2318,-77.5669
"5125",2025-06-24,49,"Lenoir Co. Comm. Coll.","Ozone","Lenoir",35.2318,-77.5669
"5126",2025-06-25,46,"Lenoir Co. Comm. Coll.","Ozone","Lenoir",35.2318,-77.5669
"5127",2025-06-26,48,"Lenoir Co. Comm. Coll.","Ozone","Lenoir",35.2318,-77.5669
"5128",2025-06-27,46,"Lenoir Co. Comm. Coll.","Ozone","Lenoir",35.2318,-77.5669
"5129",2025-06-28,33,"Lenoir Co. Comm. Coll.","Ozone","Lenoir",35.2318,-77.5669
"5130",2025-06-29,35,"Lenoir Co. Comm. Coll.","Ozone","Lenoir",35.2318,-77.5669
"5131",2025-06-30,29,"Lenoir Co. Comm. Coll.","Ozone","Lenoir",35.2318,-77.5669
"5132",2025-07-01,31,"Lenoir Co. Comm. Coll.","Ozone","Lenoir",35.2318,-77.5669
"5133",2025-07-02,27,"Lenoir Co. Comm. Coll.","Ozone","Lenoir",35.2318,-77.5669
"5134",2025-07-03,34,"Lenoir Co. Comm. Coll.","Ozone","Lenoir",35.2318,-77.5669
"5135",2025-07-04,43,"Lenoir Co. Comm. Coll.","Ozone","Lenoir",35.2318,-77.5669
"5136",2025-07-05,36,"Lenoir Co. Comm. Coll.","Ozone","Lenoir",35.2318,-77.5669
"5137",2025-07-06,27,"Lenoir Co. Comm. Coll.","Ozone","Lenoir",35.2318,-77.5669
"5138",2025-07-07,31,"Lenoir Co. Comm. Coll.","Ozone","Lenoir",35.2318,-77.5669
"5139",2025-07-08,27,"Lenoir Co. Comm. Coll.","Ozone","Lenoir",35.2318,-77.5669
"5140",2025-07-09,25,"Lenoir Co. Comm. Coll.","Ozone","Lenoir",35.2318,-77.5669
"5141",2025-07-10,31,"Lenoir Co. Comm. Coll.","Ozone","Lenoir",35.2318,-77.5669
"5142",2025-07-11,37,"Lenoir Co. Comm. Coll.","Ozone","Lenoir",35.2318,-77.5669
"5143",2025-07-12,35,"Lenoir Co. Comm. Coll.","Ozone","Lenoir",35.2318,-77.5669
"5144",2025-07-13,30,"Lenoir Co. Comm. Coll.","Ozone","Lenoir",35.2318,-77.5669
"5145",2025-07-14,27,"Lenoir Co. Comm. Coll.","Ozone","Lenoir",35.2318,-77.5669
"5146",2025-07-15,26,"Lenoir Co. Comm. Coll.","Ozone","Lenoir",35.2318,-77.5669
"5147",2025-07-16,18,"Lenoir Co. Comm. Coll.","Ozone","Lenoir",35.2318,-77.5669
"5148",2025-07-17,23,"Lenoir Co. Comm. Coll.","Ozone","Lenoir",35.2318,-77.5669
"5149",2025-07-18,31,"Lenoir Co. Comm. Coll.","Ozone","Lenoir",35.2318,-77.5669
"5150",2025-07-19,29,"Lenoir Co. Comm. Coll.","Ozone","Lenoir",35.2318,-77.5669
"5151",2025-07-20,33,"Lenoir Co. Comm. Coll.","Ozone","Lenoir",35.2318,-77.5669
"5152",2025-07-21,37,"Lenoir Co. Comm. Coll.","Ozone","Lenoir",35.2318,-77.5669
"5153",2025-07-22,37,"Lenoir Co. Comm. Coll.","Ozone","Lenoir",35.2318,-77.5669
"5154",2025-07-23,31,"Lenoir Co. Comm. Coll.","Ozone","Lenoir",35.2318,-77.5669
"5155",2025-07-24,31,"Lenoir Co. Comm. Coll.","Ozone","Lenoir",35.2318,-77.5669
"5156",2025-07-25,40,"Lenoir Co. Comm. Coll.","Ozone","Lenoir",35.2318,-77.5669
"5157",2025-07-26,44,"Lenoir Co. Comm. Coll.","Ozone","Lenoir",35.2318,-77.5669
"5158",2025-07-27,31,"Lenoir Co. Comm. Coll.","Ozone","Lenoir",35.2318,-77.5669
"5159",2025-07-28,37,"Lenoir Co. Comm. Coll.","Ozone","Lenoir",35.2318,-77.5669
"5160",2025-07-29,29,"Lenoir Co. Comm. Coll.","Ozone","Lenoir",35.2318,-77.5669
"5161",2025-07-30,33,"Lenoir Co. Comm. Coll.","Ozone","Lenoir",35.2318,-77.5669
"5162",2025-07-31,30,"Lenoir Co. Comm. Coll.","Ozone","Lenoir",35.2318,-77.5669
"5163",2025-08-01,31,"Lenoir Co. Comm. Coll.","Ozone","Lenoir",35.2318,-77.5669
"5164",2025-08-02,29,"Lenoir Co. Comm. Coll.","Ozone","Lenoir",35.2318,-77.5669
"5165",2025-08-03,31,"Lenoir Co. Comm. Coll.","Ozone","Lenoir",35.2318,-77.5669
"5166",2025-08-04,30,"Lenoir Co. Comm. Coll.","Ozone","Lenoir",35.2318,-77.5669
"5167",2025-08-05,31,"Lenoir Co. Comm. Coll.","Ozone","Lenoir",35.2318,-77.5669
"5168",2025-08-06,23,"Lenoir Co. Comm. Coll.","Ozone","Lenoir",35.2318,-77.5669
"5169",2025-08-07,30,"Lenoir Co. Comm. Coll.","Ozone","Lenoir",35.2318,-77.5669
"5170",2025-08-08,26,"Lenoir Co. Comm. Coll.","Ozone","Lenoir",35.2318,-77.5669
"5171",2025-08-09,24,"Lenoir Co. Comm. Coll.","Ozone","Lenoir",35.2318,-77.5669
"5172",2025-08-10,22,"Lenoir Co. Comm. Coll.","Ozone","Lenoir",35.2318,-77.5669
"5173",2025-08-11,15,"Lenoir Co. Comm. Coll.","Ozone","Lenoir",35.2318,-77.5669
"5174",2025-08-12,14,"Lenoir Co. Comm. Coll.","Ozone","Lenoir",35.2318,-77.5669
"5175",2025-08-13,24,"Lenoir Co. Comm. Coll.","Ozone","Lenoir",35.2318,-77.5669
"5176",2025-08-14,22,"Lenoir Co. Comm. Coll.","Ozone","Lenoir",35.2318,-77.5669
"5177",2025-08-15,21,"Lenoir Co. Comm. Coll.","Ozone","Lenoir",35.2318,-77.5669
"5178",2025-08-16,25,"Lenoir Co. Comm. Coll.","Ozone","Lenoir",35.2318,-77.5669
"5179",2025-08-17,31,"Lenoir Co. Comm. Coll.","Ozone","Lenoir",35.2318,-77.5669
"5180",2025-08-18,33,"Lenoir Co. Comm. Coll.","Ozone","Lenoir",35.2318,-77.5669
"5181",2025-08-19,22,"Lenoir Co. Comm. Coll.","Ozone","Lenoir",35.2318,-77.5669
"5182",2025-08-20,19,"Lenoir Co. Comm. Coll.","Ozone","Lenoir",35.2318,-77.5669
"5183",2025-08-21,24,"Lenoir Co. Comm. Coll.","Ozone","Lenoir",35.2318,-77.5669
"5184",2025-08-22,31,"Lenoir Co. Comm. Coll.","Ozone","Lenoir",35.2318,-77.5669
"5185",2025-08-23,28,"Lenoir Co. Comm. Coll.","Ozone","Lenoir",35.2318,-77.5669
"5186",2025-08-24,26,"Lenoir Co. Comm. Coll.","Ozone","Lenoir",35.2318,-77.5669
"5187",2025-08-25,38,"Lenoir Co. Comm. Coll.","Ozone","Lenoir",35.2318,-77.5669
"5188",2025-08-26,36,"Lenoir Co. Comm. Coll.","Ozone","Lenoir",35.2318,-77.5669
"5189",2025-08-27,37,"Lenoir Co. Comm. Coll.","Ozone","Lenoir",35.2318,-77.5669
"5190",2025-08-28,37,"Lenoir Co. Comm. Coll.","Ozone","Lenoir",35.2318,-77.5669
"5191",2025-08-29,48,"Lenoir Co. Comm. Coll.","Ozone","Lenoir",35.2318,-77.5669
"5192",2025-08-30,40,"Lenoir Co. Comm. Coll.","Ozone","Lenoir",35.2318,-77.5669
"5193",2025-08-31,39,"Lenoir Co. Comm. Coll.","Ozone","Lenoir",35.2318,-77.5669
"5194",2025-09-01,31,"Lenoir Co. Comm. Coll.","Ozone","Lenoir",35.2318,-77.5669
"5195",2025-09-02,31,"Lenoir Co. Comm. Coll.","Ozone","Lenoir",35.2318,-77.5669
"5196",2025-09-03,40,"Lenoir Co. Comm. Coll.","Ozone","Lenoir",35.2318,-77.5669
"5197",2025-09-04,43,"Lenoir Co. Comm. Coll.","Ozone","Lenoir",35.2318,-77.5669
"5198",2025-09-05,41,"Lenoir Co. Comm. Coll.","Ozone","Lenoir",35.2318,-77.5669
"5199",2025-09-06,34,"Lenoir Co. Comm. Coll.","Ozone","Lenoir",35.2318,-77.5669
"5200",2025-09-07,29,"Lenoir Co. Comm. Coll.","Ozone","Lenoir",35.2318,-77.5669
"5201",2025-09-08,40,"Lenoir Co. Comm. Coll.","Ozone","Lenoir",35.2318,-77.5669
"5202",2025-09-09,29,"Lenoir Co. Comm. Coll.","Ozone","Lenoir",35.2318,-77.5669
"5203",2025-09-10,20,"Lenoir Co. Comm. Coll.","Ozone","Lenoir",35.2318,-77.5669
"5204",2025-09-11,19,"Lenoir Co. Comm. Coll.","Ozone","Lenoir",35.2318,-77.5669
"5205",2025-09-12,43,"Lenoir Co. Comm. Coll.","Ozone","Lenoir",35.2318,-77.5669
"5206",2025-09-13,39,"Lenoir Co. Comm. Coll.","Ozone","Lenoir",35.2318,-77.5669
"5207",2025-09-14,43,"Lenoir Co. Comm. Coll.","Ozone","Lenoir",35.2318,-77.5669
"5208",2025-09-15,39,"Lenoir Co. Comm. Coll.","Ozone","Lenoir",35.2318,-77.5669
"5209",2025-09-16,32,"Lenoir Co. Comm. Coll.","Ozone","Lenoir",35.2318,-77.5669
"5210",2025-09-17,38,"Lenoir Co. Comm. Coll.","Ozone","Lenoir",35.2318,-77.5669
"5211",2025-09-18,29,"Lenoir Co. Comm. Coll.","Ozone","Lenoir",35.2318,-77.5669
"5212",2025-09-19,45,"Lenoir Co. Comm. Coll.","Ozone","Lenoir",35.2318,-77.5669
"5213",2025-09-20,50,"Lenoir Co. Comm. Coll.","Ozone","Lenoir",35.2318,-77.5669
"5214",2025-09-21,40,"Lenoir Co. Comm. Coll.","Ozone","Lenoir",35.2318,-77.5669
"5215",2025-09-22,33,"Lenoir Co. Comm. Coll.","Ozone","Lenoir",35.2318,-77.5669
"5216",2025-09-23,31,"Lenoir Co. Comm. Coll.","Ozone","Lenoir",35.2318,-77.5669
"5217",2025-09-24,30,"Lenoir Co. Comm. Coll.","Ozone","Lenoir",35.2318,-77.5669
"5218",2025-09-25,31,"Lenoir Co. Comm. Coll.","Ozone","Lenoir",35.2318,-77.5669
"5219",2025-09-26,32,"Lenoir Co. Comm. Coll.","Ozone","Lenoir",35.2318,-77.5669
"5220",2025-09-27,19,"Lenoir Co. Comm. Coll.","Ozone","Lenoir",35.2318,-77.5669
"5221",2025-09-28,27,"Lenoir Co. Comm. Coll.","Ozone","Lenoir",35.2318,-77.5669
"5222",2025-09-29,21,"Lenoir Co. Comm. Coll.","Ozone","Lenoir",35.2318,-77.5669
"5223",2025-09-30,35,"Lenoir Co. Comm. Coll.","Ozone","Lenoir",35.2318,-77.5669
"5224",2025-10-01,31,"Lenoir Co. Comm. Coll.","Ozone","Lenoir",35.2318,-77.5669
"5225",2025-10-02,28,"Lenoir Co. Comm. Coll.","Ozone","Lenoir",35.2318,-77.5669
"5226",2025-10-03,31,"Lenoir Co. Comm. Coll.","Ozone","Lenoir",35.2318,-77.5669
"5227",2025-10-04,31,"Lenoir Co. Comm. Coll.","Ozone","Lenoir",35.2318,-77.5669
"5228",2025-10-05,31,"Lenoir Co. Comm. Coll.","Ozone","Lenoir",35.2318,-77.5669
"5229",2025-10-06,33,"Lenoir Co. Comm. Coll.","Ozone","Lenoir",35.2318,-77.5669
"5230",2025-10-07,30,"Lenoir Co. Comm. Coll.","Ozone","Lenoir",35.2318,-77.5669
"5231",2025-10-08,26,"Lenoir Co. Comm. Coll.","Ozone","Lenoir",35.2318,-77.5669
"5232",2025-10-09,34,"Lenoir Co. Comm. Coll.","Ozone","Lenoir",35.2318,-77.5669
"5233",2025-10-10,33,"Lenoir Co. Comm. Coll.","Ozone","Lenoir",35.2318,-77.5669
"5234",2025-10-11,29,"Lenoir Co. Comm. Coll.","Ozone","Lenoir",35.2318,-77.5669
"5235",2025-10-12,30,"Lenoir Co. Comm. Coll.","Ozone","Lenoir",35.2318,-77.5669
"5236",2025-10-13,23,"Lenoir Co. Comm. Coll.","Ozone","Lenoir",35.2318,-77.5669
"5237",2025-10-14,19,"Lenoir Co. Comm. Coll.","Ozone","Lenoir",35.2318,-77.5669
"5238",2025-10-15,24,"Lenoir Co. Comm. Coll.","Ozone","Lenoir",35.2318,-77.5669
"5239",2025-10-16,37,"Lenoir Co. Comm. Coll.","Ozone","Lenoir",35.2318,-77.5669
"5240",2025-10-17,35,"Lenoir Co. Comm. Coll.","Ozone","Lenoir",35.2318,-77.5669
"5241",2025-10-18,43,"Lenoir Co. Comm. Coll.","Ozone","Lenoir",35.2318,-77.5669
"5242",2025-10-19,38,"Lenoir Co. Comm. Coll.","Ozone","Lenoir",35.2318,-77.5669
"5243",2025-10-20,35,"Lenoir Co. Comm. Coll.","Ozone","Lenoir",35.2318,-77.5669
"5244",2025-10-21,37,"Lenoir Co. Comm. Coll.","Ozone","Lenoir",35.2318,-77.5669
"5245",2025-10-22,41,"Lenoir Co. Comm. Coll.","Ozone","Lenoir",35.2318,-77.5669
"5246",2025-10-23,38,"Lenoir Co. Comm. Coll.","Ozone","Lenoir",35.2318,-77.5669
"5247",2025-10-24,36,"Lenoir Co. Comm. Coll.","Ozone","Lenoir",35.2318,-77.5669
"5248",2025-10-25,32,"Lenoir Co. Comm. Coll.","Ozone","Lenoir",35.2318,-77.5669
"5249",2025-10-26,30,"Lenoir Co. Comm. Coll.","Ozone","Lenoir",35.2318,-77.5669
"5250",2025-10-27,30,"Lenoir Co. Comm. Coll.","Ozone","Lenoir",35.2318,-77.5669
"5251",2025-10-28,25,"Lenoir Co. Comm. Coll.","Ozone","Lenoir",35.2318,-77.5669
"5252",2025-10-29,18,"Lenoir Co. Comm. Coll.","Ozone","Lenoir",35.2318,-77.5669
"5253",2025-10-30,28,"Lenoir Co. Comm. Coll.","Ozone","Lenoir",35.2318,-77.5669
"5254",2025-10-31,33,"Lenoir Co. Comm. Coll.","Ozone","Lenoir",35.2318,-77.5669
"5255",2025-11-01,34,"Lenoir Co. Comm. Coll.","Ozone","Lenoir",35.2318,-77.5669
"5256",2025-11-02,35,"Lenoir Co. Comm. Coll.","Ozone","Lenoir",35.2318,-77.5669
"5257",2025-03-01,50,"Crouse","Ozone","Lincoln",35.438556,-81.27675
"5258",2025-03-02,42,"Crouse","Ozone","Lincoln",35.438556,-81.27675
"5259",2025-03-03,45,"Crouse","Ozone","Lincoln",35.438556,-81.27675
"5260",2025-03-04,44,"Crouse","Ozone","Lincoln",35.438556,-81.27675
"5261",2025-03-05,45,"Crouse","Ozone","Lincoln",35.438556,-81.27675
"5262",2025-03-06,37,"Crouse","Ozone","Lincoln",35.438556,-81.27675
"5263",2025-03-07,38,"Crouse","Ozone","Lincoln",35.438556,-81.27675
"5264",2025-03-08,44,"Crouse","Ozone","Lincoln",35.438556,-81.27675
"5265",2025-03-09,43,"Crouse","Ozone","Lincoln",35.438556,-81.27675
"5266",2025-03-10,35,"Crouse","Ozone","Lincoln",35.438556,-81.27675
"5267",2025-03-11,64,"Crouse","Ozone","Lincoln",35.438556,-81.27675
"5268",2025-03-12,84,"Crouse","Ozone","Lincoln",35.438556,-81.27675
"5269",2025-03-13,67,"Crouse","Ozone","Lincoln",35.438556,-81.27675
"5270",2025-03-14,64,"Crouse","Ozone","Lincoln",35.438556,-81.27675
"5271",2025-03-15,39,"Crouse","Ozone","Lincoln",35.438556,-81.27675
"5272",2025-03-16,41,"Crouse","Ozone","Lincoln",35.438556,-81.27675
"5273",2025-03-17,36,"Crouse","Ozone","Lincoln",35.438556,-81.27675
"5274",2025-03-18,47,"Crouse","Ozone","Lincoln",35.438556,-81.27675
"5275",2025-03-19,54,"Crouse","Ozone","Lincoln",35.438556,-81.27675
"5276",2025-03-20,44,"Crouse","Ozone","Lincoln",35.438556,-81.27675
"5277",2025-03-21,48,"Crouse","Ozone","Lincoln",35.438556,-81.27675
"5278",2025-03-22,51,"Crouse","Ozone","Lincoln",35.438556,-81.27675
"5279",2025-03-23,50,"Crouse","Ozone","Lincoln",35.438556,-81.27675
"5280",2025-03-24,42,"Crouse","Ozone","Lincoln",35.438556,-81.27675
"5281",2025-03-25,54,"Crouse","Ozone","Lincoln",35.438556,-81.27675
"5282",2025-03-26,47,"Crouse","Ozone","Lincoln",35.438556,-81.27675
"5283",2025-03-27,54,"Crouse","Ozone","Lincoln",35.438556,-81.27675
"5284",2025-03-28,64,"Crouse","Ozone","Lincoln",35.438556,-81.27675
"5285",2025-03-29,44,"Crouse","Ozone","Lincoln",35.438556,-81.27675
"5286",2025-03-30,38,"Crouse","Ozone","Lincoln",35.438556,-81.27675
"5287",2025-03-31,29,"Crouse","Ozone","Lincoln",35.438556,-81.27675
"5288",2025-04-01,37,"Crouse","Ozone","Lincoln",35.438556,-81.27675
"5289",2025-04-02,13,"Crouse","Ozone","Lincoln",35.438556,-81.27675
"5290",2025-04-03,31,"Crouse","Ozone","Lincoln",35.438556,-81.27675
"5291",2025-04-04,34,"Crouse","Ozone","Lincoln",35.438556,-81.27675
"5292",2025-04-05,40,"Crouse","Ozone","Lincoln",35.438556,-81.27675
"5293",2025-04-06,44,"Crouse","Ozone","Lincoln",35.438556,-81.27675
"5294",2025-04-07,29,"Crouse","Ozone","Lincoln",35.438556,-81.27675
"5295",2025-04-08,51,"Crouse","Ozone","Lincoln",35.438556,-81.27675
"5296",2025-04-09,50,"Crouse","Ozone","Lincoln",35.438556,-81.27675
"5297",2025-04-10,36,"Crouse","Ozone","Lincoln",35.438556,-81.27675
"5298",2025-04-11,38,"Crouse","Ozone","Lincoln",35.438556,-81.27675
"5299",2025-04-12,42,"Crouse","Ozone","Lincoln",35.438556,-81.27675
"5300",2025-04-13,49,"Crouse","Ozone","Lincoln",35.438556,-81.27675
"5301",2025-04-14,87,"Crouse","Ozone","Lincoln",35.438556,-81.27675
"5302",2025-04-15,46,"Crouse","Ozone","Lincoln",35.438556,-81.27675
"5303",2025-04-16,47,"Crouse","Ozone","Lincoln",35.438556,-81.27675
"5304",2025-04-17,71,"Crouse","Ozone","Lincoln",35.438556,-81.27675
"5305",2025-04-18,71,"Crouse","Ozone","Lincoln",35.438556,-81.27675
"5306",2025-04-19,48,"Crouse","Ozone","Lincoln",35.438556,-81.27675
"5307",2025-04-20,38,"Crouse","Ozone","Lincoln",35.438556,-81.27675
"5308",2025-04-21,47,"Crouse","Ozone","Lincoln",35.438556,-81.27675
"5309",2025-04-22,37,"Crouse","Ozone","Lincoln",35.438556,-81.27675
"5310",2025-04-23,44,"Crouse","Ozone","Lincoln",35.438556,-81.27675
"5311",2025-04-24,28,"Crouse","Ozone","Lincoln",35.438556,-81.27675
"5312",2025-04-25,33,"Crouse","Ozone","Lincoln",35.438556,-81.27675
"5313",2025-04-26,39,"Crouse","Ozone","Lincoln",35.438556,-81.27675
"5314",2025-04-27,46,"Crouse","Ozone","Lincoln",35.438556,-81.27675
"5315",2025-04-28,74,"Crouse","Ozone","Lincoln",35.438556,-81.27675
"5316",2025-04-29,43,"Crouse","Ozone","Lincoln",35.438556,-81.27675
"5317",2025-04-30,43,"Crouse","Ozone","Lincoln",35.438556,-81.27675
"5318",2025-05-01,39,"Crouse","Ozone","Lincoln",35.438556,-81.27675
"5319",2025-05-02,44,"Crouse","Ozone","Lincoln",35.438556,-81.27675
"5320",2025-05-03,30,"Crouse","Ozone","Lincoln",35.438556,-81.27675
"5321",2025-05-04,43,"Crouse","Ozone","Lincoln",35.438556,-81.27675
"5322",2025-05-05,45,"Crouse","Ozone","Lincoln",35.438556,-81.27675
"5323",2025-05-06,49,"Crouse","Ozone","Lincoln",35.438556,-81.27675
"5324",2025-05-07,41,"Crouse","Ozone","Lincoln",35.438556,-81.27675
"5325",2025-05-08,40,"Crouse","Ozone","Lincoln",35.438556,-81.27675
"5326",2025-05-09,43,"Crouse","Ozone","Lincoln",35.438556,-81.27675
"5327",2025-05-10,40,"Crouse","Ozone","Lincoln",35.438556,-81.27675
"5328",2025-05-11,23,"Crouse","Ozone","Lincoln",35.438556,-81.27675
"5329",2025-05-12,19,"Crouse","Ozone","Lincoln",35.438556,-81.27675
"5330",2025-05-13,39,"Crouse","Ozone","Lincoln",35.438556,-81.27675
"5331",2025-05-14,42,"Crouse","Ozone","Lincoln",35.438556,-81.27675
"5332",2025-05-15,44,"Crouse","Ozone","Lincoln",35.438556,-81.27675
"5333",2025-05-16,37,"Crouse","Ozone","Lincoln",35.438556,-81.27675
"5334",2025-05-17,40,"Crouse","Ozone","Lincoln",35.438556,-81.27675
"5335",2025-05-18,44,"Crouse","Ozone","Lincoln",35.438556,-81.27675
"5336",2025-05-19,41,"Crouse","Ozone","Lincoln",35.438556,-81.27675
"5337",2025-05-20,49,"Crouse","Ozone","Lincoln",35.438556,-81.27675
"5338",2025-05-21,43,"Crouse","Ozone","Lincoln",35.438556,-81.27675
"5339",2025-05-22,50,"Crouse","Ozone","Lincoln",35.438556,-81.27675
"5340",2025-05-23,43,"Crouse","Ozone","Lincoln",35.438556,-81.27675
"5341",2025-05-24,40,"Crouse","Ozone","Lincoln",35.438556,-81.27675
"5342",2025-05-25,41,"Crouse","Ozone","Lincoln",35.438556,-81.27675
"5343",2025-05-26,23,"Crouse","Ozone","Lincoln",35.438556,-81.27675
"5344",2025-05-27,26,"Crouse","Ozone","Lincoln",35.438556,-81.27675
"5345",2025-05-28,28,"Crouse","Ozone","Lincoln",35.438556,-81.27675
"5346",2025-05-29,30,"Crouse","Ozone","Lincoln",35.438556,-81.27675
"5347",2025-05-30,38,"Crouse","Ozone","Lincoln",35.438556,-81.27675
"5348",2025-05-31,44,"Crouse","Ozone","Lincoln",35.438556,-81.27675
"5349",2025-06-01,43,"Crouse","Ozone","Lincoln",35.438556,-81.27675
"5350",2025-06-02,47,"Crouse","Ozone","Lincoln",35.438556,-81.27675
"5351",2025-06-03,50,"Crouse","Ozone","Lincoln",35.438556,-81.27675
"5352",2025-06-04,47,"Crouse","Ozone","Lincoln",35.438556,-81.27675
"5353",2025-06-05,28,"Crouse","Ozone","Lincoln",35.438556,-81.27675
"5354",2025-06-06,41,"Crouse","Ozone","Lincoln",35.438556,-81.27675
"5355",2025-06-07,36,"Crouse","Ozone","Lincoln",35.438556,-81.27675
"5356",2025-06-08,32,"Crouse","Ozone","Lincoln",35.438556,-81.27675
"5357",2025-06-09,47,"Crouse","Ozone","Lincoln",35.438556,-81.27675
"5358",2025-06-10,33,"Crouse","Ozone","Lincoln",35.438556,-81.27675
"5359",2025-06-11,50,"Crouse","Ozone","Lincoln",35.438556,-81.27675
"5360",2025-06-12,44,"Crouse","Ozone","Lincoln",35.438556,-81.27675
"5361",2025-06-13,29,"Crouse","Ozone","Lincoln",35.438556,-81.27675
"5362",2025-06-14,28,"Crouse","Ozone","Lincoln",35.438556,-81.27675
"5363",2025-06-15,28,"Crouse","Ozone","Lincoln",35.438556,-81.27675
"5364",2025-06-16,31,"Crouse","Ozone","Lincoln",35.438556,-81.27675
"5365",2025-06-17,32,"Crouse","Ozone","Lincoln",35.438556,-81.27675
"5366",2025-06-21,54,"Crouse","Ozone","Lincoln",35.438556,-81.27675
"5367",2025-06-22,44,"Crouse","Ozone","Lincoln",35.438556,-81.27675
"5368",2025-06-23,49,"Crouse","Ozone","Lincoln",35.438556,-81.27675
"5369",2025-06-24,54,"Crouse","Ozone","Lincoln",35.438556,-81.27675
"5370",2025-06-25,44,"Crouse","Ozone","Lincoln",35.438556,-81.27675
"5371",2025-06-26,44,"Crouse","Ozone","Lincoln",35.438556,-81.27675
"5372",2025-06-27,50,"Crouse","Ozone","Lincoln",35.438556,-81.27675
"5373",2025-06-28,47,"Crouse","Ozone","Lincoln",35.438556,-81.27675
"5374",2025-06-29,39,"Crouse","Ozone","Lincoln",35.438556,-81.27675
"5375",2025-06-30,39,"Crouse","Ozone","Lincoln",35.438556,-81.27675
"5376",2025-07-01,39,"Crouse","Ozone","Lincoln",35.438556,-81.27675
"5377",2025-07-02,39,"Crouse","Ozone","Lincoln",35.438556,-81.27675
"5378",2025-07-03,64,"Crouse","Ozone","Lincoln",35.438556,-81.27675
"5379",2025-07-04,61,"Crouse","Ozone","Lincoln",35.438556,-81.27675
"5380",2025-07-05,51,"Crouse","Ozone","Lincoln",35.438556,-81.27675
"5381",2025-07-06,30,"Crouse","Ozone","Lincoln",35.438556,-81.27675
"5382",2025-07-07,46,"Crouse","Ozone","Lincoln",35.438556,-81.27675
"5383",2025-07-08,64,"Crouse","Ozone","Lincoln",35.438556,-81.27675
"5384",2025-07-09,44,"Crouse","Ozone","Lincoln",35.438556,-81.27675
"5385",2025-07-10,36,"Crouse","Ozone","Lincoln",35.438556,-81.27675
"5386",2025-07-11,41,"Crouse","Ozone","Lincoln",35.438556,-81.27675
"5387",2025-07-12,41,"Crouse","Ozone","Lincoln",35.438556,-81.27675
"5388",2025-07-13,31,"Crouse","Ozone","Lincoln",35.438556,-81.27675
"5389",2025-07-14,46,"Crouse","Ozone","Lincoln",35.438556,-81.27675
"5390",2025-07-15,42,"Crouse","Ozone","Lincoln",35.438556,-81.27675
"5391",2025-07-16,37,"Crouse","Ozone","Lincoln",35.438556,-81.27675
"5392",2025-07-17,36,"Crouse","Ozone","Lincoln",35.438556,-81.27675
"5393",2025-07-18,38,"Crouse","Ozone","Lincoln",35.438556,-81.27675
"5394",2025-07-19,38,"Crouse","Ozone","Lincoln",35.438556,-81.27675
"5395",2025-07-20,31,"Crouse","Ozone","Lincoln",35.438556,-81.27675
"5396",2025-07-21,35,"Crouse","Ozone","Lincoln",35.438556,-81.27675
"5397",2025-07-22,41,"Crouse","Ozone","Lincoln",35.438556,-81.27675
"5398",2025-07-23,77,"Crouse","Ozone","Lincoln",35.438556,-81.27675
"5399",2025-07-24,49,"Crouse","Ozone","Lincoln",35.438556,-81.27675
"5400",2025-07-25,39,"Crouse","Ozone","Lincoln",35.438556,-81.27675
"5401",2025-07-26,44,"Crouse","Ozone","Lincoln",35.438556,-81.27675
"5402",2025-07-27,34,"Crouse","Ozone","Lincoln",35.438556,-81.27675
"5403",2025-07-28,38,"Crouse","Ozone","Lincoln",35.438556,-81.27675
"5404",2025-07-29,43,"Crouse","Ozone","Lincoln",35.438556,-81.27675
"5405",2025-07-30,58,"Crouse","Ozone","Lincoln",35.438556,-81.27675
"5406",2025-07-31,45,"Crouse","Ozone","Lincoln",35.438556,-81.27675
"5407",2025-08-01,41,"Crouse","Ozone","Lincoln",35.438556,-81.27675
"5408",2025-08-02,27,"Crouse","Ozone","Lincoln",35.438556,-81.27675
"5409",2025-08-03,27,"Crouse","Ozone","Lincoln",35.438556,-81.27675
"5410",2025-08-04,37,"Crouse","Ozone","Lincoln",35.438556,-81.27675
"5411",2025-08-05,28,"Crouse","Ozone","Lincoln",35.438556,-81.27675
"5412",2025-08-06,26,"Crouse","Ozone","Lincoln",35.438556,-81.27675
"5413",2025-08-07,32,"Crouse","Ozone","Lincoln",35.438556,-81.27675
"5414",2025-08-08,36,"Crouse","Ozone","Lincoln",35.438556,-81.27675
"5415",2025-08-09,37,"Crouse","Ozone","Lincoln",35.438556,-81.27675
"5416",2025-08-10,32,"Crouse","Ozone","Lincoln",35.438556,-81.27675
"5417",2025-08-11,19,"Crouse","Ozone","Lincoln",35.438556,-81.27675
"5418",2025-08-12,28,"Crouse","Ozone","Lincoln",35.438556,-81.27675
"5419",2025-08-13,28,"Crouse","Ozone","Lincoln",35.438556,-81.27675
"5420",2025-08-14,25,"Crouse","Ozone","Lincoln",35.438556,-81.27675
"5421",2025-08-15,47,"Crouse","Ozone","Lincoln",35.438556,-81.27675
"5422",2025-08-16,50,"Crouse","Ozone","Lincoln",35.438556,-81.27675
"5423",2025-08-17,38,"Crouse","Ozone","Lincoln",35.438556,-81.27675
"5424",2025-08-18,49,"Crouse","Ozone","Lincoln",35.438556,-81.27675
"5425",2025-08-19,41,"Crouse","Ozone","Lincoln",35.438556,-81.27675
"5426",2025-08-20,41,"Crouse","Ozone","Lincoln",35.438556,-81.27675
"5427",2025-08-21,31,"Crouse","Ozone","Lincoln",35.438556,-81.27675
"5428",2025-08-22,26,"Crouse","Ozone","Lincoln",35.438556,-81.27675
"5429",2025-08-23,37,"Crouse","Ozone","Lincoln",35.438556,-81.27675
"5430",2025-08-24,35,"Crouse","Ozone","Lincoln",35.438556,-81.27675
"5431",2025-08-25,36,"Crouse","Ozone","Lincoln",35.438556,-81.27675
"5432",2025-08-26,41,"Crouse","Ozone","Lincoln",35.438556,-81.27675
"5433",2025-08-27,44,"Crouse","Ozone","Lincoln",35.438556,-81.27675
"5434",2025-08-28,45,"Crouse","Ozone","Lincoln",35.438556,-81.27675
"5435",2025-08-29,43,"Crouse","Ozone","Lincoln",35.438556,-81.27675
"5436",2025-08-30,47,"Crouse","Ozone","Lincoln",35.438556,-81.27675
"5437",2025-08-31,30,"Crouse","Ozone","Lincoln",35.438556,-81.27675
"5438",2025-09-01,43,"Crouse","Ozone","Lincoln",35.438556,-81.27675
"5439",2025-09-02,42,"Crouse","Ozone","Lincoln",35.438556,-81.27675
"5440",2025-09-03,41,"Crouse","Ozone","Lincoln",35.438556,-81.27675
"5441",2025-09-04,42,"Crouse","Ozone","Lincoln",35.438556,-81.27675
"5442",2025-09-05,43,"Crouse","Ozone","Lincoln",35.438556,-81.27675
"5443",2025-09-06,39,"Crouse","Ozone","Lincoln",35.438556,-81.27675
"5444",2025-09-07,25,"Crouse","Ozone","Lincoln",35.438556,-81.27675
"5445",2025-09-08,42,"Crouse","Ozone","Lincoln",35.438556,-81.27675
"5446",2025-09-09,45,"Crouse","Ozone","Lincoln",35.438556,-81.27675
"5447",2025-09-10,44,"Crouse","Ozone","Lincoln",35.438556,-81.27675
"5448",2025-09-11,48,"Crouse","Ozone","Lincoln",35.438556,-81.27675
"5449",2025-09-12,51,"Crouse","Ozone","Lincoln",35.438556,-81.27675
"5450",2025-09-13,49,"Crouse","Ozone","Lincoln",35.438556,-81.27675
"5451",2025-09-14,46,"Crouse","Ozone","Lincoln",35.438556,-81.27675
"5452",2025-09-15,46,"Crouse","Ozone","Lincoln",35.438556,-81.27675
"5453",2025-09-16,44,"Crouse","Ozone","Lincoln",35.438556,-81.27675
"5454",2025-09-17,41,"Crouse","Ozone","Lincoln",35.438556,-81.27675
"5455",2025-09-18,48,"Crouse","Ozone","Lincoln",35.438556,-81.27675
"5456",2025-09-19,61,"Crouse","Ozone","Lincoln",35.438556,-81.27675
"5457",2025-09-20,54,"Crouse","Ozone","Lincoln",35.438556,-81.27675
"5458",2025-09-21,47,"Crouse","Ozone","Lincoln",35.438556,-81.27675
"5459",2025-09-22,50,"Crouse","Ozone","Lincoln",35.438556,-81.27675
"5460",2025-09-23,48,"Crouse","Ozone","Lincoln",35.438556,-81.27675
"5461",2025-09-24,44,"Crouse","Ozone","Lincoln",35.438556,-81.27675
"5462",2025-09-25,35,"Crouse","Ozone","Lincoln",35.438556,-81.27675
"5463",2025-09-26,26,"Crouse","Ozone","Lincoln",35.438556,-81.27675
"5464",2025-09-27,30,"Crouse","Ozone","Lincoln",35.438556,-81.27675
"5465",2025-09-28,36,"Crouse","Ozone","Lincoln",35.438556,-81.27675
"5466",2025-09-29,31,"Crouse","Ozone","Lincoln",35.438556,-81.27675
"5467",2025-09-30,36,"Crouse","Ozone","Lincoln",35.438556,-81.27675
"5468",2025-10-01,48,"Crouse","Ozone","Lincoln",35.438556,-81.27675
"5469",2025-10-02,43,"Crouse","Ozone","Lincoln",35.438556,-81.27675
"5470",2025-10-03,36,"Crouse","Ozone","Lincoln",35.438556,-81.27675
"5471",2025-10-04,38,"Crouse","Ozone","Lincoln",35.438556,-81.27675
"5472",2025-10-05,35,"Crouse","Ozone","Lincoln",35.438556,-81.27675
"5473",2025-10-06,30,"Crouse","Ozone","Lincoln",35.438556,-81.27675
"5474",2025-10-07,34,"Crouse","Ozone","Lincoln",35.438556,-81.27675
"5475",2025-10-08,31,"Crouse","Ozone","Lincoln",35.438556,-81.27675
"5476",2025-10-09,41,"Crouse","Ozone","Lincoln",35.438556,-81.27675
"5477",2025-10-10,33,"Crouse","Ozone","Lincoln",35.438556,-81.27675
"5478",2025-10-11,33,"Crouse","Ozone","Lincoln",35.438556,-81.27675
"5479",2025-10-12,31,"Crouse","Ozone","Lincoln",35.438556,-81.27675
"5480",2025-10-13,34,"Crouse","Ozone","Lincoln",35.438556,-81.27675
"5481",2025-10-14,39,"Crouse","Ozone","Lincoln",35.438556,-81.27675
"5482",2025-10-15,39,"Crouse","Ozone","Lincoln",35.438556,-81.27675
"5483",2025-10-16,42,"Crouse","Ozone","Lincoln",35.438556,-81.27675
"5484",2025-10-17,44,"Crouse","Ozone","Lincoln",35.438556,-81.27675
"5485",2025-10-18,48,"Crouse","Ozone","Lincoln",35.438556,-81.27675
"5486",2025-10-19,36,"Crouse","Ozone","Lincoln",35.438556,-81.27675
"5487",2025-10-20,35,"Crouse","Ozone","Lincoln",35.438556,-81.27675
"5488",2025-10-21,46,"Crouse","Ozone","Lincoln",35.438556,-81.27675
"5489",2025-10-22,39,"Crouse","Ozone","Lincoln",35.438556,-81.27675
"5490",2025-10-23,41,"Crouse","Ozone","Lincoln",35.438556,-81.27675
"5491",2025-10-24,40,"Crouse","Ozone","Lincoln",35.438556,-81.27675
"5492",2025-10-25,30,"Crouse","Ozone","Lincoln",35.438556,-81.27675
"5493",2025-10-26,36,"Crouse","Ozone","Lincoln",35.438556,-81.27675
"5494",2025-10-27,30,"Crouse","Ozone","Lincoln",35.438556,-81.27675
"5495",2025-10-28,31,"Crouse","Ozone","Lincoln",35.438556,-81.27675
"5496",2025-10-29,13,"Crouse","Ozone","Lincoln",35.438556,-81.27675
"5497",2025-10-30,27,"Crouse","Ozone","Lincoln",35.438556,-81.27675
"5498",2025-10-31,34,"Crouse","Ozone","Lincoln",35.438556,-81.27675
"5499",2025-11-01,36,"Crouse","Ozone","Lincoln",35.438556,-81.27675
"5500",2025-11-02,35,"Crouse","Ozone","Lincoln",35.438556,-81.27675
"5501",2025-01-01,32,"Coweeta","Ozone","Macon",35.0608,-83.4306
"5502",2025-01-02,32,"Coweeta","Ozone","Macon",35.0608,-83.4306
"5503",2025-01-03,36,"Coweeta","Ozone","Macon",35.0608,-83.4306
"5504",2025-01-04,43,"Coweeta","Ozone","Macon",35.0608,-83.4306
"5505",2025-01-05,34,"Coweeta","Ozone","Macon",35.0608,-83.4306
"5506",2025-01-06,32,"Coweeta","Ozone","Macon",35.0608,-83.4306
"5507",2025-01-07,31,"Coweeta","Ozone","Macon",35.0608,-83.4306
"5508",2025-01-08,35,"Coweeta","Ozone","Macon",35.0608,-83.4306
"5509",2025-01-09,35,"Coweeta","Ozone","Macon",35.0608,-83.4306
"5510",2025-01-10,36,"Coweeta","Ozone","Macon",35.0608,-83.4306
"5511",2025-01-11,36,"Coweeta","Ozone","Macon",35.0608,-83.4306
"5512",2025-01-12,31,"Coweeta","Ozone","Macon",35.0608,-83.4306
"5513",2025-01-13,34,"Coweeta","Ozone","Macon",35.0608,-83.4306
"5514",2025-01-14,39,"Coweeta","Ozone","Macon",35.0608,-83.4306
"5515",2025-01-15,41,"Coweeta","Ozone","Macon",35.0608,-83.4306
"5516",2025-01-16,39,"Coweeta","Ozone","Macon",35.0608,-83.4306
"5517",2025-01-17,39,"Coweeta","Ozone","Macon",35.0608,-83.4306
"5518",2025-01-18,34,"Coweeta","Ozone","Macon",35.0608,-83.4306
"5519",2025-01-19,33,"Coweeta","Ozone","Macon",35.0608,-83.4306
"5520",2025-01-20,37,"Coweeta","Ozone","Macon",35.0608,-83.4306
"5521",2025-01-21,35,"Coweeta","Ozone","Macon",35.0608,-83.4306
"5522",2025-01-22,34,"Coweeta","Ozone","Macon",35.0608,-83.4306
"5523",2025-01-23,32,"Coweeta","Ozone","Macon",35.0608,-83.4306
"5524",2025-01-24,35,"Coweeta","Ozone","Macon",35.0608,-83.4306
"5525",2025-01-25,34,"Coweeta","Ozone","Macon",35.0608,-83.4306
"5526",2025-01-26,35,"Coweeta","Ozone","Macon",35.0608,-83.4306
"5527",2025-01-27,32,"Coweeta","Ozone","Macon",35.0608,-83.4306
"5528",2025-01-28,42,"Coweeta","Ozone","Macon",35.0608,-83.4306
"5529",2025-01-29,42,"Coweeta","Ozone","Macon",35.0608,-83.4306
"5530",2025-01-30,42,"Coweeta","Ozone","Macon",35.0608,-83.4306
"5531",2025-01-31,32,"Coweeta","Ozone","Macon",35.0608,-83.4306
"5532",2025-02-01,33,"Coweeta","Ozone","Macon",35.0608,-83.4306
"5533",2025-02-02,37,"Coweeta","Ozone","Macon",35.0608,-83.4306
"5534",2025-02-03,34,"Coweeta","Ozone","Macon",35.0608,-83.4306
"5535",2025-02-04,39,"Coweeta","Ozone","Macon",35.0608,-83.4306
"5536",2025-02-05,43,"Coweeta","Ozone","Macon",35.0608,-83.4306
"5537",2025-02-06,31,"Coweeta","Ozone","Macon",35.0608,-83.4306
"5538",2025-02-07,31,"Coweeta","Ozone","Macon",35.0608,-83.4306
"5539",2025-02-08,30,"Coweeta","Ozone","Macon",35.0608,-83.4306
"5540",2025-02-09,39,"Coweeta","Ozone","Macon",35.0608,-83.4306
"5541",2025-02-10,30,"Coweeta","Ozone","Macon",35.0608,-83.4306
"5542",2025-02-11,35,"Coweeta","Ozone","Macon",35.0608,-83.4306
"5543",2025-02-12,21,"Coweeta","Ozone","Macon",35.0608,-83.4306
"5544",2025-02-13,36,"Coweeta","Ozone","Macon",35.0608,-83.4306
"5545",2025-02-14,40,"Coweeta","Ozone","Macon",35.0608,-83.4306
"5546",2025-02-15,36,"Coweeta","Ozone","Macon",35.0608,-83.4306
"5547",2025-02-16,37,"Coweeta","Ozone","Macon",35.0608,-83.4306
"5548",2025-02-17,38,"Coweeta","Ozone","Macon",35.0608,-83.4306
"5549",2025-02-18,40,"Coweeta","Ozone","Macon",35.0608,-83.4306
"5550",2025-02-19,36,"Coweeta","Ozone","Macon",35.0608,-83.4306
"5551",2025-02-20,38,"Coweeta","Ozone","Macon",35.0608,-83.4306
"5552",2025-02-21,36,"Coweeta","Ozone","Macon",35.0608,-83.4306
"5553",2025-02-22,37,"Coweeta","Ozone","Macon",35.0608,-83.4306
"5554",2025-02-23,40,"Coweeta","Ozone","Macon",35.0608,-83.4306
"5555",2025-02-24,40,"Coweeta","Ozone","Macon",35.0608,-83.4306
"5556",2025-02-25,44,"Coweeta","Ozone","Macon",35.0608,-83.4306
"5557",2025-02-26,44,"Coweeta","Ozone","Macon",35.0608,-83.4306
"5558",2025-02-27,47,"Coweeta","Ozone","Macon",35.0608,-83.4306
"5559",2025-02-28,42,"Coweeta","Ozone","Macon",35.0608,-83.4306
"5560",2025-03-01,0,"Coweeta","Ozone","Macon",35.0608,-83.4306
"5561",2025-03-02,0,"Coweeta","Ozone","Macon",35.0608,-83.4306
"5562",2025-03-03,0,"Coweeta","Ozone","Macon",35.0608,-83.4306
"5563",2025-03-04,0,"Coweeta","Ozone","Macon",35.0608,-83.4306
"5564",2025-03-05,0,"Coweeta","Ozone","Macon",35.0608,-83.4306
"5565",2025-03-06,38,"Coweeta","Ozone","Macon",35.0608,-83.4306
"5566",2025-03-07,47,"Coweeta","Ozone","Macon",35.0608,-83.4306
"5567",2025-03-08,44,"Coweeta","Ozone","Macon",35.0608,-83.4306
"5568",2025-03-09,41,"Coweeta","Ozone","Macon",35.0608,-83.4306
"5569",2025-03-10,32,"Coweeta","Ozone","Macon",35.0608,-83.4306
"5570",2025-03-14,54,"Coweeta","Ozone","Macon",35.0608,-83.4306
"5571",2025-03-15,43,"Coweeta","Ozone","Macon",35.0608,-83.4306
"5572",2025-03-16,44,"Coweeta","Ozone","Macon",35.0608,-83.4306
"5573",2025-03-17,41,"Coweeta","Ozone","Macon",35.0608,-83.4306
"5574",2025-03-18,42,"Coweeta","Ozone","Macon",35.0608,-83.4306
"5575",2025-03-19,48,"Coweeta","Ozone","Macon",35.0608,-83.4306
"5576",2025-03-20,39,"Coweeta","Ozone","Macon",35.0608,-83.4306
"5577",2025-03-21,43,"Coweeta","Ozone","Macon",35.0608,-83.4306
"5578",2025-03-22,49,"Coweeta","Ozone","Macon",35.0608,-83.4306
"5579",2025-03-23,64,"Coweeta","Ozone","Macon",35.0608,-83.4306
"5580",2025-03-26,48,"Coweeta","Ozone","Macon",35.0608,-83.4306
"5581",2025-03-27,46,"Coweeta","Ozone","Macon",35.0608,-83.4306
"5582",2025-03-28,61,"Coweeta","Ozone","Macon",35.0608,-83.4306
"5583",2025-03-29,43,"Coweeta","Ozone","Macon",35.0608,-83.4306
"5584",2025-03-30,33,"Coweeta","Ozone","Macon",35.0608,-83.4306
"5585",2025-03-31,37,"Coweeta","Ozone","Macon",35.0608,-83.4306
"5586",2025-04-01,37,"Coweeta","Ozone","Macon",35.0608,-83.4306
"5587",2025-04-02,32,"Coweeta","Ozone","Macon",35.0608,-83.4306
"5588",2025-04-03,31,"Coweeta","Ozone","Macon",35.0608,-83.4306
"5589",2025-04-04,38,"Coweeta","Ozone","Macon",35.0608,-83.4306
"5590",2025-04-05,44,"Coweeta","Ozone","Macon",35.0608,-83.4306
"5591",2025-04-06,36,"Coweeta","Ozone","Macon",35.0608,-83.4306
"5592",2025-04-07,40,"Coweeta","Ozone","Macon",35.0608,-83.4306
"5593",2025-04-08,54,"Coweeta","Ozone","Macon",35.0608,-83.4306
"5594",2025-04-09,48,"Coweeta","Ozone","Macon",35.0608,-83.4306
"5595",2025-04-10,47,"Coweeta","Ozone","Macon",35.0608,-83.4306
"5596",2025-04-11,46,"Coweeta","Ozone","Macon",35.0608,-83.4306
"5597",2025-04-12,44,"Coweeta","Ozone","Macon",35.0608,-83.4306
"5598",2025-04-13,44,"Coweeta","Ozone","Macon",35.0608,-83.4306
"5599",2025-04-14,80,"Coweeta","Ozone","Macon",35.0608,-83.4306
"5600",2025-04-15,47,"Coweeta","Ozone","Macon",35.0608,-83.4306
"5601",2025-04-16,51,"Coweeta","Ozone","Macon",35.0608,-83.4306
"5602",2025-04-17,58,"Coweeta","Ozone","Macon",35.0608,-83.4306
"5603",2025-04-18,97,"Coweeta","Ozone","Macon",35.0608,-83.4306
"5604",2025-04-19,71,"Coweeta","Ozone","Macon",35.0608,-83.4306
"5605",2025-04-20,47,"Coweeta","Ozone","Macon",35.0608,-83.4306
"5606",2025-04-21,54,"Coweeta","Ozone","Macon",35.0608,-83.4306
"5607",2025-04-22,31,"Coweeta","Ozone","Macon",35.0608,-83.4306
"5608",2025-04-23,35,"Coweeta","Ozone","Macon",35.0608,-83.4306
"5609",2025-04-24,41,"Coweeta","Ozone","Macon",35.0608,-83.4306
"5610",2025-04-25,29,"Coweeta","Ozone","Macon",35.0608,-83.4306
"5611",2025-04-26,36,"Coweeta","Ozone","Macon",35.0608,-83.4306
"5612",2025-04-27,34,"Coweeta","Ozone","Macon",35.0608,-83.4306
"5613",2025-04-28,47,"Coweeta","Ozone","Macon",35.0608,-83.4306
"5614",2025-04-29,41,"Coweeta","Ozone","Macon",35.0608,-83.4306
"5615",2025-04-30,34,"Coweeta","Ozone","Macon",35.0608,-83.4306
"5616",2025-05-01,47,"Coweeta","Ozone","Macon",35.0608,-83.4306
"5617",2025-05-02,34,"Coweeta","Ozone","Macon",35.0608,-83.4306
"5618",2025-05-03,38,"Coweeta","Ozone","Macon",35.0608,-83.4306
"5619",2025-05-04,39,"Coweeta","Ozone","Macon",35.0608,-83.4306
"5620",2025-05-05,39,"Coweeta","Ozone","Macon",35.0608,-83.4306
"5621",2025-05-06,42,"Coweeta","Ozone","Macon",35.0608,-83.4306
"5622",2025-05-07,25,"Coweeta","Ozone","Macon",35.0608,-83.4306
"5623",2025-05-08,42,"Coweeta","Ozone","Macon",35.0608,-83.4306
"5624",2025-05-09,39,"Coweeta","Ozone","Macon",35.0608,-83.4306
"5625",2025-05-10,29,"Coweeta","Ozone","Macon",35.0608,-83.4306
"5626",2025-05-11,33,"Coweeta","Ozone","Macon",35.0608,-83.4306
"5627",2025-05-12,23,"Coweeta","Ozone","Macon",35.0608,-83.4306
"5628",2025-05-14,36,"Coweeta","Ozone","Macon",35.0608,-83.4306
"5629",2025-05-15,38,"Coweeta","Ozone","Macon",35.0608,-83.4306
"5630",2025-05-16,32,"Coweeta","Ozone","Macon",35.0608,-83.4306
"5631",2025-05-17,44,"Coweeta","Ozone","Macon",35.0608,-83.4306
"5632",2025-05-18,42,"Coweeta","Ozone","Macon",35.0608,-83.4306
"5633",2025-05-19,22,"Coweeta","Ozone","Macon",35.0608,-83.4306
"5634",2025-05-20,26,"Coweeta","Ozone","Macon",35.0608,-83.4306
"5635",2025-05-21,42,"Coweeta","Ozone","Macon",35.0608,-83.4306
"5636",2025-05-22,51,"Coweeta","Ozone","Macon",35.0608,-83.4306
"5637",2025-05-23,44,"Coweeta","Ozone","Macon",35.0608,-83.4306
"5638",2025-05-24,34,"Coweeta","Ozone","Macon",35.0608,-83.4306
"5639",2025-05-25,28,"Coweeta","Ozone","Macon",35.0608,-83.4306
"5640",2025-05-26,29,"Coweeta","Ozone","Macon",35.0608,-83.4306
"5641",2025-05-27,23,"Coweeta","Ozone","Macon",35.0608,-83.4306
"5642",2025-05-28,19,"Coweeta","Ozone","Macon",35.0608,-83.4306
"5643",2025-05-29,21,"Coweeta","Ozone","Macon",35.0608,-83.4306
"5644",2025-05-30,44,"Coweeta","Ozone","Macon",35.0608,-83.4306
"5645",2025-05-31,61,"Coweeta","Ozone","Macon",35.0608,-83.4306
"5646",2025-06-01,40,"Coweeta","Ozone","Macon",35.0608,-83.4306
"5647",2025-06-02,37,"Coweeta","Ozone","Macon",35.0608,-83.4306
"5648",2025-06-03,49,"Coweeta","Ozone","Macon",35.0608,-83.4306
"5649",2025-06-04,45,"Coweeta","Ozone","Macon",35.0608,-83.4306
"5650",2025-06-05,35,"Coweeta","Ozone","Macon",35.0608,-83.4306
"5651",2025-06-06,26,"Coweeta","Ozone","Macon",35.0608,-83.4306
"5652",2025-06-07,37,"Coweeta","Ozone","Macon",35.0608,-83.4306
"5653",2025-06-08,36,"Coweeta","Ozone","Macon",35.0608,-83.4306
"5654",2025-06-09,26,"Coweeta","Ozone","Macon",35.0608,-83.4306
"5655",2025-06-10,23,"Coweeta","Ozone","Macon",35.0608,-83.4306
"5656",2025-06-11,38,"Coweeta","Ozone","Macon",35.0608,-83.4306
"5657",2025-06-12,28,"Coweeta","Ozone","Macon",35.0608,-83.4306
"5658",2025-06-13,19,"Coweeta","Ozone","Macon",35.0608,-83.4306
"5659",2025-06-14,21,"Coweeta","Ozone","Macon",35.0608,-83.4306
"5660",2025-06-15,26,"Coweeta","Ozone","Macon",35.0608,-83.4306
"5661",2025-06-16,27,"Coweeta","Ozone","Macon",35.0608,-83.4306
"5662",2025-06-17,28,"Coweeta","Ozone","Macon",35.0608,-83.4306
"5663",2025-06-18,22,"Coweeta","Ozone","Macon",35.0608,-83.4306
"5664",2025-06-19,32,"Coweeta","Ozone","Macon",35.0608,-83.4306
"5665",2025-06-20,28,"Coweeta","Ozone","Macon",35.0608,-83.4306
"5666",2025-06-21,43,"Coweeta","Ozone","Macon",35.0608,-83.4306
"5667",2025-06-22,39,"Coweeta","Ozone","Macon",35.0608,-83.4306
"5668",2025-06-23,27,"Coweeta","Ozone","Macon",35.0608,-83.4306
"5669",2025-06-24,26,"Coweeta","Ozone","Macon",35.0608,-83.4306
"5670",2025-06-25,19,"Coweeta","Ozone","Macon",35.0608,-83.4306
"5671",2025-06-26,21,"Coweeta","Ozone","Macon",35.0608,-83.4306
"5672",2025-06-27,24,"Coweeta","Ozone","Macon",35.0608,-83.4306
"5673",2025-06-28,34,"Coweeta","Ozone","Macon",35.0608,-83.4306
"5674",2025-06-29,35,"Coweeta","Ozone","Macon",35.0608,-83.4306
"5675",2025-06-30,24,"Coweeta","Ozone","Macon",35.0608,-83.4306
"5676",2025-07-01,26,"Coweeta","Ozone","Macon",35.0608,-83.4306
"5677",2025-07-02,32,"Coweeta","Ozone","Macon",35.0608,-83.4306
"5678",2025-07-03,39,"Coweeta","Ozone","Macon",35.0608,-83.4306
"5679",2025-07-04,38,"Coweeta","Ozone","Macon",35.0608,-83.4306
"5680",2025-07-05,37,"Coweeta","Ozone","Macon",35.0608,-83.4306
"5681",2025-07-06,34,"Coweeta","Ozone","Macon",35.0608,-83.4306
"5682",2025-07-07,33,"Coweeta","Ozone","Macon",35.0608,-83.4306
"5683",2025-07-08,31,"Coweeta","Ozone","Macon",35.0608,-83.4306
"5684",2025-07-09,32,"Coweeta","Ozone","Macon",35.0608,-83.4306
"5685",2025-07-10,23,"Coweeta","Ozone","Macon",35.0608,-83.4306
"5686",2025-07-11,21,"Coweeta","Ozone","Macon",35.0608,-83.4306
"5687",2025-07-12,20,"Coweeta","Ozone","Macon",35.0608,-83.4306
"5688",2025-07-13,17,"Coweeta","Ozone","Macon",35.0608,-83.4306
"5689",2025-07-14,21,"Coweeta","Ozone","Macon",35.0608,-83.4306
"5690",2025-07-15,22,"Coweeta","Ozone","Macon",35.0608,-83.4306
"5691",2025-07-16,32,"Coweeta","Ozone","Macon",35.0608,-83.4306
"5692",2025-07-17,34,"Coweeta","Ozone","Macon",35.0608,-83.4306
"5693",2025-07-18,28,"Coweeta","Ozone","Macon",35.0608,-83.4306
"5694",2025-07-19,20,"Coweeta","Ozone","Macon",35.0608,-83.4306
"5695",2025-07-20,24,"Coweeta","Ozone","Macon",35.0608,-83.4306
"5696",2025-07-21,25,"Coweeta","Ozone","Macon",35.0608,-83.4306
"5697",2025-07-22,22,"Coweeta","Ozone","Macon",35.0608,-83.4306
"5698",2025-07-23,32,"Coweeta","Ozone","Macon",35.0608,-83.4306
"5699",2025-07-24,33,"Coweeta","Ozone","Macon",35.0608,-83.4306
"5700",2025-07-25,26,"Coweeta","Ozone","Macon",35.0608,-83.4306
"5701",2025-07-26,21,"Coweeta","Ozone","Macon",35.0608,-83.4306
"5702",2025-07-27,19,"Coweeta","Ozone","Macon",35.0608,-83.4306
"5703",2025-07-30,30,"Coweeta","Ozone","Macon",35.0608,-83.4306
"5704",2025-07-31,19,"Coweeta","Ozone","Macon",35.0608,-83.4306
"5705",2025-08-01,22,"Coweeta","Ozone","Macon",35.0608,-83.4306
"5706",2025-08-02,25,"Coweeta","Ozone","Macon",35.0608,-83.4306
"5707",2025-08-03,29,"Coweeta","Ozone","Macon",35.0608,-83.4306
"5708",2025-08-04,21,"Coweeta","Ozone","Macon",35.0608,-83.4306
"5709",2025-08-05,21,"Coweeta","Ozone","Macon",35.0608,-83.4306
"5710",2025-08-06,21,"Coweeta","Ozone","Macon",35.0608,-83.4306
"5711",2025-08-07,21,"Coweeta","Ozone","Macon",35.0608,-83.4306
"5712",2025-08-08,29,"Coweeta","Ozone","Macon",35.0608,-83.4306
"5713",2025-08-09,30,"Coweeta","Ozone","Macon",35.0608,-83.4306
"5714",2025-08-10,19,"Coweeta","Ozone","Macon",35.0608,-83.4306
"5715",2025-08-11,17,"Coweeta","Ozone","Macon",35.0608,-83.4306
"5716",2025-08-13,11,"Coweeta","Ozone","Macon",35.0608,-83.4306
"5717",2025-08-14,15,"Coweeta","Ozone","Macon",35.0608,-83.4306
"5718",2025-08-15,24,"Coweeta","Ozone","Macon",35.0608,-83.4306
"5719",2025-08-16,26,"Coweeta","Ozone","Macon",35.0608,-83.4306
"5720",2025-08-17,27,"Coweeta","Ozone","Macon",35.0608,-83.4306
"5721",2025-08-18,23,"Coweeta","Ozone","Macon",35.0608,-83.4306
"5722",2025-08-19,26,"Coweeta","Ozone","Macon",35.0608,-83.4306
"5723",2025-08-20,27,"Coweeta","Ozone","Macon",35.0608,-83.4306
"5724",2025-08-21,20,"Coweeta","Ozone","Macon",35.0608,-83.4306
"5725",2025-08-22,31,"Coweeta","Ozone","Macon",35.0608,-83.4306
"5726",2025-08-23,24,"Coweeta","Ozone","Macon",35.0608,-83.4306
"5727",2025-08-24,19,"Coweeta","Ozone","Macon",35.0608,-83.4306
"5728",2025-08-25,29,"Coweeta","Ozone","Macon",35.0608,-83.4306
"5729",2025-08-26,29,"Coweeta","Ozone","Macon",35.0608,-83.4306
"5730",2025-08-27,28,"Coweeta","Ozone","Macon",35.0608,-83.4306
"5731",2025-08-28,27,"Coweeta","Ozone","Macon",35.0608,-83.4306
"5732",2025-08-29,27,"Coweeta","Ozone","Macon",35.0608,-83.4306
"5733",2025-08-30,31,"Coweeta","Ozone","Macon",35.0608,-83.4306
"5734",2025-08-31,31,"Coweeta","Ozone","Macon",35.0608,-83.4306
"5735",2025-09-01,30,"Coweeta","Ozone","Macon",35.0608,-83.4306
"5736",2025-09-02,23,"Coweeta","Ozone","Macon",35.0608,-83.4306
"5737",2025-09-03,24,"Coweeta","Ozone","Macon",35.0608,-83.4306
"5738",2025-09-04,25,"Coweeta","Ozone","Macon",35.0608,-83.4306
"5739",2025-09-05,19,"Coweeta","Ozone","Macon",35.0608,-83.4306
"5740",2025-09-06,21,"Coweeta","Ozone","Macon",35.0608,-83.4306
"5741",2025-09-07,29,"Coweeta","Ozone","Macon",35.0608,-83.4306
"5742",2025-09-08,28,"Coweeta","Ozone","Macon",35.0608,-83.4306
"5743",2025-09-09,31,"Coweeta","Ozone","Macon",35.0608,-83.4306
"5744",2025-09-10,30,"Coweeta","Ozone","Macon",35.0608,-83.4306
"5745",2025-09-11,31,"Coweeta","Ozone","Macon",35.0608,-83.4306
"5746",2025-09-12,32,"Coweeta","Ozone","Macon",35.0608,-83.4306
"5747",2025-09-13,34,"Coweeta","Ozone","Macon",35.0608,-83.4306
"5748",2025-09-14,26,"Coweeta","Ozone","Macon",35.0608,-83.4306
"5749",2025-09-15,33,"Coweeta","Ozone","Macon",35.0608,-83.4306
"5750",2025-09-16,31,"Coweeta","Ozone","Macon",35.0608,-83.4306
"5751",2025-09-17,34,"Coweeta","Ozone","Macon",35.0608,-83.4306
"5752",2025-09-18,28,"Coweeta","Ozone","Macon",35.0608,-83.4306
"5753",2025-09-19,21,"Coweeta","Ozone","Macon",35.0608,-83.4306
"5754",2025-09-20,28,"Coweeta","Ozone","Macon",35.0608,-83.4306
"5755",2025-09-21,31,"Coweeta","Ozone","Macon",35.0608,-83.4306
"5756",2025-09-22,38,"Coweeta","Ozone","Macon",35.0608,-83.4306
"5757",2025-09-23,23,"Coweeta","Ozone","Macon",35.0608,-83.4306
"5758",2025-09-24,19,"Coweeta","Ozone","Macon",35.0608,-83.4306
"5759",2025-09-25,16,"Coweeta","Ozone","Macon",35.0608,-83.4306
"5760",2025-09-26,19,"Coweeta","Ozone","Macon",35.0608,-83.4306
"5761",2025-09-27,25,"Coweeta","Ozone","Macon",35.0608,-83.4306
"5762",2025-09-28,21,"Coweeta","Ozone","Macon",35.0608,-83.4306
"5763",2025-09-29,26,"Coweeta","Ozone","Macon",35.0608,-83.4306
"5764",2025-10-01,16,"Coweeta","Ozone","Macon",35.0608,-83.4306
"5765",2025-10-02,29,"Coweeta","Ozone","Macon",35.0608,-83.4306
"5766",2025-10-03,25,"Coweeta","Ozone","Macon",35.0608,-83.4306
"5767",2025-10-04,25,"Coweeta","Ozone","Macon",35.0608,-83.4306
"5768",2025-10-05,19,"Coweeta","Ozone","Macon",35.0608,-83.4306
"5769",2025-10-06,26,"Coweeta","Ozone","Macon",35.0608,-83.4306
"5770",2025-10-07,27,"Coweeta","Ozone","Macon",35.0608,-83.4306
"5771",2025-10-08,27,"Coweeta","Ozone","Macon",35.0608,-83.4306
"5772",2025-10-09,30,"Coweeta","Ozone","Macon",35.0608,-83.4306
"5773",2025-10-10,34,"Coweeta","Ozone","Macon",35.0608,-83.4306
"5774",2025-10-11,28,"Coweeta","Ozone","Macon",35.0608,-83.4306
"5775",2025-10-12,31,"Coweeta","Ozone","Macon",35.0608,-83.4306
"5776",2025-10-13,29,"Coweeta","Ozone","Macon",35.0608,-83.4306
"5777",2025-10-14,35,"Coweeta","Ozone","Macon",35.0608,-83.4306
"5778",2025-10-15,27,"Coweeta","Ozone","Macon",35.0608,-83.4306
"5779",2025-10-16,33,"Coweeta","Ozone","Macon",35.0608,-83.4306
"5780",2025-10-17,33,"Coweeta","Ozone","Macon",35.0608,-83.4306
"5781",2025-10-18,34,"Coweeta","Ozone","Macon",35.0608,-83.4306
"5782",2025-10-19,36,"Coweeta","Ozone","Macon",35.0608,-83.4306
"5783",2025-10-20,29,"Coweeta","Ozone","Macon",35.0608,-83.4306
"5784",2025-10-21,34,"Coweeta","Ozone","Macon",35.0608,-83.4306
"5785",2025-10-22,32,"Coweeta","Ozone","Macon",35.0608,-83.4306
"5786",2025-10-23,38,"Coweeta","Ozone","Macon",35.0608,-83.4306
"5787",2025-10-24,32,"Coweeta","Ozone","Macon",35.0608,-83.4306
"5788",2025-10-25,40,"Coweeta","Ozone","Macon",35.0608,-83.4306
"5789",2025-10-26,31,"Coweeta","Ozone","Macon",35.0608,-83.4306
"5790",2025-10-27,28,"Coweeta","Ozone","Macon",35.0608,-83.4306
"5791",2025-10-28,30,"Coweeta","Ozone","Macon",35.0608,-83.4306
"5792",2025-10-29,19,"Coweeta","Ozone","Macon",35.0608,-83.4306
"5793",2025-10-30,27,"Coweeta","Ozone","Macon",35.0608,-83.4306
"5794",2025-10-31,34,"Coweeta","Ozone","Macon",35.0608,-83.4306
"5795",2025-11-01,30,"Coweeta","Ozone","Macon",35.0608,-83.4306
"5796",2025-11-02,35,"Coweeta","Ozone","Macon",35.0608,-83.4306
"5797",2025-11-03,30,"Coweeta","Ozone","Macon",35.0608,-83.4306
"5798",2025-11-04,29,"Coweeta","Ozone","Macon",35.0608,-83.4306
"5799",2025-11-05,31,"Coweeta","Ozone","Macon",35.0608,-83.4306
"5800",2025-11-06,43,"Coweeta","Ozone","Macon",35.0608,-83.4306
"5801",2025-11-07,44,"Coweeta","Ozone","Macon",35.0608,-83.4306
"5802",2025-11-08,21,"Coweeta","Ozone","Macon",35.0608,-83.4306
"5803",2025-11-09,37,"Coweeta","Ozone","Macon",35.0608,-83.4306
"5804",2025-11-10,27,"Coweeta","Ozone","Macon",35.0608,-83.4306
"5805",2025-11-11,30,"Coweeta","Ozone","Macon",35.0608,-83.4306
"5806",2025-11-12,34,"Coweeta","Ozone","Macon",35.0608,-83.4306
"5807",2025-11-13,40,"Coweeta","Ozone","Macon",35.0608,-83.4306
"5808",2025-11-14,32,"Coweeta","Ozone","Macon",35.0608,-83.4306
"5809",2025-11-15,36,"Coweeta","Ozone","Macon",35.0608,-83.4306
"5810",2025-11-16,39,"Coweeta","Ozone","Macon",35.0608,-83.4306
"5811",2025-11-17,36,"Coweeta","Ozone","Macon",35.0608,-83.4306
"5812",2025-11-18,38,"Coweeta","Ozone","Macon",35.0608,-83.4306
"5813",2025-11-19,31,"Coweeta","Ozone","Macon",35.0608,-83.4306
"5814",2025-11-20,30,"Coweeta","Ozone","Macon",35.0608,-83.4306
"5815",2025-11-21,31,"Coweeta","Ozone","Macon",35.0608,-83.4306
"5816",2025-11-22,28,"Coweeta","Ozone","Macon",35.0608,-83.4306
"5817",2025-11-23,29,"Coweeta","Ozone","Macon",35.0608,-83.4306
"5818",2025-11-24,35,"Coweeta","Ozone","Macon",35.0608,-83.4306
"5819",2025-11-25,30,"Coweeta","Ozone","Macon",35.0608,-83.4306
"5820",2025-11-26,35,"Coweeta","Ozone","Macon",35.0608,-83.4306
"5821",2025-11-27,35,"Coweeta","Ozone","Macon",35.0608,-83.4306
"5822",2025-11-28,35,"Coweeta","Ozone","Macon",35.0608,-83.4306
"5823",2025-11-29,34,"Coweeta","Ozone","Macon",35.0608,-83.4306
"5824",2025-11-30,24,"Coweeta","Ozone","Macon",35.0608,-83.4306
"5825",2025-12-01,31,"Coweeta","Ozone","Macon",35.0608,-83.4306
"5826",2025-12-02,21,"Coweeta","Ozone","Macon",35.0608,-83.4306
"5827",2025-12-03,21,"Coweeta","Ozone","Macon",35.0608,-83.4306
"5828",2025-12-04,16,"Coweeta","Ozone","Macon",35.0608,-83.4306
"5829",2025-12-05,20,"Coweeta","Ozone","Macon",35.0608,-83.4306
"5830",2025-12-06,20,"Coweeta","Ozone","Macon",35.0608,-83.4306
"5831",2025-12-07,14,"Coweeta","Ozone","Macon",35.0608,-83.4306
"5832",2025-12-08,22,"Coweeta","Ozone","Macon",35.0608,-83.4306
"5833",2025-12-09,19,"Coweeta","Ozone","Macon",35.0608,-83.4306
"5834",2025-12-10,36,"Coweeta","Ozone","Macon",35.0608,-83.4306
"5835",2025-12-11,32,"Coweeta","Ozone","Macon",35.0608,-83.4306
"5836",2025-12-12,31,"Coweeta","Ozone","Macon",35.0608,-83.4306
"5837",2025-12-13,27,"Coweeta","Ozone","Macon",35.0608,-83.4306
"5838",2025-12-14,38,"Coweeta","Ozone","Macon",35.0608,-83.4306
"5839",2025-12-15,29,"Coweeta","Ozone","Macon",35.0608,-83.4306
"5840",2025-12-16,27,"Coweeta","Ozone","Macon",35.0608,-83.4306
"5841",2025-12-17,24,"Coweeta","Ozone","Macon",35.0608,-83.4306
"5842",2025-12-18,34,"Coweeta","Ozone","Macon",35.0608,-83.4306
"5843",2025-12-19,39,"Coweeta","Ozone","Macon",35.0608,-83.4306
"5844",2025-12-20,29,"Coweeta","Ozone","Macon",35.0608,-83.4306
"5845",2025-12-21,31,"Coweeta","Ozone","Macon",35.0608,-83.4306
"5846",2025-12-22,38,"Coweeta","Ozone","Macon",35.0608,-83.4306
"5847",2025-12-23,32,"Coweeta","Ozone","Macon",35.0608,-83.4306
"5848",2025-12-24,29,"Coweeta","Ozone","Macon",35.0608,-83.4306
"5849",2025-12-25,26,"Coweeta","Ozone","Macon",35.0608,-83.4306
"5850",2025-12-26,32,"Coweeta","Ozone","Macon",35.0608,-83.4306
"5851",2025-12-27,27,"Coweeta","Ozone","Macon",35.0608,-83.4306
"5852",2025-12-28,25,"Coweeta","Ozone","Macon",35.0608,-83.4306
"5853",2025-12-29,36,"Coweeta","Ozone","Macon",35.0608,-83.4306
"5854",2025-12-30,34,"Coweeta","Ozone","Macon",35.0608,-83.4306
"5855",2025-12-31,35,"Coweeta","Ozone","Macon",35.0608,-83.4306
"5856",2025-03-01,45,"Jamesville School","Ozone","Martin",35.81066,-76.9063
"5857",2025-03-02,39,"Jamesville School","Ozone","Martin",35.81066,-76.9063
"5858",2025-03-03,40,"Jamesville School","Ozone","Martin",35.81066,-76.9063
"5859",2025-03-04,39,"Jamesville School","Ozone","Martin",35.81066,-76.9063
"5860",2025-03-05,31,"Jamesville School","Ozone","Martin",35.81066,-76.9063
"5861",2025-03-06,32,"Jamesville School","Ozone","Martin",35.81066,-76.9063
"5862",2025-03-07,36,"Jamesville School","Ozone","Martin",35.81066,-76.9063
"5863",2025-03-08,41,"Jamesville School","Ozone","Martin",35.81066,-76.9063
"5864",2025-03-09,39,"Jamesville School","Ozone","Martin",35.81066,-76.9063
"5865",2025-03-10,39,"Jamesville School","Ozone","Martin",35.81066,-76.9063
"5866",2025-03-11,40,"Jamesville School","Ozone","Martin",35.81066,-76.9063
"5867",2025-03-12,50,"Jamesville School","Ozone","Martin",35.81066,-76.9063
"5868",2025-03-13,41,"Jamesville School","Ozone","Martin",35.81066,-76.9063
"5869",2025-03-14,33,"Jamesville School","Ozone","Martin",35.81066,-76.9063
"5870",2025-03-15,31,"Jamesville School","Ozone","Martin",35.81066,-76.9063
"5871",2025-03-16,28,"Jamesville School","Ozone","Martin",35.81066,-76.9063
"5872",2025-03-17,29,"Jamesville School","Ozone","Martin",35.81066,-76.9063
"5873",2025-03-18,39,"Jamesville School","Ozone","Martin",35.81066,-76.9063
"5874",2025-03-19,44,"Jamesville School","Ozone","Martin",35.81066,-76.9063
"5875",2025-03-20,41,"Jamesville School","Ozone","Martin",35.81066,-76.9063
"5876",2025-03-21,37,"Jamesville School","Ozone","Martin",35.81066,-76.9063
"5877",2025-03-22,46,"Jamesville School","Ozone","Martin",35.81066,-76.9063
"5878",2025-03-23,37,"Jamesville School","Ozone","Martin",35.81066,-76.9063
"5879",2025-03-24,42,"Jamesville School","Ozone","Martin",35.81066,-76.9063
"5880",2025-03-25,45,"Jamesville School","Ozone","Martin",35.81066,-76.9063
"5881",2025-03-26,43,"Jamesville School","Ozone","Martin",35.81066,-76.9063
"5882",2025-03-27,44,"Jamesville School","Ozone","Martin",35.81066,-76.9063
"5883",2025-03-28,45,"Jamesville School","Ozone","Martin",35.81066,-76.9063
"5884",2025-03-29,33,"Jamesville School","Ozone","Martin",35.81066,-76.9063
"5885",2025-03-30,32,"Jamesville School","Ozone","Martin",35.81066,-76.9063
"5886",2025-04-01,31,"Jamesville School","Ozone","Martin",35.81066,-76.9063
"5887",2025-04-02,33,"Jamesville School","Ozone","Martin",35.81066,-76.9063
"5888",2025-04-03,22,"Jamesville School","Ozone","Martin",35.81066,-76.9063
"5889",2025-04-04,24,"Jamesville School","Ozone","Martin",35.81066,-76.9063
"5890",2025-04-05,24,"Jamesville School","Ozone","Martin",35.81066,-76.9063
"5891",2025-04-06,31,"Jamesville School","Ozone","Martin",35.81066,-76.9063
"5892",2025-04-07,28,"Jamesville School","Ozone","Martin",35.81066,-76.9063
"5893",2025-04-08,34,"Jamesville School","Ozone","Martin",35.81066,-76.9063
"5894",2025-04-09,42,"Jamesville School","Ozone","Martin",35.81066,-76.9063
"5895",2025-04-10,41,"Jamesville School","Ozone","Martin",35.81066,-76.9063
"5896",2025-04-11,32,"Jamesville School","Ozone","Martin",35.81066,-76.9063
"5897",2025-04-12,31,"Jamesville School","Ozone","Martin",35.81066,-76.9063
"5898",2025-04-13,39,"Jamesville School","Ozone","Martin",35.81066,-76.9063
"5899",2025-04-14,44,"Jamesville School","Ozone","Martin",35.81066,-76.9063
"5900",2025-04-15,41,"Jamesville School","Ozone","Martin",35.81066,-76.9063
"5901",2025-04-16,42,"Jamesville School","Ozone","Martin",35.81066,-76.9063
"5902",2025-04-17,44,"Jamesville School","Ozone","Martin",35.81066,-76.9063
"5903",2025-04-18,44,"Jamesville School","Ozone","Martin",35.81066,-76.9063
"5904",2025-04-19,34,"Jamesville School","Ozone","Martin",35.81066,-76.9063
"5905",2025-04-20,35,"Jamesville School","Ozone","Martin",35.81066,-76.9063
"5906",2025-04-21,38,"Jamesville School","Ozone","Martin",35.81066,-76.9063
"5907",2025-04-22,35,"Jamesville School","Ozone","Martin",35.81066,-76.9063
"5908",2025-04-23,44,"Jamesville School","Ozone","Martin",35.81066,-76.9063
"5909",2025-04-24,40,"Jamesville School","Ozone","Martin",35.81066,-76.9063
"5910",2025-04-25,37,"Jamesville School","Ozone","Martin",35.81066,-76.9063
"5911",2025-04-26,34,"Jamesville School","Ozone","Martin",35.81066,-76.9063
"5912",2025-04-27,41,"Jamesville School","Ozone","Martin",35.81066,-76.9063
"5913",2025-04-28,43,"Jamesville School","Ozone","Martin",35.81066,-76.9063
"5914",2025-04-29,43,"Jamesville School","Ozone","Martin",35.81066,-76.9063
"5915",2025-04-30,39,"Jamesville School","Ozone","Martin",35.81066,-76.9063
"5916",2025-05-01,38,"Jamesville School","Ozone","Martin",35.81066,-76.9063
"5917",2025-05-02,37,"Jamesville School","Ozone","Martin",35.81066,-76.9063
"5918",2025-05-03,36,"Jamesville School","Ozone","Martin",35.81066,-76.9063
"5919",2025-05-04,30,"Jamesville School","Ozone","Martin",35.81066,-76.9063
"5920",2025-05-05,37,"Jamesville School","Ozone","Martin",35.81066,-76.9063
"5921",2025-05-06,44,"Jamesville School","Ozone","Martin",35.81066,-76.9063
"5922",2025-05-07,44,"Jamesville School","Ozone","Martin",35.81066,-76.9063
"5923",2025-05-08,42,"Jamesville School","Ozone","Martin",35.81066,-76.9063
"5924",2025-05-09,38,"Jamesville School","Ozone","Martin",35.81066,-76.9063
"5925",2025-05-10,44,"Jamesville School","Ozone","Martin",35.81066,-76.9063
"5926",2025-05-11,33,"Jamesville School","Ozone","Martin",35.81066,-76.9063
"5927",2025-05-12,27,"Jamesville School","Ozone","Martin",35.81066,-76.9063
"5928",2025-05-13,21,"Jamesville School","Ozone","Martin",35.81066,-76.9063
"5929",2025-05-14,28,"Jamesville School","Ozone","Martin",35.81066,-76.9063
"5930",2025-05-15,25,"Jamesville School","Ozone","Martin",35.81066,-76.9063
"5931",2025-05-16,31,"Jamesville School","Ozone","Martin",35.81066,-76.9063
"5932",2025-05-17,34,"Jamesville School","Ozone","Martin",35.81066,-76.9063
"5933",2025-05-18,37,"Jamesville School","Ozone","Martin",35.81066,-76.9063
"5934",2025-05-19,38,"Jamesville School","Ozone","Martin",35.81066,-76.9063
"5935",2025-05-20,35,"Jamesville School","Ozone","Martin",35.81066,-76.9063
"5936",2025-05-21,27,"Jamesville School","Ozone","Martin",35.81066,-76.9063
"5937",2025-05-22,41,"Jamesville School","Ozone","Martin",35.81066,-76.9063
"5938",2025-05-23,36,"Jamesville School","Ozone","Martin",35.81066,-76.9063
"5939",2025-05-24,41,"Jamesville School","Ozone","Martin",35.81066,-76.9063
"5940",2025-05-25,35,"Jamesville School","Ozone","Martin",35.81066,-76.9063
"5941",2025-05-26,28,"Jamesville School","Ozone","Martin",35.81066,-76.9063
"5942",2025-05-27,24,"Jamesville School","Ozone","Martin",35.81066,-76.9063
"5943",2025-05-28,19,"Jamesville School","Ozone","Martin",35.81066,-76.9063
"5944",2025-05-29,20,"Jamesville School","Ozone","Martin",35.81066,-76.9063
"5945",2025-05-30,32,"Jamesville School","Ozone","Martin",35.81066,-76.9063
"5946",2025-05-31,38,"Jamesville School","Ozone","Martin",35.81066,-76.9063
"5947",2025-06-01,38,"Jamesville School","Ozone","Martin",35.81066,-76.9063
"5948",2025-06-02,40,"Jamesville School","Ozone","Martin",35.81066,-76.9063
"5949",2025-06-03,40,"Jamesville School","Ozone","Martin",35.81066,-76.9063
"5950",2025-06-04,37,"Jamesville School","Ozone","Martin",35.81066,-76.9063
"5951",2025-06-05,18,"Jamesville School","Ozone","Martin",35.81066,-76.9063
"5952",2025-06-06,26,"Jamesville School","Ozone","Martin",35.81066,-76.9063
"5953",2025-06-07,30,"Jamesville School","Ozone","Martin",35.81066,-76.9063
"5954",2025-06-08,25,"Jamesville School","Ozone","Martin",35.81066,-76.9063
"5955",2025-06-09,33,"Jamesville School","Ozone","Martin",35.81066,-76.9063
"5956",2025-06-10,21,"Jamesville School","Ozone","Martin",35.81066,-76.9063
"5957",2025-06-11,23,"Jamesville School","Ozone","Martin",35.81066,-76.9063
"5958",2025-06-12,29,"Jamesville School","Ozone","Martin",35.81066,-76.9063
"5959",2025-06-13,16,"Jamesville School","Ozone","Martin",35.81066,-76.9063
"5960",2025-06-14,19,"Jamesville School","Ozone","Martin",35.81066,-76.9063
"5961",2025-06-15,26,"Jamesville School","Ozone","Martin",35.81066,-76.9063
"5962",2025-06-16,19,"Jamesville School","Ozone","Martin",35.81066,-76.9063
"5963",2025-06-17,24,"Jamesville School","Ozone","Martin",35.81066,-76.9063
"5964",2025-06-18,28,"Jamesville School","Ozone","Martin",35.81066,-76.9063
"5965",2025-06-19,27,"Jamesville School","Ozone","Martin",35.81066,-76.9063
"5966",2025-06-20,37,"Jamesville School","Ozone","Martin",35.81066,-76.9063
"5967",2025-06-21,33,"Jamesville School","Ozone","Martin",35.81066,-76.9063
"5968",2025-06-22,30,"Jamesville School","Ozone","Martin",35.81066,-76.9063
"5969",2025-06-23,32,"Jamesville School","Ozone","Martin",35.81066,-76.9063
"5970",2025-06-24,45,"Jamesville School","Ozone","Martin",35.81066,-76.9063
"5971",2025-06-25,48,"Jamesville School","Ozone","Martin",35.81066,-76.9063
"5972",2025-06-26,37,"Jamesville School","Ozone","Martin",35.81066,-76.9063
"5973",2025-06-27,38,"Jamesville School","Ozone","Martin",35.81066,-76.9063
"5974",2025-06-28,31,"Jamesville School","Ozone","Martin",35.81066,-76.9063
"5975",2025-06-29,29,"Jamesville School","Ozone","Martin",35.81066,-76.9063
"5976",2025-06-30,27,"Jamesville School","Ozone","Martin",35.81066,-76.9063
"5977",2025-07-01,27,"Jamesville School","Ozone","Martin",35.81066,-76.9063
"5978",2025-07-02,24,"Jamesville School","Ozone","Martin",35.81066,-76.9063
"5979",2025-07-03,33,"Jamesville School","Ozone","Martin",35.81066,-76.9063
"5980",2025-07-04,44,"Jamesville School","Ozone","Martin",35.81066,-76.9063
"5981",2025-07-05,36,"Jamesville School","Ozone","Martin",35.81066,-76.9063
"5982",2025-07-06,23,"Jamesville School","Ozone","Martin",35.81066,-76.9063
"5983",2025-07-07,27,"Jamesville School","Ozone","Martin",35.81066,-76.9063
"5984",2025-07-08,23,"Jamesville School","Ozone","Martin",35.81066,-76.9063
"5985",2025-07-09,22,"Jamesville School","Ozone","Martin",35.81066,-76.9063
"5986",2025-07-10,28,"Jamesville School","Ozone","Martin",35.81066,-76.9063
"5987",2025-07-11,29,"Jamesville School","Ozone","Martin",35.81066,-76.9063
"5988",2025-07-12,30,"Jamesville School","Ozone","Martin",35.81066,-76.9063
"5989",2025-07-13,26,"Jamesville School","Ozone","Martin",35.81066,-76.9063
"5990",2025-07-14,26,"Jamesville School","Ozone","Martin",35.81066,-76.9063
"5991",2025-07-15,24,"Jamesville School","Ozone","Martin",35.81066,-76.9063
"5992",2025-07-16,21,"Jamesville School","Ozone","Martin",35.81066,-76.9063
"5993",2025-07-17,24,"Jamesville School","Ozone","Martin",35.81066,-76.9063
"5994",2025-07-18,30,"Jamesville School","Ozone","Martin",35.81066,-76.9063
"5995",2025-07-19,25,"Jamesville School","Ozone","Martin",35.81066,-76.9063
"5996",2025-07-20,27,"Jamesville School","Ozone","Martin",35.81066,-76.9063
"5997",2025-07-21,31,"Jamesville School","Ozone","Martin",35.81066,-76.9063
"5998",2025-07-22,42,"Jamesville School","Ozone","Martin",35.81066,-76.9063
"5999",2025-07-23,31,"Jamesville School","Ozone","Martin",35.81066,-76.9063
"6000",2025-07-24,31,"Jamesville School","Ozone","Martin",35.81066,-76.9063
"6001",2025-07-25,35,"Jamesville School","Ozone","Martin",35.81066,-76.9063
"6002",2025-07-26,33,"Jamesville School","Ozone","Martin",35.81066,-76.9063
"6003",2025-07-27,32,"Jamesville School","Ozone","Martin",35.81066,-76.9063
"6004",2025-07-28,28,"Jamesville School","Ozone","Martin",35.81066,-76.9063
"6005",2025-07-29,35,"Jamesville School","Ozone","Martin",35.81066,-76.9063
"6006",2025-07-30,34,"Jamesville School","Ozone","Martin",35.81066,-76.9063
"6007",2025-07-31,30,"Jamesville School","Ozone","Martin",35.81066,-76.9063
"6008",2025-08-01,27,"Jamesville School","Ozone","Martin",35.81066,-76.9063
"6009",2025-08-02,30,"Jamesville School","Ozone","Martin",35.81066,-76.9063
"6010",2025-08-03,35,"Jamesville School","Ozone","Martin",35.81066,-76.9063
"6011",2025-08-04,36,"Jamesville School","Ozone","Martin",35.81066,-76.9063
"6012",2025-08-05,31,"Jamesville School","Ozone","Martin",35.81066,-76.9063
"6013",2025-08-06,27,"Jamesville School","Ozone","Martin",35.81066,-76.9063
"6014",2025-08-07,31,"Jamesville School","Ozone","Martin",35.81066,-76.9063
"6015",2025-08-08,24,"Jamesville School","Ozone","Martin",35.81066,-76.9063
"6016",2025-08-09,25,"Jamesville School","Ozone","Martin",35.81066,-76.9063
"6017",2025-08-10,24,"Jamesville School","Ozone","Martin",35.81066,-76.9063
"6018",2025-08-11,17,"Jamesville School","Ozone","Martin",35.81066,-76.9063
"6019",2025-08-12,14,"Jamesville School","Ozone","Martin",35.81066,-76.9063
"6020",2025-08-13,19,"Jamesville School","Ozone","Martin",35.81066,-76.9063
"6021",2025-08-14,19,"Jamesville School","Ozone","Martin",35.81066,-76.9063
"6022",2025-08-15,22,"Jamesville School","Ozone","Martin",35.81066,-76.9063
"6023",2025-08-16,30,"Jamesville School","Ozone","Martin",35.81066,-76.9063
"6024",2025-08-17,31,"Jamesville School","Ozone","Martin",35.81066,-76.9063
"6025",2025-08-18,25,"Jamesville School","Ozone","Martin",35.81066,-76.9063
"6026",2025-08-19,20,"Jamesville School","Ozone","Martin",35.81066,-76.9063
"6027",2025-08-20,20,"Jamesville School","Ozone","Martin",35.81066,-76.9063
"6028",2025-08-21,21,"Jamesville School","Ozone","Martin",35.81066,-76.9063
"6029",2025-08-22,37,"Jamesville School","Ozone","Martin",35.81066,-76.9063
"6030",2025-08-23,29,"Jamesville School","Ozone","Martin",35.81066,-76.9063
"6031",2025-08-24,25,"Jamesville School","Ozone","Martin",35.81066,-76.9063
"6032",2025-08-25,29,"Jamesville School","Ozone","Martin",35.81066,-76.9063
"6033",2025-08-26,33,"Jamesville School","Ozone","Martin",35.81066,-76.9063
"6034",2025-08-27,35,"Jamesville School","Ozone","Martin",35.81066,-76.9063
"6035",2025-08-28,37,"Jamesville School","Ozone","Martin",35.81066,-76.9063
"6036",2025-08-29,39,"Jamesville School","Ozone","Martin",35.81066,-76.9063
"6037",2025-08-30,36,"Jamesville School","Ozone","Martin",35.81066,-76.9063
"6038",2025-08-31,39,"Jamesville School","Ozone","Martin",35.81066,-76.9063
"6039",2025-09-01,31,"Jamesville School","Ozone","Martin",35.81066,-76.9063
"6040",2025-09-02,30,"Jamesville School","Ozone","Martin",35.81066,-76.9063
"6041",2025-09-03,34,"Jamesville School","Ozone","Martin",35.81066,-76.9063
"6042",2025-09-04,37,"Jamesville School","Ozone","Martin",35.81066,-76.9063
"6043",2025-09-05,34,"Jamesville School","Ozone","Martin",35.81066,-76.9063
"6044",2025-09-06,31,"Jamesville School","Ozone","Martin",35.81066,-76.9063
"6045",2025-09-07,22,"Jamesville School","Ozone","Martin",35.81066,-76.9063
"6046",2025-09-08,36,"Jamesville School","Ozone","Martin",35.81066,-76.9063
"6047",2025-09-09,26,"Jamesville School","Ozone","Martin",35.81066,-76.9063
"6048",2025-09-10,17,"Jamesville School","Ozone","Martin",35.81066,-76.9063
"6049",2025-09-11,24,"Jamesville School","Ozone","Martin",35.81066,-76.9063
"6050",2025-09-12,42,"Jamesville School","Ozone","Martin",35.81066,-76.9063
"6051",2025-09-13,37,"Jamesville School","Ozone","Martin",35.81066,-76.9063
"6052",2025-09-14,36,"Jamesville School","Ozone","Martin",35.81066,-76.9063
"6053",2025-09-15,33,"Jamesville School","Ozone","Martin",35.81066,-76.9063
"6054",2025-09-16,25,"Jamesville School","Ozone","Martin",35.81066,-76.9063
"6055",2025-09-17,21,"Jamesville School","Ozone","Martin",35.81066,-76.9063
"6056",2025-09-18,19,"Jamesville School","Ozone","Martin",35.81066,-76.9063
"6057",2025-09-19,39,"Jamesville School","Ozone","Martin",35.81066,-76.9063
"6058",2025-09-20,47,"Jamesville School","Ozone","Martin",35.81066,-76.9063
"6059",2025-09-21,32,"Jamesville School","Ozone","Martin",35.81066,-76.9063
"6060",2025-09-22,31,"Jamesville School","Ozone","Martin",35.81066,-76.9063
"6061",2025-09-23,28,"Jamesville School","Ozone","Martin",35.81066,-76.9063
"6062",2025-09-24,21,"Jamesville School","Ozone","Martin",35.81066,-76.9063
"6063",2025-09-25,28,"Jamesville School","Ozone","Martin",35.81066,-76.9063
"6064",2025-09-29,28,"Jamesville School","Ozone","Martin",35.81066,-76.9063
"6065",2025-09-30,37,"Jamesville School","Ozone","Martin",35.81066,-76.9063
"6066",2025-10-01,31,"Jamesville School","Ozone","Martin",35.81066,-76.9063
"6067",2025-10-02,27,"Jamesville School","Ozone","Martin",35.81066,-76.9063
"6068",2025-10-03,31,"Jamesville School","Ozone","Martin",35.81066,-76.9063
"6069",2025-10-04,33,"Jamesville School","Ozone","Martin",35.81066,-76.9063
"6070",2025-10-05,31,"Jamesville School","Ozone","Martin",35.81066,-76.9063
"6071",2025-10-06,30,"Jamesville School","Ozone","Martin",35.81066,-76.9063
"6072",2025-10-07,26,"Jamesville School","Ozone","Martin",35.81066,-76.9063
"6073",2025-10-08,21,"Jamesville School","Ozone","Martin",35.81066,-76.9063
"6074",2025-10-09,33,"Jamesville School","Ozone","Martin",35.81066,-76.9063
"6075",2025-10-10,31,"Jamesville School","Ozone","Martin",35.81066,-76.9063
"6076",2025-10-11,29,"Jamesville School","Ozone","Martin",35.81066,-76.9063
"6077",2025-10-12,28,"Jamesville School","Ozone","Martin",35.81066,-76.9063
"6078",2025-10-13,20,"Jamesville School","Ozone","Martin",35.81066,-76.9063
"6079",2025-10-14,19,"Jamesville School","Ozone","Martin",35.81066,-76.9063
"6080",2025-10-15,22,"Jamesville School","Ozone","Martin",35.81066,-76.9063
"6081",2025-10-16,35,"Jamesville School","Ozone","Martin",35.81066,-76.9063
"6082",2025-10-17,32,"Jamesville School","Ozone","Martin",35.81066,-76.9063
"6083",2025-10-18,39,"Jamesville School","Ozone","Martin",35.81066,-76.9063
"6084",2025-10-19,34,"Jamesville School","Ozone","Martin",35.81066,-76.9063
"6085",2025-10-20,31,"Jamesville School","Ozone","Martin",35.81066,-76.9063
"6086",2025-10-21,36,"Jamesville School","Ozone","Martin",35.81066,-76.9063
"6087",2025-10-22,38,"Jamesville School","Ozone","Martin",35.81066,-76.9063
"6088",2025-10-23,36,"Jamesville School","Ozone","Martin",35.81066,-76.9063
"6089",2025-10-24,34,"Jamesville School","Ozone","Martin",35.81066,-76.9063
"6090",2025-10-25,31,"Jamesville School","Ozone","Martin",35.81066,-76.9063
"6091",2025-10-26,28,"Jamesville School","Ozone","Martin",35.81066,-76.9063
"6092",2025-10-27,31,"Jamesville School","Ozone","Martin",35.81066,-76.9063
"6093",2025-10-28,23,"Jamesville School","Ozone","Martin",35.81066,-76.9063
"6094",2025-10-29,20,"Jamesville School","Ozone","Martin",35.81066,-76.9063
"6095",2025-10-30,27,"Jamesville School","Ozone","Martin",35.81066,-76.9063
"6096",2025-10-31,33,"Jamesville School","Ozone","Martin",35.81066,-76.9063
"6097",2025-11-01,31,"Jamesville School","Ozone","Martin",35.81066,-76.9063
"6098",2025-11-02,35,"Jamesville School","Ozone","Martin",35.81066,-76.9063
"6099",2025-01-01,30,"Garinger High School","Ozone","Mecklenburg",35.2401000008895,-80.785683
"6100",2025-01-02,29,"Garinger High School","Ozone","Mecklenburg",35.2401000008895,-80.785683
"6101",2025-01-03,30,"Garinger High School","Ozone","Mecklenburg",35.2401000008895,-80.785683
"6102",2025-01-04,31,"Garinger High School","Ozone","Mecklenburg",35.2401000008895,-80.785683
"6103",2025-01-05,24,"Garinger High School","Ozone","Mecklenburg",35.2401000008895,-80.785683
"6104",2025-01-06,22,"Garinger High School","Ozone","Mecklenburg",35.2401000008895,-80.785683
"6105",2025-01-07,27,"Garinger High School","Ozone","Mecklenburg",35.2401000008895,-80.785683
"6106",2025-01-08,25,"Garinger High School","Ozone","Mecklenburg",35.2401000008895,-80.785683
"6107",2025-01-09,35,"Garinger High School","Ozone","Mecklenburg",35.2401000008895,-80.785683
"6108",2025-01-10,23,"Garinger High School","Ozone","Mecklenburg",35.2401000008895,-80.785683
"6109",2025-01-11,30,"Garinger High School","Ozone","Mecklenburg",35.2401000008895,-80.785683
"6110",2025-01-12,33,"Garinger High School","Ozone","Mecklenburg",35.2401000008895,-80.785683
"6111",2025-01-13,26,"Garinger High School","Ozone","Mecklenburg",35.2401000008895,-80.785683
"6112",2025-01-14,36,"Garinger High School","Ozone","Mecklenburg",35.2401000008895,-80.785683
"6113",2025-01-15,32,"Garinger High School","Ozone","Mecklenburg",35.2401000008895,-80.785683
"6114",2025-01-16,36,"Garinger High School","Ozone","Mecklenburg",35.2401000008895,-80.785683
"6115",2025-01-17,35,"Garinger High School","Ozone","Mecklenburg",35.2401000008895,-80.785683
"6116",2025-01-18,29,"Garinger High School","Ozone","Mecklenburg",35.2401000008895,-80.785683
"6117",2025-01-19,26,"Garinger High School","Ozone","Mecklenburg",35.2401000008895,-80.785683
"6118",2025-01-20,33,"Garinger High School","Ozone","Mecklenburg",35.2401000008895,-80.785683
"6119",2025-01-21,28,"Garinger High School","Ozone","Mecklenburg",35.2401000008895,-80.785683
"6120",2025-01-22,33,"Garinger High School","Ozone","Mecklenburg",35.2401000008895,-80.785683
"6121",2025-01-23,29,"Garinger High School","Ozone","Mecklenburg",35.2401000008895,-80.785683
"6122",2025-01-24,34,"Garinger High School","Ozone","Mecklenburg",35.2401000008895,-80.785683
"6123",2025-01-25,36,"Garinger High School","Ozone","Mecklenburg",35.2401000008895,-80.785683
"6124",2025-01-26,36,"Garinger High School","Ozone","Mecklenburg",35.2401000008895,-80.785683
"6125",2025-01-27,23,"Garinger High School","Ozone","Mecklenburg",35.2401000008895,-80.785683
"6126",2025-01-28,35,"Garinger High School","Ozone","Mecklenburg",35.2401000008895,-80.785683
"6127",2025-01-29,38,"Garinger High School","Ozone","Mecklenburg",35.2401000008895,-80.785683
"6128",2025-01-30,37,"Garinger High School","Ozone","Mecklenburg",35.2401000008895,-80.785683
"6129",2025-01-31,38,"Garinger High School","Ozone","Mecklenburg",35.2401000008895,-80.785683
"6130",2025-02-01,37,"Garinger High School","Ozone","Mecklenburg",35.2401000008895,-80.785683
"6131",2025-02-02,35,"Garinger High School","Ozone","Mecklenburg",35.2401000008895,-80.785683
"6132",2025-02-03,36,"Garinger High School","Ozone","Mecklenburg",35.2401000008895,-80.785683
"6133",2025-02-04,41,"Garinger High School","Ozone","Mecklenburg",35.2401000008895,-80.785683
"6134",2025-02-05,31,"Garinger High School","Ozone","Mecklenburg",35.2401000008895,-80.785683
"6135",2025-02-06,31,"Garinger High School","Ozone","Mecklenburg",35.2401000008895,-80.785683
"6136",2025-02-07,34,"Garinger High School","Ozone","Mecklenburg",35.2401000008895,-80.785683
"6137",2025-02-08,29,"Garinger High School","Ozone","Mecklenburg",35.2401000008895,-80.785683
"6138",2025-02-09,39,"Garinger High School","Ozone","Mecklenburg",35.2401000008895,-80.785683
"6139",2025-02-10,26,"Garinger High School","Ozone","Mecklenburg",35.2401000008895,-80.785683
"6140",2025-02-11,28,"Garinger High School","Ozone","Mecklenburg",35.2401000008895,-80.785683
"6141",2025-02-12,20,"Garinger High School","Ozone","Mecklenburg",35.2401000008895,-80.785683
"6142",2025-02-14,35,"Garinger High School","Ozone","Mecklenburg",35.2401000008895,-80.785683
"6143",2025-02-15,23,"Garinger High School","Ozone","Mecklenburg",35.2401000008895,-80.785683
"6144",2025-02-16,33,"Garinger High School","Ozone","Mecklenburg",35.2401000008895,-80.785683
"6145",2025-02-17,39,"Garinger High School","Ozone","Mecklenburg",35.2401000008895,-80.785683
"6146",2025-02-18,37,"Garinger High School","Ozone","Mecklenburg",35.2401000008895,-80.785683
"6147",2025-02-19,27,"Garinger High School","Ozone","Mecklenburg",35.2401000008895,-80.785683
"6148",2025-02-20,35,"Garinger High School","Ozone","Mecklenburg",35.2401000008895,-80.785683
"6149",2025-02-21,32,"Garinger High School","Ozone","Mecklenburg",35.2401000008895,-80.785683
"6150",2025-02-22,40,"Garinger High School","Ozone","Mecklenburg",35.2401000008895,-80.785683
"6151",2025-02-23,44,"Garinger High School","Ozone","Mecklenburg",35.2401000008895,-80.785683
"6152",2025-02-24,50,"Garinger High School","Ozone","Mecklenburg",35.2401000008895,-80.785683
"6153",2025-02-25,49,"Garinger High School","Ozone","Mecklenburg",35.2401000008895,-80.785683
"6154",2025-02-26,51,"Garinger High School","Ozone","Mecklenburg",35.2401000008895,-80.785683
"6155",2025-02-27,46,"Garinger High School","Ozone","Mecklenburg",35.2401000008895,-80.785683
"6156",2025-02-28,45,"Garinger High School","Ozone","Mecklenburg",35.2401000008895,-80.785683
"6157",2025-03-01,49,"Garinger High School","Ozone","Mecklenburg",35.2401000008895,-80.785683
"6158",2025-03-02,40,"Garinger High School","Ozone","Mecklenburg",35.2401000008895,-80.785683
"6159",2025-03-03,42,"Garinger High School","Ozone","Mecklenburg",35.2401000008895,-80.785683
"6160",2025-03-04,42,"Garinger High School","Ozone","Mecklenburg",35.2401000008895,-80.785683
"6161",2025-03-05,42,"Garinger High School","Ozone","Mecklenburg",35.2401000008895,-80.785683
"6162",2025-03-06,35,"Garinger High School","Ozone","Mecklenburg",35.2401000008895,-80.785683
"6163",2025-03-07,39,"Garinger High School","Ozone","Mecklenburg",35.2401000008895,-80.785683
"6164",2025-03-08,44,"Garinger High School","Ozone","Mecklenburg",35.2401000008895,-80.785683
"6165",2025-03-09,43,"Garinger High School","Ozone","Mecklenburg",35.2401000008895,-80.785683
"6166",2025-03-10,30,"Garinger High School","Ozone","Mecklenburg",35.2401000008895,-80.785683
"6167",2025-03-11,49,"Garinger High School","Ozone","Mecklenburg",35.2401000008895,-80.785683
"6168",2025-03-12,74,"Garinger High School","Ozone","Mecklenburg",35.2401000008895,-80.785683
"6169",2025-03-13,54,"Garinger High School","Ozone","Mecklenburg",35.2401000008895,-80.785683
"6170",2025-03-14,48,"Garinger High School","Ozone","Mecklenburg",35.2401000008895,-80.785683
"6171",2025-03-15,36,"Garinger High School","Ozone","Mecklenburg",35.2401000008895,-80.785683
"6172",2025-03-16,39,"Garinger High School","Ozone","Mecklenburg",35.2401000008895,-80.785683
"6173",2025-03-17,33,"Garinger High School","Ozone","Mecklenburg",35.2401000008895,-80.785683
"6174",2025-03-18,42,"Garinger High School","Ozone","Mecklenburg",35.2401000008895,-80.785683
"6175",2025-03-19,50,"Garinger High School","Ozone","Mecklenburg",35.2401000008895,-80.785683
"6176",2025-03-20,41,"Garinger High School","Ozone","Mecklenburg",35.2401000008895,-80.785683
"6177",2025-03-21,44,"Garinger High School","Ozone","Mecklenburg",35.2401000008895,-80.785683
"6178",2025-03-22,54,"Garinger High School","Ozone","Mecklenburg",35.2401000008895,-80.785683
"6179",2025-03-23,48,"Garinger High School","Ozone","Mecklenburg",35.2401000008895,-80.785683
"6180",2025-03-24,40,"Garinger High School","Ozone","Mecklenburg",35.2401000008895,-80.785683
"6181",2025-03-25,49,"Garinger High School","Ozone","Mecklenburg",35.2401000008895,-80.785683
"6182",2025-03-26,46,"Garinger High School","Ozone","Mecklenburg",35.2401000008895,-80.785683
"6183",2025-03-27,48,"Garinger High School","Ozone","Mecklenburg",35.2401000008895,-80.785683
"6184",2025-03-28,58,"Garinger High School","Ozone","Mecklenburg",35.2401000008895,-80.785683
"6185",2025-03-29,43,"Garinger High School","Ozone","Mecklenburg",35.2401000008895,-80.785683
"6186",2025-03-30,40,"Garinger High School","Ozone","Mecklenburg",35.2401000008895,-80.785683
"6187",2025-03-31,24,"Garinger High School","Ozone","Mecklenburg",35.2401000008895,-80.785683
"6188",2025-04-01,37,"Garinger High School","Ozone","Mecklenburg",35.2401000008895,-80.785683
"6189",2025-04-02,28,"Garinger High School","Ozone","Mecklenburg",35.2401000008895,-80.785683
"6190",2025-04-03,27,"Garinger High School","Ozone","Mecklenburg",35.2401000008895,-80.785683
"6191",2025-04-04,32,"Garinger High School","Ozone","Mecklenburg",35.2401000008895,-80.785683
"6192",2025-04-05,35,"Garinger High School","Ozone","Mecklenburg",35.2401000008895,-80.785683
"6193",2025-04-06,38,"Garinger High School","Ozone","Mecklenburg",35.2401000008895,-80.785683
"6194",2025-04-07,28,"Garinger High School","Ozone","Mecklenburg",35.2401000008895,-80.785683
"6195",2025-04-08,51,"Garinger High School","Ozone","Mecklenburg",35.2401000008895,-80.785683
"6196",2025-04-09,47,"Garinger High School","Ozone","Mecklenburg",35.2401000008895,-80.785683
"6197",2025-04-10,41,"Garinger High School","Ozone","Mecklenburg",35.2401000008895,-80.785683
"6198",2025-04-11,40,"Garinger High School","Ozone","Mecklenburg",35.2401000008895,-80.785683
"6199",2025-04-12,38,"Garinger High School","Ozone","Mecklenburg",35.2401000008895,-80.785683
"6200",2025-04-13,48,"Garinger High School","Ozone","Mecklenburg",35.2401000008895,-80.785683
"6201",2025-04-14,77,"Garinger High School","Ozone","Mecklenburg",35.2401000008895,-80.785683
"6202",2025-04-15,44,"Garinger High School","Ozone","Mecklenburg",35.2401000008895,-80.785683
"6203",2025-04-16,47,"Garinger High School","Ozone","Mecklenburg",35.2401000008895,-80.785683
"6204",2025-04-17,77,"Garinger High School","Ozone","Mecklenburg",35.2401000008895,-80.785683
"6205",2025-04-18,71,"Garinger High School","Ozone","Mecklenburg",35.2401000008895,-80.785683
"6206",2025-04-19,45,"Garinger High School","Ozone","Mecklenburg",35.2401000008895,-80.785683
"6207",2025-04-20,38,"Garinger High School","Ozone","Mecklenburg",35.2401000008895,-80.785683
"6208",2025-04-21,46,"Garinger High School","Ozone","Mecklenburg",35.2401000008895,-80.785683
"6209",2025-04-22,44,"Garinger High School","Ozone","Mecklenburg",35.2401000008895,-80.785683
"6210",2025-04-23,46,"Garinger High School","Ozone","Mecklenburg",35.2401000008895,-80.785683
"6211",2025-04-24,26,"Garinger High School","Ozone","Mecklenburg",35.2401000008895,-80.785683
"6212",2025-04-25,38,"Garinger High School","Ozone","Mecklenburg",35.2401000008895,-80.785683
"6213",2025-04-26,40,"Garinger High School","Ozone","Mecklenburg",35.2401000008895,-80.785683
"6214",2025-04-27,54,"Garinger High School","Ozone","Mecklenburg",35.2401000008895,-80.785683
"6215",2025-04-28,51,"Garinger High School","Ozone","Mecklenburg",35.2401000008895,-80.785683
"6216",2025-04-29,44,"Garinger High School","Ozone","Mecklenburg",35.2401000008895,-80.785683
"6217",2025-04-30,44,"Garinger High School","Ozone","Mecklenburg",35.2401000008895,-80.785683
"6218",2025-05-01,43,"Garinger High School","Ozone","Mecklenburg",35.2401000008895,-80.785683
"6219",2025-05-02,43,"Garinger High School","Ozone","Mecklenburg",35.2401000008895,-80.785683
"6220",2025-05-03,31,"Garinger High School","Ozone","Mecklenburg",35.2401000008895,-80.785683
"6221",2025-05-04,40,"Garinger High School","Ozone","Mecklenburg",35.2401000008895,-80.785683
"6222",2025-05-05,44,"Garinger High School","Ozone","Mecklenburg",35.2401000008895,-80.785683
"6223",2025-05-06,47,"Garinger High School","Ozone","Mecklenburg",35.2401000008895,-80.785683
"6224",2025-05-07,43,"Garinger High School","Ozone","Mecklenburg",35.2401000008895,-80.785683
"6225",2025-05-08,47,"Garinger High School","Ozone","Mecklenburg",35.2401000008895,-80.785683
"6226",2025-05-09,47,"Garinger High School","Ozone","Mecklenburg",35.2401000008895,-80.785683
"6227",2025-05-10,37,"Garinger High School","Ozone","Mecklenburg",35.2401000008895,-80.785683
"6228",2025-05-11,30,"Garinger High School","Ozone","Mecklenburg",35.2401000008895,-80.785683
"6229",2025-05-12,22,"Garinger High School","Ozone","Mecklenburg",35.2401000008895,-80.785683
"6230",2025-05-13,39,"Garinger High School","Ozone","Mecklenburg",35.2401000008895,-80.785683
"6231",2025-05-14,42,"Garinger High School","Ozone","Mecklenburg",35.2401000008895,-80.785683
"6232",2025-05-15,44,"Garinger High School","Ozone","Mecklenburg",35.2401000008895,-80.785683
"6233",2025-05-16,44,"Garinger High School","Ozone","Mecklenburg",35.2401000008895,-80.785683
"6234",2025-05-17,41,"Garinger High School","Ozone","Mecklenburg",35.2401000008895,-80.785683
"6235",2025-05-18,44,"Garinger High School","Ozone","Mecklenburg",35.2401000008895,-80.785683
"6236",2025-05-19,47,"Garinger High School","Ozone","Mecklenburg",35.2401000008895,-80.785683
"6237",2025-05-20,44,"Garinger High School","Ozone","Mecklenburg",35.2401000008895,-80.785683
"6238",2025-05-21,43,"Garinger High School","Ozone","Mecklenburg",35.2401000008895,-80.785683
"6239",2025-05-22,50,"Garinger High School","Ozone","Mecklenburg",35.2401000008895,-80.785683
"6240",2025-05-23,44,"Garinger High School","Ozone","Mecklenburg",35.2401000008895,-80.785683
"6241",2025-05-24,44,"Garinger High School","Ozone","Mecklenburg",35.2401000008895,-80.785683
"6242",2025-05-25,39,"Garinger High School","Ozone","Mecklenburg",35.2401000008895,-80.785683
"6243",2025-05-26,30,"Garinger High School","Ozone","Mecklenburg",35.2401000008895,-80.785683
"6244",2025-05-27,25,"Garinger High School","Ozone","Mecklenburg",35.2401000008895,-80.785683
"6245",2025-05-28,24,"Garinger High School","Ozone","Mecklenburg",35.2401000008895,-80.785683
"6246",2025-05-29,31,"Garinger High School","Ozone","Mecklenburg",35.2401000008895,-80.785683
"6247",2025-05-30,35,"Garinger High School","Ozone","Mecklenburg",35.2401000008895,-80.785683
"6248",2025-05-31,45,"Garinger High School","Ozone","Mecklenburg",35.2401000008895,-80.785683
"6249",2025-06-01,50,"Garinger High School","Ozone","Mecklenburg",35.2401000008895,-80.785683
"6250",2025-06-02,50,"Garinger High School","Ozone","Mecklenburg",35.2401000008895,-80.785683
"6251",2025-06-03,61,"Garinger High School","Ozone","Mecklenburg",35.2401000008895,-80.785683
"6252",2025-06-04,49,"Garinger High School","Ozone","Mecklenburg",35.2401000008895,-80.785683
"6253",2025-06-05,25,"Garinger High School","Ozone","Mecklenburg",35.2401000008895,-80.785683
"6254",2025-06-06,48,"Garinger High School","Ozone","Mecklenburg",35.2401000008895,-80.785683
"6255",2025-06-07,40,"Garinger High School","Ozone","Mecklenburg",35.2401000008895,-80.785683
"6256",2025-06-08,36,"Garinger High School","Ozone","Mecklenburg",35.2401000008895,-80.785683
"6257",2025-06-09,46,"Garinger High School","Ozone","Mecklenburg",35.2401000008895,-80.785683
"6258",2025-06-10,33,"Garinger High School","Ozone","Mecklenburg",35.2401000008895,-80.785683
"6259",2025-06-11,77,"Garinger High School","Ozone","Mecklenburg",35.2401000008895,-80.785683
"6260",2025-06-12,44,"Garinger High School","Ozone","Mecklenburg",35.2401000008895,-80.785683
"6261",2025-06-13,29,"Garinger High School","Ozone","Mecklenburg",35.2401000008895,-80.785683
"6262",2025-06-14,28,"Garinger High School","Ozone","Mecklenburg",35.2401000008895,-80.785683
"6263",2025-06-15,28,"Garinger High School","Ozone","Mecklenburg",35.2401000008895,-80.785683
"6264",2025-06-16,31,"Garinger High School","Ozone","Mecklenburg",35.2401000008895,-80.785683
"6265",2025-06-17,29,"Garinger High School","Ozone","Mecklenburg",35.2401000008895,-80.785683
"6266",2025-06-18,30,"Garinger High School","Ozone","Mecklenburg",35.2401000008895,-80.785683
"6267",2025-06-19,28,"Garinger High School","Ozone","Mecklenburg",35.2401000008895,-80.785683
"6268",2025-06-20,58,"Garinger High School","Ozone","Mecklenburg",35.2401000008895,-80.785683
"6269",2025-06-21,67,"Garinger High School","Ozone","Mecklenburg",35.2401000008895,-80.785683
"6270",2025-06-22,67,"Garinger High School","Ozone","Mecklenburg",35.2401000008895,-80.785683
"6271",2025-06-23,71,"Garinger High School","Ozone","Mecklenburg",35.2401000008895,-80.785683
"6272",2025-06-24,46,"Garinger High School","Ozone","Mecklenburg",35.2401000008895,-80.785683
"6273",2025-06-25,74,"Garinger High School","Ozone","Mecklenburg",35.2401000008895,-80.785683
"6274",2025-06-26,67,"Garinger High School","Ozone","Mecklenburg",35.2401000008895,-80.785683
"6275",2025-06-27,58,"Garinger High School","Ozone","Mecklenburg",35.2401000008895,-80.785683
"6276",2025-06-28,46,"Garinger High School","Ozone","Mecklenburg",35.2401000008895,-80.785683
"6277",2025-06-29,50,"Garinger High School","Ozone","Mecklenburg",35.2401000008895,-80.785683
"6278",2025-06-30,42,"Garinger High School","Ozone","Mecklenburg",35.2401000008895,-80.785683
"6279",2025-07-01,40,"Garinger High School","Ozone","Mecklenburg",35.2401000008895,-80.785683
"6280",2025-07-02,40,"Garinger High School","Ozone","Mecklenburg",35.2401000008895,-80.785683
"6281",2025-07-03,51,"Garinger High School","Ozone","Mecklenburg",35.2401000008895,-80.785683
"6282",2025-07-04,47,"Garinger High School","Ozone","Mecklenburg",35.2401000008895,-80.785683
"6283",2025-07-05,45,"Garinger High School","Ozone","Mecklenburg",35.2401000008895,-80.785683
"6284",2025-07-06,27,"Garinger High School","Ozone","Mecklenburg",35.2401000008895,-80.785683
"6285",2025-07-07,54,"Garinger High School","Ozone","Mecklenburg",35.2401000008895,-80.785683
"6286",2025-07-08,80,"Garinger High School","Ozone","Mecklenburg",35.2401000008895,-80.785683
"6287",2025-07-09,48,"Garinger High School","Ozone","Mecklenburg",35.2401000008895,-80.785683
"6288",2025-07-10,54,"Garinger High School","Ozone","Mecklenburg",35.2401000008895,-80.785683
"6289",2025-07-11,44,"Garinger High School","Ozone","Mecklenburg",35.2401000008895,-80.785683
"6290",2025-07-12,48,"Garinger High School","Ozone","Mecklenburg",35.2401000008895,-80.785683
"6291",2025-07-13,36,"Garinger High School","Ozone","Mecklenburg",35.2401000008895,-80.785683
"6292",2025-07-14,71,"Garinger High School","Ozone","Mecklenburg",35.2401000008895,-80.785683
"6293",2025-07-15,37,"Garinger High School","Ozone","Mecklenburg",35.2401000008895,-80.785683
"6294",2025-07-16,36,"Garinger High School","Ozone","Mecklenburg",35.2401000008895,-80.785683
"6295",2025-07-17,33,"Garinger High School","Ozone","Mecklenburg",35.2401000008895,-80.785683
"6296",2025-07-18,33,"Garinger High School","Ozone","Mecklenburg",35.2401000008895,-80.785683
"6297",2025-07-19,42,"Garinger High School","Ozone","Mecklenburg",35.2401000008895,-80.785683
"6298",2025-07-20,36,"Garinger High School","Ozone","Mecklenburg",35.2401000008895,-80.785683
"6299",2025-07-21,40,"Garinger High School","Ozone","Mecklenburg",35.2401000008895,-80.785683
"6300",2025-07-22,32,"Garinger High School","Ozone","Mecklenburg",35.2401000008895,-80.785683
"6301",2025-07-23,49,"Garinger High School","Ozone","Mecklenburg",35.2401000008895,-80.785683
"6302",2025-07-24,44,"Garinger High School","Ozone","Mecklenburg",35.2401000008895,-80.785683
"6303",2025-07-25,45,"Garinger High School","Ozone","Mecklenburg",35.2401000008895,-80.785683
"6304",2025-07-26,64,"Garinger High School","Ozone","Mecklenburg",35.2401000008895,-80.785683
"6305",2025-07-27,44,"Garinger High School","Ozone","Mecklenburg",35.2401000008895,-80.785683
"6306",2025-07-28,44,"Garinger High School","Ozone","Mecklenburg",35.2401000008895,-80.785683
"6307",2025-07-29,42,"Garinger High School","Ozone","Mecklenburg",35.2401000008895,-80.785683
"6308",2025-07-30,46,"Garinger High School","Ozone","Mecklenburg",35.2401000008895,-80.785683
"6309",2025-07-31,45,"Garinger High School","Ozone","Mecklenburg",35.2401000008895,-80.785683
"6310",2025-08-01,37,"Garinger High School","Ozone","Mecklenburg",35.2401000008895,-80.785683
"6311",2025-08-02,24,"Garinger High School","Ozone","Mecklenburg",35.2401000008895,-80.785683
"6312",2025-08-03,33,"Garinger High School","Ozone","Mecklenburg",35.2401000008895,-80.785683
"6313",2025-08-04,36,"Garinger High School","Ozone","Mecklenburg",35.2401000008895,-80.785683
"6314",2025-08-05,33,"Garinger High School","Ozone","Mecklenburg",35.2401000008895,-80.785683
"6315",2025-08-06,24,"Garinger High School","Ozone","Mecklenburg",35.2401000008895,-80.785683
"6316",2025-08-07,29,"Garinger High School","Ozone","Mecklenburg",35.2401000008895,-80.785683
"6317",2025-08-08,34,"Garinger High School","Ozone","Mecklenburg",35.2401000008895,-80.785683
"6318",2025-08-09,32,"Garinger High School","Ozone","Mecklenburg",35.2401000008895,-80.785683
"6319",2025-08-10,26,"Garinger High School","Ozone","Mecklenburg",35.2401000008895,-80.785683
"6320",2025-08-11,17,"Garinger High School","Ozone","Mecklenburg",35.2401000008895,-80.785683
"6321",2025-08-12,22,"Garinger High School","Ozone","Mecklenburg",35.2401000008895,-80.785683
"6322",2025-08-13,21,"Garinger High School","Ozone","Mecklenburg",35.2401000008895,-80.785683
"6323",2025-08-14,31,"Garinger High School","Ozone","Mecklenburg",35.2401000008895,-80.785683
"6324",2025-08-15,42,"Garinger High School","Ozone","Mecklenburg",35.2401000008895,-80.785683
"6325",2025-08-16,43,"Garinger High School","Ozone","Mecklenburg",35.2401000008895,-80.785683
"6326",2025-08-17,45,"Garinger High School","Ozone","Mecklenburg",35.2401000008895,-80.785683
"6327",2025-08-18,43,"Garinger High School","Ozone","Mecklenburg",35.2401000008895,-80.785683
"6328",2025-08-19,41,"Garinger High School","Ozone","Mecklenburg",35.2401000008895,-80.785683
"6329",2025-08-20,41,"Garinger High School","Ozone","Mecklenburg",35.2401000008895,-80.785683
"6330",2025-08-21,39,"Garinger High School","Ozone","Mecklenburg",35.2401000008895,-80.785683
"6331",2025-08-22,25,"Garinger High School","Ozone","Mecklenburg",35.2401000008895,-80.785683
"6332",2025-08-23,31,"Garinger High School","Ozone","Mecklenburg",35.2401000008895,-80.785683
"6333",2025-08-24,46,"Garinger High School","Ozone","Mecklenburg",35.2401000008895,-80.785683
"6334",2025-08-25,45,"Garinger High School","Ozone","Mecklenburg",35.2401000008895,-80.785683
"6335",2025-08-26,41,"Garinger High School","Ozone","Mecklenburg",35.2401000008895,-80.785683
"6336",2025-08-27,45,"Garinger High School","Ozone","Mecklenburg",35.2401000008895,-80.785683
"6337",2025-08-28,45,"Garinger High School","Ozone","Mecklenburg",35.2401000008895,-80.785683
"6338",2025-08-29,49,"Garinger High School","Ozone","Mecklenburg",35.2401000008895,-80.785683
"6339",2025-08-30,44,"Garinger High School","Ozone","Mecklenburg",35.2401000008895,-80.785683
"6340",2025-08-31,37,"Garinger High School","Ozone","Mecklenburg",35.2401000008895,-80.785683
"6341",2025-09-01,39,"Garinger High School","Ozone","Mecklenburg",35.2401000008895,-80.785683
"6342",2025-09-02,43,"Garinger High School","Ozone","Mecklenburg",35.2401000008895,-80.785683
"6343",2025-09-03,47,"Garinger High School","Ozone","Mecklenburg",35.2401000008895,-80.785683
"6344",2025-09-04,38,"Garinger High School","Ozone","Mecklenburg",35.2401000008895,-80.785683
"6345",2025-09-05,42,"Garinger High School","Ozone","Mecklenburg",35.2401000008895,-80.785683
"6346",2025-09-06,36,"Garinger High School","Ozone","Mecklenburg",35.2401000008895,-80.785683
"6347",2025-09-07,27,"Garinger High School","Ozone","Mecklenburg",35.2401000008895,-80.785683
"6348",2025-09-08,40,"Garinger High School","Ozone","Mecklenburg",35.2401000008895,-80.785683
"6349",2025-09-09,48,"Garinger High School","Ozone","Mecklenburg",35.2401000008895,-80.785683
"6350",2025-09-10,43,"Garinger High School","Ozone","Mecklenburg",35.2401000008895,-80.785683
"6351",2025-09-11,47,"Garinger High School","Ozone","Mecklenburg",35.2401000008895,-80.785683
"6352",2025-09-12,48,"Garinger High School","Ozone","Mecklenburg",35.2401000008895,-80.785683
"6353",2025-09-13,44,"Garinger High School","Ozone","Mecklenburg",35.2401000008895,-80.785683
"6354",2025-09-14,48,"Garinger High School","Ozone","Mecklenburg",35.2401000008895,-80.785683
"6355",2025-09-15,48,"Garinger High School","Ozone","Mecklenburg",35.2401000008895,-80.785683
"6356",2025-09-16,45,"Garinger High School","Ozone","Mecklenburg",35.2401000008895,-80.785683
"6357",2025-09-17,46,"Garinger High School","Ozone","Mecklenburg",35.2401000008895,-80.785683
"6358",2025-09-18,64,"Garinger High School","Ozone","Mecklenburg",35.2401000008895,-80.785683
"6359",2025-09-19,67,"Garinger High School","Ozone","Mecklenburg",35.2401000008895,-80.785683
"6360",2025-09-20,77,"Garinger High School","Ozone","Mecklenburg",35.2401000008895,-80.785683
"6361",2025-09-21,48,"Garinger High School","Ozone","Mecklenburg",35.2401000008895,-80.785683
"6362",2025-09-22,45,"Garinger High School","Ozone","Mecklenburg",35.2401000008895,-80.785683
"6363",2025-09-23,49,"Garinger High School","Ozone","Mecklenburg",35.2401000008895,-80.785683
"6364",2025-09-24,42,"Garinger High School","Ozone","Mecklenburg",35.2401000008895,-80.785683
"6365",2025-09-25,33,"Garinger High School","Ozone","Mecklenburg",35.2401000008895,-80.785683
"6366",2025-09-26,31,"Garinger High School","Ozone","Mecklenburg",35.2401000008895,-80.785683
"6367",2025-09-27,34,"Garinger High School","Ozone","Mecklenburg",35.2401000008895,-80.785683
"6368",2025-09-28,36,"Garinger High School","Ozone","Mecklenburg",35.2401000008895,-80.785683
"6369",2025-09-29,29,"Garinger High School","Ozone","Mecklenburg",35.2401000008895,-80.785683
"6370",2025-09-30,40,"Garinger High School","Ozone","Mecklenburg",35.2401000008895,-80.785683
"6371",2025-10-01,44,"Garinger High School","Ozone","Mecklenburg",35.2401000008895,-80.785683
"6372",2025-10-02,35,"Garinger High School","Ozone","Mecklenburg",35.2401000008895,-80.785683
"6373",2025-10-03,35,"Garinger High School","Ozone","Mecklenburg",35.2401000008895,-80.785683
"6374",2025-10-04,34,"Garinger High School","Ozone","Mecklenburg",35.2401000008895,-80.785683
"6375",2025-10-05,30,"Garinger High School","Ozone","Mecklenburg",35.2401000008895,-80.785683
"6376",2025-10-06,27,"Garinger High School","Ozone","Mecklenburg",35.2401000008895,-80.785683
"6377",2025-10-07,31,"Garinger High School","Ozone","Mecklenburg",35.2401000008895,-80.785683
"6378",2025-10-08,28,"Garinger High School","Ozone","Mecklenburg",35.2401000008895,-80.785683
"6379",2025-10-09,40,"Garinger High School","Ozone","Mecklenburg",35.2401000008895,-80.785683
"6380",2025-10-10,31,"Garinger High School","Ozone","Mecklenburg",35.2401000008895,-80.785683
"6381",2025-10-11,30,"Garinger High School","Ozone","Mecklenburg",35.2401000008895,-80.785683
"6382",2025-10-12,28,"Garinger High School","Ozone","Mecklenburg",35.2401000008895,-80.785683
"6383",2025-10-13,35,"Garinger High School","Ozone","Mecklenburg",35.2401000008895,-80.785683
"6384",2025-10-14,38,"Garinger High School","Ozone","Mecklenburg",35.2401000008895,-80.785683
"6385",2025-10-15,44,"Garinger High School","Ozone","Mecklenburg",35.2401000008895,-80.785683
"6386",2025-10-16,39,"Garinger High School","Ozone","Mecklenburg",35.2401000008895,-80.785683
"6387",2025-10-17,44,"Garinger High School","Ozone","Mecklenburg",35.2401000008895,-80.785683
"6388",2025-10-18,42,"Garinger High School","Ozone","Mecklenburg",35.2401000008895,-80.785683
"6389",2025-10-19,37,"Garinger High School","Ozone","Mecklenburg",35.2401000008895,-80.785683
"6390",2025-10-20,33,"Garinger High School","Ozone","Mecklenburg",35.2401000008895,-80.785683
"6391",2025-10-21,42,"Garinger High School","Ozone","Mecklenburg",35.2401000008895,-80.785683
"6392",2025-10-22,38,"Garinger High School","Ozone","Mecklenburg",35.2401000008895,-80.785683
"6393",2025-10-23,38,"Garinger High School","Ozone","Mecklenburg",35.2401000008895,-80.785683
"6394",2025-10-24,38,"Garinger High School","Ozone","Mecklenburg",35.2401000008895,-80.785683
"6395",2025-10-25,30,"Garinger High School","Ozone","Mecklenburg",35.2401000008895,-80.785683
"6396",2025-10-26,33,"Garinger High School","Ozone","Mecklenburg",35.2401000008895,-80.785683
"6397",2025-10-27,28,"Garinger High School","Ozone","Mecklenburg",35.2401000008895,-80.785683
"6398",2025-10-28,27,"Garinger High School","Ozone","Mecklenburg",35.2401000008895,-80.785683
"6399",2025-10-29,12,"Garinger High School","Ozone","Mecklenburg",35.2401000008895,-80.785683
"6400",2025-10-30,22,"Garinger High School","Ozone","Mecklenburg",35.2401000008895,-80.785683
"6401",2025-10-31,31,"Garinger High School","Ozone","Mecklenburg",35.2401000008895,-80.785683
"6402",2025-11-01,36,"Garinger High School","Ozone","Mecklenburg",35.2401000008895,-80.785683
"6403",2025-11-02,33,"Garinger High School","Ozone","Mecklenburg",35.2401000008895,-80.785683
"6404",2025-11-03,33,"Garinger High School","Ozone","Mecklenburg",35.2401000008895,-80.785683
"6405",2025-11-04,36,"Garinger High School","Ozone","Mecklenburg",35.2401000008895,-80.785683
"6406",2025-11-05,40,"Garinger High School","Ozone","Mecklenburg",35.2401000008895,-80.785683
"6407",2025-11-06,43,"Garinger High School","Ozone","Mecklenburg",35.2401000008895,-80.785683
"6408",2025-11-07,37,"Garinger High School","Ozone","Mecklenburg",35.2401000008895,-80.785683
"6409",2025-11-08,36,"Garinger High School","Ozone","Mecklenburg",35.2401000008895,-80.785683
"6410",2025-11-09,37,"Garinger High School","Ozone","Mecklenburg",35.2401000008895,-80.785683
"6411",2025-11-10,26,"Garinger High School","Ozone","Mecklenburg",35.2401000008895,-80.785683
"6412",2025-11-11,30,"Garinger High School","Ozone","Mecklenburg",35.2401000008895,-80.785683
"6413",2025-11-12,36,"Garinger High School","Ozone","Mecklenburg",35.2401000008895,-80.785683
"6414",2025-11-13,37,"Garinger High School","Ozone","Mecklenburg",35.2401000008895,-80.785683
"6415",2025-11-14,39,"Garinger High School","Ozone","Mecklenburg",35.2401000008895,-80.785683
"6416",2025-11-15,42,"Garinger High School","Ozone","Mecklenburg",35.2401000008895,-80.785683
"6417",2025-11-16,36,"Garinger High School","Ozone","Mecklenburg",35.2401000008895,-80.785683
"6418",2025-11-17,35,"Garinger High School","Ozone","Mecklenburg",35.2401000008895,-80.785683
"6419",2025-11-18,41,"Garinger High School","Ozone","Mecklenburg",35.2401000008895,-80.785683
"6420",2025-11-19,39,"Garinger High School","Ozone","Mecklenburg",35.2401000008895,-80.785683
"6421",2025-11-20,37,"Garinger High School","Ozone","Mecklenburg",35.2401000008895,-80.785683
"6422",2025-11-21,25,"Garinger High School","Ozone","Mecklenburg",35.2401000008895,-80.785683
"6423",2025-11-22,30,"Garinger High School","Ozone","Mecklenburg",35.2401000008895,-80.785683
"6424",2025-11-23,33,"Garinger High School","Ozone","Mecklenburg",35.2401000008895,-80.785683
"6425",2025-11-24,34,"Garinger High School","Ozone","Mecklenburg",35.2401000008895,-80.785683
"6426",2025-11-25,31,"Garinger High School","Ozone","Mecklenburg",35.2401000008895,-80.785683
"6427",2025-11-26,33,"Garinger High School","Ozone","Mecklenburg",35.2401000008895,-80.785683
"6428",2025-11-27,33,"Garinger High School","Ozone","Mecklenburg",35.2401000008895,-80.785683
"6429",2025-11-28,31,"Garinger High School","Ozone","Mecklenburg",35.2401000008895,-80.785683
"6430",2025-11-29,31,"Garinger High School","Ozone","Mecklenburg",35.2401000008895,-80.785683
"6431",2025-11-30,20,"Garinger High School","Ozone","Mecklenburg",35.2401000008895,-80.785683
"6432",2025-12-01,25,"Garinger High School","Ozone","Mecklenburg",35.2401000008895,-80.785683
"6433",2025-12-02,13,"Garinger High School","Ozone","Mecklenburg",35.2401000008895,-80.785683
"6434",2025-12-03,26,"Garinger High School","Ozone","Mecklenburg",35.2401000008895,-80.785683
"6435",2025-12-04,12,"Garinger High School","Ozone","Mecklenburg",35.2401000008895,-80.785683
"6436",2025-12-05,12,"Garinger High School","Ozone","Mecklenburg",35.2401000008895,-80.785683
"6437",2025-12-06,6,"Garinger High School","Ozone","Mecklenburg",35.2401000008895,-80.785683
"6438",2025-12-07,7,"Garinger High School","Ozone","Mecklenburg",35.2401000008895,-80.785683
"6439",2025-12-08,19,"Garinger High School","Ozone","Mecklenburg",35.2401000008895,-80.785683
"6440",2025-12-09,20,"Garinger High School","Ozone","Mecklenburg",35.2401000008895,-80.785683
"6441",2025-12-10,30,"Garinger High School","Ozone","Mecklenburg",35.2401000008895,-80.785683
"6442",2025-12-11,27,"Garinger High School","Ozone","Mecklenburg",35.2401000008895,-80.785683
"6443",2025-12-12,27,"Garinger High School","Ozone","Mecklenburg",35.2401000008895,-80.785683
"6444",2025-12-13,31,"Garinger High School","Ozone","Mecklenburg",35.2401000008895,-80.785683
"6445",2025-12-14,33,"Garinger High School","Ozone","Mecklenburg",35.2401000008895,-80.785683
"6446",2025-12-15,27,"Garinger High School","Ozone","Mecklenburg",35.2401000008895,-80.785683
"6447",2025-12-16,26,"Garinger High School","Ozone","Mecklenburg",35.2401000008895,-80.785683
"6448",2025-12-17,30,"Garinger High School","Ozone","Mecklenburg",35.2401000008895,-80.785683
"6449",2025-12-18,26,"Garinger High School","Ozone","Mecklenburg",35.2401000008895,-80.785683
"6450",2025-12-19,32,"Garinger High School","Ozone","Mecklenburg",35.2401000008895,-80.785683
"6451",2025-12-20,33,"Garinger High School","Ozone","Mecklenburg",35.2401000008895,-80.785683
"6452",2025-12-21,31,"Garinger High School","Ozone","Mecklenburg",35.2401000008895,-80.785683
"6453",2025-12-22,34,"Garinger High School","Ozone","Mecklenburg",35.2401000008895,-80.785683
"6454",2025-12-23,37,"Garinger High School","Ozone","Mecklenburg",35.2401000008895,-80.785683
"6455",2025-12-24,30,"Garinger High School","Ozone","Mecklenburg",35.2401000008895,-80.785683
"6456",2025-12-25,30,"Garinger High School","Ozone","Mecklenburg",35.2401000008895,-80.785683
"6457",2025-12-26,24,"Garinger High School","Ozone","Mecklenburg",35.2401000008895,-80.785683
"6458",2025-12-27,27,"Garinger High School","Ozone","Mecklenburg",35.2401000008895,-80.785683
"6459",2025-12-28,17,"Garinger High School","Ozone","Mecklenburg",35.2401000008895,-80.785683
"6460",2025-12-29,30,"Garinger High School","Ozone","Mecklenburg",35.2401000008895,-80.785683
"6461",2025-12-30,27,"Garinger High School","Ozone","Mecklenburg",35.2401000008895,-80.785683
"6462",2025-12-31,34,"Garinger High School","Ozone","Mecklenburg",35.2401000008895,-80.785683
"6463",2025-01-01,32,"University Meadows","Ozone","Mecklenburg",35.314158,-80.713469
"6464",2025-01-02,31,"University Meadows","Ozone","Mecklenburg",35.314158,-80.713469
"6465",2025-01-03,33,"University Meadows","Ozone","Mecklenburg",35.314158,-80.713469
"6466",2025-01-04,33,"University Meadows","Ozone","Mecklenburg",35.314158,-80.713469
"6467",2025-01-05,24,"University Meadows","Ozone","Mecklenburg",35.314158,-80.713469
"6468",2025-01-06,24,"University Meadows","Ozone","Mecklenburg",35.314158,-80.713469
"6469",2025-01-07,29,"University Meadows","Ozone","Mecklenburg",35.314158,-80.713469
"6470",2025-01-08,29,"University Meadows","Ozone","Mecklenburg",35.314158,-80.713469
"6471",2025-01-09,34,"University Meadows","Ozone","Mecklenburg",35.314158,-80.713469
"6472",2025-01-10,24,"University Meadows","Ozone","Mecklenburg",35.314158,-80.713469
"6473",2025-01-11,32,"University Meadows","Ozone","Mecklenburg",35.314158,-80.713469
"6474",2025-01-12,33,"University Meadows","Ozone","Mecklenburg",35.314158,-80.713469
"6475",2025-01-13,26,"University Meadows","Ozone","Mecklenburg",35.314158,-80.713469
"6476",2025-01-14,38,"University Meadows","Ozone","Mecklenburg",35.314158,-80.713469
"6477",2025-02-21,33,"University Meadows","Ozone","Mecklenburg",35.314158,-80.713469
"6478",2025-02-22,39,"University Meadows","Ozone","Mecklenburg",35.314158,-80.713469
"6479",2025-02-23,44,"University Meadows","Ozone","Mecklenburg",35.314158,-80.713469
"6480",2025-02-25,49,"University Meadows","Ozone","Mecklenburg",35.314158,-80.713469
"6481",2025-02-26,49,"University Meadows","Ozone","Mecklenburg",35.314158,-80.713469
"6482",2025-02-27,46,"University Meadows","Ozone","Mecklenburg",35.314158,-80.713469
"6483",2025-02-28,45,"University Meadows","Ozone","Mecklenburg",35.314158,-80.713469
"6484",2025-03-01,50,"University Meadows","Ozone","Mecklenburg",35.314158,-80.713469
"6485",2025-03-02,40,"University Meadows","Ozone","Mecklenburg",35.314158,-80.713469
"6486",2025-03-03,41,"University Meadows","Ozone","Mecklenburg",35.314158,-80.713469
"6487",2025-03-04,41,"University Meadows","Ozone","Mecklenburg",35.314158,-80.713469
"6488",2025-03-05,43,"University Meadows","Ozone","Mecklenburg",35.314158,-80.713469
"6489",2025-03-06,36,"University Meadows","Ozone","Mecklenburg",35.314158,-80.713469
"6490",2025-03-07,39,"University Meadows","Ozone","Mecklenburg",35.314158,-80.713469
"6491",2025-03-08,44,"University Meadows","Ozone","Mecklenburg",35.314158,-80.713469
"6492",2025-03-09,43,"University Meadows","Ozone","Mecklenburg",35.314158,-80.713469
"6493",2025-03-10,31,"University Meadows","Ozone","Mecklenburg",35.314158,-80.713469
"6494",2025-03-11,50,"University Meadows","Ozone","Mecklenburg",35.314158,-80.713469
"6495",2025-03-12,71,"University Meadows","Ozone","Mecklenburg",35.314158,-80.713469
"6496",2025-03-13,58,"University Meadows","Ozone","Mecklenburg",35.314158,-80.713469
"6497",2025-03-14,45,"University Meadows","Ozone","Mecklenburg",35.314158,-80.713469
"6498",2025-03-15,36,"University Meadows","Ozone","Mecklenburg",35.314158,-80.713469
"6499",2025-03-16,39,"University Meadows","Ozone","Mecklenburg",35.314158,-80.713469
"6500",2025-03-17,33,"University Meadows","Ozone","Mecklenburg",35.314158,-80.713469
"6501",2025-03-18,42,"University Meadows","Ozone","Mecklenburg",35.314158,-80.713469
"6502",2025-03-19,49,"University Meadows","Ozone","Mecklenburg",35.314158,-80.713469
"6503",2025-03-20,41,"University Meadows","Ozone","Mecklenburg",35.314158,-80.713469
"6504",2025-03-21,44,"University Meadows","Ozone","Mecklenburg",35.314158,-80.713469
"6505",2025-03-22,58,"University Meadows","Ozone","Mecklenburg",35.314158,-80.713469
"6506",2025-03-23,48,"University Meadows","Ozone","Mecklenburg",35.314158,-80.713469
"6507",2025-03-24,40,"University Meadows","Ozone","Mecklenburg",35.314158,-80.713469
"6508",2025-03-25,49,"University Meadows","Ozone","Mecklenburg",35.314158,-80.713469
"6509",2025-03-26,46,"University Meadows","Ozone","Mecklenburg",35.314158,-80.713469
"6510",2025-03-27,48,"University Meadows","Ozone","Mecklenburg",35.314158,-80.713469
"6511",2025-03-28,61,"University Meadows","Ozone","Mecklenburg",35.314158,-80.713469
"6512",2025-03-29,44,"University Meadows","Ozone","Mecklenburg",35.314158,-80.713469
"6513",2025-03-30,40,"University Meadows","Ozone","Mecklenburg",35.314158,-80.713469
"6514",2025-03-31,27,"University Meadows","Ozone","Mecklenburg",35.314158,-80.713469
"6515",2025-04-01,34,"University Meadows","Ozone","Mecklenburg",35.314158,-80.713469
"6516",2025-04-02,27,"University Meadows","Ozone","Mecklenburg",35.314158,-80.713469
"6517",2025-04-03,27,"University Meadows","Ozone","Mecklenburg",35.314158,-80.713469
"6518",2025-04-04,34,"University Meadows","Ozone","Mecklenburg",35.314158,-80.713469
"6519",2025-04-05,35,"University Meadows","Ozone","Mecklenburg",35.314158,-80.713469
"6520",2025-04-06,41,"University Meadows","Ozone","Mecklenburg",35.314158,-80.713469
"6521",2025-04-07,30,"University Meadows","Ozone","Mecklenburg",35.314158,-80.713469
"6522",2025-04-08,58,"University Meadows","Ozone","Mecklenburg",35.314158,-80.713469
"6523",2025-04-09,45,"University Meadows","Ozone","Mecklenburg",35.314158,-80.713469
"6524",2025-04-10,41,"University Meadows","Ozone","Mecklenburg",35.314158,-80.713469
"6525",2025-04-11,42,"University Meadows","Ozone","Mecklenburg",35.314158,-80.713469
"6526",2025-04-12,38,"University Meadows","Ozone","Mecklenburg",35.314158,-80.713469
"6527",2025-04-13,49,"University Meadows","Ozone","Mecklenburg",35.314158,-80.713469
"6528",2025-04-14,77,"University Meadows","Ozone","Mecklenburg",35.314158,-80.713469
"6529",2025-04-15,46,"University Meadows","Ozone","Mecklenburg",35.314158,-80.713469
"6530",2025-04-16,47,"University Meadows","Ozone","Mecklenburg",35.314158,-80.713469
"6531",2025-04-17,74,"University Meadows","Ozone","Mecklenburg",35.314158,-80.713469
"6532",2025-04-18,74,"University Meadows","Ozone","Mecklenburg",35.314158,-80.713469
"6533",2025-04-19,46,"University Meadows","Ozone","Mecklenburg",35.314158,-80.713469
"6534",2025-04-20,40,"University Meadows","Ozone","Mecklenburg",35.314158,-80.713469
"6535",2025-04-21,47,"University Meadows","Ozone","Mecklenburg",35.314158,-80.713469
"6536",2025-04-22,47,"University Meadows","Ozone","Mecklenburg",35.314158,-80.713469
"6537",2025-04-23,44,"University Meadows","Ozone","Mecklenburg",35.314158,-80.713469
"6538",2025-04-24,27,"University Meadows","Ozone","Mecklenburg",35.314158,-80.713469
"6539",2025-04-25,39,"University Meadows","Ozone","Mecklenburg",35.314158,-80.713469
"6540",2025-04-26,43,"University Meadows","Ozone","Mecklenburg",35.314158,-80.713469
"6541",2025-04-27,51,"University Meadows","Ozone","Mecklenburg",35.314158,-80.713469
"6542",2025-04-28,49,"University Meadows","Ozone","Mecklenburg",35.314158,-80.713469
"6543",2025-04-29,45,"University Meadows","Ozone","Mecklenburg",35.314158,-80.713469
"6544",2025-04-30,48,"University Meadows","Ozone","Mecklenburg",35.314158,-80.713469
"6545",2025-05-01,44,"University Meadows","Ozone","Mecklenburg",35.314158,-80.713469
"6546",2025-05-02,44,"University Meadows","Ozone","Mecklenburg",35.314158,-80.713469
"6547",2025-05-03,32,"University Meadows","Ozone","Mecklenburg",35.314158,-80.713469
"6548",2025-05-04,42,"University Meadows","Ozone","Mecklenburg",35.314158,-80.713469
"6549",2025-05-05,44,"University Meadows","Ozone","Mecklenburg",35.314158,-80.713469
"6550",2025-05-06,49,"University Meadows","Ozone","Mecklenburg",35.314158,-80.713469
"6551",2025-05-07,44,"University Meadows","Ozone","Mecklenburg",35.314158,-80.713469
"6552",2025-05-08,50,"University Meadows","Ozone","Mecklenburg",35.314158,-80.713469
"6553",2025-05-09,50,"University Meadows","Ozone","Mecklenburg",35.314158,-80.713469
"6554",2025-05-10,37,"University Meadows","Ozone","Mecklenburg",35.314158,-80.713469
"6555",2025-05-11,29,"University Meadows","Ozone","Mecklenburg",35.314158,-80.713469
"6556",2025-05-12,22,"University Meadows","Ozone","Mecklenburg",35.314158,-80.713469
"6557",2025-05-13,39,"University Meadows","Ozone","Mecklenburg",35.314158,-80.713469
"6558",2025-05-14,45,"University Meadows","Ozone","Mecklenburg",35.314158,-80.713469
"6559",2025-05-15,47,"University Meadows","Ozone","Mecklenburg",35.314158,-80.713469
"6560",2025-05-16,46,"University Meadows","Ozone","Mecklenburg",35.314158,-80.713469
"6561",2025-05-17,43,"University Meadows","Ozone","Mecklenburg",35.314158,-80.713469
"6562",2025-05-18,49,"University Meadows","Ozone","Mecklenburg",35.314158,-80.713469
"6563",2025-05-19,51,"University Meadows","Ozone","Mecklenburg",35.314158,-80.713469
"6564",2025-05-20,42,"University Meadows","Ozone","Mecklenburg",35.314158,-80.713469
"6565",2025-05-21,46,"University Meadows","Ozone","Mecklenburg",35.314158,-80.713469
"6566",2025-05-22,51,"University Meadows","Ozone","Mecklenburg",35.314158,-80.713469
"6567",2025-05-23,44,"University Meadows","Ozone","Mecklenburg",35.314158,-80.713469
"6568",2025-05-24,45,"University Meadows","Ozone","Mecklenburg",35.314158,-80.713469
"6569",2025-05-25,37,"University Meadows","Ozone","Mecklenburg",35.314158,-80.713469
"6570",2025-05-26,29,"University Meadows","Ozone","Mecklenburg",35.314158,-80.713469
"6571",2025-05-27,23,"University Meadows","Ozone","Mecklenburg",35.314158,-80.713469
"6572",2025-05-28,26,"University Meadows","Ozone","Mecklenburg",35.314158,-80.713469
"6573",2025-05-29,36,"University Meadows","Ozone","Mecklenburg",35.314158,-80.713469
"6574",2025-05-30,38,"University Meadows","Ozone","Mecklenburg",35.314158,-80.713469
"6575",2025-05-31,47,"University Meadows","Ozone","Mecklenburg",35.314158,-80.713469
"6576",2025-06-01,50,"University Meadows","Ozone","Mecklenburg",35.314158,-80.713469
"6577",2025-06-02,49,"University Meadows","Ozone","Mecklenburg",35.314158,-80.713469
"6578",2025-06-03,61,"University Meadows","Ozone","Mecklenburg",35.314158,-80.713469
"6579",2025-06-04,45,"University Meadows","Ozone","Mecklenburg",35.314158,-80.713469
"6580",2025-06-05,23,"University Meadows","Ozone","Mecklenburg",35.314158,-80.713469
"6581",2025-06-06,47,"University Meadows","Ozone","Mecklenburg",35.314158,-80.713469
"6582",2025-06-07,44,"University Meadows","Ozone","Mecklenburg",35.314158,-80.713469
"6583",2025-06-08,37,"University Meadows","Ozone","Mecklenburg",35.314158,-80.713469
"6584",2025-06-09,49,"University Meadows","Ozone","Mecklenburg",35.314158,-80.713469
"6585",2025-06-10,38,"University Meadows","Ozone","Mecklenburg",35.314158,-80.713469
"6586",2025-06-11,64,"University Meadows","Ozone","Mecklenburg",35.314158,-80.713469
"6587",2025-06-12,44,"University Meadows","Ozone","Mecklenburg",35.314158,-80.713469
"6588",2025-06-13,31,"University Meadows","Ozone","Mecklenburg",35.314158,-80.713469
"6589",2025-06-14,31,"University Meadows","Ozone","Mecklenburg",35.314158,-80.713469
"6590",2025-06-15,31,"University Meadows","Ozone","Mecklenburg",35.314158,-80.713469
"6591",2025-06-16,37,"University Meadows","Ozone","Mecklenburg",35.314158,-80.713469
"6592",2025-06-17,33,"University Meadows","Ozone","Mecklenburg",35.314158,-80.713469
"6593",2025-06-18,32,"University Meadows","Ozone","Mecklenburg",35.314158,-80.713469
"6594",2025-06-19,31,"University Meadows","Ozone","Mecklenburg",35.314158,-80.713469
"6595",2025-06-20,51,"University Meadows","Ozone","Mecklenburg",35.314158,-80.713469
"6596",2025-06-21,61,"University Meadows","Ozone","Mecklenburg",35.314158,-80.713469
"6597",2025-06-22,51,"University Meadows","Ozone","Mecklenburg",35.314158,-80.713469
"6598",2025-06-23,54,"University Meadows","Ozone","Mecklenburg",35.314158,-80.713469
"6599",2025-06-24,45,"University Meadows","Ozone","Mecklenburg",35.314158,-80.713469
"6600",2025-06-25,48,"University Meadows","Ozone","Mecklenburg",35.314158,-80.713469
"6601",2025-06-26,77,"University Meadows","Ozone","Mecklenburg",35.314158,-80.713469
"6602",2025-06-27,80,"University Meadows","Ozone","Mecklenburg",35.314158,-80.713469
"6603",2025-06-28,58,"University Meadows","Ozone","Mecklenburg",35.314158,-80.713469
"6604",2025-06-29,64,"University Meadows","Ozone","Mecklenburg",35.314158,-80.713469
"6605",2025-06-30,43,"University Meadows","Ozone","Mecklenburg",35.314158,-80.713469
"6606",2025-07-01,44,"University Meadows","Ozone","Mecklenburg",35.314158,-80.713469
"6607",2025-07-02,39,"University Meadows","Ozone","Mecklenburg",35.314158,-80.713469
"6608",2025-07-03,50,"University Meadows","Ozone","Mecklenburg",35.314158,-80.713469
"6609",2025-07-04,46,"University Meadows","Ozone","Mecklenburg",35.314158,-80.713469
"6610",2025-07-05,45,"University Meadows","Ozone","Mecklenburg",35.314158,-80.713469
"6611",2025-07-06,27,"University Meadows","Ozone","Mecklenburg",35.314158,-80.713469
"6612",2025-07-07,61,"University Meadows","Ozone","Mecklenburg",35.314158,-80.713469
"6613",2025-07-08,97,"University Meadows","Ozone","Mecklenburg",35.314158,-80.713469
"6614",2025-07-09,50,"University Meadows","Ozone","Mecklenburg",35.314158,-80.713469
"6615",2025-07-10,48,"University Meadows","Ozone","Mecklenburg",35.314158,-80.713469
"6616",2025-07-11,44,"University Meadows","Ozone","Mecklenburg",35.314158,-80.713469
"6617",2025-07-12,51,"University Meadows","Ozone","Mecklenburg",35.314158,-80.713469
"6618",2025-07-13,37,"University Meadows","Ozone","Mecklenburg",35.314158,-80.713469
"6619",2025-07-14,67,"University Meadows","Ozone","Mecklenburg",35.314158,-80.713469
"6620",2025-07-15,39,"University Meadows","Ozone","Mecklenburg",35.314158,-80.713469
"6621",2025-07-16,39,"University Meadows","Ozone","Mecklenburg",35.314158,-80.713469
"6622",2025-07-17,33,"University Meadows","Ozone","Mecklenburg",35.314158,-80.713469
"6623",2025-07-18,37,"University Meadows","Ozone","Mecklenburg",35.314158,-80.713469
"6624",2025-07-19,47,"University Meadows","Ozone","Mecklenburg",35.314158,-80.713469
"6625",2025-07-20,34,"University Meadows","Ozone","Mecklenburg",35.314158,-80.713469
"6626",2025-07-21,42,"University Meadows","Ozone","Mecklenburg",35.314158,-80.713469
"6627",2025-07-22,32,"University Meadows","Ozone","Mecklenburg",35.314158,-80.713469
"6628",2025-07-23,48,"University Meadows","Ozone","Mecklenburg",35.314158,-80.713469
"6629",2025-07-24,41,"University Meadows","Ozone","Mecklenburg",35.314158,-80.713469
"6630",2025-07-25,58,"University Meadows","Ozone","Mecklenburg",35.314158,-80.713469
"6631",2025-07-26,61,"University Meadows","Ozone","Mecklenburg",35.314158,-80.713469
"6632",2025-07-27,42,"University Meadows","Ozone","Mecklenburg",35.314158,-80.713469
"6633",2025-07-28,44,"University Meadows","Ozone","Mecklenburg",35.314158,-80.713469
"6634",2025-07-29,39,"University Meadows","Ozone","Mecklenburg",35.314158,-80.713469
"6635",2025-07-30,44,"University Meadows","Ozone","Mecklenburg",35.314158,-80.713469
"6636",2025-07-31,58,"University Meadows","Ozone","Mecklenburg",35.314158,-80.713469
"6637",2025-08-01,35,"University Meadows","Ozone","Mecklenburg",35.314158,-80.713469
"6638",2025-08-02,24,"University Meadows","Ozone","Mecklenburg",35.314158,-80.713469
"6639",2025-08-03,33,"University Meadows","Ozone","Mecklenburg",35.314158,-80.713469
"6640",2025-08-04,37,"University Meadows","Ozone","Mecklenburg",35.314158,-80.713469
"6641",2025-08-05,31,"University Meadows","Ozone","Mecklenburg",35.314158,-80.713469
"6642",2025-08-06,24,"University Meadows","Ozone","Mecklenburg",35.314158,-80.713469
"6643",2025-08-07,27,"University Meadows","Ozone","Mecklenburg",35.314158,-80.713469
"6644",2025-08-08,33,"University Meadows","Ozone","Mecklenburg",35.314158,-80.713469
"6645",2025-08-09,32,"University Meadows","Ozone","Mecklenburg",35.314158,-80.713469
"6646",2025-08-10,25,"University Meadows","Ozone","Mecklenburg",35.314158,-80.713469
"6647",2025-08-11,17,"University Meadows","Ozone","Mecklenburg",35.314158,-80.713469
"6648",2025-08-12,26,"University Meadows","Ozone","Mecklenburg",35.314158,-80.713469
"6649",2025-08-13,25,"University Meadows","Ozone","Mecklenburg",35.314158,-80.713469
"6650",2025-08-14,30,"University Meadows","Ozone","Mecklenburg",35.314158,-80.713469
"6651",2025-08-15,42,"University Meadows","Ozone","Mecklenburg",35.314158,-80.713469
"6652",2025-08-16,41,"University Meadows","Ozone","Mecklenburg",35.314158,-80.713469
"6653",2025-08-17,44,"University Meadows","Ozone","Mecklenburg",35.314158,-80.713469
"6654",2025-08-18,42,"University Meadows","Ozone","Mecklenburg",35.314158,-80.713469
"6655",2025-08-19,40,"University Meadows","Ozone","Mecklenburg",35.314158,-80.713469
"6656",2025-08-20,38,"University Meadows","Ozone","Mecklenburg",35.314158,-80.713469
"6657",2025-08-21,38,"University Meadows","Ozone","Mecklenburg",35.314158,-80.713469
"6658",2025-08-22,23,"University Meadows","Ozone","Mecklenburg",35.314158,-80.713469
"6659",2025-08-23,30,"University Meadows","Ozone","Mecklenburg",35.314158,-80.713469
"6660",2025-08-24,46,"University Meadows","Ozone","Mecklenburg",35.314158,-80.713469
"6661",2025-08-25,44,"University Meadows","Ozone","Mecklenburg",35.314158,-80.713469
"6662",2025-08-26,41,"University Meadows","Ozone","Mecklenburg",35.314158,-80.713469
"6663",2025-08-27,43,"University Meadows","Ozone","Mecklenburg",35.314158,-80.713469
"6664",2025-08-28,49,"University Meadows","Ozone","Mecklenburg",35.314158,-80.713469
"6665",2025-08-29,47,"University Meadows","Ozone","Mecklenburg",35.314158,-80.713469
"6666",2025-08-30,44,"University Meadows","Ozone","Mecklenburg",35.314158,-80.713469
"6667",2025-08-31,37,"University Meadows","Ozone","Mecklenburg",35.314158,-80.713469
"6668",2025-09-01,39,"University Meadows","Ozone","Mecklenburg",35.314158,-80.713469
"6669",2025-09-02,41,"University Meadows","Ozone","Mecklenburg",35.314158,-80.713469
"6670",2025-09-03,49,"University Meadows","Ozone","Mecklenburg",35.314158,-80.713469
"6671",2025-09-04,40,"University Meadows","Ozone","Mecklenburg",35.314158,-80.713469
"6672",2025-09-05,48,"University Meadows","Ozone","Mecklenburg",35.314158,-80.713469
"6673",2025-09-06,40,"University Meadows","Ozone","Mecklenburg",35.314158,-80.713469
"6674",2025-09-07,26,"University Meadows","Ozone","Mecklenburg",35.314158,-80.713469
"6675",2025-09-08,38,"University Meadows","Ozone","Mecklenburg",35.314158,-80.713469
"6676",2025-09-09,46,"University Meadows","Ozone","Mecklenburg",35.314158,-80.713469
"6677",2025-09-10,41,"University Meadows","Ozone","Mecklenburg",35.314158,-80.713469
"6678",2025-09-11,46,"University Meadows","Ozone","Mecklenburg",35.314158,-80.713469
"6679",2025-09-12,46,"University Meadows","Ozone","Mecklenburg",35.314158,-80.713469
"6680",2025-09-13,44,"University Meadows","Ozone","Mecklenburg",35.314158,-80.713469
"6681",2025-09-14,49,"University Meadows","Ozone","Mecklenburg",35.314158,-80.713469
"6682",2025-09-15,46,"University Meadows","Ozone","Mecklenburg",35.314158,-80.713469
"6683",2025-09-16,44,"University Meadows","Ozone","Mecklenburg",35.314158,-80.713469
"6684",2025-09-17,48,"University Meadows","Ozone","Mecklenburg",35.314158,-80.713469
"6685",2025-09-18,51,"University Meadows","Ozone","Mecklenburg",35.314158,-80.713469
"6686",2025-09-19,74,"University Meadows","Ozone","Mecklenburg",35.314158,-80.713469
"6687",2025-09-20,80,"University Meadows","Ozone","Mecklenburg",35.314158,-80.713469
"6688",2025-09-21,48,"University Meadows","Ozone","Mecklenburg",35.314158,-80.713469
"6689",2025-09-22,44,"University Meadows","Ozone","Mecklenburg",35.314158,-80.713469
"6690",2025-09-23,64,"University Meadows","Ozone","Mecklenburg",35.314158,-80.713469
"6691",2025-09-24,46,"University Meadows","Ozone","Mecklenburg",35.314158,-80.713469
"6692",2025-09-25,36,"University Meadows","Ozone","Mecklenburg",35.314158,-80.713469
"6693",2025-09-26,34,"University Meadows","Ozone","Mecklenburg",35.314158,-80.713469
"6694",2025-09-27,33,"University Meadows","Ozone","Mecklenburg",35.314158,-80.713469
"6695",2025-09-28,36,"University Meadows","Ozone","Mecklenburg",35.314158,-80.713469
"6696",2025-09-29,27,"University Meadows","Ozone","Mecklenburg",35.314158,-80.713469
"6697",2025-09-30,39,"University Meadows","Ozone","Mecklenburg",35.314158,-80.713469
"6698",2025-10-01,44,"University Meadows","Ozone","Mecklenburg",35.314158,-80.713469
"6699",2025-10-02,33,"University Meadows","Ozone","Mecklenburg",35.314158,-80.713469
"6700",2025-10-03,34,"University Meadows","Ozone","Mecklenburg",35.314158,-80.713469
"6701",2025-10-04,33,"University Meadows","Ozone","Mecklenburg",35.314158,-80.713469
"6702",2025-10-05,31,"University Meadows","Ozone","Mecklenburg",35.314158,-80.713469
"6703",2025-10-06,28,"University Meadows","Ozone","Mecklenburg",35.314158,-80.713469
"6704",2025-10-07,31,"University Meadows","Ozone","Mecklenburg",35.314158,-80.713469
"6705",2025-10-08,28,"University Meadows","Ozone","Mecklenburg",35.314158,-80.713469
"6706",2025-10-09,38,"University Meadows","Ozone","Mecklenburg",35.314158,-80.713469
"6707",2025-10-10,30,"University Meadows","Ozone","Mecklenburg",35.314158,-80.713469
"6708",2025-10-11,29,"University Meadows","Ozone","Mecklenburg",35.314158,-80.713469
"6709",2025-10-12,28,"University Meadows","Ozone","Mecklenburg",35.314158,-80.713469
"6710",2025-10-13,35,"University Meadows","Ozone","Mecklenburg",35.314158,-80.713469
"6711",2025-10-14,37,"University Meadows","Ozone","Mecklenburg",35.314158,-80.713469
"6712",2025-10-15,44,"University Meadows","Ozone","Mecklenburg",35.314158,-80.713469
"6713",2025-10-16,39,"University Meadows","Ozone","Mecklenburg",35.314158,-80.713469
"6714",2025-10-17,46,"University Meadows","Ozone","Mecklenburg",35.314158,-80.713469
"6715",2025-10-18,44,"University Meadows","Ozone","Mecklenburg",35.314158,-80.713469
"6716",2025-10-19,38,"University Meadows","Ozone","Mecklenburg",35.314158,-80.713469
"6717",2025-10-20,35,"University Meadows","Ozone","Mecklenburg",35.314158,-80.713469
"6718",2025-10-21,43,"University Meadows","Ozone","Mecklenburg",35.314158,-80.713469
"6719",2025-10-22,39,"University Meadows","Ozone","Mecklenburg",35.314158,-80.713469
"6720",2025-10-23,39,"University Meadows","Ozone","Mecklenburg",35.314158,-80.713469
"6721",2025-10-24,38,"University Meadows","Ozone","Mecklenburg",35.314158,-80.713469
"6722",2025-10-25,30,"University Meadows","Ozone","Mecklenburg",35.314158,-80.713469
"6723",2025-10-26,32,"University Meadows","Ozone","Mecklenburg",35.314158,-80.713469
"6724",2025-10-27,29,"University Meadows","Ozone","Mecklenburg",35.314158,-80.713469
"6725",2025-10-28,27,"University Meadows","Ozone","Mecklenburg",35.314158,-80.713469
"6726",2025-10-29,11,"University Meadows","Ozone","Mecklenburg",35.314158,-80.713469
"6727",2025-10-30,25,"University Meadows","Ozone","Mecklenburg",35.314158,-80.713469
"6728",2025-10-31,34,"University Meadows","Ozone","Mecklenburg",35.314158,-80.713469
"6729",2025-11-01,35,"University Meadows","Ozone","Mecklenburg",35.314158,-80.713469
"6730",2025-11-02,32,"University Meadows","Ozone","Mecklenburg",35.314158,-80.713469
"6731",2025-11-03,36,"University Meadows","Ozone","Mecklenburg",35.314158,-80.713469
"6732",2025-11-04,35,"University Meadows","Ozone","Mecklenburg",35.314158,-80.713469
"6733",2025-11-05,41,"University Meadows","Ozone","Mecklenburg",35.314158,-80.713469
"6734",2025-11-06,41,"University Meadows","Ozone","Mecklenburg",35.314158,-80.713469
"6735",2025-11-07,38,"University Meadows","Ozone","Mecklenburg",35.314158,-80.713469
"6736",2025-11-08,36,"University Meadows","Ozone","Mecklenburg",35.314158,-80.713469
"6737",2025-11-09,38,"University Meadows","Ozone","Mecklenburg",35.314158,-80.713469
"6738",2025-11-10,27,"University Meadows","Ozone","Mecklenburg",35.314158,-80.713469
"6739",2025-11-11,31,"University Meadows","Ozone","Mecklenburg",35.314158,-80.713469
"6740",2025-11-12,36,"University Meadows","Ozone","Mecklenburg",35.314158,-80.713469
"6741",2025-11-13,40,"University Meadows","Ozone","Mecklenburg",35.314158,-80.713469
"6742",2025-11-14,37,"University Meadows","Ozone","Mecklenburg",35.314158,-80.713469
"6743",2025-11-15,42,"University Meadows","Ozone","Mecklenburg",35.314158,-80.713469
"6744",2025-11-16,38,"University Meadows","Ozone","Mecklenburg",35.314158,-80.713469
"6745",2025-11-17,37,"University Meadows","Ozone","Mecklenburg",35.314158,-80.713469
"6746",2025-11-18,40,"University Meadows","Ozone","Mecklenburg",35.314158,-80.713469
"6747",2025-11-19,40,"University Meadows","Ozone","Mecklenburg",35.314158,-80.713469
"6748",2025-11-20,36,"University Meadows","Ozone","Mecklenburg",35.314158,-80.713469
"6749",2025-11-21,26,"University Meadows","Ozone","Mecklenburg",35.314158,-80.713469
"6750",2025-11-22,31,"University Meadows","Ozone","Mecklenburg",35.314158,-80.713469
"6751",2025-11-23,33,"University Meadows","Ozone","Mecklenburg",35.314158,-80.713469
"6752",2025-11-24,31,"University Meadows","Ozone","Mecklenburg",35.314158,-80.713469
"6753",2025-11-25,30,"University Meadows","Ozone","Mecklenburg",35.314158,-80.713469
"6754",2025-11-26,34,"University Meadows","Ozone","Mecklenburg",35.314158,-80.713469
"6755",2025-11-27,34,"University Meadows","Ozone","Mecklenburg",35.314158,-80.713469
"6756",2025-11-28,32,"University Meadows","Ozone","Mecklenburg",35.314158,-80.713469
"6757",2025-11-29,31,"University Meadows","Ozone","Mecklenburg",35.314158,-80.713469
"6758",2025-11-30,22,"University Meadows","Ozone","Mecklenburg",35.314158,-80.713469
"6759",2025-12-01,24,"University Meadows","Ozone","Mecklenburg",35.314158,-80.713469
"6760",2025-12-02,17,"University Meadows","Ozone","Mecklenburg",35.314158,-80.713469
"6761",2025-12-03,25,"University Meadows","Ozone","Mecklenburg",35.314158,-80.713469
"6762",2025-12-04,11,"University Meadows","Ozone","Mecklenburg",35.314158,-80.713469
"6763",2025-12-05,14,"University Meadows","Ozone","Mecklenburg",35.314158,-80.713469
"6764",2025-12-06,7,"University Meadows","Ozone","Mecklenburg",35.314158,-80.713469
"6765",2025-12-07,6,"University Meadows","Ozone","Mecklenburg",35.314158,-80.713469
"6766",2025-12-08,19,"University Meadows","Ozone","Mecklenburg",35.314158,-80.713469
"6767",2025-12-09,20,"University Meadows","Ozone","Mecklenburg",35.314158,-80.713469
"6768",2025-01-01,31,"Candor","Ozone","Montgomery",35.2632,-79.8365
"6769",2025-01-02,31,"Candor","Ozone","Montgomery",35.2632,-79.8365
"6770",2025-01-03,33,"Candor","Ozone","Montgomery",35.2632,-79.8365
"6771",2025-01-04,33,"Candor","Ozone","Montgomery",35.2632,-79.8365
"6772",2025-01-05,34,"Candor","Ozone","Montgomery",35.2632,-79.8365
"6773",2025-01-06,27,"Candor","Ozone","Montgomery",35.2632,-79.8365
"6774",2025-01-07,31,"Candor","Ozone","Montgomery",35.2632,-79.8365
"6775",2025-01-08,31,"Candor","Ozone","Montgomery",35.2632,-79.8365
"6776",2025-01-09,38,"Candor","Ozone","Montgomery",35.2632,-79.8365
"6777",2025-01-10,29,"Candor","Ozone","Montgomery",35.2632,-79.8365
"6778",2025-01-11,34,"Candor","Ozone","Montgomery",35.2632,-79.8365
"6779",2025-01-12,36,"Candor","Ozone","Montgomery",35.2632,-79.8365
"6780",2025-01-13,34,"Candor","Ozone","Montgomery",35.2632,-79.8365
"6781",2025-01-14,39,"Candor","Ozone","Montgomery",35.2632,-79.8365
"6782",2025-01-15,35,"Candor","Ozone","Montgomery",35.2632,-79.8365
"6783",2025-01-16,39,"Candor","Ozone","Montgomery",35.2632,-79.8365
"6784",2025-01-17,39,"Candor","Ozone","Montgomery",35.2632,-79.8365
"6785",2025-01-18,30,"Candor","Ozone","Montgomery",35.2632,-79.8365
"6786",2025-01-19,31,"Candor","Ozone","Montgomery",35.2632,-79.8365
"6787",2025-01-20,37,"Candor","Ozone","Montgomery",35.2632,-79.8365
"6788",2025-01-21,35,"Candor","Ozone","Montgomery",35.2632,-79.8365
"6789",2025-01-22,35,"Candor","Ozone","Montgomery",35.2632,-79.8365
"6790",2025-01-23,33,"Candor","Ozone","Montgomery",35.2632,-79.8365
"6791",2025-01-24,38,"Candor","Ozone","Montgomery",35.2632,-79.8365
"6792",2025-01-25,41,"Candor","Ozone","Montgomery",35.2632,-79.8365
"6793",2025-01-26,42,"Candor","Ozone","Montgomery",35.2632,-79.8365
"6794",2025-01-27,28,"Candor","Ozone","Montgomery",35.2632,-79.8365
"6795",2025-01-28,32,"Candor","Ozone","Montgomery",35.2632,-79.8365
"6796",2025-01-29,40,"Candor","Ozone","Montgomery",35.2632,-79.8365
"6797",2025-01-30,41,"Candor","Ozone","Montgomery",35.2632,-79.8365
"6798",2025-01-31,41,"Candor","Ozone","Montgomery",35.2632,-79.8365
"6799",2025-02-01,37,"Candor","Ozone","Montgomery",35.2632,-79.8365
"6800",2025-02-02,34,"Candor","Ozone","Montgomery",35.2632,-79.8365
"6801",2025-02-03,34,"Candor","Ozone","Montgomery",35.2632,-79.8365
"6802",2025-02-04,46,"Candor","Ozone","Montgomery",35.2632,-79.8365
"6803",2025-02-05,31,"Candor","Ozone","Montgomery",35.2632,-79.8365
"6804",2025-02-06,28,"Candor","Ozone","Montgomery",35.2632,-79.8365
"6805",2025-02-07,40,"Candor","Ozone","Montgomery",35.2632,-79.8365
"6806",2025-02-08,29,"Candor","Ozone","Montgomery",35.2632,-79.8365
"6807",2025-02-09,37,"Candor","Ozone","Montgomery",35.2632,-79.8365
"6808",2025-02-10,30,"Candor","Ozone","Montgomery",35.2632,-79.8365
"6809",2025-02-11,30,"Candor","Ozone","Montgomery",35.2632,-79.8365
"6810",2025-02-12,25,"Candor","Ozone","Montgomery",35.2632,-79.8365
"6811",2025-02-13,25,"Candor","Ozone","Montgomery",35.2632,-79.8365
"6812",2025-02-14,36,"Candor","Ozone","Montgomery",35.2632,-79.8365
"6813",2025-02-15,28,"Candor","Ozone","Montgomery",35.2632,-79.8365
"6814",2025-02-17,39,"Candor","Ozone","Montgomery",35.2632,-79.8365
"6815",2025-02-18,40,"Candor","Ozone","Montgomery",35.2632,-79.8365
"6816",2025-02-19,31,"Candor","Ozone","Montgomery",35.2632,-79.8365
"6817",2025-02-20,38,"Candor","Ozone","Montgomery",35.2632,-79.8365
"6818",2025-02-21,37,"Candor","Ozone","Montgomery",35.2632,-79.8365
"6819",2025-02-22,41,"Candor","Ozone","Montgomery",35.2632,-79.8365
"6820",2025-02-23,43,"Candor","Ozone","Montgomery",35.2632,-79.8365
"6821",2025-02-24,48,"Candor","Ozone","Montgomery",35.2632,-79.8365
"6822",2025-02-25,74,"Candor","Ozone","Montgomery",35.2632,-79.8365
"6823",2025-02-26,50,"Candor","Ozone","Montgomery",35.2632,-79.8365
"6824",2025-02-27,49,"Candor","Ozone","Montgomery",35.2632,-79.8365
"6825",2025-02-28,45,"Candor","Ozone","Montgomery",35.2632,-79.8365
"6826",2025-03-01,50,"Candor","Ozone","Montgomery",35.2632,-79.8365
"6827",2025-03-02,43,"Candor","Ozone","Montgomery",35.2632,-79.8365
"6828",2025-03-03,44,"Candor","Ozone","Montgomery",35.2632,-79.8365
"6829",2025-03-04,43,"Candor","Ozone","Montgomery",35.2632,-79.8365
"6830",2025-03-05,40,"Candor","Ozone","Montgomery",35.2632,-79.8365
"6831",2025-03-06,35,"Candor","Ozone","Montgomery",35.2632,-79.8365
"6832",2025-03-07,34,"Candor","Ozone","Montgomery",35.2632,-79.8365
"6833",2025-03-08,44,"Candor","Ozone","Montgomery",35.2632,-79.8365
"6834",2025-03-09,42,"Candor","Ozone","Montgomery",35.2632,-79.8365
"6835",2025-03-10,36,"Candor","Ozone","Montgomery",35.2632,-79.8365
"6836",2025-03-11,49,"Candor","Ozone","Montgomery",35.2632,-79.8365
"6837",2025-03-12,61,"Candor","Ozone","Montgomery",35.2632,-79.8365
"6838",2025-03-13,61,"Candor","Ozone","Montgomery",35.2632,-79.8365
"6839",2025-03-14,37,"Candor","Ozone","Montgomery",35.2632,-79.8365
"6840",2025-03-15,38,"Candor","Ozone","Montgomery",35.2632,-79.8365
"6841",2025-03-16,33,"Candor","Ozone","Montgomery",35.2632,-79.8365
"6842",2025-03-17,34,"Candor","Ozone","Montgomery",35.2632,-79.8365
"6843",2025-03-18,43,"Candor","Ozone","Montgomery",35.2632,-79.8365
"6844",2025-03-19,64,"Candor","Ozone","Montgomery",35.2632,-79.8365
"6845",2025-03-20,38,"Candor","Ozone","Montgomery",35.2632,-79.8365
"6846",2025-03-21,44,"Candor","Ozone","Montgomery",35.2632,-79.8365
"6847",2025-03-22,50,"Candor","Ozone","Montgomery",35.2632,-79.8365
"6848",2025-03-23,47,"Candor","Ozone","Montgomery",35.2632,-79.8365
"6849",2025-03-24,37,"Candor","Ozone","Montgomery",35.2632,-79.8365
"6850",2025-03-25,46,"Candor","Ozone","Montgomery",35.2632,-79.8365
"6851",2025-03-26,47,"Candor","Ozone","Montgomery",35.2632,-79.8365
"6852",2025-03-27,48,"Candor","Ozone","Montgomery",35.2632,-79.8365
"6853",2025-03-28,54,"Candor","Ozone","Montgomery",35.2632,-79.8365
"6854",2025-03-29,42,"Candor","Ozone","Montgomery",35.2632,-79.8365
"6855",2025-03-30,37,"Candor","Ozone","Montgomery",35.2632,-79.8365
"6856",2025-03-31,29,"Candor","Ozone","Montgomery",35.2632,-79.8365
"6857",2025-04-01,34,"Candor","Ozone","Montgomery",35.2632,-79.8365
"6858",2025-04-02,39,"Candor","Ozone","Montgomery",35.2632,-79.8365
"6859",2025-04-03,31,"Candor","Ozone","Montgomery",35.2632,-79.8365
"6860",2025-04-04,32,"Candor","Ozone","Montgomery",35.2632,-79.8365
"6861",2025-04-05,35,"Candor","Ozone","Montgomery",35.2632,-79.8365
"6862",2025-04-06,34,"Candor","Ozone","Montgomery",35.2632,-79.8365
"6863",2025-04-07,31,"Candor","Ozone","Montgomery",35.2632,-79.8365
"6864",2025-04-08,46,"Candor","Ozone","Montgomery",35.2632,-79.8365
"6865",2025-04-09,44,"Candor","Ozone","Montgomery",35.2632,-79.8365
"6866",2025-04-10,46,"Candor","Ozone","Montgomery",35.2632,-79.8365
"6867",2025-04-11,44,"Candor","Ozone","Montgomery",35.2632,-79.8365
"6868",2025-04-12,38,"Candor","Ozone","Montgomery",35.2632,-79.8365
"6869",2025-04-13,46,"Candor","Ozone","Montgomery",35.2632,-79.8365
"6870",2025-04-14,51,"Candor","Ozone","Montgomery",35.2632,-79.8365
"6871",2025-04-15,47,"Candor","Ozone","Montgomery",35.2632,-79.8365
"6872",2025-04-16,47,"Candor","Ozone","Montgomery",35.2632,-79.8365
"6873",2025-04-17,50,"Candor","Ozone","Montgomery",35.2632,-79.8365
"6874",2025-04-18,58,"Candor","Ozone","Montgomery",35.2632,-79.8365
"6875",2025-04-19,43,"Candor","Ozone","Montgomery",35.2632,-79.8365
"6876",2025-04-20,35,"Candor","Ozone","Montgomery",35.2632,-79.8365
"6877",2025-04-21,44,"Candor","Ozone","Montgomery",35.2632,-79.8365
"6878",2025-04-22,41,"Candor","Ozone","Montgomery",35.2632,-79.8365
"6879",2025-04-23,43,"Candor","Ozone","Montgomery",35.2632,-79.8365
"6880",2025-04-24,34,"Candor","Ozone","Montgomery",35.2632,-79.8365
"6881",2025-04-25,31,"Candor","Ozone","Montgomery",35.2632,-79.8365
"6882",2025-04-26,37,"Candor","Ozone","Montgomery",35.2632,-79.8365
"6883",2025-04-27,44,"Candor","Ozone","Montgomery",35.2632,-79.8365
"6884",2025-04-28,49,"Candor","Ozone","Montgomery",35.2632,-79.8365
"6885",2025-04-29,45,"Candor","Ozone","Montgomery",35.2632,-79.8365
"6886",2025-04-30,38,"Candor","Ozone","Montgomery",35.2632,-79.8365
"6887",2025-05-01,40,"Candor","Ozone","Montgomery",35.2632,-79.8365
"6888",2025-05-02,43,"Candor","Ozone","Montgomery",35.2632,-79.8365
"6889",2025-05-03,35,"Candor","Ozone","Montgomery",35.2632,-79.8365
"6890",2025-05-04,35,"Candor","Ozone","Montgomery",35.2632,-79.8365
"6891",2025-05-05,40,"Candor","Ozone","Montgomery",35.2632,-79.8365
"6892",2025-05-06,44,"Candor","Ozone","Montgomery",35.2632,-79.8365
"6893",2025-05-07,37,"Candor","Ozone","Montgomery",35.2632,-79.8365
"6894",2025-05-08,38,"Candor","Ozone","Montgomery",35.2632,-79.8365
"6895",2025-05-09,44,"Candor","Ozone","Montgomery",35.2632,-79.8365
"6896",2025-05-10,34,"Candor","Ozone","Montgomery",35.2632,-79.8365
"6897",2025-05-11,33,"Candor","Ozone","Montgomery",35.2632,-79.8365
"6898",2025-05-13,28,"Candor","Ozone","Montgomery",35.2632,-79.8365
"6899",2025-05-14,32,"Candor","Ozone","Montgomery",35.2632,-79.8365
"6900",2025-05-15,36,"Candor","Ozone","Montgomery",35.2632,-79.8365
"6901",2025-05-16,29,"Candor","Ozone","Montgomery",35.2632,-79.8365
"6902",2025-05-17,36,"Candor","Ozone","Montgomery",35.2632,-79.8365
"6903",2025-05-18,43,"Candor","Ozone","Montgomery",35.2632,-79.8365
"6904",2025-05-19,38,"Candor","Ozone","Montgomery",35.2632,-79.8365
"6905",2025-05-20,42,"Candor","Ozone","Montgomery",35.2632,-79.8365
"6906",2025-05-21,44,"Candor","Ozone","Montgomery",35.2632,-79.8365
"6907",2025-05-22,51,"Candor","Ozone","Montgomery",35.2632,-79.8365
"6908",2025-05-23,46,"Candor","Ozone","Montgomery",35.2632,-79.8365
"6909",2025-05-24,41,"Candor","Ozone","Montgomery",35.2632,-79.8365
"6910",2025-05-25,33,"Candor","Ozone","Montgomery",35.2632,-79.8365
"6911",2025-05-26,32,"Candor","Ozone","Montgomery",35.2632,-79.8365
"6912",2025-05-27,21,"Candor","Ozone","Montgomery",35.2632,-79.8365
"6913",2025-05-28,25,"Candor","Ozone","Montgomery",35.2632,-79.8365
"6914",2025-05-29,27,"Candor","Ozone","Montgomery",35.2632,-79.8365
"6915",2025-05-30,30,"Candor","Ozone","Montgomery",35.2632,-79.8365
"6916",2025-05-31,43,"Candor","Ozone","Montgomery",35.2632,-79.8365
"6917",2025-06-01,37,"Candor","Ozone","Montgomery",35.2632,-79.8365
"6918",2025-06-02,44,"Candor","Ozone","Montgomery",35.2632,-79.8365
"6919",2025-06-03,48,"Candor","Ozone","Montgomery",35.2632,-79.8365
"6920",2025-06-04,45,"Candor","Ozone","Montgomery",35.2632,-79.8365
"6921",2025-06-05,21,"Candor","Ozone","Montgomery",35.2632,-79.8365
"6922",2025-06-08,27,"Candor","Ozone","Montgomery",35.2632,-79.8365
"6923",2025-06-09,36,"Candor","Ozone","Montgomery",35.2632,-79.8365
"6924",2025-06-10,24,"Candor","Ozone","Montgomery",35.2632,-79.8365
"6925",2025-06-11,39,"Candor","Ozone","Montgomery",35.2632,-79.8365
"6926",2025-06-12,27,"Candor","Ozone","Montgomery",35.2632,-79.8365
"6927",2025-06-13,21,"Candor","Ozone","Montgomery",35.2632,-79.8365
"6928",2025-06-14,20,"Candor","Ozone","Montgomery",35.2632,-79.8365
"6929",2025-06-15,19,"Candor","Ozone","Montgomery",35.2632,-79.8365
"6930",2025-06-16,25,"Candor","Ozone","Montgomery",35.2632,-79.8365
"6931",2025-06-17,25,"Candor","Ozone","Montgomery",35.2632,-79.8365
"6932",2025-06-18,24,"Candor","Ozone","Montgomery",35.2632,-79.8365
"6933",2025-06-19,26,"Candor","Ozone","Montgomery",35.2632,-79.8365
"6934",2025-06-20,41,"Candor","Ozone","Montgomery",35.2632,-79.8365
"6935",2025-06-21,44,"Candor","Ozone","Montgomery",35.2632,-79.8365
"6936",2025-06-22,42,"Candor","Ozone","Montgomery",35.2632,-79.8365
"6937",2025-06-23,44,"Candor","Ozone","Montgomery",35.2632,-79.8365
"6938",2025-06-24,41,"Candor","Ozone","Montgomery",35.2632,-79.8365
"6939",2025-06-25,39,"Candor","Ozone","Montgomery",35.2632,-79.8365
"6940",2025-06-26,48,"Candor","Ozone","Montgomery",35.2632,-79.8365
"6941",2025-06-28,31,"Candor","Ozone","Montgomery",35.2632,-79.8365
"6942",2025-06-29,37,"Candor","Ozone","Montgomery",35.2632,-79.8365
"6943",2025-06-30,31,"Candor","Ozone","Montgomery",35.2632,-79.8365
"6944",2025-07-01,31,"Candor","Ozone","Montgomery",35.2632,-79.8365
"6945",2025-07-02,25,"Candor","Ozone","Montgomery",35.2632,-79.8365
"6946",2025-07-03,45,"Candor","Ozone","Montgomery",35.2632,-79.8365
"6947",2025-07-04,41,"Candor","Ozone","Montgomery",35.2632,-79.8365
"6948",2025-07-05,47,"Candor","Ozone","Montgomery",35.2632,-79.8365
"6949",2025-07-06,19,"Candor","Ozone","Montgomery",35.2632,-79.8365
"6950",2025-07-07,33,"Candor","Ozone","Montgomery",35.2632,-79.8365
"6951",2025-07-08,32,"Candor","Ozone","Montgomery",35.2632,-79.8365
"6952",2025-07-09,33,"Candor","Ozone","Montgomery",35.2632,-79.8365
"6953",2025-07-10,26,"Candor","Ozone","Montgomery",35.2632,-79.8365
"6954",2025-07-11,23,"Candor","Ozone","Montgomery",35.2632,-79.8365
"6955",2025-07-12,31,"Candor","Ozone","Montgomery",35.2632,-79.8365
"6956",2025-07-13,37,"Candor","Ozone","Montgomery",35.2632,-79.8365
"6957",2025-07-14,32,"Candor","Ozone","Montgomery",35.2632,-79.8365
"6958",2025-07-15,28,"Candor","Ozone","Montgomery",35.2632,-79.8365
"6959",2025-07-16,30,"Candor","Ozone","Montgomery",35.2632,-79.8365
"6960",2025-07-17,27,"Candor","Ozone","Montgomery",35.2632,-79.8365
"6961",2025-07-18,30,"Candor","Ozone","Montgomery",35.2632,-79.8365
"6962",2025-07-19,33,"Candor","Ozone","Montgomery",35.2632,-79.8365
"6963",2025-07-20,37,"Candor","Ozone","Montgomery",35.2632,-79.8365
"6964",2025-07-21,34,"Candor","Ozone","Montgomery",35.2632,-79.8365
"6965",2025-07-22,39,"Candor","Ozone","Montgomery",35.2632,-79.8365
"6966",2025-07-23,48,"Candor","Ozone","Montgomery",35.2632,-79.8365
"6967",2025-07-24,34,"Candor","Ozone","Montgomery",35.2632,-79.8365
"6968",2025-07-25,44,"Candor","Ozone","Montgomery",35.2632,-79.8365
"6969",2025-07-26,43,"Candor","Ozone","Montgomery",35.2632,-79.8365
"6970",2025-07-27,40,"Candor","Ozone","Montgomery",35.2632,-79.8365
"6971",2025-07-28,40,"Candor","Ozone","Montgomery",35.2632,-79.8365
"6972",2025-07-29,34,"Candor","Ozone","Montgomery",35.2632,-79.8365
"6973",2025-07-30,37,"Candor","Ozone","Montgomery",35.2632,-79.8365
"6974",2025-07-31,35,"Candor","Ozone","Montgomery",35.2632,-79.8365
"6975",2025-08-01,29,"Candor","Ozone","Montgomery",35.2632,-79.8365
"6976",2025-08-02,28,"Candor","Ozone","Montgomery",35.2632,-79.8365
"6977",2025-08-03,34,"Candor","Ozone","Montgomery",35.2632,-79.8365
"6978",2025-08-04,41,"Candor","Ozone","Montgomery",35.2632,-79.8365
"6979",2025-08-05,29,"Candor","Ozone","Montgomery",35.2632,-79.8365
"6980",2025-08-06,27,"Candor","Ozone","Montgomery",35.2632,-79.8365
"6981",2025-08-07,30,"Candor","Ozone","Montgomery",35.2632,-79.8365
"6982",2025-08-08,26,"Candor","Ozone","Montgomery",35.2632,-79.8365
"6983",2025-08-09,32,"Candor","Ozone","Montgomery",35.2632,-79.8365
"6984",2025-08-10,23,"Candor","Ozone","Montgomery",35.2632,-79.8365
"6985",2025-08-12,15,"Candor","Ozone","Montgomery",35.2632,-79.8365
"6986",2025-08-13,18,"Candor","Ozone","Montgomery",35.2632,-79.8365
"6987",2025-08-14,19,"Candor","Ozone","Montgomery",35.2632,-79.8365
"6988",2025-08-15,42,"Candor","Ozone","Montgomery",35.2632,-79.8365
"6989",2025-08-16,31,"Candor","Ozone","Montgomery",35.2632,-79.8365
"6990",2025-08-17,31,"Candor","Ozone","Montgomery",35.2632,-79.8365
"6991",2025-08-18,37,"Candor","Ozone","Montgomery",35.2632,-79.8365
"6992",2025-08-19,28,"Candor","Ozone","Montgomery",35.2632,-79.8365
"6993",2025-08-20,26,"Candor","Ozone","Montgomery",35.2632,-79.8365
"6994",2025-08-21,30,"Candor","Ozone","Montgomery",35.2632,-79.8365
"6995",2025-08-22,26,"Candor","Ozone","Montgomery",35.2632,-79.8365
"6996",2025-08-23,29,"Candor","Ozone","Montgomery",35.2632,-79.8365
"6997",2025-08-24,30,"Candor","Ozone","Montgomery",35.2632,-79.8365
"6998",2025-08-25,36,"Candor","Ozone","Montgomery",35.2632,-79.8365
"6999",2025-08-26,35,"Candor","Ozone","Montgomery",35.2632,-79.8365
"7000",2025-08-27,40,"Candor","Ozone","Montgomery",35.2632,-79.8365
"7001",2025-08-28,40,"Candor","Ozone","Montgomery",35.2632,-79.8365
"7002",2025-08-29,43,"Candor","Ozone","Montgomery",35.2632,-79.8365
"7003",2025-08-30,39,"Candor","Ozone","Montgomery",35.2632,-79.8365
"7004",2025-08-31,36,"Candor","Ozone","Montgomery",35.2632,-79.8365
"7005",2025-09-01,34,"Candor","Ozone","Montgomery",35.2632,-79.8365
"7006",2025-09-02,36,"Candor","Ozone","Montgomery",35.2632,-79.8365
"7007",2025-09-03,43,"Candor","Ozone","Montgomery",35.2632,-79.8365
"7008",2025-09-04,39,"Candor","Ozone","Montgomery",35.2632,-79.8365
"7009",2025-09-05,39,"Candor","Ozone","Montgomery",35.2632,-79.8365
"7010",2025-09-06,31,"Candor","Ozone","Montgomery",35.2632,-79.8365
"7011",2025-09-07,20,"Candor","Ozone","Montgomery",35.2632,-79.8365
"7012",2025-09-08,37,"Candor","Ozone","Montgomery",35.2632,-79.8365
"7013",2025-09-09,38,"Candor","Ozone","Montgomery",35.2632,-79.8365
"7014",2025-09-10,34,"Candor","Ozone","Montgomery",35.2632,-79.8365
"7015",2025-09-11,33,"Candor","Ozone","Montgomery",35.2632,-79.8365
"7016",2025-09-12,43,"Candor","Ozone","Montgomery",35.2632,-79.8365
"7017",2025-09-13,40,"Candor","Ozone","Montgomery",35.2632,-79.8365
"7018",2025-09-14,36,"Candor","Ozone","Montgomery",35.2632,-79.8365
"7019",2025-09-15,44,"Candor","Ozone","Montgomery",35.2632,-79.8365
"7020",2025-09-16,43,"Candor","Ozone","Montgomery",35.2632,-79.8365
"7021",2025-09-17,44,"Candor","Ozone","Montgomery",35.2632,-79.8365
"7022",2025-09-18,39,"Candor","Ozone","Montgomery",35.2632,-79.8365
"7023",2025-09-19,46,"Candor","Ozone","Montgomery",35.2632,-79.8365
"7024",2025-09-20,49,"Candor","Ozone","Montgomery",35.2632,-79.8365
"7025",2025-09-21,42,"Candor","Ozone","Montgomery",35.2632,-79.8365
"7026",2025-09-22,41,"Candor","Ozone","Montgomery",35.2632,-79.8365
"7027",2025-09-23,41,"Candor","Ozone","Montgomery",35.2632,-79.8365
"7028",2025-09-24,40,"Candor","Ozone","Montgomery",35.2632,-79.8365
"7029",2025-09-25,28,"Candor","Ozone","Montgomery",35.2632,-79.8365
"7030",2025-09-26,20,"Candor","Ozone","Montgomery",35.2632,-79.8365
"7031",2025-09-27,25,"Candor","Ozone","Montgomery",35.2632,-79.8365
"7032",2025-09-28,29,"Candor","Ozone","Montgomery",35.2632,-79.8365
"7033",2025-09-29,26,"Candor","Ozone","Montgomery",35.2632,-79.8365
"7034",2025-09-30,36,"Candor","Ozone","Montgomery",35.2632,-79.8365
"7035",2025-10-01,36,"Candor","Ozone","Montgomery",35.2632,-79.8365
"7036",2025-10-02,30,"Candor","Ozone","Montgomery",35.2632,-79.8365
"7037",2025-10-03,29,"Candor","Ozone","Montgomery",35.2632,-79.8365
"7038",2025-10-04,30,"Candor","Ozone","Montgomery",35.2632,-79.8365
"7039",2025-10-05,30,"Candor","Ozone","Montgomery",35.2632,-79.8365
"7040",2025-10-06,26,"Candor","Ozone","Montgomery",35.2632,-79.8365
"7041",2025-10-07,25,"Candor","Ozone","Montgomery",35.2632,-79.8365
"7042",2025-10-08,29,"Candor","Ozone","Montgomery",35.2632,-79.8365
"7043",2025-10-09,37,"Candor","Ozone","Montgomery",35.2632,-79.8365
"7044",2025-10-10,32,"Candor","Ozone","Montgomery",35.2632,-79.8365
"7045",2025-10-11,27,"Candor","Ozone","Montgomery",35.2632,-79.8365
"7046",2025-10-12,27,"Candor","Ozone","Montgomery",35.2632,-79.8365
"7047",2025-10-13,30,"Candor","Ozone","Montgomery",35.2632,-79.8365
"7048",2025-10-14,31,"Candor","Ozone","Montgomery",35.2632,-79.8365
"7049",2025-10-15,39,"Candor","Ozone","Montgomery",35.2632,-79.8365
"7050",2025-10-16,37,"Candor","Ozone","Montgomery",35.2632,-79.8365
"7051",2025-10-17,38,"Candor","Ozone","Montgomery",35.2632,-79.8365
"7052",2025-10-18,39,"Candor","Ozone","Montgomery",35.2632,-79.8365
"7053",2025-10-19,35,"Candor","Ozone","Montgomery",35.2632,-79.8365
"7054",2025-10-20,35,"Candor","Ozone","Montgomery",35.2632,-79.8365
"7055",2025-10-21,41,"Candor","Ozone","Montgomery",35.2632,-79.8365
"7056",2025-10-22,41,"Candor","Ozone","Montgomery",35.2632,-79.8365
"7057",2025-10-23,40,"Candor","Ozone","Montgomery",35.2632,-79.8365
"7058",2025-10-24,39,"Candor","Ozone","Montgomery",35.2632,-79.8365
"7059",2025-10-25,31,"Candor","Ozone","Montgomery",35.2632,-79.8365
"7060",2025-10-26,32,"Candor","Ozone","Montgomery",35.2632,-79.8365
"7061",2025-10-27,31,"Candor","Ozone","Montgomery",35.2632,-79.8365
"7062",2025-10-28,26,"Candor","Ozone","Montgomery",35.2632,-79.8365
"7063",2025-10-29,13,"Candor","Ozone","Montgomery",35.2632,-79.8365
"7064",2025-10-30,21,"Candor","Ozone","Montgomery",35.2632,-79.8365
"7065",2025-10-31,35,"Candor","Ozone","Montgomery",35.2632,-79.8365
"7066",2025-11-01,35,"Candor","Ozone","Montgomery",35.2632,-79.8365
"7067",2025-11-02,32,"Candor","Ozone","Montgomery",35.2632,-79.8365
"7068",2025-11-03,36,"Candor","Ozone","Montgomery",35.2632,-79.8365
"7069",2025-11-04,35,"Candor","Ozone","Montgomery",35.2632,-79.8365
"7070",2025-11-05,41,"Candor","Ozone","Montgomery",35.2632,-79.8365
"7071",2025-11-06,44,"Candor","Ozone","Montgomery",35.2632,-79.8365
"7072",2025-11-07,36,"Candor","Ozone","Montgomery",35.2632,-79.8365
"7073",2025-11-08,31,"Candor","Ozone","Montgomery",35.2632,-79.8365
"7074",2025-11-09,31,"Candor","Ozone","Montgomery",35.2632,-79.8365
"7075",2025-11-10,29,"Candor","Ozone","Montgomery",35.2632,-79.8365
"7076",2025-11-11,31,"Candor","Ozone","Montgomery",35.2632,-79.8365
"7077",2025-11-12,37,"Candor","Ozone","Montgomery",35.2632,-79.8365
"7078",2025-11-13,42,"Candor","Ozone","Montgomery",35.2632,-79.8365
"7079",2025-11-14,39,"Candor","Ozone","Montgomery",35.2632,-79.8365
"7080",2025-11-15,38,"Candor","Ozone","Montgomery",35.2632,-79.8365
"7081",2025-11-16,38,"Candor","Ozone","Montgomery",35.2632,-79.8365
"7082",2025-11-17,40,"Candor","Ozone","Montgomery",35.2632,-79.8365
"7083",2025-11-18,41,"Candor","Ozone","Montgomery",35.2632,-79.8365
"7084",2025-11-19,44,"Candor","Ozone","Montgomery",35.2632,-79.8365
"7085",2025-11-20,31,"Candor","Ozone","Montgomery",35.2632,-79.8365
"7086",2025-11-21,23,"Candor","Ozone","Montgomery",35.2632,-79.8365
"7087",2025-11-22,29,"Candor","Ozone","Montgomery",35.2632,-79.8365
"7088",2025-11-23,32,"Candor","Ozone","Montgomery",35.2632,-79.8365
"7089",2025-11-24,37,"Candor","Ozone","Montgomery",35.2632,-79.8365
"7090",2025-11-25,34,"Candor","Ozone","Montgomery",35.2632,-79.8365
"7091",2025-11-26,35,"Candor","Ozone","Montgomery",35.2632,-79.8365
"7092",2025-11-27,34,"Candor","Ozone","Montgomery",35.2632,-79.8365
"7093",2025-11-28,33,"Candor","Ozone","Montgomery",35.2632,-79.8365
"7094",2025-11-29,33,"Candor","Ozone","Montgomery",35.2632,-79.8365
"7095",2025-11-30,26,"Candor","Ozone","Montgomery",35.2632,-79.8365
"7096",2025-12-01,26,"Candor","Ozone","Montgomery",35.2632,-79.8365
"7097",2025-12-02,16,"Candor","Ozone","Montgomery",35.2632,-79.8365
"7098",2025-12-03,31,"Candor","Ozone","Montgomery",35.2632,-79.8365
"7099",2025-12-04,17,"Candor","Ozone","Montgomery",35.2632,-79.8365
"7100",2025-12-05,13,"Candor","Ozone","Montgomery",35.2632,-79.8365
"7101",2025-12-06,7,"Candor","Ozone","Montgomery",35.2632,-79.8365
"7102",2025-12-07,9,"Candor","Ozone","Montgomery",35.2632,-79.8365
"7103",2025-12-08,22,"Candor","Ozone","Montgomery",35.2632,-79.8365
"7104",2025-12-09,23,"Candor","Ozone","Montgomery",35.2632,-79.8365
"7105",2025-12-10,28,"Candor","Ozone","Montgomery",35.2632,-79.8365
"7106",2025-12-11,29,"Candor","Ozone","Montgomery",35.2632,-79.8365
"7107",2025-12-12,26,"Candor","Ozone","Montgomery",35.2632,-79.8365
"7108",2025-12-13,32,"Candor","Ozone","Montgomery",35.2632,-79.8365
"7109",2025-12-14,36,"Candor","Ozone","Montgomery",35.2632,-79.8365
"7110",2025-12-15,31,"Candor","Ozone","Montgomery",35.2632,-79.8365
"7111",2025-12-16,32,"Candor","Ozone","Montgomery",35.2632,-79.8365
"7112",2025-12-17,34,"Candor","Ozone","Montgomery",35.2632,-79.8365
"7113",2025-12-18,29,"Candor","Ozone","Montgomery",35.2632,-79.8365
"7114",2025-12-19,38,"Candor","Ozone","Montgomery",35.2632,-79.8365
"7115",2025-12-20,32,"Candor","Ozone","Montgomery",35.2632,-79.8365
"7116",2025-12-21,35,"Candor","Ozone","Montgomery",35.2632,-79.8365
"7117",2025-12-22,37,"Candor","Ozone","Montgomery",35.2632,-79.8365
"7118",2025-12-23,35,"Candor","Ozone","Montgomery",35.2632,-79.8365
"7119",2025-12-24,35,"Candor","Ozone","Montgomery",35.2632,-79.8365
"7120",2025-12-25,33,"Candor","Ozone","Montgomery",35.2632,-79.8365
"7121",2025-12-26,28,"Candor","Ozone","Montgomery",35.2632,-79.8365
"7122",2025-12-27,31,"Candor","Ozone","Montgomery",35.2632,-79.8365
"7123",2025-12-28,24,"Candor","Ozone","Montgomery",35.2632,-79.8365
"7124",2025-12-29,32,"Candor","Ozone","Montgomery",35.2632,-79.8365
"7125",2025-12-30,30,"Candor","Ozone","Montgomery",35.2632,-79.8365
"7126",2025-12-31,34,"Candor","Ozone","Montgomery",35.2632,-79.8365
"7127",2025-03-01,51,"Castle Hayne","Ozone","New Hanover",34.364167,-77.838611
"7128",2025-03-02,36,"Castle Hayne","Ozone","New Hanover",34.364167,-77.838611
"7129",2025-03-03,41,"Castle Hayne","Ozone","New Hanover",34.364167,-77.838611
"7130",2025-03-04,42,"Castle Hayne","Ozone","New Hanover",34.364167,-77.838611
"7131",2025-03-05,38,"Castle Hayne","Ozone","New Hanover",34.364167,-77.838611
"7132",2025-03-06,32,"Castle Hayne","Ozone","New Hanover",34.364167,-77.838611
"7133",2025-03-07,38,"Castle Hayne","Ozone","New Hanover",34.364167,-77.838611
"7134",2025-03-08,45,"Castle Hayne","Ozone","New Hanover",34.364167,-77.838611
"7135",2025-03-09,37,"Castle Hayne","Ozone","New Hanover",34.364167,-77.838611
"7136",2025-03-10,38,"Castle Hayne","Ozone","New Hanover",34.364167,-77.838611
"7137",2025-03-11,43,"Castle Hayne","Ozone","New Hanover",34.364167,-77.838611
"7138",2025-03-12,74,"Castle Hayne","Ozone","New Hanover",34.364167,-77.838611
"7139",2025-03-13,64,"Castle Hayne","Ozone","New Hanover",34.364167,-77.838611
"7140",2025-03-14,31,"Castle Hayne","Ozone","New Hanover",34.364167,-77.838611
"7141",2025-03-15,37,"Castle Hayne","Ozone","New Hanover",34.364167,-77.838611
"7142",2025-03-16,34,"Castle Hayne","Ozone","New Hanover",34.364167,-77.838611
"7143",2025-03-17,31,"Castle Hayne","Ozone","New Hanover",34.364167,-77.838611
"7144",2025-03-18,41,"Castle Hayne","Ozone","New Hanover",34.364167,-77.838611
"7145",2025-03-19,58,"Castle Hayne","Ozone","New Hanover",34.364167,-77.838611
"7146",2025-03-20,45,"Castle Hayne","Ozone","New Hanover",34.364167,-77.838611
"7147",2025-03-21,39,"Castle Hayne","Ozone","New Hanover",34.364167,-77.838611
"7148",2025-03-22,49,"Castle Hayne","Ozone","New Hanover",34.364167,-77.838611
"7149",2025-03-23,41,"Castle Hayne","Ozone","New Hanover",34.364167,-77.838611
"7150",2025-03-25,48,"Castle Hayne","Ozone","New Hanover",34.364167,-77.838611
"7151",2025-03-26,45,"Castle Hayne","Ozone","New Hanover",34.364167,-77.838611
"7152",2025-03-27,46,"Castle Hayne","Ozone","New Hanover",34.364167,-77.838611
"7153",2025-03-28,46,"Castle Hayne","Ozone","New Hanover",34.364167,-77.838611
"7154",2025-03-29,42,"Castle Hayne","Ozone","New Hanover",34.364167,-77.838611
"7155",2025-03-30,39,"Castle Hayne","Ozone","New Hanover",34.364167,-77.838611
"7156",2025-03-31,32,"Castle Hayne","Ozone","New Hanover",34.364167,-77.838611
"7157",2025-04-01,32,"Castle Hayne","Ozone","New Hanover",34.364167,-77.838611
"7158",2025-04-02,37,"Castle Hayne","Ozone","New Hanover",34.364167,-77.838611
"7159",2025-04-03,23,"Castle Hayne","Ozone","New Hanover",34.364167,-77.838611
"7160",2025-04-04,27,"Castle Hayne","Ozone","New Hanover",34.364167,-77.838611
"7161",2025-04-05,32,"Castle Hayne","Ozone","New Hanover",34.364167,-77.838611
"7162",2025-04-06,31,"Castle Hayne","Ozone","New Hanover",34.364167,-77.838611
"7163",2025-04-07,33,"Castle Hayne","Ozone","New Hanover",34.364167,-77.838611
"7164",2025-04-08,43,"Castle Hayne","Ozone","New Hanover",34.364167,-77.838611
"7165",2025-04-09,44,"Castle Hayne","Ozone","New Hanover",34.364167,-77.838611
"7166",2025-04-10,46,"Castle Hayne","Ozone","New Hanover",34.364167,-77.838611
"7167",2025-04-11,45,"Castle Hayne","Ozone","New Hanover",34.364167,-77.838611
"7168",2025-04-12,34,"Castle Hayne","Ozone","New Hanover",34.364167,-77.838611
"7169",2025-04-13,41,"Castle Hayne","Ozone","New Hanover",34.364167,-77.838611
"7170",2025-04-14,51,"Castle Hayne","Ozone","New Hanover",34.364167,-77.838611
"7171",2025-04-15,46,"Castle Hayne","Ozone","New Hanover",34.364167,-77.838611
"7172",2025-04-16,45,"Castle Hayne","Ozone","New Hanover",34.364167,-77.838611
"7173",2025-04-17,51,"Castle Hayne","Ozone","New Hanover",34.364167,-77.838611
"7174",2025-04-18,51,"Castle Hayne","Ozone","New Hanover",34.364167,-77.838611
"7175",2025-04-19,44,"Castle Hayne","Ozone","New Hanover",34.364167,-77.838611
"7176",2025-04-20,38,"Castle Hayne","Ozone","New Hanover",34.364167,-77.838611
"7177",2025-04-21,46,"Castle Hayne","Ozone","New Hanover",34.364167,-77.838611
"7178",2025-04-22,44,"Castle Hayne","Ozone","New Hanover",34.364167,-77.838611
"7179",2025-04-23,34,"Castle Hayne","Ozone","New Hanover",34.364167,-77.838611
"7180",2025-04-24,38,"Castle Hayne","Ozone","New Hanover",34.364167,-77.838611
"7181",2025-04-25,44,"Castle Hayne","Ozone","New Hanover",34.364167,-77.838611
"7182",2025-04-26,35,"Castle Hayne","Ozone","New Hanover",34.364167,-77.838611
"7183",2025-04-27,42,"Castle Hayne","Ozone","New Hanover",34.364167,-77.838611
"7184",2025-04-28,49,"Castle Hayne","Ozone","New Hanover",34.364167,-77.838611
"7185",2025-04-29,45,"Castle Hayne","Ozone","New Hanover",34.364167,-77.838611
"7186",2025-04-30,42,"Castle Hayne","Ozone","New Hanover",34.364167,-77.838611
"7187",2025-05-01,43,"Castle Hayne","Ozone","New Hanover",34.364167,-77.838611
"7188",2025-05-02,41,"Castle Hayne","Ozone","New Hanover",34.364167,-77.838611
"7189",2025-05-03,42,"Castle Hayne","Ozone","New Hanover",34.364167,-77.838611
"7190",2025-05-04,40,"Castle Hayne","Ozone","New Hanover",34.364167,-77.838611
"7191",2025-05-05,41,"Castle Hayne","Ozone","New Hanover",34.364167,-77.838611
"7192",2025-05-06,48,"Castle Hayne","Ozone","New Hanover",34.364167,-77.838611
"7193",2025-05-07,48,"Castle Hayne","Ozone","New Hanover",34.364167,-77.838611
"7194",2025-05-08,50,"Castle Hayne","Ozone","New Hanover",34.364167,-77.838611
"7195",2025-05-09,44,"Castle Hayne","Ozone","New Hanover",34.364167,-77.838611
"7196",2025-05-10,41,"Castle Hayne","Ozone","New Hanover",34.364167,-77.838611
"7197",2025-05-11,36,"Castle Hayne","Ozone","New Hanover",34.364167,-77.838611
"7198",2025-05-12,23,"Castle Hayne","Ozone","New Hanover",34.364167,-77.838611
"7199",2025-05-13,32,"Castle Hayne","Ozone","New Hanover",34.364167,-77.838611
"7200",2025-05-14,38,"Castle Hayne","Ozone","New Hanover",34.364167,-77.838611
"7201",2025-05-15,45,"Castle Hayne","Ozone","New Hanover",34.364167,-77.838611
"7202",2025-05-16,38,"Castle Hayne","Ozone","New Hanover",34.364167,-77.838611
"7203",2025-05-17,34,"Castle Hayne","Ozone","New Hanover",34.364167,-77.838611
"7204",2025-05-18,44,"Castle Hayne","Ozone","New Hanover",34.364167,-77.838611
"7205",2025-05-19,42,"Castle Hayne","Ozone","New Hanover",34.364167,-77.838611
"7206",2025-05-20,45,"Castle Hayne","Ozone","New Hanover",34.364167,-77.838611
"7207",2025-05-21,43,"Castle Hayne","Ozone","New Hanover",34.364167,-77.838611
"7208",2025-05-22,50,"Castle Hayne","Ozone","New Hanover",34.364167,-77.838611
"7209",2025-05-23,47,"Castle Hayne","Ozone","New Hanover",34.364167,-77.838611
"7210",2025-05-24,44,"Castle Hayne","Ozone","New Hanover",34.364167,-77.838611
"7211",2025-05-25,43,"Castle Hayne","Ozone","New Hanover",34.364167,-77.838611
"7212",2025-05-26,31,"Castle Hayne","Ozone","New Hanover",34.364167,-77.838611
"7213",2025-05-27,33,"Castle Hayne","Ozone","New Hanover",34.364167,-77.838611
"7214",2025-05-28,26,"Castle Hayne","Ozone","New Hanover",34.364167,-77.838611
"7215",2025-05-29,26,"Castle Hayne","Ozone","New Hanover",34.364167,-77.838611
"7216",2025-05-30,32,"Castle Hayne","Ozone","New Hanover",34.364167,-77.838611
"7217",2025-05-31,44,"Castle Hayne","Ozone","New Hanover",34.364167,-77.838611
"7218",2025-06-01,51,"Castle Hayne","Ozone","New Hanover",34.364167,-77.838611
"7219",2025-06-02,40,"Castle Hayne","Ozone","New Hanover",34.364167,-77.838611
"7220",2025-06-03,49,"Castle Hayne","Ozone","New Hanover",34.364167,-77.838611
"7221",2025-06-04,47,"Castle Hayne","Ozone","New Hanover",34.364167,-77.838611
"7222",2025-06-05,23,"Castle Hayne","Ozone","New Hanover",34.364167,-77.838611
"7223",2025-06-06,27,"Castle Hayne","Ozone","New Hanover",34.364167,-77.838611
"7224",2025-06-07,31,"Castle Hayne","Ozone","New Hanover",34.364167,-77.838611
"7225",2025-06-08,30,"Castle Hayne","Ozone","New Hanover",34.364167,-77.838611
"7226",2025-06-09,36,"Castle Hayne","Ozone","New Hanover",34.364167,-77.838611
"7227",2025-06-10,28,"Castle Hayne","Ozone","New Hanover",34.364167,-77.838611
"7228",2025-06-11,29,"Castle Hayne","Ozone","New Hanover",34.364167,-77.838611
"7229",2025-06-12,24,"Castle Hayne","Ozone","New Hanover",34.364167,-77.838611
"7230",2025-06-13,16,"Castle Hayne","Ozone","New Hanover",34.364167,-77.838611
"7231",2025-06-14,18,"Castle Hayne","Ozone","New Hanover",34.364167,-77.838611
"7232",2025-06-15,24,"Castle Hayne","Ozone","New Hanover",34.364167,-77.838611
"7233",2025-06-16,26,"Castle Hayne","Ozone","New Hanover",34.364167,-77.838611
"7234",2025-06-17,25,"Castle Hayne","Ozone","New Hanover",34.364167,-77.838611
"7235",2025-06-18,28,"Castle Hayne","Ozone","New Hanover",34.364167,-77.838611
"7236",2025-06-19,31,"Castle Hayne","Ozone","New Hanover",34.364167,-77.838611
"7237",2025-06-20,32,"Castle Hayne","Ozone","New Hanover",34.364167,-77.838611
"7238",2025-06-21,30,"Castle Hayne","Ozone","New Hanover",34.364167,-77.838611
"7239",2025-06-22,27,"Castle Hayne","Ozone","New Hanover",34.364167,-77.838611
"7240",2025-06-23,37,"Castle Hayne","Ozone","New Hanover",34.364167,-77.838611
"7241",2025-06-24,44,"Castle Hayne","Ozone","New Hanover",34.364167,-77.838611
"7242",2025-06-25,41,"Castle Hayne","Ozone","New Hanover",34.364167,-77.838611
"7243",2025-06-26,47,"Castle Hayne","Ozone","New Hanover",34.364167,-77.838611
"7244",2025-06-27,37,"Castle Hayne","Ozone","New Hanover",34.364167,-77.838611
"7245",2025-06-28,31,"Castle Hayne","Ozone","New Hanover",34.364167,-77.838611
"7246",2025-06-29,34,"Castle Hayne","Ozone","New Hanover",34.364167,-77.838611
"7247",2025-06-30,30,"Castle Hayne","Ozone","New Hanover",34.364167,-77.838611
"7248",2025-07-01,30,"Castle Hayne","Ozone","New Hanover",34.364167,-77.838611
"7249",2025-07-02,25,"Castle Hayne","Ozone","New Hanover",34.364167,-77.838611
"7250",2025-07-03,31,"Castle Hayne","Ozone","New Hanover",34.364167,-77.838611
"7251",2025-07-04,39,"Castle Hayne","Ozone","New Hanover",34.364167,-77.838611
"7252",2025-07-05,32,"Castle Hayne","Ozone","New Hanover",34.364167,-77.838611
"7253",2025-07-06,30,"Castle Hayne","Ozone","New Hanover",34.364167,-77.838611
"7254",2025-07-07,32,"Castle Hayne","Ozone","New Hanover",34.364167,-77.838611
"7255",2025-07-08,31,"Castle Hayne","Ozone","New Hanover",34.364167,-77.838611
"7256",2025-07-09,20,"Castle Hayne","Ozone","New Hanover",34.364167,-77.838611
"7257",2025-07-10,35,"Castle Hayne","Ozone","New Hanover",34.364167,-77.838611
"7258",2025-07-11,34,"Castle Hayne","Ozone","New Hanover",34.364167,-77.838611
"7259",2025-07-12,34,"Castle Hayne","Ozone","New Hanover",34.364167,-77.838611
"7260",2025-07-13,31,"Castle Hayne","Ozone","New Hanover",34.364167,-77.838611
"7261",2025-07-14,28,"Castle Hayne","Ozone","New Hanover",34.364167,-77.838611
"7262",2025-07-15,31,"Castle Hayne","Ozone","New Hanover",34.364167,-77.838611
"7263",2025-07-16,13,"Castle Hayne","Ozone","New Hanover",34.364167,-77.838611
"7264",2025-07-17,19,"Castle Hayne","Ozone","New Hanover",34.364167,-77.838611
"7265",2025-07-18,24,"Castle Hayne","Ozone","New Hanover",34.364167,-77.838611
"7266",2025-07-19,28,"Castle Hayne","Ozone","New Hanover",34.364167,-77.838611
"7267",2025-07-20,31,"Castle Hayne","Ozone","New Hanover",34.364167,-77.838611
"7268",2025-07-21,31,"Castle Hayne","Ozone","New Hanover",34.364167,-77.838611
"7269",2025-07-22,29,"Castle Hayne","Ozone","New Hanover",34.364167,-77.838611
"7270",2025-07-23,31,"Castle Hayne","Ozone","New Hanover",34.364167,-77.838611
"7271",2025-07-24,25,"Castle Hayne","Ozone","New Hanover",34.364167,-77.838611
"7272",2025-07-25,30,"Castle Hayne","Ozone","New Hanover",34.364167,-77.838611
"7273",2025-07-26,31,"Castle Hayne","Ozone","New Hanover",34.364167,-77.838611
"7274",2025-07-27,31,"Castle Hayne","Ozone","New Hanover",34.364167,-77.838611
"7275",2025-07-28,34,"Castle Hayne","Ozone","New Hanover",34.364167,-77.838611
"7276",2025-07-29,29,"Castle Hayne","Ozone","New Hanover",34.364167,-77.838611
"7277",2025-07-30,23,"Castle Hayne","Ozone","New Hanover",34.364167,-77.838611
"7278",2025-07-31,30,"Castle Hayne","Ozone","New Hanover",34.364167,-77.838611
"7279",2025-08-01,33,"Castle Hayne","Ozone","New Hanover",34.364167,-77.838611
"7280",2025-08-02,26,"Castle Hayne","Ozone","New Hanover",34.364167,-77.838611
"7281",2025-08-03,29,"Castle Hayne","Ozone","New Hanover",34.364167,-77.838611
"7282",2025-08-04,29,"Castle Hayne","Ozone","New Hanover",34.364167,-77.838611
"7283",2025-08-05,27,"Castle Hayne","Ozone","New Hanover",34.364167,-77.838611
"7284",2025-08-06,25,"Castle Hayne","Ozone","New Hanover",34.364167,-77.838611
"7285",2025-08-07,26,"Castle Hayne","Ozone","New Hanover",34.364167,-77.838611
"7286",2025-08-08,23,"Castle Hayne","Ozone","New Hanover",34.364167,-77.838611
"7287",2025-08-09,24,"Castle Hayne","Ozone","New Hanover",34.364167,-77.838611
"7288",2025-08-10,23,"Castle Hayne","Ozone","New Hanover",34.364167,-77.838611
"7289",2025-08-11,15,"Castle Hayne","Ozone","New Hanover",34.364167,-77.838611
"7290",2025-08-12,10,"Castle Hayne","Ozone","New Hanover",34.364167,-77.838611
"7291",2025-08-13,13,"Castle Hayne","Ozone","New Hanover",34.364167,-77.838611
"7292",2025-08-14,21,"Castle Hayne","Ozone","New Hanover",34.364167,-77.838611
"7293",2025-08-15,20,"Castle Hayne","Ozone","New Hanover",34.364167,-77.838611
"7294",2025-08-16,20,"Castle Hayne","Ozone","New Hanover",34.364167,-77.838611
"7295",2025-08-17,32,"Castle Hayne","Ozone","New Hanover",34.364167,-77.838611
"7296",2025-08-18,35,"Castle Hayne","Ozone","New Hanover",34.364167,-77.838611
"7297",2025-08-19,25,"Castle Hayne","Ozone","New Hanover",34.364167,-77.838611
"7298",2025-08-20,16,"Castle Hayne","Ozone","New Hanover",34.364167,-77.838611
"7299",2025-08-21,23,"Castle Hayne","Ozone","New Hanover",34.364167,-77.838611
"7300",2025-08-22,29,"Castle Hayne","Ozone","New Hanover",34.364167,-77.838611
"7301",2025-08-23,32,"Castle Hayne","Ozone","New Hanover",34.364167,-77.838611
"7302",2025-08-24,24,"Castle Hayne","Ozone","New Hanover",34.364167,-77.838611
"7303",2025-08-25,31,"Castle Hayne","Ozone","New Hanover",34.364167,-77.838611
"7304",2025-08-26,35,"Castle Hayne","Ozone","New Hanover",34.364167,-77.838611
"7305",2025-08-27,38,"Castle Hayne","Ozone","New Hanover",34.364167,-77.838611
"7306",2025-08-28,40,"Castle Hayne","Ozone","New Hanover",34.364167,-77.838611
"7307",2025-08-29,45,"Castle Hayne","Ozone","New Hanover",34.364167,-77.838611
"7308",2025-08-30,37,"Castle Hayne","Ozone","New Hanover",34.364167,-77.838611
"7309",2025-08-31,37,"Castle Hayne","Ozone","New Hanover",34.364167,-77.838611
"7310",2025-09-01,31,"Castle Hayne","Ozone","New Hanover",34.364167,-77.838611
"7311",2025-09-02,30,"Castle Hayne","Ozone","New Hanover",34.364167,-77.838611
"7312",2025-09-03,39,"Castle Hayne","Ozone","New Hanover",34.364167,-77.838611
"7313",2025-09-04,44,"Castle Hayne","Ozone","New Hanover",34.364167,-77.838611
"7314",2025-09-05,38,"Castle Hayne","Ozone","New Hanover",34.364167,-77.838611
"7315",2025-09-06,31,"Castle Hayne","Ozone","New Hanover",34.364167,-77.838611
"7316",2025-09-07,27,"Castle Hayne","Ozone","New Hanover",34.364167,-77.838611
"7317",2025-09-08,33,"Castle Hayne","Ozone","New Hanover",34.364167,-77.838611
"7318",2025-09-09,28,"Castle Hayne","Ozone","New Hanover",34.364167,-77.838611
"7319",2025-09-10,19,"Castle Hayne","Ozone","New Hanover",34.364167,-77.838611
"7320",2025-09-11,17,"Castle Hayne","Ozone","New Hanover",34.364167,-77.838611
"7321",2025-09-12,43,"Castle Hayne","Ozone","New Hanover",34.364167,-77.838611
"7322",2025-09-13,31,"Castle Hayne","Ozone","New Hanover",34.364167,-77.838611
"7323",2025-09-14,36,"Castle Hayne","Ozone","New Hanover",34.364167,-77.838611
"7324",2025-09-15,36,"Castle Hayne","Ozone","New Hanover",34.364167,-77.838611
"7325",2025-09-16,31,"Castle Hayne","Ozone","New Hanover",34.364167,-77.838611
"7326",2025-09-17,39,"Castle Hayne","Ozone","New Hanover",34.364167,-77.838611
"7327",2025-09-18,33,"Castle Hayne","Ozone","New Hanover",34.364167,-77.838611
"7328",2025-09-19,42,"Castle Hayne","Ozone","New Hanover",34.364167,-77.838611
"7329",2025-09-20,39,"Castle Hayne","Ozone","New Hanover",34.364167,-77.838611
"7330",2025-09-21,40,"Castle Hayne","Ozone","New Hanover",34.364167,-77.838611
"7331",2025-09-22,23,"Castle Hayne","Ozone","New Hanover",34.364167,-77.838611
"7332",2025-09-23,29,"Castle Hayne","Ozone","New Hanover",34.364167,-77.838611
"7333",2025-09-24,26,"Castle Hayne","Ozone","New Hanover",34.364167,-77.838611
"7334",2025-09-25,31,"Castle Hayne","Ozone","New Hanover",34.364167,-77.838611
"7335",2025-09-26,27,"Castle Hayne","Ozone","New Hanover",34.364167,-77.838611
"7336",2025-09-27,14,"Castle Hayne","Ozone","New Hanover",34.364167,-77.838611
"7337",2025-09-28,21,"Castle Hayne","Ozone","New Hanover",34.364167,-77.838611
"7338",2025-09-29,18,"Castle Hayne","Ozone","New Hanover",34.364167,-77.838611
"7339",2025-09-30,28,"Castle Hayne","Ozone","New Hanover",34.364167,-77.838611
"7340",2025-10-01,31,"Castle Hayne","Ozone","New Hanover",34.364167,-77.838611
"7341",2025-10-02,25,"Castle Hayne","Ozone","New Hanover",34.364167,-77.838611
"7342",2025-10-03,27,"Castle Hayne","Ozone","New Hanover",34.364167,-77.838611
"7343",2025-10-04,28,"Castle Hayne","Ozone","New Hanover",34.364167,-77.838611
"7344",2025-10-05,34,"Castle Hayne","Ozone","New Hanover",34.364167,-77.838611
"7345",2025-10-06,31,"Castle Hayne","Ozone","New Hanover",34.364167,-77.838611
"7346",2025-10-07,31,"Castle Hayne","Ozone","New Hanover",34.364167,-77.838611
"7347",2025-10-08,25,"Castle Hayne","Ozone","New Hanover",34.364167,-77.838611
"7348",2025-10-09,31,"Castle Hayne","Ozone","New Hanover",34.364167,-77.838611
"7349",2025-10-10,31,"Castle Hayne","Ozone","New Hanover",34.364167,-77.838611
"7350",2025-10-11,30,"Castle Hayne","Ozone","New Hanover",34.364167,-77.838611
"7351",2025-10-12,28,"Castle Hayne","Ozone","New Hanover",34.364167,-77.838611
"7352",2025-10-13,19,"Castle Hayne","Ozone","New Hanover",34.364167,-77.838611
"7353",2025-10-14,19,"Castle Hayne","Ozone","New Hanover",34.364167,-77.838611
"7354",2025-10-15,19,"Castle Hayne","Ozone","New Hanover",34.364167,-77.838611
"7355",2025-10-16,34,"Castle Hayne","Ozone","New Hanover",34.364167,-77.838611
"7356",2025-10-17,35,"Castle Hayne","Ozone","New Hanover",34.364167,-77.838611
"7357",2025-10-18,42,"Castle Hayne","Ozone","New Hanover",34.364167,-77.838611
"7358",2025-10-19,39,"Castle Hayne","Ozone","New Hanover",34.364167,-77.838611
"7359",2025-10-20,31,"Castle Hayne","Ozone","New Hanover",34.364167,-77.838611
"7360",2025-10-21,38,"Castle Hayne","Ozone","New Hanover",34.364167,-77.838611
"7361",2025-10-22,38,"Castle Hayne","Ozone","New Hanover",34.364167,-77.838611
"7362",2025-10-23,34,"Castle Hayne","Ozone","New Hanover",34.364167,-77.838611
"7363",2025-10-24,33,"Castle Hayne","Ozone","New Hanover",34.364167,-77.838611
"7364",2025-10-25,31,"Castle Hayne","Ozone","New Hanover",34.364167,-77.838611
"7365",2025-10-26,25,"Castle Hayne","Ozone","New Hanover",34.364167,-77.838611
"7366",2025-10-27,31,"Castle Hayne","Ozone","New Hanover",34.364167,-77.838611
"7367",2025-10-28,24,"Castle Hayne","Ozone","New Hanover",34.364167,-77.838611
"7368",2025-10-29,18,"Castle Hayne","Ozone","New Hanover",34.364167,-77.838611
"7369",2025-10-30,27,"Castle Hayne","Ozone","New Hanover",34.364167,-77.838611
"7370",2025-10-31,31,"Castle Hayne","Ozone","New Hanover",34.364167,-77.838611
"7371",2025-11-01,32,"Castle Hayne","Ozone","New Hanover",34.364167,-77.838611
"7372",2025-11-02,35,"Castle Hayne","Ozone","New Hanover",34.364167,-77.838611
"7373",2025-03-07,38,"Bushy Fork","Ozone","Person",36.306965,-79.09197
"7374",2025-03-08,43,"Bushy Fork","Ozone","Person",36.306965,-79.09197
"7375",2025-03-09,44,"Bushy Fork","Ozone","Person",36.306965,-79.09197
"7376",2025-03-11,51,"Bushy Fork","Ozone","Person",36.306965,-79.09197
"7377",2025-03-12,74,"Bushy Fork","Ozone","Person",36.306965,-79.09197
"7378",2025-03-13,44,"Bushy Fork","Ozone","Person",36.306965,-79.09197
"7379",2025-03-14,37,"Bushy Fork","Ozone","Person",36.306965,-79.09197
"7380",2025-03-15,34,"Bushy Fork","Ozone","Person",36.306965,-79.09197
"7381",2025-03-16,35,"Bushy Fork","Ozone","Person",36.306965,-79.09197
"7382",2025-03-17,31,"Bushy Fork","Ozone","Person",36.306965,-79.09197
"7383",2025-03-18,42,"Bushy Fork","Ozone","Person",36.306965,-79.09197
"7384",2025-03-19,67,"Bushy Fork","Ozone","Person",36.306965,-79.09197
"7385",2025-03-20,42,"Bushy Fork","Ozone","Person",36.306965,-79.09197
"7386",2025-03-21,43,"Bushy Fork","Ozone","Person",36.306965,-79.09197
"7387",2025-03-22,48,"Bushy Fork","Ozone","Person",36.306965,-79.09197
"7388",2025-03-23,47,"Bushy Fork","Ozone","Person",36.306965,-79.09197
"7389",2025-03-24,41,"Bushy Fork","Ozone","Person",36.306965,-79.09197
"7390",2025-03-25,46,"Bushy Fork","Ozone","Person",36.306965,-79.09197
"7391",2025-03-26,46,"Bushy Fork","Ozone","Person",36.306965,-79.09197
"7392",2025-03-27,49,"Bushy Fork","Ozone","Person",36.306965,-79.09197
"7393",2025-03-28,64,"Bushy Fork","Ozone","Person",36.306965,-79.09197
"7394",2025-03-29,43,"Bushy Fork","Ozone","Person",36.306965,-79.09197
"7395",2025-03-30,39,"Bushy Fork","Ozone","Person",36.306965,-79.09197
"7396",2025-03-31,31,"Bushy Fork","Ozone","Person",36.306965,-79.09197
"7397",2025-04-01,31,"Bushy Fork","Ozone","Person",36.306965,-79.09197
"7398",2025-04-02,36,"Bushy Fork","Ozone","Person",36.306965,-79.09197
"7399",2025-04-03,28,"Bushy Fork","Ozone","Person",36.306965,-79.09197
"7400",2025-04-04,37,"Bushy Fork","Ozone","Person",36.306965,-79.09197
"7401",2025-04-05,34,"Bushy Fork","Ozone","Person",36.306965,-79.09197
"7402",2025-04-06,44,"Bushy Fork","Ozone","Person",36.306965,-79.09197
"7403",2025-04-07,27,"Bushy Fork","Ozone","Person",36.306965,-79.09197
"7404",2025-04-08,46,"Bushy Fork","Ozone","Person",36.306965,-79.09197
"7405",2025-04-09,45,"Bushy Fork","Ozone","Person",36.306965,-79.09197
"7406",2025-04-10,44,"Bushy Fork","Ozone","Person",36.306965,-79.09197
"7407",2025-04-11,30,"Bushy Fork","Ozone","Person",36.306965,-79.09197
"7408",2025-04-12,37,"Bushy Fork","Ozone","Person",36.306965,-79.09197
"7409",2025-04-13,44,"Bushy Fork","Ozone","Person",36.306965,-79.09197
"7410",2025-04-14,64,"Bushy Fork","Ozone","Person",36.306965,-79.09197
"7411",2025-04-15,44,"Bushy Fork","Ozone","Person",36.306965,-79.09197
"7412",2025-04-16,44,"Bushy Fork","Ozone","Person",36.306965,-79.09197
"7413",2025-04-17,48,"Bushy Fork","Ozone","Person",36.306965,-79.09197
"7414",2025-04-18,61,"Bushy Fork","Ozone","Person",36.306965,-79.09197
"7415",2025-04-19,42,"Bushy Fork","Ozone","Person",36.306965,-79.09197
"7416",2025-04-20,41,"Bushy Fork","Ozone","Person",36.306965,-79.09197
"7417",2025-04-21,44,"Bushy Fork","Ozone","Person",36.306965,-79.09197
"7418",2025-04-22,40,"Bushy Fork","Ozone","Person",36.306965,-79.09197
"7419",2025-04-23,51,"Bushy Fork","Ozone","Person",36.306965,-79.09197
"7420",2025-04-24,51,"Bushy Fork","Ozone","Person",36.306965,-79.09197
"7421",2025-04-25,36,"Bushy Fork","Ozone","Person",36.306965,-79.09197
"7422",2025-04-26,39,"Bushy Fork","Ozone","Person",36.306965,-79.09197
"7423",2025-04-27,45,"Bushy Fork","Ozone","Person",36.306965,-79.09197
"7424",2025-04-28,50,"Bushy Fork","Ozone","Person",36.306965,-79.09197
"7425",2025-04-29,47,"Bushy Fork","Ozone","Person",36.306965,-79.09197
"7426",2025-04-30,45,"Bushy Fork","Ozone","Person",36.306965,-79.09197
"7427",2025-05-01,43,"Bushy Fork","Ozone","Person",36.306965,-79.09197
"7428",2025-05-02,46,"Bushy Fork","Ozone","Person",36.306965,-79.09197
"7429",2025-05-03,37,"Bushy Fork","Ozone","Person",36.306965,-79.09197
"7430",2025-05-04,37,"Bushy Fork","Ozone","Person",36.306965,-79.09197
"7431",2025-05-05,38,"Bushy Fork","Ozone","Person",36.306965,-79.09197
"7432",2025-05-06,46,"Bushy Fork","Ozone","Person",36.306965,-79.09197
"7433",2025-05-07,44,"Bushy Fork","Ozone","Person",36.306965,-79.09197
"7434",2025-05-08,46,"Bushy Fork","Ozone","Person",36.306965,-79.09197
"7435",2025-05-09,43,"Bushy Fork","Ozone","Person",36.306965,-79.09197
"7436",2025-05-10,44,"Bushy Fork","Ozone","Person",36.306965,-79.09197
"7437",2025-05-11,32,"Bushy Fork","Ozone","Person",36.306965,-79.09197
"7438",2025-05-12,25,"Bushy Fork","Ozone","Person",36.306965,-79.09197
"7439",2025-05-13,30,"Bushy Fork","Ozone","Person",36.306965,-79.09197
"7440",2025-05-14,31,"Bushy Fork","Ozone","Person",36.306965,-79.09197
"7441",2025-05-15,34,"Bushy Fork","Ozone","Person",36.306965,-79.09197
"7442",2025-05-16,33,"Bushy Fork","Ozone","Person",36.306965,-79.09197
"7443",2025-05-17,45,"Bushy Fork","Ozone","Person",36.306965,-79.09197
"7444",2025-05-18,40,"Bushy Fork","Ozone","Person",36.306965,-79.09197
"7445",2025-05-19,42,"Bushy Fork","Ozone","Person",36.306965,-79.09197
"7446",2025-05-20,42,"Bushy Fork","Ozone","Person",36.306965,-79.09197
"7447",2025-05-21,25,"Bushy Fork","Ozone","Person",36.306965,-79.09197
"7448",2025-05-22,44,"Bushy Fork","Ozone","Person",36.306965,-79.09197
"7449",2025-05-23,37,"Bushy Fork","Ozone","Person",36.306965,-79.09197
"7450",2025-05-24,43,"Bushy Fork","Ozone","Person",36.306965,-79.09197
"7451",2025-05-25,36,"Bushy Fork","Ozone","Person",36.306965,-79.09197
"7452",2025-05-26,27,"Bushy Fork","Ozone","Person",36.306965,-79.09197
"7453",2025-05-27,31,"Bushy Fork","Ozone","Person",36.306965,-79.09197
"7454",2025-05-28,19,"Bushy Fork","Ozone","Person",36.306965,-79.09197
"7455",2025-05-30,38,"Bushy Fork","Ozone","Person",36.306965,-79.09197
"7456",2025-05-31,42,"Bushy Fork","Ozone","Person",36.306965,-79.09197
"7457",2025-06-01,44,"Bushy Fork","Ozone","Person",36.306965,-79.09197
"7458",2025-06-02,45,"Bushy Fork","Ozone","Person",36.306965,-79.09197
"7459",2025-06-03,58,"Bushy Fork","Ozone","Person",36.306965,-79.09197
"7460",2025-06-04,47,"Bushy Fork","Ozone","Person",36.306965,-79.09197
"7461",2025-06-05,23,"Bushy Fork","Ozone","Person",36.306965,-79.09197
"7462",2025-06-06,40,"Bushy Fork","Ozone","Person",36.306965,-79.09197
"7463",2025-06-07,33,"Bushy Fork","Ozone","Person",36.306965,-79.09197
"7464",2025-06-08,32,"Bushy Fork","Ozone","Person",36.306965,-79.09197
"7465",2025-06-09,42,"Bushy Fork","Ozone","Person",36.306965,-79.09197
"7466",2025-06-10,36,"Bushy Fork","Ozone","Person",36.306965,-79.09197
"7467",2025-06-11,48,"Bushy Fork","Ozone","Person",36.306965,-79.09197
"7468",2025-06-12,50,"Bushy Fork","Ozone","Person",36.306965,-79.09197
"7469",2025-06-13,28,"Bushy Fork","Ozone","Person",36.306965,-79.09197
"7470",2025-06-14,31,"Bushy Fork","Ozone","Person",36.306965,-79.09197
"7471",2025-06-15,25,"Bushy Fork","Ozone","Person",36.306965,-79.09197
"7472",2025-06-16,25,"Bushy Fork","Ozone","Person",36.306965,-79.09197
"7473",2025-06-17,34,"Bushy Fork","Ozone","Person",36.306965,-79.09197
"7474",2025-06-18,38,"Bushy Fork","Ozone","Person",36.306965,-79.09197
"7475",2025-06-19,32,"Bushy Fork","Ozone","Person",36.306965,-79.09197
"7476",2025-06-20,47,"Bushy Fork","Ozone","Person",36.306965,-79.09197
"7477",2025-06-21,44,"Bushy Fork","Ozone","Person",36.306965,-79.09197
"7478",2025-06-22,44,"Bushy Fork","Ozone","Person",36.306965,-79.09197
"7479",2025-06-23,49,"Bushy Fork","Ozone","Person",36.306965,-79.09197
"7480",2025-06-24,41,"Bushy Fork","Ozone","Person",36.306965,-79.09197
"7481",2025-06-25,30,"Bushy Fork","Ozone","Person",36.306965,-79.09197
"7482",2025-06-26,42,"Bushy Fork","Ozone","Person",36.306965,-79.09197
"7483",2025-06-27,41,"Bushy Fork","Ozone","Person",36.306965,-79.09197
"7484",2025-06-28,35,"Bushy Fork","Ozone","Person",36.306965,-79.09197
"7485",2025-06-29,42,"Bushy Fork","Ozone","Person",36.306965,-79.09197
"7486",2025-06-30,32,"Bushy Fork","Ozone","Person",36.306965,-79.09197
"7487",2025-07-01,34,"Bushy Fork","Ozone","Person",36.306965,-79.09197
"7488",2025-07-02,25,"Bushy Fork","Ozone","Person",36.306965,-79.09197
"7489",2025-07-03,42,"Bushy Fork","Ozone","Person",36.306965,-79.09197
"7490",2025-07-04,45,"Bushy Fork","Ozone","Person",36.306965,-79.09197
"7491",2025-07-05,45,"Bushy Fork","Ozone","Person",36.306965,-79.09197
"7492",2025-07-06,20,"Bushy Fork","Ozone","Person",36.306965,-79.09197
"7493",2025-07-07,38,"Bushy Fork","Ozone","Person",36.306965,-79.09197
"7494",2025-07-08,40,"Bushy Fork","Ozone","Person",36.306965,-79.09197
"7495",2025-07-09,38,"Bushy Fork","Ozone","Person",36.306965,-79.09197
"7496",2025-07-10,34,"Bushy Fork","Ozone","Person",36.306965,-79.09197
"7497",2025-07-11,33,"Bushy Fork","Ozone","Person",36.306965,-79.09197
"7498",2025-07-12,44,"Bushy Fork","Ozone","Person",36.306965,-79.09197
"7499",2025-07-13,32,"Bushy Fork","Ozone","Person",36.306965,-79.09197
"7500",2025-07-14,29,"Bushy Fork","Ozone","Person",36.306965,-79.09197
"7501",2025-07-15,28,"Bushy Fork","Ozone","Person",36.306965,-79.09197
"7502",2025-07-16,31,"Bushy Fork","Ozone","Person",36.306965,-79.09197
"7503",2025-07-17,31,"Bushy Fork","Ozone","Person",36.306965,-79.09197
"7504",2025-07-18,36,"Bushy Fork","Ozone","Person",36.306965,-79.09197
"7505",2025-07-19,31,"Bushy Fork","Ozone","Person",36.306965,-79.09197
"7506",2025-07-20,29,"Bushy Fork","Ozone","Person",36.306965,-79.09197
"7507",2025-07-21,29,"Bushy Fork","Ozone","Person",36.306965,-79.09197
"7508",2025-07-22,41,"Bushy Fork","Ozone","Person",36.306965,-79.09197
"7509",2025-07-23,40,"Bushy Fork","Ozone","Person",36.306965,-79.09197
"7510",2025-07-24,31,"Bushy Fork","Ozone","Person",36.306965,-79.09197
"7511",2025-07-25,44,"Bushy Fork","Ozone","Person",36.306965,-79.09197
"7512",2025-07-26,49,"Bushy Fork","Ozone","Person",36.306965,-79.09197
"7513",2025-07-27,26,"Bushy Fork","Ozone","Person",36.306965,-79.09197
"7514",2025-07-28,47,"Bushy Fork","Ozone","Person",36.306965,-79.09197
"7515",2025-07-29,32,"Bushy Fork","Ozone","Person",36.306965,-79.09197
"7516",2025-07-30,36,"Bushy Fork","Ozone","Person",36.306965,-79.09197
"7517",2025-07-31,41,"Bushy Fork","Ozone","Person",36.306965,-79.09197
"7518",2025-08-01,28,"Bushy Fork","Ozone","Person",36.306965,-79.09197
"7519",2025-08-02,30,"Bushy Fork","Ozone","Person",36.306965,-79.09197
"7520",2025-08-03,34,"Bushy Fork","Ozone","Person",36.306965,-79.09197
"7521",2025-08-04,37,"Bushy Fork","Ozone","Person",36.306965,-79.09197
"7522",2025-08-05,28,"Bushy Fork","Ozone","Person",36.306965,-79.09197
"7523",2025-08-06,27,"Bushy Fork","Ozone","Person",36.306965,-79.09197
"7524",2025-08-07,28,"Bushy Fork","Ozone","Person",36.306965,-79.09197
"7525",2025-08-08,34,"Bushy Fork","Ozone","Person",36.306965,-79.09197
"7526",2025-08-09,31,"Bushy Fork","Ozone","Person",36.306965,-79.09197
"7527",2025-08-10,30,"Bushy Fork","Ozone","Person",36.306965,-79.09197
"7528",2025-08-11,21,"Bushy Fork","Ozone","Person",36.306965,-79.09197
"7529",2025-08-12,19,"Bushy Fork","Ozone","Person",36.306965,-79.09197
"7530",2025-08-13,25,"Bushy Fork","Ozone","Person",36.306965,-79.09197
"7531",2025-08-14,27,"Bushy Fork","Ozone","Person",36.306965,-79.09197
"7532",2025-08-15,45,"Bushy Fork","Ozone","Person",36.306965,-79.09197
"7533",2025-08-16,29,"Bushy Fork","Ozone","Person",36.306965,-79.09197
"7534",2025-08-17,34,"Bushy Fork","Ozone","Person",36.306965,-79.09197
"7535",2025-08-18,37,"Bushy Fork","Ozone","Person",36.306965,-79.09197
"7536",2025-08-19,23,"Bushy Fork","Ozone","Person",36.306965,-79.09197
"7537",2025-08-20,24,"Bushy Fork","Ozone","Person",36.306965,-79.09197
"7538",2025-08-21,24,"Bushy Fork","Ozone","Person",36.306965,-79.09197
"7539",2025-08-22,26,"Bushy Fork","Ozone","Person",36.306965,-79.09197
"7540",2025-08-23,35,"Bushy Fork","Ozone","Person",36.306965,-79.09197
"7541",2025-08-24,28,"Bushy Fork","Ozone","Person",36.306965,-79.09197
"7542",2025-08-25,34,"Bushy Fork","Ozone","Person",36.306965,-79.09197
"7543",2025-08-26,36,"Bushy Fork","Ozone","Person",36.306965,-79.09197
"7544",2025-08-27,38,"Bushy Fork","Ozone","Person",36.306965,-79.09197
"7545",2025-08-28,42,"Bushy Fork","Ozone","Person",36.306965,-79.09197
"7546",2025-08-29,40,"Bushy Fork","Ozone","Person",36.306965,-79.09197
"7547",2025-08-30,35,"Bushy Fork","Ozone","Person",36.306965,-79.09197
"7548",2025-08-31,36,"Bushy Fork","Ozone","Person",36.306965,-79.09197
"7549",2025-09-01,34,"Bushy Fork","Ozone","Person",36.306965,-79.09197
"7550",2025-09-02,35,"Bushy Fork","Ozone","Person",36.306965,-79.09197
"7551",2025-09-03,42,"Bushy Fork","Ozone","Person",36.306965,-79.09197
"7552",2025-09-04,41,"Bushy Fork","Ozone","Person",36.306965,-79.09197
"7553",2025-09-05,42,"Bushy Fork","Ozone","Person",36.306965,-79.09197
"7554",2025-09-06,36,"Bushy Fork","Ozone","Person",36.306965,-79.09197
"7555",2025-09-07,19,"Bushy Fork","Ozone","Person",36.306965,-79.09197
"7556",2025-09-08,35,"Bushy Fork","Ozone","Person",36.306965,-79.09197
"7557",2025-09-09,35,"Bushy Fork","Ozone","Person",36.306965,-79.09197
"7558",2025-09-10,29,"Bushy Fork","Ozone","Person",36.306965,-79.09197
"7559",2025-09-11,33,"Bushy Fork","Ozone","Person",36.306965,-79.09197
"7560",2025-09-12,44,"Bushy Fork","Ozone","Person",36.306965,-79.09197
"7561",2025-09-13,40,"Bushy Fork","Ozone","Person",36.306965,-79.09197
"7562",2025-09-14,39,"Bushy Fork","Ozone","Person",36.306965,-79.09197
"7563",2025-09-15,42,"Bushy Fork","Ozone","Person",36.306965,-79.09197
"7564",2025-09-16,37,"Bushy Fork","Ozone","Person",36.306965,-79.09197
"7565",2025-09-17,25,"Bushy Fork","Ozone","Person",36.306965,-79.09197
"7566",2025-09-18,32,"Bushy Fork","Ozone","Person",36.306965,-79.09197
"7567",2025-09-19,51,"Bushy Fork","Ozone","Person",36.306965,-79.09197
"7568",2025-09-20,42,"Bushy Fork","Ozone","Person",36.306965,-79.09197
"7569",2025-09-21,42,"Bushy Fork","Ozone","Person",36.306965,-79.09197
"7570",2025-09-22,37,"Bushy Fork","Ozone","Person",36.306965,-79.09197
"7571",2025-09-23,44,"Bushy Fork","Ozone","Person",36.306965,-79.09197
"7572",2025-09-24,45,"Bushy Fork","Ozone","Person",36.306965,-79.09197
"7573",2025-09-25,31,"Bushy Fork","Ozone","Person",36.306965,-79.09197
"7574",2025-09-26,27,"Bushy Fork","Ozone","Person",36.306965,-79.09197
"7575",2025-09-27,30,"Bushy Fork","Ozone","Person",36.306965,-79.09197
"7576",2025-09-28,35,"Bushy Fork","Ozone","Person",36.306965,-79.09197
"7577",2025-09-29,29,"Bushy Fork","Ozone","Person",36.306965,-79.09197
"7578",2025-09-30,33,"Bushy Fork","Ozone","Person",36.306965,-79.09197
"7579",2025-10-01,31,"Bushy Fork","Ozone","Person",36.306965,-79.09197
"7580",2025-10-02,29,"Bushy Fork","Ozone","Person",36.306965,-79.09197
"7581",2025-10-03,29,"Bushy Fork","Ozone","Person",36.306965,-79.09197
"7582",2025-10-04,31,"Bushy Fork","Ozone","Person",36.306965,-79.09197
"7583",2025-10-05,31,"Bushy Fork","Ozone","Person",36.306965,-79.09197
"7584",2025-10-06,35,"Bushy Fork","Ozone","Person",36.306965,-79.09197
"7585",2025-10-07,32,"Bushy Fork","Ozone","Person",36.306965,-79.09197
"7586",2025-10-08,32,"Bushy Fork","Ozone","Person",36.306965,-79.09197
"7587",2025-10-09,35,"Bushy Fork","Ozone","Person",36.306965,-79.09197
"7588",2025-10-10,33,"Bushy Fork","Ozone","Person",36.306965,-79.09197
"7589",2025-10-11,26,"Bushy Fork","Ozone","Person",36.306965,-79.09197
"7590",2025-10-12,25,"Bushy Fork","Ozone","Person",36.306965,-79.09197
"7591",2025-10-13,27,"Bushy Fork","Ozone","Person",36.306965,-79.09197
"7592",2025-10-14,25,"Bushy Fork","Ozone","Person",36.306965,-79.09197
"7593",2025-10-15,37,"Bushy Fork","Ozone","Person",36.306965,-79.09197
"7594",2025-10-16,33,"Bushy Fork","Ozone","Person",36.306965,-79.09197
"7595",2025-10-17,36,"Bushy Fork","Ozone","Person",36.306965,-79.09197
"7596",2025-10-18,44,"Bushy Fork","Ozone","Person",36.306965,-79.09197
"7597",2025-10-19,39,"Bushy Fork","Ozone","Person",36.306965,-79.09197
"7598",2025-10-20,32,"Bushy Fork","Ozone","Person",36.306965,-79.09197
"7599",2025-10-21,44,"Bushy Fork","Ozone","Person",36.306965,-79.09197
"7600",2025-10-22,37,"Bushy Fork","Ozone","Person",36.306965,-79.09197
"7601",2025-10-23,36,"Bushy Fork","Ozone","Person",36.306965,-79.09197
"7602",2025-10-24,35,"Bushy Fork","Ozone","Person",36.306965,-79.09197
"7603",2025-10-25,34,"Bushy Fork","Ozone","Person",36.306965,-79.09197
"7604",2025-10-26,29,"Bushy Fork","Ozone","Person",36.306965,-79.09197
"7605",2025-10-27,31,"Bushy Fork","Ozone","Person",36.306965,-79.09197
"7606",2025-10-28,24,"Bushy Fork","Ozone","Person",36.306965,-79.09197
"7607",2025-10-29,14,"Bushy Fork","Ozone","Person",36.306965,-79.09197
"7608",2025-10-30,26,"Bushy Fork","Ozone","Person",36.306965,-79.09197
"7609",2025-10-31,33,"Bushy Fork","Ozone","Person",36.306965,-79.09197
"7610",2025-11-01,34,"Bushy Fork","Ozone","Person",36.306965,-79.09197
"7611",2025-11-02,35,"Bushy Fork","Ozone","Person",36.306965,-79.09197
"7612",2025-03-01,49,"Pitt Agri. Center","Ozone","Pitt",35.6412760008938,-77.360126
"7613",2025-03-02,39,"Pitt Agri. Center","Ozone","Pitt",35.6412760008938,-77.360126
"7614",2025-03-03,42,"Pitt Agri. Center","Ozone","Pitt",35.6412760008938,-77.360126
"7615",2025-03-04,43,"Pitt Agri. Center","Ozone","Pitt",35.6412760008938,-77.360126
"7616",2025-03-05,38,"Pitt Agri. Center","Ozone","Pitt",35.6412760008938,-77.360126
"7617",2025-03-06,34,"Pitt Agri. Center","Ozone","Pitt",35.6412760008938,-77.360126
"7618",2025-03-07,38,"Pitt Agri. Center","Ozone","Pitt",35.6412760008938,-77.360126
"7619",2025-03-08,46,"Pitt Agri. Center","Ozone","Pitt",35.6412760008938,-77.360126
"7620",2025-03-09,41,"Pitt Agri. Center","Ozone","Pitt",35.6412760008938,-77.360126
"7621",2025-03-10,41,"Pitt Agri. Center","Ozone","Pitt",35.6412760008938,-77.360126
"7622",2025-03-11,44,"Pitt Agri. Center","Ozone","Pitt",35.6412760008938,-77.360126
"7623",2025-03-12,71,"Pitt Agri. Center","Ozone","Pitt",35.6412760008938,-77.360126
"7624",2025-03-13,49,"Pitt Agri. Center","Ozone","Pitt",35.6412760008938,-77.360126
"7625",2025-03-14,33,"Pitt Agri. Center","Ozone","Pitt",35.6412760008938,-77.360126
"7626",2025-03-15,38,"Pitt Agri. Center","Ozone","Pitt",35.6412760008938,-77.360126
"7627",2025-03-16,33,"Pitt Agri. Center","Ozone","Pitt",35.6412760008938,-77.360126
"7628",2025-03-17,31,"Pitt Agri. Center","Ozone","Pitt",35.6412760008938,-77.360126
"7629",2025-03-18,40,"Pitt Agri. Center","Ozone","Pitt",35.6412760008938,-77.360126
"7630",2025-03-19,45,"Pitt Agri. Center","Ozone","Pitt",35.6412760008938,-77.360126
"7631",2025-03-20,43,"Pitt Agri. Center","Ozone","Pitt",35.6412760008938,-77.360126
"7632",2025-03-21,40,"Pitt Agri. Center","Ozone","Pitt",35.6412760008938,-77.360126
"7633",2025-03-22,48,"Pitt Agri. Center","Ozone","Pitt",35.6412760008938,-77.360126
"7634",2025-03-23,41,"Pitt Agri. Center","Ozone","Pitt",35.6412760008938,-77.360126
"7635",2025-03-24,46,"Pitt Agri. Center","Ozone","Pitt",35.6412760008938,-77.360126
"7636",2025-03-25,48,"Pitt Agri. Center","Ozone","Pitt",35.6412760008938,-77.360126
"7637",2025-03-26,44,"Pitt Agri. Center","Ozone","Pitt",35.6412760008938,-77.360126
"7638",2025-03-27,47,"Pitt Agri. Center","Ozone","Pitt",35.6412760008938,-77.360126
"7639",2025-03-28,50,"Pitt Agri. Center","Ozone","Pitt",35.6412760008938,-77.360126
"7640",2025-03-29,40,"Pitt Agri. Center","Ozone","Pitt",35.6412760008938,-77.360126
"7641",2025-03-30,38,"Pitt Agri. Center","Ozone","Pitt",35.6412760008938,-77.360126
"7642",2025-03-31,31,"Pitt Agri. Center","Ozone","Pitt",35.6412760008938,-77.360126
"7643",2025-04-01,31,"Pitt Agri. Center","Ozone","Pitt",35.6412760008938,-77.360126
"7644",2025-04-02,37,"Pitt Agri. Center","Ozone","Pitt",35.6412760008938,-77.360126
"7645",2025-04-03,28,"Pitt Agri. Center","Ozone","Pitt",35.6412760008938,-77.360126
"7646",2025-04-04,30,"Pitt Agri. Center","Ozone","Pitt",35.6412760008938,-77.360126
"7647",2025-04-05,29,"Pitt Agri. Center","Ozone","Pitt",35.6412760008938,-77.360126
"7648",2025-04-06,34,"Pitt Agri. Center","Ozone","Pitt",35.6412760008938,-77.360126
"7649",2025-04-07,31,"Pitt Agri. Center","Ozone","Pitt",35.6412760008938,-77.360126
"7650",2025-04-08,37,"Pitt Agri. Center","Ozone","Pitt",35.6412760008938,-77.360126
"7651",2025-04-09,44,"Pitt Agri. Center","Ozone","Pitt",35.6412760008938,-77.360126
"7652",2025-04-10,44,"Pitt Agri. Center","Ozone","Pitt",35.6412760008938,-77.360126
"7653",2025-04-11,35,"Pitt Agri. Center","Ozone","Pitt",35.6412760008938,-77.360126
"7654",2025-04-12,32,"Pitt Agri. Center","Ozone","Pitt",35.6412760008938,-77.360126
"7655",2025-04-13,44,"Pitt Agri. Center","Ozone","Pitt",35.6412760008938,-77.360126
"7656",2025-04-14,50,"Pitt Agri. Center","Ozone","Pitt",35.6412760008938,-77.360126
"7657",2025-04-15,45,"Pitt Agri. Center","Ozone","Pitt",35.6412760008938,-77.360126
"7658",2025-04-16,44,"Pitt Agri. Center","Ozone","Pitt",35.6412760008938,-77.360126
"7659",2025-04-17,48,"Pitt Agri. Center","Ozone","Pitt",35.6412760008938,-77.360126
"7660",2025-04-18,50,"Pitt Agri. Center","Ozone","Pitt",35.6412760008938,-77.360126
"7661",2025-04-19,41,"Pitt Agri. Center","Ozone","Pitt",35.6412760008938,-77.360126
"7662",2025-04-20,40,"Pitt Agri. Center","Ozone","Pitt",35.6412760008938,-77.360126
"7663",2025-04-21,44,"Pitt Agri. Center","Ozone","Pitt",35.6412760008938,-77.360126
"7664",2025-04-22,42,"Pitt Agri. Center","Ozone","Pitt",35.6412760008938,-77.360126
"7665",2025-04-23,42,"Pitt Agri. Center","Ozone","Pitt",35.6412760008938,-77.360126
"7666",2025-04-24,46,"Pitt Agri. Center","Ozone","Pitt",35.6412760008938,-77.360126
"7667",2025-04-25,42,"Pitt Agri. Center","Ozone","Pitt",35.6412760008938,-77.360126
"7668",2025-04-26,40,"Pitt Agri. Center","Ozone","Pitt",35.6412760008938,-77.360126
"7669",2025-04-27,44,"Pitt Agri. Center","Ozone","Pitt",35.6412760008938,-77.360126
"7670",2025-04-28,45,"Pitt Agri. Center","Ozone","Pitt",35.6412760008938,-77.360126
"7671",2025-04-29,48,"Pitt Agri. Center","Ozone","Pitt",35.6412760008938,-77.360126
"7672",2025-04-30,44,"Pitt Agri. Center","Ozone","Pitt",35.6412760008938,-77.360126
"7673",2025-05-01,44,"Pitt Agri. Center","Ozone","Pitt",35.6412760008938,-77.360126
"7674",2025-05-02,42,"Pitt Agri. Center","Ozone","Pitt",35.6412760008938,-77.360126
"7675",2025-05-03,40,"Pitt Agri. Center","Ozone","Pitt",35.6412760008938,-77.360126
"7676",2025-05-04,30,"Pitt Agri. Center","Ozone","Pitt",35.6412760008938,-77.360126
"7677",2025-05-05,32,"Pitt Agri. Center","Ozone","Pitt",35.6412760008938,-77.360126
"7678",2025-05-06,47,"Pitt Agri. Center","Ozone","Pitt",35.6412760008938,-77.360126
"7679",2025-05-07,48,"Pitt Agri. Center","Ozone","Pitt",35.6412760008938,-77.360126
"7680",2025-05-08,47,"Pitt Agri. Center","Ozone","Pitt",35.6412760008938,-77.360126
"7681",2025-05-09,48,"Pitt Agri. Center","Ozone","Pitt",35.6412760008938,-77.360126
"7682",2025-05-10,47,"Pitt Agri. Center","Ozone","Pitt",35.6412760008938,-77.360126
"7683",2025-05-11,35,"Pitt Agri. Center","Ozone","Pitt",35.6412760008938,-77.360126
"7684",2025-05-12,29,"Pitt Agri. Center","Ozone","Pitt",35.6412760008938,-77.360126
"7685",2025-05-13,25,"Pitt Agri. Center","Ozone","Pitt",35.6412760008938,-77.360126
"7686",2025-05-14,35,"Pitt Agri. Center","Ozone","Pitt",35.6412760008938,-77.360126
"7687",2025-05-15,36,"Pitt Agri. Center","Ozone","Pitt",35.6412760008938,-77.360126
"7688",2025-05-16,42,"Pitt Agri. Center","Ozone","Pitt",35.6412760008938,-77.360126
"7689",2025-05-17,41,"Pitt Agri. Center","Ozone","Pitt",35.6412760008938,-77.360126
"7690",2025-05-18,43,"Pitt Agri. Center","Ozone","Pitt",35.6412760008938,-77.360126
"7691",2025-05-19,48,"Pitt Agri. Center","Ozone","Pitt",35.6412760008938,-77.360126
"7692",2025-05-20,43,"Pitt Agri. Center","Ozone","Pitt",35.6412760008938,-77.360126
"7693",2025-05-21,36,"Pitt Agri. Center","Ozone","Pitt",35.6412760008938,-77.360126
"7694",2025-05-22,46,"Pitt Agri. Center","Ozone","Pitt",35.6412760008938,-77.360126
"7695",2025-05-23,44,"Pitt Agri. Center","Ozone","Pitt",35.6412760008938,-77.360126
"7696",2025-05-24,46,"Pitt Agri. Center","Ozone","Pitt",35.6412760008938,-77.360126
"7697",2025-05-25,41,"Pitt Agri. Center","Ozone","Pitt",35.6412760008938,-77.360126
"7698",2025-05-26,32,"Pitt Agri. Center","Ozone","Pitt",35.6412760008938,-77.360126
"7699",2025-05-27,27,"Pitt Agri. Center","Ozone","Pitt",35.6412760008938,-77.360126
"7700",2025-05-28,26,"Pitt Agri. Center","Ozone","Pitt",35.6412760008938,-77.360126
"7701",2025-05-29,26,"Pitt Agri. Center","Ozone","Pitt",35.6412760008938,-77.360126
"7702",2025-05-30,33,"Pitt Agri. Center","Ozone","Pitt",35.6412760008938,-77.360126
"7703",2025-05-31,46,"Pitt Agri. Center","Ozone","Pitt",35.6412760008938,-77.360126
"7704",2025-06-01,44,"Pitt Agri. Center","Ozone","Pitt",35.6412760008938,-77.360126
"7705",2025-06-02,44,"Pitt Agri. Center","Ozone","Pitt",35.6412760008938,-77.360126
"7706",2025-06-03,44,"Pitt Agri. Center","Ozone","Pitt",35.6412760008938,-77.360126
"7707",2025-06-04,44,"Pitt Agri. Center","Ozone","Pitt",35.6412760008938,-77.360126
"7708",2025-06-05,21,"Pitt Agri. Center","Ozone","Pitt",35.6412760008938,-77.360126
"7709",2025-06-06,33,"Pitt Agri. Center","Ozone","Pitt",35.6412760008938,-77.360126
"7710",2025-06-07,38,"Pitt Agri. Center","Ozone","Pitt",35.6412760008938,-77.360126
"7711",2025-06-08,31,"Pitt Agri. Center","Ozone","Pitt",35.6412760008938,-77.360126
"7712",2025-06-09,43,"Pitt Agri. Center","Ozone","Pitt",35.6412760008938,-77.360126
"7713",2025-06-10,26,"Pitt Agri. Center","Ozone","Pitt",35.6412760008938,-77.360126
"7714",2025-06-11,32,"Pitt Agri. Center","Ozone","Pitt",35.6412760008938,-77.360126
"7715",2025-06-12,36,"Pitt Agri. Center","Ozone","Pitt",35.6412760008938,-77.360126
"7716",2025-06-13,20,"Pitt Agri. Center","Ozone","Pitt",35.6412760008938,-77.360126
"7717",2025-06-14,24,"Pitt Agri. Center","Ozone","Pitt",35.6412760008938,-77.360126
"7718",2025-06-15,29,"Pitt Agri. Center","Ozone","Pitt",35.6412760008938,-77.360126
"7719",2025-06-16,24,"Pitt Agri. Center","Ozone","Pitt",35.6412760008938,-77.360126
"7720",2025-06-17,31,"Pitt Agri. Center","Ozone","Pitt",35.6412760008938,-77.360126
"7721",2025-06-18,31,"Pitt Agri. Center","Ozone","Pitt",35.6412760008938,-77.360126
"7722",2025-06-19,32,"Pitt Agri. Center","Ozone","Pitt",35.6412760008938,-77.360126
"7723",2025-06-20,38,"Pitt Agri. Center","Ozone","Pitt",35.6412760008938,-77.360126
"7724",2025-06-21,34,"Pitt Agri. Center","Ozone","Pitt",35.6412760008938,-77.360126
"7725",2025-06-22,36,"Pitt Agri. Center","Ozone","Pitt",35.6412760008938,-77.360126
"7726",2025-06-23,43,"Pitt Agri. Center","Ozone","Pitt",35.6412760008938,-77.360126
"7727",2025-06-24,44,"Pitt Agri. Center","Ozone","Pitt",35.6412760008938,-77.360126
"7728",2025-06-25,43,"Pitt Agri. Center","Ozone","Pitt",35.6412760008938,-77.360126
"7729",2025-06-26,50,"Pitt Agri. Center","Ozone","Pitt",35.6412760008938,-77.360126
"7730",2025-06-27,43,"Pitt Agri. Center","Ozone","Pitt",35.6412760008938,-77.360126
"7731",2025-06-28,38,"Pitt Agri. Center","Ozone","Pitt",35.6412760008938,-77.360126
"7732",2025-06-29,33,"Pitt Agri. Center","Ozone","Pitt",35.6412760008938,-77.360126
"7733",2025-06-30,31,"Pitt Agri. Center","Ozone","Pitt",35.6412760008938,-77.360126
"7734",2025-07-01,31,"Pitt Agri. Center","Ozone","Pitt",35.6412760008938,-77.360126
"7735",2025-07-02,27,"Pitt Agri. Center","Ozone","Pitt",35.6412760008938,-77.360126
"7736",2025-07-03,35,"Pitt Agri. Center","Ozone","Pitt",35.6412760008938,-77.360126
"7737",2025-07-04,45,"Pitt Agri. Center","Ozone","Pitt",35.6412760008938,-77.360126
"7738",2025-07-05,38,"Pitt Agri. Center","Ozone","Pitt",35.6412760008938,-77.360126
"7739",2025-07-06,23,"Pitt Agri. Center","Ozone","Pitt",35.6412760008938,-77.360126
"7740",2025-07-07,33,"Pitt Agri. Center","Ozone","Pitt",35.6412760008938,-77.360126
"7741",2025-07-08,27,"Pitt Agri. Center","Ozone","Pitt",35.6412760008938,-77.360126
"7742",2025-07-09,26,"Pitt Agri. Center","Ozone","Pitt",35.6412760008938,-77.360126
"7743",2025-07-10,33,"Pitt Agri. Center","Ozone","Pitt",35.6412760008938,-77.360126
"7744",2025-07-11,33,"Pitt Agri. Center","Ozone","Pitt",35.6412760008938,-77.360126
"7745",2025-07-12,35,"Pitt Agri. Center","Ozone","Pitt",35.6412760008938,-77.360126
"7746",2025-07-13,30,"Pitt Agri. Center","Ozone","Pitt",35.6412760008938,-77.360126
"7747",2025-07-14,29,"Pitt Agri. Center","Ozone","Pitt",35.6412760008938,-77.360126
"7748",2025-07-15,31,"Pitt Agri. Center","Ozone","Pitt",35.6412760008938,-77.360126
"7749",2025-07-16,24,"Pitt Agri. Center","Ozone","Pitt",35.6412760008938,-77.360126
"7750",2025-07-17,30,"Pitt Agri. Center","Ozone","Pitt",35.6412760008938,-77.360126
"7751",2025-07-18,34,"Pitt Agri. Center","Ozone","Pitt",35.6412760008938,-77.360126
"7752",2025-07-19,31,"Pitt Agri. Center","Ozone","Pitt",35.6412760008938,-77.360126
"7753",2025-07-20,31,"Pitt Agri. Center","Ozone","Pitt",35.6412760008938,-77.360126
"7754",2025-07-21,35,"Pitt Agri. Center","Ozone","Pitt",35.6412760008938,-77.360126
"7755",2025-07-22,41,"Pitt Agri. Center","Ozone","Pitt",35.6412760008938,-77.360126
"7756",2025-07-23,35,"Pitt Agri. Center","Ozone","Pitt",35.6412760008938,-77.360126
"7757",2025-07-24,31,"Pitt Agri. Center","Ozone","Pitt",35.6412760008938,-77.360126
"7758",2025-07-25,40,"Pitt Agri. Center","Ozone","Pitt",35.6412760008938,-77.360126
"7759",2025-07-26,48,"Pitt Agri. Center","Ozone","Pitt",35.6412760008938,-77.360126
"7760",2025-07-27,32,"Pitt Agri. Center","Ozone","Pitt",35.6412760008938,-77.360126
"7761",2025-07-28,33,"Pitt Agri. Center","Ozone","Pitt",35.6412760008938,-77.360126
"7762",2025-07-29,34,"Pitt Agri. Center","Ozone","Pitt",35.6412760008938,-77.360126
"7763",2025-07-30,36,"Pitt Agri. Center","Ozone","Pitt",35.6412760008938,-77.360126
"7764",2025-07-31,37,"Pitt Agri. Center","Ozone","Pitt",35.6412760008938,-77.360126
"7765",2025-08-01,27,"Pitt Agri. Center","Ozone","Pitt",35.6412760008938,-77.360126
"7766",2025-08-02,29,"Pitt Agri. Center","Ozone","Pitt",35.6412760008938,-77.360126
"7767",2025-08-03,35,"Pitt Agri. Center","Ozone","Pitt",35.6412760008938,-77.360126
"7768",2025-08-04,37,"Pitt Agri. Center","Ozone","Pitt",35.6412760008938,-77.360126
"7769",2025-08-05,30,"Pitt Agri. Center","Ozone","Pitt",35.6412760008938,-77.360126
"7770",2025-08-06,26,"Pitt Agri. Center","Ozone","Pitt",35.6412760008938,-77.360126
"7771",2025-08-07,31,"Pitt Agri. Center","Ozone","Pitt",35.6412760008938,-77.360126
"7772",2025-08-08,28,"Pitt Agri. Center","Ozone","Pitt",35.6412760008938,-77.360126
"7773",2025-08-09,27,"Pitt Agri. Center","Ozone","Pitt",35.6412760008938,-77.360126
"7774",2025-08-10,24,"Pitt Agri. Center","Ozone","Pitt",35.6412760008938,-77.360126
"7775",2025-08-11,17,"Pitt Agri. Center","Ozone","Pitt",35.6412760008938,-77.360126
"7776",2025-08-12,15,"Pitt Agri. Center","Ozone","Pitt",35.6412760008938,-77.360126
"7777",2025-08-13,23,"Pitt Agri. Center","Ozone","Pitt",35.6412760008938,-77.360126
"7778",2025-08-14,23,"Pitt Agri. Center","Ozone","Pitt",35.6412760008938,-77.360126
"7779",2025-08-15,24,"Pitt Agri. Center","Ozone","Pitt",35.6412760008938,-77.360126
"7780",2025-08-16,31,"Pitt Agri. Center","Ozone","Pitt",35.6412760008938,-77.360126
"7781",2025-08-17,35,"Pitt Agri. Center","Ozone","Pitt",35.6412760008938,-77.360126
"7782",2025-08-18,32,"Pitt Agri. Center","Ozone","Pitt",35.6412760008938,-77.360126
"7783",2025-08-19,20,"Pitt Agri. Center","Ozone","Pitt",35.6412760008938,-77.360126
"7784",2025-08-20,19,"Pitt Agri. Center","Ozone","Pitt",35.6412760008938,-77.360126
"7785",2025-08-21,23,"Pitt Agri. Center","Ozone","Pitt",35.6412760008938,-77.360126
"7786",2025-08-22,34,"Pitt Agri. Center","Ozone","Pitt",35.6412760008938,-77.360126
"7787",2025-08-23,31,"Pitt Agri. Center","Ozone","Pitt",35.6412760008938,-77.360126
"7788",2025-08-24,27,"Pitt Agri. Center","Ozone","Pitt",35.6412760008938,-77.360126
"7789",2025-08-25,36,"Pitt Agri. Center","Ozone","Pitt",35.6412760008938,-77.360126
"7790",2025-08-26,33,"Pitt Agri. Center","Ozone","Pitt",35.6412760008938,-77.360126
"7791",2025-08-27,39,"Pitt Agri. Center","Ozone","Pitt",35.6412760008938,-77.360126
"7792",2025-08-28,40,"Pitt Agri. Center","Ozone","Pitt",35.6412760008938,-77.360126
"7793",2025-08-29,43,"Pitt Agri. Center","Ozone","Pitt",35.6412760008938,-77.360126
"7794",2025-08-30,38,"Pitt Agri. Center","Ozone","Pitt",35.6412760008938,-77.360126
"7795",2025-08-31,42,"Pitt Agri. Center","Ozone","Pitt",35.6412760008938,-77.360126
"7796",2025-09-01,32,"Pitt Agri. Center","Ozone","Pitt",35.6412760008938,-77.360126
"7797",2025-09-02,31,"Pitt Agri. Center","Ozone","Pitt",35.6412760008938,-77.360126
"7798",2025-09-03,39,"Pitt Agri. Center","Ozone","Pitt",35.6412760008938,-77.360126
"7799",2025-09-04,42,"Pitt Agri. Center","Ozone","Pitt",35.6412760008938,-77.360126
"7800",2025-09-05,42,"Pitt Agri. Center","Ozone","Pitt",35.6412760008938,-77.360126
"7801",2025-09-06,36,"Pitt Agri. Center","Ozone","Pitt",35.6412760008938,-77.360126
"7802",2025-09-07,24,"Pitt Agri. Center","Ozone","Pitt",35.6412760008938,-77.360126
"7803",2025-09-08,41,"Pitt Agri. Center","Ozone","Pitt",35.6412760008938,-77.360126
"7804",2025-09-09,30,"Pitt Agri. Center","Ozone","Pitt",35.6412760008938,-77.360126
"7805",2025-09-10,18,"Pitt Agri. Center","Ozone","Pitt",35.6412760008938,-77.360126
"7806",2025-09-11,20,"Pitt Agri. Center","Ozone","Pitt",35.6412760008938,-77.360126
"7807",2025-09-12,44,"Pitt Agri. Center","Ozone","Pitt",35.6412760008938,-77.360126
"7808",2025-09-13,39,"Pitt Agri. Center","Ozone","Pitt",35.6412760008938,-77.360126
"7809",2025-09-14,41,"Pitt Agri. Center","Ozone","Pitt",35.6412760008938,-77.360126
"7810",2025-09-15,37,"Pitt Agri. Center","Ozone","Pitt",35.6412760008938,-77.360126
"7811",2025-09-16,29,"Pitt Agri. Center","Ozone","Pitt",35.6412760008938,-77.360126
"7812",2025-09-17,27,"Pitt Agri. Center","Ozone","Pitt",35.6412760008938,-77.360126
"7813",2025-09-18,25,"Pitt Agri. Center","Ozone","Pitt",35.6412760008938,-77.360126
"7814",2025-09-19,45,"Pitt Agri. Center","Ozone","Pitt",35.6412760008938,-77.360126
"7815",2025-09-20,49,"Pitt Agri. Center","Ozone","Pitt",35.6412760008938,-77.360126
"7816",2025-09-21,37,"Pitt Agri. Center","Ozone","Pitt",35.6412760008938,-77.360126
"7817",2025-09-22,35,"Pitt Agri. Center","Ozone","Pitt",35.6412760008938,-77.360126
"7818",2025-09-23,35,"Pitt Agri. Center","Ozone","Pitt",35.6412760008938,-77.360126
"7819",2025-09-24,32,"Pitt Agri. Center","Ozone","Pitt",35.6412760008938,-77.360126
"7820",2025-09-25,32,"Pitt Agri. Center","Ozone","Pitt",35.6412760008938,-77.360126
"7821",2025-09-26,35,"Pitt Agri. Center","Ozone","Pitt",35.6412760008938,-77.360126
"7822",2025-09-27,20,"Pitt Agri. Center","Ozone","Pitt",35.6412760008938,-77.360126
"7823",2025-09-28,27,"Pitt Agri. Center","Ozone","Pitt",35.6412760008938,-77.360126
"7824",2025-09-29,25,"Pitt Agri. Center","Ozone","Pitt",35.6412760008938,-77.360126
"7825",2025-09-30,36,"Pitt Agri. Center","Ozone","Pitt",35.6412760008938,-77.360126
"7826",2025-10-01,32,"Pitt Agri. Center","Ozone","Pitt",35.6412760008938,-77.360126
"7827",2025-10-02,29,"Pitt Agri. Center","Ozone","Pitt",35.6412760008938,-77.360126
"7828",2025-10-03,32,"Pitt Agri. Center","Ozone","Pitt",35.6412760008938,-77.360126
"7829",2025-10-04,31,"Pitt Agri. Center","Ozone","Pitt",35.6412760008938,-77.360126
"7830",2025-10-05,31,"Pitt Agri. Center","Ozone","Pitt",35.6412760008938,-77.360126
"7831",2025-10-06,33,"Pitt Agri. Center","Ozone","Pitt",35.6412760008938,-77.360126
"7832",2025-10-07,29,"Pitt Agri. Center","Ozone","Pitt",35.6412760008938,-77.360126
"7833",2025-10-08,24,"Pitt Agri. Center","Ozone","Pitt",35.6412760008938,-77.360126
"7834",2025-10-09,35,"Pitt Agri. Center","Ozone","Pitt",35.6412760008938,-77.360126
"7835",2025-10-10,33,"Pitt Agri. Center","Ozone","Pitt",35.6412760008938,-77.360126
"7836",2025-10-11,29,"Pitt Agri. Center","Ozone","Pitt",35.6412760008938,-77.360126
"7837",2025-10-12,30,"Pitt Agri. Center","Ozone","Pitt",35.6412760008938,-77.360126
"7838",2025-10-13,21,"Pitt Agri. Center","Ozone","Pitt",35.6412760008938,-77.360126
"7839",2025-10-14,19,"Pitt Agri. Center","Ozone","Pitt",35.6412760008938,-77.360126
"7840",2025-10-15,29,"Pitt Agri. Center","Ozone","Pitt",35.6412760008938,-77.360126
"7841",2025-10-16,35,"Pitt Agri. Center","Ozone","Pitt",35.6412760008938,-77.360126
"7842",2025-10-17,32,"Pitt Agri. Center","Ozone","Pitt",35.6412760008938,-77.360126
"7843",2025-10-18,43,"Pitt Agri. Center","Ozone","Pitt",35.6412760008938,-77.360126
"7844",2025-10-19,38,"Pitt Agri. Center","Ozone","Pitt",35.6412760008938,-77.360126
"7845",2025-10-20,32,"Pitt Agri. Center","Ozone","Pitt",35.6412760008938,-77.360126
"7846",2025-10-21,38,"Pitt Agri. Center","Ozone","Pitt",35.6412760008938,-77.360126
"7847",2025-10-22,40,"Pitt Agri. Center","Ozone","Pitt",35.6412760008938,-77.360126
"7848",2025-10-23,37,"Pitt Agri. Center","Ozone","Pitt",35.6412760008938,-77.360126
"7849",2025-10-24,35,"Pitt Agri. Center","Ozone","Pitt",35.6412760008938,-77.360126
"7850",2025-10-25,31,"Pitt Agri. Center","Ozone","Pitt",35.6412760008938,-77.360126
"7851",2025-10-26,29,"Pitt Agri. Center","Ozone","Pitt",35.6412760008938,-77.360126
"7852",2025-10-27,30,"Pitt Agri. Center","Ozone","Pitt",35.6412760008938,-77.360126
"7853",2025-10-28,23,"Pitt Agri. Center","Ozone","Pitt",35.6412760008938,-77.360126
"7854",2025-10-29,19,"Pitt Agri. Center","Ozone","Pitt",35.6412760008938,-77.360126
"7855",2025-10-30,28,"Pitt Agri. Center","Ozone","Pitt",35.6412760008938,-77.360126
"7856",2025-10-31,35,"Pitt Agri. Center","Ozone","Pitt",35.6412760008938,-77.360126
"7857",2025-11-01,33,"Pitt Agri. Center","Ozone","Pitt",35.6412760008938,-77.360126
"7858",2025-11-02,35,"Pitt Agri. Center","Ozone","Pitt",35.6412760008938,-77.360126
"7859",2025-03-01,47,"Bethany sch.","Ozone","Rockingham",36.308889,-79.859167
"7860",2025-03-02,40,"Bethany sch.","Ozone","Rockingham",36.308889,-79.859167
"7861",2025-03-03,43,"Bethany sch.","Ozone","Rockingham",36.308889,-79.859167
"7862",2025-03-04,44,"Bethany sch.","Ozone","Rockingham",36.308889,-79.859167
"7863",2025-03-05,44,"Bethany sch.","Ozone","Rockingham",36.308889,-79.859167
"7864",2025-03-06,35,"Bethany sch.","Ozone","Rockingham",36.308889,-79.859167
"7865",2025-03-07,35,"Bethany sch.","Ozone","Rockingham",36.308889,-79.859167
"7866",2025-03-08,42,"Bethany sch.","Ozone","Rockingham",36.308889,-79.859167
"7867",2025-03-09,43,"Bethany sch.","Ozone","Rockingham",36.308889,-79.859167
"7868",2025-03-10,42,"Bethany sch.","Ozone","Rockingham",36.308889,-79.859167
"7869",2025-03-11,58,"Bethany sch.","Ozone","Rockingham",36.308889,-79.859167
"7870",2025-03-12,71,"Bethany sch.","Ozone","Rockingham",36.308889,-79.859167
"7871",2025-03-13,48,"Bethany sch.","Ozone","Rockingham",36.308889,-79.859167
"7872",2025-03-14,44,"Bethany sch.","Ozone","Rockingham",36.308889,-79.859167
"7873",2025-03-15,34,"Bethany sch.","Ozone","Rockingham",36.308889,-79.859167
"7874",2025-03-16,37,"Bethany sch.","Ozone","Rockingham",36.308889,-79.859167
"7875",2025-03-17,32,"Bethany sch.","Ozone","Rockingham",36.308889,-79.859167
"7876",2025-03-18,43,"Bethany sch.","Ozone","Rockingham",36.308889,-79.859167
"7877",2025-03-19,61,"Bethany sch.","Ozone","Rockingham",36.308889,-79.859167
"7878",2025-03-20,40,"Bethany sch.","Ozone","Rockingham",36.308889,-79.859167
"7879",2025-03-21,43,"Bethany sch.","Ozone","Rockingham",36.308889,-79.859167
"7880",2025-03-22,48,"Bethany sch.","Ozone","Rockingham",36.308889,-79.859167
"7881",2025-03-23,46,"Bethany sch.","Ozone","Rockingham",36.308889,-79.859167
"7882",2025-03-24,41,"Bethany sch.","Ozone","Rockingham",36.308889,-79.859167
"7883",2025-03-25,47,"Bethany sch.","Ozone","Rockingham",36.308889,-79.859167
"7884",2025-03-26,46,"Bethany sch.","Ozone","Rockingham",36.308889,-79.859167
"7885",2025-03-27,47,"Bethany sch.","Ozone","Rockingham",36.308889,-79.859167
"7886",2025-03-28,74,"Bethany sch.","Ozone","Rockingham",36.308889,-79.859167
"7887",2025-03-29,45,"Bethany sch.","Ozone","Rockingham",36.308889,-79.859167
"7888",2025-03-30,40,"Bethany sch.","Ozone","Rockingham",36.308889,-79.859167
"7889",2025-03-31,32,"Bethany sch.","Ozone","Rockingham",36.308889,-79.859167
"7890",2025-04-01,33,"Bethany sch.","Ozone","Rockingham",36.308889,-79.859167
"7891",2025-04-02,33,"Bethany sch.","Ozone","Rockingham",36.308889,-79.859167
"7892",2025-04-03,28,"Bethany sch.","Ozone","Rockingham",36.308889,-79.859167
"7893",2025-04-04,35,"Bethany sch.","Ozone","Rockingham",36.308889,-79.859167
"7894",2025-04-05,37,"Bethany sch.","Ozone","Rockingham",36.308889,-79.859167
"7895",2025-04-06,45,"Bethany sch.","Ozone","Rockingham",36.308889,-79.859167
"7896",2025-04-07,29,"Bethany sch.","Ozone","Rockingham",36.308889,-79.859167
"7897",2025-04-08,47,"Bethany sch.","Ozone","Rockingham",36.308889,-79.859167
"7898",2025-04-09,44,"Bethany sch.","Ozone","Rockingham",36.308889,-79.859167
"7899",2025-04-10,39,"Bethany sch.","Ozone","Rockingham",36.308889,-79.859167
"7900",2025-04-11,33,"Bethany sch.","Ozone","Rockingham",36.308889,-79.859167
"7901",2025-04-12,41,"Bethany sch.","Ozone","Rockingham",36.308889,-79.859167
"7902",2025-04-13,44,"Bethany sch.","Ozone","Rockingham",36.308889,-79.859167
"7903",2025-04-14,64,"Bethany sch.","Ozone","Rockingham",36.308889,-79.859167
"7904",2025-04-15,44,"Bethany sch.","Ozone","Rockingham",36.308889,-79.859167
"7905",2025-04-16,46,"Bethany sch.","Ozone","Rockingham",36.308889,-79.859167
"7906",2025-04-17,50,"Bethany sch.","Ozone","Rockingham",36.308889,-79.859167
"7907",2025-04-18,71,"Bethany sch.","Ozone","Rockingham",36.308889,-79.859167
"7908",2025-04-19,44,"Bethany sch.","Ozone","Rockingham",36.308889,-79.859167
"7909",2025-04-20,41,"Bethany sch.","Ozone","Rockingham",36.308889,-79.859167
"7910",2025-04-21,48,"Bethany sch.","Ozone","Rockingham",36.308889,-79.859167
"7911",2025-04-22,34,"Bethany sch.","Ozone","Rockingham",36.308889,-79.859167
"7912",2025-04-23,54,"Bethany sch.","Ozone","Rockingham",36.308889,-79.859167
"7913",2025-04-24,44,"Bethany sch.","Ozone","Rockingham",36.308889,-79.859167
"7914",2025-04-25,39,"Bethany sch.","Ozone","Rockingham",36.308889,-79.859167
"7915",2025-04-26,35,"Bethany sch.","Ozone","Rockingham",36.308889,-79.859167
"7916",2025-04-27,46,"Bethany sch.","Ozone","Rockingham",36.308889,-79.859167
"7917",2025-04-28,48,"Bethany sch.","Ozone","Rockingham",36.308889,-79.859167
"7918",2025-04-29,50,"Bethany sch.","Ozone","Rockingham",36.308889,-79.859167
"7919",2025-04-30,37,"Bethany sch.","Ozone","Rockingham",36.308889,-79.859167
"7920",2025-05-01,44,"Bethany sch.","Ozone","Rockingham",36.308889,-79.859167
"7921",2025-05-02,45,"Bethany sch.","Ozone","Rockingham",36.308889,-79.859167
"7922",2025-05-03,30,"Bethany sch.","Ozone","Rockingham",36.308889,-79.859167
"7923",2025-05-04,41,"Bethany sch.","Ozone","Rockingham",36.308889,-79.859167
"7924",2025-05-05,44,"Bethany sch.","Ozone","Rockingham",36.308889,-79.859167
"7925",2025-05-06,43,"Bethany sch.","Ozone","Rockingham",36.308889,-79.859167
"7926",2025-05-07,43,"Bethany sch.","Ozone","Rockingham",36.308889,-79.859167
"7927",2025-05-08,45,"Bethany sch.","Ozone","Rockingham",36.308889,-79.859167
"7928",2025-05-09,45,"Bethany sch.","Ozone","Rockingham",36.308889,-79.859167
"7929",2025-05-10,41,"Bethany sch.","Ozone","Rockingham",36.308889,-79.859167
"7930",2025-05-11,31,"Bethany sch.","Ozone","Rockingham",36.308889,-79.859167
"7931",2025-05-12,23,"Bethany sch.","Ozone","Rockingham",36.308889,-79.859167
"7932",2025-05-13,31,"Bethany sch.","Ozone","Rockingham",36.308889,-79.859167
"7933",2025-05-14,33,"Bethany sch.","Ozone","Rockingham",36.308889,-79.859167
"7934",2025-05-15,46,"Bethany sch.","Ozone","Rockingham",36.308889,-79.859167
"7935",2025-05-17,44,"Bethany sch.","Ozone","Rockingham",36.308889,-79.859167
"7936",2025-05-18,40,"Bethany sch.","Ozone","Rockingham",36.308889,-79.859167
"7937",2025-05-19,44,"Bethany sch.","Ozone","Rockingham",36.308889,-79.859167
"7938",2025-05-20,44,"Bethany sch.","Ozone","Rockingham",36.308889,-79.859167
"7939",2025-05-21,28,"Bethany sch.","Ozone","Rockingham",36.308889,-79.859167
"7940",2025-05-22,44,"Bethany sch.","Ozone","Rockingham",36.308889,-79.859167
"7941",2025-05-23,38,"Bethany sch.","Ozone","Rockingham",36.308889,-79.859167
"7942",2025-05-24,42,"Bethany sch.","Ozone","Rockingham",36.308889,-79.859167
"7943",2025-05-25,39,"Bethany sch.","Ozone","Rockingham",36.308889,-79.859167
"7944",2025-05-26,24,"Bethany sch.","Ozone","Rockingham",36.308889,-79.859167
"7945",2025-05-27,30,"Bethany sch.","Ozone","Rockingham",36.308889,-79.859167
"7946",2025-05-28,22,"Bethany sch.","Ozone","Rockingham",36.308889,-79.859167
"7947",2025-05-29,26,"Bethany sch.","Ozone","Rockingham",36.308889,-79.859167
"7948",2025-05-30,41,"Bethany sch.","Ozone","Rockingham",36.308889,-79.859167
"7949",2025-05-31,42,"Bethany sch.","Ozone","Rockingham",36.308889,-79.859167
"7950",2025-06-01,43,"Bethany sch.","Ozone","Rockingham",36.308889,-79.859167
"7951",2025-06-02,46,"Bethany sch.","Ozone","Rockingham",36.308889,-79.859167
"7952",2025-06-03,58,"Bethany sch.","Ozone","Rockingham",36.308889,-79.859167
"7953",2025-06-04,48,"Bethany sch.","Ozone","Rockingham",36.308889,-79.859167
"7954",2025-06-05,28,"Bethany sch.","Ozone","Rockingham",36.308889,-79.859167
"7955",2025-06-06,39,"Bethany sch.","Ozone","Rockingham",36.308889,-79.859167
"7956",2025-06-07,33,"Bethany sch.","Ozone","Rockingham",36.308889,-79.859167
"7957",2025-06-08,35,"Bethany sch.","Ozone","Rockingham",36.308889,-79.859167
"7958",2025-06-09,44,"Bethany sch.","Ozone","Rockingham",36.308889,-79.859167
"7959",2025-06-10,38,"Bethany sch.","Ozone","Rockingham",36.308889,-79.859167
"7960",2025-06-11,44,"Bethany sch.","Ozone","Rockingham",36.308889,-79.859167
"7961",2025-06-12,61,"Bethany sch.","Ozone","Rockingham",36.308889,-79.859167
"7962",2025-06-13,33,"Bethany sch.","Ozone","Rockingham",36.308889,-79.859167
"7963",2025-06-14,31,"Bethany sch.","Ozone","Rockingham",36.308889,-79.859167
"7964",2025-06-15,30,"Bethany sch.","Ozone","Rockingham",36.308889,-79.859167
"7965",2025-06-16,28,"Bethany sch.","Ozone","Rockingham",36.308889,-79.859167
"7966",2025-06-17,37,"Bethany sch.","Ozone","Rockingham",36.308889,-79.859167
"7967",2025-06-18,38,"Bethany sch.","Ozone","Rockingham",36.308889,-79.859167
"7968",2025-06-19,32,"Bethany sch.","Ozone","Rockingham",36.308889,-79.859167
"7969",2025-06-20,44,"Bethany sch.","Ozone","Rockingham",36.308889,-79.859167
"7970",2025-06-21,54,"Bethany sch.","Ozone","Rockingham",36.308889,-79.859167
"7971",2025-06-22,46,"Bethany sch.","Ozone","Rockingham",36.308889,-79.859167
"7972",2025-06-23,35,"Bethany sch.","Ozone","Rockingham",36.308889,-79.859167
"7973",2025-06-24,36,"Bethany sch.","Ozone","Rockingham",36.308889,-79.859167
"7974",2025-06-25,35,"Bethany sch.","Ozone","Rockingham",36.308889,-79.859167
"7975",2025-06-26,37,"Bethany sch.","Ozone","Rockingham",36.308889,-79.859167
"7976",2025-06-27,38,"Bethany sch.","Ozone","Rockingham",36.308889,-79.859167
"7977",2025-06-28,44,"Bethany sch.","Ozone","Rockingham",36.308889,-79.859167
"7978",2025-06-29,32,"Bethany sch.","Ozone","Rockingham",36.308889,-79.859167
"7979",2025-06-30,38,"Bethany sch.","Ozone","Rockingham",36.308889,-79.859167
"7980",2025-07-01,44,"Bethany sch.","Ozone","Rockingham",36.308889,-79.859167
"7981",2025-07-02,34,"Bethany sch.","Ozone","Rockingham",36.308889,-79.859167
"7982",2025-07-03,47,"Bethany sch.","Ozone","Rockingham",36.308889,-79.859167
"7983",2025-07-04,46,"Bethany sch.","Ozone","Rockingham",36.308889,-79.859167
"7984",2025-07-05,44,"Bethany sch.","Ozone","Rockingham",36.308889,-79.859167
"7985",2025-07-06,20,"Bethany sch.","Ozone","Rockingham",36.308889,-79.859167
"7986",2025-07-07,40,"Bethany sch.","Ozone","Rockingham",36.308889,-79.859167
"7987",2025-07-08,46,"Bethany sch.","Ozone","Rockingham",36.308889,-79.859167
"7988",2025-07-09,43,"Bethany sch.","Ozone","Rockingham",36.308889,-79.859167
"7989",2025-07-10,31,"Bethany sch.","Ozone","Rockingham",36.308889,-79.859167
"7990",2025-07-11,34,"Bethany sch.","Ozone","Rockingham",36.308889,-79.859167
"7991",2025-07-12,40,"Bethany sch.","Ozone","Rockingham",36.308889,-79.859167
"7992",2025-07-13,30,"Bethany sch.","Ozone","Rockingham",36.308889,-79.859167
"7993",2025-07-14,32,"Bethany sch.","Ozone","Rockingham",36.308889,-79.859167
"7994",2025-07-15,35,"Bethany sch.","Ozone","Rockingham",36.308889,-79.859167
"7995",2025-07-16,36,"Bethany sch.","Ozone","Rockingham",36.308889,-79.859167
"7996",2025-07-17,30,"Bethany sch.","Ozone","Rockingham",36.308889,-79.859167
"7997",2025-07-18,35,"Bethany sch.","Ozone","Rockingham",36.308889,-79.859167
"7998",2025-07-19,28,"Bethany sch.","Ozone","Rockingham",36.308889,-79.859167
"7999",2025-07-20,29,"Bethany sch.","Ozone","Rockingham",36.308889,-79.859167
"8000",2025-07-21,29,"Bethany sch.","Ozone","Rockingham",36.308889,-79.859167
"8001",2025-07-22,41,"Bethany sch.","Ozone","Rockingham",36.308889,-79.859167
"8002",2025-07-23,45,"Bethany sch.","Ozone","Rockingham",36.308889,-79.859167
"8003",2025-07-24,36,"Bethany sch.","Ozone","Rockingham",36.308889,-79.859167
"8004",2025-07-25,46,"Bethany sch.","Ozone","Rockingham",36.308889,-79.859167
"8005",2025-07-26,34,"Bethany sch.","Ozone","Rockingham",36.308889,-79.859167
"8006",2025-07-27,27,"Bethany sch.","Ozone","Rockingham",36.308889,-79.859167
"8007",2025-07-28,36,"Bethany sch.","Ozone","Rockingham",36.308889,-79.859167
"8008",2025-07-29,32,"Bethany sch.","Ozone","Rockingham",36.308889,-79.859167
"8009",2025-07-30,37,"Bethany sch.","Ozone","Rockingham",36.308889,-79.859167
"8010",2025-07-31,44,"Bethany sch.","Ozone","Rockingham",36.308889,-79.859167
"8011",2025-08-02,32,"Bethany sch.","Ozone","Rockingham",36.308889,-79.859167
"8012",2025-08-03,32,"Bethany sch.","Ozone","Rockingham",36.308889,-79.859167
"8013",2025-08-04,39,"Bethany sch.","Ozone","Rockingham",36.308889,-79.859167
"8014",2025-08-05,31,"Bethany sch.","Ozone","Rockingham",36.308889,-79.859167
"8015",2025-08-06,30,"Bethany sch.","Ozone","Rockingham",36.308889,-79.859167
"8016",2025-08-07,25,"Bethany sch.","Ozone","Rockingham",36.308889,-79.859167
"8017",2025-08-08,36,"Bethany sch.","Ozone","Rockingham",36.308889,-79.859167
"8018",2025-08-09,33,"Bethany sch.","Ozone","Rockingham",36.308889,-79.859167
"8019",2025-08-10,36,"Bethany sch.","Ozone","Rockingham",36.308889,-79.859167
"8020",2025-08-11,18,"Bethany sch.","Ozone","Rockingham",36.308889,-79.859167
"8021",2025-08-12,19,"Bethany sch.","Ozone","Rockingham",36.308889,-79.859167
"8022",2025-08-13,23,"Bethany sch.","Ozone","Rockingham",36.308889,-79.859167
"8023",2025-08-14,30,"Bethany sch.","Ozone","Rockingham",36.308889,-79.859167
"8024",2025-08-15,40,"Bethany sch.","Ozone","Rockingham",36.308889,-79.859167
"8025",2025-08-16,36,"Bethany sch.","Ozone","Rockingham",36.308889,-79.859167
"8026",2025-08-17,31,"Bethany sch.","Ozone","Rockingham",36.308889,-79.859167
"8027",2025-08-18,38,"Bethany sch.","Ozone","Rockingham",36.308889,-79.859167
"8028",2025-08-19,28,"Bethany sch.","Ozone","Rockingham",36.308889,-79.859167
"8029",2025-08-20,26,"Bethany sch.","Ozone","Rockingham",36.308889,-79.859167
"8030",2025-08-21,32,"Bethany sch.","Ozone","Rockingham",36.308889,-79.859167
"8031",2025-08-22,29,"Bethany sch.","Ozone","Rockingham",36.308889,-79.859167
"8032",2025-08-23,31,"Bethany sch.","Ozone","Rockingham",36.308889,-79.859167
"8033",2025-08-24,33,"Bethany sch.","Ozone","Rockingham",36.308889,-79.859167
"8034",2025-08-25,35,"Bethany sch.","Ozone","Rockingham",36.308889,-79.859167
"8035",2025-08-26,36,"Bethany sch.","Ozone","Rockingham",36.308889,-79.859167
"8036",2025-08-27,37,"Bethany sch.","Ozone","Rockingham",36.308889,-79.859167
"8037",2025-08-28,45,"Bethany sch.","Ozone","Rockingham",36.308889,-79.859167
"8038",2025-08-29,40,"Bethany sch.","Ozone","Rockingham",36.308889,-79.859167
"8039",2025-08-30,39,"Bethany sch.","Ozone","Rockingham",36.308889,-79.859167
"8040",2025-08-31,40,"Bethany sch.","Ozone","Rockingham",36.308889,-79.859167
"8041",2025-09-01,37,"Bethany sch.","Ozone","Rockingham",36.308889,-79.859167
"8042",2025-09-02,39,"Bethany sch.","Ozone","Rockingham",36.308889,-79.859167
"8043",2025-09-03,38,"Bethany sch.","Ozone","Rockingham",36.308889,-79.859167
"8044",2025-09-04,39,"Bethany sch.","Ozone","Rockingham",36.308889,-79.859167
"8045",2025-09-05,40,"Bethany sch.","Ozone","Rockingham",36.308889,-79.859167
"8046",2025-09-06,36,"Bethany sch.","Ozone","Rockingham",36.308889,-79.859167
"8047",2025-09-07,25,"Bethany sch.","Ozone","Rockingham",36.308889,-79.859167
"8048",2025-09-08,38,"Bethany sch.","Ozone","Rockingham",36.308889,-79.859167
"8049",2025-09-09,44,"Bethany sch.","Ozone","Rockingham",36.308889,-79.859167
"8050",2025-09-10,43,"Bethany sch.","Ozone","Rockingham",36.308889,-79.859167
"8051",2025-09-11,39,"Bethany sch.","Ozone","Rockingham",36.308889,-79.859167
"8052",2025-09-12,45,"Bethany sch.","Ozone","Rockingham",36.308889,-79.859167
"8053",2025-09-13,45,"Bethany sch.","Ozone","Rockingham",36.308889,-79.859167
"8054",2025-09-14,47,"Bethany sch.","Ozone","Rockingham",36.308889,-79.859167
"8055",2025-09-15,44,"Bethany sch.","Ozone","Rockingham",36.308889,-79.859167
"8056",2025-09-16,41,"Bethany sch.","Ozone","Rockingham",36.308889,-79.859167
"8057",2025-09-17,34,"Bethany sch.","Ozone","Rockingham",36.308889,-79.859167
"8058",2025-09-18,38,"Bethany sch.","Ozone","Rockingham",36.308889,-79.859167
"8059",2025-09-19,71,"Bethany sch.","Ozone","Rockingham",36.308889,-79.859167
"8060",2025-09-20,50,"Bethany sch.","Ozone","Rockingham",36.308889,-79.859167
"8061",2025-09-21,48,"Bethany sch.","Ozone","Rockingham",36.308889,-79.859167
"8062",2025-09-22,45,"Bethany sch.","Ozone","Rockingham",36.308889,-79.859167
"8063",2025-09-23,54,"Bethany sch.","Ozone","Rockingham",36.308889,-79.859167
"8064",2025-09-24,48,"Bethany sch.","Ozone","Rockingham",36.308889,-79.859167
"8065",2025-09-25,32,"Bethany sch.","Ozone","Rockingham",36.308889,-79.859167
"8066",2025-09-26,30,"Bethany sch.","Ozone","Rockingham",36.308889,-79.859167
"8067",2025-09-27,33,"Bethany sch.","Ozone","Rockingham",36.308889,-79.859167
"8068",2025-09-28,36,"Bethany sch.","Ozone","Rockingham",36.308889,-79.859167
"8069",2025-09-29,35,"Bethany sch.","Ozone","Rockingham",36.308889,-79.859167
"8070",2025-09-30,37,"Bethany sch.","Ozone","Rockingham",36.308889,-79.859167
"8071",2025-10-01,37,"Bethany sch.","Ozone","Rockingham",36.308889,-79.859167
"8072",2025-10-02,33,"Bethany sch.","Ozone","Rockingham",36.308889,-79.859167
"8073",2025-10-03,32,"Bethany sch.","Ozone","Rockingham",36.308889,-79.859167
"8074",2025-10-04,37,"Bethany sch.","Ozone","Rockingham",36.308889,-79.859167
"8075",2025-10-05,31,"Bethany sch.","Ozone","Rockingham",36.308889,-79.859167
"8076",2025-10-06,37,"Bethany sch.","Ozone","Rockingham",36.308889,-79.859167
"8077",2025-10-07,34,"Bethany sch.","Ozone","Rockingham",36.308889,-79.859167
"8078",2025-10-08,34,"Bethany sch.","Ozone","Rockingham",36.308889,-79.859167
"8079",2025-10-09,37,"Bethany sch.","Ozone","Rockingham",36.308889,-79.859167
"8080",2025-10-10,33,"Bethany sch.","Ozone","Rockingham",36.308889,-79.859167
"8081",2025-10-11,31,"Bethany sch.","Ozone","Rockingham",36.308889,-79.859167
"8082",2025-10-12,28,"Bethany sch.","Ozone","Rockingham",36.308889,-79.859167
"8083",2025-10-13,32,"Bethany sch.","Ozone","Rockingham",36.308889,-79.859167
"8084",2025-10-14,33,"Bethany sch.","Ozone","Rockingham",36.308889,-79.859167
"8085",2025-10-15,38,"Bethany sch.","Ozone","Rockingham",36.308889,-79.859167
"8086",2025-10-16,38,"Bethany sch.","Ozone","Rockingham",36.308889,-79.859167
"8087",2025-10-17,38,"Bethany sch.","Ozone","Rockingham",36.308889,-79.859167
"8088",2025-10-18,49,"Bethany sch.","Ozone","Rockingham",36.308889,-79.859167
"8089",2025-10-19,40,"Bethany sch.","Ozone","Rockingham",36.308889,-79.859167
"8090",2025-10-20,35,"Bethany sch.","Ozone","Rockingham",36.308889,-79.859167
"8091",2025-10-21,46,"Bethany sch.","Ozone","Rockingham",36.308889,-79.859167
"8092",2025-10-22,37,"Bethany sch.","Ozone","Rockingham",36.308889,-79.859167
"8093",2025-10-23,36,"Bethany sch.","Ozone","Rockingham",36.308889,-79.859167
"8094",2025-10-24,36,"Bethany sch.","Ozone","Rockingham",36.308889,-79.859167
"8095",2025-10-25,35,"Bethany sch.","Ozone","Rockingham",36.308889,-79.859167
"8096",2025-10-26,31,"Bethany sch.","Ozone","Rockingham",36.308889,-79.859167
"8097",2025-10-27,31,"Bethany sch.","Ozone","Rockingham",36.308889,-79.859167
"8098",2025-10-28,27,"Bethany sch.","Ozone","Rockingham",36.308889,-79.859167
"8099",2025-10-29,16,"Bethany sch.","Ozone","Rockingham",36.308889,-79.859167
"8100",2025-10-30,27,"Bethany sch.","Ozone","Rockingham",36.308889,-79.859167
"8101",2025-10-31,34,"Bethany sch.","Ozone","Rockingham",36.308889,-79.859167
"8102",2025-11-01,34,"Bethany sch.","Ozone","Rockingham",36.308889,-79.859167
"8103",2025-11-02,36,"Bethany sch.","Ozone","Rockingham",36.308889,-79.859167
"8104",2025-01-01,29,"Rockwell","Ozone","Rowan",35.551868,-80.395039
"8105",2025-01-02,31,"Rockwell","Ozone","Rowan",35.551868,-80.395039
"8106",2025-01-03,31,"Rockwell","Ozone","Rowan",35.551868,-80.395039
"8107",2025-01-04,31,"Rockwell","Ozone","Rowan",35.551868,-80.395039
"8108",2025-01-05,29,"Rockwell","Ozone","Rowan",35.551868,-80.395039
"8109",2025-01-06,26,"Rockwell","Ozone","Rowan",35.551868,-80.395039
"8110",2025-01-08,30,"Rockwell","Ozone","Rowan",35.551868,-80.395039
"8111",2025-01-09,36,"Rockwell","Ozone","Rowan",35.551868,-80.395039
"8112",2025-01-10,29,"Rockwell","Ozone","Rowan",35.551868,-80.395039
"8113",2025-01-11,33,"Rockwell","Ozone","Rowan",35.551868,-80.395039
"8114",2025-01-12,33,"Rockwell","Ozone","Rowan",35.551868,-80.395039
"8115",2025-01-13,32,"Rockwell","Ozone","Rowan",35.551868,-80.395039
"8116",2025-01-14,38,"Rockwell","Ozone","Rowan",35.551868,-80.395039
"8117",2025-01-15,36,"Rockwell","Ozone","Rowan",35.551868,-80.395039
"8118",2025-01-16,37,"Rockwell","Ozone","Rowan",35.551868,-80.395039
"8119",2025-01-17,37,"Rockwell","Ozone","Rowan",35.551868,-80.395039
"8120",2025-01-18,30,"Rockwell","Ozone","Rowan",35.551868,-80.395039
"8121",2025-01-19,30,"Rockwell","Ozone","Rowan",35.551868,-80.395039
"8122",2025-01-20,33,"Rockwell","Ozone","Rowan",35.551868,-80.395039
"8123",2025-01-21,29,"Rockwell","Ozone","Rowan",35.551868,-80.395039
"8124",2025-01-22,32,"Rockwell","Ozone","Rowan",35.551868,-80.395039
"8125",2025-01-23,30,"Rockwell","Ozone","Rowan",35.551868,-80.395039
"8126",2025-01-24,34,"Rockwell","Ozone","Rowan",35.551868,-80.395039
"8127",2025-01-25,36,"Rockwell","Ozone","Rowan",35.551868,-80.395039
"8128",2025-01-26,40,"Rockwell","Ozone","Rowan",35.551868,-80.395039
"8129",2025-01-27,28,"Rockwell","Ozone","Rowan",35.551868,-80.395039
"8130",2025-01-28,37,"Rockwell","Ozone","Rowan",35.551868,-80.395039
"8131",2025-01-29,41,"Rockwell","Ozone","Rowan",35.551868,-80.395039
"8132",2025-01-30,38,"Rockwell","Ozone","Rowan",35.551868,-80.395039
"8133",2025-01-31,38,"Rockwell","Ozone","Rowan",35.551868,-80.395039
"8134",2025-02-01,35,"Rockwell","Ozone","Rowan",35.551868,-80.395039
"8135",2025-02-02,32,"Rockwell","Ozone","Rowan",35.551868,-80.395039
"8136",2025-02-03,36,"Rockwell","Ozone","Rowan",35.551868,-80.395039
"8137",2025-02-04,42,"Rockwell","Ozone","Rowan",35.551868,-80.395039
"8138",2025-02-05,31,"Rockwell","Ozone","Rowan",35.551868,-80.395039
"8139",2025-02-06,31,"Rockwell","Ozone","Rowan",35.551868,-80.395039
"8140",2025-02-07,40,"Rockwell","Ozone","Rowan",35.551868,-80.395039
"8141",2025-02-08,29,"Rockwell","Ozone","Rowan",35.551868,-80.395039
"8142",2025-02-09,36,"Rockwell","Ozone","Rowan",35.551868,-80.395039
"8143",2025-02-10,28,"Rockwell","Ozone","Rowan",35.551868,-80.395039
"8144",2025-02-11,30,"Rockwell","Ozone","Rowan",35.551868,-80.395039
"8145",2025-02-12,24,"Rockwell","Ozone","Rowan",35.551868,-80.395039
"8146",2025-02-13,28,"Rockwell","Ozone","Rowan",35.551868,-80.395039
"8147",2025-02-14,34,"Rockwell","Ozone","Rowan",35.551868,-80.395039
"8148",2025-02-15,23,"Rockwell","Ozone","Rowan",35.551868,-80.395039
"8149",2025-02-16,31,"Rockwell","Ozone","Rowan",35.551868,-80.395039
"8150",2025-02-17,37,"Rockwell","Ozone","Rowan",35.551868,-80.395039
"8151",2025-02-18,38,"Rockwell","Ozone","Rowan",35.551868,-80.395039
"8152",2025-02-19,29,"Rockwell","Ozone","Rowan",35.551868,-80.395039
"8153",2025-02-20,35,"Rockwell","Ozone","Rowan",35.551868,-80.395039
"8154",2025-02-21,34,"Rockwell","Ozone","Rowan",35.551868,-80.395039
"8155",2025-02-22,39,"Rockwell","Ozone","Rowan",35.551868,-80.395039
"8156",2025-02-23,41,"Rockwell","Ozone","Rowan",35.551868,-80.395039
"8157",2025-02-24,46,"Rockwell","Ozone","Rowan",35.551868,-80.395039
"8158",2025-02-25,49,"Rockwell","Ozone","Rowan",35.551868,-80.395039
"8159",2025-02-26,49,"Rockwell","Ozone","Rowan",35.551868,-80.395039
"8160",2025-02-27,44,"Rockwell","Ozone","Rowan",35.551868,-80.395039
"8161",2025-02-28,44,"Rockwell","Ozone","Rowan",35.551868,-80.395039
"8162",2025-03-01,47,"Rockwell","Ozone","Rowan",35.551868,-80.395039
"8163",2025-03-02,38,"Rockwell","Ozone","Rowan",35.551868,-80.395039
"8164",2025-03-03,42,"Rockwell","Ozone","Rowan",35.551868,-80.395039
"8165",2025-03-04,39,"Rockwell","Ozone","Rowan",35.551868,-80.395039
"8166",2025-03-05,41,"Rockwell","Ozone","Rowan",35.551868,-80.395039
"8167",2025-03-06,32,"Rockwell","Ozone","Rowan",35.551868,-80.395039
"8168",2025-03-07,31,"Rockwell","Ozone","Rowan",35.551868,-80.395039
"8169",2025-03-08,42,"Rockwell","Ozone","Rowan",35.551868,-80.395039
"8170",2025-03-09,42,"Rockwell","Ozone","Rowan",35.551868,-80.395039
"8171",2025-03-10,35,"Rockwell","Ozone","Rowan",35.551868,-80.395039
"8172",2025-03-11,50,"Rockwell","Ozone","Rowan",35.551868,-80.395039
"8173",2025-03-12,64,"Rockwell","Ozone","Rowan",35.551868,-80.395039
"8174",2025-03-13,64,"Rockwell","Ozone","Rowan",35.551868,-80.395039
"8175",2025-03-14,41,"Rockwell","Ozone","Rowan",35.551868,-80.395039
"8176",2025-03-15,31,"Rockwell","Ozone","Rowan",35.551868,-80.395039
"8177",2025-03-16,35,"Rockwell","Ozone","Rowan",35.551868,-80.395039
"8178",2025-03-17,32,"Rockwell","Ozone","Rowan",35.551868,-80.395039
"8179",2025-03-18,43,"Rockwell","Ozone","Rowan",35.551868,-80.395039
"8180",2025-03-19,54,"Rockwell","Ozone","Rowan",35.551868,-80.395039
"8181",2025-03-20,38,"Rockwell","Ozone","Rowan",35.551868,-80.395039
"8182",2025-03-21,44,"Rockwell","Ozone","Rowan",35.551868,-80.395039
"8183",2025-03-22,48,"Rockwell","Ozone","Rowan",35.551868,-80.395039
"8184",2025-03-23,45,"Rockwell","Ozone","Rowan",35.551868,-80.395039
"8185",2025-03-24,36,"Rockwell","Ozone","Rowan",35.551868,-80.395039
"8186",2025-03-25,46,"Rockwell","Ozone","Rowan",35.551868,-80.395039
"8187",2025-03-26,44,"Rockwell","Ozone","Rowan",35.551868,-80.395039
"8188",2025-03-27,47,"Rockwell","Ozone","Rowan",35.551868,-80.395039
"8189",2025-03-28,54,"Rockwell","Ozone","Rowan",35.551868,-80.395039
"8190",2025-03-29,42,"Rockwell","Ozone","Rowan",35.551868,-80.395039
"8191",2025-03-30,36,"Rockwell","Ozone","Rowan",35.551868,-80.395039
"8192",2025-03-31,25,"Rockwell","Ozone","Rowan",35.551868,-80.395039
"8193",2025-04-01,34,"Rockwell","Ozone","Rowan",35.551868,-80.395039
"8194",2025-04-02,31,"Rockwell","Ozone","Rowan",35.551868,-80.395039
"8195",2025-04-03,28,"Rockwell","Ozone","Rowan",35.551868,-80.395039
"8196",2025-04-04,35,"Rockwell","Ozone","Rowan",35.551868,-80.395039
"8197",2025-04-05,33,"Rockwell","Ozone","Rowan",35.551868,-80.395039
"8198",2025-04-06,43,"Rockwell","Ozone","Rowan",35.551868,-80.395039
"8199",2025-04-07,29,"Rockwell","Ozone","Rowan",35.551868,-80.395039
"8200",2025-04-08,46,"Rockwell","Ozone","Rowan",35.551868,-80.395039
"8201",2025-04-09,44,"Rockwell","Ozone","Rowan",35.551868,-80.395039
"8202",2025-04-10,39,"Rockwell","Ozone","Rowan",35.551868,-80.395039
"8203",2025-04-11,40,"Rockwell","Ozone","Rowan",35.551868,-80.395039
"8204",2025-04-12,38,"Rockwell","Ozone","Rowan",35.551868,-80.395039
"8205",2025-04-13,45,"Rockwell","Ozone","Rowan",35.551868,-80.395039
"8206",2025-04-14,67,"Rockwell","Ozone","Rowan",35.551868,-80.395039
"8207",2025-04-15,44,"Rockwell","Ozone","Rowan",35.551868,-80.395039
"8208",2025-04-16,45,"Rockwell","Ozone","Rowan",35.551868,-80.395039
"8209",2025-04-17,50,"Rockwell","Ozone","Rowan",35.551868,-80.395039
"8210",2025-04-18,54,"Rockwell","Ozone","Rowan",35.551868,-80.395039
"8211",2025-04-19,42,"Rockwell","Ozone","Rowan",35.551868,-80.395039
"8212",2025-04-20,38,"Rockwell","Ozone","Rowan",35.551868,-80.395039
"8213",2025-04-21,44,"Rockwell","Ozone","Rowan",35.551868,-80.395039
"8214",2025-04-22,42,"Rockwell","Ozone","Rowan",35.551868,-80.395039
"8215",2025-04-23,43,"Rockwell","Ozone","Rowan",35.551868,-80.395039
"8216",2025-04-24,32,"Rockwell","Ozone","Rowan",35.551868,-80.395039
"8217",2025-04-25,36,"Rockwell","Ozone","Rowan",35.551868,-80.395039
"8218",2025-04-26,39,"Rockwell","Ozone","Rowan",35.551868,-80.395039
"8219",2025-04-27,47,"Rockwell","Ozone","Rowan",35.551868,-80.395039
"8220",2025-04-28,46,"Rockwell","Ozone","Rowan",35.551868,-80.395039
"8221",2025-04-29,45,"Rockwell","Ozone","Rowan",35.551868,-80.395039
"8222",2025-04-30,45,"Rockwell","Ozone","Rowan",35.551868,-80.395039
"8223",2025-05-01,44,"Rockwell","Ozone","Rowan",35.551868,-80.395039
"8224",2025-05-02,43,"Rockwell","Ozone","Rowan",35.551868,-80.395039
"8225",2025-05-03,31,"Rockwell","Ozone","Rowan",35.551868,-80.395039
"8226",2025-05-04,40,"Rockwell","Ozone","Rowan",35.551868,-80.395039
"8227",2025-05-05,43,"Rockwell","Ozone","Rowan",35.551868,-80.395039
"8228",2025-05-06,47,"Rockwell","Ozone","Rowan",35.551868,-80.395039
"8229",2025-05-07,41,"Rockwell","Ozone","Rowan",35.551868,-80.395039
"8230",2025-05-08,45,"Rockwell","Ozone","Rowan",35.551868,-80.395039
"8231",2025-05-09,43,"Rockwell","Ozone","Rowan",35.551868,-80.395039
"8232",2025-05-10,36,"Rockwell","Ozone","Rowan",35.551868,-80.395039
"8233",2025-05-11,23,"Rockwell","Ozone","Rowan",35.551868,-80.395039
"8234",2025-05-12,21,"Rockwell","Ozone","Rowan",35.551868,-80.395039
"8235",2025-05-13,34,"Rockwell","Ozone","Rowan",35.551868,-80.395039
"8236",2025-05-14,44,"Rockwell","Ozone","Rowan",35.551868,-80.395039
"8237",2025-05-15,47,"Rockwell","Ozone","Rowan",35.551868,-80.395039
"8238",2025-05-16,36,"Rockwell","Ozone","Rowan",35.551868,-80.395039
"8239",2025-05-17,42,"Rockwell","Ozone","Rowan",35.551868,-80.395039
"8240",2025-05-18,44,"Rockwell","Ozone","Rowan",35.551868,-80.395039
"8241",2025-05-19,48,"Rockwell","Ozone","Rowan",35.551868,-80.395039
"8242",2025-05-20,39,"Rockwell","Ozone","Rowan",35.551868,-80.395039
"8243",2025-05-21,42,"Rockwell","Ozone","Rowan",35.551868,-80.395039
"8244",2025-05-22,49,"Rockwell","Ozone","Rowan",35.551868,-80.395039
"8245",2025-05-23,42,"Rockwell","Ozone","Rowan",35.551868,-80.395039
"8246",2025-05-24,44,"Rockwell","Ozone","Rowan",35.551868,-80.395039
"8247",2025-05-25,35,"Rockwell","Ozone","Rowan",35.551868,-80.395039
"8248",2025-05-26,26,"Rockwell","Ozone","Rowan",35.551868,-80.395039
"8249",2025-05-27,24,"Rockwell","Ozone","Rowan",35.551868,-80.395039
"8250",2025-05-28,27,"Rockwell","Ozone","Rowan",35.551868,-80.395039
"8251",2025-05-29,30,"Rockwell","Ozone","Rowan",35.551868,-80.395039
"8252",2025-05-30,39,"Rockwell","Ozone","Rowan",35.551868,-80.395039
"8253",2025-05-31,44,"Rockwell","Ozone","Rowan",35.551868,-80.395039
"8254",2025-06-01,42,"Rockwell","Ozone","Rowan",35.551868,-80.395039
"8255",2025-06-02,49,"Rockwell","Ozone","Rowan",35.551868,-80.395039
"8256",2025-06-03,46,"Rockwell","Ozone","Rowan",35.551868,-80.395039
"8257",2025-06-04,43,"Rockwell","Ozone","Rowan",35.551868,-80.395039
"8258",2025-06-05,24,"Rockwell","Ozone","Rowan",35.551868,-80.395039
"8259",2025-06-06,43,"Rockwell","Ozone","Rowan",35.551868,-80.395039
"8260",2025-06-07,36,"Rockwell","Ozone","Rowan",35.551868,-80.395039
"8261",2025-06-08,32,"Rockwell","Ozone","Rowan",35.551868,-80.395039
"8262",2025-06-09,47,"Rockwell","Ozone","Rowan",35.551868,-80.395039
"8263",2025-06-10,38,"Rockwell","Ozone","Rowan",35.551868,-80.395039
"8264",2025-06-11,44,"Rockwell","Ozone","Rowan",35.551868,-80.395039
"8265",2025-06-12,37,"Rockwell","Ozone","Rowan",35.551868,-80.395039
"8266",2025-06-13,31,"Rockwell","Ozone","Rowan",35.551868,-80.395039
"8267",2025-06-14,31,"Rockwell","Ozone","Rowan",35.551868,-80.395039
"8268",2025-06-15,30,"Rockwell","Ozone","Rowan",35.551868,-80.395039
"8269",2025-06-16,39,"Rockwell","Ozone","Rowan",35.551868,-80.395039
"8270",2025-06-17,33,"Rockwell","Ozone","Rowan",35.551868,-80.395039
"8271",2025-06-18,36,"Rockwell","Ozone","Rowan",35.551868,-80.395039
"8272",2025-06-19,31,"Rockwell","Ozone","Rowan",35.551868,-80.395039
"8273",2025-06-20,47,"Rockwell","Ozone","Rowan",35.551868,-80.395039
"8274",2025-06-21,46,"Rockwell","Ozone","Rowan",35.551868,-80.395039
"8275",2025-06-22,44,"Rockwell","Ozone","Rowan",35.551868,-80.395039
"8276",2025-06-23,44,"Rockwell","Ozone","Rowan",35.551868,-80.395039
"8277",2025-06-24,44,"Rockwell","Ozone","Rowan",35.551868,-80.395039
"8278",2025-06-25,41,"Rockwell","Ozone","Rowan",35.551868,-80.395039
"8279",2025-06-26,51,"Rockwell","Ozone","Rowan",35.551868,-80.395039
"8280",2025-06-27,58,"Rockwell","Ozone","Rowan",35.551868,-80.395039
"8281",2025-06-28,44,"Rockwell","Ozone","Rowan",35.551868,-80.395039
"8282",2025-06-29,47,"Rockwell","Ozone","Rowan",35.551868,-80.395039
"8283",2025-06-30,37,"Rockwell","Ozone","Rowan",35.551868,-80.395039
"8284",2025-07-01,41,"Rockwell","Ozone","Rowan",35.551868,-80.395039
"8285",2025-07-02,34,"Rockwell","Ozone","Rowan",35.551868,-80.395039
"8286",2025-07-03,71,"Rockwell","Ozone","Rowan",35.551868,-80.395039
"8287",2025-07-04,44,"Rockwell","Ozone","Rowan",35.551868,-80.395039
"8288",2025-07-05,44,"Rockwell","Ozone","Rowan",35.551868,-80.395039
"8289",2025-07-06,20,"Rockwell","Ozone","Rowan",35.551868,-80.395039
"8290",2025-07-07,47,"Rockwell","Ozone","Rowan",35.551868,-80.395039
"8291",2025-07-08,74,"Rockwell","Ozone","Rowan",35.551868,-80.395039
"8292",2025-07-09,41,"Rockwell","Ozone","Rowan",35.551868,-80.395039
"8293",2025-07-10,41,"Rockwell","Ozone","Rowan",35.551868,-80.395039
"8294",2025-07-11,42,"Rockwell","Ozone","Rowan",35.551868,-80.395039
"8295",2025-07-12,43,"Rockwell","Ozone","Rowan",35.551868,-80.395039
"8296",2025-07-13,37,"Rockwell","Ozone","Rowan",35.551868,-80.395039
"8297",2025-07-14,35,"Rockwell","Ozone","Rowan",35.551868,-80.395039
"8298",2025-07-15,34,"Rockwell","Ozone","Rowan",35.551868,-80.395039
"8299",2025-07-16,40,"Rockwell","Ozone","Rowan",35.551868,-80.395039
"8300",2025-07-17,33,"Rockwell","Ozone","Rowan",35.551868,-80.395039
"8301",2025-07-18,39,"Rockwell","Ozone","Rowan",35.551868,-80.395039
"8302",2025-07-19,44,"Rockwell","Ozone","Rowan",35.551868,-80.395039
"8303",2025-07-20,35,"Rockwell","Ozone","Rowan",35.551868,-80.395039
"8304",2025-07-21,34,"Rockwell","Ozone","Rowan",35.551868,-80.395039
"8305",2025-07-22,37,"Rockwell","Ozone","Rowan",35.551868,-80.395039
"8306",2025-07-23,48,"Rockwell","Ozone","Rowan",35.551868,-80.395039
"8307",2025-07-24,35,"Rockwell","Ozone","Rowan",35.551868,-80.395039
"8308",2025-07-25,44,"Rockwell","Ozone","Rowan",35.551868,-80.395039
"8309",2025-07-26,43,"Rockwell","Ozone","Rowan",35.551868,-80.395039
"8310",2025-07-27,35,"Rockwell","Ozone","Rowan",35.551868,-80.395039
"8311",2025-07-28,46,"Rockwell","Ozone","Rowan",35.551868,-80.395039
"8312",2025-07-29,30,"Rockwell","Ozone","Rowan",35.551868,-80.395039
"8313",2025-07-30,41,"Rockwell","Ozone","Rowan",35.551868,-80.395039
"8314",2025-07-31,44,"Rockwell","Ozone","Rowan",35.551868,-80.395039
"8315",2025-08-01,32,"Rockwell","Ozone","Rowan",35.551868,-80.395039
"8316",2025-08-02,27,"Rockwell","Ozone","Rowan",35.551868,-80.395039
"8317",2025-08-03,32,"Rockwell","Ozone","Rowan",35.551868,-80.395039
"8318",2025-08-04,37,"Rockwell","Ozone","Rowan",35.551868,-80.395039
"8319",2025-08-05,32,"Rockwell","Ozone","Rowan",35.551868,-80.395039
"8320",2025-08-06,26,"Rockwell","Ozone","Rowan",35.551868,-80.395039
"8321",2025-08-07,28,"Rockwell","Ozone","Rowan",35.551868,-80.395039
"8322",2025-08-08,37,"Rockwell","Ozone","Rowan",35.551868,-80.395039
"8323",2025-08-09,34,"Rockwell","Ozone","Rowan",35.551868,-80.395039
"8324",2025-08-10,26,"Rockwell","Ozone","Rowan",35.551868,-80.395039
"8325",2025-08-11,15,"Rockwell","Ozone","Rowan",35.551868,-80.395039
"8326",2025-08-12,21,"Rockwell","Ozone","Rowan",35.551868,-80.395039
"8327",2025-08-13,25,"Rockwell","Ozone","Rowan",35.551868,-80.395039
"8328",2025-08-14,27,"Rockwell","Ozone","Rowan",35.551868,-80.395039
"8329",2025-08-15,44,"Rockwell","Ozone","Rowan",35.551868,-80.395039
"8330",2025-08-16,38,"Rockwell","Ozone","Rowan",35.551868,-80.395039
"8331",2025-08-17,40,"Rockwell","Ozone","Rowan",35.551868,-80.395039
"8332",2025-08-18,44,"Rockwell","Ozone","Rowan",35.551868,-80.395039
"8333",2025-08-19,36,"Rockwell","Ozone","Rowan",35.551868,-80.395039
"8334",2025-08-20,35,"Rockwell","Ozone","Rowan",35.551868,-80.395039
"8335",2025-08-21,36,"Rockwell","Ozone","Rowan",35.551868,-80.395039
"8336",2025-08-22,27,"Rockwell","Ozone","Rowan",35.551868,-80.395039
"8337",2025-08-23,29,"Rockwell","Ozone","Rowan",35.551868,-80.395039
"8338",2025-08-24,39,"Rockwell","Ozone","Rowan",35.551868,-80.395039
"8339",2025-08-25,37,"Rockwell","Ozone","Rowan",35.551868,-80.395039
"8340",2025-08-26,39,"Rockwell","Ozone","Rowan",35.551868,-80.395039
"8341",2025-08-27,41,"Rockwell","Ozone","Rowan",35.551868,-80.395039
"8342",2025-08-28,44,"Rockwell","Ozone","Rowan",35.551868,-80.395039
"8343",2025-08-29,46,"Rockwell","Ozone","Rowan",35.551868,-80.395039
"8344",2025-08-30,42,"Rockwell","Ozone","Rowan",35.551868,-80.395039
"8345",2025-08-31,37,"Rockwell","Ozone","Rowan",35.551868,-80.395039
"8346",2025-09-01,38,"Rockwell","Ozone","Rowan",35.551868,-80.395039
"8347",2025-09-02,42,"Rockwell","Ozone","Rowan",35.551868,-80.395039
"8348",2025-09-03,50,"Rockwell","Ozone","Rowan",35.551868,-80.395039
"8349",2025-09-04,43,"Rockwell","Ozone","Rowan",35.551868,-80.395039
"8350",2025-09-05,49,"Rockwell","Ozone","Rowan",35.551868,-80.395039
"8351",2025-09-06,37,"Rockwell","Ozone","Rowan",35.551868,-80.395039
"8352",2025-09-07,24,"Rockwell","Ozone","Rowan",35.551868,-80.395039
"8353",2025-09-08,39,"Rockwell","Ozone","Rowan",35.551868,-80.395039
"8354",2025-09-09,45,"Rockwell","Ozone","Rowan",35.551868,-80.395039
"8355",2025-09-10,40,"Rockwell","Ozone","Rowan",35.551868,-80.395039
"8356",2025-09-11,47,"Rockwell","Ozone","Rowan",35.551868,-80.395039
"8357",2025-09-12,46,"Rockwell","Ozone","Rowan",35.551868,-80.395039
"8358",2025-09-13,43,"Rockwell","Ozone","Rowan",35.551868,-80.395039
"8359",2025-09-14,48,"Rockwell","Ozone","Rowan",35.551868,-80.395039
"8360",2025-09-15,44,"Rockwell","Ozone","Rowan",35.551868,-80.395039
"8361",2025-09-16,44,"Rockwell","Ozone","Rowan",35.551868,-80.395039
"8362",2025-09-17,44,"Rockwell","Ozone","Rowan",35.551868,-80.395039
"8363",2025-09-18,45,"Rockwell","Ozone","Rowan",35.551868,-80.395039
"8364",2025-09-19,58,"Rockwell","Ozone","Rowan",35.551868,-80.395039
"8365",2025-09-20,58,"Rockwell","Ozone","Rowan",35.551868,-80.395039
"8366",2025-09-21,44,"Rockwell","Ozone","Rowan",35.551868,-80.395039
"8367",2025-09-22,40,"Rockwell","Ozone","Rowan",35.551868,-80.395039
"8368",2025-09-23,80,"Rockwell","Ozone","Rowan",35.551868,-80.395039
"8369",2025-09-24,46,"Rockwell","Ozone","Rowan",35.551868,-80.395039
"8370",2025-09-25,34,"Rockwell","Ozone","Rowan",35.551868,-80.395039
"8371",2025-09-26,28,"Rockwell","Ozone","Rowan",35.551868,-80.395039
"8372",2025-09-27,26,"Rockwell","Ozone","Rowan",35.551868,-80.395039
"8373",2025-09-28,33,"Rockwell","Ozone","Rowan",35.551868,-80.395039
"8374",2025-09-29,29,"Rockwell","Ozone","Rowan",35.551868,-80.395039
"8375",2025-09-30,40,"Rockwell","Ozone","Rowan",35.551868,-80.395039
"8376",2025-10-01,41,"Rockwell","Ozone","Rowan",35.551868,-80.395039
"8377",2025-10-02,32,"Rockwell","Ozone","Rowan",35.551868,-80.395039
"8378",2025-10-03,33,"Rockwell","Ozone","Rowan",35.551868,-80.395039
"8379",2025-10-04,33,"Rockwell","Ozone","Rowan",35.551868,-80.395039
"8380",2025-10-05,29,"Rockwell","Ozone","Rowan",35.551868,-80.395039
"8381",2025-10-06,27,"Rockwell","Ozone","Rowan",35.551868,-80.395039
"8382",2025-10-07,30,"Rockwell","Ozone","Rowan",35.551868,-80.395039
"8383",2025-10-08,29,"Rockwell","Ozone","Rowan",35.551868,-80.395039
"8384",2025-10-09,39,"Rockwell","Ozone","Rowan",35.551868,-80.395039
"8385",2025-10-10,31,"Rockwell","Ozone","Rowan",35.551868,-80.395039
"8386",2025-10-11,29,"Rockwell","Ozone","Rowan",35.551868,-80.395039
"8387",2025-10-12,26,"Rockwell","Ozone","Rowan",35.551868,-80.395039
"8388",2025-10-13,32,"Rockwell","Ozone","Rowan",35.551868,-80.395039
"8389",2025-10-14,37,"Rockwell","Ozone","Rowan",35.551868,-80.395039
"8390",2025-10-15,39,"Rockwell","Ozone","Rowan",35.551868,-80.395039
"8391",2025-10-16,38,"Rockwell","Ozone","Rowan",35.551868,-80.395039
"8392",2025-10-17,43,"Rockwell","Ozone","Rowan",35.551868,-80.395039
"8393",2025-10-18,47,"Rockwell","Ozone","Rowan",35.551868,-80.395039
"8394",2025-10-19,37,"Rockwell","Ozone","Rowan",35.551868,-80.395039
"8395",2025-10-20,33,"Rockwell","Ozone","Rowan",35.551868,-80.395039
"8396",2025-10-21,44,"Rockwell","Ozone","Rowan",35.551868,-80.395039
"8397",2025-10-22,38,"Rockwell","Ozone","Rowan",35.551868,-80.395039
"8398",2025-10-23,38,"Rockwell","Ozone","Rowan",35.551868,-80.395039
"8399",2025-10-24,36,"Rockwell","Ozone","Rowan",35.551868,-80.395039
"8400",2025-10-25,31,"Rockwell","Ozone","Rowan",35.551868,-80.395039
"8401",2025-10-26,34,"Rockwell","Ozone","Rowan",35.551868,-80.395039
"8402",2025-10-27,29,"Rockwell","Ozone","Rowan",35.551868,-80.395039
"8403",2025-10-28,27,"Rockwell","Ozone","Rowan",35.551868,-80.395039
"8404",2025-10-29,13,"Rockwell","Ozone","Rowan",35.551868,-80.395039
"8405",2025-10-30,26,"Rockwell","Ozone","Rowan",35.551868,-80.395039
"8406",2025-10-31,34,"Rockwell","Ozone","Rowan",35.551868,-80.395039
"8407",2025-11-01,34,"Rockwell","Ozone","Rowan",35.551868,-80.395039
"8408",2025-11-02,33,"Rockwell","Ozone","Rowan",35.551868,-80.395039
"8409",2025-11-03,36,"Rockwell","Ozone","Rowan",35.551868,-80.395039
"8410",2025-11-04,36,"Rockwell","Ozone","Rowan",35.551868,-80.395039
"8411",2025-11-05,42,"Rockwell","Ozone","Rowan",35.551868,-80.395039
"8412",2025-11-06,42,"Rockwell","Ozone","Rowan",35.551868,-80.395039
"8413",2025-11-07,40,"Rockwell","Ozone","Rowan",35.551868,-80.395039
"8414",2025-11-08,35,"Rockwell","Ozone","Rowan",35.551868,-80.395039
"8415",2025-11-09,38,"Rockwell","Ozone","Rowan",35.551868,-80.395039
"8416",2025-11-10,27,"Rockwell","Ozone","Rowan",35.551868,-80.395039
"8417",2025-11-11,31,"Rockwell","Ozone","Rowan",35.551868,-80.395039
"8418",2025-11-12,37,"Rockwell","Ozone","Rowan",35.551868,-80.395039
"8419",2025-11-13,39,"Rockwell","Ozone","Rowan",35.551868,-80.395039
"8420",2025-11-14,40,"Rockwell","Ozone","Rowan",35.551868,-80.395039
"8421",2025-11-15,42,"Rockwell","Ozone","Rowan",35.551868,-80.395039
"8422",2025-11-16,37,"Rockwell","Ozone","Rowan",35.551868,-80.395039
"8423",2025-11-17,38,"Rockwell","Ozone","Rowan",35.551868,-80.395039
"8424",2025-11-18,40,"Rockwell","Ozone","Rowan",35.551868,-80.395039
"8425",2025-11-19,39,"Rockwell","Ozone","Rowan",35.551868,-80.395039
"8426",2025-11-20,34,"Rockwell","Ozone","Rowan",35.551868,-80.395039
"8427",2025-11-21,20,"Rockwell","Ozone","Rowan",35.551868,-80.395039
"8428",2025-11-22,31,"Rockwell","Ozone","Rowan",35.551868,-80.395039
"8429",2025-11-23,32,"Rockwell","Ozone","Rowan",35.551868,-80.395039
"8430",2025-11-24,34,"Rockwell","Ozone","Rowan",35.551868,-80.395039
"8431",2025-11-25,28,"Rockwell","Ozone","Rowan",35.551868,-80.395039
"8432",2025-11-26,34,"Rockwell","Ozone","Rowan",35.551868,-80.395039
"8433",2025-11-27,33,"Rockwell","Ozone","Rowan",35.551868,-80.395039
"8434",2025-11-28,31,"Rockwell","Ozone","Rowan",35.551868,-80.395039
"8435",2025-11-29,31,"Rockwell","Ozone","Rowan",35.551868,-80.395039
"8436",2025-11-30,25,"Rockwell","Ozone","Rowan",35.551868,-80.395039
"8437",2025-12-01,26,"Rockwell","Ozone","Rowan",35.551868,-80.395039
"8438",2025-12-02,24,"Rockwell","Ozone","Rowan",35.551868,-80.395039
"8439",2025-12-05,15,"Rockwell","Ozone","Rowan",35.551868,-80.395039
"8440",2025-12-06,8,"Rockwell","Ozone","Rowan",35.551868,-80.395039
"8441",2025-12-07,6,"Rockwell","Ozone","Rowan",35.551868,-80.395039
"8442",2025-12-08,23,"Rockwell","Ozone","Rowan",35.551868,-80.395039
"8443",2025-12-09,25,"Rockwell","Ozone","Rowan",35.551868,-80.395039
"8444",2025-12-10,31,"Rockwell","Ozone","Rowan",35.551868,-80.395039
"8445",2025-12-11,28,"Rockwell","Ozone","Rowan",35.551868,-80.395039
"8446",2025-12-12,24,"Rockwell","Ozone","Rowan",35.551868,-80.395039
"8447",2025-12-13,28,"Rockwell","Ozone","Rowan",35.551868,-80.395039
"8448",2025-12-14,35,"Rockwell","Ozone","Rowan",35.551868,-80.395039
"8449",2025-12-15,29,"Rockwell","Ozone","Rowan",35.551868,-80.395039
"8450",2025-12-16,26,"Rockwell","Ozone","Rowan",35.551868,-80.395039
"8451",2025-12-17,30,"Rockwell","Ozone","Rowan",35.551868,-80.395039
"8452",2025-12-18,29,"Rockwell","Ozone","Rowan",35.551868,-80.395039
"8453",2025-12-19,35,"Rockwell","Ozone","Rowan",35.551868,-80.395039
"8454",2025-12-20,33,"Rockwell","Ozone","Rowan",35.551868,-80.395039
"8455",2025-12-21,32,"Rockwell","Ozone","Rowan",35.551868,-80.395039
"8456",2025-12-22,33,"Rockwell","Ozone","Rowan",35.551868,-80.395039
"8457",2025-12-23,38,"Rockwell","Ozone","Rowan",35.551868,-80.395039
"8458",2025-12-24,31,"Rockwell","Ozone","Rowan",35.551868,-80.395039
"8459",2025-12-25,31,"Rockwell","Ozone","Rowan",35.551868,-80.395039
"8460",2025-12-26,27,"Rockwell","Ozone","Rowan",35.551868,-80.395039
"8461",2025-12-27,31,"Rockwell","Ozone","Rowan",35.551868,-80.395039
"8462",2025-12-28,19,"Rockwell","Ozone","Rowan",35.551868,-80.395039
"8463",2025-12-29,31,"Rockwell","Ozone","Rowan",35.551868,-80.395039
"8464",2025-12-30,30,"Rockwell","Ozone","Rowan",35.551868,-80.395039
"8465",2025-12-31,35,"Rockwell","Ozone","Rowan",35.551868,-80.395039
"8466",2025-03-01,43,"Bryson City","Ozone","Swain",35.434767,-83.442133
"8467",2025-03-02,40,"Bryson City","Ozone","Swain",35.434767,-83.442133
"8468",2025-03-03,42,"Bryson City","Ozone","Swain",35.434767,-83.442133
"8469",2025-03-04,43,"Bryson City","Ozone","Swain",35.434767,-83.442133
"8470",2025-03-05,35,"Bryson City","Ozone","Swain",35.434767,-83.442133
"8471",2025-03-06,36,"Bryson City","Ozone","Swain",35.434767,-83.442133
"8472",2025-03-07,32,"Bryson City","Ozone","Swain",35.434767,-83.442133
"8473",2025-03-08,43,"Bryson City","Ozone","Swain",35.434767,-83.442133
"8474",2025-03-09,40,"Bryson City","Ozone","Swain",35.434767,-83.442133
"8475",2025-03-10,40,"Bryson City","Ozone","Swain",35.434767,-83.442133
"8476",2025-03-11,48,"Bryson City","Ozone","Swain",35.434767,-83.442133
"8477",2025-03-12,49,"Bryson City","Ozone","Swain",35.434767,-83.442133
"8478",2025-03-13,50,"Bryson City","Ozone","Swain",35.434767,-83.442133
"8479",2025-03-14,49,"Bryson City","Ozone","Swain",35.434767,-83.442133
"8480",2025-03-15,44,"Bryson City","Ozone","Swain",35.434767,-83.442133
"8481",2025-03-16,43,"Bryson City","Ozone","Swain",35.434767,-83.442133
"8482",2025-03-17,36,"Bryson City","Ozone","Swain",35.434767,-83.442133
"8483",2025-03-18,42,"Bryson City","Ozone","Swain",35.434767,-83.442133
"8484",2025-03-19,47,"Bryson City","Ozone","Swain",35.434767,-83.442133
"8485",2025-03-20,32,"Bryson City","Ozone","Swain",35.434767,-83.442133
"8486",2025-03-21,43,"Bryson City","Ozone","Swain",35.434767,-83.442133
"8487",2025-03-22,46,"Bryson City","Ozone","Swain",35.434767,-83.442133
"8488",2025-03-23,58,"Bryson City","Ozone","Swain",35.434767,-83.442133
"8489",2025-03-24,44,"Bryson City","Ozone","Swain",35.434767,-83.442133
"8490",2025-03-25,47,"Bryson City","Ozone","Swain",35.434767,-83.442133
"8491",2025-03-26,47,"Bryson City","Ozone","Swain",35.434767,-83.442133
"8492",2025-03-27,43,"Bryson City","Ozone","Swain",35.434767,-83.442133
"8493",2025-03-28,51,"Bryson City","Ozone","Swain",35.434767,-83.442133
"8494",2025-03-29,37,"Bryson City","Ozone","Swain",35.434767,-83.442133
"8495",2025-03-30,27,"Bryson City","Ozone","Swain",35.434767,-83.442133
"8496",2025-03-31,35,"Bryson City","Ozone","Swain",35.434767,-83.442133
"8497",2025-04-01,38,"Bryson City","Ozone","Swain",35.434767,-83.442133
"8498",2025-04-02,27,"Bryson City","Ozone","Swain",35.434767,-83.442133
"8499",2025-04-03,34,"Bryson City","Ozone","Swain",35.434767,-83.442133
"8500",2025-04-04,36,"Bryson City","Ozone","Swain",35.434767,-83.442133
"8501",2025-04-05,44,"Bryson City","Ozone","Swain",35.434767,-83.442133
"8502",2025-04-06,32,"Bryson City","Ozone","Swain",35.434767,-83.442133
"8503",2025-04-07,28,"Bryson City","Ozone","Swain",35.434767,-83.442133
"8504",2025-04-08,48,"Bryson City","Ozone","Swain",35.434767,-83.442133
"8505",2025-04-09,46,"Bryson City","Ozone","Swain",35.434767,-83.442133
"8506",2025-04-10,37,"Bryson City","Ozone","Swain",35.434767,-83.442133
"8507",2025-04-11,40,"Bryson City","Ozone","Swain",35.434767,-83.442133
"8508",2025-04-12,42,"Bryson City","Ozone","Swain",35.434767,-83.442133
"8509",2025-04-13,42,"Bryson City","Ozone","Swain",35.434767,-83.442133
"8510",2025-04-14,71,"Bryson City","Ozone","Swain",35.434767,-83.442133
"8511",2025-04-15,44,"Bryson City","Ozone","Swain",35.434767,-83.442133
"8512",2025-04-16,49,"Bryson City","Ozone","Swain",35.434767,-83.442133
"8513",2025-04-17,50,"Bryson City","Ozone","Swain",35.434767,-83.442133
"8514",2025-04-18,87,"Bryson City","Ozone","Swain",35.434767,-83.442133
"8515",2025-04-19,64,"Bryson City","Ozone","Swain",35.434767,-83.442133
"8516",2025-04-20,54,"Bryson City","Ozone","Swain",35.434767,-83.442133
"8517",2025-04-21,45,"Bryson City","Ozone","Swain",35.434767,-83.442133
"8518",2025-04-22,31,"Bryson City","Ozone","Swain",35.434767,-83.442133
"8519",2025-04-23,38,"Bryson City","Ozone","Swain",35.434767,-83.442133
"8520",2025-04-24,32,"Bryson City","Ozone","Swain",35.434767,-83.442133
"8521",2025-04-25,35,"Bryson City","Ozone","Swain",35.434767,-83.442133
"8522",2025-04-26,40,"Bryson City","Ozone","Swain",35.434767,-83.442133
"8523",2025-04-27,45,"Bryson City","Ozone","Swain",35.434767,-83.442133
"8524",2025-04-28,45,"Bryson City","Ozone","Swain",35.434767,-83.442133
"8525",2025-04-29,42,"Bryson City","Ozone","Swain",35.434767,-83.442133
"8526",2025-04-30,37,"Bryson City","Ozone","Swain",35.434767,-83.442133
"8527",2025-05-01,37,"Bryson City","Ozone","Swain",35.434767,-83.442133
"8528",2025-05-02,30,"Bryson City","Ozone","Swain",35.434767,-83.442133
"8529",2025-05-03,28,"Bryson City","Ozone","Swain",35.434767,-83.442133
"8530",2025-05-04,36,"Bryson City","Ozone","Swain",35.434767,-83.442133
"8531",2025-05-05,35,"Bryson City","Ozone","Swain",35.434767,-83.442133
"8532",2025-05-06,41,"Bryson City","Ozone","Swain",35.434767,-83.442133
"8533",2025-05-07,25,"Bryson City","Ozone","Swain",35.434767,-83.442133
"8534",2025-05-08,37,"Bryson City","Ozone","Swain",35.434767,-83.442133
"8535",2025-05-09,41,"Bryson City","Ozone","Swain",35.434767,-83.442133
"8536",2025-05-10,26,"Bryson City","Ozone","Swain",35.434767,-83.442133
"8537",2025-05-11,33,"Bryson City","Ozone","Swain",35.434767,-83.442133
"8538",2025-05-12,23,"Bryson City","Ozone","Swain",35.434767,-83.442133
"8539",2025-05-13,36,"Bryson City","Ozone","Swain",35.434767,-83.442133
"8540",2025-05-14,35,"Bryson City","Ozone","Swain",35.434767,-83.442133
"8541",2025-05-15,39,"Bryson City","Ozone","Swain",35.434767,-83.442133
"8542",2025-05-16,22,"Bryson City","Ozone","Swain",35.434767,-83.442133
"8543",2025-05-17,46,"Bryson City","Ozone","Swain",35.434767,-83.442133
"8544",2025-05-18,45,"Bryson City","Ozone","Swain",35.434767,-83.442133
"8545",2025-05-19,31,"Bryson City","Ozone","Swain",35.434767,-83.442133
"8546",2025-05-20,28,"Bryson City","Ozone","Swain",35.434767,-83.442133
"8547",2025-05-21,43,"Bryson City","Ozone","Swain",35.434767,-83.442133
"8548",2025-05-22,49,"Bryson City","Ozone","Swain",35.434767,-83.442133
"8549",2025-05-23,42,"Bryson City","Ozone","Swain",35.434767,-83.442133
"8550",2025-05-24,31,"Bryson City","Ozone","Swain",35.434767,-83.442133
"8551",2025-05-25,29,"Bryson City","Ozone","Swain",35.434767,-83.442133
"8552",2025-05-26,31,"Bryson City","Ozone","Swain",35.434767,-83.442133
"8553",2025-05-27,18,"Bryson City","Ozone","Swain",35.434767,-83.442133
"8554",2025-05-28,26,"Bryson City","Ozone","Swain",35.434767,-83.442133
"8555",2025-05-29,24,"Bryson City","Ozone","Swain",35.434767,-83.442133
"8556",2025-05-30,41,"Bryson City","Ozone","Swain",35.434767,-83.442133
"8557",2025-05-31,48,"Bryson City","Ozone","Swain",35.434767,-83.442133
"8558",2025-06-01,44,"Bryson City","Ozone","Swain",35.434767,-83.442133
"8559",2025-06-02,44,"Bryson City","Ozone","Swain",35.434767,-83.442133
"8560",2025-06-03,48,"Bryson City","Ozone","Swain",35.434767,-83.442133
"8561",2025-06-04,44,"Bryson City","Ozone","Swain",35.434767,-83.442133
"8562",2025-06-05,36,"Bryson City","Ozone","Swain",35.434767,-83.442133
"8563",2025-06-06,32,"Bryson City","Ozone","Swain",35.434767,-83.442133
"8564",2025-06-07,38,"Bryson City","Ozone","Swain",35.434767,-83.442133
"8565",2025-06-08,41,"Bryson City","Ozone","Swain",35.434767,-83.442133
"8566",2025-06-09,34,"Bryson City","Ozone","Swain",35.434767,-83.442133
"8567",2025-06-10,35,"Bryson City","Ozone","Swain",35.434767,-83.442133
"8568",2025-06-11,44,"Bryson City","Ozone","Swain",35.434767,-83.442133
"8569",2025-06-12,32,"Bryson City","Ozone","Swain",35.434767,-83.442133
"8570",2025-06-13,23,"Bryson City","Ozone","Swain",35.434767,-83.442133
"8571",2025-06-14,25,"Bryson City","Ozone","Swain",35.434767,-83.442133
"8572",2025-06-15,28,"Bryson City","Ozone","Swain",35.434767,-83.442133
"8573",2025-06-16,25,"Bryson City","Ozone","Swain",35.434767,-83.442133
"8574",2025-06-17,25,"Bryson City","Ozone","Swain",35.434767,-83.442133
"8575",2025-06-18,23,"Bryson City","Ozone","Swain",35.434767,-83.442133
"8576",2025-06-19,43,"Bryson City","Ozone","Swain",35.434767,-83.442133
"8577",2025-06-20,37,"Bryson City","Ozone","Swain",35.434767,-83.442133
"8578",2025-06-21,39,"Bryson City","Ozone","Swain",35.434767,-83.442133
"8579",2025-06-22,36,"Bryson City","Ozone","Swain",35.434767,-83.442133
"8580",2025-06-23,32,"Bryson City","Ozone","Swain",35.434767,-83.442133
"8581",2025-06-24,31,"Bryson City","Ozone","Swain",35.434767,-83.442133
"8582",2025-06-25,22,"Bryson City","Ozone","Swain",35.434767,-83.442133
"8583",2025-06-26,29,"Bryson City","Ozone","Swain",35.434767,-83.442133
"8584",2025-06-27,29,"Bryson City","Ozone","Swain",35.434767,-83.442133
"8585",2025-06-28,31,"Bryson City","Ozone","Swain",35.434767,-83.442133
"8586",2025-06-29,32,"Bryson City","Ozone","Swain",35.434767,-83.442133
"8587",2025-06-30,31,"Bryson City","Ozone","Swain",35.434767,-83.442133
"8588",2025-07-01,27,"Bryson City","Ozone","Swain",35.434767,-83.442133
"8589",2025-07-02,43,"Bryson City","Ozone","Swain",35.434767,-83.442133
"8590",2025-07-03,41,"Bryson City","Ozone","Swain",35.434767,-83.442133
"8591",2025-07-04,37,"Bryson City","Ozone","Swain",35.434767,-83.442133
"8592",2025-07-05,40,"Bryson City","Ozone","Swain",35.434767,-83.442133
"8593",2025-07-06,35,"Bryson City","Ozone","Swain",35.434767,-83.442133
"8594",2025-07-07,35,"Bryson City","Ozone","Swain",35.434767,-83.442133
"8595",2025-07-08,31,"Bryson City","Ozone","Swain",35.434767,-83.442133
"8596",2025-07-09,30,"Bryson City","Ozone","Swain",35.434767,-83.442133
"8597",2025-07-10,27,"Bryson City","Ozone","Swain",35.434767,-83.442133
"8598",2025-07-11,28,"Bryson City","Ozone","Swain",35.434767,-83.442133
"8599",2025-07-12,28,"Bryson City","Ozone","Swain",35.434767,-83.442133
"8600",2025-07-13,22,"Bryson City","Ozone","Swain",35.434767,-83.442133
"8601",2025-07-14,23,"Bryson City","Ozone","Swain",35.434767,-83.442133
"8602",2025-07-15,26,"Bryson City","Ozone","Swain",35.434767,-83.442133
"8603",2025-07-16,31,"Bryson City","Ozone","Swain",35.434767,-83.442133
"8604",2025-07-17,29,"Bryson City","Ozone","Swain",35.434767,-83.442133
"8605",2025-07-18,26,"Bryson City","Ozone","Swain",35.434767,-83.442133
"8606",2025-07-19,27,"Bryson City","Ozone","Swain",35.434767,-83.442133
"8607",2025-07-20,28,"Bryson City","Ozone","Swain",35.434767,-83.442133
"8608",2025-07-21,27,"Bryson City","Ozone","Swain",35.434767,-83.442133
"8609",2025-07-22,23,"Bryson City","Ozone","Swain",35.434767,-83.442133
"8610",2025-07-23,31,"Bryson City","Ozone","Swain",35.434767,-83.442133
"8611",2025-07-24,37,"Bryson City","Ozone","Swain",35.434767,-83.442133
"8612",2025-07-25,30,"Bryson City","Ozone","Swain",35.434767,-83.442133
"8613",2025-07-26,30,"Bryson City","Ozone","Swain",35.434767,-83.442133
"8614",2025-07-27,24,"Bryson City","Ozone","Swain",35.434767,-83.442133
"8615",2025-07-28,28,"Bryson City","Ozone","Swain",35.434767,-83.442133
"8616",2025-07-29,29,"Bryson City","Ozone","Swain",35.434767,-83.442133
"8617",2025-07-30,30,"Bryson City","Ozone","Swain",35.434767,-83.442133
"8618",2025-08-01,32,"Bryson City","Ozone","Swain",35.434767,-83.442133
"8619",2025-08-02,21,"Bryson City","Ozone","Swain",35.434767,-83.442133
"8620",2025-08-03,25,"Bryson City","Ozone","Swain",35.434767,-83.442133
"8621",2025-08-04,23,"Bryson City","Ozone","Swain",35.434767,-83.442133
"8622",2025-08-05,24,"Bryson City","Ozone","Swain",35.434767,-83.442133
"8623",2025-08-06,26,"Bryson City","Ozone","Swain",35.434767,-83.442133
"8624",2025-08-07,26,"Bryson City","Ozone","Swain",35.434767,-83.442133
"8625",2025-08-08,30,"Bryson City","Ozone","Swain",35.434767,-83.442133
"8626",2025-08-09,28,"Bryson City","Ozone","Swain",35.434767,-83.442133
"8627",2025-08-10,22,"Bryson City","Ozone","Swain",35.434767,-83.442133
"8628",2025-08-11,20,"Bryson City","Ozone","Swain",35.434767,-83.442133
"8629",2025-08-12,16,"Bryson City","Ozone","Swain",35.434767,-83.442133
"8630",2025-08-13,18,"Bryson City","Ozone","Swain",35.434767,-83.442133
"8631",2025-08-14,23,"Bryson City","Ozone","Swain",35.434767,-83.442133
"8632",2025-08-15,30,"Bryson City","Ozone","Swain",35.434767,-83.442133
"8633",2025-08-16,24,"Bryson City","Ozone","Swain",35.434767,-83.442133
"8634",2025-08-17,29,"Bryson City","Ozone","Swain",35.434767,-83.442133
"8635",2025-08-18,30,"Bryson City","Ozone","Swain",35.434767,-83.442133
"8636",2025-08-19,29,"Bryson City","Ozone","Swain",35.434767,-83.442133
"8637",2025-08-20,26,"Bryson City","Ozone","Swain",35.434767,-83.442133
"8638",2025-08-21,29,"Bryson City","Ozone","Swain",35.434767,-83.442133
"8639",2025-08-22,29,"Bryson City","Ozone","Swain",35.434767,-83.442133
"8640",2025-08-23,22,"Bryson City","Ozone","Swain",35.434767,-83.442133
"8641",2025-08-24,29,"Bryson City","Ozone","Swain",35.434767,-83.442133
"8642",2025-08-25,31,"Bryson City","Ozone","Swain",35.434767,-83.442133
"8643",2025-08-26,32,"Bryson City","Ozone","Swain",35.434767,-83.442133
"8644",2025-08-27,33,"Bryson City","Ozone","Swain",35.434767,-83.442133
"8645",2025-08-28,33,"Bryson City","Ozone","Swain",35.434767,-83.442133
"8646",2025-08-29,35,"Bryson City","Ozone","Swain",35.434767,-83.442133
"8647",2025-08-30,33,"Bryson City","Ozone","Swain",35.434767,-83.442133
"8648",2025-08-31,32,"Bryson City","Ozone","Swain",35.434767,-83.442133
"8649",2025-09-01,31,"Bryson City","Ozone","Swain",35.434767,-83.442133
"8650",2025-09-02,29,"Bryson City","Ozone","Swain",35.434767,-83.442133
"8651",2025-09-03,30,"Bryson City","Ozone","Swain",35.434767,-83.442133
"8652",2025-09-04,29,"Bryson City","Ozone","Swain",35.434767,-83.442133
"8653",2025-09-05,27,"Bryson City","Ozone","Swain",35.434767,-83.442133
"8654",2025-09-06,28,"Bryson City","Ozone","Swain",35.434767,-83.442133
"8655",2025-09-07,29,"Bryson City","Ozone","Swain",35.434767,-83.442133
"8656",2025-09-08,31,"Bryson City","Ozone","Swain",35.434767,-83.442133
"8657",2025-09-09,32,"Bryson City","Ozone","Swain",35.434767,-83.442133
"8658",2025-09-10,36,"Bryson City","Ozone","Swain",35.434767,-83.442133
"8659",2025-09-11,35,"Bryson City","Ozone","Swain",35.434767,-83.442133
"8660",2025-09-12,35,"Bryson City","Ozone","Swain",35.434767,-83.442133
"8661",2025-09-13,37,"Bryson City","Ozone","Swain",35.434767,-83.442133
"8662",2025-09-14,31,"Bryson City","Ozone","Swain",35.434767,-83.442133
"8663",2025-09-15,36,"Bryson City","Ozone","Swain",35.434767,-83.442133
"8664",2025-09-16,41,"Bryson City","Ozone","Swain",35.434767,-83.442133
"8665",2025-09-17,40,"Bryson City","Ozone","Swain",35.434767,-83.442133
"8666",2025-09-18,38,"Bryson City","Ozone","Swain",35.434767,-83.442133
"8667",2025-09-19,36,"Bryson City","Ozone","Swain",35.434767,-83.442133
"8668",2025-09-20,32,"Bryson City","Ozone","Swain",35.434767,-83.442133
"8669",2025-09-21,34,"Bryson City","Ozone","Swain",35.434767,-83.442133
"8670",2025-09-22,34,"Bryson City","Ozone","Swain",35.434767,-83.442133
"8671",2025-09-23,31,"Bryson City","Ozone","Swain",35.434767,-83.442133
"8672",2025-09-24,22,"Bryson City","Ozone","Swain",35.434767,-83.442133
"8673",2025-09-25,25,"Bryson City","Ozone","Swain",35.434767,-83.442133
"8674",2025-09-26,26,"Bryson City","Ozone","Swain",35.434767,-83.442133
"8675",2025-09-27,27,"Bryson City","Ozone","Swain",35.434767,-83.442133
"8676",2025-09-28,31,"Bryson City","Ozone","Swain",35.434767,-83.442133
"8677",2025-09-29,37,"Bryson City","Ozone","Swain",35.434767,-83.442133
"8678",2025-09-30,19,"Bryson City","Ozone","Swain",35.434767,-83.442133
"8679",2025-10-01,25,"Bryson City","Ozone","Swain",35.434767,-83.442133
"8680",2025-10-02,30,"Bryson City","Ozone","Swain",35.434767,-83.442133
"8681",2025-10-03,31,"Bryson City","Ozone","Swain",35.434767,-83.442133
"8682",2025-10-04,27,"Bryson City","Ozone","Swain",35.434767,-83.442133
"8683",2025-10-05,28,"Bryson City","Ozone","Swain",35.434767,-83.442133
"8684",2025-10-06,28,"Bryson City","Ozone","Swain",35.434767,-83.442133
"8685",2025-10-07,23,"Bryson City","Ozone","Swain",35.434767,-83.442133
"8686",2025-10-08,26,"Bryson City","Ozone","Swain",35.434767,-83.442133
"8687",2025-10-09,29,"Bryson City","Ozone","Swain",35.434767,-83.442133
"8688",2025-10-10,34,"Bryson City","Ozone","Swain",35.434767,-83.442133
"8689",2025-10-11,30,"Bryson City","Ozone","Swain",35.434767,-83.442133
"8690",2025-10-12,33,"Bryson City","Ozone","Swain",35.434767,-83.442133
"8691",2025-10-13,33,"Bryson City","Ozone","Swain",35.434767,-83.442133
"8692",2025-10-14,34,"Bryson City","Ozone","Swain",35.434767,-83.442133
"8693",2025-10-15,31,"Bryson City","Ozone","Swain",35.434767,-83.442133
"8694",2025-10-16,35,"Bryson City","Ozone","Swain",35.434767,-83.442133
"8695",2025-10-17,35,"Bryson City","Ozone","Swain",35.434767,-83.442133
"8696",2025-10-18,36,"Bryson City","Ozone","Swain",35.434767,-83.442133
"8697",2025-10-19,33,"Bryson City","Ozone","Swain",35.434767,-83.442133
"8698",2025-10-20,29,"Bryson City","Ozone","Swain",35.434767,-83.442133
"8699",2025-10-21,24,"Bryson City","Ozone","Swain",35.434767,-83.442133
"8700",2025-10-22,34,"Bryson City","Ozone","Swain",35.434767,-83.442133
"8701",2025-10-23,39,"Bryson City","Ozone","Swain",35.434767,-83.442133
"8702",2025-10-24,31,"Bryson City","Ozone","Swain",35.434767,-83.442133
"8703",2025-10-25,34,"Bryson City","Ozone","Swain",35.434767,-83.442133
"8704",2025-10-26,25,"Bryson City","Ozone","Swain",35.434767,-83.442133
"8705",2025-10-27,25,"Bryson City","Ozone","Swain",35.434767,-83.442133
"8706",2025-10-28,24,"Bryson City","Ozone","Swain",35.434767,-83.442133
"8707",2025-10-29,18,"Bryson City","Ozone","Swain",35.434767,-83.442133
"8708",2025-10-30,19,"Bryson City","Ozone","Swain",35.434767,-83.442133
"8709",2025-10-31,32,"Bryson City","Ozone","Swain",35.434767,-83.442133
"8710",2025-11-01,25,"Bryson City","Ozone","Swain",35.434767,-83.442133
"8711",2025-11-02,31,"Bryson City","Ozone","Swain",35.434767,-83.442133
"8712",2025-04-19,54,"Old High School","Ozone","Swain",35.498711,-83.310242
"8713",2025-04-20,49,"Old High School","Ozone","Swain",35.498711,-83.310242
"8714",2025-04-21,45,"Old High School","Ozone","Swain",35.498711,-83.310242
"8715",2025-04-23,36,"Old High School","Ozone","Swain",35.498711,-83.310242
"8716",2025-04-24,33,"Old High School","Ozone","Swain",35.498711,-83.310242
"8717",2025-04-25,35,"Old High School","Ozone","Swain",35.498711,-83.310242
"8718",2025-04-26,37,"Old High School","Ozone","Swain",35.498711,-83.310242
"8719",2025-04-27,44,"Old High School","Ozone","Swain",35.498711,-83.310242
"8720",2025-04-28,47,"Old High School","Ozone","Swain",35.498711,-83.310242
"8721",2025-04-29,44,"Old High School","Ozone","Swain",35.498711,-83.310242
"8722",2025-04-30,38,"Old High School","Ozone","Swain",35.498711,-83.310242
"8723",2025-05-01,34,"Old High School","Ozone","Swain",35.498711,-83.310242
"8724",2025-05-02,31,"Old High School","Ozone","Swain",35.498711,-83.310242
"8725",2025-05-03,30,"Old High School","Ozone","Swain",35.498711,-83.310242
"8726",2025-05-04,38,"Old High School","Ozone","Swain",35.498711,-83.310242
"8727",2025-06-11,39,"Old High School","Ozone","Swain",35.498711,-83.310242
"8728",2025-06-12,31,"Old High School","Ozone","Swain",35.498711,-83.310242
"8729",2025-06-13,24,"Old High School","Ozone","Swain",35.498711,-83.310242
"8730",2025-06-14,26,"Old High School","Ozone","Swain",35.498711,-83.310242
"8731",2025-06-15,26,"Old High School","Ozone","Swain",35.498711,-83.310242
"8732",2025-06-16,27,"Old High School","Ozone","Swain",35.498711,-83.310242
"8733",2025-06-17,24,"Old High School","Ozone","Swain",35.498711,-83.310242
"8734",2025-06-18,21,"Old High School","Ozone","Swain",35.498711,-83.310242
"8735",2025-06-19,32,"Old High School","Ozone","Swain",35.498711,-83.310242
"8736",2025-06-20,31,"Old High School","Ozone","Swain",35.498711,-83.310242
"8737",2025-06-21,41,"Old High School","Ozone","Swain",35.498711,-83.310242
"8738",2025-06-22,34,"Old High School","Ozone","Swain",35.498711,-83.310242
"8739",2025-06-23,31,"Old High School","Ozone","Swain",35.498711,-83.310242
"8740",2025-06-25,21,"Old High School","Ozone","Swain",35.498711,-83.310242
"8741",2025-06-26,24,"Old High School","Ozone","Swain",35.498711,-83.310242
"8742",2025-06-27,30,"Old High School","Ozone","Swain",35.498711,-83.310242
"8743",2025-06-28,30,"Old High School","Ozone","Swain",35.498711,-83.310242
"8744",2025-06-29,31,"Old High School","Ozone","Swain",35.498711,-83.310242
"8745",2025-06-30,31,"Old High School","Ozone","Swain",35.498711,-83.310242
"8746",2025-07-01,25,"Old High School","Ozone","Swain",35.498711,-83.310242
"8747",2025-07-02,41,"Old High School","Ozone","Swain",35.498711,-83.310242
"8748",2025-07-03,38,"Old High School","Ozone","Swain",35.498711,-83.310242
"8749",2025-07-04,35,"Old High School","Ozone","Swain",35.498711,-83.310242
"8750",2025-07-05,36,"Old High School","Ozone","Swain",35.498711,-83.310242
"8751",2025-07-06,32,"Old High School","Ozone","Swain",35.498711,-83.310242
"8752",2025-07-07,36,"Old High School","Ozone","Swain",35.498711,-83.310242
"8753",2025-07-08,29,"Old High School","Ozone","Swain",35.498711,-83.310242
"8754",2025-07-09,30,"Old High School","Ozone","Swain",35.498711,-83.310242
"8755",2025-07-10,23,"Old High School","Ozone","Swain",35.498711,-83.310242
"8756",2025-07-11,21,"Old High School","Ozone","Swain",35.498711,-83.310242
"8757",2025-07-12,25,"Old High School","Ozone","Swain",35.498711,-83.310242
"8758",2025-07-13,18,"Old High School","Ozone","Swain",35.498711,-83.310242
"8759",2025-07-14,20,"Old High School","Ozone","Swain",35.498711,-83.310242
"8760",2025-07-15,22,"Old High School","Ozone","Swain",35.498711,-83.310242
"8761",2025-07-16,26,"Old High School","Ozone","Swain",35.498711,-83.310242
"8762",2025-07-17,29,"Old High School","Ozone","Swain",35.498711,-83.310242
"8763",2025-07-18,25,"Old High School","Ozone","Swain",35.498711,-83.310242
"8764",2025-07-19,28,"Old High School","Ozone","Swain",35.498711,-83.310242
"8765",2025-07-20,19,"Old High School","Ozone","Swain",35.498711,-83.310242
"8766",2025-07-22,18,"Old High School","Ozone","Swain",35.498711,-83.310242
"8767",2025-07-23,32,"Old High School","Ozone","Swain",35.498711,-83.310242
"8768",2025-07-24,37,"Old High School","Ozone","Swain",35.498711,-83.310242
"8769",2025-07-25,29,"Old High School","Ozone","Swain",35.498711,-83.310242
"8770",2025-07-26,31,"Old High School","Ozone","Swain",35.498711,-83.310242
"8771",2025-07-27,19,"Old High School","Ozone","Swain",35.498711,-83.310242
"8772",2025-07-28,26,"Old High School","Ozone","Swain",35.498711,-83.310242
"8773",2025-07-29,27,"Old High School","Ozone","Swain",35.498711,-83.310242
"8774",2025-07-30,24,"Old High School","Ozone","Swain",35.498711,-83.310242
"8775",2025-07-31,23,"Old High School","Ozone","Swain",35.498711,-83.310242
"8776",2025-08-01,26,"Old High School","Ozone","Swain",35.498711,-83.310242
"8777",2025-08-02,20,"Old High School","Ozone","Swain",35.498711,-83.310242
"8778",2025-08-03,24,"Old High School","Ozone","Swain",35.498711,-83.310242
"8779",2025-08-04,22,"Old High School","Ozone","Swain",35.498711,-83.310242
"8780",2025-08-05,26,"Old High School","Ozone","Swain",35.498711,-83.310242
"8781",2025-08-06,22,"Old High School","Ozone","Swain",35.498711,-83.310242
"8782",2025-08-07,24,"Old High School","Ozone","Swain",35.498711,-83.310242
"8783",2025-08-08,24,"Old High School","Ozone","Swain",35.498711,-83.310242
"8784",2025-08-09,29,"Old High School","Ozone","Swain",35.498711,-83.310242
"8785",2025-08-10,22,"Old High School","Ozone","Swain",35.498711,-83.310242
"8786",2025-08-11,16,"Old High School","Ozone","Swain",35.498711,-83.310242
"8787",2025-08-12,19,"Old High School","Ozone","Swain",35.498711,-83.310242
"8788",2025-08-13,18,"Old High School","Ozone","Swain",35.498711,-83.310242
"8789",2025-08-14,17,"Old High School","Ozone","Swain",35.498711,-83.310242
"8790",2025-08-15,26,"Old High School","Ozone","Swain",35.498711,-83.310242
"8791",2025-08-16,24,"Old High School","Ozone","Swain",35.498711,-83.310242
"8792",2025-08-17,29,"Old High School","Ozone","Swain",35.498711,-83.310242
"8793",2025-08-18,30,"Old High School","Ozone","Swain",35.498711,-83.310242
"8794",2025-08-19,31,"Old High School","Ozone","Swain",35.498711,-83.310242
"8795",2025-08-20,29,"Old High School","Ozone","Swain",35.498711,-83.310242
"8796",2025-08-21,23,"Old High School","Ozone","Swain",35.498711,-83.310242
"8797",2025-08-22,32,"Old High School","Ozone","Swain",35.498711,-83.310242
"8798",2025-08-25,31,"Old High School","Ozone","Swain",35.498711,-83.310242
"8799",2025-08-26,31,"Old High School","Ozone","Swain",35.498711,-83.310242
"8800",2025-08-27,30,"Old High School","Ozone","Swain",35.498711,-83.310242
"8801",2025-08-28,33,"Old High School","Ozone","Swain",35.498711,-83.310242
"8802",2025-08-29,29,"Old High School","Ozone","Swain",35.498711,-83.310242
"8803",2025-08-30,28,"Old High School","Ozone","Swain",35.498711,-83.310242
"8804",2025-08-31,31,"Old High School","Ozone","Swain",35.498711,-83.310242
"8805",2025-09-01,24,"Old High School","Ozone","Swain",35.498711,-83.310242
"8806",2025-09-02,24,"Old High School","Ozone","Swain",35.498711,-83.310242
"8807",2025-09-03,27,"Old High School","Ozone","Swain",35.498711,-83.310242
"8808",2025-09-04,28,"Old High School","Ozone","Swain",35.498711,-83.310242
"8809",2025-09-05,24,"Old High School","Ozone","Swain",35.498711,-83.310242
"8810",2025-09-06,26,"Old High School","Ozone","Swain",35.498711,-83.310242
"8811",2025-09-07,28,"Old High School","Ozone","Swain",35.498711,-83.310242
"8812",2025-09-08,30,"Old High School","Ozone","Swain",35.498711,-83.310242
"8813",2025-09-09,31,"Old High School","Ozone","Swain",35.498711,-83.310242
"8814",2025-09-10,32,"Old High School","Ozone","Swain",35.498711,-83.310242
"8815",2025-09-15,28,"Old High School","Ozone","Swain",35.498711,-83.310242
"8816",2025-09-16,34,"Old High School","Ozone","Swain",35.498711,-83.310242
"8817",2025-09-17,35,"Old High School","Ozone","Swain",35.498711,-83.310242
"8818",2025-09-18,38,"Old High School","Ozone","Swain",35.498711,-83.310242
"8819",2025-09-19,34,"Old High School","Ozone","Swain",35.498711,-83.310242
"8820",2025-09-20,28,"Old High School","Ozone","Swain",35.498711,-83.310242
"8821",2025-09-21,36,"Old High School","Ozone","Swain",35.498711,-83.310242
"8822",2025-09-22,33,"Old High School","Ozone","Swain",35.498711,-83.310242
"8823",2025-09-23,33,"Old High School","Ozone","Swain",35.498711,-83.310242
"8824",2025-09-25,24,"Old High School","Ozone","Swain",35.498711,-83.310242
"8825",2025-09-26,28,"Old High School","Ozone","Swain",35.498711,-83.310242
"8826",2025-09-27,27,"Old High School","Ozone","Swain",35.498711,-83.310242
"8827",2025-09-28,30,"Old High School","Ozone","Swain",35.498711,-83.310242
"8828",2025-09-29,31,"Old High School","Ozone","Swain",35.498711,-83.310242
"8829",2025-09-30,19,"Old High School","Ozone","Swain",35.498711,-83.310242
"8830",2025-10-01,25,"Old High School","Ozone","Swain",35.498711,-83.310242
"8831",2025-10-02,32,"Old High School","Ozone","Swain",35.498711,-83.310242
"8832",2025-10-03,31,"Old High School","Ozone","Swain",35.498711,-83.310242
"8833",2025-10-04,24,"Old High School","Ozone","Swain",35.498711,-83.310242
"8834",2025-10-05,27,"Old High School","Ozone","Swain",35.498711,-83.310242
"8835",2025-10-06,27,"Old High School","Ozone","Swain",35.498711,-83.310242
"8836",2025-10-07,22,"Old High School","Ozone","Swain",35.498711,-83.310242
"8837",2025-10-08,28,"Old High School","Ozone","Swain",35.498711,-83.310242
"8838",2025-10-09,30,"Old High School","Ozone","Swain",35.498711,-83.310242
"8839",2025-10-10,34,"Old High School","Ozone","Swain",35.498711,-83.310242
"8840",2025-10-11,33,"Old High School","Ozone","Swain",35.498711,-83.310242
"8841",2025-10-12,36,"Old High School","Ozone","Swain",35.498711,-83.310242
"8842",2025-10-13,35,"Old High School","Ozone","Swain",35.498711,-83.310242
"8843",2025-10-14,37,"Old High School","Ozone","Swain",35.498711,-83.310242
"8844",2025-10-15,33,"Old High School","Ozone","Swain",35.498711,-83.310242
"8845",2025-10-21,28,"Old High School","Ozone","Swain",35.498711,-83.310242
"8846",2025-10-22,32,"Old High School","Ozone","Swain",35.498711,-83.310242
"8847",2025-10-23,37,"Old High School","Ozone","Swain",35.498711,-83.310242
"8848",2025-10-24,30,"Old High School","Ozone","Swain",35.498711,-83.310242
"8849",2025-10-25,35,"Old High School","Ozone","Swain",35.498711,-83.310242
"8850",2025-10-26,28,"Old High School","Ozone","Swain",35.498711,-83.310242
"8851",2025-10-27,23,"Old High School","Ozone","Swain",35.498711,-83.310242
"8852",2025-10-28,26,"Old High School","Ozone","Swain",35.498711,-83.310242
"8853",2025-10-29,28,"Old High School","Ozone","Swain",35.498711,-83.310242
"8854",2025-10-30,16,"Old High School","Ozone","Swain",35.498711,-83.310242
"8855",2025-10-31,31,"Old High School","Ozone","Swain",35.498711,-83.310242
"8856",2025-11-02,32,"Old High School","Ozone","Swain",35.498711,-83.310242
"8857",2025-03-01,51,"Monroe School","Ozone","Union",34.974038917,-80.54062183
"8858",2025-03-02,41,"Monroe School","Ozone","Union",34.974038917,-80.54062183
"8859",2025-03-03,43,"Monroe School","Ozone","Union",34.974038917,-80.54062183
"8860",2025-03-04,43,"Monroe School","Ozone","Union",34.974038917,-80.54062183
"8861",2025-03-05,44,"Monroe School","Ozone","Union",34.974038917,-80.54062183
"8862",2025-03-06,38,"Monroe School","Ozone","Union",34.974038917,-80.54062183
"8863",2025-03-07,42,"Monroe School","Ozone","Union",34.974038917,-80.54062183
"8864",2025-03-08,46,"Monroe School","Ozone","Union",34.974038917,-80.54062183
"8865",2025-03-09,42,"Monroe School","Ozone","Union",34.974038917,-80.54062183
"8866",2025-03-10,28,"Monroe School","Ozone","Union",34.974038917,-80.54062183
"8867",2025-03-11,49,"Monroe School","Ozone","Union",34.974038917,-80.54062183
"8868",2025-03-12,58,"Monroe School","Ozone","Union",34.974038917,-80.54062183
"8869",2025-03-13,54,"Monroe School","Ozone","Union",34.974038917,-80.54062183
"8870",2025-03-14,47,"Monroe School","Ozone","Union",34.974038917,-80.54062183
"8871",2025-03-15,39,"Monroe School","Ozone","Union",34.974038917,-80.54062183
"8872",2025-03-16,36,"Monroe School","Ozone","Union",34.974038917,-80.54062183
"8873",2025-03-17,35,"Monroe School","Ozone","Union",34.974038917,-80.54062183
"8874",2025-03-18,43,"Monroe School","Ozone","Union",34.974038917,-80.54062183
"8875",2025-03-19,54,"Monroe School","Ozone","Union",34.974038917,-80.54062183
"8876",2025-03-20,41,"Monroe School","Ozone","Union",34.974038917,-80.54062183
"8877",2025-03-21,44,"Monroe School","Ozone","Union",34.974038917,-80.54062183
"8878",2025-03-22,51,"Monroe School","Ozone","Union",34.974038917,-80.54062183
"8879",2025-03-23,50,"Monroe School","Ozone","Union",34.974038917,-80.54062183
"8880",2025-03-24,41,"Monroe School","Ozone","Union",34.974038917,-80.54062183
"8881",2025-03-25,47,"Monroe School","Ozone","Union",34.974038917,-80.54062183
"8882",2025-03-26,48,"Monroe School","Ozone","Union",34.974038917,-80.54062183
"8883",2025-03-27,49,"Monroe School","Ozone","Union",34.974038917,-80.54062183
"8884",2025-03-28,64,"Monroe School","Ozone","Union",34.974038917,-80.54062183
"8885",2025-03-29,44,"Monroe School","Ozone","Union",34.974038917,-80.54062183
"8886",2025-03-30,39,"Monroe School","Ozone","Union",34.974038917,-80.54062183
"8887",2025-03-31,28,"Monroe School","Ozone","Union",34.974038917,-80.54062183
"8888",2025-04-01,38,"Monroe School","Ozone","Union",34.974038917,-80.54062183
"8889",2025-04-02,35,"Monroe School","Ozone","Union",34.974038917,-80.54062183
"8890",2025-04-03,32,"Monroe School","Ozone","Union",34.974038917,-80.54062183
"8891",2025-04-04,33,"Monroe School","Ozone","Union",34.974038917,-80.54062183
"8892",2025-04-05,36,"Monroe School","Ozone","Union",34.974038917,-80.54062183
"8893",2025-04-06,33,"Monroe School","Ozone","Union",34.974038917,-80.54062183
"8894",2025-04-07,31,"Monroe School","Ozone","Union",34.974038917,-80.54062183
"8895",2025-04-08,54,"Monroe School","Ozone","Union",34.974038917,-80.54062183
"8896",2025-04-09,44,"Monroe School","Ozone","Union",34.974038917,-80.54062183
"8897",2025-04-10,44,"Monroe School","Ozone","Union",34.974038917,-80.54062183
"8898",2025-04-11,44,"Monroe School","Ozone","Union",34.974038917,-80.54062183
"8899",2025-04-12,40,"Monroe School","Ozone","Union",34.974038917,-80.54062183
"8900",2025-04-13,49,"Monroe School","Ozone","Union",34.974038917,-80.54062183
"8901",2025-04-14,67,"Monroe School","Ozone","Union",34.974038917,-80.54062183
"8902",2025-04-15,48,"Monroe School","Ozone","Union",34.974038917,-80.54062183
"8903",2025-04-16,48,"Monroe School","Ozone","Union",34.974038917,-80.54062183
"8904",2025-04-17,58,"Monroe School","Ozone","Union",34.974038917,-80.54062183
"8905",2025-04-18,58,"Monroe School","Ozone","Union",34.974038917,-80.54062183
"8906",2025-04-19,45,"Monroe School","Ozone","Union",34.974038917,-80.54062183
"8907",2025-04-20,36,"Monroe School","Ozone","Union",34.974038917,-80.54062183
"8908",2025-04-21,45,"Monroe School","Ozone","Union",34.974038917,-80.54062183
"8909",2025-04-22,45,"Monroe School","Ozone","Union",34.974038917,-80.54062183
"8910",2025-04-23,44,"Monroe School","Ozone","Union",34.974038917,-80.54062183
"8911",2025-04-24,29,"Monroe School","Ozone","Union",34.974038917,-80.54062183
"8912",2025-04-25,38,"Monroe School","Ozone","Union",34.974038917,-80.54062183
"8913",2025-04-26,37,"Monroe School","Ozone","Union",34.974038917,-80.54062183
"8914",2025-04-27,47,"Monroe School","Ozone","Union",34.974038917,-80.54062183
"8915",2025-04-28,50,"Monroe School","Ozone","Union",34.974038917,-80.54062183
"8916",2025-04-29,45,"Monroe School","Ozone","Union",34.974038917,-80.54062183
"8917",2025-04-30,40,"Monroe School","Ozone","Union",34.974038917,-80.54062183
"8918",2025-05-01,44,"Monroe School","Ozone","Union",34.974038917,-80.54062183
"8919",2025-05-02,43,"Monroe School","Ozone","Union",34.974038917,-80.54062183
"8920",2025-05-03,34,"Monroe School","Ozone","Union",34.974038917,-80.54062183
"8921",2025-05-04,39,"Monroe School","Ozone","Union",34.974038917,-80.54062183
"8922",2025-05-05,43,"Monroe School","Ozone","Union",34.974038917,-80.54062183
"8923",2025-05-06,47,"Monroe School","Ozone","Union",34.974038917,-80.54062183
"8924",2025-05-07,45,"Monroe School","Ozone","Union",34.974038917,-80.54062183
"8925",2025-05-08,42,"Monroe School","Ozone","Union",34.974038917,-80.54062183
"8926",2025-05-09,51,"Monroe School","Ozone","Union",34.974038917,-80.54062183
"8927",2025-05-10,36,"Monroe School","Ozone","Union",34.974038917,-80.54062183
"8928",2025-05-11,32,"Monroe School","Ozone","Union",34.974038917,-80.54062183
"8929",2025-05-12,24,"Monroe School","Ozone","Union",34.974038917,-80.54062183
"8930",2025-05-13,37,"Monroe School","Ozone","Union",34.974038917,-80.54062183
"8931",2025-05-14,35,"Monroe School","Ozone","Union",34.974038917,-80.54062183
"8932",2025-05-15,41,"Monroe School","Ozone","Union",34.974038917,-80.54062183
"8933",2025-05-16,38,"Monroe School","Ozone","Union",34.974038917,-80.54062183
"8934",2025-05-17,41,"Monroe School","Ozone","Union",34.974038917,-80.54062183
"8935",2025-05-18,41,"Monroe School","Ozone","Union",34.974038917,-80.54062183
"8936",2025-05-19,42,"Monroe School","Ozone","Union",34.974038917,-80.54062183
"8937",2025-05-20,43,"Monroe School","Ozone","Union",34.974038917,-80.54062183
"8938",2025-05-21,41,"Monroe School","Ozone","Union",34.974038917,-80.54062183
"8939",2025-05-22,50,"Monroe School","Ozone","Union",34.974038917,-80.54062183
"8940",2025-05-23,49,"Monroe School","Ozone","Union",34.974038917,-80.54062183
"8941",2025-05-24,44,"Monroe School","Ozone","Union",34.974038917,-80.54062183
"8942",2025-05-25,35,"Monroe School","Ozone","Union",34.974038917,-80.54062183
"8943",2025-05-26,32,"Monroe School","Ozone","Union",34.974038917,-80.54062183
"8944",2025-05-27,23,"Monroe School","Ozone","Union",34.974038917,-80.54062183
"8945",2025-05-28,26,"Monroe School","Ozone","Union",34.974038917,-80.54062183
"8946",2025-05-29,29,"Monroe School","Ozone","Union",34.974038917,-80.54062183
"8947",2025-05-30,35,"Monroe School","Ozone","Union",34.974038917,-80.54062183
"8948",2025-05-31,46,"Monroe School","Ozone","Union",34.974038917,-80.54062183
"8949",2025-06-01,51,"Monroe School","Ozone","Union",34.974038917,-80.54062183
"8950",2025-06-02,45,"Monroe School","Ozone","Union",34.974038917,-80.54062183
"8951",2025-06-03,51,"Monroe School","Ozone","Union",34.974038917,-80.54062183
"8952",2025-06-04,49,"Monroe School","Ozone","Union",34.974038917,-80.54062183
"8953",2025-06-05,23,"Monroe School","Ozone","Union",34.974038917,-80.54062183
"8954",2025-06-06,44,"Monroe School","Ozone","Union",34.974038917,-80.54062183
"8955",2025-06-07,38,"Monroe School","Ozone","Union",34.974038917,-80.54062183
"8956",2025-06-08,35,"Monroe School","Ozone","Union",34.974038917,-80.54062183
"8957",2025-06-09,43,"Monroe School","Ozone","Union",34.974038917,-80.54062183
"8958",2025-06-10,30,"Monroe School","Ozone","Union",34.974038917,-80.54062183
"8959",2025-06-11,47,"Monroe School","Ozone","Union",34.974038917,-80.54062183
"8960",2025-06-12,33,"Monroe School","Ozone","Union",34.974038917,-80.54062183
"8961",2025-06-13,27,"Monroe School","Ozone","Union",34.974038917,-80.54062183
"8962",2025-06-14,26,"Monroe School","Ozone","Union",34.974038917,-80.54062183
"8963",2025-06-15,25,"Monroe School","Ozone","Union",34.974038917,-80.54062183
"8964",2025-06-16,27,"Monroe School","Ozone","Union",34.974038917,-80.54062183
"8965",2025-06-17,27,"Monroe School","Ozone","Union",34.974038917,-80.54062183
"8966",2025-06-18,26,"Monroe School","Ozone","Union",34.974038917,-80.54062183
"8967",2025-06-19,26,"Monroe School","Ozone","Union",34.974038917,-80.54062183
"8968",2025-06-20,48,"Monroe School","Ozone","Union",34.974038917,-80.54062183
"8969",2025-06-21,49,"Monroe School","Ozone","Union",34.974038917,-80.54062183
"8970",2025-06-22,48,"Monroe School","Ozone","Union",34.974038917,-80.54062183
"8971",2025-06-23,71,"Monroe School","Ozone","Union",34.974038917,-80.54062183
"8972",2025-06-24,46,"Monroe School","Ozone","Union",34.974038917,-80.54062183
"8973",2025-06-25,90,"Monroe School","Ozone","Union",34.974038917,-80.54062183
"8974",2025-06-26,47,"Monroe School","Ozone","Union",34.974038917,-80.54062183
"8975",2025-06-27,47,"Monroe School","Ozone","Union",34.974038917,-80.54062183
"8976",2025-06-28,39,"Monroe School","Ozone","Union",34.974038917,-80.54062183
"8977",2025-06-29,44,"Monroe School","Ozone","Union",34.974038917,-80.54062183
"8978",2025-06-30,39,"Monroe School","Ozone","Union",34.974038917,-80.54062183
"8979",2025-07-01,36,"Monroe School","Ozone","Union",34.974038917,-80.54062183
"8980",2025-07-02,35,"Monroe School","Ozone","Union",34.974038917,-80.54062183
"8981",2025-07-03,61,"Monroe School","Ozone","Union",34.974038917,-80.54062183
"8982",2025-07-04,47,"Monroe School","Ozone","Union",34.974038917,-80.54062183
"8983",2025-07-05,47,"Monroe School","Ozone","Union",34.974038917,-80.54062183
"8984",2025-07-06,28,"Monroe School","Ozone","Union",34.974038917,-80.54062183
"8985",2025-07-07,42,"Monroe School","Ozone","Union",34.974038917,-80.54062183
"8986",2025-07-08,49,"Monroe School","Ozone","Union",34.974038917,-80.54062183
"8987",2025-07-09,36,"Monroe School","Ozone","Union",34.974038917,-80.54062183
"8988",2025-07-10,39,"Monroe School","Ozone","Union",34.974038917,-80.54062183
"8989",2025-07-11,32,"Monroe School","Ozone","Union",34.974038917,-80.54062183
"8990",2025-07-12,40,"Monroe School","Ozone","Union",34.974038917,-80.54062183
"8991",2025-07-13,43,"Monroe School","Ozone","Union",34.974038917,-80.54062183
"8992",2025-07-14,46,"Monroe School","Ozone","Union",34.974038917,-80.54062183
"8993",2025-07-15,35,"Monroe School","Ozone","Union",34.974038917,-80.54062183
"8994",2025-07-16,34,"Monroe School","Ozone","Union",34.974038917,-80.54062183
"8995",2025-07-17,32,"Monroe School","Ozone","Union",34.974038917,-80.54062183
"8996",2025-07-18,31,"Monroe School","Ozone","Union",34.974038917,-80.54062183
"8997",2025-07-19,36,"Monroe School","Ozone","Union",34.974038917,-80.54062183
"8998",2025-07-20,40,"Monroe School","Ozone","Union",34.974038917,-80.54062183
"8999",2025-07-21,51,"Monroe School","Ozone","Union",34.974038917,-80.54062183
"9000",2025-07-22,36,"Monroe School","Ozone","Union",34.974038917,-80.54062183
"9001",2025-07-23,47,"Monroe School","Ozone","Union",34.974038917,-80.54062183
"9002",2025-07-24,38,"Monroe School","Ozone","Union",34.974038917,-80.54062183
"9003",2025-07-25,37,"Monroe School","Ozone","Union",34.974038917,-80.54062183
"9004",2025-07-26,43,"Monroe School","Ozone","Union",34.974038917,-80.54062183
"9005",2025-07-27,45,"Monroe School","Ozone","Union",34.974038917,-80.54062183
"9006",2025-07-28,50,"Monroe School","Ozone","Union",34.974038917,-80.54062183
"9007",2025-07-29,44,"Monroe School","Ozone","Union",34.974038917,-80.54062183
"9008",2025-07-30,41,"Monroe School","Ozone","Union",34.974038917,-80.54062183
"9009",2025-07-31,41,"Monroe School","Ozone","Union",34.974038917,-80.54062183
"9010",2025-08-01,37,"Monroe School","Ozone","Union",34.974038917,-80.54062183
"9011",2025-08-02,22,"Monroe School","Ozone","Union",34.974038917,-80.54062183
"9012",2025-08-03,34,"Monroe School","Ozone","Union",34.974038917,-80.54062183
"9013",2025-08-04,36,"Monroe School","Ozone","Union",34.974038917,-80.54062183
"9014",2025-08-05,31,"Monroe School","Ozone","Union",34.974038917,-80.54062183
"9015",2025-08-06,24,"Monroe School","Ozone","Union",34.974038917,-80.54062183
"9016",2025-08-07,28,"Monroe School","Ozone","Union",34.974038917,-80.54062183
"9017",2025-08-08,28,"Monroe School","Ozone","Union",34.974038917,-80.54062183
"9018",2025-08-09,31,"Monroe School","Ozone","Union",34.974038917,-80.54062183
"9019",2025-08-10,25,"Monroe School","Ozone","Union",34.974038917,-80.54062183
"9020",2025-08-11,19,"Monroe School","Ozone","Union",34.974038917,-80.54062183
"9021",2025-08-12,20,"Monroe School","Ozone","Union",34.974038917,-80.54062183
"9022",2025-08-13,20,"Monroe School","Ozone","Union",34.974038917,-80.54062183
"9023",2025-08-14,21,"Monroe School","Ozone","Union",34.974038917,-80.54062183
"9024",2025-08-15,38,"Monroe School","Ozone","Union",34.974038917,-80.54062183
"9025",2025-08-16,39,"Monroe School","Ozone","Union",34.974038917,-80.54062183
"9026",2025-08-17,36,"Monroe School","Ozone","Union",34.974038917,-80.54062183
"9027",2025-08-18,41,"Monroe School","Ozone","Union",34.974038917,-80.54062183
"9028",2025-08-19,32,"Monroe School","Ozone","Union",34.974038917,-80.54062183
"9029",2025-08-20,31,"Monroe School","Ozone","Union",34.974038917,-80.54062183
"9030",2025-08-21,36,"Monroe School","Ozone","Union",34.974038917,-80.54062183
"9031",2025-08-22,26,"Monroe School","Ozone","Union",34.974038917,-80.54062183
"9032",2025-08-23,33,"Monroe School","Ozone","Union",34.974038917,-80.54062183
"9033",2025-08-24,44,"Monroe School","Ozone","Union",34.974038917,-80.54062183
"9034",2025-08-25,47,"Monroe School","Ozone","Union",34.974038917,-80.54062183
"9035",2025-08-26,43,"Monroe School","Ozone","Union",34.974038917,-80.54062183
"9036",2025-08-27,44,"Monroe School","Ozone","Union",34.974038917,-80.54062183
"9037",2025-08-28,41,"Monroe School","Ozone","Union",34.974038917,-80.54062183
"9038",2025-08-29,71,"Monroe School","Ozone","Union",34.974038917,-80.54062183
"9039",2025-08-30,44,"Monroe School","Ozone","Union",34.974038917,-80.54062183
"9040",2025-08-31,38,"Monroe School","Ozone","Union",34.974038917,-80.54062183
"9041",2025-09-01,37,"Monroe School","Ozone","Union",34.974038917,-80.54062183
"9042",2025-09-02,40,"Monroe School","Ozone","Union",34.974038917,-80.54062183
"9043",2025-09-03,61,"Monroe School","Ozone","Union",34.974038917,-80.54062183
"9044",2025-09-04,40,"Monroe School","Ozone","Union",34.974038917,-80.54062183
"9045",2025-09-05,43,"Monroe School","Ozone","Union",34.974038917,-80.54062183
"9046",2025-09-06,37,"Monroe School","Ozone","Union",34.974038917,-80.54062183
"9047",2025-09-07,28,"Monroe School","Ozone","Union",34.974038917,-80.54062183
"9048",2025-09-08,39,"Monroe School","Ozone","Union",34.974038917,-80.54062183
"9049",2025-09-09,46,"Monroe School","Ozone","Union",34.974038917,-80.54062183
"9050",2025-09-10,41,"Monroe School","Ozone","Union",34.974038917,-80.54062183
"9051",2025-09-11,45,"Monroe School","Ozone","Union",34.974038917,-80.54062183
"9052",2025-09-12,45,"Monroe School","Ozone","Union",34.974038917,-80.54062183
"9053",2025-09-13,43,"Monroe School","Ozone","Union",34.974038917,-80.54062183
"9054",2025-09-14,48,"Monroe School","Ozone","Union",34.974038917,-80.54062183
"9055",2025-09-15,49,"Monroe School","Ozone","Union",34.974038917,-80.54062183
"9056",2025-09-16,46,"Monroe School","Ozone","Union",34.974038917,-80.54062183
"9057",2025-09-17,49,"Monroe School","Ozone","Union",34.974038917,-80.54062183
"9058",2025-09-18,51,"Monroe School","Ozone","Union",34.974038917,-80.54062183
"9059",2025-09-19,58,"Monroe School","Ozone","Union",34.974038917,-80.54062183
"9060",2025-09-20,58,"Monroe School","Ozone","Union",34.974038917,-80.54062183
"9061",2025-09-21,49,"Monroe School","Ozone","Union",34.974038917,-80.54062183
"9062",2025-09-22,42,"Monroe School","Ozone","Union",34.974038917,-80.54062183
"9063",2025-09-23,49,"Monroe School","Ozone","Union",34.974038917,-80.54062183
"9064",2025-09-24,41,"Monroe School","Ozone","Union",34.974038917,-80.54062183
"9065",2025-09-25,34,"Monroe School","Ozone","Union",34.974038917,-80.54062183
"9066",2025-09-26,28,"Monroe School","Ozone","Union",34.974038917,-80.54062183
"9067",2025-09-27,36,"Monroe School","Ozone","Union",34.974038917,-80.54062183
"9068",2025-09-28,30,"Monroe School","Ozone","Union",34.974038917,-80.54062183
"9069",2025-09-29,25,"Monroe School","Ozone","Union",34.974038917,-80.54062183
"9070",2025-09-30,41,"Monroe School","Ozone","Union",34.974038917,-80.54062183
"9071",2025-10-01,41,"Monroe School","Ozone","Union",34.974038917,-80.54062183
"9072",2025-10-02,31,"Monroe School","Ozone","Union",34.974038917,-80.54062183
"9073",2025-10-03,31,"Monroe School","Ozone","Union",34.974038917,-80.54062183
"9074",2025-10-04,32,"Monroe School","Ozone","Union",34.974038917,-80.54062183
"9075",2025-10-05,31,"Monroe School","Ozone","Union",34.974038917,-80.54062183
"9076",2025-10-06,30,"Monroe School","Ozone","Union",34.974038917,-80.54062183
"9077",2025-10-07,29,"Monroe School","Ozone","Union",34.974038917,-80.54062183
"9078",2025-10-08,31,"Monroe School","Ozone","Union",34.974038917,-80.54062183
"9079",2025-10-09,39,"Monroe School","Ozone","Union",34.974038917,-80.54062183
"9080",2025-10-10,32,"Monroe School","Ozone","Union",34.974038917,-80.54062183
"9081",2025-10-11,30,"Monroe School","Ozone","Union",34.974038917,-80.54062183
"9082",2025-10-12,27,"Monroe School","Ozone","Union",34.974038917,-80.54062183
"9083",2025-10-13,35,"Monroe School","Ozone","Union",34.974038917,-80.54062183
"9084",2025-10-14,40,"Monroe School","Ozone","Union",34.974038917,-80.54062183
"9085",2025-10-15,42,"Monroe School","Ozone","Union",34.974038917,-80.54062183
"9086",2025-10-16,41,"Monroe School","Ozone","Union",34.974038917,-80.54062183
"9087",2025-10-17,43,"Monroe School","Ozone","Union",34.974038917,-80.54062183
"9088",2025-10-18,42,"Monroe School","Ozone","Union",34.974038917,-80.54062183
"9089",2025-10-19,38,"Monroe School","Ozone","Union",34.974038917,-80.54062183
"9090",2025-10-20,36,"Monroe School","Ozone","Union",34.974038917,-80.54062183
"9091",2025-10-21,42,"Monroe School","Ozone","Union",34.974038917,-80.54062183
"9092",2025-10-22,40,"Monroe School","Ozone","Union",34.974038917,-80.54062183
"9093",2025-10-23,39,"Monroe School","Ozone","Union",34.974038917,-80.54062183
"9094",2025-10-24,39,"Monroe School","Ozone","Union",34.974038917,-80.54062183
"9095",2025-10-25,31,"Monroe School","Ozone","Union",34.974038917,-80.54062183
"9096",2025-10-26,32,"Monroe School","Ozone","Union",34.974038917,-80.54062183
"9097",2025-10-27,29,"Monroe School","Ozone","Union",34.974038917,-80.54062183
"9098",2025-10-28,27,"Monroe School","Ozone","Union",34.974038917,-80.54062183
"9099",2025-10-29,13,"Monroe School","Ozone","Union",34.974038917,-80.54062183
"9100",2025-10-30,25,"Monroe School","Ozone","Union",34.974038917,-80.54062183
"9101",2025-10-31,35,"Monroe School","Ozone","Union",34.974038917,-80.54062183
"9102",2025-11-01,35,"Monroe School","Ozone","Union",34.974038917,-80.54062183
"9103",2025-11-02,31,"Monroe School","Ozone","Union",34.974038917,-80.54062183
"9104",2025-01-01,31,"Millbrook School","Ozone","Wake",35.856111,-78.574167
"9105",2025-01-02,29,"Millbrook School","Ozone","Wake",35.856111,-78.574167
"9106",2025-01-03,31,"Millbrook School","Ozone","Wake",35.856111,-78.574167
"9107",2025-01-04,29,"Millbrook School","Ozone","Wake",35.856111,-78.574167
"9108",2025-01-05,33,"Millbrook School","Ozone","Wake",35.856111,-78.574167
"9109",2025-01-06,24,"Millbrook School","Ozone","Wake",35.856111,-78.574167
"9110",2025-01-07,29,"Millbrook School","Ozone","Wake",35.856111,-78.574167
"9111",2025-01-08,31,"Millbrook School","Ozone","Wake",35.856111,-78.574167
"9112",2025-01-09,33,"Millbrook School","Ozone","Wake",35.856111,-78.574167
"9113",2025-01-10,25,"Millbrook School","Ozone","Wake",35.856111,-78.574167
"9114",2025-01-11,31,"Millbrook School","Ozone","Wake",35.856111,-78.574167
"9115",2025-01-12,30,"Millbrook School","Ozone","Wake",35.856111,-78.574167
"9116",2025-01-13,30,"Millbrook School","Ozone","Wake",35.856111,-78.574167
"9117",2025-01-14,35,"Millbrook School","Ozone","Wake",35.856111,-78.574167
"9118",2025-01-15,31,"Millbrook School","Ozone","Wake",35.856111,-78.574167
"9119",2025-01-16,33,"Millbrook School","Ozone","Wake",35.856111,-78.574167
"9120",2025-01-17,33,"Millbrook School","Ozone","Wake",35.856111,-78.574167
"9121",2025-01-18,24,"Millbrook School","Ozone","Wake",35.856111,-78.574167
"9122",2025-01-19,30,"Millbrook School","Ozone","Wake",35.856111,-78.574167
"9123",2025-01-20,34,"Millbrook School","Ozone","Wake",35.856111,-78.574167
"9124",2025-01-21,31,"Millbrook School","Ozone","Wake",35.856111,-78.574167
"9125",2025-01-22,31,"Millbrook School","Ozone","Wake",35.856111,-78.574167
"9126",2025-01-23,28,"Millbrook School","Ozone","Wake",35.856111,-78.574167
"9127",2025-01-24,34,"Millbrook School","Ozone","Wake",35.856111,-78.574167
"9128",2025-01-25,33,"Millbrook School","Ozone","Wake",35.856111,-78.574167
"9129",2025-01-26,39,"Millbrook School","Ozone","Wake",35.856111,-78.574167
"9130",2025-01-27,30,"Millbrook School","Ozone","Wake",35.856111,-78.574167
"9131",2025-01-28,36,"Millbrook School","Ozone","Wake",35.856111,-78.574167
"9132",2025-01-29,39,"Millbrook School","Ozone","Wake",35.856111,-78.574167
"9133",2025-01-30,39,"Millbrook School","Ozone","Wake",35.856111,-78.574167
"9134",2025-01-31,40,"Millbrook School","Ozone","Wake",35.856111,-78.574167
"9135",2025-02-01,33,"Millbrook School","Ozone","Wake",35.856111,-78.574167
"9136",2025-02-02,32,"Millbrook School","Ozone","Wake",35.856111,-78.574167
"9137",2025-02-03,32,"Millbrook School","Ozone","Wake",35.856111,-78.574167
"9138",2025-02-04,41,"Millbrook School","Ozone","Wake",35.856111,-78.574167
"9139",2025-02-05,31,"Millbrook School","Ozone","Wake",35.856111,-78.574167
"9140",2025-02-06,19,"Millbrook School","Ozone","Wake",35.856111,-78.574167
"9141",2025-02-07,41,"Millbrook School","Ozone","Wake",35.856111,-78.574167
"9142",2025-02-08,25,"Millbrook School","Ozone","Wake",35.856111,-78.574167
"9143",2025-02-09,35,"Millbrook School","Ozone","Wake",35.856111,-78.574167
"9144",2025-02-10,30,"Millbrook School","Ozone","Wake",35.856111,-78.574167
"9145",2025-02-11,29,"Millbrook School","Ozone","Wake",35.856111,-78.574167
"9146",2025-02-12,27,"Millbrook School","Ozone","Wake",35.856111,-78.574167
"9147",2025-02-13,25,"Millbrook School","Ozone","Wake",35.856111,-78.574167
"9148",2025-02-14,34,"Millbrook School","Ozone","Wake",35.856111,-78.574167
"9149",2025-02-15,29,"Millbrook School","Ozone","Wake",35.856111,-78.574167
"9150",2025-02-16,33,"Millbrook School","Ozone","Wake",35.856111,-78.574167
"9151",2025-02-17,38,"Millbrook School","Ozone","Wake",35.856111,-78.574167
"9152",2025-02-18,38,"Millbrook School","Ozone","Wake",35.856111,-78.574167
"9153",2025-02-19,30,"Millbrook School","Ozone","Wake",35.856111,-78.574167
"9154",2025-02-20,35,"Millbrook School","Ozone","Wake",35.856111,-78.574167
"9155",2025-02-21,35,"Millbrook School","Ozone","Wake",35.856111,-78.574167
"9156",2025-02-22,33,"Millbrook School","Ozone","Wake",35.856111,-78.574167
"9157",2025-02-23,41,"Millbrook School","Ozone","Wake",35.856111,-78.574167
"9158",2025-02-24,43,"Millbrook School","Ozone","Wake",35.856111,-78.574167
"9159",2025-02-25,47,"Millbrook School","Ozone","Wake",35.856111,-78.574167
"9160",2025-02-26,42,"Millbrook School","Ozone","Wake",35.856111,-78.574167
"9161",2025-02-27,47,"Millbrook School","Ozone","Wake",35.856111,-78.574167
"9162",2025-02-28,42,"Millbrook School","Ozone","Wake",35.856111,-78.574167
"9163",2025-03-01,48,"Millbrook School","Ozone","Wake",35.856111,-78.574167
"9164",2025-03-02,38,"Millbrook School","Ozone","Wake",35.856111,-78.574167
"9165",2025-03-03,40,"Millbrook School","Ozone","Wake",35.856111,-78.574167
"9166",2025-03-04,40,"Millbrook School","Ozone","Wake",35.856111,-78.574167
"9167",2025-03-05,35,"Millbrook School","Ozone","Wake",35.856111,-78.574167
"9168",2025-03-06,33,"Millbrook School","Ozone","Wake",35.856111,-78.574167
"9169",2025-03-07,34,"Millbrook School","Ozone","Wake",35.856111,-78.574167
"9170",2025-03-08,43,"Millbrook School","Ozone","Wake",35.856111,-78.574167
"9171",2025-03-09,41,"Millbrook School","Ozone","Wake",35.856111,-78.574167
"9172",2025-03-10,39,"Millbrook School","Ozone","Wake",35.856111,-78.574167
"9173",2025-03-11,47,"Millbrook School","Ozone","Wake",35.856111,-78.574167
"9174",2025-03-12,64,"Millbrook School","Ozone","Wake",35.856111,-78.574167
"9175",2025-03-13,49,"Millbrook School","Ozone","Wake",35.856111,-78.574167
"9176",2025-03-14,30,"Millbrook School","Ozone","Wake",35.856111,-78.574167
"9177",2025-03-15,33,"Millbrook School","Ozone","Wake",35.856111,-78.574167
"9178",2025-03-16,31,"Millbrook School","Ozone","Wake",35.856111,-78.574167
"9179",2025-03-17,30,"Millbrook School","Ozone","Wake",35.856111,-78.574167
"9180",2025-03-18,41,"Millbrook School","Ozone","Wake",35.856111,-78.574167
"9181",2025-03-19,58,"Millbrook School","Ozone","Wake",35.856111,-78.574167
"9182",2025-03-20,39,"Millbrook School","Ozone","Wake",35.856111,-78.574167
"9183",2025-03-21,40,"Millbrook School","Ozone","Wake",35.856111,-78.574167
"9184",2025-03-22,47,"Millbrook School","Ozone","Wake",35.856111,-78.574167
"9185",2025-03-23,44,"Millbrook School","Ozone","Wake",35.856111,-78.574167
"9186",2025-03-24,37,"Millbrook School","Ozone","Wake",35.856111,-78.574167
"9187",2025-03-25,45,"Millbrook School","Ozone","Wake",35.856111,-78.574167
"9188",2025-03-26,44,"Millbrook School","Ozone","Wake",35.856111,-78.574167
"9189",2025-03-27,48,"Millbrook School","Ozone","Wake",35.856111,-78.574167
"9190",2025-03-28,58,"Millbrook School","Ozone","Wake",35.856111,-78.574167
"9191",2025-03-29,41,"Millbrook School","Ozone","Wake",35.856111,-78.574167
"9192",2025-03-30,37,"Millbrook School","Ozone","Wake",35.856111,-78.574167
"9193",2025-03-31,31,"Millbrook School","Ozone","Wake",35.856111,-78.574167
"9194",2025-04-01,31,"Millbrook School","Ozone","Wake",35.856111,-78.574167
"9195",2025-04-02,37,"Millbrook School","Ozone","Wake",35.856111,-78.574167
"9196",2025-04-03,31,"Millbrook School","Ozone","Wake",35.856111,-78.574167
"9197",2025-04-04,32,"Millbrook School","Ozone","Wake",35.856111,-78.574167
"9198",2025-04-05,31,"Millbrook School","Ozone","Wake",35.856111,-78.574167
"9199",2025-04-06,36,"Millbrook School","Ozone","Wake",35.856111,-78.574167
"9200",2025-04-07,24,"Millbrook School","Ozone","Wake",35.856111,-78.574167
"9201",2025-04-08,45,"Millbrook School","Ozone","Wake",35.856111,-78.574167
"9202",2025-04-09,44,"Millbrook School","Ozone","Wake",35.856111,-78.574167
"9203",2025-04-10,45,"Millbrook School","Ozone","Wake",35.856111,-78.574167
"9204",2025-04-11,37,"Millbrook School","Ozone","Wake",35.856111,-78.574167
"9205",2025-04-12,36,"Millbrook School","Ozone","Wake",35.856111,-78.574167
"9206",2025-04-13,44,"Millbrook School","Ozone","Wake",35.856111,-78.574167
"9207",2025-04-14,48,"Millbrook School","Ozone","Wake",35.856111,-78.574167
"9208",2025-04-15,44,"Millbrook School","Ozone","Wake",35.856111,-78.574167
"9209",2025-04-16,45,"Millbrook School","Ozone","Wake",35.856111,-78.574167
"9210",2025-04-17,54,"Millbrook School","Ozone","Wake",35.856111,-78.574167
"9211",2025-04-18,51,"Millbrook School","Ozone","Wake",35.856111,-78.574167
"9212",2025-04-19,43,"Millbrook School","Ozone","Wake",35.856111,-78.574167
"9213",2025-04-20,39,"Millbrook School","Ozone","Wake",35.856111,-78.574167
"9214",2025-04-21,46,"Millbrook School","Ozone","Wake",35.856111,-78.574167
"9215",2025-04-22,43,"Millbrook School","Ozone","Wake",35.856111,-78.574167
"9216",2025-04-23,43,"Millbrook School","Ozone","Wake",35.856111,-78.574167
"9217",2025-04-24,51,"Millbrook School","Ozone","Wake",35.856111,-78.574167
"9218",2025-04-25,41,"Millbrook School","Ozone","Wake",35.856111,-78.574167
"9219",2025-04-26,38,"Millbrook School","Ozone","Wake",35.856111,-78.574167
"9220",2025-04-27,44,"Millbrook School","Ozone","Wake",35.856111,-78.574167
"9221",2025-04-28,47,"Millbrook School","Ozone","Wake",35.856111,-78.574167
"9222",2025-04-29,49,"Millbrook School","Ozone","Wake",35.856111,-78.574167
"9223",2025-04-30,42,"Millbrook School","Ozone","Wake",35.856111,-78.574167
"9224",2025-05-01,44,"Millbrook School","Ozone","Wake",35.856111,-78.574167
"9225",2025-05-02,45,"Millbrook School","Ozone","Wake",35.856111,-78.574167
"9226",2025-05-03,39,"Millbrook School","Ozone","Wake",35.856111,-78.574167
"9227",2025-05-04,35,"Millbrook School","Ozone","Wake",35.856111,-78.574167
"9228",2025-05-05,33,"Millbrook School","Ozone","Wake",35.856111,-78.574167
"9229",2025-05-06,44,"Millbrook School","Ozone","Wake",35.856111,-78.574167
"9230",2025-05-07,44,"Millbrook School","Ozone","Wake",35.856111,-78.574167
"9231",2025-05-08,49,"Millbrook School","Ozone","Wake",35.856111,-78.574167
"9232",2025-05-09,44,"Millbrook School","Ozone","Wake",35.856111,-78.574167
"9233",2025-05-10,43,"Millbrook School","Ozone","Wake",35.856111,-78.574167
"9234",2025-05-11,32,"Millbrook School","Ozone","Wake",35.856111,-78.574167
"9235",2025-05-12,25,"Millbrook School","Ozone","Wake",35.856111,-78.574167
"9236",2025-05-13,32,"Millbrook School","Ozone","Wake",35.856111,-78.574167
"9237",2025-05-14,34,"Millbrook School","Ozone","Wake",35.856111,-78.574167
"9238",2025-05-15,39,"Millbrook School","Ozone","Wake",35.856111,-78.574167
"9239",2025-05-16,39,"Millbrook School","Ozone","Wake",35.856111,-78.574167
"9240",2025-05-17,41,"Millbrook School","Ozone","Wake",35.856111,-78.574167
"9241",2025-05-18,44,"Millbrook School","Ozone","Wake",35.856111,-78.574167
"9242",2025-05-19,49,"Millbrook School","Ozone","Wake",35.856111,-78.574167
"9243",2025-05-20,47,"Millbrook School","Ozone","Wake",35.856111,-78.574167
"9244",2025-05-21,32,"Millbrook School","Ozone","Wake",35.856111,-78.574167
"9245",2025-05-22,47,"Millbrook School","Ozone","Wake",35.856111,-78.574167
"9246",2025-05-23,42,"Millbrook School","Ozone","Wake",35.856111,-78.574167
"9247",2025-05-24,45,"Millbrook School","Ozone","Wake",35.856111,-78.574167
"9248",2025-05-25,41,"Millbrook School","Ozone","Wake",35.856111,-78.574167
"9249",2025-05-26,31,"Millbrook School","Ozone","Wake",35.856111,-78.574167
"9250",2025-05-27,25,"Millbrook School","Ozone","Wake",35.856111,-78.574167
"9251",2025-05-28,24,"Millbrook School","Ozone","Wake",35.856111,-78.574167
"9252",2025-05-29,31,"Millbrook School","Ozone","Wake",35.856111,-78.574167
"9253",2025-05-30,34,"Millbrook School","Ozone","Wake",35.856111,-78.574167
"9254",2025-05-31,44,"Millbrook School","Ozone","Wake",35.856111,-78.574167
"9255",2025-06-01,45,"Millbrook School","Ozone","Wake",35.856111,-78.574167
"9256",2025-06-02,44,"Millbrook School","Ozone","Wake",35.856111,-78.574167
"9257",2025-06-03,58,"Millbrook School","Ozone","Wake",35.856111,-78.574167
"9258",2025-06-04,54,"Millbrook School","Ozone","Wake",35.856111,-78.574167
"9259",2025-06-05,20,"Millbrook School","Ozone","Wake",35.856111,-78.574167
"9260",2025-06-06,41,"Millbrook School","Ozone","Wake",35.856111,-78.574167
"9261",2025-06-07,35,"Millbrook School","Ozone","Wake",35.856111,-78.574167
"9262",2025-06-08,32,"Millbrook School","Ozone","Wake",35.856111,-78.574167
"9263",2025-06-09,44,"Millbrook School","Ozone","Wake",35.856111,-78.574167
"9264",2025-06-10,33,"Millbrook School","Ozone","Wake",35.856111,-78.574167
"9265",2025-06-11,43,"Millbrook School","Ozone","Wake",35.856111,-78.574167
"9266",2025-06-12,40,"Millbrook School","Ozone","Wake",35.856111,-78.574167
"9267",2025-06-13,21,"Millbrook School","Ozone","Wake",35.856111,-78.574167
"9268",2025-06-14,28,"Millbrook School","Ozone","Wake",35.856111,-78.574167
"9269",2025-06-15,25,"Millbrook School","Ozone","Wake",35.856111,-78.574167
"9270",2025-06-16,31,"Millbrook School","Ozone","Wake",35.856111,-78.574167
"9271",2025-06-17,32,"Millbrook School","Ozone","Wake",35.856111,-78.574167
"9272",2025-06-18,31,"Millbrook School","Ozone","Wake",35.856111,-78.574167
"9273",2025-06-19,31,"Millbrook School","Ozone","Wake",35.856111,-78.574167
"9274",2025-06-20,44,"Millbrook School","Ozone","Wake",35.856111,-78.574167
"9275",2025-06-21,46,"Millbrook School","Ozone","Wake",35.856111,-78.574167
"9276",2025-06-22,47,"Millbrook School","Ozone","Wake",35.856111,-78.574167
"9277",2025-06-23,45,"Millbrook School","Ozone","Wake",35.856111,-78.574167
"9278",2025-06-24,37,"Millbrook School","Ozone","Wake",35.856111,-78.574167
"9279",2025-06-25,47,"Millbrook School","Ozone","Wake",35.856111,-78.574167
"9280",2025-06-26,64,"Millbrook School","Ozone","Wake",35.856111,-78.574167
"9281",2025-06-27,58,"Millbrook School","Ozone","Wake",35.856111,-78.574167
"9282",2025-06-28,42,"Millbrook School","Ozone","Wake",35.856111,-78.574167
"9283",2025-06-29,40,"Millbrook School","Ozone","Wake",35.856111,-78.574167
"9284",2025-06-30,37,"Millbrook School","Ozone","Wake",35.856111,-78.574167
"9285",2025-07-01,37,"Millbrook School","Ozone","Wake",35.856111,-78.574167
"9286",2025-07-02,25,"Millbrook School","Ozone","Wake",35.856111,-78.574167
"9287",2025-07-03,44,"Millbrook School","Ozone","Wake",35.856111,-78.574167
"9288",2025-07-04,47,"Millbrook School","Ozone","Wake",35.856111,-78.574167
"9289",2025-07-05,46,"Millbrook School","Ozone","Wake",35.856111,-78.574167
"9290",2025-07-06,22,"Millbrook School","Ozone","Wake",35.856111,-78.574167
"9291",2025-07-07,33,"Millbrook School","Ozone","Wake",35.856111,-78.574167
"9292",2025-07-08,41,"Millbrook School","Ozone","Wake",35.856111,-78.574167
"9293",2025-07-09,34,"Millbrook School","Ozone","Wake",35.856111,-78.574167
"9294",2025-07-10,39,"Millbrook School","Ozone","Wake",35.856111,-78.574167
"9295",2025-07-11,46,"Millbrook School","Ozone","Wake",35.856111,-78.574167
"9296",2025-07-12,41,"Millbrook School","Ozone","Wake",35.856111,-78.574167
"9297",2025-07-13,31,"Millbrook School","Ozone","Wake",35.856111,-78.574167
"9298",2025-07-14,40,"Millbrook School","Ozone","Wake",35.856111,-78.574167
"9299",2025-07-15,31,"Millbrook School","Ozone","Wake",35.856111,-78.574167
"9300",2025-07-16,33,"Millbrook School","Ozone","Wake",35.856111,-78.574167
"9301",2025-07-17,30,"Millbrook School","Ozone","Wake",35.856111,-78.574167
"9302",2025-07-18,37,"Millbrook School","Ozone","Wake",35.856111,-78.574167
"9303",2025-07-19,31,"Millbrook School","Ozone","Wake",35.856111,-78.574167
"9304",2025-07-20,34,"Millbrook School","Ozone","Wake",35.856111,-78.574167
"9305",2025-07-21,36,"Millbrook School","Ozone","Wake",35.856111,-78.574167
"9306",2025-07-22,44,"Millbrook School","Ozone","Wake",35.856111,-78.574167
"9307",2025-07-23,41,"Millbrook School","Ozone","Wake",35.856111,-78.574167
"9308",2025-07-24,38,"Millbrook School","Ozone","Wake",35.856111,-78.574167
"9309",2025-07-25,42,"Millbrook School","Ozone","Wake",35.856111,-78.574167
"9310",2025-07-26,38,"Millbrook School","Ozone","Wake",35.856111,-78.574167
"9311",2025-07-27,35,"Millbrook School","Ozone","Wake",35.856111,-78.574167
"9312",2025-07-28,36,"Millbrook School","Ozone","Wake",35.856111,-78.574167
"9313",2025-07-29,42,"Millbrook School","Ozone","Wake",35.856111,-78.574167
"9314",2025-07-30,44,"Millbrook School","Ozone","Wake",35.856111,-78.574167
"9315",2025-07-31,41,"Millbrook School","Ozone","Wake",35.856111,-78.574167
"9316",2025-08-01,31,"Millbrook School","Ozone","Wake",35.856111,-78.574167
"9317",2025-08-02,29,"Millbrook School","Ozone","Wake",35.856111,-78.574167
"9318",2025-08-03,38,"Millbrook School","Ozone","Wake",35.856111,-78.574167
"9319",2025-08-04,41,"Millbrook School","Ozone","Wake",35.856111,-78.574167
"9320",2025-08-05,29,"Millbrook School","Ozone","Wake",35.856111,-78.574167
"9321",2025-08-06,31,"Millbrook School","Ozone","Wake",35.856111,-78.574167
"9322",2025-08-07,28,"Millbrook School","Ozone","Wake",35.856111,-78.574167
"9323",2025-08-08,30,"Millbrook School","Ozone","Wake",35.856111,-78.574167
"9324",2025-08-09,32,"Millbrook School","Ozone","Wake",35.856111,-78.574167
"9325",2025-08-10,28,"Millbrook School","Ozone","Wake",35.856111,-78.574167
"9326",2025-08-11,19,"Millbrook School","Ozone","Wake",35.856111,-78.574167
"9327",2025-08-12,15,"Millbrook School","Ozone","Wake",35.856111,-78.574167
"9328",2025-08-13,22,"Millbrook School","Ozone","Wake",35.856111,-78.574167
"9329",2025-08-14,27,"Millbrook School","Ozone","Wake",35.856111,-78.574167
"9330",2025-08-15,36,"Millbrook School","Ozone","Wake",35.856111,-78.574167
"9331",2025-08-16,30,"Millbrook School","Ozone","Wake",35.856111,-78.574167
"9332",2025-08-17,39,"Millbrook School","Ozone","Wake",35.856111,-78.574167
"9333",2025-08-18,38,"Millbrook School","Ozone","Wake",35.856111,-78.574167
"9334",2025-08-19,22,"Millbrook School","Ozone","Wake",35.856111,-78.574167
"9335",2025-08-20,24,"Millbrook School","Ozone","Wake",35.856111,-78.574167
"9336",2025-08-21,24,"Millbrook School","Ozone","Wake",35.856111,-78.574167
"9337",2025-08-22,28,"Millbrook School","Ozone","Wake",35.856111,-78.574167
"9338",2025-08-23,34,"Millbrook School","Ozone","Wake",35.856111,-78.574167
"9339",2025-08-24,28,"Millbrook School","Ozone","Wake",35.856111,-78.574167
"9340",2025-08-25,38,"Millbrook School","Ozone","Wake",35.856111,-78.574167
"9341",2025-08-26,36,"Millbrook School","Ozone","Wake",35.856111,-78.574167
"9342",2025-08-27,39,"Millbrook School","Ozone","Wake",35.856111,-78.574167
"9343",2025-08-28,44,"Millbrook School","Ozone","Wake",35.856111,-78.574167
"9344",2025-08-29,43,"Millbrook School","Ozone","Wake",35.856111,-78.574167
"9345",2025-08-30,39,"Millbrook School","Ozone","Wake",35.856111,-78.574167
"9346",2025-08-31,38,"Millbrook School","Ozone","Wake",35.856111,-78.574167
"9347",2025-09-01,31,"Millbrook School","Ozone","Wake",35.856111,-78.574167
"9348",2025-09-02,35,"Millbrook School","Ozone","Wake",35.856111,-78.574167
"9349",2025-09-03,44,"Millbrook School","Ozone","Wake",35.856111,-78.574167
"9350",2025-09-04,44,"Millbrook School","Ozone","Wake",35.856111,-78.574167
"9351",2025-09-05,43,"Millbrook School","Ozone","Wake",35.856111,-78.574167
"9352",2025-09-06,41,"Millbrook School","Ozone","Wake",35.856111,-78.574167
"9353",2025-09-07,22,"Millbrook School","Ozone","Wake",35.856111,-78.574167
"9354",2025-09-08,38,"Millbrook School","Ozone","Wake",35.856111,-78.574167
"9355",2025-09-09,32,"Millbrook School","Ozone","Wake",35.856111,-78.574167
"9356",2025-09-10,20,"Millbrook School","Ozone","Wake",35.856111,-78.574167
"9357",2025-09-11,28,"Millbrook School","Ozone","Wake",35.856111,-78.574167
"9358",2025-09-12,44,"Millbrook School","Ozone","Wake",35.856111,-78.574167
"9359",2025-09-13,42,"Millbrook School","Ozone","Wake",35.856111,-78.574167
"9360",2025-09-14,39,"Millbrook School","Ozone","Wake",35.856111,-78.574167
"9361",2025-09-15,42,"Millbrook School","Ozone","Wake",35.856111,-78.574167
"9362",2025-09-16,35,"Millbrook School","Ozone","Wake",35.856111,-78.574167
"9363",2025-09-17,27,"Millbrook School","Ozone","Wake",35.856111,-78.574167
"9364",2025-09-18,33,"Millbrook School","Ozone","Wake",35.856111,-78.574167
"9365",2025-09-19,67,"Millbrook School","Ozone","Wake",35.856111,-78.574167
"9366",2025-09-20,47,"Millbrook School","Ozone","Wake",35.856111,-78.574167
"9367",2025-09-21,43,"Millbrook School","Ozone","Wake",35.856111,-78.574167
"9368",2025-09-22,42,"Millbrook School","Ozone","Wake",35.856111,-78.574167
"9369",2025-09-23,48,"Millbrook School","Ozone","Wake",35.856111,-78.574167
"9370",2025-09-24,43,"Millbrook School","Ozone","Wake",35.856111,-78.574167
"9371",2025-09-25,34,"Millbrook School","Ozone","Wake",35.856111,-78.574167
"9372",2025-09-26,37,"Millbrook School","Ozone","Wake",35.856111,-78.574167
"9373",2025-09-27,30,"Millbrook School","Ozone","Wake",35.856111,-78.574167
"9374",2025-09-28,35,"Millbrook School","Ozone","Wake",35.856111,-78.574167
"9375",2025-09-29,23,"Millbrook School","Ozone","Wake",35.856111,-78.574167
"9376",2025-09-30,29,"Millbrook School","Ozone","Wake",35.856111,-78.574167
"9377",2025-10-01,31,"Millbrook School","Ozone","Wake",35.856111,-78.574167
"9378",2025-10-02,31,"Millbrook School","Ozone","Wake",35.856111,-78.574167
"9379",2025-10-03,31,"Millbrook School","Ozone","Wake",35.856111,-78.574167
"9380",2025-10-04,35,"Millbrook School","Ozone","Wake",35.856111,-78.574167
"9381",2025-10-05,31,"Millbrook School","Ozone","Wake",35.856111,-78.574167
"9382",2025-10-06,35,"Millbrook School","Ozone","Wake",35.856111,-78.574167
"9383",2025-10-07,31,"Millbrook School","Ozone","Wake",35.856111,-78.574167
"9384",2025-10-08,30,"Millbrook School","Ozone","Wake",35.856111,-78.574167
"9385",2025-10-09,35,"Millbrook School","Ozone","Wake",35.856111,-78.574167
"9386",2025-10-10,34,"Millbrook School","Ozone","Wake",35.856111,-78.574167
"9387",2025-10-11,23,"Millbrook School","Ozone","Wake",35.856111,-78.574167
"9388",2025-10-12,25,"Millbrook School","Ozone","Wake",35.856111,-78.574167
"9389",2025-10-13,25,"Millbrook School","Ozone","Wake",35.856111,-78.574167
"9390",2025-10-14,22,"Millbrook School","Ozone","Wake",35.856111,-78.574167
"9391",2025-10-15,37,"Millbrook School","Ozone","Wake",35.856111,-78.574167
"9392",2025-10-16,33,"Millbrook School","Ozone","Wake",35.856111,-78.574167
"9393",2025-10-17,33,"Millbrook School","Ozone","Wake",35.856111,-78.574167
"9394",2025-10-18,41,"Millbrook School","Ozone","Wake",35.856111,-78.574167
"9395",2025-10-19,39,"Millbrook School","Ozone","Wake",35.856111,-78.574167
"9396",2025-10-20,33,"Millbrook School","Ozone","Wake",35.856111,-78.574167
"9397",2025-10-21,43,"Millbrook School","Ozone","Wake",35.856111,-78.574167
"9398",2025-10-22,38,"Millbrook School","Ozone","Wake",35.856111,-78.574167
"9399",2025-10-23,37,"Millbrook School","Ozone","Wake",35.856111,-78.574167
"9400",2025-10-24,36,"Millbrook School","Ozone","Wake",35.856111,-78.574167
"9401",2025-10-25,34,"Millbrook School","Ozone","Wake",35.856111,-78.574167
"9402",2025-10-26,31,"Millbrook School","Ozone","Wake",35.856111,-78.574167
"9403",2025-10-27,31,"Millbrook School","Ozone","Wake",35.856111,-78.574167
"9404",2025-10-28,23,"Millbrook School","Ozone","Wake",35.856111,-78.574167
"9405",2025-10-29,14,"Millbrook School","Ozone","Wake",35.856111,-78.574167
"9406",2025-10-30,21,"Millbrook School","Ozone","Wake",35.856111,-78.574167
"9407",2025-10-31,34,"Millbrook School","Ozone","Wake",35.856111,-78.574167
"9408",2025-11-01,33,"Millbrook School","Ozone","Wake",35.856111,-78.574167
"9409",2025-11-02,34,"Millbrook School","Ozone","Wake",35.856111,-78.574167
"9410",2025-11-03,33,"Millbrook School","Ozone","Wake",35.856111,-78.574167
"9411",2025-11-04,33,"Millbrook School","Ozone","Wake",35.856111,-78.574167
"9412",2025-11-05,36,"Millbrook School","Ozone","Wake",35.856111,-78.574167
"9413",2025-11-06,39,"Millbrook School","Ozone","Wake",35.856111,-78.574167
"9414",2025-11-07,34,"Millbrook School","Ozone","Wake",35.856111,-78.574167
"9415",2025-11-08,37,"Millbrook School","Ozone","Wake",35.856111,-78.574167
"9416",2025-11-09,29,"Millbrook School","Ozone","Wake",35.856111,-78.574167
"9417",2025-11-10,26,"Millbrook School","Ozone","Wake",35.856111,-78.574167
"9418",2025-11-11,29,"Millbrook School","Ozone","Wake",35.856111,-78.574167
"9419",2025-11-12,33,"Millbrook School","Ozone","Wake",35.856111,-78.574167
"9420",2025-11-13,36,"Millbrook School","Ozone","Wake",35.856111,-78.574167
"9421",2025-11-14,34,"Millbrook School","Ozone","Wake",35.856111,-78.574167
"9422",2025-11-15,40,"Millbrook School","Ozone","Wake",35.856111,-78.574167
"9423",2025-11-16,38,"Millbrook School","Ozone","Wake",35.856111,-78.574167
"9424",2025-11-17,36,"Millbrook School","Ozone","Wake",35.856111,-78.574167
"9425",2025-11-18,34,"Millbrook School","Ozone","Wake",35.856111,-78.574167
"9426",2025-11-19,36,"Millbrook School","Ozone","Wake",35.856111,-78.574167
"9427",2025-11-20,25,"Millbrook School","Ozone","Wake",35.856111,-78.574167
"9428",2025-11-21,12,"Millbrook School","Ozone","Wake",35.856111,-78.574167
"9429",2025-11-22,27,"Millbrook School","Ozone","Wake",35.856111,-78.574167
"9430",2025-11-23,30,"Millbrook School","Ozone","Wake",35.856111,-78.574167
"9431",2025-11-24,34,"Millbrook School","Ozone","Wake",35.856111,-78.574167
"9432",2025-11-25,32,"Millbrook School","Ozone","Wake",35.856111,-78.574167
"9433",2025-11-26,32,"Millbrook School","Ozone","Wake",35.856111,-78.574167
"9434",2025-11-27,32,"Millbrook School","Ozone","Wake",35.856111,-78.574167
"9435",2025-11-28,31,"Millbrook School","Ozone","Wake",35.856111,-78.574167
"9436",2025-11-29,30,"Millbrook School","Ozone","Wake",35.856111,-78.574167
"9437",2025-11-30,26,"Millbrook School","Ozone","Wake",35.856111,-78.574167
"9438",2025-12-01,27,"Millbrook School","Ozone","Wake",35.856111,-78.574167
"9439",2025-12-04,19,"Millbrook School","Ozone","Wake",35.856111,-78.574167
"9440",2025-12-05,17,"Millbrook School","Ozone","Wake",35.856111,-78.574167
"9441",2025-12-06,9,"Millbrook School","Ozone","Wake",35.856111,-78.574167
"9442",2025-12-07,10,"Millbrook School","Ozone","Wake",35.856111,-78.574167
"9443",2025-12-08,26,"Millbrook School","Ozone","Wake",35.856111,-78.574167
"9444",2025-12-09,26,"Millbrook School","Ozone","Wake",35.856111,-78.574167
"9445",2025-12-10,27,"Millbrook School","Ozone","Wake",35.856111,-78.574167
"9446",2025-12-11,26,"Millbrook School","Ozone","Wake",35.856111,-78.574167
"9447",2025-12-12,22,"Millbrook School","Ozone","Wake",35.856111,-78.574167
"9448",2025-12-13,25,"Millbrook School","Ozone","Wake",35.856111,-78.574167
"9449",2025-12-14,33,"Millbrook School","Ozone","Wake",35.856111,-78.574167
"9450",2025-12-15,27,"Millbrook School","Ozone","Wake",35.856111,-78.574167
"9451",2025-12-16,26,"Millbrook School","Ozone","Wake",35.856111,-78.574167
"9452",2025-12-17,27,"Millbrook School","Ozone","Wake",35.856111,-78.574167
"9453",2025-12-18,26,"Millbrook School","Ozone","Wake",35.856111,-78.574167
"9454",2025-12-19,35,"Millbrook School","Ozone","Wake",35.856111,-78.574167
"9455",2025-12-20,30,"Millbrook School","Ozone","Wake",35.856111,-78.574167
"9456",2025-12-21,33,"Millbrook School","Ozone","Wake",35.856111,-78.574167
"9457",2025-12-22,32,"Millbrook School","Ozone","Wake",35.856111,-78.574167
"9458",2025-12-23,31,"Millbrook School","Ozone","Wake",35.856111,-78.574167
"9459",2025-12-24,33,"Millbrook School","Ozone","Wake",35.856111,-78.574167
"9460",2025-12-25,26,"Millbrook School","Ozone","Wake",35.856111,-78.574167
"9461",2025-12-26,30,"Millbrook School","Ozone","Wake",35.856111,-78.574167
"9462",2025-12-27,24,"Millbrook School","Ozone","Wake",35.856111,-78.574167
"9463",2025-12-28,22,"Millbrook School","Ozone","Wake",35.856111,-78.574167
"9464",2025-12-29,30,"Millbrook School","Ozone","Wake",35.856111,-78.574167
"9465",2025-12-30,27,"Millbrook School","Ozone","Wake",35.856111,-78.574167
"9466",2025-12-31,32,"Millbrook School","Ozone","Wake",35.856111,-78.574167
